arm,s,n,post_a,post_b,q_mean,q_opt,m_mean,m_opt,confirmed,sel_kind,would_differ
6739,0,1,5.695520400766861,2.3044795992331393,0.7119400500958576,0.9262246456405672,35.0,14.0,False,main,True
5728,1,1,6.664912049225755,1.3350879507742444,0.8331140061532194,0.9814704203253662,15.0,8.0,False,main,True
1968,1,1,6.644972879142903,1.3550271208570976,0.8306216098928628,0.980652261337003,15.0,8.0,False,main,True
11853,1,1,6.589907076964628,1.4100929230353723,0.8237383846205785,0.978311804659469,16.0,8.0,False,main,True
10920,1,1,6.748423491194672,1.2515765088053272,0.843552936399334,0.98472255526351,14.0,8.0,False,main,True
10920,2,2,7.748423491194672,1.2515765088053272,0.8609359434660747,0.9866513750789093,12.0,7.0,False,main,False
10920,3,3,8.748423491194671,1.2515765088053272,0.8748423491194673,0.9881476234917612,9.0,6.0,False,main,False
10920,4,4,9.748423491194671,1.2515765088053272,0.8862203173813339,0.9893421777698743,7.0,5.0,False,main,False
10920,5,5,10.748423491194671,1.2515765088053272,0.8957019575995561,0.9903179453949589,5.0,4.0,False,main,False
10920,6,6,11.748423491194671,1.2515765088053272,0.9037248839380517,0.9911300003141803,4.0,3.0,False,main,False
10920,7,7,12.748423491194671,1.2515765088053272,0.9106016779424766,0.9918163603501535,2.0,2.0,False,main,False
10920,8,8,13.748423491194671,1.2515765088053272,0.9165615660796449,0.992404116231944,1.0,1.0,False,main,False
10920,9,9,14.748423491194671,1.2515765088053272,0.9217764681996671,0.992913094645597,-1.0,-1.0,True,main,False
6331,1,1,6.635553065502359,1.3644469344976415,0.8294441331877949,0.9802602722504455,15.0,8.0,False,main,True
6312,1,1,6.6938345553117315,1.306165444688269,0.8367293194139664,0.9826289331320177,15.0,8.0,False,main,True
11037,1,1,6.786193080841815,1.2138069191581855,0.8482741351052269,0.9860983088376787,14.0,8.0,False,main,True
11037,2,2,7.786193080841815,1.2138069191581855,0.8651325645379795,0.9878500468392706,11.0,7.0,False,main,False
11037,3,3,8.786193080841816,1.2138069191581855,0.8786193080841814,0.9892096211072368,9.0,6.0,False,main,False
11037,4,4,9.786193080841816,1.2138069191581855,0.8896539164401649,0.9902954898504546,7.0,5.0,False,main,False
11037,5,5,10.786193080841816,1.2138069191581855,0.8988494234034845,0.9911827591988982,5.0,4.0,False,main,False
11037,6,6,11.786193080841816,1.2138069191581855,0.9066302369878319,0.9919213552853104,4.0,3.0,False,main,False
11037,7,7,12.786193080841816,1.2138069191581855,0.9132995057744153,0.9925457616379282,2.0,2.0,False,main,False
11037,8,8,13.786193080841816,1.2138069191581855,0.9190795387227876,0.9930805618651518,1.0,1.0,False,main,False
11037,9,9,14.786193080841816,1.2138069191581855,0.9241370675526135,0.9935437547646211,-1.0,-1.0,True,main,False
3814,0,1,5.6054240090119265,2.3945759909880735,0.7006780011264908,0.9197315427491457,37.0,14.0,False,main,True
1007,1,1,6.882331976206926,1.1176680237930743,0.8602914970258657,0.9893218884623882,13.0,8.0,False,main,True
1007,2,2,7.882331976206926,1.1176680237930743,0.8758146640229918,0.9906607288384514,11.0,7.0,False,main,False
1007,3,3,8.882331976206926,1.1176680237930743,0.8882331976206925,0.9917012034761171,9.0,6.0,False,main,False
1007,4,4,9.882331976206926,1.1176680237930743,0.8983938160188114,0.9925330603098608,7.0,5.0,False,main,False
1007,5,5,10.882331976206926,1.1176680237930743,0.9068609980172438,0.9932133299275804,5.0,4.0,False,main,False
1007,6,6,11.882331976206926,1.1176680237930743,0.9140255366313019,0.9937799900659157,4.0,3.0,False,main,False
1007,7,7,12.882331976206926,1.1176680237930743,0.9201665697290661,0.9942593092540807,2.0,2.0,False,main,False
1007,8,8,13.882331976206926,1.1176680237930743,0.925488798413795,0.9946700367859304,1.0,1.0,False,main,False
1007,9,9,14.882331976206926,1.1176680237930743,0.9301457485129329,0.9950259135920972,-1.0,-1.0,True,main,False
3716,1,1,6.677168962720464,1.3228310372795358,0.834646120340058,0.9819654898753284,15.0,8.0,False,main,True
4045,1,1,6.8899516844699535,1.1100483155300465,0.8612439605587442,0.9895598524287246,13.0,8.0,False,main,True
2410,1,1,6.6707738614953795,1.329226138504621,0.8338467326869224,0.9817079359105851,15.0,8.0,False,main,True
2431,1,1,6.640581831958437,1.3594181680415631,0.8300727289948047,0.9804699701522915,15.0,8.0,False,main,True
4326,1,1,6.700656915038922,1.2993430849610772,0.8375821143798653,0.9828972795170677,15.0,8.0,False,main,True
11274,1,1,6.9200142430625675,1.0799857569374325,0.8650017803828209,0.9904730104371537,13.0,8.0,False,main,True
8565,1,1,6.673781240328236,1.3262187596717636,0.8342226550410295,0.9818292583997239,15.0,8.0,False,main,True
8565,2,2,7.673781240328236,1.3262187596717636,0.8526423600364708,0.9841320474652646,12.0,7.0,False,main,True
8565,3,3,8.673781240328235,1.3262187596717636,0.8673781240328235,0.985916604914556,10.0,6.0,False,main,False
8565,4,4,9.673781240328235,1.3262187596717636,0.8794346582116578,0.9873402277048121,8.0,5.0,False,main,False
8565,5,5,10.673781240328235,1.3262187596717636,0.889481770027353,0.9885023874918181,6.0,4.0,False,main,False
8565,6,6,11.673781240328235,1.3262187596717636,0.8979831723329412,0.9894690717437152,4.0,3.0,False,main,False
8565,7,7,12.673781240328235,1.3262187596717636,0.905270088594874,0.9902857819548778,2.0,2.0,False,main,False
8565,8,8,13.673781240328235,1.3262187596717636,0.9115854160218824,0.9909849122132602,1.0,1.0,False,main,False
8565,9,9,14.673781240328235,1.3262187596717636,0.9171113275205147,0.9915901525192129,-1.0,-1.0,True,main,False
8233,0,1,5.705683438922172,2.2943165610778276,0.7132104298652715,0.9269444626205692,35.0,14.0,False,main,True
8233,0,2,5.705683438922172,3.2943165610778276,0.633964826546908,0.8664117259571205,59.0,19.0,False,main,False
8233,0,3,5.705683438922172,4.294316561077828,0.5705683438922172,0.8080809193302446,98.0,27.0,False,main,False
8233,0,4,5.705683438922172,5.294316561077828,0.5186984944474702,0.7545774797601602,160.0,35.0,False,main,False
8233,0,5,5.705683438922172,6.294316561077828,0.475473619910181,0.7063469679433921,263.0,46.0,False,main,False
8233,0,6,5.705683438922172,7.294316561077828,0.43889872607093633,0.6631074897917173,444.0,60.0,False,main,True
8233,0,7,5.705683438922172,8.294316561077828,0.40754881706586943,0.6243569468427934,782.0,78.0,False,main,True
8233,0,8,5.705683438922172,9.294316561077828,0.3803788959281448,0.5895604600559186,1484.0,101.0,False,main,True
8233,0,9,5.705683438922172,10.294316561077828,0.35660521493263575,0.5582185066736223,3199.0,129.0,False,main,True
8233,0,10,5.705683438922172,11.294316561077828,0.3356284375836572,0.5298881305579257,-1.0,166.0,False,main,True
4760,1,1,6.70935901696455,1.2906409830354502,0.8386698771205687,0.9832368089909495,15.0,8.0,False,main,True
2608,1,1,6.723459246790048,1.2765407532099518,0.840432405848756,0.9837803666407395,15.0,8.0,False,main,True
3237,0,1,5.793837544529709,2.2061624554702908,0.7242296930662137,0.9330783963046534,33.0,14.0,False,main,True
8099,1,1,6.726869494553327,1.273130505446673,0.8408586868191659,0.9839106000578643,15.0,8.0,False,main,True
8099,2,2,7.726869494553327,1.273130505446673,0.8585410549503697,0.9859441599337126,12.0,7.0,False,main,False
8099,3,3,8.726869494553327,1.273130505446673,0.8726869494553327,0.9875212005179946,9.0,6.0,False,main,False
8099,4,4,9.726869494553327,1.273130505446673,0.8842608631412116,0.9887799728212284,7.0,5.0,False,main,False
8099,5,5,10.726869494553327,1.273130505446673,0.8939057912127772,0.9898080116696676,6.0,4.0,False,main,False
8099,6,6,11.726869494553327,1.273130505446673,0.9020668841964098,0.9906634420063899,4.0,3.0,False,main,False
8099,7,7,12.726869494553327,1.273130505446673,0.909062106753809,0.9913863750179897,2.0,2.0,False,main,False
8099,8,8,13.726869494553327,1.273130505446673,0.9151246329702218,0.9920053856230306,1.0,1.0,False,main,False
8099,9,9,14.726869494553327,1.273130505446673,0.9204293434095829,0.9925413821227512,-1.0,-1.0,True,main,False
6268,1,1,6.617104022519811,1.3828959774801888,0.8271380028149764,0.9794824743040735,16.0,8.0,False,main,True
6268,2,2,7.617104022519811,1.3828959774801888,0.8463448913910901,0.9820900505854592,12.0,7.0,False,main,True
6268,3,3,8.617104022519811,1.3828959774801888,0.8617104022519811,0.9841092749252004,10.0,6.0,False,main,False
6268,4,4,9.617104022519811,1.3828959774801888,0.8742821838654374,0.9857191587361545,8.0,5.0,False,main,False
6268,5,5,10.617104022519811,1.3828959774801888,0.8847586685433176,0.9870327573540527,6.0,4.0,False,main,False
6268,6,6,11.617104022519811,1.3828959774801888,0.8936233863476778,0.9881249923454616,4.0,3.0,False,main,False
6268,7,7,12.617104022519811,1.3828959774801888,0.9012217158942722,0.9890474829008878,2.0,2.0,False,main,False
6268,8,8,13.617104022519811,1.3828959774801888,0.9078069348346541,0.989836953434215,1.0,1.0,False,main,False
6268,9,9,14.617104022519811,1.3828959774801888,0.9135690014074882,0.9905202453799046,-1.0,-1.0,True,main,False
9690,0,1,5.833401305323367,2.166598694676633,0.7291751631654209,0.9357662271923318,32.0,13.0,False,main,True
9690,0,2,5.833401305323367,3.166598694676633,0.6481557005914852,0.8763365468758998,54.0,19.0,False,main,False
9690,0,3,5.833401305323367,4.166598694676633,0.5833401305323367,0.8182547788755239,89.0,26.0,False,main,True
9690,0,4,5.833401305323367,5.166598694676633,0.5303092095748515,0.7646412217810137,143.0,34.0,False,main,True
10116,1,1,6.945475626907204,1.0545243730927958,0.8681844533634006,0.9912140066322337,13.0,8.0,False,main,True
10116,2,2,7.945475626907204,1.0545243730927958,0.8828306252119116,0.9923119407333576,11.0,7.0,False,main,False
10116,3,3,8.945475626907204,1.0545243730927958,0.8945475626907203,0.9931659381583251,9.0,6.0,False,main,False
10116,4,4,9.945475626907204,1.0545243730927958,0.9041341479006548,0.9938491700524057,7.0,5.0,False,main,False
10116,5,5,10.945475626907204,1.0545243730927958,0.9121229689089336,0.994408202145882,5.0,4.0,False,main,False
10116,6,6,11.945475626907204,1.0545243730927958,0.9188827405313233,0.9948740798185185,4.0,3.0,False,main,False
10116,7,7,12.945475626907204,1.0545243730927958,0.9246768304933717,0.9952682970695533,2.0,2.0,False,main,False
10116,8,8,13.945475626907204,1.0545243730927958,0.9296983751271469,0.995606207456873,1.0,1.0,False,main,False
10116,9,9,14.945475626907204,1.0545243730927958,0.9340922266817002,0.99589907073349,-1.0,-1.0,True,main,False
11582,1,1,6.931725440599465,1.0682745594005352,0.8664656800749331,0.9908175535042543,13.0,8.0,False,main,True
11582,2,2,7.931725440599465,1.0682745594005352,0.8813028267332739,0.9919658687822394,11.0,7.0,False,main,False
11582,3,3,8.931725440599465,1.0682745594005352,0.8931725440599465,0.9928588841243644,9.0,6.0,False,main,False
11582,4,4,9.931725440599465,1.0682745594005352,0.9028841309635877,0.9935732259800268,7.0,5.0,False,main,False
11582,5,5,10.931725440599465,1.0682745594005352,0.9109771200499553,0.9941576432579692,5.0,4.0,False,main,False
11582,6,6,11.931725440599465,1.0682745594005352,0.9178250338922666,0.9946446285394568,4.0,3.0,False,main,False
11582,7,7,12.931725440599465,1.0682745594005352,0.9236946743285331,0.995056673099801,2.0,2.0,False,main,False
11582,8,8,13.931725440599465,1.0682745594005352,0.9287816960399643,0.9954098400981722,1.0,1.0,False,main,False
11582,9,9,14.931725440599465,1.0682745594005352,0.9332328400374665,0.9957159079716356,-1.0,-1.0,True,main,False
417,1,1,6.898392689291043,1.1016073107089566,0.8622990861613804,0.9898204012403685,13.0,8.0,False,main,True
4555,1,1,6.63360041140759,1.3663995885924098,0.8292000514259488,0.9801785795162323,15.0,8.0,False,main,True
4555,2,2,7.63360041140759,1.3663995885924098,0.8481778234897323,0.9826956184998951,12.0,7.0,False,main,True
4555,3,3,8.63360041140759,1.3663995885924098,0.863360041140759,0.9846451624894474,10.0,6.0,False,main,False
4555,4,4,9.63360041140759,1.3663995885924098,0.8757818555825082,0.9861997561262591,8.0,5.0,False,main,False
4555,5,5,10.63360041140759,1.3663995885924098,0.8861333676172992,0.9874684121533053,6.0,4.0,False,main,False
4555,6,6,11.63360041140759,1.3663995885924098,0.8948923393390454,0.9885233947063697,4.0,3.0,False,main,False
4555,7,7,12.63360041140759,1.3663995885924098,0.9024000293862564,0.9894145040572705,2.0,2.0,False,main,False
4555,8,8,13.63360041140759,1.3663995885924098,0.9089066940938394,0.9901771775760521,1.0,1.0,False,main,False
4555,9,9,14.63360041140759,1.3663995885924098,0.9146000257129744,0.9908373203145024,-1.0,-1.0,True,main,False
115,1,1,6.623982144364975,1.376017855635025,0.8279977680456219,0.9797740037829193,16.0,8.0,False,main,True
8629,1,1,6.681437403852668,1.3185625961473326,0.8351796754815835,0.9821364809212886,15.0,8.0,False,main,True
8262,1,1,6.707571729393122,1.2924282706068781,0.8384464661741402,0.9831673270379673,15.0,8.0,False,main,True
8262,2,2,7.707571729393122,1.2924282706068781,0.856396858821458,0.9852969113105711,12.0,7.0,False,main,False
8262,3,3,8.707571729393122,1.2924282706068781,0.8707571729393122,0.9869479910080073,10.0,6.0,False,main,False
8262,4,4,9.707571729393122,1.2924282706068781,0.8825065208539201,0.9882655951476995,7.0,5.0,False,main,False
8262,5,5,10.707571729393122,1.2924282706068781,0.8922976441160935,0.9893415090866255,6.0,4.0,False,main,False
8262,6,6,11.707571729393122,1.2924282706068781,0.9005824407225478,0.9902366587841395,4.0,3.0,False,main,False
8262,7,7,12.707571729393122,1.2924282706068781,0.9076836949566516,0.9909930764278871,2.0,2.0,False,main,False
8262,8,8,13.707571729393122,1.2924282706068781,0.9138381152928747,0.9916406984277963,1.0,1.0,False,main,False
8262,9,9,14.707571729393122,1.2924282706068781,0.9192232330870701,0.9922014249820309,-1.0,-1.0,True,main,False
125,1,1,6.725159108296529,1.2748408917034717,0.8406448885370661,0.9838453424583106,15.0,8.0,False,main,True
4144,1,1,6.9153291570425335,1.0846708429574665,0.8644161446303167,0.9903334114866935,13.0,8.0,False,main,True
4144,2,2,7.9153291570425335,1.0846708429574665,0.8794810174491704,0.991543321409409,11.0,7.0,False,main,False
4144,3,3,8.915329157042533,1.0846708429574665,0.8915329157042533,0.9924840246471314,9.0,6.0,False,main,False
4144,4,4,9.915329157042533,1.0846708429574665,0.9013935597311394,0.9932363803688462,7.0,5.0,False,main,False
4144,5,5,10.915329157042533,1.0846708429574665,0.9096107630868778,0.9938518104982571,5.0,4.0,False,main,False
4144,6,6,11.915329157042533,1.0846708429574665,0.9165637813109642,0.9943645788120218,4.0,3.0,False,main,False
4144,7,7,12.915329157042533,1.0846708429574665,0.9225235112173238,0.9947983967299808,2.0,2.0,False,main,False
4144,8,8,13.915329157042533,1.0846708429574665,0.9276886104695022,0.9951701953581613,1.0,1.0,False,main,False
4144,9,9,14.915329157042533,1.0846708429574665,0.9322080723151583,0.9954923874166669,-1.0,-1.0,True,main,False
7427,1,1,6.718757160858406,1.2812428391415944,0.8398446451073007,0.9836000122277326,15.0,8.0,False,main,True
11243,1,1,6.863870717621826,1.1361292823781741,0.8579838397027283,0.9887345222778776,13.0,8.0,False,main,True
11243,2,2,7.863870717621826,1.1361292823781741,0.8737634130690918,0.9901483733271892,11.0,7.0,False,main,False
11243,3,3,8.863870717621825,1.1361292823781741,0.8863870717621826,0.9912468645049858,9.0,6.0,False,main,False
11243,4,4,9.863870717621825,1.1361292823781741,0.8967155197838023,0.9921249324899561,7.0,5.0,False,main,False
11243,5,5,10.863870717621825,1.1361292823781741,0.9053225598018187,0.9928428790469785,5.0,4.0,False,main,False
11243,6,6,11.863870717621825,1.1361292823781741,0.9126054398170635,0.9934408465493428,4.0,3.0,False,main,False
11243,7,7,12.863870717621825,1.1361292823781741,0.9188479084015589,0.9939465930821426,2.0,2.0,False,main,False
11243,8,8,13.863870717621825,1.1361292823781741,0.924258047841455,0.9943799265776638,1.0,1.0,False,main,False
11243,9,9,14.863870717621825,1.1361292823781741,0.9289919198513641,0.9947553610189027,-1.0,-1.0,True,main,False
6801,1,1,6.632433418611161,1.3675665813888396,0.8290541773263951,0.9801296849304018,15.0,8.0,False,main,True
6801,2,2,7.632433418611161,1.3675665813888396,0.8480481576234623,0.9826530797122973,12.0,7.0,False,main,True
6801,3,3,8.63243341861116,1.3675665813888396,0.8632433418611161,0.984607516076166,10.0,6.0,False,main,False
6801,4,4,9.63243341861116,1.3675665813888396,0.8756757653282873,0.9861659921877295,8.0,5.0,False,main,False
6801,5,5,10.63243341861116,1.3675665813888396,0.8860361182175968,0.9874378043781572,6.0,4.0,False,main,False
6801,6,6,11.63243341861116,1.3675665813888396,0.894802570662397,0.9884954032407655,4.0,3.0,False,main,False
6801,7,7,12.63243341861116,1.3675665813888396,0.90231667275794,0.9893887166922393,2.0,2.0,False,main,False
6801,8,8,13.63243341861116,1.3675665813888396,0.9088288945740773,0.9901532724348221,1.0,1.0,False,main,False
6801,9,9,14.63243341861116,1.3675665813888396,0.9145270886631975,0.9908150412485507,-1.0,-1.0,True,main,False
4683,1,1,6.6030443299200865,1.3969556700799137,0.8253805412400108,0.9788808451189233,16.0,8.0,False,main,True
5705,1,1,6.790503683099863,1.209496316900137,0.8488129603874829,0.9862514670804253,14.0,8.0,False,main,True
2265,1,1,6.610357529277572,1.3896424707224284,0.8262946911596964,0.979194738951113,16.0,8.0,False,main,True
1459,1,1,6.660260111246448,1.3397398887535519,0.832532513905806,0.9812809513269366,15.0,8.0,False,main,True
5622,1,1,6.688946525399457,1.3110534746005433,0.8361183156749321,0.982435508321109,15.0,8.0,False,main,True
5095,1,1,6.646238305404113,1.353761694595887,0.8307797881755141,0.9807046534455995,15.0,8.0,False,main,True
1315,1,1,6.587513501246169,1.4124864987538301,0.8234391876557712,0.9782074147323447,16.0,8.0,False,main,True
7599,1,1,6.637623706585283,1.3623762934147168,0.8297029633231604,0.9803467376765197,15.0,8.0,False,main,True
11569,1,1,6.65228093700028,1.3477190629997202,0.831535117125035,0.9809539620988055,15.0,8.0,False,main,True
11569,2,2,7.65228093700028,1.3477190629997202,0.8502534374444756,0.9833702819872905,12.0,7.0,False,main,True
11569,3,3,8.652280937000281,1.3477190629997202,0.865228093700028,0.9852422821359262,10.0,6.0,False,main,False
11569,4,4,9.652280937000281,1.3477190629997202,0.8774800851818436,0.9867353294160681,8.0,5.0,False,main,False
11569,5,5,10.652280937000281,1.3477190629997202,0.8876900780833566,0.9879539467924527,6.0,4.0,False,main,False
11569,6,6,11.652280937000281,1.3477190629997202,0.8963293028461754,0.9889674456136842,4.0,3.0,False,main,False
11569,7,7,12.652280937000281,1.3477190629997202,0.9037343526428772,0.9898236043044765,2.0,2.0,False,main,False
11569,8,8,13.652280937000281,1.3477190629997202,0.9101520624666853,0.9905564291556245,1.0,1.0,False,main,False
11569,9,9,14.652280937000281,1.3477190629997202,0.9157675585625176,0.9911907837727713,-1.0,-1.0,True,main,False
10240,1,1,6.781930189228155,1.2180698107718448,0.8477412736535194,0.9859460641981453,14.0,8.0,False,main,True
10240,2,2,7.781930189228155,1.2180698107718448,0.8646589099142394,0.9877173740923673,11.0,7.0,False,main,False
10240,3,3,8.781930189228156,1.2180698107718448,0.8781930189228155,0.9890920593005542,9.0,6.0,False,main,False
10240,4,4,9.781930189228156,1.2180698107718448,0.8892663808389233,0.9901899476409757,7.0,5.0,False,main,False
10240,5,5,10.781930189228156,1.2180698107718448,0.8984941824356797,0.9910870060942919,5.0,4.0,False,main,False
10240,6,6,11.781930189228156,1.2180698107718448,0.9063023222483196,0.9918337290925268,4.0,3.0,False,main,False
10240,7,7,12.781930189228156,1.2180698107718448,0.9129950135162969,0.9924649904788977,2.0,2.0,False,main,False
10240,8,8,13.781930189228156,1.2180698107718448,0.9187953459485437,0.993005650822497,1.0,1.0,False,main,False
10240,9,9,14.781930189228156,1.2180698107718448,0.9238706368267597,0.9934739108979541,-1.0,-1.0,True,main,False
3656,1,1,6.7897457558496175,1.2102542441503825,0.8487182194812022,0.98622459514448,14.0,8.0,False,main,True
8934,0,1,5.7060318622198345,2.293968137780165,0.7132539827774793,0.9269690944939188,35.0,14.0,False,main,True
9419,1,1,6.675237676508946,1.3247623234910546,0.8344047095636182,0.9818878829798835,15.0,8.0,False,main,True
10211,1,1,6.920874310658091,1.079125689341909,0.8651092888322613,0.9904985280816047,13.0,8.0,False,main,True
10211,2,2,7.920874310658091,1.079125689341909,0.8800971456286768,0.9916874226228697,11.0,7.0,False,main,False
10211,3,3,8.92087431065809,1.079125689341909,0.8920874310658091,0.9926118570502472,9.0,6.0,False,main,False
10211,4,4,9.92087431065809,1.079125689341909,0.901897664605281,0.9933512453574973,7.0,5.0,False,main,False
10211,5,5,10.92087431065809,1.079125689341909,0.9100728592215076,0.993956096988296,5.0,4.0,False,main,False
10211,6,6,11.92087431065809,1.079125689341909,0.9169903315890839,0.9944600711779481,4.0,3.0,False,main,False
10211,7,7,12.92087431065809,1.079125689341909,0.922919593618435,0.9948864629371931,2.0,2.0,False,main,False
10211,8,8,13.92087431065809,1.079125689341909,0.9280582873772061,0.9952519071889995,1.0,1.0,False,main,False
10211,9,9,14.92087431065809,1.079125689341909,0.9325546444161307,0.9955686002247129,-1.0,-1.0,True,main,False
7793,1,1,6.744176345714429,1.2558236542855707,0.8430220432143036,0.9845640935799813,14.0,8.0,False,main,True
7793,2,2,7.744176345714429,1.2558236542855707,0.8604640384127143,0.9865133414377775,12.0,7.0,False,main,False
7793,3,3,8.744176345714429,1.2558236542855707,0.874417634571443,0.9880253499345333,9.0,6.0,False,main,False
7793,4,4,9.744176345714429,1.2558236542855707,0.8858342132467663,0.9892324328642583,7.0,5.0,False,main,False
7793,5,5,10.744176345714429,1.2558236542855707,0.8953480288095358,0.9902183994589886,5.0,4.0,False,main,False
7793,6,6,11.744176345714429,1.2558236542855707,0.9033981804395714,0.9910389183648608,4.0,3.0,False,main,False
7793,7,7,12.744176345714429,1.2558236542855707,0.9102983104081735,0.9917324155187384,2.0,2.0,False,main,False
7793,8,8,13.744176345714429,1.2558236542855707,0.9162784230476286,0.9923262710462796,1.0,1.0,False,main,False
7793,9,9,14.744176345714429,1.2558236542855707,0.9215110216071518,0.9928405225609352,-1.0,-1.0,True,main,False
8992,1,1,6.792664321833183,1.2073356781668174,0.8490830402291478,0.9863279362472733,14.0,8.0,False,main,True
1561,1,1,6.847426171402766,1.1525738285972333,0.8559282714253458,0.9881985149306128,14.0,8.0,False,main,True
1355,1,1,6.807703190456119,1.1922968095438804,0.8509628988070149,0.9868546262308843,14.0,8.0,False,main,True
1165,1,1,6.742066403644012,1.2579335963559881,0.8427583004555015,0.9844850910360242,14.0,8.0,False,main,True
11056,0,1,5.719505269609577,2.280494730390423,0.7149381587011971,0.9279192605579035,34.0,14.0,False,main,True
11056,0,2,5.719505269609577,3.280494730390423,0.6355005855121753,0.8674982589482378,59.0,19.0,False,main,False
11056,0,3,5.719505269609577,4.280494730390423,0.5719505269609577,0.8091907425543189,97.0,26.0,False,main,True
11056,0,4,5.719505269609577,5.280494730390423,0.5199550245099616,0.7556733111704645,158.0,35.0,False,main,True
5753,1,1,6.851962985126833,1.1480370148731676,0.8564953731408541,0.9883475904589407,14.0,8.0,False,main,True
3109,0,1,5.619950958840887,2.380049041159113,0.7024938698551109,0.9207919364623813,37.0,14.0,False,main,True
6851,1,1,6.630539140134574,1.3694608598654259,0.8288173925168217,0.9800502049901144,15.0,8.0,False,main,True
6851,2,2,7.630539140134574,1.3694608598654259,0.8478376822371749,0.9825839325081488,12.0,7.0,False,main,True
6851,3,3,8.630539140134573,1.3694608598654259,0.8630539140134574,0.9845463222499233,10.0,6.0,False,main,False
6851,4,4,9.630539140134573,1.3694608598654259,0.8755035581940522,0.9861111098291081,8.0,5.0,False,main,False
6851,5,5,10.630539140134573,1.3694608598654259,0.8858782616778812,0.9873880526778174,6.0,4.0,False,main,False
6851,6,6,11.630539140134573,1.3694608598654259,0.8946568569334288,0.988449904547987,4.0,3.0,False,main,False
6851,7,7,12.630539140134573,1.3694608598654259,0.9021813671524697,0.9893468008853957,2.0,2.0,False,main,False
6851,8,8,13.630539140134573,1.3694608598654259,0.908702609342305,0.9901144162532715,1.0,1.0,False,main,False
6851,9,9,14.630539140134573,1.3694608598654259,0.9144086962584109,0.99077882828941,-1.0,-1.0,True,main,False
5368,0,1,5.6852931123190835,2.3147068876809165,0.7106616390398854,0.9254976717281787,35.0,14.0,False,main,True
4254,0,1,5.709503858113148,2.2904961418868517,0.7136879822641435,0.9272143816594183,34.0,14.0,False,main,True
8746,0,1,5.656000316448672,2.343999683551328,0.707000039556084,0.9234011036249823,36.0,14.0,False,main,True
9540,1,1,6.59073506233585,1.40926493766415,0.8238418827919812,0.9783478642300991,16.0,8.0,False,main,True
9540,2,2,7.59073506233585,1.40926493766415,0.8434150069262055,0.9811032417041348,13.0,7.0,False,main,False
9540,3,3,8.590735062335849,1.40926493766415,0.859073506233585,0.9832361696266801,10.0,6.0,False,main,False
9540,4,4,9.590735062335849,1.40926493766415,0.8718850056668955,0.9849362455256445,8.0,5.0,False,main,False
9540,5,5,10.590735062335849,1.40926493766415,0.8825612551946542,0.9863231375670407,6.0,4.0,False,main,False
9540,6,6,11.590735062335849,1.40926493766415,0.8915950047950654,0.9874761118028494,4.0,3.0,False,main,False
9540,7,7,12.590735062335849,1.40926493766415,0.899338218738275,0.9884497596936742,2.0,2.0,False,main,False
9540,8,8,13.590735062335849,1.40926493766415,0.9060490041557233,0.9892829079941101,1.0,1.0,False,main,False
9540,9,9,14.590735062335849,1.40926493766415,0.9119209413959907,0.9900039272006322,-1.0,-1.0,True,main,False
193,1,1,6.803186738880326,1.1968132611196745,0.8503983423600407,0.9866974762095527,14.0,8.0,False,main,True
5010,1,1,6.664060420139354,1.3359395798606464,0.8330075525174192,0.9814357988174695,15.0,8.0,False,main,True
6147,1,1,6.690450398465741,1.3095496015342591,0.8363062998082176,0.9824951213854021,15.0,8.0,False,main,True
9709,0,1,5.632236651728085,2.367763348271915,0.7040295814660106,0.9216847199775899,36.0,14.0,False,main,True
9709,0,2,5.632236651728085,3.367763348271915,0.6258040724142316,0.860588017891144,63.0,20.0,False,main,False
9709,0,3,5.632236651728085,4.3677633482719145,0.5632236651728084,0.8021479191406883,104.0,27.0,False,main,False
9709,0,4,5.632236651728085,5.3677633482719145,0.5120215137934623,0.7487271055438971,171.0,36.0,False,main,False
9709,0,5,5.632236651728085,6.3677633482719145,0.4693530543106737,0.7006636017213785,284.0,48.0,False,main,True
9709,0,6,5.632236651728085,7.3677633482719145,0.4332489732098527,0.6576263832015786,486.0,62.0,False,main,True
9709,0,7,5.632236651728085,8.367763348271914,0.4023026179805775,0.619089406755894,872.0,81.0,False,main,True
9709,0,8,5.632236651728085,9.367763348271914,0.375482443448539,0.5845057625223712,1701.0,104.0,False,main,True
6221,0,1,5.619825922666946,2.380174077333054,0.7024782403333683,0.9207828313448742,37.0,14.0,False,main,True
2384,1,1,6.837611854669422,1.1623881453305775,0.8547014818336778,0.9878729144335554,14.0,8.0,False,main,True
1645,0,1,5.634855447026892,2.365144552973108,0.7043569308783615,0.9218745473503442,36.0,14.0,False,main,True
8733,1,1,6.663108517899411,1.3368914821005893,0.8328885647374263,0.9813970666276026,15.0,8.0,False,main,True
8733,2,2,7.663108517899411,1.3368914821005893,0.8514565019888234,0.9837558910746252,12.0,7.0,False,main,False
8733,3,3,8.66310851789941,1.3368914821005893,0.8663108517899409,0.9855836122906437,10.0,6.0,False,main,False
8733,4,4,9.66310851789941,1.3368914821005893,0.8784644107181282,0.9870415075058496,8.0,5.0,False,main,False
8733,5,5,10.66310851789941,1.3368914821005893,0.8885923764916175,0.9882315402673731,6.0,4.0,False,main,False
8733,6,6,11.66310851789941,1.3368914821005893,0.89716219368457,0.9892213380064121,4.0,3.0,False,main,False
8733,7,7,12.66310851789941,1.3368914821005893,0.9045077512785292,0.9900575257596779,2.0,2.0,False,main,False
8733,8,8,13.66310851789941,1.3368914821005893,0.910873901193294,0.9907732932270787,1.0,1.0,False,main,False
8733,9,9,14.66310851789941,1.3368914821005893,0.9164442823687131,0.9913929096225441,-1.0,-1.0,True,main,False
8407,1,1,6.592402334343728,1.4075976656562723,0.824050291792966,0.9784203959691005,16.0,8.0,False,main,True
8407,2,2,7.592402334343728,1.4075976656562723,0.8436002593715253,0.9811663165660244,13.0,7.0,False,main,False
8407,3,3,8.592402334343728,1.4075976656562723,0.8592402334343727,0.9832919710961705,10.0,6.0,False,main,False
8407,4,4,9.592402334343728,1.4075976656562723,0.8720365758494298,0.9849862786771579,8.0,5.0,False,main,False
8407,5,5,10.592402334343728,1.4075976656562723,0.882700194528644,0.9863684838722302,6.0,4.0,False,main,False
8407,6,6,11.592402334343728,1.4075976656562723,0.891723256487979,0.9875175745277208,4.0,3.0,False,main,False
8407,7,7,12.592402334343728,1.4075976656562723,0.8994573095959806,0.9884879518210034,2.0,2.0,False,main,False
8407,8,8,13.592402334343728,1.4075976656562723,0.9061601556229152,0.9893183079452014,1.0,1.0,False,main,False
8407,9,9,14.592402334343728,1.4075976656562723,0.912025145896483,0.9900369155461428,-1.0,-1.0,True,main,False
11538,1,1,6.66382614169672,1.3361738583032792,0.83297826771209,0.9814262695563544,15.0,8.0,False,main,True
11538,2,2,7.66382614169672,1.3361738583032792,0.8515362379663023,0.9837813063514361,12.0,7.0,False,main,True
11538,3,3,8.66382614169672,1.3361738583032792,0.866382614169672,0.9856061102481102,10.0,6.0,False,main,False
11538,4,4,9.66382614169672,1.3361738583032792,0.8785296492451564,0.9870616892620783,8.0,5.0,False,main,False
11538,5,5,10.66382614169672,1.3361738583032792,0.8886521784747267,0.9882498384246616,6.0,4.0,False,main,False
11538,6,6,11.66382614169672,1.3361738583032792,0.8972173955151324,0.9892380742782493,4.0,3.0,False,main,False
11538,7,7,12.66382614169672,1.3361738583032792,0.9045590101211943,0.9900729458975231,2.0,2.0,False,main,False
11538,8,8,13.66382614169672,1.3361738583032792,0.9109217427797813,0.9907875891962767,1.0,1.0,False,main,False
11538,9,9,14.66382614169672,1.3361738583032792,0.916489133856045,0.9914062342344857,-1.0,-1.0,True,main,False
7634,0,1,5.916089676314314,2.0839103236856853,0.7395112095392893,0.941249995171731,30.0,13.0,False,main,True
7634,0,2,5.916089676314314,3.0839103236856853,0.6573432973682571,0.8826227026074703,51.0,18.0,False,main,False
7634,0,3,5.916089676314314,4.083910323685686,0.5916089676314314,0.8247438727921855,83.0,25.0,False,main,False
7634,0,4,5.916089676314314,5.083910323685686,0.5378263342103922,0.771082433255124,134.0,33.0,False,main,True
7634,0,5,5.916089676314314,6.083910323685686,0.49300747302619286,0.7224233493840775,215.0,43.0,False,main,True
7309,1,1,6.695944466550344,1.304055533449656,0.836993058318793,0.9827121251821981,15.0,8.0,False,main,True
1957,1,1,6.674548287313291,1.325451712686709,0.8343185359141614,0.9818601442469033,15.0,8.0,False,main,True
1957,2,2,7.674548287313291,1.325451712686709,0.8527275874792546,0.9841589305180594,12.0,7.0,False,main,True
1957,3,3,8.674548287313291,1.325451712686709,0.8674548287313291,0.985940404282494,10.0,6.0,False,main,False
1957,4,4,9.674548287313291,1.325451712686709,0.8795043897557537,0.987361578383049,8.0,5.0,False,main,False
1957,5,5,10.674548287313291,1.325451712686709,0.8895456906094409,0.9885217465677716,6.0,4.0,False,main,False
1957,6,6,11.674548287313291,1.325451712686709,0.8980421759471763,0.9894867792021894,4.0,3.0,False,main,False
1957,7,7,12.674548287313291,1.325451712686709,0.9053248776652351,0.9903020975434977,2.0,2.0,False,main,False
1957,8,8,13.674548287313291,1.325451712686709,0.9116365524875527,0.9910000388556737,1.0,1.0,False,main,False
1957,9,9,14.674548287313291,1.325451712686709,0.9171592679570807,0.9916042517671202,-1.0,-1.0,True,main,False
7979,0,1,5.764534473714528,2.235465526285472,0.720566809214316,0.9310614548997223,33.0,14.0,False,main,True
7979,0,2,5.764534473714528,3.235465526285472,0.6405038304127254,0.8710171323367695,57.0,19.0,False,main,False
7979,0,3,5.764534473714528,4.235465526285472,0.5764534473714529,0.8127915906286531,94.0,26.0,False,main,True
7979,0,4,5.764534473714528,5.235465526285472,0.5240485885195025,0.759232043829289,152.0,35.0,False,main,True
10757,1,1,6.7640683268419295,1.23593167315807,0.8455085408552412,0.9852997369488231,14.0,8.0,False,main,True
10757,2,2,7.7640683268419295,1.23593167315807,0.8626742585379922,0.9871542040115949,12.0,7.0,False,main,False
10757,3,3,8.76406832684193,1.23593167315807,0.876406832684193,0.9885930784754992,9.0,6.0,False,main,False
10757,4,4,9.76406832684193,1.23593167315807,0.8876425751674482,0.9897420157330464,7.0,5.0,False,main,False
10757,5,5,10.76406832684193,1.23593167315807,0.8970056939034942,0.990680644230736,5.0,4.0,False,main,False
10757,6,6,11.76406832684193,1.23593167315807,0.9049283328339945,0.9914618748376844,4.0,3.0,False,main,False
10757,7,7,12.76406832684193,1.23593167315807,0.911719166202995,0.9921222406390897,2.0,2.0,False,main,False
10757,8,8,13.76406832684193,1.23593167315807,0.9176045551227953,0.9926877793411214,1.0,1.0,False,main,False
10757,9,9,14.76406832684193,1.23593167315807,0.9227542704276206,0.9931775500182265,-1.0,-1.0,True,main,False
9770,1,1,6.7119140770145655,1.288085922985435,0.8389892596268207,0.9833359113749965,15.0,8.0,False,main,True
9770,2,2,7.7119140770145655,1.288085922985435,0.8568793418905073,0.9854437040996689,12.0,7.0,False,main,False
9770,3,3,8.711914077014566,1.288085922985435,0.8711914077014565,0.9870779840322538,10.0,6.0,False,main,False
9770,4,4,9.711914077014566,1.288085922985435,0.8829012797285969,0.9883822405269782,7.0,5.0,False,main,False
9770,5,5,10.711914077014566,1.288085922985435,0.8926595064178805,0.9894472936538472,6.0,4.0,False,main,False
9770,6,6,11.711914077014566,1.288085922985435,0.9009164674626589,0.9903334333938073,4.0,3.0,False,main,False
9770,7,7,12.711914077014566,1.288085922985435,0.9079938626438976,0.9910822558359451,2.0,2.0,False,main,False
9770,8,8,13.711914077014566,1.288085922985435,0.9141276051343044,0.9917233883502562,1.0,1.0,False,main,False
9770,9,9,14.711914077014566,1.288085922985435,0.9194946298134103,0.992278506012751,-1.0,-1.0,True,main,False
11990,0,1,5.659519674840882,2.3404803251591177,0.7074399593551103,0.9236541163407126,36.0,14.0,False,main,True
1278,0,1,5.692582712206391,2.3074172877936094,0.7115728390257988,0.9260160967170852,35.0,14.0,False,main,True
11618,1,1,6.787011169103214,1.2129888308967858,0.8483763961379017,0.9861274371555216,14.0,8.0,False,main,True
6872,0,1,5.774240045082481,2.2257599549175193,0.7217800056353101,0.9317319428022102,33.0,14.0,False,main,True
3990,1,1,6.884553672368879,1.1154463276311208,0.8605692090461099,0.989391542619325,13.0,8.0,False,main,True
12024,0,1,5.754685413899211,2.245314586100789,0.7193356767374014,0.9303785860197412,33.0,14.0,False,main,True
3452,1,1,6.857821059315253,1.1421789406847473,0.8572276324144066,0.988538731541595,14.0,8.0,False,main,True
3452,2,2,7.857821059315253,1.1421789406847473,0.8730912288128059,0.989977609260491,11.0,7.0,False,main,True
3452,3,3,8.857821059315253,1.1421789406847473,0.8857821059315253,0.9910954524494007,9.0,6.0,False,main,False
3452,4,4,9.857821059315253,1.1421789406847473,0.8961655508468411,0.9919889317266358,7.0,5.0,False,main,False
3452,5,5,10.857821059315253,1.1421789406847473,0.9048184216096044,0.9927194415452537,5.0,4.0,False,main,False
3452,6,6,11.857821059315253,1.1421789406847473,0.9121400814857886,0.9933278471077492,4.0,3.0,False,main,False
3452,7,7,12.857821059315253,1.1421789406847473,0.9184157899510895,0.9938424037700445,2.0,2.0,False,main,False
3452,8,8,13.857821059315253,1.1421789406847473,0.9238547372876835,0.9942832728015378,1.0,1.0,False,main,False
3452,9,9,14.857821059315253,1.1421789406847473,0.9286138162072033,0.9946652261563195,-1.0,-1.0,True,main,False
8776,0,1,5.620791568635378,2.3792084313646216,0.7025989460794223,0.9208531396713818,37.0,14.0,False,main,True
4878,0,1,5.634542596574195,2.365457403425805,0.7043178245717744,0.9218518787330345,36.0,14.0,False,main,True
3784,1,1,6.655738052718715,1.3442619472812853,0.8319672565898394,0.9810959463233218,15.0,8.0,False,main,True
2859,0,1,5.8597649462482,2.1402350537518,0.732470618281025,0.9375344513796725,31.0,13.0,False,main,True
4926,1,1,6.862651875872782,1.1373481241272185,0.8578314844840977,0.9886952069060184,14.0,8.0,False,main,True
4926,2,2,7.862651875872782,1.1373481241272185,0.8736279862080869,0.9901140824778571,11.0,7.0,False,main,False
4926,3,3,8.862651875872782,1.1373481241272185,0.8862651875872782,0.9912164590828718,9.0,6.0,False,main,False
4926,4,4,9.862651875872782,1.1373481241272185,0.8966047159884347,0.9920976214073765,7.0,5.0,False,main,False
4926,5,5,10.862651875872782,1.1373481241272185,0.9052209896560651,0.9928180905404773,5.0,4.0,False,main,False
4926,6,6,11.862651875872782,1.1373481241272185,0.9125116827594447,0.9934181539510136,4.0,3.0,False,main,False
4926,7,7,12.862651875872782,1.1373481241272185,0.9187608482766273,0.9939256695478709,2.0,2.0,False,main,False
4926,8,8,13.862651875872782,1.1373481241272185,0.9241767917248521,0.994360516196455,1.0,1.0,False,main,False
4926,9,9,14.862651875872782,1.1373481241272185,0.9289157422420489,0.9947372596698425,-1.0,-1.0,True,main,False
9153,0,1,5.681079963280206,2.3189200367197937,0.7101349954100258,0.9251974354185313,35.0,14.0,False,main,True
11957,1,1,6.711422857895422,1.288577142104578,0.8389278572369278,0.983316879376558,15.0,8.0,False,main,True
11957,2,2,7.711422857895422,1.288577142104578,0.8568247619883802,0.9854271318670837,12.0,7.0,False,main,True
11957,3,3,8.711422857895421,1.288577142104578,0.8711422857895421,0.9870633081806476,10.0,6.0,False,main,False
11957,4,4,9.711422857895421,1.288577142104578,0.8828566234450382,0.9883690714209059,7.0,5.0,False,main,False
11957,5,5,10.711422857895421,1.288577142104578,0.8926185714912851,0.9894353505966984,6.0,4.0,False,main,False
11957,6,6,11.711422857895421,1.288577142104578,0.9008786813765709,0.9903225074669249,4.0,3.0,False,main,False
11957,7,7,12.711422857895421,1.288577142104578,0.9079587755639587,0.9910721873417816,2.0,2.0,False,main,False
11957,8,8,13.711422857895421,1.288577142104578,0.9140948571930281,0.991714052472848,1.0,1.0,False,main,False
11957,9,9,14.711422857895421,1.288577142104578,0.9194639286184638,0.992269803346579,-1.0,-1.0,True,main,False
10518,1,1,6.751483989322996,1.2485160106770035,0.8439354986653745,0.9848362747973006,14.0,8.0,False,main,True
10518,2,2,7.751483989322996,1.2485160106770035,0.8612759988136662,0.9867504384422905,12.0,7.0,False,main,False
10518,3,3,8.751483989322995,1.2485160106770035,0.8751483989322997,0.9882353789039473,9.0,6.0,False,main,False
10518,4,4,9.751483989322995,1.2485160106770035,0.8864985444839089,0.9894209432963176,7.0,5.0,False,main,False
10518,5,5,10.751483989322995,1.2485160106770035,0.8959569991102497,0.9903893923623123,5.0,4.0,False,main,False
10518,6,6,11.751483989322995,1.2485160106770035,0.9039603068709998,0.9911953734870147,4.0,3.0,False,main,False
10518,7,7,12.751483989322995,1.2485160106770035,0.9108202849516427,0.9918766117402545,2.0,2.0,False,main,False
10518,8,8,13.751483989322995,1.2485160106770035,0.9167655992881998,0.9924599902446353,1.0,1.0,False,main,False
10518,9,9,14.751483989322995,1.2485160106770035,0.9219677493326873,0.9929651843635041,-1.0,-1.0,True,main,False
11984,1,1,6.657969111550274,1.3420308884497258,0.8322461389437843,0.9811873243034388,15.0,8.0,False,main,True
1763,0,1,5.799848598901111,2.200151401098889,0.7249810748626389,0.9334893965478801,32.0,14.0,False,main,True
7015,1,1,6.848751630545218,1.1512483694547822,0.8560939538181522,0.9882421625043036,14.0,8.0,False,main,True
11570,1,1,6.6108739274140484,1.389126072585952,0.8263592409267561,0.979216825451738,16.0,8.0,False,main,True
529,1,1,6.83860103575161,1.1613989642483893,0.8548251294689513,0.987905923946167,14.0,8.0,False,main,True
529,2,2,7.83860103575161,1.1613989642483893,0.8709556706390678,0.98942576593818,11.0,7.0,False,main,True
529,3,3,8.83860103575161,1.1613989642483893,0.883860103575161,0.9906061993947571,9.0,6.0,False,main,False
529,4,4,9.83860103575161,1.1613989642483893,0.8944182759774191,0.9915495137043858,7.0,5.0,False,main,False
529,5,5,10.83860103575161,1.1613989642483893,0.9032167529793008,0.9923206426179135,5.0,4.0,False,main,False
529,6,6,11.83860103575161,1.1613989642483893,0.9106616181347392,0.9929627918433496,4.0,3.0,False,main,False
529,7,7,12.83860103575161,1.1613989642483893,0.917042931125115,0.9935058264486234,2.0,2.0,False,main,False
529,8,8,13.83860103575161,1.1613989642483893,0.9225734023834407,0.9939710512300381,1.0,1.0,False,main,False
529,9,9,14.83860103575161,1.1613989642483893,0.9274125647344756,0.9943740728712778,-1.0,-1.0,True,main,False
11911,1,1,6.686299912752485,1.3137000872475149,0.8357874890940606,0.9823303751504231,15.0,8.0,False,main,True
11911,2,2,7.686299912752485,1.3137000872475149,0.8540333236391651,0.9845682475427543,12.0,7.0,False,main,True
11911,3,3,8.686299912752485,1.3137000872475149,0.8686299912752485,0.9863027884344409,10.0,6.0,False,main,False
11911,4,4,9.686299912752485,1.3137000872475149,0.880572719341135,0.9876866905404198,8.0,5.0,False,main,False
11911,5,5,10.686299912752485,1.3137000872475149,0.8905249927293738,0.988816541836491,6.0,4.0,False,main,False
11911,6,6,11.686299912752485,1.3137000872475149,0.8989461471348066,0.9897564313935945,4.0,3.0,False,main,False
11911,7,7,12.686299912752485,1.3137000872475149,0.9061642794823204,0.9905505597847095,2.0,2.0,False,main,False
11911,8,8,13.686299912752485,1.3137000872475149,0.9124199941834991,0.9912303996894065,1.0,1.0,False,main,False
11911,9,9,14.686299912752485,1.3137000872475149,0.9178937445470303,0.9918189701980489,-1.0,-1.0,True,main,False
10477,0,1,5.787910842220232,2.2120891577797672,0.723488855277529,0.9326722466368473,33.0,14.0,False,main,True
10477,0,2,5.787910842220232,3.2120891577797672,0.643101204691137,0.8728312534546621,56.0,19.0,False,main,False
10477,0,3,5.787910842220232,4.212089157779767,0.5787910842220232,0.8146519937645755,92.0,26.0,False,main,False
10477,0,4,5.787910842220232,5.212089157779767,0.5261737129291121,0.7610726934368681,149.0,34.0,False,main,True
10477,0,5,5.787910842220232,6.212089157779767,0.4823259035183527,0.7126657965548217,243.0,45.0,False,main,True
4078,1,1,6.888162022075233,1.1118379779247674,0.8610202527594041,0.9895041965945223,13.0,8.0,False,main,True
6430,0,1,5.734001430280205,2.265998569719794,0.7167501787850257,0.928936441024746,34.0,14.0,False,main,True
2270,0,1,5.745892320444522,2.254107679555478,0.7182365400555653,0.9297668373635175,34.0,14.0,False,main,True
3205,0,1,5.637290698065684,2.3627093019343164,0.7046613372582105,0.9220509196284441,36.0,14.0,False,main,True
11655,0,1,5.62183574779039,2.3781642522096096,0.7027294684737988,0.9209291404108673,37.0,14.0,False,main,True
1167,0,1,5.721753252424293,2.2782467475757073,0.7152191565530366,0.9280773469600581,34.0,14.0,False,main,True
636,1,1,6.663042757371009,1.3369572426289906,0.8328803446713762,0.9813943895462756,15.0,8.0,False,main,True
4356,1,1,6.879129720148233,1.120870279851767,0.8598912150185292,0.9892211010274217,13.0,8.0,False,main,True
11634,0,1,5.7948561766399385,2.2051438233600615,0.7243570220799923,0.9331481102904114,33.0,14.0,False,main,True
222,1,1,6.804260941458594,1.1957390585414065,0.8505326176823242,0.98673493301221,14.0,8.0,False,main,True
10252,0,1,5.755275170655828,2.2447248293441717,0.7194093963319785,0.9304195456879536,33.0,14.0,False,main,True
10252,0,2,5.755275170655828,3.2447248293441717,0.6394750189617587,0.8702961669816343,57.0,19.0,False,main,False
10252,0,3,5.755275170655828,4.244724829344172,0.5755275170655828,0.8120530009960069,94.0,26.0,False,main,True
10252,0,4,5.755275170655828,5.244724829344172,0.5232068336959844,0.7585016787509727,153.0,35.0,False,main,True
1349,0,1,5.642319615916168,2.3576803840838316,0.705289951989521,0.9224146775418545,36.0,14.0,False,main,True
11095,1,1,6.658612154811095,1.3413878451889052,0.8323265193513869,0.9812136248394714,15.0,8.0,False,main,True
11095,2,2,7.658612154811095,1.3413878451889052,0.8509569060901216,0.9835962464262358,12.0,7.0,False,main,False
11095,3,3,8.658612154811095,1.3413878451889052,0.8658612154811095,0.9854422956826864,10.0,6.0,False,main,False
11095,4,4,9.658612154811095,1.3413878451889052,0.8780556504373723,0.9869147418338509,8.0,5.0,False,main,False
11095,5,5,10.658612154811095,1.3413878451889052,0.8882176795675912,0.9881166074424306,6.0,4.0,False,main,False
11095,6,6,11.658612154811095,1.3413878451889052,0.8968163196008535,0.9891162167570451,4.0,3.0,False,main,False
11095,7,7,12.658612154811095,1.3413878451889052,0.9041865824865069,0.9899606721275482,2.0,2.0,False,main,False
11095,8,8,13.658612154811095,1.3413878451889052,0.910574143654073,0.9906835012073318,1.0,1.0,False,main,False
11095,9,9,14.658612154811095,1.3413878451889052,0.9161632596756935,0.9913092192162575,-1.0,-1.0,True,main,False
3079,1,1,6.685490514725888,1.3145094852741115,0.835686314340736,0.9822981663434474,15.0,8.0,False,main,True
3079,2,2,7.685490514725888,1.3145094852741115,0.8539433905250987,0.9845402094006234,12.0,7.0,False,main,True
3079,3,3,8.685490514725888,1.3145094852741115,0.8685490514725889,0.9862779640543937,10.0,6.0,False,main,False
3079,4,4,9.685490514725888,1.3145094852741115,0.8804991377023534,0.9876644186021589,8.0,5.0,False,main,False
3079,5,5,10.685490514725888,1.3145094852741115,0.8904575428938241,0.9887963461830285,6.0,4.0,False,main,False
3079,6,6,11.685490514725888,1.3145094852741115,0.8988838857481453,0.9897379577846774,4.0,3.0,False,main,False
3079,7,7,12.685490514725888,1.3145094852741115,0.9061064653375634,0.9905335375369768,2.0,2.0,False,main,False
3079,8,8,13.685490514725888,1.3145094852741115,0.9123660343150592,0.9912146173068028,1.0,1.0,False,main,False
3079,9,9,14.685490514725888,1.3145094852741115,0.917843157170368,0.9918042592846388,-1.0,-1.0,True,main,False
10982,1,1,6.6476828347946695,1.3523171652053303,0.8309603543493337,0.9807643836094033,15.0,8.0,False,main,True
10982,2,2,7.6476828347946695,1.3523171652053303,0.8497425371994077,0.9832053162828795,12.0,7.0,False,main,False
10982,3,3,8.647682834794669,1.3523171652053303,0.864768283479467,0.9850962685438387,10.0,6.0,False,main,False
10982,4,4,9.647682834794669,1.3523171652053303,0.8770620758904245,0.9866043597041466,8.0,5.0,False,main,False
10982,5,5,10.647682834794669,1.3523171652053303,0.8873069028995558,0.9878352091670335,6.0,4.0,False,main,False
10982,6,6,11.647682834794669,1.3523171652053303,0.8959756026765131,0.9888588495115508,4.0,3.0,False,main,False
10982,7,7,12.647682834794669,1.3523171652053303,0.9034059167710479,0.9897235530822794,2.0,2.0,False,main,False
10982,8,8,13.647682834794669,1.3523171652053303,0.9098455223196447,0.9904636758141835,1.0,1.0,False,main,False
10982,9,9,14.647682834794669,1.3523171652053303,0.9154801771746669,0.9911043357877843,-1.0,-1.0,True,main,False
5145,1,1,6.7448933304839995,1.2551066695160005,0.8431116663104999,0.9845908973121145,14.0,8.0,False,main,True
9753,1,1,6.87025056408533,1.12974943591467,0.8587813205106662,0.9889392306942976,13.0,8.0,False,main,True
9753,2,2,7.87025056408533,1.12974943591467,0.87447228489837,0.990326927334361,11.0,7.0,False,main,False
9753,3,3,8.87025056408533,1.12974943591467,0.887025056408533,0.9914051919660836,9.0,6.0,False,main,False
9753,4,4,9.87025056408533,1.12974943591467,0.8972955058259391,0.9922671506616678,7.0,5.0,False,main,False
9753,5,5,10.87025056408533,1.12974943591467,0.9058542136737775,0.992971963944154,5.0,4.0,False,main,False
9753,6,6,11.87025056408533,1.12974943591467,0.913096197237333,0.9935590191135095,4.0,3.0,False,main,False
9753,7,7,12.87025056408533,1.12974943591467,0.9193036117203807,0.9940555547319735,2.0,2.0,False,main,False
9753,8,8,13.87025056408533,1.12974943591467,0.924683370939022,0.9944810095425939,1.0,1.0,False,main,False
9753,9,9,14.87025056408533,1.12974943591467,0.9293906602553331,0.9948496279585697,-1.0,-1.0,True,main,False
4872,1,1,6.632628350475286,1.3673716495247143,0.8290785438094107,0.9801378558856577,15.0,8.0,False,main,True
9649,1,1,6.716905714658508,1.283094285341492,0.8396132143323135,0.9835287477592707,15.0,8.0,False,main,True
9649,2,2,7.716905714658508,1.283094285341492,0.8574339682953898,0.9856116226124318,12.0,7.0,False,main,False
9649,3,3,8.716905714658509,1.283094285341492,0.8716905714658509,0.9872266908140078,9.0,6.0,False,main,False
9649,4,4,9.716905714658509,1.283094285341492,0.8833550649689553,0.9885156822273311,7.0,5.0,False,main,False
9649,5,5,10.716905714658509,1.283094285341492,0.8930754762215424,0.9895683136391765,6.0,4.0,False,main,False
9649,6,6,11.716905714658509,1.283094285341492,0.9013004395891161,0.9904441480425268,4.0,3.0,False,main,False
9649,7,7,12.716905714658509,1.283094285341492,0.9083504081898935,0.9911842829713291,2.0,2.0,False,main,False
9649,8,8,13.716905714658509,1.283094285341492,0.9144603809772339,0.9918179924667343,1.0,1.0,False,main,False
9649,9,9,14.716905714658509,1.283094285341492,0.9198066071661568,0.9923666942022136,-1.0,-1.0,True,main,False
6266,1,1,6.855927531354297,1.144072468645703,0.8569909414192871,0.9884771149277215,14.0,8.0,False,main,True
6266,2,2,7.855927531354297,1.144072468645703,0.8728808368171441,0.9899238710363093,11.0,7.0,False,main,False
6266,3,3,8.855927531354297,1.144072468645703,0.8855927531354297,0.9910478057522292,9.0,6.0,False,main,False
6266,4,4,9.855927531354297,1.144072468645703,0.8959934119412997,0.9919461358198056,7.0,5.0,False,main,False
6266,5,5,10.855927531354297,1.144072468645703,0.904660627612858,0.992680599801712,5.0,4.0,False,main,False
6266,6,6,11.855927531354297,1.144072468645703,0.9119944254887921,0.993292290509893,4.0,3.0,False,main,False
6266,7,7,12.855927531354297,1.144072468645703,0.9182805379538783,0.9938096198709373,2.0,2.0,False,main,False
6266,8,8,13.855927531354297,1.144072468645703,0.9237285020902865,0.9942528603980825,1.0,1.0,False,main,False
6266,9,9,14.855927531354297,1.144072468645703,0.9284954707096436,0.9946368652596178,-1.0,-1.0,True,main,False
3168,1,1,6.688748630820246,1.3112513691797536,0.8360935788525308,0.9824276570237347,15.0,8.0,False,main,True
3168,2,2,7.688748630820246,1.3112513691797536,0.8543054034244718,0.9846529340514872,12.0,7.0,False,main,False
3168,3,3,8.688748630820246,1.3112513691797536,0.8688748630820247,0.9863777690994504,10.0,6.0,False,main,False
3168,4,4,9.688748630820246,1.3112513691797536,0.8807953300745678,0.9877539624139734,8.0,5.0,False,main,False
3168,5,5,10.688748630820246,1.3112513691797536,0.8907290525683539,0.9888775428657736,6.0,4.0,False,main,False
3168,6,6,11.688748630820246,1.3112513691797536,0.8991345100630959,0.9898122313791926,4.0,3.0,False,main,False
3168,7,7,12.688748630820246,1.3112513691797536,0.9063391879157319,0.9906019762052793,2.0,2.0,False,main,False
3168,8,8,13.688748630820246,1.3112513691797536,0.9125832420546831,0.9912780712868635,1.0,1.0,False,main,False
3168,9,9,14.688748630820246,1.3112513691797536,0.9180467894262654,0.991863405555298,-1.0,-1.0,True,main,False
11059,1,1,6.689686761328446,1.3103132386715546,0.8362108451660557,0.9824648624898871,15.0,8.0,False,main,True
11059,2,2,7.689686761328446,1.3103132386715546,0.8544096401476051,0.984685323016713,12.0,7.0,False,main,False
11059,3,3,8.689686761328446,1.3103132386715546,0.8689686761328446,0.9864064463987039,10.0,6.0,False,main,False
11059,4,4,9.689686761328446,1.3103132386715546,0.8808806146662224,0.987779691674368,8.0,5.0,False,main,False
11059,5,5,10.689686761328446,1.3103132386715546,0.8908072301107038,0.9889008739454338,6.0,4.0,False,main,False
11059,6,6,11.689686761328446,1.3103132386715546,0.899206673948342,0.9898335733721849,4.0,3.0,False,main,False
11059,7,7,12.689686761328446,1.3103132386715546,0.9064061972377461,0.9906216417246582,2.0,2.0,False,main,False
11059,8,8,13.689686761328446,1.3103132386715546,0.912645784088563,0.9912963045995841,1.0,1.0,False,main,False
11059,9,9,14.689686761328446,1.3103132386715546,0.9181054225830279,0.9918804011563205,-1.0,-1.0,True,main,False
1558,1,1,6.8475726711869545,1.1524273288130455,0.8559465838983693,0.9882033430106681,14.0,8.0,False,main,True
9606,0,1,5.819043356199344,2.180956643800656,0.727380419524918,0.9347955250067689,32.0,14.0,False,main,True
9606,0,2,5.819043356199344,3.180956643800656,0.6465603729110383,0.8752337659013618,55.0,19.0,False,main,False
9606,0,3,5.819043356199344,4.180956643800656,0.5819043356199345,0.8171201584538235,90.0,26.0,False,main,True
9606,0,4,5.819043356199344,5.180956643800656,0.5290039414726677,0.7635168132759426,145.0,34.0,False,main,True
9542,0,1,5.6176501661817095,2.3823498338182905,0.7022062707727137,0.9206243321138323,37.0,14.0,False,main,True
9542,0,2,5.6176501661817095,3.3823498338182905,0.6241833517979677,0.8594214647791707,63.0,20.0,False,main,False
9542,0,3,5.6176501661817095,4.3823498338182905,0.5617650166181709,0.8009625169171644,105.0,27.0,False,main,True
1591,0,1,5.593535425883108,2.406464574116892,0.6991919282353884,0.9188599301468467,37.0,14.0,False,main,True
230,1,1,6.952150808799966,1.0478491912000338,0.8690188510999958,0.9914033081760205,13.0,8.0,False,main,True
4544,1,1,6.708539659784087,1.2914603402159126,0.8385674574730109,0.9832049721853013,15.0,8.0,False,main,True
11523,1,1,6.975314492006923,1.0246855079930768,0.8719143115008654,0.9920440782386842,13.0,8.0,False,main,True
11523,2,2,7.975314492006923,1.0246855079930768,0.8861460546674359,0.9930366997989815,10.0,7.0,False,main,False
11523,3,3,8.975314492006923,1.0246855079930768,0.8975314492006923,0.9938091021977358,8.0,6.0,False,main,False
11523,4,4,9.975314492006923,1.0246855079930768,0.9068467720006294,0.9944272544421863,7.0,5.0,False,main,False
11523,5,5,10.975314492006923,1.0246855079930768,0.9146095410005769,0.9949331683786172,5.0,4.0,False,main,False
11523,6,6,11.975314492006923,1.0246855079930768,0.9211780378466864,0.9953548689283176,4.0,3.0,False,main,False
11523,7,7,12.975314492006923,1.0246855079930768,0.9268081780004945,0.9957117676962342,2.0,2.0,False,main,False
11523,8,8,13.975314492006923,1.0246855079930768,0.9316876328004615,0.9960177359591726,1.0,1.0,False,main,False
11523,9,9,14.975314492006923,1.0246855079930768,0.9359571557504327,0.9962829496406362,-1.0,-1.0,True,main,False
8386,0,1,5.73270640219271,2.2672935978072903,0.7165883002740887,0.9288457864899164,34.0,14.0,False,main,True
8386,0,2,5.73270640219271,3.2672935978072903,0.6369673780214122,0.8685331953494833,58.0,19.0,False,main,False
8386,0,3,5.73270640219271,4.26729359780729,0.573270640219271,0.810248740430044,96.0,26.0,False,main,True
8386,0,4,5.73270640219271,5.26729359780729,0.5211551274720645,0.7567184108345812,156.0,35.0,False,main,True
8834,1,1,6.715316742996483,1.2846832570035174,0.8394145928745603,0.9834674738343128,15.0,8.0,False,main,True
1611,1,1,6.6103167600276675,1.3896832399723327,0.8262895950034584,0.9791929947988418,16.0,8.0,False,main,True
3362,1,1,6.823964273231305,1.1760357267686947,0.8529955341539132,0.9874131037081876,14.0,8.0,False,main,True
2938,1,1,6.600337573229373,1.3996624267706266,0.8250421966536716,0.97876414405518,16.0,8.0,False,main,True
10531,1,1,6.890006841017896,1.1099931589821042,0.861250855127237,0.9895615654161977,13.0,8.0,False,main,True
10531,2,2,7.890006841017896,1.1099931589821042,0.8766674267797662,0.9908698274204177,11.0,7.0,False,main,False
10531,3,3,8.890006841017897,1.1099931589821042,0.8890006841017897,0.9918866452310012,9.0,6.0,False,main,False
10531,4,4,9.890006841017897,1.1099931589821042,0.899091531001627,0.9926996551859907,7.0,5.0,False,main,False
10531,5,5,10.890006841017897,1.1099931589821042,0.9075005700848248,0.9933645560543279,5.0,4.0,False,main,False
10531,6,6,11.890006841017897,1.1099931589821042,0.9146159108475305,0.9939184439597037,4.0,3.0,False,main,False
10531,7,7,12.890006841017897,1.1099931589821042,0.9207147743584212,0.9943869805935626,2.0,2.0,False,main,False
10531,8,8,13.890006841017897,1.1099931589821042,0.9260004560678597,0.994788483864841,1.0,1.0,False,main,False
10531,9,9,14.890006841017897,1.1099931589821042,0.9306254275636185,0.9951363796309411,-1.0,-1.0,True,main,False
5691,1,1,6.724143470279609,1.2758565297203912,0.8405179337849511,0.9838065348757803,15.0,8.0,False,main,True
9490,0,1,5.601223189047664,2.3987768109523366,0.700152898630958,0.9194239498459291,37.0,14.0,False,main,True
9490,0,2,5.601223189047664,3.3987768109523366,0.6223581321164071,0.8581037875777076,64.0,20.0,False,main,False
9490,0,3,5.601223189047664,4.398776810952336,0.5601223189047664,0.7996247287071523,107.0,27.0,False,main,False
9490,0,4,5.601223189047664,5.398776810952336,0.5092021080952421,0.7462429390019597,176.0,37.0,False,main,True
9490,0,5,5.601223189047664,6.398776810952336,0.46676859908730534,0.6982526014731645,294.0,48.0,False,main,True
1625,1,1,6.782752649843646,1.2172473501563537,0.8478440812304557,0.9859754979293173,14.0,8.0,False,main,True
3558,1,1,6.644864542163289,1.3551354578367116,0.8306080677704111,0.9806477729522711,15.0,8.0,False,main,True
3440,1,1,6.738191266437971,1.2618087335620296,0.8422739083047464,0.984339510625847,15.0,8.0,False,main,True
8320,1,1,6.838062338786269,1.1619376612137313,0.8547577923482836,0.9878879526731208,14.0,8.0,False,main,True
8320,2,2,7.838062338786269,1.1619376612137313,0.8708958154206966,0.989410095678428,11.0,7.0,False,main,False
8320,3,3,8.83806233878627,1.1619376612137313,0.8838062338786269,0.9905923076085599,9.0,6.0,False,main,False
8320,4,4,9.83806233878627,1.1619376612137313,0.8943693035260245,0.9915370377425555,7.0,5.0,False,main,False
8320,5,5,10.83806233878627,1.1619376612137313,0.9031718615655224,0.9923093205137584,5.0,4.0,False,main,False
8320,6,6,11.83806233878627,1.1619376612137313,0.9106201799066361,0.9929524281931312,4.0,3.0,False,main,False
8320,7,7,12.83806233878627,1.1619376612137313,0.9170044527704478,0.9934962716183986,2.0,2.0,False,main,False
8320,8,8,13.83806233878627,1.1619376612137313,0.922537489252418,0.9939621880946755,1.0,1.0,False,main,False
8320,9,9,14.83806233878627,1.1619376612137313,0.9273788961741418,0.9943658080323088,-1.0,-1.0,True,main,False
871,1,1,6.854222963022982,1.1457770369770173,0.8567778703778728,0.9884215109687003,14.0,8.0,False,main,True
871,2,2,7.854222963022982,1.1457770369770173,0.872691440335887,0.9898753776352333,11.0,7.0,False,main,False
871,3,3,8.854222963022982,1.1457770369770173,0.8854222963022982,0.9910048099978953,9.0,6.0,False,main,False
871,4,4,9.854222963022982,1.1457770369770173,0.8958384511839075,0.9919075178168266,7.0,5.0,False,main,False
871,5,5,10.854222963022982,1.1457770369770173,0.9045185802519152,0.9926455502810875,5.0,4.0,False,main,False
871,6,6,11.854222963022982,1.1457770369770173,0.9118633048479217,0.9932602056549104,4.0,3.0,False,main,False
871,7,7,12.854222963022982,1.1457770369770173,0.9181587830730702,0.9937800371883349,2.0,2.0,False,main,False
871,8,8,13.854222963022982,1.1457770369770173,0.9236148642015322,0.9942254178020358,1.0,1.0,False,main,False
871,9,9,14.854222963022982,1.1457770369770173,0.9283889351889364,0.9946112739653509,-1.0,-1.0,True,main,False
8400,1,1,6.635526213873905,1.3644737861260956,0.8294407767342381,0.9802591498796072,15.0,8.0,False,main,True
8400,2,2,7.635526213873905,1.3644737861260956,0.848391801541545,0.9827657167174462,12.0,7.0,False,main,False
8400,3,3,8.635526213873906,1.3644737861260956,0.8635526213873904,0.9847071995257527,10.0,6.0,False,main,False
8400,4,4,9.635526213873906,1.3644737861260956,0.8759569285339913,0.9862553958440571,8.0,5.0,False,main,False
8400,5,5,10.635526213873906,1.3644737861260956,0.8862938511561587,0.9875188512286449,6.0,4.0,False,main,False
8400,6,6,11.635526213873906,1.3644737861260956,0.8950404779903003,0.9885695226300902,4.0,3.0,False,main,False
8400,7,7,12.635526213873906,1.3644737861260956,0.9025375867052788,0.9894570000207201,2.0,2.0,False,main,False
8400,8,8,13.635526213873906,1.3644737861260956,0.9090350809249269,0.990216571940967,1.0,1.0,False,main,False
8400,9,9,14.635526213873906,1.3644737861260956,0.9147203883671191,0.9908740351475276,-1.0,-1.0,True,main,False
6064,1,1,6.682336130641278,1.3176638693587224,0.8352920163301597,0.9821723898282336,15.0,8.0,False,main,True
6064,2,2,7.682336130641278,1.3176638693587224,0.8535929034045864,0.9844307218433855,12.0,7.0,False,main,True
6064,3,3,8.682336130641279,1.3176638693587224,0.8682336130641278,0.9861810276767101,10.0,6.0,False,main,False
6064,4,4,9.682336130641279,1.3176638693587224,0.8802123755128435,0.9875774503482292,8.0,5.0,False,main,False
6064,5,5,10.682336130641279,1.3176638693587224,0.8901946775534398,0.9887174863070002,6.0,4.0,False,main,False
6064,6,6,11.682336130641279,1.3176638693587224,0.8986412408185599,0.9896658227630064,4.0,3.0,False,main,False
6064,7,7,12.682336130641279,1.3176638693587224,0.9058811521886627,0.9904670702160318,2.0,2.0,False,main,False
6064,8,8,13.682336130641279,1.3176638693587224,0.9121557420427518,0.9911529917080996,1.0,1.0,False,main,False
6064,9,9,14.682336130641279,1.3176638693587224,0.9176460081650799,0.9917468177661869,-1.0,-1.0,True,main,False
2530,1,1,6.693047257010219,1.3069527429897807,0.8366309071262774,0.9825978443089816,15.0,8.0,False,main,True
4301,1,1,6.863423302629016,1.1365766973709843,0.857927912828627,0.9887200980032983,14.0,8.0,False,main,True
1875,1,1,6.647605250065928,1.3523947499340712,0.830950656258241,0.980761177636747,15.0,8.0,False,main,True
192,1,1,6.633873072539839,1.3661269274601608,0.8292341340674799,0.9801899957601619,15.0,8.0,False,main,True
9289,1,1,6.930978858140101,1.0690211418598996,0.8663723572675126,0.9907957775000764,13.0,8.0,False,main,True
12132,1,1,6.8006445410616285,1.199355458938371,0.8500805676327036,0.9866086328816623,14.0,8.0,False,main,True
4828,1,1,6.669743572285316,1.3302564277146847,0.8337179465356644,0.9816662890433646,15.0,8.0,False,main,True
9755,1,1,6.693263914439312,1.3067360855606882,0.836657989304914,0.982606402182652,15.0,8.0,False,main,True
9755,2,2,7.693263914439312,1.3067360855606882,0.854807101604368,0.9848085424636133,12.0,7.0,False,main,False
9755,3,3,8.693263914439312,1.3067360855606882,0.8693263914439312,0.9865155473605665,10.0,6.0,False,main,False
9755,4,4,9.693263914439312,1.3067360855606882,0.8812058104035738,0.9878775784570364,7.0,5.0,False,main,False
9755,5,5,10.693263914439312,1.3067360855606882,0.891105326203276,0.9889896379277309,6.0,4.0,False,main,False
9755,6,6,11.693263914439312,1.3067360855606882,0.8994818395722548,0.9899147705988354,4.0,3.0,False,main,False
9755,7,7,12.693263914439312,1.3067360855606882,0.9066617081742365,0.9906964612994927,2.0,2.0,False,main,False
9755,8,8,13.693263914439312,1.3067360855606882,0.9128842609626208,0.9913656756790983,1.0,1.0,False,main,False
9755,9,9,14.693263914439312,1.3067360855606882,0.918328994652457,0.9919450635880218,-1.0,-1.0,True,main,False
276,1,1,6.713462963499328,1.2865370365006719,0.839182870437416,0.9833958572682796,15.0,8.0,False,main,True
4002,0,1,5.765135648635278,2.234864351364722,0.7206419560794097,0.9311030559782756,33.0,14.0,False,main,True
2893,1,1,6.590395175979259,1.4096048240207417,0.8237993969974073,0.9783330650200138,16.0,8.0,False,main,True
1569,1,1,6.82142897822612,1.17857102177388,0.852678622278265,0.9873267876521389,14.0,8.0,False,main,True
5729,1,1,6.612697497083335,1.3873025029166643,0.8265871871354169,0.9792947374799396,16.0,8.0,False,main,True
1624,1,1,6.735312016826398,1.264687983173602,0.8419140021032997,0.9842309386391395,15.0,8.0,False,main,True
890,1,1,6.81863398286169,1.1813660171383096,0.8523292478577112,0.9872313050905339,14.0,8.0,False,main,True
890,2,2,7.81863398286169,1.1813660171383096,0.8687371092068544,0.988837586986081,11.0,7.0,False,main,True
890,3,3,8.81863398286169,1.1813660171383096,0.8818633982861691,0.9900848176208892,9.0,6.0,False,main,False
890,4,4,9.81863398286169,1.1813660171383096,0.8926030893510628,0.9910813004630936,7.0,5.0,False,main,False
890,5,5,10.81863398286169,1.1813660171383096,0.9015528319051409,0.9918957550541938,5.0,4.0,False,main,False
890,6,6,11.81863398286169,1.1813660171383096,0.9091256909893608,0.9925738893023683,4.0,3.0,False,main,False
890,7,7,12.81863398286169,1.1813660171383096,0.9156167130615493,0.9931472884678101,2.0,2.0,False,main,False
890,8,8,13.81863398286169,1.1813660171383096,0.9212422655241127,0.9936384789317738,1.0,1.0,False,main,False
890,9,9,14.81863398286169,1.1813660171383096,0.9261646239288557,0.9940639588256641,-1.0,-1.0,True,main,False
6901,1,1,6.654154400120739,1.345845599879261,0.8317693000150924,0.9810309643422819,15.0,8.0,False,main,True
625,1,1,6.6125384062654025,1.387461593734597,0.8265673007831753,0.9792879454506077,16.0,8.0,False,main,True
5471,1,1,6.610586001960428,1.3894139980395717,0.8263232502450535,0.9792045120677914,16.0,8.0,False,main,True
9604,1,1,6.708319586207644,1.2916804137923568,0.8385399482759555,0.9831964163608716,15.0,8.0,False,main,True
9604,2,2,7.708319586207644,1.2916804137923568,0.8564799540230715,0.985322239993591,12.0,7.0,False,main,False
9604,3,3,8.708319586207644,1.2916804137923568,0.8708319586207643,0.9869704206036104,10.0,6.0,False,main,False
9604,4,4,9.708319586207644,1.2916804137923568,0.8825745078370585,0.9882857214419853,7.0,5.0,False,main,False
9604,5,5,10.708319586207644,1.2916804137923568,0.8923599655173037,0.989359761254538,6.0,4.0,False,main,False
9604,6,6,11.708319586207644,1.2916804137923568,0.9006399681698187,0.990253356234299,4.0,3.0,False,main,False
9604,7,7,12.708319586207644,1.2916804137923568,0.907737113300546,0.9910084633036511,2.0,2.0,False,main,False
9604,8,8,13.708319586207644,1.2916804137923568,0.9138879724138429,0.9916549655377183,1.0,1.0,False,main,False
9604,9,9,14.708319586207644,1.2916804137923568,0.9192699741379777,0.9922147242836146,-1.0,-1.0,True,main,False
11839,1,1,6.620291582791785,1.3797084172082144,0.8275364478489732,0.9796178080558585,16.0,8.0,False,main,True
11839,2,2,7.620291582791785,1.3797084172082144,0.8466990647546428,0.9822077739595327,12.0,7.0,False,main,True
11839,3,3,8.620291582791786,1.3797084172082144,0.8620291582791786,0.9842134465974601,10.0,6.0,False,main,False
11839,4,4,9.620291582791786,1.3797084172082144,0.8745719620719806,0.985812578459927,8.0,5.0,False,main,False
11839,5,5,10.620291582791786,1.3797084172082144,0.8850242985659822,0.9871174380683473,6.0,4.0,False,main,False
11839,6,6,11.620291582791786,1.3797084172082144,0.8938685832916758,0.9882024298628446,4.0,3.0,False,main,False
11839,7,7,12.620291582791786,1.3797084172082144,0.9014493987708418,0.9891188191295947,2.0,2.0,False,main,False
11839,8,8,13.620291582791786,1.3797084172082144,0.9080194388527858,0.9899030798936868,1.0,1.0,False,main,False
11839,9,9,14.620291582791786,1.3797084172082144,0.9137682239244866,0.9905818714382869,-1.0,-1.0,True,main,False
1541,0,1,5.7532528673354495,2.2467471326645505,0.7191566084169312,0.9302790560919283,33.0,14.0,False,main,True
5845,1,1,6.879368294258027,1.1206317057419726,0.8599210367822534,0.9892286257828624,13.0,8.0,False,main,True
5126,1,1,6.88955194229122,1.1104480577087803,0.8611939927864025,0.9895474335948248,13.0,8.0,False,main,True
5126,2,2,7.88955194229122,1.1104480577087803,0.8766168824768023,0.9908574980708101,11.0,7.0,False,main,False
5126,3,3,8.88955194229122,1.1104480577087803,0.8889551942291221,0.991875710456507,9.0,6.0,False,main,False
5126,4,4,9.88955194229122,1.1104480577087803,0.8990501765719291,0.9926898315012695,7.0,5.0,False,main,False
5126,5,5,10.88955194229122,1.1104480577087803,0.9074626618576017,0.9933556384519191,5.0,4.0,False,main,False
5126,6,6,11.88955194229122,1.1104480577087803,0.9145809186377861,0.9939102793864988,4.0,3.0,False,main,False
5126,7,7,12.88955194229122,1.1104480577087803,0.92068228159223,0.9943794517608164,2.0,2.0,False,main,False
5126,8,8,13.88955194229122,1.1104480577087803,0.9259701294860814,0.9947814989093896,1.0,1.0,False,main,False
5126,9,9,14.88955194229122,1.1104480577087803,0.9305969963932013,0.9951298652608644,-1.0,-1.0,True,main,False
8309,1,1,6.81320095718784,1.1867990428121602,0.85165011964848,0.9870447294875737,14.0,8.0,False,main,True
8309,2,2,7.81320095718784,1.1867990428121602,0.8681334396875378,0.98867494010734,11.0,7.0,False,main,False
8309,3,3,8.81320095718784,1.1867990428121602,0.881320095718784,0.9899406572067236,9.0,6.0,False,main,False
8309,4,4,9.81320095718784,1.1867990428121602,0.8921091779261673,0.9909518518415008,7.0,5.0,False,main,False
8309,5,5,10.81320095718784,1.1867990428121602,0.9011000797656533,0.9917782928290259,5.0,4.0,False,main,False
8309,6,6,11.81320095718784,1.1867990428121602,0.9087077659375262,0.9924663813570817,4.0,3.0,False,main,False
8309,7,7,12.81320095718784,1.1867990428121602,0.9152286397991315,0.9930481791660247,2.0,2.0,False,main,False
8309,8,8,13.81320095718784,1.1867990428121602,0.9208800638125226,0.9935465509306467,1.0,1.0,False,main,False
8309,9,9,14.81320095718784,1.1867990428121602,0.92582505982424,0.993978241604317,-1.0,-1.0,True,main,False
10732,1,1,6.634817647781281,1.3651823522187192,0.8293522059726601,0.980229522310166,15.0,8.0,False,main,True
10732,2,2,7.634817647781281,1.3651823522187192,0.8483130719756979,0.9827399398250651,12.0,7.0,False,main,False
10732,3,3,8.634817647781281,1.3651823522187192,0.8634817647781281,0.9846843868189545,10.0,6.0,False,main,False
10732,4,4,9.634817647781281,1.3651823522187192,0.8758925134346619,0.9862349355241171,8.0,5.0,False,main,False
10732,5,5,10.634817647781281,1.3651823522187192,0.8862348039817735,0.9875003032746094,6.0,4.0,False,main,False
10732,6,6,11.634817647781281,1.3651823522187192,0.8949859729062524,0.988552559970401,4.0,3.0,False,main,False
10732,7,7,12.634817647781281,1.3651823522187192,0.9024869748415201,0.9894413729101745,2.0,2.0,False,main,False
10732,8,8,13.634817647781281,1.3651823522187192,0.9089878431854187,0.990202085359058,1.0,1.0,False,main,False
10732,9,9,14.634817647781281,1.3651823522187192,0.9146761029863301,0.990860533894247,-1.0,-1.0,True,main,False
4611,1,1,6.653692863757864,1.3463071362421362,0.831711607969733,0.9810120074022791,15.0,8.0,False,main,True
7877,1,1,6.8677628476278265,1.1322371523721733,0.8584703559534783,0.9888596243167436,13.0,8.0,False,main,True
7877,2,2,7.8677628476278265,1.1322371523721733,0.8741958719586473,0.990257490319875,11.0,7.0,False,main,False
7877,3,3,8.867762847627827,1.1322371523721733,0.8867762847627827,0.991343619747206,9.0,6.0,False,main,False
7877,4,4,9.867762847627827,1.1322371523721733,0.8970693497843478,0.99221184249235,7.0,5.0,False,main,False
7877,5,5,10.867762847627827,1.1322371523721733,0.9056469039689855,0.992921762732707,5.0,4.0,False,main,False
7877,6,6,11.867762847627827,1.1322371523721733,0.9129048344329097,0.9935130613160191,4.0,3.0,False,main,False
7877,7,7,12.867762847627827,1.1322371523721733,0.9191259176877019,0.994013178786496,2.0,2.0,False,main,False
7877,8,8,13.867762847627827,1.1322371523721733,0.9245175231751884,0.9944416974269004,1.0,1.0,False,main,False
7877,9,9,14.867762847627827,1.1322371523721733,0.9292351779767392,0.9948129664614552,-1.0,-1.0,True,main,False
11521,0,1,5.703088462899345,2.296911537100655,0.7128860578624181,0.926760914351612,35.0,14.0,False,main,True
9622,1,1,6.738259263752152,1.2617407362478485,0.842282407969019,0.9843420705285676,15.0,8.0,False,main,True
9622,2,2,7.738259263752152,1.2617407362478485,0.8598065848613502,0.9863199511517425,12.0,7.0,False,main,False
9622,3,3,8.738259263752152,1.2617407362478485,0.8738259263752152,0.9878540473765919,9.0,6.0,False,main,False
9622,4,4,9.738259263752152,1.2617407362478485,0.8852962967047411,0.9890786878138189,7.0,5.0,False,main,False
9622,5,5,10.738259263752152,1.2617407362478485,0.8948549386460126,0.9900789462367307,6.0,4.0,False,main,False
9622,6,6,11.738259263752152,1.2617407362478485,0.902943020288627,0.9909113251354947,4.0,3.0,False,main,False
9622,7,7,12.738259263752152,1.2617407362478485,0.9098756616965823,0.9916148226126447,2.0,2.0,False,main,False
9622,8,8,13.738259263752152,1.2617407362478485,0.9158839509168101,0.9922172244838028,1.0,1.0,False,main,False
9622,9,9,14.738259263752152,1.2617407362478485,0.9211412039845095,0.992738864028173,-1.0,-1.0,True,main,False
4179,0,1,5.645472671907366,2.354527328092634,0.7056840839884208,0.9226424318616968,36.0,14.0,False,main,True
11,1,1,6.771326478870534,1.2286735211294666,0.8464158098588167,0.9855640047456078,14.0,8.0,False,main,True
12087,0,1,5.617999579116542,2.3820004208834584,0.7022499473895677,0.9206497938687852,37.0,14.0,False,main,True
10691,1,1,6.657359890999754,1.3426401090002469,0.8321699863749692,0.9811623919525092,15.0,8.0,False,main,True
10691,2,2,7.657359890999754,1.3426401090002469,0.8508177656666392,0.9835516611642812,12.0,7.0,False,main,False
10691,3,3,8.657359890999754,1.3426401090002469,0.8657359890999754,0.9854028299833465,10.0,6.0,False,main,False
10691,4,4,9.657359890999754,1.3426401090002469,0.8779418082727048,0.9868793404608176,8.0,5.0,False,main,False
10691,5,5,10.657359890999754,1.3426401090002469,0.8881133242499795,0.9880845110709315,6.0,4.0,False,main,False
10691,6,6,11.657359890999754,1.3426401090002469,0.8967199916153656,0.9890868607529397,4.0,3.0,False,main,False
10691,7,7,12.657359890999754,1.3426401090002469,0.904097135071411,0.9899336252096158,2.0,2.0,False,main,False
10691,8,8,13.657359890999754,1.3426401090002469,0.9104906593999835,0.9906584265078197,1.0,1.0,False,main,False
10691,9,9,14.657359890999754,1.3426401090002469,0.9160849931874846,0.9912858485907289,-1.0,-1.0,True,main,False
7323,1,1,6.602505236346943,1.3974947636530568,0.8253131545433678,0.9788576247441794,16.0,8.0,False,main,True
7323,2,2,7.602505236346943,1.3974947636530568,0.8447228040385492,0.9815465626637656,13.0,7.0,False,main,True
7323,3,3,8.602505236346943,1.3974947636530568,0.8602505236346942,0.983628386005024,10.0,6.0,False,main,False
7323,4,4,9.602505236346943,1.3974947636530568,0.8729550214860857,0.9852879291910441,8.0,5.0,False,main,False
7323,5,5,10.602505236346943,1.3974947636530568,0.8835421030289119,0.9866418857632497,6.0,4.0,False,main,False
7323,6,6,11.602505236346943,1.3974947636530568,0.8925004027959187,0.9877675678917393,4.0,3.0,False,main,False
7323,7,7,12.602505236346943,1.3974947636530568,0.9001789454533531,0.9887182305025817,2.0,2.0,False,main,False
7323,8,8,13.602505236346943,1.3974947636530568,0.9068336824231296,0.9895317551166831,1.0,1.0,False,main,False
7323,9,9,14.602505236346943,1.3974947636530568,0.9126565772716839,0.9902358248225487,-1.0,-1.0,True,main,False
4704,0,1,5.809819051753214,2.1901809482467858,0.7262273814691518,0.9341690461506833,32.0,14.0,False,main,True
12070,0,1,5.741061159485983,2.258938840514017,0.7176326449357479,0.9294298880803463,34.0,14.0,False,main,True
518,0,1,5.611109448530347,2.3888905514696535,0.7013886810662934,0.9201471614670517,37.0,14.0,False,main,True
6458,1,1,6.848029708046787,1.1519702919532129,0.8560037135058484,0.9882183991215715,14.0,8.0,False,main,True
7838,1,1,6.611125281800176,1.3888747181998242,0.826390660225022,0.9792275722192475,16.0,8.0,False,main,True
7838,2,2,7.611125281800176,1.3888747181998242,0.8456805868666861,0.9818683288485472,13.0,7.0,False,main,False
7838,3,3,8.611125281800176,1.3888747181998242,0.8611125281800176,0.9839130840956736,10.0,6.0,False,main,False
7838,4,4,9.611125281800176,1.3888747181998242,0.8737386619818341,0.9855432227537346,8.0,5.0,False,main,False
7838,5,5,10.611125281800176,1.3888747181998242,0.8842604401500146,0.9868732832633503,6.0,4.0,False,main,False
7838,6,6,11.611125281800176,1.3888747181998242,0.8931634832153981,0.9879791618277798,4.0,3.0,False,main,False
7838,7,7,12.611125281800176,1.3888747181998242,0.9007946629857269,0.9889131445807713,2.0,2.0,False,main,False
7838,8,8,13.611125281800176,1.3888747181998242,0.9074083521200117,0.9897124277629994,1.0,1.0,False,main,False
7838,9,9,14.611125281800176,1.3888747181998242,0.913195330112511,0.9904041960272664,-1.0,-1.0,True,main,False
9390,1,1,6.720235931760221,1.2797640682397788,0.8400294914700276,0.9836568305859008,15.0,8.0,False,main,True
7575,1,1,6.609639204999772,1.3903607950002275,0.8262049006249715,0.979163998854439,16.0,8.0,False,main,True
349,1,1,6.761926624966,1.2380733750340003,0.84524082812075,0.985221332398207,14.0,8.0,False,main,True
5343,1,1,6.7391971290870165,1.2608028709129835,0.8423996411358771,0.9843773588121421,14.0,8.0,False,main,True
3394,1,1,6.842594661006711,1.1574053389932888,0.8553243326258388,0.9880387552696279,14.0,8.0,False,main,True
3394,2,2,7.842594661006711,1.1574053389932888,0.8713994067785235,0.989541592619286,11.0,7.0,False,main,False
3394,3,3,8.84259466100671,1.1574053389932888,0.8842594661006711,0.9907088824442645,9.0,6.0,False,main,False
3394,4,4,9.84259466100671,1.1574053389932888,0.8947813328187919,0.9916417328791854,7.0,5.0,False,main,False
3394,5,5,10.84259466100671,1.1574053389932888,0.9035495550838926,0.9924043337865794,5.0,4.0,False,main,False
3394,6,6,11.84259466100671,1.1574053389932888,0.9109688200774393,0.9930393990472025,4.0,3.0,False,main,False
3394,7,7,12.84259466100671,1.1574053389932888,0.9173281900719079,0.9935764555238601,2.0,2.0,False,main,False
3394,8,8,13.84259466100671,1.1574053389932888,0.922839644067114,0.9940365677869539,1.0,1.0,False,main,False
3394,9,9,14.84259466100671,1.1574053389932888,0.9276621663129194,0.9944351671845778,-1.0,-1.0,True,main,False
9602,1,1,6.793908075350755,1.206091924649245,0.8492385094188444,0.986371864220958,14.0,8.0,False,main,True
9602,2,2,7.793908075350755,1.206091924649245,0.8659897861500839,0.9880884507456559,11.0,7.0,False,main,False
9602,3,3,8.793908075350755,1.206091924649245,0.8793908075350755,0.9894208822520179,9.0,6.0,False,main,False
9602,4,4,9.793908075350755,1.206091924649245,0.8903552795773414,0.9904851590128235,7.0,5.0,False,main,False
9602,5,5,10.793908075350755,1.206091924649245,0.8994923396125629,0.9913548419390474,5.0,4.0,False,main,False
9602,6,6,11.793908075350755,1.206091924649245,0.9072236981039042,0.9920788369083994,4.0,3.0,False,main,False
9602,7,7,12.793908075350755,1.206091924649245,0.9138505768107682,0.992690926634917,2.0,2.0,False,main,False
9602,8,8,13.793908075350755,1.206091924649245,0.9195938716900504,0.9932151973885978,1.0,1.0,False,main,False
9602,9,9,14.793908075350755,1.206091924649245,0.9246192547094222,0.9936692852445846,-1.0,-1.0,True,main,False
9542,0,4,5.6176501661817095,5.3823498338182905,0.5106954696528827,0.7475597541570143,174.0,36.0,False,main,True
3990,2,2,7.884553672368879,1.1154463276311208,0.8760615191520977,0.9907214945943209,11.0,7.0,False,main,False
3990,3,3,8.88455367236888,1.1154463276311208,0.8884553672368879,0.9917550931310118,9.0,6.0,False,main,False
3990,4,4,9.88455367236888,1.1154463276311208,0.8985957883971708,0.992581472155341,7.0,5.0,False,main,False
3990,5,5,10.88455367236888,1.1154463276311208,0.9070461393640733,0.9932572750254252,5.0,4.0,False,main,False
3990,6,6,11.88455367236888,1.1154463276311208,0.9141964363360676,0.9938202231652657,4.0,3.0,False,main,False
3990,7,7,12.88455367236888,1.1154463276311208,0.9203252623120628,0.9942964086875922,2.0,2.0,False,main,False
3990,8,8,13.88455367236888,1.1154463276311208,0.9256369114912586,0.9947044554825311,1.0,1.0,False,main,False
3990,9,9,14.88455367236888,1.1154463276311208,0.930284604523055,0.9950580128925656,-1.0,-1.0,True,main,False
1459,2,2,7.660260111246448,1.3397398887535519,0.8511400123607165,0.9836548380202262,12.0,7.0,False,main,True
1459,3,3,8.660260111246448,1.3397398887535519,0.8660260111246447,0.9854941600425653,10.0,6.0,False,main,False
1459,4,4,9.660260111246448,1.3397398887535519,0.8782054646587679,0.9869612654475947,8.0,5.0,False,main,False
1459,5,5,10.660260111246448,1.3397398887535519,0.8883550092705373,0.9881587880273035,6.0,4.0,False,main,False
1459,6,6,11.660260111246448,1.3397398887535519,0.896943085480496,0.9891547962343946,4.0,3.0,False,main,False
1459,7,7,12.660260111246448,1.3397398887535519,0.9043042936604605,0.98999621720639,2.0,2.0,False,main,False
1459,8,8,13.660260111246448,1.3397398887535519,0.9106840074164299,0.9907164545436868,1.0,1.0,False,main,False
1459,9,9,14.660260111246448,1.3397398887535519,0.916266256952903,0.9913399331663555,-1.0,-1.0,True,main,False
6331,2,2,7.635553065502359,1.3644469344976415,0.8483947850558177,0.9827666932183464,12.0,7.0,False,main,True
6331,3,3,8.635553065502359,1.3644469344976415,0.8635553065502359,0.9847080637376348,10.0,6.0,False,main,False
6331,4,4,9.635553065502359,1.3644469344976415,0.8759593695911235,0.9862561709425224,8.0,5.0,False,main,False
6331,5,5,10.635553065502359,1.3644469344976415,0.8862960887918633,0.9875195538822983,6.0,4.0,False,main,False
6331,6,6,11.635553065502359,1.3644469344976415,0.8950425435001814,0.9885701652289346,4.0,3.0,False,main,False
6331,7,7,12.635553065502359,1.3644469344976415,0.9025395046787399,0.989457592025559,2.0,2.0,False,main,False
6331,8,8,13.635553065502359,1.3644469344976415,0.9090368710334906,0.9902171207395645,1.0,1.0,False,main,False
6331,9,9,14.635553065502359,1.3644469344976415,0.9147220665938974,0.9908745466191894,-1.0,-1.0,True,main,False
9709,0,9,5.632236651728085,10.367763348271914,0.3520147907330053,0.5533698984795552,-1.0,134.0,False,main,True
10252,0,5,5.755275170655828,6.244724829344172,0.479606264221319,0.7101634379267894,251.0,46.0,False,main,True
11853,2,2,7.589907076964628,1.4100929230353723,0.8433230085516253,0.9810718841004712,13.0,7.0,False,main,True
11853,3,3,8.589907076964629,1.4100929230353723,0.8589907076964629,0.9832084282692346,10.0,6.0,False,main,False
11853,4,4,9.589907076964629,1.4100929230353723,0.8718097342695117,0.9849113720538811,8.0,5.0,False,main,False
11853,5,5,10.589907076964629,1.4100929230353723,0.8824922564137191,0.9863005942607352,6.0,4.0,False,main,False
11853,6,6,11.589907076964629,1.4100929230353723,0.8915313136126637,0.9874554992774018,4.0,3.0,False,main,False
11853,7,7,12.589907076964629,1.4100929230353723,0.8992790769260449,0.9884307731788091,2.0,2.0,False,main,False
11853,8,8,13.589907076964629,1.4100929230353723,0.9059938051309753,0.9892653096259286,1.0,1.0,False,main,False
11853,9,9,14.589907076964629,1.4100929230353723,0.9118691923102893,0.9899875277674332,-1.0,-1.0,True,main,False
3558,2,2,7.644864542163289,1.3551354578367116,0.8494293935736987,0.9831038491690897,12.0,7.0,False,main,True
3558,3,3,8.644864542163289,1.3551354578367116,0.8644864542163289,0.985006461259254,10.0,6.0,False,main,False
3558,4,4,9.644864542163289,1.3551354578367116,0.8768058674693898,0.9865238072757787,8.0,5.0,False,main,False
3558,5,5,10.644864542163289,1.3551354578367116,0.887072045180274,0.9877621814651077,6.0,4.0,False,main,False
3558,6,6,11.644864542163289,1.3551354578367116,0.8957588109356376,0.9887920602697705,4.0,3.0,False,main,False
3558,7,7,12.644864542163289,1.3551354578367116,0.9032046101545206,0.9896620199808217,2.0,2.0,False,main,False
3558,8,8,13.644864542163289,1.3551354578367116,0.9096576361442192,0.9904066316817485,1.0,1.0,False,main,False
3558,9,9,14.644864542163289,1.3551354578367116,0.9153040338852055,0.9910511700319363,-1.0,-1.0,True,main,False
12132,2,2,7.8006445410616285,1.199355458938371,0.8667382823401809,0.9882948112637042,11.0,7.0,False,main,True
12132,3,3,8.80064454106163,1.199355458938371,0.880064454106163,0.989603759266375,9.0,6.0,False,main,False
12132,4,4,9.80064454106163,1.199355458938371,0.8909676855510572,0.9906493528916758,7.0,5.0,False,main,False
12132,5,5,10.80064454106163,1.199355458938371,0.9000537117551358,0.9915038172673568,5.0,4.0,False,main,False
12132,6,6,11.80064454106163,1.199355458938371,0.9077418877739715,0.9922151761290652,4.0,3.0,False,main,False
12132,7,7,12.80064454106163,1.199355458938371,0.9143317529329735,0.9928166061521501,2.0,2.0,False,main,False
12132,8,8,13.80064454106163,1.199355458938371,0.9200429694041087,0.9933317634711513,1.0,1.0,False,main,False
12132,9,9,14.80064454106163,1.199355458938371,0.9250402838163518,0.9937779704178525,-1.0,-1.0,True,main,False
5845,2,2,7.879368294258027,1.1206317057419726,0.8754853660286697,0.9905793694992493,11.0,7.0,False,main,False
5845,3,3,8.879368294258027,1.1206317057419726,0.8879368294258028,0.9916290521306336,9.0,6.0,False,main,False
5845,4,4,9.879368294258027,1.1206317057419726,0.8981243903870934,0.992468244169646,7.0,5.0,False,main,False
5845,5,5,10.879368294258027,1.1206317057419726,0.9066140245215023,0.9931544949120995,5.0,4.0,False,main,False
5845,6,6,11.879368294258027,1.1206317057419726,0.9137975610967713,0.9937261254106831,4.0,3.0,False,main,False
5845,7,7,12.879368294258027,1.1206317057419726,0.9199548781612876,0.9942096404811265,2.0,2.0,False,main,False
5845,8,8,13.879368294258027,1.1206317057419726,0.9252912196172018,0.9946239573711991,1.0,1.0,False,main,False
5845,9,9,14.879368294258027,1.1206317057419726,0.9299605183911267,0.9949829396712863,-1.0,-1.0,True,main,False
1561,2,2,7.847426171402766,1.1525738285972333,0.871936241266974,0.9896809070831434,11.0,7.0,False,main,True
1561,3,3,8.847426171402766,1.1525738285972333,0.8847426171402766,0.99083239253229,9.0,6.0,False,main,False
1561,4,4,9.847426171402766,1.1525738285972333,0.8952205610366151,0.991752659970441,7.0,5.0,False,main,False
1561,5,5,10.847426171402766,1.1525738285972333,0.9039521809502306,0.9925050052403341,5.0,4.0,False,main,False
1561,6,6,11.847426171402766,1.1525738285972333,0.9113404747232897,0.9931315510653501,4.0,3.0,False,main,False
1561,7,7,12.847426171402766,1.1525738285972333,0.9176732979573404,0.9936614177601004,2.0,2.0,False,main,False
1561,8,8,13.847426171402766,1.1525738285972333,0.9231617447601844,0.9941153811025577,1.0,1.0,False,main,False
1561,9,9,14.847426171402766,1.1525738285972333,0.9279641357126729,0.9945086616436818,-1.0,-1.0,True,main,False
2410,2,2,7.6707738614953795,1.329226138504621,0.8523082068328199,0.9840264504986596,12.0,7.0,False,main,True
2410,3,3,8.67077386149538,1.329226138504621,0.8670773861495379,0.9858231221668238,10.0,6.0,False,main,False
2410,4,4,9.67077386149538,1.329226138504621,0.8791612601359435,0.9872563643258074,8.0,5.0,False,main,False
2410,5,5,10.67077386149538,1.329226138504621,0.8892311551246149,0.9884263476909189,6.0,4.0,False,main,False
2410,6,6,11.67077386149538,1.329226138504621,0.8977518354996445,0.9893995198426634,4.0,3.0,False,main,False
2410,7,7,12.67077386149538,1.329226138504621,0.9050552758210985,0.9902216975255512,2.0,2.0,False,main,False
2410,8,8,13.67077386149538,1.329226138504621,0.911384924099692,0.9909254980802366,1.0,1.0,False,main,False
2410,9,9,14.67077386149538,1.329226138504621,0.9169233663434613,0.991534774046562,-1.0,-1.0,True,main,False
3440,2,2,7.738191266437971,1.2618087335620296,0.859799029604219,0.9863177214545549,12.0,7.0,False,main,True
3440,3,3,8.73819126643797,1.2618087335620296,0.8738191266437971,0.987852072389532,9.0,6.0,False,main,False
3440,4,4,9.73819126643797,1.2618087335620296,0.8852901151307246,0.9890769152862047,7.0,5.0,False,main,False
3440,5,5,10.73819126643797,1.2618087335620296,0.8948492722031642,0.9900773385052692,6.0,4.0,False,main,False
3440,6,6,11.73819126643797,1.2618087335620296,0.9029377897259978,0.9909098541551123,4.0,3.0,False,main,False
3440,7,7,12.73819126643797,1.2618087335620296,0.9098708047455694,0.9916134669376554,2.0,2.0,False,main,False
3440,8,8,13.73819126643797,1.2618087335620296,0.9158794177625313,0.9922159673475209,1.0,1.0,False,main,False
3440,9,9,14.73819126643797,1.2618087335620296,0.9211369541523732,0.9927376920738044,-1.0,-1.0,True,main,False
5753,2,2,7.851962985126833,1.1480370148731676,0.8724403316807592,0.9898109113778233,11.0,7.0,False,main,True
5753,3,3,8.851962985126832,1.1480370148731676,0.8851962985126832,0.9909476531650281,9.0,6.0,False,main,False
5753,4,4,9.851962985126832,1.1480370148731676,0.8956329986478938,0.9918561812675819,7.0,5.0,False,main,False
5753,5,5,10.851962985126832,1.1480370148731676,0.9043302487605693,0.9925989579646919,5.0,4.0,False,main,False
5753,6,6,11.851962985126832,1.1480370148731676,0.9116894603943717,0.9932175547292746,4.0,3.0,False,main,False
5753,7,7,12.851962985126832,1.1480370148731676,0.917997356080488,0.9937407127340409,2.0,2.0,False,main,False
5753,8,8,13.851962985126832,1.1480370148731676,0.9234641990084554,0.9941889384101845,1.0,1.0,False,main,False
5753,9,9,14.851962985126832,1.1480370148731676,0.928247686570427,0.9945772556916435,-1.0,-1.0,True,main,False
7599,2,2,7.637623706585283,1.3623762934147168,0.8486248562872537,0.9828419219466938,12.0,7.0,False,main,True
7599,3,3,8.637623706585284,1.3623762934147168,0.8637623706585285,0.9847746424026015,10.0,6.0,False,main,False
7599,4,4,9.637623706585284,1.3623762934147168,0.8761476096895713,0.9863158847409196,8.0,5.0,False,main,False
7599,5,5,10.637623706585284,1.3623762934147168,0.8864686422154403,0.9875736868114603,6.0,4.0,False,main,False
7599,6,6,11.637623706585284,1.3623762934147168,0.8952018235834834,0.9886196717189119,4.0,3.0,False,main,False
7599,7,7,12.637623706585284,1.3623762934147168,0.9026874076132346,0.9895032008742427,2.0,2.0,False,main,False
7599,8,8,13.637623706585284,1.3623762934147168,0.9091749137723523,0.9902594010585254,1.0,1.0,False,main,False
7599,9,9,14.637623706585284,1.3623762934147168,0.9148514816615803,0.9909139513215941,-1.0,-1.0,True,main,False
1968,2,2,7.644972879142903,1.3550271208570976,0.8494414310158781,0.9831077546159397,12.0,7.0,False,main,True
1968,3,3,8.644972879142902,1.3550271208570976,0.8644972879142901,0.9850099178829997,10.0,6.0,False,main,False
1968,4,4,9.644972879142902,1.3550271208570976,0.8768157162857183,0.9865269076587322,8.0,5.0,False,main,False
1968,5,5,10.644972879142902,1.3550271208570976,0.8870810732619084,0.9877649922087446,6.0,4.0,False,main,False
1968,6,6,11.644972879142902,1.3550271208570976,0.8957671445494539,0.9887946308878569,4.0,3.0,False,main,False
1968,7,7,12.644972879142902,1.3550271208570976,0.9032123485102073,0.9896643882862349,2.0,2.0,False,main,False
1968,8,8,13.644972879142902,1.3550271208570976,0.9096648586095267,0.9904088272050902,1.0,1.0,False,main,False
1968,9,9,14.644972879142902,1.3550271208570976,0.9153108049464314,0.9910532162763285,-1.0,-1.0,True,main,False
3656,2,2,7.7897457558496175,1.2102542441503825,0.8655273062055131,0.9879601030391941,11.0,7.0,False,main,True
3656,3,3,8.789745755849617,1.2102542441503825,0.8789745755849617,0.9893071454952589,9.0,6.0,False,main,False
3656,4,4,9.789745755849617,1.2102542441503825,0.8899768868954198,0.9903830455401317,7.0,5.0,False,main,False
3656,5,5,10.789745755849617,1.2102542441503825,0.8991454796541348,0.9912621957050267,5.0,4.0,False,main,False
3656,6,6,11.789745755849617,1.2102542441503825,0.9069035196807398,0.9919940509840619,4.0,3.0,False,main,False
3656,7,7,12.789745755849617,1.2102542441503825,0.9135532682749726,0.9926127712943666,2.0,2.0,False,main,False
3656,8,8,13.789745755849617,1.2102542441503825,0.9193163837233078,0.9931427105996035,1.0,1.0,False,main,False
3656,9,9,14.789745755849617,1.2102542441503825,0.9243591097406011,0.9936017002164088,-1.0,-1.0,True,main,False
4760,2,2,7.70935901696455,1.2906409830354502,0.8565954463293944,0.985357411045724,12.0,7.0,False,main,True
4760,3,3,8.70935901696455,1.2906409830354502,0.870935901696455,0.987001566255469,10.0,6.0,False,main,False
4760,4,4,9.70935901696455,1.2906409830354502,0.8826690015422318,0.9883136689021715,7.0,5.0,False,main,False
4760,5,5,10.70935901696455,1.2906409830354502,0.8924465847470459,0.9893851064147956,6.0,4.0,False,main,False
4760,6,6,11.70935901696455,1.2906409830354502,0.9007199243818884,0.9902765425871601,4.0,3.0,False,main,False
4760,7,7,12.70935901696455,1.2906409830354502,0.9078113583546107,0.9910298298415837,2.0,2.0,False,main,False
4760,8,8,13.70935901696455,1.2906409830354502,0.9139572677976366,0.9916747772007187,1.0,1.0,False,main,False
4760,9,9,14.70935901696455,1.2906409830354502,0.9193349385602844,0.9922331920683963,-1.0,-1.0,True,main,False
3716,2,2,7.677168962720464,1.3228310372795358,0.8530187736356072,0.9842506250842252,12.0,7.0,False,main,True
3716,3,3,8.677168962720465,1.3228310372795358,0.8677168962720465,0.9860215819463496,10.0,6.0,False,main,False
3716,4,4,9.677168962720465,1.3228310372795358,0.8797426329745878,0.98743440457707,8.0,5.0,False,main,False
3716,5,5,10.677168962720465,1.3228310372795358,0.8897640802267054,0.988587780088025,6.0,4.0,False,main,False
3716,6,6,11.677168962720465,1.3228310372795358,0.8982437663631127,0.9895471795257665,4.0,3.0,False,main,False
3716,7,7,12.677168962720465,1.3228310372795358,0.9055120687657475,0.9903577505293563,2.0,2.0,False,main,False
3716,8,8,13.677168962720465,1.3228310372795358,0.9118112641813644,0.9910516365805682,1.0,1.0,False,main,False
3716,9,9,14.677168962720465,1.3228310372795358,0.9173230601700291,0.9916523452168635,-1.0,-1.0,True,main,False
2431,2,2,7.640581831958437,1.3594181680415631,0.8489535368842708,0.9829491425643359,12.0,7.0,False,main,True
2431,3,3,8.640581831958437,1.3594181680415631,0.8640581831958437,0.9848695363960351,10.0,6.0,False,main,False
2431,4,4,9.640581831958437,1.3594181680415631,0.8764165301780398,0.9864009956960175,8.0,5.0,False,main,False
2431,5,5,10.640581831958437,1.3594181680415631,0.8867151526632031,0.9876508442934904,6.0,4.0,False,main,False
2431,6,6,11.640581831958437,1.3594181680415631,0.8954293716891105,0.9886902357520796,4.0,3.0,False,main,False
2431,7,7,12.640581831958437,1.3594181680415631,0.9028987022827455,0.9895682100026845,2.0,2.0,False,main,False
2431,8,8,13.640581831958437,1.3594181680415631,0.9093721221305625,0.9903196662956173,1.0,1.0,False,main,False
2431,9,9,14.640581831958437,1.3594181680415631,0.9150363644974023,0.9909701181080077,-1.0,-1.0,True,main,False
5728,2,2,7.664912049225755,1.3350879507742444,0.8516568943584173,0.9838197310947862,12.0,7.0,False,main,True
5728,3,3,8.664912049225755,1.3350879507742444,0.8664912049225755,0.9856401246214981,10.0,6.0,False,main,False
5728,4,4,9.664912049225755,1.3350879507742444,0.8786283681114323,0.9870922019804137,8.0,5.0,False,main,False
5728,5,5,10.664912049225755,1.3350879507742444,0.888742670768813,0.988277503468872,6.0,4.0,False,main,False
5728,6,6,11.664912049225755,1.3350879507742444,0.8973009268635196,0.9892633780020708,4.0,3.0,False,main,False
5728,7,7,12.664912049225755,1.3350879507742444,0.9046365749446968,0.9900962598230028,2.0,2.0,False,main,False
5728,8,8,13.664912049225755,1.3350879507742444,0.9109941366150504,0.9908092035357695,1.0,1.0,False,main,False
5728,9,9,14.664912049225755,1.3350879507742444,0.9165570030766097,0.9914263800096341,-1.0,-1.0,True,main,False
4356,2,2,7.879129720148233,1.120870279851767,0.8754588577942481,0.9905728052615512,11.0,7.0,False,main,False
4356,3,3,8.879129720148233,1.120870279851767,0.8879129720148233,0.9916232308910473,9.0,6.0,False,main,False
4356,4,4,9.879129720148233,1.120870279851767,0.8981027018316575,0.9924630147971911,7.0,5.0,False,main,False
4356,5,5,10.879129720148233,1.120870279851767,0.9065941433456861,0.9931497481384345,5.0,4.0,False,main,False
4356,6,6,11.879129720148233,1.120870279851767,0.9137792092421718,0.9937217796738153,4.0,3.0,False,main,False
4356,7,7,12.879129720148233,1.120870279851767,0.9199378371534452,0.9942056332872382,2.0,2.0,False,main,False
4356,8,8,13.879129720148233,1.120870279851767,0.9252753146765489,0.9946202397798628,1.0,1.0,False,main,False
4356,9,9,14.879129720148233,1.120870279851767,0.9299456075092646,0.9949794726401201,-1.0,-1.0,True,main,False
9887,1,1,6.15098892190571,1.84901107809429,0.7688736152382137,0.9557899340015349,21.0,9.0,False,main,True
9887,2,2,7.15098892190571,1.84901107809429,0.79455432465619,0.9615360036464163,16.0,8.0,False,main,False
9887,3,3,8.15098892190571,1.84901107809429,0.8150988921905711,0.9659583141346251,13.0,6.0,False,main,False
9887,4,4,9.15098892190571,1.84901107809429,0.8319080838096101,0.969467540428006,10.0,5.0,False,main,False
9887,5,5,10.15098892190571,1.84901107809429,0.8459157434921426,0.9723202553181812,7.0,4.0,False,main,False
9887,6,6,11.15098892190571,1.84901107809429,0.8577683786081316,0.9746850657085403,5.0,3.0,False,main,False
9887,7,7,12.15098892190571,1.84901107809429,0.8679277801361222,0.976677359123539,3.0,2.0,False,main,False
9887,8,8,13.15098892190571,1.84901107809429,0.876732594793714,0.9783787772073184,1.0,1.0,False,main,False
9887,9,9,14.15098892190571,1.84901107809429,0.8844368076191069,0.9798487175697116,-1.0,-1.0,True,main,False
143,1,1,6.3912569452519055,1.6087430547480943,0.7989071181564882,0.9689304684304959,18.0,9.0,False,main,True
143,2,2,7.3912569452519055,1.6087430547480943,0.8212507716946562,0.972922911052043,14.0,7.0,False,main,False
143,3,3,8.391256945251905,1.6087430547480943,0.8391256945251906,0.9760053051005687,11.0,6.0,False,main,False
143,4,4,9.391256945251905,1.6087430547480943,0.8537506313865368,0.9784571793317081,9.0,5.0,False,main,False
143,5,5,10.391256945251905,1.6087430547480943,0.8659380787709922,0.98045415267487,6.0,4.0,False,main,False
143,6,6,11.391256945251905,1.6087430547480943,0.8762505342501465,0.9821121343967092,4.0,3.0,False,main,False
143,7,7,12.391256945251905,1.6087430547480943,0.8850897818037076,0.9835107224850071,3.0,2.0,False,main,False
143,8,8,13.391256945251905,1.6087430547480943,0.8927504630167937,0.9847063949837721,1.0,1.0,False,main,False
143,9,9,14.391256945251905,1.6087430547480943,0.8994535590782441,0.9857403384699438,-1.0,-1.0,True,main,False
5841,1,1,6.510598349691763,1.4894016503082366,0.8138247937114704,0.9747381304852796,17.0,8.0,False,main,True
5841,2,2,7.510598349691763,1.4894016503082366,0.8345109277435293,0.9779655683243335,13.0,7.0,False,main,True
5841,3,3,8.510598349691763,1.4894016503082366,0.8510598349691764,0.9804612620088984,10.0,6.0,False,main,False
5841,4,4,9.510598349691763,1.4894016503082366,0.8645998499719785,0.9824488539716756,8.0,5.0,False,main,False
5841,5,5,10.510598349691763,1.4894016503082366,0.875883195807647,0.9840692396434604,6.0,4.0,False,main,False
5841,6,6,11.510598349691763,1.4894016503082366,0.8854306422839818,0.9854156107174578,4.0,3.0,False,main,False
5841,7,7,12.510598349691763,1.4894016503082366,0.8936141678351259,0.9865520747895843,2.0,2.0,False,main,False
5841,8,8,13.510598349691763,1.4894016503082366,0.9007065566461175,0.9875241831464373,1.0,1.0,False,main,False
5841,9,9,14.510598349691763,1.4894016503082366,0.9069123968557352,0.9883651932481639,-1.0,-1.0,True,main,False
1463,0,1,5.509093486100612,2.4909065138993878,0.6886366857625765,0.9125716497159251,40.0,15.0,False,main,True
9348,0,1,5.20533090344244,2.79466909655756,0.650666362930305,0.8885937242258316,50.0,16.0,False,main,True
6240,1,1,6.247216743525886,1.752783256474114,0.7809020929407358,0.961274447699562,20.0,9.0,False,main,True
5402,0,1,5.395133008194585,2.604866991805415,0.6743916260243231,0.9038202385918028,43.0,15.0,False,main,True
6392,1,1,6.26961200513488,1.7303879948651204,0.78370150064186,0.9625092575165387,19.0,9.0,False,main,True
10236,0,1,5.309184818382643,2.6908151816173573,0.6636481022978303,0.8970241863795898,46.0,15.0,False,main,True
10236,0,2,5.309184818382643,3.6908151816173573,0.589909424264738,0.8339947073684577,81.0,22.0,False,main,False
10236,0,3,5.309184818382643,4.690815181617357,0.5309184818382643,0.7753471455225697,138.0,30.0,False,main,True
10236,0,4,5.309184818382643,5.690815181617357,0.48265316530751295,0.722448865374741,237.0,41.0,False,main,True
560,0,1,5.584528524901485,2.4154714750985153,0.6980660656126856,0.9181973161660869,38.0,14.0,False,main,True
6250,0,1,5.522946928778413,2.477053071221587,0.6903683660973017,0.9136149054306791,39.0,15.0,False,main,True
5850,1,1,6.313971196907745,1.6860288030922552,0.7892463996134681,0.9649074222125748,19.0,9.0,False,main,True
5850,2,2,7.313971196907745,1.6860288030922552,0.8126634663230827,0.9694335268095525,15.0,7.0,False,main,True
5850,3,3,8.313971196907744,1.6860288030922552,0.8313971196907743,0.9729243884580067,12.0,6.0,False,main,False
5850,4,4,9.313971196907744,1.6860288030922552,0.8467246542643404,0.9756990137770167,9.0,5.0,False,main,False
5850,5,5,10.313971196907744,1.6860288030922552,0.859497599742312,0.9779574654444503,7.0,4.0,False,main,False
5850,6,6,11.313971196907744,1.6860288030922552,0.8703054766852111,0.9798316021017369,4.0,3.0,False,main,False
5850,7,7,12.313971196907744,1.6860288030922552,0.879569371207696,0.9814118739431138,3.0,2.0,False,main,False
5850,8,8,13.313971196907744,1.6860288030922552,0.8875980797938496,0.9827624007424884,1.0,1.0,False,main,False
5850,9,9,14.313971196907744,1.6860288030922552,0.894623199806734,0.9839299063681444,-1.0,-1.0,True,main,False
6735,0,1,5.286951537843108,2.713048462156892,0.6608689422303885,0.8952393108675755,47.0,15.0,False,main,True
9808,0,1,5.57366990962906,2.42633009037094,0.6967087387036325,0.9173958811790952,38.0,14.0,False,main,True
9808,0,2,5.57366990962906,3.42633009037094,0.6192966566254511,0.85588430331905,65.0,20.0,False,main,False
9808,0,3,5.57366990962906,4.42633009037094,0.557366990962906,0.7973741457822301,109.0,28.0,False,main,False
9808,0,4,5.57366990962906,5.42633009037094,0.5066972645117327,0.74402905926885,181.0,37.0,False,main,False
9808,0,5,5.57366990962906,6.42633009037094,0.46447249246908834,0.6961050313295821,303.0,49.0,False,main,True
9808,0,6,5.57366990962906,7.42633009037094,0.42874383920223536,0.6532334422298911,523.0,64.0,False,main,True
9808,0,7,5.57366990962906,8.42633009037094,0.3981192792592186,0.6148699278019172,954.0,83.0,False,main,True
9206,1,1,6.3548544018195425,1.6451455981804577,0.7943568002274428,0.9670605039773406,18.0,9.0,False,main,True
9206,2,2,7.3548544018195425,1.6451455981804577,0.8172060446466158,0.9713006320122323,14.0,7.0,False,main,False
9206,3,3,8.354854401819543,1.6451455981804577,0.8354854401819543,0.9745726857553341,11.0,6.0,False,main,False
9206,4,4,9.354854401819543,1.6451455981804577,0.850441309256322,0.9771744678257113,9.0,5.0,False,main,False
9206,5,5,10.354854401819543,1.6451455981804577,0.8629045334849619,0.9792929202913823,6.0,4.0,False,main,False
9206,6,6,11.354854401819543,1.6451455981804577,0.8734503386015032,0.981051344914215,4.0,3.0,False,main,False
9206,7,7,12.354854401819543,1.6451455981804577,0.8824896001299674,0.982534371938568,3.0,2.0,False,main,False
9206,8,8,13.354854401819543,1.6451455981804577,0.8903236267879695,0.9838020242515687,1.0,1.0,False,main,False
9206,9,9,14.354854401819543,1.6451455981804577,0.8971784001137214,0.9848980578554184,-1.0,-1.0,True,main,False
6084,1,1,6.509957171426943,1.4900428285730574,0.8137446464283679,0.9747082880334266,17.0,8.0,False,main,True
6084,2,2,7.509957171426943,1.4900428285730574,0.8344396857141048,0.977939639790214,13.0,7.0,False,main,True
6084,3,3,8.509957171426944,1.4900428285730574,0.8509957171426942,0.9804383388049859,10.0,6.0,False,main,False
6084,4,4,9.509957171426944,1.4900428285730574,0.864541561038813,0.9824283112297515,8.0,5.0,False,main,False
6084,5,5,10.509957171426944,1.4900428285730574,0.8758297642855785,0.9840506291513234,6.0,4.0,False,main,False
6084,6,6,11.509957171426944,1.4900428285730574,0.8853813208789956,0.9853986000288941,4.0,3.0,False,main,False
6084,7,7,12.509957171426944,1.4900428285730574,0.8935683693876387,0.9865364104991673,2.0,2.0,False,main,False
6084,8,8,13.509957171426944,1.4900428285730574,0.9006638114284629,0.9875096676630462,1.0,1.0,False,main,False
6084,9,9,14.509957171426944,1.4900428285730574,0.906872323214184,0.9883516695190556,-1.0,-1.0,True,main,False
3956,1,1,6.5006828914855275,1.4993171085144725,0.8125853614356909,0.974274956942407,17.0,8.0,False,main,True
3956,2,2,7.5006828914855275,1.4993171085144725,0.8334092101650586,0.9775631616116751,13.0,7.0,False,main,True
3956,3,3,8.500682891485528,1.4993171085144725,0.8500682891485528,0.9801055111878328,11.0,6.0,False,main,False
3956,4,4,9.500682891485528,1.4993171085144725,0.8636984446805026,0.9821300557079312,8.0,5.0,False,main,False
3956,5,5,10.500682891485528,1.4993171085144725,0.8750569076237941,0.9837804345241346,6.0,4.0,False,main,False
3956,6,6,11.500682891485528,1.4993171085144725,0.884667914729656,0.9851516372459712,4.0,3.0,False,main,False
3956,7,7,12.500682891485528,1.4993171085144725,0.8929059208203949,0.9863089988972698,2.0,2.0,False,main,False
3956,8,8,13.500682891485528,1.4993171085144725,0.9000455260990352,0.9872989374360646,1.0,1.0,False,main,False
3956,9,9,14.500682891485528,1.4993171085144725,0.9062926807178455,0.9881553397496915,-1.0,-1.0,True,main,False
9559,1,1,6.457292154120805,1.5427078458791952,0.8071615192651006,0.9722063112636472,17.0,8.0,False,main,True
9559,2,2,7.457292154120805,1.5427078458791952,0.8285880171245339,0.9757664399881062,14.0,7.0,False,main,False
9559,3,3,8.457292154120804,1.5427078458791952,0.8457292154120803,0.9785174563067681,11.0,6.0,False,main,False
9559,4,4,9.457292154120804,1.5427078458791952,0.8597538321928003,0.9807072016389977,8.0,5.0,False,main,False
9559,5,5,10.457292154120804,1.5427078458791952,0.8714410128434004,0.982491624759723,6.0,4.0,False,main,False
9559,6,6,11.457292154120804,1.5427078458791952,0.8813301657016003,0.9839737749871041,4.0,3.0,False,main,False
9559,7,7,12.457292154120804,1.5427078458791952,0.8898065824372002,0.9852244864664723,2.0,2.0,False,main,False
9559,8,8,13.457292154120804,1.5427078458791952,0.8971528102747203,0.9862940581712833,1.0,1.0,False,main,False
9559,9,9,14.457292154120804,1.5427078458791952,0.9035807596325502,0.9872191944922898,-1.0,-1.0,True,main,False
10244,0,1,5.21213992727456,2.78786007272544,0.65151749090932,0.8891536699170082,50.0,16.0,False,main,True
10244,0,2,5.21213992727456,3.78786007272544,0.5791266585860622,0.8257020834331683,88.0,23.0,False,main,False
10244,0,3,5.21213992727456,4.78786007272544,0.5212139927274559,0.7670737433852568,152.0,31.0,False,main,True
10244,0,4,5.21213992727456,5.78786007272544,0.47383090247950543,0.714380907971581,264.0,42.0,False,main,True
10784,1,1,6.450464111057077,1.549535888942923,0.8063080138821346,0.9718746629578884,17.0,8.0,False,main,True
10784,2,2,7.450464111057077,1.549535888942923,0.8278293456730085,0.9754784655050657,14.0,7.0,False,main,False
10784,3,3,8.450464111057077,1.549535888942923,0.8450464111057077,0.9782629789747365,11.0,6.0,False,main,False
10784,4,4,9.450464111057077,1.549535888942923,0.8591331010051888,0.980479233688379,8.0,5.0,False,main,False
10784,5,5,10.450464111057077,1.549535888942923,0.8708720092547564,0.9822851600482226,6.0,4.0,False,main,False
10784,6,6,11.450464111057077,1.549535888942923,0.8808049316197751,0.9837851039794518,4.0,3.0,False,main,False
10784,7,7,12.450464111057077,1.549535888942923,0.8893188650755055,0.9850507838194235,2.0,2.0,False,main,False
10784,8,8,13.450464111057077,1.549535888942923,0.8966976074038051,0.9861331222850603,1.0,1.0,False,main,False
10784,9,9,14.450464111057077,1.549535888942923,0.9031540069410673,0.9870692764193855,-1.0,-1.0,True,main,False
3680,0,1,5.50690701261396,2.493092987386041,0.688363376576745,0.912406581277532,40.0,15.0,False,main,True
8176,1,1,6.217454244060249,1.7825457559397508,0.7771817805075312,0.9596088460248203,20.0,9.0,False,main,True
8176,2,2,7.217454244060249,1.7825457559397508,0.8019393604511388,0.9648422033980247,16.0,8.0,False,main,False
8176,3,3,8.21745424406025,1.7825457559397508,0.8217454244060249,0.9688734362769662,12.0,6.0,False,main,False
8176,4,4,9.21745424406025,1.7825457559397508,0.837950385823659,0.9720744600786787,9.0,5.0,False,main,False
8176,5,5,10.21745424406025,1.7825457559397508,0.8514545203383541,0.9746779947033509,7.0,4.0,False,main,False
8176,6,6,11.21745424406025,1.7825457559397508,0.8628810956969423,0.9768371560213291,5.0,3.0,False,main,False
8176,7,7,12.21745424406025,1.7825457559397508,0.8726753031471607,0.9786568303026113,3.0,2.0,False,main,False
8176,8,8,13.21745424406025,1.7825457559397508,0.8811636162706833,0.9802112868647676,1.0,1.0,False,main,False
8176,9,9,14.21745424406025,1.7825457559397508,0.8885908902537656,0.9815545945716809,-1.0,-1.0,True,main,False
7618,1,1,6.311463401731075,1.688536598268925,0.7889329252163844,0.9647735532539318,19.0,9.0,False,main,True
7618,2,2,7.311463401731075,1.688536598268925,0.8123848224145639,0.9693174661037534,15.0,7.0,False,main,False
7618,3,3,8.311463401731075,1.688536598268925,0.8311463401731075,0.9728219472873888,12.0,6.0,False,main,False
7618,4,4,9.311463401731075,1.688536598268925,0.8464966728846431,0.9756073275039917,9.0,5.0,False,main,False
7618,5,5,10.311463401731075,1.688536598268925,0.859288616810923,0.9778744881109356,7.0,4.0,False,main,False
7618,6,6,11.311463401731075,1.688536598268925,0.8701125693639289,0.9797558213499501,4.0,3.0,False,main,False
7618,7,7,12.311463401731075,1.688536598268925,0.879390242980791,0.9813421401707545,3.0,2.0,False,main,False
7618,8,8,13.311463401731075,1.688536598268925,0.8874308934487384,0.982697819606322,1.0,1.0,False,main,False
7618,9,9,14.311463401731075,1.688536598268925,0.8944664626081922,0.9838697683805027,-1.0,-1.0,True,main,False
2494,1,1,6.274940852378623,1.7250591476213768,0.7843676065473278,0.9628007121764917,19.0,9.0,False,main,True
2494,2,2,7.274940852378623,1.7250591476213768,0.8083267613754025,0.967607434985247,15.0,7.0,False,main,False
2494,3,3,8.274940852378624,1.7250591476213768,0.8274940852378624,0.9713128294113147,12.0,6.0,False,main,False
2494,4,4,9.274940852378624,1.7250591476213768,0.8431764411253294,0.9742568159546733,9.0,5.0,False,main,False
2494,5,5,10.274940852378624,1.7250591476213768,0.856245071031552,0.9766523797967004,7.0,4.0,False,main,False
2494,6,6,11.274940852378624,1.7250591476213768,0.8673031424906633,0.9786397979410996,5.0,3.0,False,main,False
2494,7,7,12.274940852378624,1.7250591476213768,0.876781489455616,0.9803152412941387,3.0,2.0,False,main,False
2494,8,8,13.274940852378624,1.7250591476213768,0.8849960568252416,0.9817468537846573,1.0,1.0,False,main,False
2494,9,9,14.274940852378624,1.7250591476213768,0.892183803273664,0.9829842727329329,-1.0,-1.0,True,main,False
1734,1,1,6.211413651823068,1.7885863481769322,0.7764267064778835,0.9592674041507311,20.0,9.0,False,main,True
2937,1,1,6.494793098307558,1.5052069016924414,0.8118491372884448,0.973998138601275,17.0,8.0,False,main,True
9528,0,1,5.297056485505707,2.7029435144942924,0.6621320606882134,0.8960518872730259,47.0,15.0,False,main,True
9528,0,2,5.297056485505707,3.7029435144942924,0.5885618317228564,0.8329658947637507,82.0,22.0,False,main,False
9528,0,3,5.297056485505707,4.702943514494292,0.5297056485505707,0.774318760010442,140.0,30.0,False,main,True
9528,0,4,5.297056485505707,5.702943514494292,0.48155058959142794,0.7214449650703032,240.0,41.0,False,main,True
2531,0,1,5.2325842435028145,2.7674157564971855,0.6540730304378518,0.8908288787676718,49.0,16.0,False,main,True
7955,1,1,6.468235028202898,1.5317649717971018,0.8085293785253622,0.9727343717896381,17.0,8.0,False,main,True
7955,2,2,7.468235028202898,1.5317649717971018,0.8298038920225442,0.9762250061761076,14.0,7.0,False,main,False
7955,3,3,8.468235028202898,1.5317649717971018,0.8468235028202897,0.9789227118460284,11.0,6.0,False,main,False
7955,4,4,9.468235028202898,1.5317649717971018,0.8607486389275362,0.981070261775266,8.0,5.0,False,main,False
7955,5,5,10.468235028202898,1.5317649717971018,0.8723529190169081,0.9828204541549734,6.0,4.0,False,main,False
7955,6,6,11.468235028202898,1.5317649717971018,0.8821719252463768,0.9842742763324184,4.0,3.0,False,main,False
7955,7,7,12.468235028202898,1.5317649717971018,0.890588216300207,0.9855011560666177,2.0,2.0,False,main,False
7955,8,8,13.468235028202898,1.5317649717971018,0.8978823352135266,0.9865504000548694,1.0,1.0,False,main,False
7955,9,9,14.468235028202898,1.5317649717971018,0.9042646892626811,0.9874579924959647,-1.0,-1.0,True,main,False
9633,0,1,5.275279152419929,2.7247208475800706,0.6594098940524912,0.8942978849674297,47.0,16.0,False,main,True
9633,0,2,5.275279152419929,3.7247208475800706,0.5861421280466588,0.8311131438953285,83.0,22.0,False,main,False
9633,0,3,5.275279152419929,4.724720847580071,0.5275279152419929,0.7724682026556332,143.0,31.0,False,main,True
9633,0,4,5.275279152419929,5.724720847580071,0.4795708320381754,0.7196392305590668,246.0,41.0,False,main,True
5052,0,1,5.231915623549828,2.7680843764501724,0.6539894529437285,0.8907742357867551,49.0,16.0,False,main,True
10031,0,1,5.531688460134143,2.468311539865857,0.6914610575167679,0.9142708711038464,39.0,14.0,False,main,True
10031,0,2,5.531688460134143,3.468311539865857,0.6146320511260159,0.852480250018455,68.0,20.0,False,main,False
10031,0,3,5.531688460134143,4.468311539865857,0.5531688460134143,0.793928979166973,113.0,28.0,False,main,True
10031,0,4,5.531688460134143,5.468311539865857,0.502880769103104,0.740643458567859,188.0,38.0,False,main,True
6283,1,1,6.420129681052268,1.5798703189477317,0.8025162101315335,0.9703814440641458,18.0,9.0,False,main,True
6283,2,2,7.420129681052268,1.5798703189477317,0.824458853450252,0.9741821481586455,14.0,7.0,False,main,True
6283,3,3,8.420129681052268,1.5798703189477317,0.8420129681052269,0.9771176251951488,11.0,6.0,False,main,False
6283,4,4,9.420129681052268,1.5798703189477317,0.8563754255502062,0.9794533169545997,8.0,5.0,False,main,False
6283,5,5,10.420129681052268,1.5798703189477317,0.868344140087689,0.981356103432186,6.0,4.0,False,main,False
6283,6,6,11.420129681052268,1.5798703189477317,0.8784715139270975,0.9829361834200679,4.0,3.0,False,main,False
6283,7,7,12.420129681052268,1.5798703189477317,0.887152120075162,0.9842692648672128,2.0,2.0,False,main,False
6283,8,8,13.420129681052268,1.5798703189477317,0.8946753120701512,0.9854090839855795,1.0,1.0,False,main,False
6283,9,9,14.420129681052268,1.5798703189477317,0.9012581050657668,0.986394839016257,-1.0,-1.0,True,main,False
3265,1,1,6.17012389659923,1.8298761034007702,0.7712654870749037,0.9569032607619509,21.0,9.0,False,main,True
1523,0,1,5.269254995700427,2.7307450042995733,0.6586568744625534,0.893810837880932,48.0,16.0,False,main,True
387,1,1,6.352738860394313,1.6472611396056878,0.7940923575492891,0.9669504556342963,18.0,9.0,False,main,True
10597,0,1,5.318380460404161,2.6816195395958387,0.6647975575505202,0.8977592020850713,46.0,15.0,False,main,True
10597,0,2,5.318380460404161,3.6816195395958387,0.590931162267129,0.8347733007609878,80.0,22.0,False,main,False
10597,0,3,5.318380460404161,4.681619539595839,0.5318380460404162,0.7761257959207919,137.0,30.0,False,main,True
10597,0,4,5.318380460404161,5.681619539595839,0.4834891327640147,0.7232091798045819,234.0,41.0,False,main,True
814,1,1,6.2219817931304355,1.778018206869564,0.7777477241413044,0.9598640165893633,20.0,9.0,False,main,True
814,2,2,7.2219817931304355,1.778018206869564,0.8024424214589373,0.9650632029390294,16.0,8.0,False,main,False
814,3,3,8.221981793130436,1.778018206869564,0.8221981793130435,0.9690683521485534,12.0,6.0,False,main,False
814,4,4,9.221981793130436,1.778018206869564,0.838361981193676,0.9722488083165245,9.0,5.0,False,main,False
814,5,5,10.221981793130436,1.778018206869564,0.851831816094203,0.9748357068532156,7.0,4.0,False,main,False
814,6,6,11.221981793130436,1.778018206869564,0.8632293687023412,0.9769811335610842,5.0,3.0,False,main,False
814,7,7,12.221981793130436,1.778018206869564,0.8729986995093169,0.9787892758796168,3.0,2.0,False,main,False
814,8,8,13.221981793130436,1.778018206869564,0.8814654528753624,0.9803339122017134,1.0,1.0,False,main,False
814,9,9,14.221981793130436,1.778018206869564,0.8888738620706522,0.9816687563601345,-1.0,-1.0,True,main,False
5707,0,1,5.459078123168894,2.5409218768311064,0.6823847653961117,0.9087677679359439,41.0,15.0,False,main,True
568,1,1,6.260758955672667,1.7392410443273327,0.7825948694590834,0.9620230386040282,19.0,9.0,False,main,True
568,2,2,7.260758955672667,1.7392410443273327,0.8067509950747408,0.966933545838443,15.0,8.0,False,main,True
568,3,3,8.260758955672667,1.7392410443273327,0.8260758955672667,0.9707182403341614,12.0,6.0,False,main,False
568,4,4,9.260758955672667,1.7392410443273327,0.8418871777884243,0.973724803889224,9.0,5.0,False,main,False
568,5,5,10.260758955672667,1.7392410443273327,0.8550632463060556,0.9761710127235423,7.0,4.0,False,main,False
568,6,6,11.260758955672667,1.7392410443273327,0.8662122273594359,0.9782002626607762,5.0,3.0,False,main,False
568,7,7,12.260758955672667,1.7392410443273327,0.8757684968337619,0.979910842767451,3.0,2.0,False,main,False
568,8,8,13.260758955672667,1.7392410443273327,0.8840505970448445,0.9813723862549003,1.0,1.0,False,main,False
568,9,9,14.260758955672667,1.7392410443273327,0.8912974347295417,0.9826356082461295,-1.0,-1.0,True,main,False
2905,1,1,6.282015887331598,1.7179841126684021,0.7852519859164497,0.9631862606579638,19.0,9.0,False,main,True
9461,0,1,5.432057475532964,2.567942524467036,0.6790071844416204,0.906688585815274,42.0,15.0,False,main,True
9461,0,2,5.432057475532964,3.567942524467036,0.6035619417258848,0.8442946511888998,73.0,21.0,False,main,False
9461,0,3,5.432057475532964,4.5679425244670355,0.5432057475532963,0.7856754308210698,124.0,29.0,False,main,True
9461,0,4,5.432057475532964,5.5679425244670355,0.49382340686663306,0.7325486098699047,208.0,39.0,False,main,True
1681,1,1,6.340716246138304,1.6592837538616965,0.792589530767288,0.9663222089550786,18.0,9.0,False,main,True
1654,0,1,5.241551470992438,2.7584485290075618,0.6551939338740548,0.8915607837798761,49.0,16.0,False,main,True
4480,1,1,6.391253668483765,1.608746331516235,0.7989067085604706,0.9689303021324907,18.0,9.0,False,main,True
1431,0,1,5.552604421738674,2.447395578261326,0.6940755527173342,0.9158330587922585,38.0,14.0,False,main,True
3762,1,1,6.478232663986872,1.521767336013128,0.809779082998359,0.9732130840005524,17.0,8.0,False,main,True
7554,0,1,5.261608970627645,2.7383910293723557,0.6577011213284556,0.8931915156663952,48.0,16.0,False,main,True
100,0,1,5.200114343063058,2.7998856569369424,0.6500142928828823,0.8881640570604028,50.0,16.0,False,main,True
9127,0,1,5.355699327737842,2.6443006722621583,0.6694624159672302,0.9007227640776196,45.0,15.0,False,main,True
2983,1,1,6.265862361361697,1.7341376386383032,0.7832327951702122,0.9623036293254291,19.0,9.0,False,main,True
5643,1,1,6.175678698182278,1.8243213018177227,0.7719598372727847,0.9572243665211934,21.0,9.0,False,main,True
745,1,1,6.45532361395437,1.54467638604563,0.8069154517442962,0.9721108656818882,17.0,8.0,False,main,True
49,1,1,6.160767590537128,1.8392324094628711,0.770095948817141,0.9563602742462062,21.0,9.0,False,main,True
49,2,2,7.160767590537128,1.8392324094628711,0.7956408433930142,0.9620296183437712,16.0,8.0,False,main,True
49,3,3,8.160767590537128,1.8392324094628711,0.8160767590537128,0.9663934396696799,12.0,6.0,False,main,False
49,4,4,9.160767590537128,1.8392324094628711,0.8327970536851935,0.9698565918210462,10.0,5.0,False,main,False
49,5,5,10.160767590537128,1.8392324094628711,0.8467306325447607,0.972672068795706,7.0,4.0,False,main,False
49,6,6,11.160767590537128,1.8392324094628711,0.8585205838874714,0.9750061551267297,5.0,3.0,False,main,False
49,7,7,12.160767590537128,1.8392324094628711,0.8686262564669377,0.9769726650073159,3.0,2.0,False,main,False
49,8,8,13.160767590537128,1.8392324094628711,0.8773845060358085,0.9786521360965516,1.0,1.0,False,main,False
49,9,9,14.160767590537128,1.8392324094628711,0.8850479744085705,0.9801031683741677,-1.0,-1.0,True,main,False
10513,1,1,6.5553804695811,1.4446195304188998,0.8194225586976375,0.976784950891354,16.0,8.0,False,main,True
10513,2,2,7.5553804695811,1.4446195304188998,0.8394867188423444,0.9797443804823567,13.0,7.0,False,main,False
10513,3,3,8.555380469581099,1.4446195304188998,0.8555380469581101,0.9820341886991594,10.0,6.0,False,main,False
10513,4,4,9.555380469581099,1.4446195304188998,0.8686709517801,0.9838586462473281,8.0,5.0,False,main,False
10513,5,5,10.555380469581099,1.4446195304188998,0.8796150391317584,0.9853465773922665,6.0,4.0,False,main,False
10513,6,6,11.555380469581099,1.4446195304188998,0.8888754207370078,0.9865832585324577,4.0,3.0,False,main,False
10513,7,7,12.555380469581099,1.4446195304188998,0.8968128906843643,0.9876273903474204,2.0,2.0,False,main,False
10513,8,8,13.555380469581099,1.4446195304188998,0.9036920313054067,0.988520704525493,1.0,1.0,False,main,False
10513,9,9,14.555380469581099,1.4446195304188998,0.9097112793488188,0.9892936833964386,-1.0,-1.0,True,main,False
3521,0,1,5.398695641611812,2.6013043583881883,0.6748369552014765,0.9040983449148515,43.0,15.0,False,main,True
3128,1,1,6.182656402955589,1.8173435970444114,0.7728320503694486,0.9576263875052062,20.0,9.0,False,main,True
2,1,1,6.2718833090995005,1.7281166909005,0.7839854136374376,0.9626335951789344,19.0,9.0,False,main,True
2,2,2,7.2718833090995005,1.7281166909005,0.8079870343443889,0.96746261170835,15.0,7.0,False,main,False
2,3,3,8.2718833090995,1.7281166909005,0.82718833090995,0.9711850423711695,12.0,6.0,False,main,False
2,4,4,9.2718833090995,1.7281166909005,0.8428984826454091,0.9741424736591312,9.0,5.0,False,main,False
2,5,5,10.2718833090995,1.7281166909005,0.8559902757582917,0.9765489193759942,7.0,4.0,False,main,False
2,6,6,11.2718833090995,1.7281166909005,0.8670679468538077,0.9785453262312477,5.0,3.0,False,main,False
2,7,7,12.2718833090995,1.7281166909005,0.8765630935071071,0.9802283200207454,3.0,2.0,False,main,False
2,8,8,13.2718833090995,1.7281166909005,0.8847922206066333,0.9816663645390118,1.0,1.0,False,main,False
2,9,9,14.2718833090995,1.7281166909005,0.8919927068187188,0.9829093286142055,-1.0,-1.0,True,main,False
2740,1,1,6.3910267894120345,1.608973210587966,0.7988783486765043,0.9689187869865913,18.0,9.0,False,main,True
11729,1,1,6.14943158070736,1.85056841929264,0.76867894758842,0.9556988349045709,21.0,9.0,False,main,True
9111,1,1,6.286536557244502,1.713463442755498,0.7858170696555627,0.9634317652917328,19.0,9.0,False,main,True
10557,0,1,5.190265986627923,2.809734013372077,0.6487832483284903,0.8873512842395609,51.0,16.0,False,main,True
10557,0,2,5.190265986627923,3.809734013372077,0.5766962207364359,0.8238138763705496,90.0,23.0,False,main,False
10557,0,3,5.190265986627923,4.809734013372077,0.5190265986627922,0.7651947959922807,155.0,32.0,False,main,True
10557,0,4,5.190265986627923,5.809734013372077,0.47184236242072025,0.7125512500144878,271.0,43.0,False,main,True
7628,1,1,6.394093116571742,1.6059068834282577,0.7992616395714678,0.9690742680781906,18.0,9.0,False,main,True
7628,2,2,7.394093116571742,1.6059068834282577,0.8215659018413047,0.9730476906596685,14.0,7.0,False,main,False
7628,3,3,8.394093116571742,1.6059068834282577,0.8394093116571743,0.976115514696508,11.0,6.0,False,main,False
7628,4,4,9.394093116571742,1.6059068834282577,0.8540084651428856,0.9785558692204981,9.0,5.0,False,main,False
7628,5,5,10.394093116571742,1.6059068834282577,0.8661744263809785,0.9805435052334707,6.0,4.0,False,main,False
7628,6,6,11.394093116571742,1.6059068834282577,0.8764687012747494,0.9821937650544907,4.0,3.0,False,main,False
7628,7,7,12.394093116571742,1.6059068834282577,0.8852923654694101,0.9835858605695992,2.0,2.0,False,main,False
7628,8,8,13.394093116571742,1.6059068834282577,0.8929395411047828,0.9847759977479164,1.0,1.0,False,main,False
7628,9,9,14.394093116571742,1.6059068834282577,0.8996308197857339,0.9858051658995558,-1.0,-1.0,True,main,False
7161,1,1,6.506700000263046,1.493299999736954,0.8133375000328807,0.9745564572349943,17.0,8.0,False,main,True
7161,2,2,7.506700000263046,1.493299999736954,0.8340777778070051,0.9778077248135341,13.0,7.0,False,main,True
7161,3,3,8.506700000263045,1.493299999736954,0.8506700000263046,0.9803217157368654,10.0,6.0,False,main,False
7161,4,4,9.506700000263045,1.493299999736954,0.8642454545693677,0.9823238002131881,8.0,5.0,False,main,False
7161,5,5,10.506700000263045,1.493299999736954,0.8755583333552538,0.9839559494004458,6.0,4.0,False,main,False
7161,6,6,11.506700000263045,1.493299999736954,0.8851307692510034,0.9853120599047718,4.0,3.0,False,main,False
7161,7,7,12.506700000263045,1.493299999736954,0.8933357143045032,0.9864567205938627,2.0,2.0,False,main,False
7161,8,8,13.506700000263045,1.493299999736954,0.900446666684203,0.9874358225924539,1.0,1.0,False,main,False
7161,9,9,14.506700000263045,1.493299999736954,0.9066687500164403,0.9882828701819076,-1.0,-1.0,True,main,False
6935,0,1,5.41230228302456,2.58769771697544,0.67653778537807,0.9051578469826826,43.0,15.0,False,main,True
5663,0,1,5.214125650476153,2.785874349523847,0.6517657063095191,0.8893167782634516,50.0,16.0,False,main,True
5122,0,1,5.2824559141929655,2.717544085807034,0.6603069892741207,0.8948770760454691,47.0,15.0,False,main,True
8603,0,1,5.539578914100647,2.4604210858993527,0.6924473642625809,0.9148614192175045,39.0,14.0,False,main,True
9391,1,1,6.196067971924141,1.8039320280758582,0.7745084964905177,0.9583948931805049,20.0,9.0,False,main,True
1614,0,1,5.429985002688969,2.5700149973110307,0.6787481253361212,0.9065284193685014,42.0,15.0,False,main,True
9988,0,1,5.182027074014784,2.8179729259852158,0.647753384251848,0.8866697294887922,51.0,16.0,False,main,True
9988,0,2,5.182027074014784,3.8179729259852158,0.5757807860016427,0.8231008664223676,90.0,23.0,False,main,False
9988,0,3,5.182027074014784,4.817972925985216,0.5182027074014784,0.7644857368429216,157.0,32.0,False,main,True
9988,0,4,5.182027074014784,5.817972925985216,0.4710933703649804,0.7118610376147947,273.0,43.0,False,main,True
10570,0,1,5.342778027438249,2.657221972561751,0.6678472534297811,0.8997001868701805,45.0,15.0,False,main,True
10570,0,2,5.342778027438249,3.657221972561751,0.5936420030486943,0.8368329784189072,79.0,22.0,False,main,False
10570,0,3,5.342778027438249,4.657221972561751,0.5342778027438249,0.7781872253843193,134.0,30.0,False,main,True
10570,0,4,5.342778027438249,5.657221972561751,0.4857070934034772,0.725222919907976,228.0,40.0,False,main,True
8594,0,1,5.301831870647238,2.6981681293527626,0.6627289838309047,0.8964351075664033,46.0,15.0,False,main,True
1798,1,1,6.161987807106526,1.8380121928934736,0.7702484758883158,0.9564312397082649,21.0,9.0,False,main,True
8979,0,1,5.454735692167089,2.5452643078329107,0.6818419615208862,0.9084347632319237,41.0,15.0,False,main,True
4701,1,1,6.291006239030401,1.7089937609695989,0.7863757798788001,0.9636738507983976,19.0,9.0,False,main,True
5819,1,1,6.479538202209572,1.5204617977904276,0.8099422752761966,0.9732753321445525,17.0,8.0,False,main,True
5819,2,2,7.479538202209572,1.5204617977904276,0.8310598002455081,0.9766948315604527,13.0,7.0,False,main,True
5819,3,3,8.479538202209572,1.5204617977904276,0.8479538202209571,0.9793379557670203,11.0,6.0,False,main,False
5819,4,4,9.479538202209572,1.5204617977904276,0.8617762002008701,0.9814422970379575,8.0,5.0,False,main,False
5819,5,5,10.479538202209572,1.5204617977904276,0.873294850184131,0.9831574319415204,6.0,4.0,False,main,False
5819,6,6,11.479538202209572,1.5204617977904276,0.883041400169967,0.9845822387222838,4.0,3.0,False,main,False
5819,7,7,12.479538202209572,1.5204617977904276,0.8913955858721122,0.985784706258447,2.0,2.0,False,main,False
5819,8,8,13.479538202209572,1.5204617977904276,0.8986358801473048,0.9868131258441049,1.0,1.0,False,main,False
5819,9,9,14.479538202209572,1.5204617977904276,0.9049711376380982,0.987702744579331,-1.0,-1.0,True,main,False
9193,1,1,6.4850432422453865,1.5149567577546132,0.8106304052806733,0.9735371390671925,17.0,8.0,False,main,True
9193,2,2,7.4850432422453865,1.5149567577546132,0.8316714713605985,0.9769222323749646,13.0,7.0,False,main,False
9193,3,3,8.485043242245386,1.5149567577546132,0.8485043242245387,0.9795389524899891,11.0,6.0,False,main,False
9193,4,4,9.485043242245386,1.5149567577546132,0.8622766583859443,0.9816223886196431,8.0,5.0,False,main,False
9193,5,5,10.485043242245386,1.5149567577546132,0.873753603520449,0.9833205603394745,6.0,4.0,False,main,False
9193,6,6,11.485043242245386,1.5149567577546132,0.8834648647881067,0.9847313263429918,4.0,3.0,False,main,False
9193,7,7,12.485043242245386,1.5149567577546132,0.8917888030175276,0.9859219798189085,2.0,2.0,False,main,False
9193,8,8,13.485043242245386,1.5149567577546132,0.8990028828163591,0.9869403210471779,1.0,1.0,False,main,False
9193,9,9,14.485043242245386,1.5149567577546132,0.9053152026403367,0.9878212406479069,-1.0,-1.0,True,main,False
7720,0,1,5.313920192344542,2.686079807655458,0.6642400240430677,0.897402923755022,46.0,15.0,False,main,True
7720,0,2,5.313920192344542,3.686079807655458,0.5904355769271713,0.8343958066374614,81.0,22.0,False,main,False
7720,0,3,5.313920192344542,4.686079807655458,0.5313920192344541,0.7757482330443637,138.0,30.0,False,main,True
7720,0,4,5.313920192344542,5.686079807655458,0.4830836538495038,0.7228404859778884,236.0,41.0,False,main,True
9421,1,1,6.479011966165491,1.520988033834509,0.8098764957706863,0.9732502485381348,17.0,8.0,False,main,True
1306,0,1,5.302510204453635,2.697489795546365,0.6628137755567044,0.896489502250674,46.0,15.0,False,main,True
5965,1,1,6.500011976611912,1.4999880233880882,0.812501497076489,0.9742434877074132,17.0,8.0,False,main,True
1075,1,1,6.297693057761581,1.7023069422384194,0.7872116322201976,0.9640348099867453,19.0,9.0,False,main,True
444,1,1,6.4951313797141585,1.5048686202858415,0.8118914224642698,0.9740140717660228,17.0,8.0,False,main,True
10321,1,1,6.147148953775189,1.8528510462248113,0.7683936192218986,0.9555651766815743,21.0,9.0,False,main,True
10321,2,2,7.147148953775189,1.8528510462248113,0.7941276615305766,0.9613414966955307,16.0,8.0,False,main,False
10321,3,3,8.14714895377519,1.8528510462248113,0.8147148953775188,0.9657868642732195,13.0,6.0,False,main,False
10321,4,4,9.14714895377519,1.8528510462248113,0.8315589957977444,0.9693142515754058,10.0,5.0,False,main,False
10321,5,5,10.14714895377519,1.8528510462248113,0.8455957461479324,0.9721816432834904,7.0,4.0,False,main,False
10321,6,6,11.14714895377519,1.8528510462248113,0.8574729964442452,0.9745585623353867,5.0,3.0,False,main,False
10321,7,7,12.14714895377519,1.8528510462248113,0.8676534966982278,0.9765610167451135,3.0,2.0,False,main,False
10321,8,8,13.14714895377519,1.8528510462248113,0.8764765969183459,0.978271083492288,1.0,1.0,False,main,False
10321,9,9,14.14714895377519,1.8528510462248113,0.8841968096109494,0.9797484746850209,-1.0,-1.0,True,main,False
11150,1,1,6.548386665780278,1.4516133342197226,0.8185483332225347,0.9764701958170102,16.0,8.0,False,main,True
11150,2,2,7.548386665780278,1.4516133342197226,0.838709629531142,0.9794707823375902,13.0,7.0,False,main,False
11150,3,3,8.548386665780278,1.4516133342197226,0.8548386665780278,0.9817922196364769,10.0,6.0,False,main,False
11150,4,4,9.548386665780278,1.4516133342197226,0.8680351514345707,0.9836417459916812,8.0,5.0,False,main,False
11150,5,5,10.548386665780278,1.4516133342197226,0.8790322221483565,0.985150036088165,6.0,4.0,False,main,False
11150,6,6,11.548386665780278,1.4516133342197226,0.8883374358292522,0.9864035803057993,4.0,3.0,False,main,False
11150,7,7,12.548386665780278,1.4516133342197226,0.8963133332700198,0.9874619089336908,2.0,2.0,False,main,False
11150,8,8,13.548386665780278,1.4516133342197226,0.9032257777186852,0.9883673399177301,1.0,1.0,False,main,False
11150,9,9,14.548386665780278,1.4516133342197226,0.9092741666112674,0.9891507816532484,-1.0,-1.0,True,main,False
8689,1,1,6.189713389707547,1.8102866102924522,0.7737141737134434,0.9580314556546053,20.0,9.0,False,main,True
9106,0,1,5.164030885440954,2.835969114559046,0.6455038606801192,0.8851759365884138,52.0,16.0,False,main,True
2008,1,1,6.444805237334678,1.5551947626653226,0.8056006546668347,0.9715985543097617,17.0,8.0,False,main,True
3684,1,1,6.20983073673821,1.7901692632617903,0.7762288420922763,0.9591777424924074,20.0,9.0,False,main,True
11580,0,1,5.579057285907165,2.4209427140928352,0.6973821607383957,0.9177938579387129,38.0,14.0,False,main,True
10994,0,1,5.392049741860143,2.6079502581398573,0.6740062177325179,0.9035793197784086,43.0,15.0,False,main,True
10994,0,2,5.392049741860143,3.6079502581398573,0.5991166379844604,0.8409656371212029,76.0,21.0,False,main,False
10994,0,3,5.392049741860143,4.607950258139857,0.5392049741860143,0.7823305827647459,128.0,29.0,False,main,True
10994,0,4,5.392049741860143,5.607950258139857,0.49018634016910395,0.7292742433452992,217.0,39.0,False,main,True
461,1,1,6.368094602223092,1.6319053977769085,0.7960118252778865,0.9677458295357492,18.0,9.0,False,main,True
2673,1,1,6.406576366814844,1.5934236331851568,0.8008220458518555,0.9697039128955938,18.0,9.0,False,main,True
3375,0,1,5.3216055883825,2.6783944116175,0.6652006985478125,0.8980165437698678,46.0,15.0,False,main,True
6095,0,1,5.264254497153273,2.7357455028467266,0.6580318121441592,0.893405946553266,48.0,16.0,False,main,True
141,1,1,6.182975950415319,1.8170240495846808,0.7728719938019148,0.9576447624934057,20.0,9.0,False,main,True
11490,0,1,5.224860117761579,2.7751398822384212,0.6531075147201973,0.8901970311705875,49.0,16.0,False,main,True
4703,0,1,5.218367099124131,2.7816329008758687,0.6522958873905164,0.8896648865863633,50.0,16.0,False,main,True
4668,1,1,6.5326546611230585,1.4673453388769415,0.8165818326403823,0.9757555160201311,16.0,8.0,False,main,True
10224,1,1,6.230549427971902,1.7694505720280975,0.7788186784964878,0.96034512686895,20.0,9.0,False,main,True
10224,2,2,7.230549427971902,1.7694505720280975,0.8033943808857669,0.965479915700816,15.0,8.0,False,main,False
10224,3,3,8.230549427971901,1.7694505720280975,0.8230549427971903,0.9694359018913994,12.0,6.0,False,main,False
10224,4,4,9.230549427971901,1.7694505720280975,0.8391408570883548,0.9725775878152999,9.0,5.0,False,main,False
10224,5,5,10.230549427971901,1.7694505720280975,0.8525457856643253,0.9751331246160514,7.0,4.0,False,main,False
10224,6,6,11.230549427971901,1.7694505720280975,0.8638884175363002,0.9772526576852301,5.0,3.0,False,main,False
10224,7,7,12.230549427971901,1.7694505720280975,0.8736106734265645,0.9790390578353598,3.0,2.0,False,main,False
10224,8,8,13.230549427971901,1.7694505720280975,0.8820366285314601,0.9805651784271299,1.0,1.0,False,main,False
10224,9,9,14.230549427971901,1.7694505720280975,0.889409339248244,0.9818840642554181,-1.0,-1.0,True,main,False
9940,0,1,5.221657611329335,2.778342388670665,0.6527072014161669,0.8899346796864388,49.0,16.0,False,main,True
9940,0,2,5.221657611329335,3.778342388670665,0.5801841790365928,0.8265214899330307,87.0,23.0,False,main,False
9940,0,3,5.221657611329335,4.778342388670665,0.5221657611329336,0.7678896810759283,151.0,31.0,False,main,False
9940,0,4,5.221657611329335,5.778342388670665,0.474696146484485,0.7151757393048337,261.0,42.0,False,main,True
9940,0,5,5.221657611329335,6.778342388670665,0.4351381342774446,0.668204368610892,465.0,56.0,False,main,True
11422,1,1,6.2285904120972875,1.7714095879027127,0.7785738015121609,0.9602353227299519,20.0,9.0,False,main,True
1677,0,1,5.3075722688128515,2.6924277311871485,0.6634465336016064,0.8968951002399309,46.0,15.0,False,main,True
924,0,1,5.351638975399838,2.6483610246001623,0.6689548719249797,0.9004018361530225,45.0,15.0,False,main,True
6748,0,1,5.199922731825242,2.800077268174758,0.6499903414781553,0.888148263604938,50.0,16.0,False,main,True
2258,0,1,5.172152590853177,2.8278474091468233,0.6465190738566471,0.8858509489046289,52.0,16.0,False,main,True
9129,1,1,6.5800627926578645,1.4199372073421355,0.8225078490822331,0.9778810714633679,16.0,8.0,False,main,True
9129,2,2,7.5800627926578645,1.4199372073421355,0.8422291991842071,0.9806973379161481,13.0,7.0,False,main,False
9129,3,3,8.580062792657865,1.4199372073421355,0.8580062792657864,0.982877090451706,10.0,6.0,False,main,False
9129,4,4,9.580062792657865,1.4199372073421355,0.8709147993325331,0.9846142980743301,8.0,5.0,False,main,False
9129,5,5,10.580062792657865,1.4199372073421355,0.8816718993881554,0.9860313579381407,6.0,4.0,False,main,False
9129,6,6,11.580062792657865,1.4199372073421355,0.8907740609736818,0.9872093280886104,4.0,3.0,False,main,False
9129,7,7,12.580062792657865,1.4199372073421355,0.898575913761276,0.9882040254854177,2.0,2.0,False,main,False
9129,8,8,13.580062792657865,1.4199372073421355,0.9053375195105243,0.9890551434172268,1.0,1.0,False,main,False
9129,9,9,14.580062792657865,1.4199372073421355,0.9112539245411165,0.9897916824506707,-1.0,-1.0,True,main,False
1744,1,1,6.243488206920047,1.7565117930799536,0.7804360258650058,0.9610673176878943,20.0,9.0,False,main,True
10798,0,1,5.412985122278069,2.5870148777219306,0.6766231402847587,0.9052109060379903,43.0,15.0,False,main,True
10798,0,2,5.412985122278069,3.5870148777219306,0.60144279136423,0.8427106407479871,74.0,21.0,False,main,False
10798,0,3,5.412985122278069,4.587014877721931,0.5412985122278069,0.7840830660568514,126.0,29.0,False,main,False
10798,0,4,5.412985122278069,5.587014877721931,0.49208955657073356,0.730989367080431,212.0,39.0,False,main,True
10798,0,5,5.412985122278069,6.587014877721931,0.45108209352317247,0.6834761952222628,365.0,52.0,False,main,True
10798,0,6,5.412985122278069,7.587014877721931,0.41638347094446687,0.6410785941140523,652.0,68.0,False,main,True
11234,0,1,5.574463786590176,2.425536213409824,0.696807973323772,0.9174545702884003,38.0,14.0,False,main,True
11234,0,2,5.574463786590176,3.425536213409824,0.6193848651766862,0.8559484150405117,65.0,20.0,False,main,False
11234,0,3,5.574463786590176,4.425536213409824,0.5574463786590176,0.7974391076342061,109.0,28.0,False,main,False
11234,0,4,5.574463786590176,5.425536213409824,0.5067694351445614,0.7440929369932365,181.0,37.0,False,main,True
11234,0,5,5.574463786590176,6.425536213409824,0.46453864888251467,0.6961669813784708,303.0,49.0,False,main,True
3854,1,1,6.189684318877152,1.810315681122848,0.773710539859644,0.95802979014491,20.0,9.0,False,main,True
8869,0,1,5.5532944217185,2.4467055782814997,0.6941618027148125,0.9158844168700251,38.0,14.0,False,main,True
1610,1,1,6.146013867732028,1.8539861322679716,0.7682517334665036,0.9554986536581561,21.0,9.0,False,main,True
7743,1,1,6.580830265527523,1.4191697344724765,0.8226037831909404,0.9779147846622235,16.0,8.0,False,main,True
7743,2,2,7.580830265527523,1.4191697344724765,0.8423144739475026,0.9807266519478893,13.0,7.0,False,main,False
7743,3,3,8.580830265527524,1.4191697344724765,0.8580830265527524,0.982903021787687,10.0,6.0,False,main,False
7743,4,4,9.580830265527524,1.4191697344724765,0.8709845695934113,0.9846375471505497,8.0,5.0,False,main,False
7743,5,5,10.580830265527524,1.4191697344724765,0.881735855460627,0.9860524279324837,6.0,4.0,False,main,False
7743,6,6,11.580830265527524,1.4191697344724765,0.8908330973482711,0.9872285926664389,4.0,3.0,False,main,False
7743,7,7,12.580830265527524,1.4191697344724765,0.898630733251966,0.9882217697512172,2.0,2.0,False,main,False
7743,8,8,13.580830265527524,1.4191697344724765,0.9053886843685016,0.989071589860752,1.0,1.0,False,main,False
7743,9,9,14.580830265527524,1.4191697344724765,0.9113018915954703,0.9898070080368797,-1.0,-1.0,True,main,False
11376,1,1,6.466243812240846,1.533756187759154,0.8082804765301057,0.9726386007289544,17.0,8.0,False,main,True
11376,2,2,7.466243812240846,1.533756187759154,0.8295826458045384,0.9761418348030384,14.0,7.0,False,main,False
11376,3,3,8.466243812240846,1.533756187759154,0.8466243812240846,0.9788492068477093,11.0,6.0,False,main,False
11376,4,4,9.466243812240846,1.533756187759154,0.8605676192946223,0.9810044082456705,8.0,5.0,False,main,False
11376,5,5,10.466243812240846,1.533756187759154,0.8721869843534038,0.982760808166872,6.0,4.0,False,main,False
11376,6,6,11.466243812240846,1.533756187759154,0.8820187547877574,0.9842197676942355,4.0,3.0,False,main,False
11376,7,7,12.466243812240846,1.533756187759154,0.8904459865886318,0.9854509695214904,2.0,2.0,False,main,False
11376,8,8,13.466243812240846,1.533756187759154,0.897749587482723,0.9865039002294995,1.0,1.0,False,main,False
11376,9,9,14.466243812240846,1.533756187759154,0.9041402382650529,0.9874146745848248,-1.0,-1.0,True,main,False
7217,0,1,5.35915586535994,2.64084413464006,0.6698944831699924,0.9009956747921136,44.0,15.0,False,main,True
3157,1,1,6.4392594141018344,1.5607405858981656,0.8049074267627293,0.9713268672397025,17.0,8.0,False,main,True
10148,1,1,6.406336946434911,1.5936630535650882,0.8007921183043639,0.969691887166324,18.0,9.0,False,main,True
10148,2,2,7.406336946434911,1.5936630535650882,0.8229263273816568,0.9735836628765595,14.0,7.0,False,main,False
10148,3,3,8.406336946434912,1.5936630535650882,0.8406336946434912,0.9765889330137116,11.0,6.0,False,main,False
10148,4,4,9.406336946434912,1.5936630535650882,0.855121540584992,0.9789798238540717,9.0,5.0,False,main,False
10148,5,5,10.406336946434912,1.5936630535650882,0.8671947455362427,0.9809273632724839,6.0,4.0,False,main,False
10148,6,6,11.406336946434912,1.5936630535650882,0.8774105343411471,0.9825444610649436,4.0,3.0,False,main,False
10148,7,7,12.406336946434912,1.5936630535650882,0.8861669247453509,0.9839086722520841,2.0,2.0,False,main,False
10148,8,8,13.406336946434912,1.5936630535650882,0.8937557964289942,0.9850750351006697,1.0,1.0,False,main,False
10148,9,9,14.406336946434912,1.5936630535650882,0.900396059152182,0.986083692188485,-1.0,-1.0,True,main,False
6190,0,1,5.2824456259183465,2.717554374081653,0.6603057032397933,0.8948762465564476,47.0,15.0,False,main,True
5452,1,1,6.528602292849785,1.4713977071502158,0.8160752866062231,0.9755699367536992,16.0,8.0,False,main,True
872,1,1,6.21578863252119,1.7842113674788105,0.7769735790651487,0.9595148117277457,20.0,9.0,False,main,True
872,2,2,7.21578863252119,1.7842113674788105,0.8017542925023544,0.9647607644343648,16.0,8.0,False,main,True
872,3,3,8.215788632521189,1.7842113674788105,0.8215788632521189,0.9688016110578834,12.0,6.0,False,main,True
872,4,4,9.215788632521189,1.7842113674788105,0.8377989665928354,0.9720102151743306,9.0,5.0,False,main,False
872,5,5,10.215788632521189,1.7842113674788105,0.8513157193767658,0.9746198808892669,7.0,4.0,False,main,False
872,6,6,11.215788632521189,1.7842113674788105,0.8627529717323992,0.9767841038286444,5.0,3.0,False,main,False
872,7,7,12.215788632521189,1.7842113674788105,0.8725563308943707,0.9786080278829336,3.0,2.0,False,main,False
872,8,8,13.215788632521189,1.7842113674788105,0.8810525755014126,0.9801661033366209,1.0,1.0,False,main,False
872,9,9,14.215788632521189,1.7842113674788105,0.8884867895325743,0.9815125299207716,-1.0,-1.0,True,main,False
5916,1,1,6.457354373430645,1.5426456265693547,0.8071692966788306,0.9722093257557489,17.0,8.0,False,main,True
3194,0,1,5.183484256495232,2.8165157435047683,0.647935532061904,0.8867903797214661,51.0,16.0,False,main,True
5394,0,1,5.502790743382415,2.4972092566175847,0.6878488429228019,0.9120955178079616,40.0,15.0,False,main,True
6717,1,1,6.389608919327195,1.6103910806728052,0.7987011149158993,0.9688467837546714,18.0,9.0,False,main,True
6717,2,2,7.389608919327195,1.6103910806728052,0.8210676577030216,0.9728502969315105,14.0,7.0,False,main,True
6717,3,3,8.389608919327195,1.6103910806728052,0.8389608919327195,0.9759411710241715,11.0,6.0,False,main,False
6717,4,4,9.389608919327195,1.6103910806728052,0.8536008108479268,0.9783997497277184,9.0,5.0,False,main,False
6717,5,5,10.389608919327195,1.6103910806728052,0.8658007432772662,0.9804021572512841,6.0,4.0,False,main,False
6717,6,6,11.389608919327195,1.6103910806728052,0.8761237630251688,0.9820646329000041,4.0,3.0,False,main,False
6717,7,7,12.389608919327195,1.6103910806728052,0.8849720656662282,0.9834669994129309,3.0,2.0,False,main,False
6717,8,8,13.389608919327195,1.6103910806728052,0.892640594621813,0.9846658932035632,1.0,1.0,False,main,False
6717,9,9,14.389608919327195,1.6103910806728052,0.8993505574579497,0.9857026156702077,-1.0,-1.0,True,main,False
4299,0,1,5.471981153894605,2.528018846105395,0.6839976442368256,0.9097546753598303,41.0,15.0,False,main,True
7757,1,1,6.329696197161722,1.670303802838278,0.7912120246452152,0.9657421244165376,19.0,9.0,False,main,True
7757,2,2,7.329696197161722,1.670303802838278,0.8144106885735246,0.9701572629691646,15.0,7.0,False,main,False
7757,3,3,8.329696197161722,1.670303802838278,0.8329696197161722,0.9735632433438121,11.0,6.0,False,main,False
7757,4,4,9.329696197161722,1.670303802838278,0.8481541997419747,0.976270831258739,9.0,5.0,False,main,False
7757,5,5,10.329696197161722,1.670303802838278,0.8608080164301435,0.9784749923703001,7.0,4.0,False,main,False
7757,6,6,11.329696197161722,1.670303802838278,0.8715150920893632,0.9803042623376615,4.0,3.0,False,main,False
7757,7,7,12.329696197161722,1.670303802838278,0.8806925855115516,0.9818468318526815,3.0,2.0,False,main,False
7757,8,8,13.329696197161722,1.670303802838278,0.8886464131441147,0.983165230493327,1.0,1.0,False,main,False
7757,9,9,14.329696197161722,1.670303802838278,0.8956060123226076,0.9843050303716009,-1.0,-1.0,True,main,False
9922,0,1,5.27344470433004,2.72655529566996,0.659180588041255,0.8941496562102766,47.0,16.0,False,main,True
9922,0,2,5.27344470433004,3.72655529566996,0.5859383004811156,0.8309567557787941,83.0,22.0,False,main,False
9922,0,3,5.27344470433004,4.72655529566996,0.527344470433004,0.772312082647528,143.0,31.0,False,main,False
9922,0,4,5.27344470433004,5.72655529566996,0.47940406403000363,0.7194869364520944,246.0,41.0,False,main,True
9922,0,5,5.27344470433004,6.72655529566996,0.43945372536083666,0.6723633653957318,434.0,55.0,False,main,True
1233,1,1,6.467777029030804,1.5322229709691957,0.8084721286288505,0.9727123560312846,17.0,8.0,False,main,True
2818,1,1,6.388330333887708,1.6116696661122911,0.7985412917359636,0.9687817948581956,18.0,9.0,False,main,True
1979,1,1,6.335638957543667,1.6643610424563329,0.7919548696929584,0.9660554462665878,19.0,9.0,False,main,True
4723,1,1,6.258878831218822,1.741121168781178,0.7823598539023527,0.9619194576042407,19.0,9.0,False,main,True
11166,1,1,6.289981738591487,1.7100182614085133,0.7862477173239358,0.9636184193073053,19.0,9.0,False,main,True
11166,2,2,7.289981738591487,1.7100182614085133,0.8099979709546097,0.9683161288922217,15.0,7.0,False,main,False
11166,3,3,8.289981738591486,1.7100182614085133,0.8289981738591485,0.9719382030118211,12.0,6.0,False,main,False
11166,4,4,9.289981738591486,1.7100182614085133,0.8445437944174078,0.9748164251709794,9.0,5.0,False,main,False
11166,5,5,10.289981738591486,1.7100182614085133,0.8574984782159571,0.9771587549355351,7.0,4.0,False,main,False
11166,6,6,11.289981738591486,1.7100182614085133,0.8684601337378066,0.9791021964559905,5.0,3.0,False,main,False
11166,7,7,12.289981738591486,1.7100182614085133,0.8778558384708204,0.9807406971494401,3.0,2.0,False,main,False
11166,8,8,13.289981738591486,1.7100182614085133,0.8859987825727658,0.9821408371959519,1.0,1.0,False,main,False
11166,9,9,14.289981738591486,1.7100182614085133,0.8931238586619679,0.9833511219759257,-1.0,-1.0,True,main,False
260,0,1,5.4449136065317045,2.555086393468296,0.6806142008164631,0.9076799371837672,42.0,15.0,False,main,True
8940,1,1,6.175097377157226,1.8249026228427736,0.7718871721446533,0.9571908063598553,21.0,9.0,False,main,True
2615,1,1,6.406155745395818,1.5938442546041822,0.8007694681744773,0.9696827843936459,18.0,9.0,False,main,True
2615,2,2,7.406155745395818,1.5938442546041822,0.8229061939328687,0.9735757629337576,14.0,7.0,False,main,True
2615,3,3,8.406155745395818,1.5938442546041822,0.8406155745395818,0.9765819547341367,11.0,6.0,False,main,False
2615,4,4,9.406155745395818,1.5938442546041822,0.8551050677632562,0.9789735744357151,9.0,5.0,False,main,False
2615,5,5,10.406155745395818,1.5938442546041822,0.8671796454496515,0.9809217047320429,6.0,4.0,False,main,False
2615,6,6,11.406155745395818,1.5938442546041822,0.8773965957996783,0.9825392912411143,4.0,3.0,False,main,False
2615,7,7,12.406155745395818,1.5938442546041822,0.886153981813987,0.9839039133862332,2.0,2.0,False,main,False
2615,8,8,13.406155745395818,1.5938442546041822,0.8937437163597212,0.9850706266341851,1.0,1.0,False,main,False
2615,9,9,14.406155745395818,1.5938442546041822,0.9003847340872386,0.9860795860360665,-1.0,-1.0,True,main,False
4899,0,1,5.2126069507918915,2.787393049208109,0.6515758688489864,0.8891920391639626,50.0,16.0,False,main,True
440,0,1,5.189777084188825,2.810222915811175,0.6487221355236031,0.8873108811734637,51.0,16.0,False,main,True
7096,0,1,5.487038701974554,2.512961298025446,0.6858798377468193,0.9109014818588888,40.0,15.0,False,main,True
3354,1,1,6.154992845089663,1.8450071549103366,0.7693741056362079,0.956023812929767,21.0,9.0,False,main,True
678,0,1,5.573522679386485,2.426477320613514,0.6966903349233107,0.9173849951963471,38.0,14.0,False,main,True
9309,0,1,5.311656130435969,2.688343869564031,0.6639570163044961,0.8972219052116942,46.0,15.0,False,main,True
3300,1,1,6.537348564052787,1.4626514359472127,0.8171685705065984,0.9759697148590966,16.0,8.0,False,main,True
3300,2,2,7.537348564052787,1.4626514359472127,0.837483173783643,0.9790357863310547,13.0,7.0,False,main,True
3300,3,3,8.537348564052788,1.4626514359472127,0.8537348564052788,0.9814075396708525,10.0,6.0,False,main,False
3300,4,4,9.537348564052788,1.4626514359472127,0.8670316876411626,0.9832969403440741,8.0,5.0,False,main,False
3300,5,5,10.537348564052788,1.4626514359472127,0.8781123803377323,0.9848376097328264,6.0,4.0,False,main,False
3300,6,6,11.537348564052788,1.4626514359472127,0.8874883510809837,0.9861179709477084,4.0,3.0,False,main,False
3300,7,7,12.537348564052788,1.4626514359472127,0.895524897432342,0.9871988748077727,2.0,2.0,False,main,False
3300,8,8,13.537348564052788,1.4626514359472127,0.9024899042701858,0.9881235722843311,1.0,1.0,False,main,False
3300,9,9,14.537348564052788,1.4626514359472127,0.9085842852532993,0.9889236497630821,-1.0,-1.0,True,main,False
2500,1,1,6.389269658869947,1.6107303411300535,0.7986587073587433,0.9688295450141344,18.0,9.0,False,main,True
11481,1,1,6.561879730012234,1.4381202699877655,0.8202349662515293,0.9770758056023627,16.0,8.0,False,main,True
11481,2,2,7.561879730012234,1.4381202699877655,0.8402088588902482,0.9799972220308678,13.0,7.0,False,main,True
11481,3,3,8.561879730012233,1.4381202699877655,0.8561879730012235,0.9822578131930404,10.0,6.0,False,main,False
11481,4,4,9.561879730012233,1.4381202699877655,0.8692617936374759,0.984059111272885,8.0,5.0,False,main,False
11481,5,5,10.561879730012233,1.4381202699877655,0.8801566441676862,0.9855282325399564,6.0,4.0,False,main,False
11481,6,6,11.561879730012233,1.4381202699877655,0.8893753638470949,0.986749332645105,4.0,3.0,False,main,False
11481,7,7,12.561879730012233,1.4381202699877655,0.8972771235723025,0.9877803462604142,2.0,2.0,False,main,False
11481,8,8,13.561879730012233,1.4381202699877655,0.904125315334149,0.9886624636974476,1.0,1.0,False,main,False
11481,9,9,14.561879730012233,1.4381202699877655,0.9101174831257647,0.9894257737984643,-1.0,-1.0,True,main,False
859,1,1,6.429539191853183,1.5704608081468172,0.8036923989816479,0.9708480750961709,17.0,9.0,False,main,True
859,2,2,7.429539191853183,1.5704608081468172,0.8255043546503537,0.9745872013630601,14.0,7.0,False,main,False
859,3,3,8.429539191853184,1.5704608081468172,0.8429539191853183,0.9774754768860452,11.0,6.0,False,main,False
859,4,4,9.429539191853184,1.5704608081468172,0.8572308356230166,0.9797738304706611,8.0,5.0,False,main,False
859,5,5,10.429539191853184,1.5704608081468172,0.8691282659877653,0.9816463405590952,6.0,4.0,False,main,False
859,6,6,11.429539191853184,1.5704608081468172,0.8791953224502448,0.9832013743007313,4.0,3.0,False,main,False
859,7,7,12.429539191853184,1.5704608081468172,0.887824227989513,0.984513391386662,2.0,2.0,False,main,False
859,8,8,13.429539191853184,1.5704608081468172,0.8953026127902122,0.985635247913678,1.0,1.0,False,main,False
859,9,9,14.429539191853184,1.5704608081468172,0.901846199490824,0.9866055036952496,-1.0,-1.0,True,main,False
4308,1,1,6.58215245878424,1.4178475412157607,0.82276905734803,0.9779728128147342,16.0,8.0,False,main,True
935,0,1,5.2692175131356915,2.7307824868643085,0.6586521891419614,0.8938078049542821,48.0,16.0,False,main,True
935,0,2,5.2692175131356915,3.7307824868643085,0.5854686125706324,0.8305961961175375,84.0,22.0,False,main,True
10122,1,1,6.274624129239644,1.7253758707603564,0.7843280161549555,0.9627834149036921,19.0,9.0,False,main,True
10122,2,2,7.274624129239644,1.7253758707603564,0.808291569915516,0.9675924449750074,15.0,7.0,False,main,False
10122,3,3,8.274624129239644,1.7253758707603564,0.8274624129239644,0.9712996025961267,12.0,6.0,False,main,False
10122,4,4,9.274624129239644,1.7253758707603564,0.8431476481126949,0.9742449806564503,9.0,5.0,False,main,False
10122,5,5,10.274624129239644,1.7253758707603564,0.856218677436637,0.9766416707799168,7.0,4.0,False,main,False
10122,6,6,11.274624129239644,1.7253758707603564,0.8672787791722804,0.9786300192744964,5.0,3.0,False,main,False
10122,7,7,12.274624129239644,1.7253758707603564,0.8767588663742603,0.9803062441219693,3.0,2.0,False,main,False
10122,8,8,13.274624129239644,1.7253758707603564,0.8849749419493096,0.9817385223541767,1.0,1.0,False,main,False
10122,9,9,14.274624129239644,1.7253758707603564,0.8921640080774778,0.9829765152507087,-1.0,-1.0,True,main,False
10626,1,1,6.361861429475005,1.638138570524995,0.7952326786843756,0.9674239296033631,18.0,9.0,False,main,True
10626,2,2,7.361861429475005,1.638138570524995,0.8179846032750006,0.971615869747459,14.0,7.0,False,main,False
10626,3,3,8.361861429475006,1.638138570524995,0.8361861429475006,0.9748510356387056,11.0,6.0,False,main,False
10626,4,4,9.361861429475006,1.638138570524995,0.8510783117704551,0.9774236679857624,9.0,5.0,False,main,False
10626,5,5,10.361861429475006,1.638138570524995,0.8634884524562505,0.9795185029188808,6.0,4.0,False,main,False
10626,6,6,11.361861429475006,1.638138570524995,0.8739893407288466,0.9812574025964163,4.0,3.0,False,main,False
10626,7,7,12.361861429475006,1.638138570524995,0.8829901021053576,0.9827240176019213,3.0,2.0,False,main,False
10626,8,8,13.361861429475006,1.638138570524995,0.8907907619650004,0.9839776809055555,1.0,1.0,False,main,False
10626,9,9,14.361861429475006,1.638138570524995,0.8976163393421879,0.9850616485419659,-1.0,-1.0,True,main,False
6870,1,1,6.4731885369596815,1.5268114630403187,0.8091485671199602,0.972972005437242,17.0,8.0,False,main,True
5396,1,1,6.31801912306773,1.6819808769322706,0.7897523903834662,0.9651230694906886,19.0,9.0,False,main,True
5396,2,2,7.31801912306773,1.6819808769322706,0.8131132358964144,0.9696204937949907,15.0,7.0,False,main,True
5396,3,3,8.31801912306773,1.6819808769322706,0.831801912306773,0.9730894196343554,12.0,6.0,False,main,False
5396,4,4,9.31801912306773,1.6819808769322706,0.8470926475516118,0.9758467220880862,9.0,5.0,False,main,False
5396,5,5,10.31801912306773,1.6819808769322706,0.8598349269223108,0.9780911457463088,7.0,4.0,False,main,False
5396,6,6,11.31801912306773,1.6819808769322706,0.8706168556205947,0.9799536900670377,4.0,3.0,False,main,False
5396,7,7,12.31801912306773,1.6819808769322706,0.8798585087905522,0.9815242211070047,3.0,2.0,False,main,False
5396,8,8,13.31801912306773,1.6819808769322706,0.8878679415378486,0.9828664475777429,1.0,1.0,False,main,False
5396,9,9,14.31801912306773,1.6819808769322706,0.8948761951917331,0.9840267956466129,-1.0,-1.0,True,main,False
11027,0,1,5.234249011219997,2.7657509887800034,0.6542811264024996,0.8909648896295279,49.0,16.0,False,main,True
11027,0,2,5.234249011219997,3.7657509887800034,0.5815832234688885,0.8276034867360059,86.0,22.0,False,main,False
11027,0,3,5.234249011219997,4.765750988780003,0.5234249011219997,0.7689676134321883,149.0,31.0,False,main,True
11027,0,4,5.234249011219997,5.765750988780003,0.47584081920181787,0.7162260671160574,257.0,42.0,False,main,True
10307,1,1,6.207039507555683,1.7929604924443172,0.7758799384444603,0.9590194478937069,20.0,9.0,False,main,True
10307,2,2,7.207039507555683,1.7929604924443172,0.800782167506187,0.9643317763164988,16.0,8.0,False,main,False
10307,3,3,8.207039507555683,1.7929604924443172,0.8207039507555682,0.9684232806233104,12.0,6.0,False,main,False
10307,4,4,9.207039507555683,1.7929604924443172,0.8370035915959712,0.9716718244258524,9.0,5.0,False,main,False
10307,5,5,10.207039507555683,1.7929604924443172,0.8505866256296403,0.9743137919983482,7.0,4.0,False,main,False
10307,6,6,11.207039507555683,1.7929604924443172,0.8620799621196679,0.9765046808999905,5.0,3.0,False,main,False
10307,7,7,12.207039507555683,1.7929604924443172,0.8719313933968345,0.9783509929454298,3.0,2.0,False,main,False
10307,8,8,13.207039507555683,1.7929604924443172,0.8804693005037122,0.9799281322110013,1.0,1.0,False,main,False
10307,9,9,14.207039507555683,1.7929604924443172,0.8879399692222302,0.9812909881138878,-1.0,-1.0,True,main,False
5960,0,1,5.237324332106306,2.762675667893694,0.6546655415132883,0.8912159832531883,49.0,16.0,False,main,True
7882,1,1,6.447718490468108,1.5522815095318916,0.8059648113085135,0.9717408393036835,17.0,8.0,False,main,True
7882,2,2,7.447718490468108,1.5522815095318916,0.8275242767186787,0.975362270777066,14.0,7.0,False,main,False
7882,3,3,8.447718490468109,1.5522815095318916,0.8447718490468109,0.978160304055412,11.0,6.0,False,main,False
7882,4,4,9.447718490468109,1.5522815095318916,0.8588834991334644,0.980387257449959,8.0,5.0,False,main,False
7882,5,5,10.447718490468109,1.5522815095318916,0.870643207539009,0.9822018616025706,6.0,4.0,False,main,False
7882,6,6,11.447718490468109,1.5522815095318916,0.8805937300360084,0.9837089859783344,4.0,3.0,False,main,False
7882,7,7,12.447718490468109,1.5522815095318916,0.8891227493191506,0.9849807058937207,2.0,2.0,False,main,False
7882,8,8,13.447718490468109,1.5522815095318916,0.8965145660312073,0.9860681958712075,1.0,1.0,False,main,False
7882,9,9,14.447718490468109,1.5522815095318916,0.9029824056542568,0.9870087956768439,-1.0,-1.0,True,main,False
5014,1,1,6.182119603606365,1.817880396393635,0.7727649504507956,0.9575955127896534,21.0,9.0,False,main,True
5014,2,2,7.182119603606365,1.817880396393635,0.7980132892895961,0.963098869513895,16.0,8.0,False,main,True
5014,3,3,8.182119603606365,1.817880396393635,0.8182119603606365,0.9673361149550833,12.0,6.0,False,main,False
5014,4,4,9.182119603606365,1.817880396393635,0.8347381457823968,0.9706995341564649,9.0,5.0,False,main,False
5014,5,5,10.182119603606365,1.817880396393635,0.848509966967197,0.973434389912404,7.0,4.0,False,main,False
5014,6,6,11.182119603606365,1.817880396393635,0.8601630464312588,0.975701947574801,5.0,3.0,False,main,False
5014,7,7,12.182119603606365,1.817880396393635,0.8701514002575975,0.977612619822757,3.0,2.0,False,main,False
5014,8,8,13.182119603606365,1.817880396393635,0.8788079735737576,0.9792445568489403,1.0,1.0,False,main,False
5014,9,9,14.182119603606365,1.817880396393635,0.8863824752253978,0.9806546332864325,-1.0,-1.0,True,main,False
3703,1,1,6.164348936576479,1.8356510634235215,0.7705436170720599,0.9565684299301321,21.0,9.0,False,main,True
4245,1,1,6.444994986503654,1.5550050134963458,0.8056243733129568,0.9716078308772175,17.0,8.0,False,main,True
4245,2,2,7.444994986503654,1.5550050134963458,0.8272216651670727,0.9752467873329583,14.0,7.0,False,main,True
4245,3,3,8.444994986503655,1.5550050134963458,0.8444994986503656,0.9780582599616132,11.0,6.0,False,main,False
4245,4,4,9.444994986503655,1.5550050134963458,0.8586359078639686,0.9802958479192331,8.0,5.0,False,main,False
4245,5,5,10.444994986503655,1.5550050134963458,0.8704162488753046,0.9821190775714432,6.0,4.0,False,main,False
4245,6,6,11.444994986503655,1.5550050134963458,0.8803842297310503,0.9836333389299831,4.0,3.0,False,main,False
4245,7,7,12.444994986503655,1.5550050134963458,0.8889282133216897,0.9849110622283452,2.0,2.0,False,main,False
4245,8,8,13.444994986503655,1.5550050134963458,0.8963329991002437,0.9860036723278424,1.0,1.0,False,main,False
4245,9,9,14.444994986503655,1.5550050134963458,0.9028121866564784,0.9869486906458774,-1.0,-1.0,True,main,False
12007,1,1,6.374414440206693,1.6255855597933069,0.7968018050258366,0.9680708651962129,18.0,9.0,False,main,True
7366,1,1,6.421753478622236,1.5782465213777643,0.8027191848277795,0.9704621905867772,18.0,9.0,False,main,True
6424,1,1,6.432652287169868,1.5673477128301312,0.8040815358962335,0.9710017778976838,17.0,9.0,False,main,True
10345,1,1,6.285183194540325,1.7148168054596749,0.7856478993175406,0.9633583373187031,19.0,9.0,False,main,True
10345,2,2,7.285183194540325,1.7148168054596749,0.8094647993933695,0.9680907072075162,15.0,7.0,False,main,False
10345,3,3,8.285183194540325,1.7148168054596749,0.8285183194540325,0.9717392754637275,12.0,6.0,False,main,False
10345,4,4,9.285183194540325,1.7148168054596749,0.8441075631400295,0.9746384110065226,9.0,5.0,False,main,False
10345,5,5,10.285183194540325,1.7148168054596749,0.8570985995450271,0.976997670516164,7.0,4.0,False,main,False
10345,6,6,11.285183194540325,1.7148168054596749,0.8680910149646404,0.9789550983873311,5.0,3.0,False,main,False
10345,7,7,12.285183194540325,1.7148168054596749,0.8775130853243089,0.9806053488312464,3.0,2.0,False,main,False
10345,8,8,13.285183194540325,1.7148168054596749,0.8856788796360217,0.98201549915208,1.0,1.0,False,main,False
10345,9,9,14.285183194540325,1.7148168054596749,0.8928239496587703,0.9832344146073858,-1.0,-1.0,True,main,False
7564,1,1,6.222332233423819,1.7776677665761818,0.7777915291779773,0.9598837404982365,20.0,9.0,False,main,True
11985,0,1,5.41189954758317,2.58810045241683,0.6764874434478962,0.9051265480046216,43.0,15.0,False,main,True
8742,0,1,5.411245836977126,2.5887541630228736,0.6764057296221407,0.9050757363623544,43.0,15.0,False,main,True
2180,0,1,5.389070773126306,2.610929226873693,0.6736338466407883,0.9033463454916533,43.0,15.0,False,main,True
1774,1,1,6.266362677788438,1.7336373222115622,0.7832953347235547,0.962331092416511,19.0,9.0,False,main,True
5442,1,1,6.287049124390366,1.7129508756096343,0.7858811405487958,0.9634595596358162,19.0,9.0,False,main,True
4575,1,1,6.5713774114304195,1.4286225885695805,0.8214221764288024,0.9774979856325019,16.0,8.0,False,main,True
4575,2,2,7.5713774114304195,1.4286225885695805,0.8412641568256022,0.9803642573529664,13.0,7.0,False,main,False
4575,3,3,8.571377411430419,1.4286225885695805,0.8571377411430419,0.982582457293709,10.0,6.0,False,main,False
4575,4,4,9.571377411430419,1.4286225885695805,0.8701252192209471,0.9843501490126052,8.0,5.0,False,main,False
4575,5,5,10.571377411430419,1.4286225885695805,0.8809481176192016,0.9857919728894553,6.0,4.0,False,main,False
4575,6,6,11.571377411430419,1.4286225885695805,0.8901059547254169,0.986990459602252,4.0,3.0,False,main,False
4575,7,7,12.571377411430419,1.4286225885695805,0.897955529387887,0.9880024329961699,2.0,2.0,False,main,False
4575,8,8,13.571377411430419,1.4286225885695805,0.9047584940953612,0.9888682981931091,1.0,1.0,False,main,False
4575,9,9,14.571377411430419,1.4286225885695805,0.9107110882144012,0.9896175732704329,-1.0,-1.0,True,main,False
12073,1,1,6.376455409629326,1.6235445903706744,0.7970569262036657,0.9681755453513476,18.0,9.0,False,main,True
2918,0,1,5.278887288214468,2.7211127117855316,0.6598609110268085,0.8945892166660399,47.0,16.0,False,main,True
5248,0,1,5.401461858975883,2.5985381410241173,0.6751827323719853,0.904314082287349,43.0,15.0,False,main,True
7754,1,1,6.525283158675486,1.474716841324514,0.8156603948344358,0.9754174844249557,16.0,8.0,False,main,True
7754,2,2,7.525283158675486,1.474716841324514,0.8361425731861651,0.978555872395332,13.0,7.0,False,main,False
7754,3,3,8.525283158675485,1.474716841324514,0.8525283158675485,0.9809831779700571,10.0,6.0,False,main,False
7754,4,4,9.525283158675485,1.474716841324514,0.8659348326068623,0.9829165947008254,8.0,5.0,False,main,False
7754,5,5,10.525283158675485,1.474716841324514,0.8771069298896238,0.9844930015922003,6.0,4.0,False,main,False
7754,6,6,11.525283158675485,1.474716841324514,0.8865602429750373,0.9858029577525086,4.0,3.0,False,main,False
7754,7,7,12.525283158675485,1.474716841324514,0.8946630827625347,0.98690877304687,2.0,2.0,False,main,False
7754,8,8,13.525283158675485,1.474716841324514,0.901685543911699,0.9878547291299284,1.0,1.0,False,main,False
7754,9,9,14.525283158675485,1.474716841324514,0.9078301974172178,0.9886731612137103,-1.0,-1.0,True,main,False
3163,1,1,6.218997216231592,1.781002783768408,0.777374652028949,0.9596958792252178,20.0,9.0,False,main,True
3198,0,1,5.429472010270637,2.570527989729363,0.6786840012838297,0.9064887586694712,42.0,15.0,False,main,True
4423,1,1,6.555507715879936,1.4444922841200638,0.819438464484992,0.9767906606302614,16.0,8.0,False,main,True
9592,1,1,6.342216228685907,1.6577837713140928,0.7927770285857384,0.9664008545060029,18.0,9.0,False,main,True
9592,2,2,7.342216228685907,1.6577837713140928,0.815801803187323,0.970728509410102,15.0,7.0,False,main,False
9592,3,3,8.342216228685906,1.6577837713140928,0.8342216228685906,0.974067551595187,11.0,6.0,False,main,False
9592,4,4,9.342216228685906,1.6577837713140928,0.8492923844259915,0.9767222615913661,9.0,5.0,False,main,False
9592,5,5,10.342216228685906,1.6577837713140928,0.8618513523904922,0.9788835919122979,6.0,4.0,False,main,False
9592,6,6,11.342216228685906,1.6577837713140928,0.8724781714373774,0.980677460843109,4.0,3.0,False,main,False
9592,7,7,12.342216228685906,1.6577837713140928,0.8815868734775647,0.9821902788080741,3.0,2.0,False,main,False
9592,8,8,13.342216228685906,1.6577837713140928,0.8894810819123937,0.9834833221495799,1.0,1.0,False,main,False
9592,9,9,14.342216228685906,1.6577837713140928,0.8963885142928691,0.9846012550889013,-1.0,-1.0,True,main,False
10266,1,1,6.282815041462179,1.7171849585378216,0.7853518801827724,0.963229708476992,19.0,9.0,False,main,True
10266,2,2,7.282815041462179,1.7171849585378216,0.8092016712735755,0.9679792247150807,15.0,7.0,False,main,False
10266,3,3,8.282815041462179,1.7171849585378216,0.8282815041462179,0.9716408985788912,12.0,6.0,False,main,False
10266,4,4,9.282815041462179,1.7171849585378216,0.8438922764965617,0.9745503785744495,9.0,5.0,False,main,False
10266,5,5,10.282815041462179,1.7171849585378216,0.8569012534551815,0.9769180117318904,7.0,4.0,False,main,False
10266,6,6,11.282815041462179,1.7171849585378216,0.8679088493432445,0.9788823571710603,5.0,3.0,False,main,False
10266,7,7,12.282815041462179,1.7171849585378216,0.8773439315330128,0.9805384188056957,3.0,2.0,False,main,False
10266,8,8,13.282815041462179,1.7171849585378216,0.8855210027641452,0.9819535198876763,1.0,1.0,False,main,False
10266,9,9,14.282815041462179,1.7171849585378216,0.8926759400913862,0.9831767037111,-1.0,-1.0,True,main,False
6050,1,1,6.277801413276786,1.7221985867232132,0.7847251766595983,0.9629567904099379,19.0,9.0,False,main,True
3864,1,1,6.322660559289223,1.677339440710777,0.7903325699111529,0.9653696717782391,19.0,9.0,False,main,True
1753,1,1,6.237896909328815,1.762103090671185,0.7797371136661019,0.9607558819809664,20.0,9.0,False,main,True
484,0,1,5.462605587072161,2.537394412927839,0.6828256983840201,0.9090379546162086,41.0,15.0,False,main,True
3018,1,1,6.255710486788588,1.7442895132114118,0.7819638108485735,0.9617446501079823,20.0,9.0,False,main,True
7165,1,1,6.215322283298476,1.7846777167015246,0.7769152854123095,0.9594884678468487,20.0,9.0,False,main,True
512,1,1,6.284846903327798,1.7151530966722013,0.7856058629159748,0.9633400823330247,19.0,9.0,False,main,True
2602,1,1,6.346707726638241,1.6532922733617597,0.7933384658297801,0.9666358996242242,18.0,9.0,False,main,True
6468,0,1,5.261852178567943,2.7381478214320576,0.6577315223209929,0.8932112350888534,48.0,16.0,False,main,True
6120,0,1,5.536530969669087,2.4634690303309124,0.6920663712086359,0.9146334756714567,39.0,14.0,False,main,True
2718,1,1,6.393733873658322,1.606266126341678,0.7992167342072902,0.9690560689651296,18.0,9.0,False,main,True
8048,1,1,6.199240480655781,1.800759519344219,0.7749050600819726,0.9585758715429915,20.0,9.0,False,main,True
8048,2,2,7.199240480655781,1.800759519344219,0.7999156089617534,0.9639476715839386,16.0,8.0,False,main,False
8048,3,3,8.199240480655781,1.800759519344219,0.8199240480655782,0.9680845566224351,12.0,6.0,False,main,False
8048,4,4,9.199240480655781,1.800759519344219,0.8362945891505256,0.9713688750170236,9.0,5.0,False,main,False
8048,5,5,10.199240480655781,1.800759519344219,0.8499367067213152,0.9740397729387267,7.0,4.0,False,main,False
8048,6,6,11.199240480655781,1.800759519344219,0.8614800369735216,0.9762545426041629,5.0,3.0,False,main,False
8048,7,7,12.199240480655781,1.800759519344219,0.8713743200468416,0.9781209029319338,3.0,2.0,False,main,False
8048,8,8,13.199240480655781,1.800759519344219,0.8799493653770522,0.9797151127522292,1.0,1.0,False,main,False
8048,9,9,14.199240480655781,1.800759519344219,0.8874525300409863,0.981092679477932,-1.0,-1.0,True,main,False
755,0,1,5.2016434668009905,2.7983565331990095,0.6502054333501238,0.8882900658347228,50.0,16.0,False,main,True
7299,1,1,6.365304735375067,1.6346952646249333,0.7956630919218833,0.9676019143422471,18.0,9.0,False,main,True
2304,1,1,6.37275871295644,1.6272412870435602,0.796594839119555,0.9679858401559586,18.0,9.0,False,main,True
7279,0,1,5.272657237239344,2.7273427627606557,0.659082154654918,0.8940860038530194,48.0,16.0,False,main,True
37,0,1,5.21491435892049,2.7850856410795104,0.6518642948650613,0.8893815394598464,50.0,16.0,False,main,True
11371,1,1,6.509350442147199,1.4906495578528007,0.8136688052683999,0.9746800351159209,17.0,8.0,False,main,True
11371,2,2,7.509350442147199,1.4906495578528007,0.8343722713496888,0.9779150924857468,13.0,7.0,False,main,True
11371,3,3,8.509350442147198,1.4906495578528007,0.8509350442147199,0.980416636846724,10.0,6.0,False,main,False
11371,4,4,9.509350442147198,1.4906495578528007,0.8644864038315635,0.9824088629917012,8.0,5.0,False,main,False
11371,5,5,10.509350442147198,1.4906495578528007,0.8757792035122666,0.9840330102713497,6.0,4.0,False,main,False
11371,6,6,11.509350442147198,1.4906495578528007,0.8853346493959383,0.9853824957541388,4.0,3.0,False,main,False
11371,7,7,12.509350442147198,1.4906495578528007,0.8935250315819427,0.9865215809129683,2.0,2.0,False,main,False
11371,8,8,13.509350442147198,1.4906495578528007,0.9006233628098133,0.9874959256934093,1.0,1.0,False,main,False
11371,9,9,14.509350442147198,1.4906495578528007,0.9068344026341999,0.9883388664751382,-1.0,-1.0,True,main,False
2055,1,1,6.501660400314004,1.4983395996859956,0.8127075500392505,0.9743207776742152,17.0,8.0,False,main,True
2055,2,2,7.501660400314004,1.4983395996859956,0.8335178222571116,0.9776029688784307,13.0,7.0,False,main,True
2055,3,3,8.501660400314005,1.4983395996859956,0.8501660400314005,0.9801407018179747,11.0,6.0,False,main,False
2055,4,4,9.501660400314005,1.4983395996859956,0.863787309119455,0.982161590105094,8.0,5.0,False,main,False
2055,5,5,10.501660400314005,1.4983395996859956,0.8751383666928337,0.9838090014412915,6.0,4.0,False,main,False
2055,6,6,11.501660400314005,1.4983395996859956,0.8847431077164619,0.9851777474623282,4.0,3.0,False,main,False
2055,7,7,12.501660400314005,1.4983395996859956,0.8929757428795718,0.9863330417020478,2.0,2.0,False,main,False
2055,8,8,13.501660400314005,1.4983395996859956,0.900110693354267,0.9873212163427229,1.0,1.0,False,main,False
2055,9,9,14.501660400314005,1.4983395996859956,0.9063537750196253,0.9881760959804524,-1.0,-1.0,True,main,False
3388,1,1,6.542584392138059,1.4574156078619418,0.8178230490172573,0.9762076790019436,16.0,8.0,False,main,True
5656,0,1,5.533630528003363,2.4663694719966367,0.6917038160004204,0.9144163588188018,39.0,14.0,False,main,True
10043,1,1,6.428042086531134,1.5719579134688662,0.8035052608163917,0.9707740379705888,17.0,9.0,False,main,True
10043,2,2,7.428042086531134,1.5719579134688662,0.8253380096145704,0.9745229315849262,14.0,7.0,False,main,False
10043,3,3,8.428042086531134,1.5719579134688662,0.8428042086531133,0.9774186947146831,11.0,6.0,False,main,False
10043,4,4,9.428042086531134,1.5719579134688662,0.857094735139194,0.9797229716403253,8.0,5.0,False,main,False
10043,5,5,10.428042086531134,1.5719579134688662,0.8690035072109278,0.9816002850168845,6.0,4.0,False,main,False
10043,6,6,11.428042086531134,1.5719579134688662,0.8790801605023949,0.9831592924495755,4.0,3.0,False,main,False
10043,7,7,12.428042086531134,1.5719579134688662,0.887717291895081,0.984474651591174,2.0,2.0,False,main,False
10043,8,8,13.428042086531134,1.5719579134688662,0.8952028057687422,0.9855993581260988,1.0,1.0,False,main,False
10043,9,9,14.428042086531134,1.5719579134688662,0.9017526304081959,0.986572073129362,-1.0,-1.0,True,main,False
7704,1,1,6.367307090541104,1.6326929094588962,0.795913386317638,0.9677052323862563,18.0,9.0,False,main,True
7704,2,2,7.367307090541104,1.6326929094588962,0.8185896767267893,0.9718598902403617,14.0,7.0,False,main,False
7704,3,3,8.367307090541104,1.6326929094588962,0.8367307090541104,0.9750665129037963,11.0,6.0,False,main,False
7704,4,4,9.367307090541104,1.6326929094588962,0.851573371867373,0.977616587489263,9.0,5.0,False,main,False
7704,5,5,10.367307090541104,1.6326929094588962,0.863942257545092,0.9796931444098086,6.0,4.0,False,main,False
7704,6,6,11.367307090541104,1.6326929094588962,0.8744082377339311,0.9814169324752321,4.0,3.0,False,main,False
7704,7,7,12.367307090541104,1.6326929094588962,0.8833790778957932,0.9828708445238621,3.0,2.0,False,main,False
7704,8,8,13.367307090541104,1.6326929094588962,0.8911538060360736,0.9841136798316018,1.0,1.0,False,main,False
7704,9,9,14.367307090541104,1.6326929094588962,0.897956693158819,0.9851883076410248,-1.0,-1.0,True,main,False
3544,1,1,6.42514428868594,1.5748557113140607,0.8031430360857424,0.9706305095006732,18.0,9.0,False,main,True
2683,1,1,6.562708586418704,1.4372914135812966,0.820338573302338,0.9771127844154855,16.0,8.0,False,main,True
2683,2,2,7.562708586418704,1.4372914135812966,0.8403009540465226,0.9800293691944794,13.0,7.0,False,main,False
2683,3,3,8.562708586418704,1.4372914135812966,0.8562708586418702,0.9822862464600363,10.0,6.0,False,main,False
2683,4,4,9.562708586418704,1.4372914135812966,0.8693371442198821,0.9840846004812193,8.0,5.0,False,main,False
2683,5,5,10.562708586418704,1.4372914135812966,0.8802257155348919,0.9855513305079555,6.0,4.0,False,main,False
2683,6,6,11.562708586418704,1.4372914135812966,0.8894391220322079,0.9867704497736908,4.0,3.0,False,main,False
2683,7,7,12.562708586418704,1.4372914135812966,0.897336327601336,0.9877997956034817,2.0,2.0,False,main,False
2683,8,8,13.562708586418704,1.4372914135812966,0.9041805724279135,0.9886804895042784,1.0,1.0,False,main,False
2683,9,9,14.562708586418704,1.4372914135812966,0.910169286651169,0.989442570306545,-1.0,-1.0,True,main,False
105,0,1,5.291141106539688,2.7088588934603117,0.661392638317461,0.8955764836014999,47.0,15.0,False,main,True
1220,1,1,6.458845833815886,1.5411541661841146,0.8073557292269857,0.9722815451026755,17.0,8.0,False,main,True
1220,2,2,7.458845833815886,1.5411541661841146,0.8287606482017651,0.9758317694873343,14.0,7.0,False,main,False
1220,3,3,8.458845833815886,1.5411541661841146,0.8458845833815886,0.9785751886860512,11.0,6.0,False,main,False
1220,4,4,9.458845833815886,1.5411541661841146,0.8598950758014442,0.9807589213287139,8.0,5.0,False,main,False
1220,5,5,10.458845833815886,1.5411541661841146,0.8715704861513238,0.9825384669727127,6.0,4.0,False,main,False
1220,6,6,11.458845833815886,1.5411541661841146,0.8814496795242989,0.9840165809731531,4.0,3.0,False,main,False
1220,7,7,12.458845833815886,1.5411541661841146,0.8899175595582776,0.9852638969955764,2.0,2.0,False,main,False
1220,8,8,13.458845833815886,1.5411541661841146,0.8972563889210591,0.9863305725766541,1.0,1.0,False,main,False
1220,9,9,14.458845833815886,1.5411541661841146,0.9036778646134929,0.9872532094597295,-1.0,-1.0,True,main,False
8841,1,1,6.527661708288687,1.4723382917113128,0.8159577135360859,0.9755267756953655,16.0,8.0,False,main,True
5865,1,1,6.33455003778036,1.6654499622196397,0.791818754722545,0.9659981224674961,19.0,9.0,False,main,True
5865,2,2,7.33455003778036,1.6654499622196397,0.8149500041978178,0.9703792534974054,15.0,7.0,False,main,True
5865,3,3,8.33455003778036,1.6654499622196397,0.833455003778036,0.9737592150177717,11.0,6.0,False,main,False
5865,4,4,9.33455003778036,1.6654499622196397,0.8485954579800328,0.9764462505196518,9.0,5.0,False,main,False
5865,5,5,10.33455003778036,1.6654499622196397,0.8612125031483634,0.97863376507707,6.0,4.0,False,main,False
5865,6,6,11.33455003778036,1.6654499622196397,0.8718884644446431,0.9804492766439914,4.0,3.0,False,main,False
5865,7,7,12.33455003778036,1.6654499622196397,0.8810392884128829,0.9819802837545981,3.0,2.0,False,main,False
5865,8,8,13.33455003778036,1.6654499622196397,0.8889700025186907,0.9832888287694326,1.0,1.0,False,main,False
5865,9,9,14.33455003778036,1.6654499622196397,0.8959093773612725,0.9844201308619731,-1.0,-1.0,True,main,False
2111,1,1,6.394908078046654,1.6050919219533464,0.7993635097558317,0.9691155373327822,18.0,9.0,False,main,True
7557,1,1,6.496564572233442,1.5034354277665576,0.8120705715291803,0.9740815296046859,17.0,8.0,False,main,True
7557,2,2,7.496564572233442,1.5034354277665576,0.8329516191370492,0.9773951241471723,13.0,7.0,False,main,True
7557,3,3,8.496564572233442,1.5034354277665576,0.8496564572233443,0.9799569649486002,11.0,6.0,False,main,False
7557,4,4,9.496564572233442,1.5034354277665576,0.863324052021222,0.9819969453086146,8.0,5.0,False,main,False
7557,5,5,10.496564572233442,1.5034354277665576,0.8747137143527869,0.9836598518076263,6.0,4.0,False,main,False
7557,6,6,11.496564572233442,1.5034354277665576,0.884351120941034,0.9850414256174861,4.0,3.0,False,main,False
7557,7,7,12.496564572233442,1.5034354277665576,0.8926117551595316,0.9862075147715854,2.0,2.0,False,main,False
7557,8,8,13.496564572233442,1.5034354277665576,0.8997709714822295,0.9872048994125124,1.0,1.0,False,main,False
7557,9,9,14.496564572233442,1.5034354277665576,0.9060352857645901,0.9880677294398217,-1.0,-1.0,True,main,False
6490,1,1,6.421306622088347,1.5786933779116532,0.8026633277610433,0.9704399789101262,18.0,9.0,False,main,True
11802,0,1,5.266464850405819,2.7335351495941818,0.6583081063007273,0.8935849870222881,48.0,16.0,False,main,True
3534,1,1,6.3201211597474325,1.6798788402525675,0.7900151449684291,0.9652348398508762,19.0,9.0,False,main,True
3534,2,2,7.3201211597474325,1.6798788402525675,0.8133467955274924,0.9697174023803844,15.0,7.0,False,main,True
3534,3,3,8.320121159747433,1.6798788402525675,0.8320121159747433,0.9731749606386233,12.0,6.0,False,main,False
3534,4,4,9.320121159747433,1.6798788402525675,0.8472837417952213,0.9759232856040676,9.0,5.0,False,main,False
3534,5,5,10.320121159747433,1.6798788402525675,0.8600100966456194,0.9781604390446067,7.0,4.0,False,main,False
3534,6,6,11.320121159747433,1.6798788402525675,0.8707785507498026,0.9800169752889359,4.0,3.0,False,main,False
3534,7,7,12.320121159747433,1.6798788402525675,0.8800086542676738,0.9815824577409404,3.0,2.0,False,main,False
3534,8,8,13.320121159747433,1.6798788402525675,0.8880080773164956,0.9829203821211442,1.0,1.0,False,main,False
3534,9,9,14.320121159747433,1.6798788402525675,0.8950075724842146,0.9840770203368366,-1.0,-1.0,True,main,False
11898,0,1,5.296499816692032,2.703500183307968,0.662062477086504,0.8960071822436824,47.0,15.0,False,main,True
8593,1,1,6.2967137159519915,1.703286284048008,0.7870892144939989,0.9639820352601345,19.0,9.0,False,main,True
8593,2,2,7.2967137159519915,1.703286284048008,0.8107459684391102,0.9686313068624395,15.0,7.0,False,main,True
8593,3,3,8.296713715951991,1.703286284048008,0.8296713715951991,0.9722163508917607,12.0,6.0,False,main,False
8593,4,4,9.296713715951991,1.703286284048008,0.845155792359272,0.9750653404009751,9.0,5.0,False,main,False
8593,5,5,10.296713715951991,1.703286284048008,0.8580594763293327,0.9773840041699277,7.0,4.0,False,main,False
8593,6,6,11.296713715951991,1.703286284048008,0.8689779781501532,0.9793078931447025,5.0,3.0,False,main,False
8593,7,7,12.296713715951991,1.703286284048008,0.8783366939965708,0.980929967236956,3.0,2.0,False,main,False
8593,8,8,13.296713715951991,1.703286284048008,0.8864475810634661,0.9823161119925056,1.0,1.0,False,main,False
8593,9,9,14.296713715951991,1.703286284048008,0.8935446072469995,0.9835143298904155,-1.0,-1.0,True,main,False
5626,1,1,6.540249675766468,1.4597503242335321,0.8175312094708085,0.976101693882881,16.0,8.0,False,main,True
5626,2,2,7.540249675766468,1.4597503242335321,0.8378055195296076,0.9791504916092237,13.0,7.0,False,main,True
5626,3,3,8.540249675766468,1.4597503242335321,0.8540249675766468,0.9815089735698894,10.0,6.0,False,main,False
5626,4,4,9.540249675766468,1.4597503242335321,0.8672954250696789,0.9833878576339755,8.0,5.0,False,main,False
5626,5,5,10.540249675766468,1.4597503242335321,0.8783541396472057,0.9849199876028569,6.0,4.0,False,main,False
5626,6,6,11.540249675766468,1.4597503242335321,0.8877115135204975,0.9861932766300351,4.0,3.0,False,main,False
5626,7,7,12.540249675766468,1.4597503242335321,0.8957321196976048,0.9872682271392015,2.0,2.0,False,main,False
5626,8,8,13.540249675766468,1.4597503242335321,0.9026833117177645,0.9881878439593281,1.0,1.0,False,main,False
5626,9,9,14.540249675766468,1.4597503242335321,0.9087656047354042,0.9889835346255563,-1.0,-1.0,True,main,False
8866,1,1,6.172413479436429,1.8275865205635713,0.7715516849295536,0.9570357286343302,21.0,9.0,False,main,True
8866,2,2,7.172413479436429,1.8275865205635713,0.796934831048492,0.9626142760129108,16.0,8.0,False,main,False
8866,3,3,8.172413479436429,1.8275865205635713,0.8172413479436429,0.9669088660530554,12.0,6.0,False,main,False
8866,4,4,9.172413479436429,1.8275865205635713,0.8338557708578572,0.9703174729240004,9.0,5.0,False,main,False
8866,5,5,10.172413479436429,1.8275865205635713,0.847701123286369,0.9730888596871287,7.0,4.0,False,main,False
8866,6,6,11.172413479436429,1.8275865205635713,0.8594164214951099,0.9753865644808922,5.0,3.0,False,main,False
8866,7,7,12.172413479436429,1.8275865205635713,0.8694581056740306,0.9773225404593653,3.0,2.0,False,main,False
8866,8,8,13.172413479436429,1.8275865205635713,0.8781608986290953,0.9789760191631418,1.0,1.0,False,main,False
8866,9,9,14.172413479436429,1.8275865205635713,0.8857758424647768,0.9804046567494213,-1.0,-1.0,True,main,False
10918,1,1,6.5195241819280865,1.480475818071913,0.8149405227410108,0.9751520040102457,17.0,8.0,False,main,True
10918,2,2,7.5195241819280865,1.480475818071913,0.8355026868808985,0.9783251799593459,13.0,7.0,False,main,False
10918,3,3,8.519524181928087,1.480475818071913,0.8519524181928088,0.9807792042516317,10.0,6.0,False,main,False
10918,4,4,9.519524181928087,1.480475818071913,0.8654112892661897,0.9827337882941071,8.0,5.0,False,main,False
10918,5,5,10.519524181928087,1.480475818071913,0.876627015160674,0.9843273794812688,6.0,4.0,False,main,False
10918,6,6,11.519524181928087,1.480475818071913,0.886117244763699,0.98565156505455,4.0,3.0,False,main,False
10918,7,7,12.519524181928087,1.480475818071913,0.8942517272805777,0.9867693570353278,2.0,2.0,False,main,False
10918,8,8,13.519524181928087,1.480475818071913,0.9013016121285392,0.9877255330094571,1.0,1.0,False,main,False
10918,9,9,14.519524181928087,1.480475818071913,0.9074702613705055,0.9885527884523443,-1.0,-1.0,True,main,False
10850,0,1,5.525600553953976,2.474399446046024,0.690700069244247,0.9138142246641003,39.0,14.0,False,main,True
10850,0,2,5.525600553953976,3.474399446046024,0.6139556171059973,0.8519843829910806,68.0,21.0,False,main,False
10850,0,3,5.525600553953976,4.474399446046024,0.5525600553953975,0.7934277722173863,114.0,28.0,False,main,True
10850,0,4,5.525600553953976,5.474399446046024,0.5023273230867251,0.7401512521824809,190.0,38.0,False,main,True
6473,0,1,5.217782444298995,2.7822175557010054,0.6522228055373743,0.8896169254245951,50.0,16.0,False,main,True
9277,1,1,6.553769768749755,1.4462302312502446,0.8192212210937194,0.9767126237926228,16.0,8.0,False,main,True
9277,2,2,7.553769768749755,1.4462302312502446,0.8393077520833061,0.979681508926766,13.0,7.0,False,main,False
9277,3,3,8.553769768749756,1.4462302312502446,0.8553769768749756,0.9819785841173826,10.0,6.0,False,main,False
9277,4,4,9.553769768749756,1.4462302312502446,0.8685245244317961,0.9838088016150864,8.0,5.0,False,main,False
9277,5,5,10.553769768749756,1.4462302312502446,0.8794808140624797,0.9853014107001421,6.0,4.0,False,main,False
9277,6,6,11.553769768749756,1.4462302312502446,0.8887515206730582,0.9865419666254828,4.0,3.0,False,main,False
9277,7,7,12.553769768749756,1.4462302312502446,0.8966978406249826,0.9875893606450674,2.0,2.0,False,main,False
9277,8,8,13.553769768749756,1.4462302312502446,0.9035846512499838,0.9884854591262986,1.0,1.0,False,main,False
9277,9,9,14.553769768749756,1.4462302312502446,0.9096106105468598,0.9892608422815155,-1.0,-1.0,True,main,False
11763,1,1,6.162420359364508,1.8375796406354925,0.7703025449205635,0.9564563852553427,21.0,9.0,False,main,True
3747,1,1,6.402655035745699,1.5973449642543005,0.8003318794682124,0.9695067014738793,18.0,9.0,False,main,True
4585,1,1,6.25927529734413,1.7407247026558694,0.7824094121680163,0.9619413093513672,19.0,9.0,False,main,True
5086,1,1,6.344166045407824,1.6558339545921759,0.793020755675978,0.9665029732456186,18.0,9.0,False,main,True
10506,1,1,6.5140450423789185,1.4859549576210815,0.8142556302973648,0.9748982928126481,17.0,8.0,False,main,True
10506,2,2,7.5140450423789185,1.4859549576210815,0.8348938935976576,0.9781047280323122,13.0,7.0,False,main,False
10506,3,3,8.514045042378918,1.4859549576210815,0.8514045042378917,0.9805842940397808,10.0,6.0,False,main,False
10506,4,4,9.514045042378918,1.4859549576210815,0.8649131856708107,0.9825591111901064,8.0,5.0,False,main,False
10506,5,5,10.514045042378918,1.4859549576210815,0.8761704201982431,0.984169127134536,6.0,4.0,False,main,False
10506,6,6,11.514045042378918,1.4859549576210815,0.885695772490686,0.9855069124342126,4.0,3.0,False,main,False
10506,7,7,12.514045042378918,1.4859549576210815,0.8938603601699227,0.9866361505799851,2.0,2.0,False,main,False
10506,8,8,13.514045042378918,1.4859549576210815,0.9009363361585945,0.9876020933676561,1.0,1.0,False,main,False
10506,9,9,14.514045042378918,1.4859549576210815,0.9071278151486823,0.9884377807282395,-1.0,-1.0,True,main,False
10706,0,1,5.441665524941793,2.558334475058207,0.6802081906177241,0.90742983291807,42.0,15.0,False,main,True
10706,0,2,5.441665524941793,3.558334475058207,0.6046295027713103,0.8450905602118806,73.0,21.0,False,main,False
10706,0,3,5.441665524941793,4.558334475058206,0.5441665524941792,0.7864761082644922,123.0,29.0,False,main,False
10706,0,4,5.441665524941793,5.558334475058206,0.49469686590379935,0.7333329326311109,206.0,39.0,False,main,False
10706,0,5,5.441665524941793,6.558334475058206,0.4534721270784827,0.6857434338592612,352.0,51.0,False,main,False
10706,0,6,5.441665524941793,7.558334475058206,0.41858965576475327,0.6432591448388818,626.0,67.0,False,main,False
10706,0,7,5.441665524941793,8.558334475058206,0.3886903946386995,0.6052968212182857,1190.0,88.0,False,main,True
10706,0,8,5.441665524941793,9.558334475058206,0.36277770166278617,0.5712810116209863,2542.0,114.0,False,main,True
10706,0,9,5.441665524941793,10.558334475058206,0.34010409530886204,0.5406920866168505,-1.0,149.0,False,main,True
10706,0,10,5.441665524941793,11.558334475058206,0.3200979720553996,0.513077723415259,-1.0,194.0,False,main,True
10706,0,11,5.441665524941793,12.558334475058206,0.30231475138565517,0.4880504825344575,-1.0,253.0,False,main,True
10706,0,12,5.441665524941793,13.558334475058206,0.286403448681147,0.4652806445494853,-1.0,334.0,False,main,True
1976,0,1,5.479289485788941,2.520710514211059,0.6849111857236176,0.9103119488205282,41.0,15.0,False,main,True
12092,1,1,6.491489488547924,1.5085105114520756,0.8114361860684906,0.9738423197345633,17.0,8.0,False,main,True
4545,0,1,5.3833558540260045,2.616644145973995,0.6729194817532506,0.9028988390309207,44.0,15.0,False,main,True
48,1,1,6.208938710594067,1.7910612894059326,0.7761173388242584,0.9591271807601575,20.0,9.0,False,main,True
8522,1,1,6.583603930532415,1.416396069467585,0.8229504913165518,0.9780364380916132,16.0,8.0,False,main,True
10279,1,1,6.166370797786161,1.8336292022138392,0.7707963497232702,0.956685772587037,21.0,9.0,False,main,True
10279,2,2,7.166370797786161,1.8336292022138392,0.7962634219762401,0.962311352748862,16.0,8.0,False,main,False
10279,3,3,8.166370797786161,1.8336292022138392,0.8166370797786161,0.9666418067520977,12.0,6.0,False,main,False
10279,4,4,9.166370797786161,1.8336292022138392,0.8333064361623783,0.9700786710204853,10.0,5.0,False,main,False
10279,5,5,10.166370797786161,1.8336292022138392,0.8471975664821801,0.972872899675291,7.0,4.0,False,main,False
10279,6,6,11.166370797786161,1.8336292022138392,0.8589515998297047,0.9751894532334054,5.0,3.0,False,main,False
10279,7,7,12.166370797786161,1.8336292022138392,0.8690264855561544,0.9771412487554489,3.0,2.0,False,main,False
10279,8,8,13.166370797786161,1.8336292022138392,0.8777580531857441,0.9788081943072854,1.0,1.0,False,main,False
10279,9,9,14.166370797786161,1.8336292022138392,0.8853981748616351,0.9802484349347833,-1.0,-1.0,True,main,False
6594,1,1,6.159004605540092,1.840995394459908,0.7698755756925115,0.9562576625243231,21.0,9.0,False,main,True
6594,2,2,7.159004605540092,1.840995394459908,0.7954449561711213,0.9619408066078386,16.0,8.0,False,main,True
6594,3,3,8.159004605540092,1.840995394459908,0.8159004605540092,0.9663151487721199,13.0,6.0,False,main,False
6594,4,4,9.159004605540092,1.840995394459908,0.8326367823218266,0.9697865891103297,10.0,5.0,False,main,False
6594,5,5,10.159004605540092,1.840995394459908,0.846583717128341,0.9726087650692409,7.0,4.0,False,main,False
6594,6,6,11.159004605540092,1.840995394459908,0.8583849696569301,0.9749483787797655,5.0,3.0,False,main,False
6594,7,7,12.159004605540092,1.840995394459908,0.8685003289671495,0.9769195273695842,3.0,2.0,False,main,False
6594,8,8,13.159004605540092,1.840995394459908,0.8772669737026728,0.9786029470434474,1.0,1.0,False,main,False
6594,9,9,14.159004605540092,1.840995394459908,0.8849377878462558,0.9800573812390826,-1.0,-1.0,True,main,False
9026,1,1,6.463300308442552,1.5366996915574478,0.807912538555319,0.9724967688613397,17.0,8.0,False,main,True
9026,2,2,7.463300308442552,1.5366996915574478,0.8292555898269502,0.9760186657224387,14.0,7.0,False,main,True
9026,3,3,8.463300308442552,1.5366996915574478,0.8463300308442552,0.9787403549878331,11.0,6.0,False,main,False
9026,4,4,9.463300308442552,1.5366996915574478,0.860300028040232,0.9809068888246426,8.0,5.0,False,main,False
9026,5,5,10.463300308442552,1.5366996915574478,0.8719416923702127,0.9826724823369439,6.0,4.0,False,main,False
9026,6,6,11.463300308442552,1.5366996915574478,0.8817923314186579,0.984139050278825,4.0,3.0,False,main,False
9026,7,7,12.463300308442552,1.5366996915574478,0.8902357363173251,0.9853766529971133,2.0,2.0,False,main,False
9026,8,8,13.463300308442552,1.5366996915574478,0.8975533538961701,0.9864350435354369,1.0,1.0,False,main,False
9026,9,9,14.463300308442552,1.5366996915574478,0.9039562692776595,0.9873505300642403,-1.0,-1.0,True,main,False
8302,1,1,6.168950088954906,1.8310499110450937,0.7711187611193633,0.9568352859927701,21.0,9.0,False,main,True
8302,2,2,7.168950088954906,1.8310499110450937,0.7965500098838785,0.9624407696315604,16.0,8.0,False,main,False
8302,3,3,8.168950088954906,1.8310499110450937,0.8168950088954906,0.9667558999610518,12.0,6.0,False,main,False
8302,4,4,9.168950088954906,1.8310499110450937,0.8335409171777187,0.9701806909569024,10.0,5.0,False,main,False
8302,5,5,10.168950088954906,1.8310499110450937,0.8474125074129089,0.9729651603778923,7.0,4.0,False,main,False
8302,6,6,11.168950088954906,1.8310499110450937,0.859150006842685,0.9752736609087425,5.0,3.0,False,main,False
8302,7,7,12.168950088954906,1.8310499110450937,0.8692107206396361,0.9772186977149148,3.0,2.0,False,main,False
8302,8,8,13.168950088954906,1.8310499110450937,0.8779300059303271,0.9788798897794997,1.0,1.0,False,main,False
8302,9,9,14.168950088954906,1.8310499110450937,0.8855593805596816,0.980315173249082,-1.0,-1.0,True,main,False
6305,1,1,6.313705432036645,1.6862945679633548,0.7892131790045807,0.9648932451554544,19.0,9.0,False,main,True
4518,0,1,5.16578198463068,2.83421801536932,0.645722748078835,0.8853215938725947,52.0,16.0,False,main,True
1012,0,1,5.35334941575949,2.646650584240511,0.6691686769699362,0.9005370735340155,45.0,15.0,False,main,True
7316,1,1,6.453433810215151,1.546566189784849,0.8066792262768939,0.9720191085034273,17.0,8.0,False,main,True
3173,0,1,5.524740004017265,2.475259995982735,0.6905925005021581,0.9137496052075983,39.0,15.0,False,main,True
11460,1,1,6.3317027479456085,1.668297252054391,0.7914628434932011,0.9658480472453029,19.0,9.0,False,main,True
739,0,1,5.392848539931601,2.6071514600683994,0.6741060674914501,0.9036417566110351,43.0,15.0,False,main,True
3295,1,1,6.467274332608855,1.5327256673911451,0.8084092915761069,0.9726881830871206,17.0,8.0,False,main,True
3295,2,2,7.467274332608855,1.5327256673911451,0.8296971480676505,0.9761848938562594,14.0,7.0,False,main,True
3295,3,3,8.467274332608856,1.5327256673911451,0.8467274332608856,0.9788872613245366,11.0,6.0,False,main,False
3295,4,4,9.467274332608856,1.5327256673911451,0.8606613029644414,0.981038501353587,8.0,5.0,False,main,False
3295,5,5,10.467274332608856,1.5327256673911451,0.872272861050738,0.9827916874841711,6.0,4.0,False,main,False
3295,6,6,11.467274332608856,1.5327256673911451,0.8820980255852966,0.9842479872968874,4.0,3.0,False,main,False
3295,7,7,12.467274332608856,1.5327256673911451,0.8905195951863468,0.9854769514939262,2.0,2.0,False,main,False
3295,8,8,13.467274332608856,1.5327256673911451,0.8978182888405903,0.9865279735228693,1.0,1.0,False,main,False
3295,9,9,14.467274332608856,1.5327256673911451,0.9042046457880535,0.9874371005503367,-1.0,-1.0,True,main,False
8338,0,1,5.267418575533703,2.7325814244662974,0.6584273219417128,0.8936622064168125,48.0,16.0,False,main,True
8338,0,2,5.267418575533703,3.7325814244662974,0.5852687306148558,0.8304426754832348,84.0,22.0,False,main,False
8338,0,3,5.267418575533703,4.732581424466297,0.5267418575533702,0.7717989738987603,144.0,31.0,False,main,True
8338,0,4,5.267418575533703,5.732581424466297,0.4788562341394275,0.7189864504654945,248.0,41.0,False,main,True
10802,0,1,5.1776763450137695,2.8223236549862305,0.6472095431267212,0.8863092305494762,51.0,16.0,False,main,True
10802,0,2,5.1776763450137695,3.8223236549862305,0.5752973716681966,0.8227239478263235,91.0,23.0,False,main,False
10802,0,3,5.1776763450137695,4.8223236549862305,0.517767634501377,0.7641110063947483,157.0,32.0,False,main,True
10802,0,4,5.1776763450137695,5.8223236549862305,0.4706978495467063,0.7114963216115318,275.0,43.0,False,main,True
10802,0,5,5.1776763450137695,6.8223236549862305,0.43147302875114746,0.6646574060199176,494.0,57.0,False,main,True
11198,1,1,6.495129949264928,1.5048700507350716,0.811891243658116,0.9740140044001243,17.0,8.0,False,main,True
11198,2,2,7.495129949264928,1.5048700507350716,0.832792216584992,0.9773364642863944,13.0,7.0,False,main,False
11198,3,3,8.495129949264928,1.5048700507350716,0.8495129949264928,0.9799051104291918,11.0,6.0,False,main,False
11198,4,4,9.495129949264928,1.5048700507350716,0.8631936317513571,0.9819504799666066,8.0,5.0,False,main,False
11198,5,5,10.495129949264928,1.5048700507350716,0.874594162438744,0.9836177601587694,6.0,4.0,False,main,False
11198,6,6,11.495129949264928,1.5048700507350716,0.8842407653280714,0.9850029546476079,4.0,3.0,False,main,False
11198,7,7,12.495129949264928,1.5048700507350716,0.8925092820903521,0.9861720906153951,2.0,2.0,False,main,False
11198,8,8,13.495129949264928,1.5048700507350716,0.8996753299509952,0.9871720746775314,1.0,1.0,False,main,False
11198,9,9,14.495129949264928,1.5048700507350716,0.905945621829058,0.988037148572193,-1.0,-1.0,True,main,False
5392,0,1,5.50048453744499,2.4995154625550096,0.6875605671806237,0.9119210657852248,40.0,15.0,False,main,True
508,0,1,5.519834706048151,2.480165293951849,0.6899793382560189,0.9133809282651323,39.0,15.0,False,main,True
4605,1,1,6.394201469514573,1.6057985304854274,0.7992751836893216,0.9690797563303967,18.0,9.0,False,main,True
11865,1,1,6.449178258754408,1.5508217412455925,0.806147282344301,0.9718120226670401,17.0,8.0,False,main,True
11865,2,2,7.449178258754408,1.5508217412455925,0.8276864731949343,0.9754240765434766,14.0,7.0,False,main,False
11865,3,3,8.449178258754408,1.5508217412455925,0.8449178258754408,0.9782149181376086,11.0,6.0,False,main,False
11865,4,4,9.449178258754408,1.5508217412455925,0.8590162053413098,0.9804361805660986,8.0,5.0,False,main,False
11865,5,5,10.449178258754408,1.5508217412455925,0.8707648548962007,0.9822461687628844,6.0,4.0,False,main,False
11865,6,6,11.449178258754408,1.5508217412455925,0.8807060199041852,0.9837494736875033,4.0,3.0,False,main,False
11865,7,7,12.449178258754408,1.5508217412455925,0.8892270184824577,0.9850179807582464,2.0,2.0,False,main,False
11865,8,8,13.449178258754408,1.5508217412455925,0.8966118839169606,0.9861027305489416,1.0,1.0,False,main,False
11865,9,9,14.449178258754408,1.5508217412455925,0.9030736411721505,0.98704096562655,-1.0,-1.0,True,main,False
1090,1,1,6.287341021349049,1.7126589786509507,0.7859176276686312,0.9634753841709534,19.0,9.0,False,main,True
11223,0,1,5.290575566588118,2.709424433411882,0.6613219458235148,0.8955309920953731,47.0,15.0,False,main,True
11223,0,2,5.290575566588118,3.709424433411882,0.587841729620902,0.8324152473436067,82.0,22.0,False,main,False
11223,0,3,5.290575566588118,4.709424433411883,0.5290575566588118,0.7737685742617804,141.0,30.0,False,main,True
9914,1,1,6.433087970415462,1.5669120295845376,0.8041359963019328,0.9710232618444566,17.0,9.0,False,main,True
9914,2,2,7.433087970415462,1.5669120295845376,0.8258986633794958,0.9747392807908629,14.0,7.0,False,main,False
9914,3,3,8.433087970415462,1.5669120295845376,0.8433087970415463,0.9776098414366126,11.0,6.0,False,main,False
9914,4,4,9.433087970415462,1.5669120295845376,0.8575534518559511,0.9798941804841744,8.0,5.0,False,main,False
9914,5,5,10.433087970415462,1.5669120295845376,0.8694239975346219,0.9817553257157635,6.0,4.0,False,main,False
9914,6,6,11.433087970415462,1.5669120295845376,0.8794683054165741,0.9833009572422053,4.0,3.0,False,main,False
9914,7,7,12.433087970415462,1.5669120295845376,0.8880777121725331,0.9846050664741541,2.0,2.0,False,main,False
9914,8,8,13.433087970415462,1.5669120295845376,0.8955391980276974,0.9857201792975929,1.0,1.0,False,main,False
9914,9,9,14.433087970415462,1.5669120295845376,0.9020679981509664,0.9866846159710755,-1.0,-1.0,True,main,False
7512,1,1,6.198648545444336,1.8013514545556637,0.774831068180542,0.9585421277438722,20.0,9.0,False,main,True
9743,0,1,5.274343405784152,2.7256565942158484,0.659292925723019,0.8942222831644521,47.0,16.0,False,main,True
9743,0,2,5.274343405784152,3.7256565942158484,0.5860381561982391,0.8310333769545191,83.0,22.0,False,main,False
9743,0,3,5.274343405784152,4.725656594215849,0.5274343405784152,0.7723885708625566,143.0,31.0,False,main,True
9743,0,4,5.274343405784152,5.725656594215849,0.4794857641621956,0.7195615493745722,246.0,41.0,False,main,True
9743,0,5,5.274343405784152,6.725656594215849,0.43952861714867936,0.6724353731664958,434.0,55.0,False,main,True
9046,1,1,6.423892944008943,1.576107055991057,0.8029866180011179,0.9705684396839019,18.0,9.0,False,main,True
6067,1,1,6.310333534855215,1.6896664651447848,0.7887916918569019,0.964713172296019,19.0,9.0,False,main,True
4290,0,1,5.482867965363341,2.5171320346366586,0.6853584956704176,0.9105843608977483,40.0,15.0,False,main,True
6567,1,1,6.497665995754179,1.5023340042458213,0.8122082494692724,0.9741333210581564,17.0,8.0,False,main,True
165,1,1,6.255456753666823,1.744543246333177,0.7819320942083529,0.9617306370222163,20.0,9.0,False,main,True
7359,1,1,6.375234460656478,1.6247655393435219,0.7969043075820598,0.9681129405526424,18.0,9.0,False,main,True
5861,0,1,5.573219044330762,2.426780955669238,0.6966523805413453,0.9173625432354395,38.0,14.0,False,main,True
9795,0,1,5.456417182340402,2.543582817659598,0.6820521477925503,0.9085637621380523,41.0,15.0,False,main,True
9795,0,2,5.456417182340402,3.543582817659598,0.6062685758156002,0.8463098552174385,72.0,21.0,False,main,False
9795,0,3,5.456417182340402,4.543582817659598,0.5456417182340403,0.787703458492545,121.0,29.0,False,main,False
9795,0,4,5.456417182340402,5.543582817659598,0.4960379256673093,0.7345356062359096,203.0,39.0,False,main,True
9795,0,5,5.456417182340402,6.543582817659598,0.4547014318617002,0.6869073521026949,346.0,51.0,False,main,True
4839,0,1,5.2248980601776145,2.775101939822385,0.6531122575222018,0.8902001381023801,49.0,16.0,False,main,True
8987,1,1,6.185551430364426,1.8144485696355734,0.7731939287955533,0.9577927461879471,20.0,9.0,False,main,True
10340,1,1,6.364876579204951,1.6351234207950491,0.7956095724006189,0.9675798046739074,18.0,9.0,False,main,True
10340,2,2,7.364876579204951,1.6351234207950491,0.8183196199116612,0.9717510842143829,14.0,7.0,False,main,False
10340,3,3,8.364876579204951,1.6351234207950491,0.8364876579204952,0.9749704327900481,11.0,6.0,False,main,False
10340,4,4,9.364876579204951,1.6351234207950491,0.8513524162913592,0.9775305649204202,9.0,5.0,False,main,False
10340,5,5,10.364876579204951,1.6351234207950491,0.8637397149337459,0.979615271377615,6.0,4.0,False,main,False
10340,6,6,11.364876579204951,1.6351234207950491,0.8742212753234578,0.981345797290421,4.0,3.0,False,main,False
10340,7,7,12.364876579204951,1.6351234207950491,0.8832054699432108,0.9828053733031188,3.0,2.0,False,main,False
10340,8,8,13.364876579204951,1.6351234207950491,0.8909917719469967,0.9840530366211174,1.0,1.0,False,main,False
10340,9,9,14.364876579204951,1.6351234207950491,0.8978047862003095,0.9851318289289865,-1.0,-1.0,True,main,False
9022,0,1,5.399013328596677,2.600986671403323,0.6748766660745846,0.9041231301821798,43.0,15.0,False,main,True
1527,1,1,6.2698385030700825,1.7301614969299175,0.7837298128837603,0.9625216640910994,19.0,9.0,False,main,True
8854,1,1,6.5231468932121075,1.476853106787893,0.8153933616515134,0.9753191480855261,16.0,8.0,False,main,True
8854,2,2,7.5231468932121075,1.476853106787893,0.8359052103569008,0.9784704201477733,13.0,7.0,False,main,True
8854,3,3,8.523146893212107,1.476853106787893,0.8523146893212108,0.9809076216399055,10.0,6.0,False,main,False
8854,4,4,9.523146893212107,1.476853106787893,0.8657406266556461,0.9828488784106695,8.0,5.0,False,main,False
8854,5,5,10.523146893212107,1.476853106787893,0.8769289077676756,0.984431650235804,6.0,4.0,False,main,False
8854,6,6,11.523146893212107,1.476853106787893,0.8863959148624698,0.9857468769576655,4.0,3.0,False,main,False
8854,7,7,12.523146893212107,1.476853106787893,0.8945104923722934,0.9868571284712162,2.0,2.0,False,main,False
8854,8,8,13.523146893212107,1.476853106787893,0.9015431262141405,0.9878068700954363,1.0,1.0,False,main,False
8854,9,9,14.523146893212107,1.476853106787893,0.9076966808257567,0.9886285704667207,-1.0,-1.0,True,main,False
7119,0,1,5.3344860307852215,2.6655139692147785,0.6668107538481527,0.8990419963640508,45.0,15.0,False,main,True
7095,0,1,5.472244270305719,2.527755729694281,0.6840305337882149,0.9097747600120469,41.0,15.0,False,main,True
4719,1,1,6.393729390383566,1.6062706096164339,0.7992161737979457,0.9690558418161619,18.0,9.0,False,main,True
7530,1,1,6.154315641083551,1.8456843589164493,0.7692894551354439,0.9559842898921078,21.0,9.0,False,main,True
7530,2,2,7.154315641083551,1.8456843589164493,0.7949239601203946,0.9617042076208699,16.0,8.0,False,main,True
7530,3,3,8.154315641083551,1.8456843589164493,0.8154315641083552,0.9661065834061876,13.0,6.0,False,main,False
7530,4,4,9.154315641083551,1.8456843589164493,0.8322105128257774,0.9696001071680798,10.0,5.0,False,main,False
7530,5,5,10.154315641083551,1.8456843589164493,0.8461929700902959,0.9724401315020562,7.0,4.0,False,main,False
7530,6,6,11.154315641083551,1.8456843589164493,0.8580242800833501,0.9747944715674643,5.0,3.0,False,main,False
7530,7,7,12.154315641083551,1.8456843589164493,0.8681654029345394,0.9767779785462264,3.0,2.0,False,main,False
7530,8,8,13.154315641083551,1.8456843589164493,0.8769543760722367,0.9784719177601725,1.0,1.0,False,main,False
7530,9,9,14.154315641083551,1.8456843589164493,0.884644727567722,0.9799354149390371,-1.0,-1.0,True,main,False
11038,1,1,6.206684072433826,1.7933159275661739,0.7758355090542283,0.958999273272998,20.0,9.0,False,main,True
11038,2,2,7.206684072433826,1.7933159275661739,0.8007426747148696,0.9643143058490307,16.0,8.0,False,main,False
11038,3,3,8.206684072433827,1.7933159275661739,0.8206684072433827,0.968407873760653,12.0,6.0,False,main,False
11038,4,4,9.206684072433827,1.7933159275661739,0.8369712793121661,0.9716580444412565,9.0,5.0,False,main,False
11038,5,5,10.206684072433827,1.7933159275661739,0.8505570060361523,0.974301327704253,7.0,4.0,False,main,False
11038,6,6,11.206684072433827,1.7933159275661739,0.8620526209564482,0.9764933026916944,5.0,3.0,False,main,False
11038,7,7,12.206684072433827,1.7933159275661739,0.8719060051738448,0.9783405265508193,3.0,2.0,False,main,False
11038,8,8,13.206684072433827,1.7933159275661739,0.8804456048289218,0.9799184422198166,1.0,1.0,False,main,False
11038,9,9,14.206684072433827,1.7933159275661739,0.8879177545271142,0.981281967214942,-1.0,-1.0,True,main,False
11329,0,1,5.257155132540748,2.742844867459252,0.6571443915675935,0.8928301668075473,48.0,16.0,False,main,True
1327,0,1,5.5803148918218115,2.419685108178189,0.6975393614777264,0.9178866595819584,38.0,14.0,False,main,True
1755,0,1,5.513408695698332,2.4865913043016685,0.6891760869622915,0.9128970979861967,40.0,15.0,False,main,True
11100,1,1,6.50084395273382,1.49915604726618,0.8126054940917276,0.974282509079181,17.0,8.0,False,main,True
11100,2,2,7.50084395273382,1.49915604726618,0.8334271058593133,0.9775697225846913,13.0,7.0,False,main,False
11100,3,3,8.50084395273382,1.49915604726618,0.8500843952733821,0.9801113112342869,11.0,6.0,False,main,False
11100,4,4,9.50084395273382,1.49915604726618,0.8637130866121655,0.9821352531279408,8.0,5.0,False,main,False
11100,5,5,10.50084395273382,1.49915604726618,0.875070329394485,0.9837851428415453,6.0,4.0,False,main,False
11100,6,6,11.50084395273382,1.49915604726618,0.8846803040564477,0.9851559406494764,4.0,3.0,False,main,False
11100,7,7,12.50084395273382,1.49915604726618,0.8929174251952728,0.9863129615507257,2.0,2.0,False,main,False
11100,8,8,13.50084395273382,1.49915604726618,0.900056263515588,0.9873026093652634,1.0,1.0,False,main,False
11100,9,9,14.50084395273382,1.49915604726618,0.9063027470458638,0.9881587607132803,-1.0,-1.0,True,main,False
1576,1,1,6.390780892270131,1.6092191077298685,0.7988476115337664,0.9689063045990938,18.0,9.0,False,main,True
2317,0,1,5.365808501710594,2.6341914982894057,0.6707260627138243,0.901520176403185,44.0,15.0,False,main,True
90,1,1,6.415257308637173,1.5847426913628273,0.8019071635796466,0.9701386061958779,18.0,9.0,False,main,True
90,2,2,7.415257308637173,1.5847426913628273,0.8239174787374637,0.973971372237254,14.0,7.0,False,main,True
90,3,3,8.415257308637173,1.5847426913628273,0.8415257308637173,0.9769314223022655,11.0,6.0,False,main,False
90,4,4,9.415257308637173,1.5847426913628273,0.8559324826033794,0.9792865501118128,8.0,5.0,False,main,False
90,5,5,10.415257308637173,1.5847426913628273,0.8679381090530978,0.9812050953237994,6.0,4.0,False,main,False
90,6,6,11.415257308637173,1.5847426913628273,0.8780967160490133,0.9827982108650379,4.0,3.0,False,main,False
90,7,7,12.415257308637173,1.5847426913628273,0.8868040934740838,0.9841422548226302,2.0,2.0,False,main,False
90,8,8,13.415257308637173,1.5847426913628273,0.8943504872424782,0.9852914217463674,1.0,1.0,False,main,False
90,9,9,14.415257308637173,1.5847426913628273,0.9009535817898233,0.9862852423163855,-1.0,-1.0,True,main,False
3036,0,1,5.397968405743055,2.6020315942569447,0.6747460507178819,0.9040415988659364,43.0,15.0,False,main,True
3663,1,1,6.413425055987305,1.5865749440126948,0.8016781319984131,0.9700470741872114,18.0,9.0,False,main,True
3085,1,1,6.5062469907335885,1.4937530092664115,0.8132808738416986,0.974535309847151,17.0,8.0,False,main,True
6871,1,1,6.372884377928191,1.6271156220718095,0.7966105472410239,0.9679922965704493,18.0,9.0,False,main,True
10601,0,1,5.3765619597383445,2.623438040261655,0.6720702449672931,0.9023658810628106,44.0,15.0,False,main,True
10601,0,2,5.3765619597383445,3.623438040261655,0.5973957733042605,0.8396704928739236,77.0,21.0,False,main,False
10601,0,3,5.3765619597383445,4.6234380402616555,0.5376561959738344,0.7810310358922808,130.0,30.0,False,main,True
10601,0,4,5.3765619597383445,5.6234380402616555,0.48877835997621316,0.7280030064642186,220.0,40.0,False,main,True
12090,1,1,6.584942199248896,1.4150578007511037,0.823117774906112,0.9780950299991861,16.0,8.0,False,main,True
12090,2,2,7.584942199248896,1.4150578007511037,0.8427713554720996,0.9808833815995498,13.0,7.0,False,main,True
12090,3,3,8.584942199248896,1.4150578007511037,0.8584942199248896,0.98304166840346,10.0,6.0,False,main,False
12090,4,4,9.584942199248896,1.4150578007511037,0.8713583817498997,0.9847618545464073,8.0,5.0,False,main,False
12090,5,5,10.584942199248896,1.4150578007511037,0.8820785166040747,0.9861650857251782,6.0,4.0,False,main,False
12090,6,6,11.584942199248896,1.4150578007511037,0.8911493999422228,0.9873315982782267,4.0,3.0,False,main,False
12090,7,7,12.584942199248896,1.4150578007511037,0.8989244428034926,0.9883166472556577,2.0,2.0,False,main,False
12090,8,8,13.584942199248896,1.4150578007511037,0.9056628132832597,0.9891595286477061,1.0,1.0,False,main,False
12090,9,9,14.584942199248896,1.4150578007511037,0.911558887453056,0.9898889541515979,-1.0,-1.0,True,main,False
5846,1,1,6.2029323333153155,1.7970676666846843,0.7753665416644144,0.9587860839921388,20.0,9.0,False,main,True
11052,0,1,5.169911994547518,2.8300880054524824,0.6462389993184398,0.8856648695676143,52.0,16.0,False,main,True
11052,0,2,5.169911994547518,3.8300880054524824,0.5744346660608354,0.8220506109199484,91.0,23.0,False,main,False
11052,0,3,5.169911994547518,4.830088005452483,0.5169911994547518,0.7634417489835602,159.0,32.0,False,main,True
1747,0,1,5.19051028095485,2.8094897190451498,0.6488137851193563,0.8873714708752396,51.0,16.0,False,main,True
8028,0,1,5.573791668089267,2.426208331910733,0.6967239585111584,0.9174048834238293,38.0,14.0,False,main,True
8028,0,2,5.573791668089267,3.426208331910733,0.6193101853432519,0.8558941368859161,65.0,20.0,False,main,False
8028,0,3,5.573791668089267,4.426208331910733,0.5573791668089267,0.7973841095591341,109.0,28.0,False,main,True
8028,0,4,5.573791668089267,5.426208331910733,0.5067083334626606,0.7440388566687085,181.0,37.0,False,main,True
1742,1,1,6.4661588008229005,1.533841199177099,0.8082698501028626,0.9726345088072657,17.0,8.0,False,main,True
7257,0,1,5.196395832955576,2.803604167044423,0.649549479119447,0.8878574190988607,51.0,16.0,False,main,True
11423,0,1,5.43144148058204,2.568558519417959,0.678930185072755,0.9066409903170927,42.0,15.0,False,main,True
11527,0,1,5.1672367617663815,2.8327632382336185,0.6459045952207977,0.8854425529260223,52.0,16.0,False,main,True
12088,1,1,6.46174116637758,1.5382588336224199,0.8077176457971975,0.9724215171108048,17.0,8.0,False,main,True
1490,1,1,6.20503617121458,1.79496382878542,0.7756295214018225,0.9589056865489662,20.0,9.0,False,main,True
10690,1,1,6.3427120798317995,1.6572879201682003,0.7928390099789749,0.9664268359840276,18.0,9.0,False,main,True
10690,2,2,7.3427120798317995,1.6572879201682003,0.8158568977590889,0.9707510419881706,15.0,7.0,False,main,False
10690,3,3,8.342712079831799,1.6572879201682003,0.83427120798318,0.9740874448935782,11.0,6.0,False,main,False
10690,4,4,9.342712079831799,1.6572879201682003,0.8493374618028909,0.9767400697765161,9.0,5.0,False,main,False
10690,5,5,10.342712079831799,1.6572879201682003,0.8618926733193166,0.9788997110346093,6.0,4.0,False,main,False
10690,6,6,11.342712079831799,1.6572879201682003,0.8725163138332154,0.9806921838110513,4.0,3.0,False,main,False
10690,7,7,12.342712079831799,1.6572879201682003,0.8816222914165571,0.9822038283657096,3.0,2.0,False,main,False
10690,8,8,13.342712079831799,1.6572879201682003,0.8895141386554534,0.9834958716423502,1.0,1.0,False,main,False
10690,9,9,14.342712079831799,1.6572879201682003,0.8964195049894875,0.984612942072584,-1.0,-1.0,True,main,False
10368,1,1,6.522336687788236,1.4776633122117635,0.8152920859735295,0.9752818088555145,16.0,8.0,False,main,True
10368,2,2,7.522336687788236,1.4776633122117635,0.8358151875320262,0.9784379736492501,13.0,7.0,False,main,False
10368,3,3,8.522336687788236,1.4776633122117635,0.8522336687788237,0.9808789330028813,10.0,6.0,False,main,False
10368,4,4,9.522336687788236,1.4776633122117635,0.8656669716171124,0.982823166871714,8.0,5.0,False,main,False
10368,5,5,10.522336687788236,1.4776633122117635,0.8768613906490197,0.9844083556095972,6.0,4.0,False,main,False
10368,6,6,11.522336687788236,1.4776633122117635,0.8863335913683259,0.9857255836566986,4.0,3.0,False,main,False
10368,7,7,12.522336687788236,1.4776633122117635,0.8944526205563026,0.9868375196607662,2.0,2.0,False,main,False
10368,8,8,13.522336687788236,1.4776633122117635,0.9014891125192157,0.987788698690047,1.0,1.0,False,main,False
10368,9,9,14.522336687788236,1.4776633122117635,0.9076460429867648,0.9886116400497234,-1.0,-1.0,True,main,False
4267,1,1,6.470593443634902,1.5294065563650974,0.8088241804543628,0.9728476209141975,17.0,8.0,False,main,True
4267,2,2,7.470593443634902,1.5294065563650974,0.8300659381816557,0.9763233585245426,14.0,7.0,False,main,True
4267,3,3,8.470593443634902,1.5294065563650974,0.8470593443634902,0.9790096350111127,11.0,6.0,False,main,False
4267,4,4,9.470593443634902,1.5294065563650974,0.8609630403304457,0.981148137808223,8.0,5.0,False,main,False
4267,5,5,10.470593443634902,1.5294065563650974,0.8725494536362418,0.982890990168069,6.0,4.0,False,main,False
4267,6,6,11.470593443634902,1.5294065563650974,0.8823533418180693,0.9843387376287117,4.0,3.0,False,main,False
4267,7,7,12.470593443634902,1.5294065563650974,0.8907566745453501,0.9855605065654861,2.0,2.0,False,main,False
4267,8,8,13.470593443634902,1.5294065563650974,0.8980395629089934,0.9866053910092222,1.0,1.0,False,main,False
4267,9,9,14.470593443634902,1.5294065563650974,0.9044120902271814,0.9875092207906373,-1.0,-1.0,True,main,False
7461,1,1,6.414078656983602,1.5859213430163983,0.8017598321229502,0.9700797388180261,18.0,9.0,False,main,True
3522,0,1,5.513596930376595,2.486403069623405,0.6891996162970744,0.9129112844658074,40.0,15.0,False,main,True
7811,1,1,6.287548929668949,1.712451070331051,0.7859436162086186,0.9634866537696724,19.0,9.0,False,main,True
7811,2,2,7.287548929668949,1.712451070331051,0.8097276588521054,0.9682019218450185,15.0,7.0,False,main,False
7811,3,3,8.287548929668949,1.712451070331051,0.8287548929668949,0.9718374178993788,12.0,6.0,False,main,False
7811,4,4,9.287548929668949,1.712451070331051,0.8443226299699045,0.9747262349775981,9.0,5.0,False,main,False
7811,5,5,10.287548929668949,1.712451070331051,0.857295744139079,0.9770771416356615,7.0,4.0,False,main,False
7811,6,6,11.287548929668949,1.712451070331051,0.8682729945899191,0.9790276689587519,5.0,3.0,False,main,False
7811,7,7,12.287548929668949,1.712451070331051,0.877682066404925,0.9806721223991857,3.0,2.0,False,main,False
7811,8,8,13.287548929668949,1.712451070331051,0.8858365953112632,0.9820773339666711,1.0,1.0,False,main,False
7811,9,9,14.287548929668949,1.712451070331051,0.8929718081043093,0.9832919913488543,-1.0,-1.0,True,main,False
11630,0,1,5.410545950473323,2.589454049526677,0.6763182438091654,0.905021324744561,43.0,15.0,False,main,True
3383,1,1,6.199441639995375,1.800558360004625,0.7749302049994219,0.9585873363426848,20.0,9.0,False,main,True
6595,1,1,6.206698352719444,1.7933016472805559,0.7758372940899305,0.9590000839026543,20.0,9.0,False,main,True
6595,2,2,7.206698352719444,1.7933016472805559,0.8007442614132716,0.9643150078226914,16.0,8.0,False,main,True
6595,3,3,8.206698352719444,1.7933016472805559,0.8206698352719444,0.9684084928165855,12.0,6.0,False,main,True
6595,4,4,9.206698352719444,1.7933016472805559,0.8369725775199495,0.9716585981277572,9.0,5.0,False,main,False
6595,5,5,10.206698352719444,1.7933016472805559,0.8505581960599536,0.9743018285252298,7.0,4.0,False,main,False
6595,6,6,11.206698352719444,1.7933016472805559,0.8620537194399572,0.9764937598729257,5.0,3.0,False,main,False
6595,7,7,12.206698352719444,1.7933016472805559,0.871907025194246,0.97834094709474,3.0,2.0,False,main,False
6595,8,8,13.206698352719444,1.7933016472805559,0.8804465568479629,0.9799188315673413,1.0,1.0,False,main,False
6595,9,9,14.206698352719444,1.7933016472805559,0.8879186470449653,0.9812823296779303,-1.0,-1.0,True,main,False
2587,0,1,5.538212898069126,2.4617871019308732,0.6922766122586408,0.914759287593233,39.0,14.0,False,main,True
8875,1,1,6.340865569062672,1.6591344309373282,0.792608196132834,0.9663300414598467,18.0,9.0,False,main,True
8875,2,2,7.340865569062672,1.6591344309373282,0.8156517298958524,0.9706670970324053,15.0,7.0,False,main,True
8875,3,3,8.340865569062672,1.6591344309373282,0.8340865569062672,0.9740133329680565,11.0,6.0,False,main,False
8875,4,4,9.340865569062672,1.6591344309373282,0.8491695971875156,0.9766737261702204,9.0,5.0,False,main,False
8875,5,5,10.340865569062672,1.6591344309373282,0.8617387974218893,0.9788396601664078,6.0,4.0,False,main,False
8875,6,6,11.340865569062672,1.6591344309373282,0.8723742745432824,0.9806373343926702,4.0,3.0,False,main,False
8875,7,7,12.340865569062672,1.6591344309373282,0.8814903977901908,0.9821533505280692,3.0,2.0,False,main,False
8875,8,8,13.340865569062672,1.6591344309373282,0.8893910379375114,0.9834491195639881,1.0,1.0,False,main,False
8875,9,9,14.340865569062672,1.6591344309373282,0.896304098066417,0.9845694032745546,-1.0,-1.0,True,main,False
4510,1,1,6.4661671103304785,1.5338328896695215,0.8082708887913098,0.9726349087867125,17.0,8.0,False,main,True
6017,1,1,6.56774654650081,1.43225345349919,0.8209683183126012,0.9773369925101688,16.0,8.0,False,main,True
907,1,1,6.58622868045989,1.4137713195401094,0.8232785850574863,0.9781512901842755,16.0,8.0,False,main,True
11548,0,1,5.2590817321419,2.7409182678581,0.6573852165177375,0.8929865290995161,48.0,16.0,False,main,True
8225,1,1,6.356544257688639,1.6434557423113612,0.7945680322110799,0.9671483007506058,18.0,9.0,False,main,True
8225,2,2,7.356544257688639,1.6434557423113612,0.8173938064098487,0.9713767852847497,14.0,7.0,False,main,False
8225,3,3,8.35654425768864,1.6434557423113612,0.835654425768864,0.9746399264048753,11.0,6.0,False,main,False
8225,4,4,9.35654425768864,1.6434557423113612,0.850594932517149,0.9772346657822575,9.0,5.0,False,main,False
8225,5,5,10.35654425768864,1.6434557423113612,0.8630453548073866,0.9793474123392409,6.0,4.0,False,main,False
8225,6,6,11.35654425768864,1.6434557423113612,0.8735803275145108,0.9811011199302195,4.0,3.0,False,main,False
8225,7,7,12.35654425768864,1.6434557423113612,0.8826103041206171,0.9825801820597208,3.0,2.0,False,main,False
8225,8,8,13.35654425768864,1.6434557423113612,0.8904362838459093,0.9838444549009545,1.0,1.0,False,main,False
8225,9,9,14.35654425768864,1.6434557423113612,0.89728401610554,0.9849375736469871,-1.0,-1.0,True,main,False
11501,1,1,6.35422712862536,1.6457728713746396,0.79427839107817,0.9670278895031676,18.0,9.0,False,main,True
2274,1,1,6.389776619755439,1.6102233802445611,0.7987220774694299,0.968855303613928,18.0,9.0,False,main,True
11751,1,1,6.18814157091333,1.8118584290866704,0.7735176963641662,0.9579413665442741,20.0,9.0,False,main,True
6001,0,1,5.155528590859367,2.8444714091406325,0.6444410738574209,0.8844677774556992,52.0,16.0,False,main,True
4094,0,1,5.272589024681352,2.727410975318648,0.659073628085169,0.8940804894692274,48.0,16.0,False,main,True
9318,1,1,6.469370936056719,1.5306290639432816,0.8086713670070899,0.9727889419222152,17.0,8.0,False,main,True
7379,1,1,6.449070759313253,1.5509292406867472,0.8061338449141566,0.9718067831871773,17.0,8.0,False,main,True
2541,0,1,5.573620355897367,2.4263796441026333,0.6967025444871708,0.9173922173087254,38.0,14.0,False,main,True
4660,1,1,6.526316706013932,1.473683293986068,0.8157895882517415,0.9754650002140748,16.0,8.0,False,main,True
4660,2,2,7.526316706013932,1.473683293986068,0.8362574117793258,0.9785971633480042,13.0,7.0,False,main,True
4660,3,3,8.526316706013933,1.473683293986068,0.8526316706013931,0.9810196876442999,10.0,6.0,False,main,False
4660,4,4,9.526316706013933,1.473683293986068,0.8660287914558119,0.9829493163151011,8.0,5.0,False,main,False
4660,5,5,10.526316706013933,1.473683293986068,0.8771930588344943,0.9845226478120231,6.0,4.0,False,main,False
4660,6,6,11.526316706013933,1.473683293986068,0.8866397466164563,0.9858300573144265,4.0,3.0,False,main,False
4660,7,7,12.526316706013933,1.473683293986068,0.8947369075724236,0.9869337290651867,2.0,2.0,False,main,False
4660,8,8,13.526316706013933,1.473683293986068,0.9017544470675954,0.9878778559869217,1.0,1.0,False,main,False
4660,9,9,14.526316706013933,1.473683293986068,0.9078947941258708,0.9886947088300845,-1.0,-1.0,True,main,False
9779,1,1,6.384667911981081,1.6153320880189184,0.7980834889976351,0.968595329681766,18.0,9.0,False,main,True
9779,2,2,7.384667911981081,1.6153320880189184,0.8205186568867868,0.9726321153127827,14.0,7.0,False,main,False
9779,3,3,8.384667911981081,1.6153320880189184,0.8384667911981081,0.9757484743959437,11.0,6.0,False,main,False
9779,4,4,9.384667911981081,1.6153320880189184,0.8531516283619165,0.9782272009561166,9.0,5.0,False,main,False
9779,5,5,10.384667911981081,1.6153320880189184,0.8653889926650901,0.9802459382808961,6.0,4.0,False,main,False
9779,6,6,11.384667911981081,1.6153320880189184,0.8757436855370062,0.981921917816921,4.0,3.0,False,main,False
9779,7,7,12.384667911981081,1.6153320880189184,0.8846191365700772,0.983335637888116,3.0,2.0,False,main,False
9779,8,8,13.384667911981081,1.6153320880189184,0.892311194132072,0.9845442109264316,1.0,1.0,False,main,False
9779,9,9,14.384667911981081,1.6153320880189184,0.8990417444988176,0.9855892834371986,-1.0,-1.0,True,main,False
2230,0,1,5.539694020725767,2.4603059792742332,0.6924617525907208,0.9148700232633968,39.0,14.0,False,main,True
10509,1,1,6.544676310111648,1.4553236898883517,0.818084538763956,0.9763024699245851,16.0,8.0,False,main,True
10509,2,2,7.544676310111648,1.4553236898883517,0.8382973677901832,0.979324996545894,13.0,7.0,False,main,False
10509,3,3,8.544676310111647,1.4553236898883517,0.8544676310111647,0.9816632929916898,10.0,6.0,False,main,False
10509,4,4,9.544676310111647,1.4553236898883517,0.8676978463737861,0.9835261805920973,8.0,5.0,False,main,False
10509,5,5,10.544676310111647,1.4553236898883517,0.8787230258426373,0.9850453209552736,6.0,4.0,False,main,False
10509,6,6,11.544676310111647,1.4553236898883517,0.8880520238547421,0.9863078518456766,4.0,3.0,False,main,False
10509,7,7,12.544676310111647,1.4553236898883517,0.8960483078651177,0.9873737459103206,2.0,2.0,False,main,False
10509,8,8,13.544676310111647,1.4553236898883517,0.9029784206741098,0.9882856336650983,1.0,1.0,False,main,False
10509,9,9,14.544676310111647,1.4553236898883517,0.909042269381978,0.9890746506491606,-1.0,-1.0,True,main,False
1496,0,1,5.1876403427038245,2.8123596572961755,0.6484550428379781,0.887134239628315,51.0,16.0,False,main,True
6366,0,1,5.492861656208535,2.507138343791465,0.6866077070260669,0.9113435495439949,40.0,15.0,False,main,True
8798,1,1,6.449594739144723,1.5504052608552774,0.8061993423930903,0.9718323179021762,17.0,8.0,False,main,True
8144,1,1,6.483450292248629,1.5165497077513708,0.8104312865310787,0.9734614941560961,17.0,8.0,False,main,True
8144,2,2,7.483450292248629,1.5165497077513708,0.8314944769165143,0.9768565271536304,13.0,7.0,False,main,False
8144,3,3,8.48345029224863,1.5165497077513708,0.848345029224863,0.9794808755315357,11.0,6.0,False,main,False
8144,4,4,9.48345029224863,1.5165497077513708,0.8621318447498755,0.981570351434324,8.0,5.0,False,main,False
8144,5,5,10.48345029224863,1.5165497077513708,0.8736208576873858,0.9832734241599911,6.0,4.0,False,main,False
8144,6,6,11.48345029224863,1.5165497077513708,0.8833423301729716,0.9846882469052975,4.0,3.0,False,main,False
8144,7,7,12.48345029224863,1.5165497077513708,0.8916750208749021,0.9858823138214554,2.0,2.0,False,main,False
8144,8,8,13.48345029224863,1.5165497077513708,0.8988966861499087,0.9869035670316689,1.0,1.0,False,main,False
8144,9,9,14.48345029224863,1.5165497077513708,0.9052156432655394,0.9877870001382956,-1.0,-1.0,True,main,False
8274,0,1,5.5864899164913595,2.413510083508641,0.6983112395614199,0.9183417770696625,38.0,14.0,False,main,True
8274,0,2,5.5864899164913595,3.413510083508641,0.6207211018323733,0.8569184364018596,65.0,20.0,False,main,False
8274,0,3,5.5864899164913595,4.4135100835086405,0.558648991649136,0.7984223397089394,108.0,28.0,False,main,True
8274,0,4,5.5864899164913595,5.4135100835086405,0.5078627196810327,0.7450599389654815,179.0,37.0,False,main,True
2816,1,1,6.332331823119294,1.6676681768807058,0.7915414778899118,0.9658812277287239,19.0,9.0,False,main,True
7371,1,1,6.516916800879588,1.4830831991204128,0.8146146001099485,0.9750314067024166,17.0,8.0,False,main,True
6224,1,1,6.375062024506404,1.6249379754935958,0.7968827530633005,0.9681040947241849,18.0,9.0,False,main,True
5246,0,1,5.412492883300421,2.5875071166995793,0.6765616104125526,0.9051726583780003,43.0,15.0,False,main,True
8623,1,1,6.556995629025123,1.4430043709748765,0.8196244536281404,0.9768573805438013,16.0,8.0,False,main,True
9790,1,1,6.151880192810803,1.8481198071891964,0.7689850241013504,0.9558420372878991,21.0,9.0,False,main,True
9790,2,2,7.151880192810803,1.8481198071891964,0.7946533547567559,0.9615810954699306,16.0,8.0,False,main,False
9790,3,3,8.151880192810804,1.8481198071891964,0.8151880192810804,0.9659980614976419,13.0,6.0,False,main,False
9790,4,4,9.151880192810804,1.8481198071891964,0.8319891084373459,0.9695030780489997,10.0,5.0,False,main,False
9790,5,5,10.151880192810804,1.8481198071891964,0.845990016067567,0.9723523907379462,7.0,4.0,False,main,False
9790,6,6,11.151880192810804,1.8481198071891964,0.8578369379085233,0.9747143941806492,5.0,3.0,False,main,False
9790,7,7,12.151880192810804,1.8481198071891964,0.8679914423436289,0.9767043320980593,3.0,2.0,False,main,False
9790,8,8,13.151880192810804,1.8481198071891964,0.8767920128540536,0.9784037452374597,1.0,1.0,False,main,False
9790,9,9,14.151880192810804,1.8481198071891964,0.8844925120506753,0.979871958315453,-1.0,-1.0,True,main,False
10475,1,1,6.29134673050756,1.7086532694924403,0.786418341313445,0.9636922658514265,19.0,9.0,False,main,True
10475,2,2,7.29134673050756,1.7086532694924403,0.8101496367230623,0.9683801363097555,15.0,7.0,False,main,False
10475,3,3,8.29134673050756,1.7086532694924403,0.8291346730507559,0.9719946889822321,12.0,6.0,False,main,False
10475,4,4,9.29134673050756,1.7086532694924403,0.8446678845915963,0.9748669737355141,9.0,5.0,False,main,False
10475,5,5,10.29134673050756,1.7086532694924403,0.8576122275422966,0.9772044968870919,7.0,4.0,False,main,False
10475,6,6,11.29134673050756,1.7086532694924403,0.8685651331159661,0.9791439673491678,5.0,3.0,False,main,False
10475,7,7,12.29134673050756,1.7086532694924403,0.8779533378933971,0.9807791319254822,3.0,2.0,False,main,False
10475,8,8,13.29134673050756,1.7086532694924403,0.8860897820338373,0.9821764296867843,1.0,1.0,False,main,False
10475,9,9,14.29134673050756,1.7086532694924403,0.8932091706567225,0.983384263857206,-1.0,-1.0,True,main,False
9763,0,1,5.152612923523583,2.8473870764764166,0.6440766154404479,0.8842245741186893,52.0,16.0,False,main,True
9763,0,2,5.152612923523583,3.8473870764764166,0.5725125470581759,0.8205472554053621,93.0,23.0,False,main,False
9763,0,3,5.152612923523583,4.847387076476417,0.5152612923523583,0.7619482843529649,161.0,32.0,False,main,True
9763,0,4,5.152612923523583,5.847387076476417,0.4684193566839621,0.709392122706641,283.0,43.0,False,main,True
3825,0,1,5.218261348214408,2.7817386517855924,0.652282668526801,0.8896562120405554,50.0,16.0,False,main,True
3712,0,1,5.57295101092294,2.4270489890770603,0.6966188763653675,0.917342721962217,38.0,14.0,False,main,True
7218,1,1,6.536643227987348,1.463356772012652,0.8170804034984185,0.9759375800998102,16.0,8.0,False,main,True
5410,1,1,6.561899486218213,1.4381005137817873,0.8202374357772766,0.977076687311588,16.0,8.0,False,main,True
6144,1,1,6.444900322709263,1.5550996772907368,0.8056125403386579,0.9716032030572515,17.0,8.0,False,main,True
10852,1,1,6.158692134767705,1.8413078652322952,0.7698365168459631,0.9562394658174383,21.0,9.0,False,main,True
10852,2,2,7.158692134767705,1.8413078652322952,0.7954102371964117,0.9619250573103135,16.0,8.0,False,main,False
10852,3,3,8.158692134767705,1.8413078652322952,0.8158692134767704,0.96630126529113,13.0,6.0,False,main,False
10852,4,4,9.158692134767705,1.8413078652322952,0.8326083758879732,0.9697741754727031,10.0,5.0,False,main,False
10852,5,5,10.158692134767705,1.8413078652322952,0.8465576778973087,0.9725975394275833,7.0,4.0,False,main,False
10852,6,6,11.158692134767705,1.8413078652322952,0.8583609334436696,0.9749381333520449,5.0,3.0,False,main,False
10852,7,7,12.158692134767705,1.8413078652322952,0.8684780096262646,0.976910104554007,3.0,2.0,False,main,False
10852,8,8,13.158692134767705,1.8413078652322952,0.877246142317847,0.9785942244509015,1.0,1.0,False,main,False
10852,9,9,14.158692134767705,1.8413078652322952,0.8849182584229816,0.9800492619227776,-1.0,-1.0,True,main,False
336,1,1,6.476222747337749,1.5237772526622508,0.8095278434172186,0.9731171314997968,17.0,8.0,False,main,True
336,2,2,7.476222747337749,1.5237772526622508,0.830691416370861,0.9765574279170736,13.0,7.0,False,main,True
336,3,3,8.476222747337749,1.5237772526622508,0.8476222747337749,0.9792165108340525,11.0,6.0,False,main,False
336,4,4,9.476222747337749,1.5237772526622508,0.8614747952125227,0.9813334863756036,8.0,5.0,False,main,False
336,5,5,10.476222747337749,1.5237772526622508,0.8730185622781458,0.9830588726315291,6.0,4.0,False,main,False
336,6,6,11.476222747337749,1.5237772526622508,0.8827863651798269,0.9844921643002834,4.0,3.0,False,main,False
336,7,7,12.476222747337749,1.5237772526622508,0.8911587676669821,0.9857017708563733,2.0,2.0,False,main,False
336,8,8,13.476222747337749,1.5237772526622508,0.8984148498225166,0.9867362804254187,1.0,1.0,False,main,False
336,9,9,14.476222747337749,1.5237772526622508,0.9047639217086093,0.9876311555953716,-1.0,-1.0,True,main,False
7927,1,1,6.25303935410125,1.7469606458987506,0.7816299192626562,0.9615970269330143,20.0,9.0,False,main,True
7927,2,2,7.25303935410125,1.7469606458987506,0.8058932615668055,0.966564432022311,15.0,8.0,False,main,False
7927,3,3,8.25303935410125,1.7469606458987506,0.8253039354101249,0.9703925915046674,12.0,6.0,False,main,False
7927,4,4,9.25303935410125,1.7469606458987506,0.8411853958273863,0.9734334481681366,9.0,5.0,False,main,False
7927,5,5,10.25303935410125,1.7469606458987506,0.8544199461751041,0.9759074074908656,7.0,4.0,False,main,False
7927,6,6,11.25303935410125,1.7469606458987506,0.8656184118539423,0.9779595763413076,5.0,3.0,False,main,False
7927,7,7,12.25303935410125,1.7469606458987506,0.8752170967215178,0.9796894055687314,3.0,2.0,False,main,False
7927,8,8,13.25303935410125,1.7469606458987506,0.8835359569400832,0.9811673450758429,1.0,1.0,False,main,False
7927,9,9,14.25303935410125,1.7469606458987506,0.8908149596313282,0.9824447009340773,-1.0,-1.0,True,main,False
6204,0,1,5.311849463101832,2.6881505368981684,0.663981182887729,0.8972373671873284,46.0,15.0,False,main,True
10157,1,1,6.383611476833757,1.616388523166243,0.7979514346042196,0.9685414583222041,18.0,9.0,False,main,True
10157,2,2,7.383611476833757,1.616388523166243,0.8204012752037507,0.9725853737554178,14.0,7.0,False,main,False
10157,3,3,8.383611476833757,1.616388523166243,0.8383611476833757,0.9757071935683028,11.0,6.0,False,main,False
10157,4,4,9.383611476833757,1.616388523166243,0.8530555888030688,0.9781902370578052,9.0,5.0,False,main,False
10157,5,5,10.383611476833757,1.616388523166243,0.865300956402813,0.9802124731184935,6.0,4.0,False,main,False
10157,6,6,11.383611476833757,1.616388523166243,0.8756624212949043,0.9818913458401414,4.0,3.0,False,main,False
10157,7,7,12.383611476833757,1.616388523166243,0.8845436769166969,0.9833074983335564,3.0,2.0,False,main,False
10157,8,8,13.383611476833757,1.616388523166243,0.8922407651222505,0.9845181450423696,1.0,1.0,False,main,False
10157,9,9,14.383611476833757,1.616388523166243,0.8989757173021098,0.9855650064257389,-1.0,-1.0,True,main,False
3837,0,1,5.445110981310718,2.554889018689282,0.6806388726638397,0.9076951273267495,42.0,15.0,False,main,True
3050,1,1,6.183698206183687,1.816301793816313,0.7729622757729608,0.9576862829260048,20.0,9.0,False,main,True
11499,1,1,6.443971666065042,1.5560283339349588,0.8054964582581302,0.9715577871728021,17.0,8.0,False,main,True
11499,2,2,7.443971666065042,1.5560283339349588,0.8271079628961158,0.9752033381974604,14.0,7.0,False,main,True
11499,3,3,8.443971666065043,1.5560283339349588,0.8443971666065041,0.9780198677993416,11.0,6.0,False,main,False
11499,4,4,9.443971666065043,1.5560283339349588,0.8585428787331856,0.9802614572262489,8.0,5.0,False,main,False
11499,5,5,10.443971666065043,1.5560283339349588,0.8703309721720868,0.9820879323231383,6.0,4.0,False,main,False
11499,6,6,11.443971666065043,1.5560283339349588,0.880305512774234,0.9836048790051547,4.0,3.0,False,main,False
11499,7,7,12.443971666065043,1.5560283339349588,0.8888551190046458,0.9848848610704172,2.0,2.0,False,main,False
11499,8,8,13.443971666065043,1.5560283339349588,0.8962647777376694,0.9859793975862017,1.0,1.0,False,main,False
11499,9,9,14.443971666065043,1.5560283339349588,0.9027482291290652,0.986926078325933,-1.0,-1.0,True,main,False
5762,1,1,6.5089801040392,1.4910198959608003,0.8136225130049,0.9746627833675305,17.0,8.0,False,main,True
5762,2,2,7.5089801040392,1.4910198959608003,0.8343311226710222,0.9779001035323236,13.0,7.0,False,main,True
5762,3,3,8.5089801040392,1.4910198959608003,0.85089801040392,0.9804033853579827,10.0,6.0,False,main,False
5762,4,4,9.5089801040392,1.4910198959608003,0.8644527367308363,0.9823969876904391,8.0,5.0,False,main,False
5762,5,5,10.5089801040392,1.4910198959608003,0.8757483420032667,0.9840222520230014,6.0,4.0,False,main,False
5762,6,6,11.5089801040392,1.4910198959608003,0.8853061618491692,0.9853726623580962,4.0,3.0,False,main,False
5762,7,7,12.5089801040392,1.4910198959608003,0.8934985788599429,0.9865125258675815,2.0,2.0,False,main,False
5762,8,8,13.5089801040392,1.4910198959608003,0.9005986736026134,0.9874875347665114,1.0,1.0,False,main,False
5762,9,9,14.5089801040392,1.4910198959608003,0.90681125650245,0.9883310488717604,-1.0,-1.0,True,main,False
3155,0,1,5.195844237201341,2.8041557627986586,0.6494805296501677,0.8878119076414683,51.0,16.0,False,main,True
846,0,1,5.246520247976187,2.7534797520238126,0.6558150309970234,0.8919655796258685,49.0,16.0,False,main,True
5544,0,1,5.416015104534355,2.583984895465645,0.6770018880667944,0.9054462180075983,43.0,15.0,False,main,True
2163,1,1,6.446935287868478,1.5530647121315218,0.8058669109835598,0.9717026166369545,17.0,8.0,False,main,True
1344,1,1,6.411940566596093,1.5880594334039069,0.8014925708245116,0.9699728298048488,18.0,9.0,False,main,True
1344,2,2,7.411940566596093,1.5880594334039069,0.8235489518440103,0.9738274897841017,14.0,7.0,False,main,False
1344,3,3,8.411940566596094,1.5880594334039069,0.8411940566596094,0.9768043184852097,11.0,6.0,False,main,False
1344,4,4,9.411940566596094,1.5880594334039069,0.8556309605996449,0.9791727165273713,8.0,5.0,False,main,False
1344,5,5,10.411940566596094,1.5880594334039069,0.8676617138830078,0.9811020206984232,6.0,4.0,False,main,False
1344,6,6,11.411940566596094,1.5880594334039069,0.8778415820458534,0.982704035643971,4.0,3.0,False,main,False
1344,7,7,12.411940566596094,1.5880594334039069,0.8865671833282924,0.984055563486361,2.0,2.0,False,main,False
1344,8,8,13.411940566596094,1.5880594334039069,0.8941293711064062,0.9852111117909119,1.0,1.0,False,main,False
1344,9,9,14.411940566596094,1.5880594334039069,0.9007462854122559,0.9862104382586935,-1.0,-1.0,True,main,False
2398,1,1,6.197060368197601,1.8029396318023996,0.7746325460247001,0.9584515387003434,20.0,9.0,False,main,True
11359,1,1,6.308890823074408,1.6911091769255924,0.788611352884301,0.9646360118740182,19.0,9.0,False,main,True
2380,1,1,6.455762103136534,1.5442378968634665,0.8069702628920667,0.9721321379232681,17.0,8.0,False,main,True
10238,1,1,6.29274872944596,1.7072512705540401,0.786593591180745,0.9637680515703488,19.0,9.0,False,main,True
10238,2,2,7.29274872944596,1.7072512705540401,0.8103054143828845,0.9684458255300729,15.0,7.0,False,main,False
10238,3,3,8.292748729445961,1.7072512705540401,0.8292748729445959,0.9720526597904108,12.0,6.0,False,main,False
10238,4,4,9.292748729445961,1.7072512705540401,0.8447953390405417,0.9749188515233489,9.0,5.0,False,main,False
10238,5,5,10.292748729445961,1.7072512705540401,0.8577290607871633,0.9772514420015356,7.0,4.0,False,main,False
10238,6,6,11.292748729445961,1.7072512705540401,0.8686729791881507,0.9791868372031952,5.0,3.0,False,main,False
10238,7,7,12.292748729445961,1.7072512705540401,0.8780534806747113,0.9808185780832559,3.0,2.0,False,main,False
10238,8,8,13.292748729445961,1.7072512705540401,0.8861832486297306,0.9822129589169957,1.0,1.0,False,main,False
10238,9,9,14.292748729445961,1.7072512705540401,0.8932967955903726,0.9834182781015324,-1.0,-1.0,True,main,False
3862,1,1,6.55400243215538,1.4459975678446204,0.8192503040194224,0.9767230773433756,16.0,8.0,False,main,True
1117,1,1,6.28537693396277,1.71462306603723,0.7856721167453462,0.9633688524673779,19.0,9.0,False,main,True
5015,1,1,6.359752311861466,1.6402476881385344,0.7949690389826832,0.9673147119803563,18.0,9.0,False,main,True
3748,1,1,6.380364797352172,1.619635202647828,0.7975455996690215,0.9683756608177663,18.0,9.0,False,main,True
6751,1,1,6.256081382009237,1.7439186179907638,0.7820101727511546,0.9617651300926381,20.0,9.0,False,main,True
6137,0,1,5.20375911854552,2.7962408814544797,0.65046988981819,0.8884643245736944,50.0,16.0,False,main,True
5688,1,1,6.477208234033709,1.522791765966291,0.8096510292542136,0.9731641962873663,17.0,8.0,False,main,True
5688,2,2,7.477208234033709,1.522791765966291,0.8308009148926343,0.9765983050648444,13.0,7.0,False,main,True
5688,3,3,8.477208234033709,1.522791765966291,0.8477208234033708,0.9792526399688093,11.0,6.0,False,main,False
5688,4,4,9.477208234033709,1.522791765966291,0.8615643849121554,0.9813658566474098,8.0,5.0,False,main,False
5688,5,5,10.477208234033709,1.522791765966291,0.8731006861694758,0.9830881930333046,6.0,4.0,False,main,False
5688,6,6,11.477208234033709,1.522791765966291,0.8828621718487468,0.9845189604000557,4.0,3.0,False,main,False
5688,7,7,12.477208234033709,1.522791765966291,0.8912291595738363,0.985726443077559,2.0,2.0,False,main,False
5688,8,8,13.477208234033709,1.522791765966291,0.8984805489355806,0.9867591408737354,1.0,1.0,False,main,False
5688,9,9,14.477208234033709,1.522791765966291,0.9048255146271068,0.9876524522625052,-1.0,-1.0,True,main,False
4629,0,1,5.338855845932393,2.661144154067607,0.6673569807415491,0.8993890492151521,45.0,15.0,False,main,True
11242,1,1,6.1552186443914465,1.844781355608553,0.7694023305489308,0.956036987959281,21.0,9.0,False,main,True
11242,2,2,7.1552186443914465,1.844781355608553,0.7950242938212718,0.9617498158722015,16.0,8.0,False,main,False
11242,3,3,8.155218644391447,1.844781355608553,0.8155218644391447,0.9661467870973917,13.0,6.0,False,main,False
11242,4,4,9.155218644391447,1.844781355608553,0.832292604035586,0.9696360535552001,10.0,5.0,False,main,False
11242,5,5,10.155218644391447,1.844781355608553,0.8462682203659538,0.9724726371092436,7.0,4.0,False,main,False
11242,6,6,11.155218644391447,1.844781355608553,0.8580937418762651,0.974824138305251,5.0,3.0,False,main,False
11242,7,7,12.155218644391447,1.844781355608553,0.8682299031708176,0.9768052629349069,3.0,2.0,False,main,False
11242,8,8,13.155218644391447,1.844781355608553,0.8770145762927631,0.9784971743037372,1.0,1.0,False,main,False
11242,9,9,14.155218644391447,1.844781355608553,0.8847011652744654,0.9799589244358303,-1.0,-1.0,True,main,False
4357,1,1,6.165047187407486,1.8349528125925136,0.7706308984259358,0.9566089683483424,21.0,9.0,False,main,True
2499,1,1,6.475657403568779,1.524342596431221,0.8094571754460974,0.9730901161467609,17.0,8.0,False,main,True
2499,2,2,7.475657403568779,1.524342596431221,0.8306286003965311,0.9765339644894735,13.0,7.0,False,main,True
2499,3,3,8.475657403568778,1.524342596431221,0.8475657403568778,0.9791957728922634,11.0,6.0,False,main,False
2499,4,4,9.475657403568778,1.524342596431221,0.8614234003244344,0.9813149060953942,8.0,5.0,False,main,False
2499,5,5,10.475657403568778,1.524342596431221,0.8729714502973982,0.9830420430204615,6.0,4.0,False,main,False
2499,6,6,11.475657403568778,1.524342596431221,0.8827428771975984,0.9844767836637236,4.0,3.0,False,main,False
2499,7,7,12.475657403568778,1.524342596431221,0.8911183859691985,0.9856876093396142,2.0,2.0,False,main,False
2499,8,8,13.475657403568778,1.524342596431221,0.8983771602379186,0.9867231588722974,1.0,1.0,False,main,False
2499,9,9,14.475657403568778,1.524342596431221,0.9047285877230486,0.9876189316537963,-1.0,-1.0,True,main,False
10778,1,1,6.204240531781643,1.7957594682183566,0.7755300664727054,0.9588604708348766,20.0,9.0,False,main,True
10778,2,2,7.204240531781643,1.7957594682183566,0.8004711701979603,0.9641941099844192,16.0,8.0,False,main,False
10778,3,3,8.204240531781643,1.7957594682183566,0.8204240531781644,0.9683018766113504,12.0,6.0,False,main,False
10778,4,4,9.204240531781643,1.7957594682183566,0.8367491392528766,0.9715632408466414,9.0,5.0,False,main,False
10778,5,5,10.204240531781643,1.7957594682183566,0.8503533776484703,0.9742155764180078,7.0,4.0,False,main,False
10778,6,6,11.204240531781643,1.7957594682183566,0.8618646562908956,0.9764150238684979,5.0,3.0,False,main,False
10778,7,7,12.204240531781643,1.7957594682183566,0.8717314665558317,0.9782685210969491,3.0,2.0,False,main,False
10778,8,8,13.204240531781643,1.7957594682183566,0.8802827021187762,0.9798517784488876,1.0,1.0,False,main,False
10778,9,9,14.204240531781643,1.7957594682183566,0.8877650332363527,0.981219906785478,-1.0,-1.0,True,main,False
1918,1,1,6.186746174981704,1.813253825018296,0.773343271872713,0.9578613254024844,20.0,9.0,False,main,True
8789,0,1,5.309705864083378,2.690294135916622,0.6637132330104223,0.8970658842453195,46.0,15.0,False,main,True
5244,1,1,6.173219443331363,1.8267805566686364,0.7716524304164204,0.9570823209987019,21.0,9.0,False,main,True
11448,0,1,5.499721246242471,2.500278753757529,0.6874651557803089,0.9118632994694446,40.0,15.0,False,main,True
5555,1,1,6.217663069059784,1.7823369309402162,0.777207883632473,0.9596206294030436,20.0,9.0,False,main,True
5555,2,2,7.217663069059784,1.7823369309402162,0.8019625632288648,0.9648524085685961,16.0,8.0,False,main,True
5555,3,3,8.217663069059784,1.7823369309402162,0.8217663069059784,0.9688824368125533,12.0,6.0,False,main,False
5555,4,4,9.217663069059784,1.7823369309402162,0.8379693699145258,0.972082510761078,9.0,5.0,False,main,False
5555,5,5,10.217663069059784,1.7823369309402162,0.8514719224216486,0.9746852771192002,7.0,4.0,False,main,False
5555,6,6,11.217663069059784,1.7823369309402162,0.8628971591584449,0.9768438041763904,5.0,3.0,False,main,False
5555,7,7,12.217663069059784,1.7823369309402162,0.8726902192185559,0.9786629459238271,3.0,2.0,False,main,False
5555,8,8,13.217663069059784,1.7823369309402162,0.8811775379373189,0.9802169490042639,1.0,1.0,False,main,False
5555,9,9,14.217663069059784,1.7823369309402162,0.8886039418162365,0.9815598658839418,-1.0,-1.0,True,main,False
6856,1,1,6.537150612615849,1.462849387384151,0.8171438265769811,0.9759606981533142,16.0,8.0,False,main,True
8300,1,1,6.5374247311891605,1.4625752688108398,0.8171780913986451,0.9759731838916964,16.0,8.0,False,main,True
8300,2,2,7.5374247311891605,1.4625752688108398,0.8374916367987956,0.9790388012815715,13.0,7.0,False,main,False
8300,3,3,8.53742473118916,1.4625752688108398,0.853742473118916,0.9814102057610413,10.0,6.0,False,main,False
8300,4,4,9.53742473118916,1.4625752688108398,0.8670386119262873,0.9832993299936625,8.0,5.0,False,main,False
8300,5,5,10.53742473118916,1.4625752688108398,0.8781187275990967,0.9848397749182564,6.0,4.0,False,main,False
8300,6,6,11.53742473118916,1.4625752688108398,0.8874942100914739,0.9861199502387106,4.0,3.0,False,main,False
8300,7,7,12.53742473118916,1.4625752688108398,0.8955303379420829,0.9872006976150854,2.0,2.0,False,main,False
8300,8,8,13.53742473118916,1.4625752688108398,0.9024949820792774,0.988125261548,1.0,1.0,False,main,False
8300,9,9,14.53742473118916,1.4625752688108398,0.9085890456993225,0.9889252237215523,-1.0,-1.0,True,main,False
987,1,1,6.24939576428354,1.75060423571646,0.7811744705354425,0.9613952939789898,20.0,9.0,False,main,True
987,2,2,7.24939576428354,1.75060423571646,0.8054884182537267,0.9663896533290373,15.0,8.0,False,main,False
987,3,3,8.249395764283541,1.75060423571646,0.8249395764283539,0.9702384011033157,12.0,6.0,False,main,False
987,4,4,9.249395764283541,1.75060423571646,0.8408541603894127,0.9732955001300948,9.0,5.0,False,main,False
987,5,5,10.249395764283541,1.75060423571646,0.854116313690295,0.9757826021026955,7.0,4.0,False,main,False
987,6,6,11.249395764283541,1.75060423571646,0.8653381357141184,0.9778456247616056,5.0,3.0,False,main,False
987,7,7,12.249395764283541,1.75060423571646,0.8749568403059671,0.9795845694611888,3.0,2.0,False,main,False
987,8,8,13.249395764283541,1.75060423571646,0.883293050952236,0.9810702730499491,1.0,1.0,False,main,False
987,9,9,14.249395764283541,1.75060423571646,0.8905872352677213,0.9823543215652032,-1.0,-1.0,True,main,False
3873,0,1,5.239990908834205,2.7600090911657946,0.6549988636042756,0.891433536786675,49.0,16.0,False,main,True
11259,1,1,6.157932101199824,1.8420678988001757,0.769741512649978,0.9561951929628176,21.0,9.0,False,main,True
11259,2,2,7.157932101199824,1.8420678988001757,0.7953257890222027,0.9618867392663653,16.0,8.0,False,main,False
11259,3,3,8.157932101199824,1.8420678988001757,0.8157932101199824,0.9662674869291451,13.0,6.0,False,main,False
11259,4,4,9.157932101199824,1.8420678988001757,0.8325392819272568,0.9697439733279742,10.0,5.0,False,main,False
11259,5,5,10.157932101199824,1.8420678988001757,0.8464943417666521,0.972570227729495,7.0,4.0,False,main,False
11259,6,6,11.157932101199824,1.8420678988001757,0.8583024693230634,0.9749132065451928,5.0,3.0,False,main,False
11259,7,7,12.157932101199824,1.8420678988001757,0.8684237215142732,0.9768871791796548,3.0,2.0,False,main,False
11259,8,8,13.157932101199824,1.8420678988001757,0.8771954734133216,0.9785730027276555,1.0,1.0,False,main,False
11259,9,9,14.157932101199824,1.8420678988001757,0.884870756324989,0.9800295079734469,-1.0,-1.0,True,main,False
1478,1,1,6.385720483023893,1.6142795169761073,0.7982150603779866,0.9686489661675708,18.0,9.0,False,main,True
4059,1,1,6.182109596218995,1.8178904037810053,0.7727636995273743,0.9575949371176995,21.0,9.0,False,main,True
8768,1,1,6.496655329746303,1.503344670253697,0.8120819162182878,0.9740857988937327,17.0,8.0,False,main,True
8768,2,2,7.496655329746303,1.503344670253697,0.8329617033051447,0.9773988329546656,13.0,7.0,False,main,True
8768,3,3,8.496655329746304,1.503344670253697,0.8496655329746303,0.9799602435046557,11.0,6.0,False,main,False
8768,4,4,9.496655329746304,1.503344670253697,0.8633323027042095,0.9819998831428114,8.0,5.0,False,main,False
8768,5,5,10.496655329746304,1.503344670253697,0.8747212774788586,0.9836625131197182,6.0,4.0,False,main,False
8768,6,6,11.496655329746304,1.503344670253697,0.8843581022881772,0.9850438580142762,4.0,3.0,False,main,False
8768,7,7,12.496655329746304,1.503344670253697,0.8926182378390217,0.9862097545341753,2.0,2.0,False,main,False
8768,8,8,13.496655329746304,1.503344670253697,0.899777021983087,0.987206974826348,1.0,1.0,False,main,False
8768,9,9,14.496655329746304,1.503344670253697,0.906040958109144,0.9880696629842135,-1.0,-1.0,True,main,False
10272,1,1,6.398975782303359,1.6010242176966414,0.7998719727879199,0.9693211833624716,18.0,9.0,False,main,True
10272,2,2,7.398975782303359,1.6010242176966414,0.8221084202559288,0.9732619560842956,14.0,7.0,False,main,False
10272,3,3,8.39897578230336,1.6010242176966414,0.8398975782303358,0.9763047672352645,11.0,6.0,False,main,False
10272,4,4,9.39897578230336,1.6010242176966414,0.8544523438457599,0.9787253442667347,9.0,5.0,False,main,False
10272,5,5,10.39897578230336,1.6010242176966414,0.8665813151919466,0.9806969488271451,6.0,4.0,False,main,False
10272,6,6,11.39897578230336,1.6010242176966414,0.8768442909464121,0.9823339502572608,4.0,3.0,False,main,False
10272,7,7,12.39897578230336,1.6010242176966414,0.8856411273073828,0.9837148977711565,2.0,2.0,False,main,False
10272,8,8,13.39897578230336,1.6010242176966414,0.8932650521535572,0.9848955303398309,1.0,1.0,False,main,False
10272,9,9,14.39897578230336,1.6010242176966414,0.89993598639396,0.9859164986589191,-1.0,-1.0,True,main,False
5745,1,1,6.221084068207958,1.7789159317920418,0.7776355085259947,0.9598134721977074,20.0,9.0,False,main,True
10926,0,1,5.5614271353124956,2.4385728646875044,0.6951783919140619,0.9164888955438864,38.0,14.0,False,main,True
10926,0,2,5.5614271353124956,3.4385728646875044,0.6179363483680551,0.8548943824903443,66.0,20.0,False,main,False
10926,0,3,5.5614271353124956,4.4385728646875044,0.5561427135312496,0.7963714576062335,110.0,28.0,False,main,False
10926,0,4,5.5614271353124956,5.4385728646875044,0.5055842850284087,0.743043289211601,183.0,37.0,False,main,True
10926,0,5,5.5614271353124956,6.4385728646875044,0.4634522612760413,0.6951491173306141,307.0,49.0,False,main,True
5933,1,1,6.4464078758083065,1.553592124191693,0.8058009844760383,0.9716768651370907,17.0,8.0,False,main,True
5933,2,2,7.4464078758083065,1.553592124191693,0.8273786528675896,0.975306725317991,14.0,7.0,False,main,True
5933,3,3,8.446407875808307,1.553592124191693,0.8446407875808306,0.978111222395783,11.0,6.0,False,main,False
5933,4,4,9.446407875808307,1.553592124191693,0.8587643523462097,0.9803432906530657,8.0,5.0,False,main,False
5933,5,5,10.446407875808307,1.553592124191693,0.8705339896506922,0.9821620434129231,6.0,4.0,False,main,False
5933,6,6,11.446407875808307,1.553592124191693,0.8804929135237158,0.983672600487711,4.0,3.0,False,main,False
5933,7,7,12.446407875808307,1.553592124191693,0.8890291339863076,0.9849472078872922,2.0,2.0,False,main,False
5933,8,8,13.446407875808307,1.553592124191693,0.8964271917205537,0.9860371605333341,1.0,1.0,False,main,False
5933,9,9,14.446407875808307,1.553592124191693,0.9029004922380192,0.9869798855570935,-1.0,-1.0,True,main,False
7978,1,1,6.180102123206383,1.8198978767936178,0.7725127654007978,0.9574793956901355,21.0,9.0,False,main,True
7978,2,2,7.180102123206383,1.8198978767936178,0.7977891248007092,0.9629983450734758,16.0,8.0,False,main,False
7978,3,3,8.180102123206382,1.8198978767936178,0.8180102123206382,0.9672474832995046,12.0,6.0,False,main,False
7978,4,4,9.180102123206382,1.8198978767936178,0.8345547384733074,0.9706202746060958,9.0,5.0,False,main,False
7978,5,5,10.180102123206382,1.8198978767936178,0.8483418436005318,0.9733627073969164,7.0,4.0,False,main,False
7978,6,6,11.180102123206382,1.8198978767936178,0.8600078556312601,0.9756365182262826,5.0,3.0,False,main,False
7978,7,7,12.180102123206382,1.8198978767936178,0.8700072945147416,0.977552439177598,3.0,2.0,False,main,False
7978,8,8,13.180102123206382,1.8198978767936178,0.8786734748804255,0.9791888446673428,1.0,1.0,False,main,False
7978,9,9,14.180102123206382,1.8198978767936178,0.8862563827003989,0.9806027713914927,-1.0,-1.0,True,main,False
1563,0,1,5.436996220021597,2.563003779978403,0.6796245275026996,0.907069867968356,42.0,15.0,False,main,True
4159,1,1,6.342631066337664,1.6573689336623356,0.792828883292208,0.9664225916201673,18.0,9.0,False,main,True
3975,1,1,6.467288137971376,1.5327118620286249,0.808411017246422,0.9726888470599545,17.0,8.0,False,main,True
3975,2,2,7.467288137971376,1.5327118620286249,0.8296986819968195,0.9761854704767671,14.0,7.0,False,main,True
3975,3,3,8.467288137971376,1.5327118620286249,0.8467288137971375,0.9788877709290147,11.0,6.0,False,main,False
3975,4,4,9.467288137971376,1.5327118620286249,0.8606625579973978,0.9810389579111471,8.0,5.0,False,main,False
3975,5,5,10.467288137971376,1.5327118620286249,0.8722740114976146,0.982792101005404,6.0,4.0,False,main,False
3975,6,6,11.467288137971376,1.5327118620286249,0.8820990875362597,0.9842483652013204,4.0,3.0,False,main,False
3975,7,7,12.467288137971376,1.5327118620286249,0.8905205812836696,0.9854772994336538,2.0,2.0,False,main,False
3975,8,8,13.467288137971376,1.5327118620286249,0.8978192091980917,0.9865282959028735,1.0,1.0,False,main,False
3975,9,9,14.467288137971376,1.5327118620286249,0.904205508623211,0.9874374008703873,-1.0,-1.0,True,main,False
8185,0,1,5.446683217973869,2.55331678202613,0.6808354022467337,0.9078160960212971,42.0,15.0,False,main,True
8185,0,2,5.446683217973869,3.55331678202613,0.6051870242193188,0.8455056636039684,72.0,21.0,False,main,False
8185,0,3,5.446683217973869,4.55331678202613,0.5446683217973869,0.7868938516339496,122.0,29.0,False,main,True
8185,0,4,5.446683217973869,5.55331678202613,0.4951530198158063,0.7337422233990443,205.0,39.0,False,main,True
6647,0,1,5.2548400695371615,2.745159930462838,0.6568550086921452,0.8926421693283275,48.0,16.0,False,main,True
4008,1,1,6.45683403234497,1.5431659676550304,0.8071042540431212,0.9721841112828394,17.0,8.0,False,main,True
6010,0,1,5.341898409732902,2.6581015902670977,0.6677373012166128,0.8996304387830141,45.0,15.0,False,main,True
10348,0,1,5.504979020726326,2.4950209792736744,0.6881223775907908,0.9122609338394208,40.0,15.0,False,main,True
10348,0,2,5.504979020726326,3.4950209792736744,0.6116643356362584,0.8503005511644162,69.0,21.0,False,main,False
10348,0,3,5.504979020726326,4.495020979273674,0.5504979020726326,0.791727012535381,116.0,28.0,False,main,True
10348,0,4,5.504979020726326,5.495020979273674,0.5004526382478478,0.7384816583380556,193.0,38.0,False,main,True
10348,0,5,5.504979020726326,6.495020979273674,0.45874825172719386,0.6907282506213981,327.0,50.0,False,main,True
11506,1,1,6.272283030617958,1.7277169693820422,0.7840353788272447,0.9626554599381933,19.0,9.0,False,main,True
11506,2,2,7.272283030617958,1.7277169693820422,0.8080314478464398,0.9674815593908388,15.0,7.0,False,main,True
11506,3,3,8.272283030617958,1.7277169693820422,0.8272283030617957,0.9712017609661368,12.0,6.0,False,main,False
11506,4,4,9.272283030617958,1.7277169693820422,0.8429348209652688,0.9741574331277252,9.0,5.0,False,main,False
11506,5,5,10.272283030617958,1.7277169693820422,0.8560235858848299,0.9765624550701828,7.0,4.0,False,main,False
11506,6,6,11.272283030617958,1.7277169693820422,0.8670986946629198,0.9785576858661612,5.0,3.0,False,main,False
11506,7,7,12.272283030617958,1.7277169693820422,0.8765916450441399,0.9802396917869931,3.0,2.0,False,main,False
11506,8,8,13.272283030617958,1.7277169693820422,0.8848188687078639,0.981676894772214,1.0,1.0,False,main,False
11506,9,9,14.272283030617958,1.7277169693820422,0.8920176894136224,0.9829191333573658,-1.0,-1.0,True,main,False
6433,1,1,6.583679614581699,1.4163203854183006,0.8229599518227124,0.9780397535015444,16.0,8.0,False,main,True
10387,0,1,5.254580805011692,2.745419194988308,0.6568226006264615,0.8926211081292716,48.0,16.0,False,main,True
10387,0,2,5.254580805011692,3.745419194988308,0.5838423116679657,0.8293457253336767,85.0,22.0,False,main,False
10387,0,3,5.254580805011692,4.745419194988308,0.5254580805011692,0.7707045566454106,146.0,31.0,False,main,False
10387,0,4,5.254580805011692,5.745419194988308,0.477689164091972,0.7179192035598699,252.0,42.0,False,main,True
10387,0,5,5.254580805011692,6.745419194988308,0.43788173375097433,0.6708505997879362,445.0,55.0,False,main,True
11287,1,1,6.410943486650939,1.5890565133490617,0.8013679358313673,0.9699229196332726,18.0,9.0,False,main,True
11287,2,2,7.410943486650939,1.5890565133490617,0.8234381651834376,0.9737841722247009,14.0,7.0,False,main,True
11287,3,3,8.41094348665094,1.5890565133490617,0.8410943486650938,0.976766053018661,11.0,6.0,False,main,False
11287,4,4,9.41094348665094,1.5890565133490617,0.855540316968267,0.9791384466308546,8.0,5.0,False,main,False
11287,5,5,10.41094348665094,1.5890565133490617,0.8675786238875782,0.98107099016094,6.0,4.0,False,main,False
11287,6,6,11.41094348665094,1.5890565133490617,0.8777648835885337,0.9826756845251362,4.0,3.0,False,main,False
11287,7,7,12.41094348665094,1.5890565133490617,0.8864959633322098,0.9840294655644604,2.0,2.0,False,main,False
11287,8,8,13.41094348665094,1.5890565133490617,0.8940628991100625,0.9851869351034481,1.0,1.0,False,main,False
11287,9,9,14.41094348665094,1.5890565133490617,0.9006839679156837,0.9861879192044208,-1.0,-1.0,True,main,False
11261,1,1,6.245875443609775,1.754124556390225,0.7807344304512219,0.961199985689281,20.0,9.0,False,main,True
11261,2,2,7.245875443609775,1.754124556390225,0.8050972715121972,0.9662204475547448,15.0,8.0,False,main,False
11261,3,3,8.245875443609776,1.754124556390225,0.8245875443609775,0.97008913156735,12.0,6.0,False,main,False
11261,4,4,9.245875443609776,1.754124556390225,0.8405341312372523,0.973161957666791,9.0,5.0,False,main,False
11261,5,5,10.245875443609776,1.754124556390225,0.853822953634148,0.9756617847817133,7.0,4.0,False,main,False
11261,6,6,11.245875443609776,1.754124556390225,0.8650673418161365,0.977735316083112,5.0,3.0,False,main,False
11261,7,7,12.245875443609776,1.754124556390225,0.8747053888292696,0.9794830861158226,3.0,2.0,False,main,False
11261,8,8,13.245875443609776,1.754124556390225,0.8830583629073183,0.9809763064797367,1.0,1.0,False,main,False
11261,9,9,14.245875443609776,1.754124556390225,0.890367215225611,0.9822668343406314,-1.0,-1.0,True,main,False
5297,1,1,6.516202092821284,1.4837979071787162,0.8145252616026605,0.9749983062731757,17.0,8.0,False,main,True
5297,2,2,7.516202092821284,1.4837979071787162,0.8351335658690315,0.9781916290498148,13.0,7.0,False,main,False
5297,3,3,8.516202092821285,1.4837979071787162,0.8516202092821284,0.9806611255908847,10.0,6.0,False,main,False
5297,4,4,9.516202092821285,1.4837979071787162,0.8651092811655713,0.9826279663232227,8.0,5.0,False,main,False
5297,5,5,10.516202092821285,1.4837979071787162,0.8763501744017738,0.9842315073312647,6.0,4.0,False,main,False
5297,6,6,11.516202092821285,1.4837979071787162,0.8858616994477911,0.9855639314604245,4.0,3.0,False,main,False
5297,7,7,12.516202092821285,1.4837979071787162,0.8940144352015204,0.9866886574555997,2.0,2.0,False,main,False
5297,8,8,13.516202092821285,1.4837979071787162,0.901080139521419,0.987650750147327,1.0,1.0,False,main,False
5297,9,9,14.516202092821285,1.4837979071787162,0.9072626308013303,0.9884831136625207,-1.0,-1.0,True,main,False
307,0,1,5.307136714919526,2.692863285080474,0.6633920893649408,0.8968602238313784,46.0,15.0,False,main,True
4991,0,1,5.200561615960025,2.7994383840399752,0.6500702019950031,0.8882009202046577,50.0,16.0,False,main,True
6558,0,1,5.515836564228126,2.4841634357718743,0.6894795705285157,0.9130800125418995,40.0,15.0,False,main,True
6558,0,2,5.515836564228126,3.4841634357718743,0.6128707293586806,0.8511879182885722,68.0,21.0,False,main,False
6558,0,3,5.515836564228126,4.484163435771874,0.5515836564228126,0.7926230696239396,115.0,28.0,False,main,False
6558,0,4,5.515836564228126,5.484163435771874,0.5014396876571023,0.7393611757888604,191.0,38.0,False,main,False
6558,0,5,5.515836564228126,6.484163435771874,0.4596530470190105,0.6915802976299719,323.0,50.0,False,main,False
6558,0,6,5.515836564228126,7.484163435771874,0.4242951203252404,0.6488760177480689,565.0,65.0,False,main,True
6558,0,7,5.515836564228126,8.484163435771874,0.3939883260162947,0.6106865336300724,1048.0,85.0,False,main,True
6558,0,8,5.515836564228126,9.484163435771874,0.3677224376152084,0.5764470541897404,2155.0,110.0,False,main,True
6558,0,9,5.515836564228126,10.484163435771874,0.34473978526425786,0.5456431652994158,-1.0,143.0,False,main,True
6558,0,10,5.515836564228126,11.484163435771874,0.32446097436636034,0.517824905552615,-1.0,185.0,False,main,True
4702,1,1,6.218569710546669,1.781430289453331,0.7773212138183336,0.9596717727050739,20.0,9.0,False,main,True
1653,0,1,5.247986506053833,2.7520134939461673,0.6559983132567291,0.8920849294996661,48.0,16.0,False,main,True
6680,1,1,6.482808748911539,1.5171912510884606,0.8103510936139424,0.9734310031875373,17.0,8.0,False,main,True
4451,0,1,5.373145271767157,2.6268547282328423,0.6716431589708947,0.9020974589801112,44.0,15.0,False,main,True
803,1,1,6.325395739702016,1.6746042602979836,0.790674467462752,0.9655146610288795,19.0,9.0,False,main,True
803,2,2,7.325395739702016,1.6746042602979836,0.8139328599668907,0.9699600263779959,15.0,7.0,False,main,True
803,3,3,8.325395739702017,1.6746042602979836,0.8325395739702017,0.9733891308457271,11.0,6.0,False,main,False
803,4,4,9.325395739702017,1.6746042602979836,0.8477632490638197,0.9761149832929271,9.0,5.0,False,main,False
803,5,5,10.325395739702017,1.6746042602979836,0.8604496449751681,0.9783339370518064,7.0,4.0,False,main,False
803,6,6,11.325395739702017,1.6746042602979836,0.8711842876693859,0.9801754326144607,4.0,3.0,False,main,False
803,7,7,12.325395739702017,1.6746042602979836,0.8803854099787155,0.9817282760023482,3.0,2.0,False,main,False
803,8,8,13.325395739702017,1.6746042602979836,0.8883597159801345,0.9830554298953245,1.0,1.0,False,main,False
803,9,9,14.325395739702017,1.6746042602979836,0.8953372337313761,0.9842027801215442,-1.0,-1.0,True,main,False
7982,1,1,6.433694384068719,1.5663056159312807,0.8042117980085899,0.9710531536086409,17.0,9.0,False,main,True
7982,2,2,7.433694384068719,1.5663056159312807,0.8259660426743021,0.9747652303883318,14.0,7.0,False,main,False
7982,3,3,8.433694384068719,1.5663056159312807,0.843369438406872,0.9776327687045845,11.0,6.0,False,main,False
7982,4,4,9.433694384068719,1.5663056159312807,0.8576085803698835,0.97991471665983,8.0,5.0,False,main,False
7982,5,5,10.433694384068719,1.5663056159312807,0.8694745320057266,0.9817739228257102,6.0,4.0,False,main,False
7982,6,6,11.433694384068719,1.5663056159312807,0.8795149526206707,0.9833179501185542,4.0,3.0,False,main,False
7982,7,7,12.433694384068719,1.5663056159312807,0.88812102743348,0.98462071006649,2.0,2.0,False,main,False
7982,8,8,13.433694384068719,1.5663056159312807,0.8955796256045813,0.9857346722237691,1.0,1.0,False,main,False
7982,9,9,14.433694384068719,1.5663056159312807,0.9021058990042949,0.9866981159812396,-1.0,-1.0,True,main,False
11355,1,1,6.316594073611642,1.6834059263883574,0.7895742592014553,0.9650472135013818,19.0,9.0,False,main,True
3,1,1,6.276170421448185,1.7238295785518152,0.7845213026810232,0.9628678323307611,19.0,9.0,False,main,True
9690,0,5,5.833401305323367,6.166598694676633,0.4861167754436139,0.7161416186962255,232.0,44.0,False,main,True
4059,2,2,7.182109596218995,1.8178904037810053,0.798012177357666,0.9630983711398894,16.0,8.0,False,main,True
4059,3,3,8.182109596218995,1.8178904037810053,0.8182109596218995,0.9673356755387594,12.0,6.0,False,main,True
4059,4,4,9.182109596218995,1.8178904037810053,0.8347372360199086,0.9706991412024529,9.0,5.0,False,main,False
4059,5,5,10.182109596218995,1.8178904037810053,0.8485091330182496,0.9734340345220844,7.0,4.0,False,main,False
4059,6,6,11.182109596218995,1.8178904037810053,0.8601622766322303,0.9757016231853091,5.0,3.0,False,main,False
4059,7,7,12.182109596218995,1.8178904037810053,0.8701506854442139,0.9776123214545538,3.0,2.0,False,main,False
4059,8,8,13.182109596218995,1.8178904037810053,0.8788073064145997,0.9792442806340111,1.0,1.0,False,main,False
4059,9,9,14.182109596218995,1.8178904037810053,0.8863818497636872,0.9806543761601547,-1.0,-1.0,True,main,False
7634,0,6,5.916089676314314,7.083910323685686,0.45508382125494723,0.6786385684025829,350.0,56.0,False,main,True
2602,2,2,7.346707726638241,1.6532922733617597,0.81630085851536,0.9709323580280376,14.0,7.0,False,main,True
2602,3,3,8.34670772663824,1.6532922733617597,0.834670772663824,0.9742475260380404,11.0,6.0,False,main,False
2602,4,4,9.34670772663824,1.6532922733617597,0.8497007024216582,0.976883374108256,9.0,5.0,False,main,False
2602,5,5,10.34670772663824,1.6532922733617597,0.86222564388652,0.9790294248025256,6.0,4.0,False,main,False
2602,6,6,11.34670772663824,1.6532922733617597,0.8728236712798646,0.9808106635725923,4.0,3.0,False,main,False
2602,7,7,12.34670772663824,1.6532922733617597,0.8819076947598743,0.9823128662359836,3.0,2.0,False,main,False
2602,8,8,13.34670772663824,1.6532922733617597,0.889780515109216,0.983596862329982,1.0,1.0,False,main,False
2602,9,9,14.34670772663824,1.6532922733617597,0.89666923291489,0.9847069923527084,-1.0,-1.0,True,main,False
9490,0,6,5.601223189047664,7.398776810952336,0.4308633222344357,0.6553026122130988,505.0,63.0,False,main,True
4611,2,2,7.653692863757864,1.3463071362421362,0.8504103181953182,0.9834207929820356,12.0,7.0,False,main,True
4611,3,3,8.653692863757865,1.3463071362421362,0.8653692863757865,0.9852869912823224,10.0,6.0,False,main,False
4611,4,4,9.653692863757865,1.3463071362421362,0.8776084421598059,0.986775432936174,8.0,5.0,False,main,False
4611,5,5,10.653692863757865,1.3463071362421362,0.8878077386464888,0.9879903053687739,6.0,4.0,False,main,False
4611,6,6,11.653692863757865,1.3463071362421362,0.8964379125967589,0.9890006991950607,4.0,3.0,False,main,False
4611,7,7,12.653692863757865,1.3463071362421362,0.9038352045541332,0.9898542416650193,2.0,2.0,False,main,False
4611,8,8,13.653692863757865,1.3463071362421362,0.910246190917191,0.9905848320476723,1.0,1.0,False,main,False
4611,9,9,14.653692863757865,1.3463071362421362,0.9158558039848665,0.9912172560535669,-1.0,-1.0,True,main,False
9390,2,2,7.720235931760221,1.2797640682397788,0.8578039924178023,0.9857231599350341,12.0,7.0,False,main,True
9390,3,3,8.720235931760222,1.2797640682397788,0.8720235931760222,0.9873254704591545,9.0,6.0,False,main,False
9390,4,4,9.720235931760222,1.2797640682397788,0.8836578119782019,0.9886043243446047,7.0,5.0,False,main,False
9390,5,5,10.720235931760222,1.2797640682397788,0.8933529943133518,0.9896487060858229,6.0,4.0,False,main,False
9390,6,6,11.720235931760222,1.2797640682397788,0.9015566101354017,0.9905176960915923,4.0,3.0,False,main,False
9390,7,7,12.720235931760222,1.2797640682397788,0.9085882808400159,0.9912520609186809,2.0,2.0,False,main,False
9390,8,8,13.720235931760222,1.2797640682397788,0.9146823954506814,0.9918808400255219,1.0,1.0,False,main,False
9390,9,9,14.720235931760222,1.2797640682397788,0.9200147457350139,0.9924252801798662,-1.0,-1.0,True,main,False
5965,2,2,7.500011976611912,1.4999880233880882,0.8333346640679902,0.9775358226119858,13.0,7.0,False,main,True
5965,3,3,8.500011976611912,1.4999880233880882,0.8500011976611912,0.9800813429855025,11.0,6.0,False,main,False
5965,4,4,9.500011976611912,1.4999880233880882,0.8636374524192647,0.9821083986468777,8.0,5.0,False,main,False
5965,5,5,10.500011976611912,1.4999880233880882,0.8750009980509926,0.9837608155407734,6.0,4.0,False,main,False
5965,6,6,11.500011976611912,1.4999880233880882,0.884616305893224,0.9851337055213194,4.0,3.0,False,main,False
5965,7,7,12.500011976611912,1.4999880233880882,0.8928579983294223,0.9862924870585136,2.0,2.0,False,main,False
5965,8,8,13.500011976611912,1.4999880233880882,0.9000007984407942,0.9872836370251572,1.0,1.0,False,main,False
5965,9,9,14.500011976611912,1.4999880233880882,0.9062507485382445,0.9881410850925715,-1.0,-1.0,True,main,False
11,2,2,7.771326478870534,1.2286735211294666,0.8634807198745037,0.987384457561144,12.0,7.0,False,main,False
11,3,3,8.771326478870535,1.2286735211294666,0.8771326478870533,0.98879707909042,9.0,6.0,False,main,False
11,4,4,9.771326478870535,1.2286735211294666,0.8883024071700485,0.9899251394120607,7.0,5.0,False,main,False
11,5,5,10.771326478870535,1.2286735211294666,0.8976105399058777,0.9908467685482859,5.0,4.0,False,main,False
11,6,6,11.771326478870535,1.2286735211294666,0.9054866522208103,0.9916138886008719,4.0,3.0,False,main,False
11,7,7,12.771326478870535,1.2286735211294666,0.9122376056336094,0.9922623537969556,2.0,2.0,False,main,False
11,8,8,13.771326478870535,1.2286735211294666,0.9180884319247022,0.9928177202769362,1.0,1.0,False,main,False
11,9,9,14.771326478870535,1.2286735211294666,0.9232079049294084,0.9932986960131177,-1.0,-1.0,True,main,False
1090,2,2,7.287341021349049,1.7126589786509507,0.8097045579276722,0.9681921541247058,15.0,7.0,False,main,True
1090,3,3,8.28734102134905,1.7126589786509507,0.8287341021349051,0.9718287982030622,12.0,6.0,False,main,False
1090,4,4,9.28734102134905,1.7126589786509507,0.84430372921355,0.9747185214823707,9.0,5.0,False,main,False
1090,5,5,10.28734102134905,1.7126589786509507,0.8572784184457541,0.9770701617246424,7.0,4.0,False,main,False
1090,6,6,11.28734102134905,1.7126589786509507,0.8682570016422346,0.9790212950906624,5.0,3.0,False,main,False
1090,7,7,12.28734102134905,1.7126589786509507,0.8776672158106464,0.9806662576592824,3.0,2.0,False,main,False
1090,8,8,13.28734102134905,1.7126589786509507,0.8858227347566033,0.9820719029813514,1.0,1.0,False,main,False
1090,9,9,14.28734102134905,1.7126589786509507,0.8929588138343156,0.9832869343385068,-1.0,-1.0,True,main,False
7316,2,2,7.453433810215151,1.546566189784849,0.8281593122461279,0.9756038867889073,14.0,7.0,False,main,True
7316,3,3,8.453433810215152,1.546566189784849,0.8453433810215151,0.9783738095100347,11.0,6.0,False,main,False
7316,4,4,9.453433810215152,1.546566189784849,0.8594030736559228,0.9805785175632041,8.0,5.0,False,main,False
7316,5,5,10.453433810215152,1.546566189784849,0.871119484184596,0.9823750780014666,6.0,4.0,False,main,False
7316,6,6,11.453433810215152,1.546566189784849,0.88103337001655,0.9838672718779893,4.0,3.0,False,main,False
7316,7,7,12.453433810215152,1.546566189784849,0.8895309864439394,0.9851264323444933,2.0,2.0,False,main,False
7316,8,8,13.453433810215152,1.546566189784849,0.8968955873476767,0.9862032104022636,1.0,1.0,False,main,False
7316,9,9,14.453433810215152,1.546566189784849,0.903339613138447,0.987134565915188,-1.0,-1.0,True,main,False
10244,0,5,5.21213992727456,6.78786007272544,0.4343449939395467,0.6674379528565448,471.0,56.0,False,main,True
512,2,2,7.284846903327798,1.7151530966722013,0.8094274337030887,0.968074885452364,15.0,7.0,False,main,True
512,3,3,8.284846903327798,1.7151530966722013,0.8284846903327798,0.9717253135580844,12.0,6.0,False,main,False
512,4,4,9.284846903327798,1.7151530966722013,0.844076991211618,0.9746259171311901,9.0,5.0,False,main,False
512,5,5,10.284846903327798,1.7151530966722013,0.8570705752773166,0.9769863649995764,7.0,4.0,False,main,False
512,6,6,11.284846903327798,1.7151530966722013,0.8680651464098307,0.9789447745975248,5.0,3.0,False,main,False
512,7,7,12.284846903327798,1.7151530966722013,0.8774890645234141,0.980595849760225,3.0,2.0,False,main,False
512,8,8,13.284846903327798,1.7151530966722013,0.8856564602218532,0.9820067026932922,1.0,1.0,False,main,False
512,9,9,14.284846903327798,1.7151530966722013,0.8928029314579874,0.9832262239191076,-1.0,-1.0,True,main,False
5145,2,2,7.7448933304839995,1.2551066695160005,0.8605437033871111,0.9865366893252109,12.0,7.0,False,main,False
5145,3,3,8.744893330484,1.2551066695160005,0.8744893330484,0.9880460317570277,9.0,6.0,False,main,False
5145,4,4,9.744893330484,1.2551066695160005,0.8858993936803636,0.989250995326721,7.0,5.0,False,main,False
5145,5,5,10.744893330484,1.2551066695160005,0.8954077775403334,0.9902352366901667,5.0,4.0,False,main,False
5145,6,6,11.744893330484,1.2551066695160005,0.9034533331141539,0.9910543238751774,4.0,3.0,False,main,False
5145,7,7,12.744893330484,1.2551066695160005,0.9103495236060001,0.9917466137715648,2.0,2.0,False,main,False
5145,8,8,13.744893330484,1.2551066695160005,0.9163262220322667,0.992339437544785,1.0,1.0,False,main,False
5145,9,9,14.744893330484,1.2551066695160005,0.92155583315525,0.9928527971244632,-1.0,-1.0,True,main,False
5705,2,2,7.790503683099863,1.209496316900137,0.8656115203444292,0.9879835219901288,11.0,7.0,False,main,False
5705,3,3,8.790503683099864,1.209496316900137,0.8790503683099864,0.9893278981656436,9.0,6.0,False,main,False
5705,4,4,9.790503683099864,1.209496316900137,0.890045789372715,0.9904016771900105,7.0,5.0,False,main,False
5705,5,5,10.790503683099864,1.209496316900137,0.899208640258322,0.9912790998063125,5.0,4.0,False,main,False
5705,6,6,11.790503683099864,1.209496316900137,0.9069618217769126,0.9920095207879605,4.0,3.0,False,main,False
5705,7,7,12.790503683099864,1.209496316900137,0.9136074059357046,0.9926270312102609,2.0,2.0,False,main,False
5705,8,8,13.790503683099864,1.209496316900137,0.9193669122066576,0.9931559361826561,1.0,1.0,False,main,False
5705,9,9,14.790503683099864,1.209496316900137,0.9244064801937415,0.9936140313910204,-1.0,-1.0,True,main,False
7979,0,5,5.764534473714528,6.235465526285472,0.480377872809544,0.7108741427464633,248.0,45.0,False,main,True
4480,2,2,7.391253668483765,1.608746331516235,0.8212504076093072,0.9729227667521226,14.0,7.0,False,main,True
4480,3,3,8.391253668483765,1.608746331516235,0.8391253668483765,0.9760051776514604,11.0,6.0,False,main,False
4480,4,4,9.391253668483765,1.608746331516235,0.8537503334985241,0.9784570652053182,9.0,5.0,False,main,False
4480,5,5,10.391253668483765,1.608746331516235,0.8659378057069804,0.9804540493470598,6.0,4.0,False,main,False
4480,6,6,11.391253668483765,1.608746331516235,0.8762502821910588,0.9821120399991177,4.0,3.0,False,main,False
4480,7,7,12.391253668483765,1.608746331516235,0.8850895477488404,0.983510635595856,3.0,2.0,False,main,False
4480,8,8,13.391253668483765,1.608746331516235,0.8927502445655844,0.9847063144959697,1.0,1.0,False,main,False
4480,9,9,14.391253668483765,1.608746331516235,0.8994533542802353,0.9857402635045553,-1.0,-1.0,True,main,False
5086,2,2,7.344166045407824,1.6558339545921759,0.8160184494897582,0.9708170731477422,14.0,7.0,False,main,True
5086,3,3,8.344166045407825,1.6558339545921759,0.8344166045407825,0.9741457421785157,11.0,6.0,False,main,False
5086,4,4,9.344166045407825,1.6558339545921759,0.8494696404916204,0.9767922569670996,9.0,5.0,False,main,False
5086,5,5,10.344166045407825,1.6558339545921759,0.8620138371173187,0.9789469486351832,6.0,4.0,False,main,False
5086,6,6,11.344166045407825,1.6558339545921759,0.8726281573390634,0.9807353301146021,4.0,3.0,False,main,False
5086,7,7,12.344166045407825,1.6558339545921759,0.8817261461005589,0.9822435360753796,3.0,2.0,False,main,False
5086,8,8,13.344166045407825,1.6558339545921759,0.889611069693855,0.9835326487150792,1.0,1.0,False,main,False
5086,9,9,14.344166045407825,1.6558339545921759,0.896510377837989,0.9846471915941104,-1.0,-1.0,True,main,False
1576,2,2,7.390780892270131,1.6092191077298685,0.8211978769189034,0.9729019436933367,14.0,7.0,False,main,True
1576,3,3,8.390780892270131,1.6092191077298685,0.8390780892270131,0.9759867862687346,11.0,6.0,False,main,False
1576,4,4,9.390780892270131,1.6092191077298685,0.8537073538427392,0.9784405963659231,9.0,5.0,False,main,False
1576,5,5,10.390780892270131,1.6092191077298685,0.8658984076891776,0.980439138799038,6.0,4.0,False,main,False
1576,6,6,11.390780892270131,1.6092191077298685,0.8762139147900101,0.982098418125216,4.0,3.0,False,main,False
1576,7,7,12.390780892270131,1.6092191077298685,0.885055778019295,0.9834980972244628,3.0,2.0,False,main,False
1576,8,8,13.390780892270131,1.6092191077298685,0.8927187261513421,0.9846946998671391,1.0,1.0,False,main,False
1576,9,9,14.390780892270131,1.6092191077298685,0.8994238057668832,0.9857294457830837,-1.0,-1.0,True,main,False
1681,2,2,7.340716246138304,1.6592837538616965,0.8156351384598115,0.9706603043746506,15.0,7.0,False,main,True
1681,3,3,8.340716246138303,1.6592837538616965,0.8340716246138303,0.9740073360287835,11.0,6.0,False,main,False
1681,4,4,9.340716246138303,1.6592837538616965,0.8491560223762094,0.9766683578570686,9.0,5.0,False,main,False
1681,5,5,10.340716246138303,1.6592837538616965,0.8617263538448586,0.9788348010665648,6.0,4.0,False,main,False
1681,6,6,11.340716246138303,1.6592837538616965,0.8723627881644849,0.9806328961941148,4.0,3.0,False,main,False
1681,7,7,12.340716246138303,1.6592837538616965,0.8814797318670217,0.9821492660749515,3.0,2.0,False,main,False
1681,8,8,13.340716246138303,1.6592837538616965,0.8893810830758869,0.9834453365948265,1.0,1.0,False,main,False
1681,9,9,14.340716246138303,1.6592837538616965,0.8962947653836439,0.9845658803186792,-1.0,-1.0,True,main,False
6567,2,2,7.497665995754179,1.5023340042458213,0.8330739995282421,0.9774401165538886,13.0,7.0,False,main,True
6567,3,3,8.49766599575418,1.5023340042458213,0.8497665995754179,0.979996738040982,11.0,6.0,False,main,False
6567,4,4,9.49766599575418,1.5023340042458213,0.8634241814321981,0.982032585124123,8.0,5.0,False,main,False
6567,5,5,10.49766599575418,1.5023340042458213,0.8748054996461816,0.9836921371291057,6.0,4.0,False,main,False
6567,6,6,11.49766599575418,1.5023340042458213,0.8844358458272445,0.9850709339500116,4.0,3.0,False,main,False
6567,7,7,12.49766599575418,1.5023340042458213,0.8926904282681557,0.9862346862343627,2.0,2.0,False,main,False
6567,8,8,13.49766599575418,1.5023340042458213,0.8998443997169453,0.9872300771329706,1.0,1.0,False,main,False
6567,9,9,14.49766599575418,1.5023340042458213,0.9061041247346362,0.9880911861131926,-1.0,-1.0,True,main,False
5015,2,2,7.359752311861466,1.6402476881385344,0.8177502568734962,0.9715211311321663,14.0,7.0,False,main,True
5015,3,3,8.359752311861467,1.6402476881385344,0.8359752311861465,0.9747673812635534,11.0,6.0,False,main,False
5015,4,4,9.359752311861467,1.6402476881385344,0.8508865738055877,0.9773487729927546,9.0,5.0,False,main,False
5015,5,5,10.359752311861467,1.6402476881385344,0.8633126926551221,0.9794507051170618,6.0,4.0,False,main,False
5015,6,6,11.359752311861467,1.6402476881385344,0.8738271009124204,0.9811954722831121,4.0,3.0,False,main,False
5015,7,7,12.359752311861467,1.6402476881385344,0.8828394508472475,0.9826670194017271,3.0,2.0,False,main,False
5015,8,8,13.359752311861467,1.6402476881385344,0.8906501541240976,0.9839248867293582,1.0,1.0,False,main,False
5015,9,9,14.359752311861467,1.6402476881385344,0.8974845194913417,0.9850124805218925,-1.0,-1.0,True,main,False
2111,2,2,7.394908078046654,1.6050919219533464,0.8216564531162949,0.9730835020425773,14.0,7.0,False,main,True
2111,3,3,8.394908078046655,1.6050919219533464,0.8394908078046655,0.9761471450050635,11.0,6.0,False,main,False
2111,4,4,9.394908078046655,1.6050919219533464,0.8540825525496959,0.9785841936901823,9.0,5.0,False,main,False
2111,5,5,10.394908078046655,1.6050919219533464,0.8662423398372212,0.9805691500869301,6.0,4.0,False,main,False
2111,6,6,11.394908078046655,1.6050919219533464,0.8765313906189734,0.9822171938460746,4.0,3.0,False,main,False
2111,7,7,12.394908078046655,1.6050919219533464,0.8853505770033324,0.9836074260691349,2.0,2.0,False,main,False
2111,8,8,13.394908078046655,1.6050919219533464,0.892993871869777,0.9847959746559986,1.0,1.0,False,main,False
2111,9,9,14.394908078046655,1.6050919219533464,0.8996817548779159,0.9858237723114605,-1.0,-1.0,True,main,False
6050,2,2,7.277801413276786,1.7221985867232132,0.8086446014751985,0.9677426964924575,15.0,7.0,False,main,True
6050,3,3,8.277801413276787,1.7221985867232132,0.8277801413276787,0.9714321823928507,12.0,6.0,False,main,False
6050,4,4,9.277801413276787,1.7221985867232132,0.8434364921160715,0.9743636135867888,9.0,5.0,False,main,False
6050,5,5,10.277801413276787,1.7221985867232132,0.8564834511063989,0.9767490150442177,7.0,4.0,False,main,False
6050,6,6,11.277801413276787,1.7221985867232132,0.867523185636676,0.9787280385519119,5.0,3.0,False,main,False
6050,7,7,12.277801413276787,1.7221985867232132,0.8769858152340563,0.9803964303173468,3.0,2.0,False,main,False
6050,8,8,13.277801413276787,1.7221985867232132,0.8851867608851192,0.9818220356171665,1.0,1.0,False,main,False
6050,9,9,14.277801413276787,1.7221985867232132,0.8923625883297992,0.9830542756078735,-1.0,-1.0,True,main,False
10477,0,6,5.787910842220232,7.212089157779767,0.4452239109400179,0.6692071457376068,403.0,58.0,False,main,True
2163,2,2,7.446935287868478,1.5530647121315218,0.8274372542076087,0.9753290839174571,14.0,7.0,False,main,True
2163,3,3,8.446935287868477,1.5530647121315218,0.8446935287868478,0.97813097907151,11.0,6.0,False,main,False
2163,4,4,9.446935287868477,1.5530647121315218,0.8588122988971343,0.9803609884155261,8.0,5.0,False,main,False
2163,5,5,10.446935287868477,1.5530647121315218,0.8705779406557065,0.9821780712220928,6.0,4.0,False,main,False
2163,6,6,11.446935287868477,1.5530647121315218,0.8805334836821905,0.983687246525929,4.0,3.0,False,main,False
2163,7,7,12.446935287868477,1.5530647121315218,0.8890668062763198,0.9849606916246234,2.0,2.0,False,main,False
2163,8,8,13.446935287868477,1.5530647121315218,0.8964623525245652,0.9860496529737345,1.0,1.0,False,main,False
2163,9,9,14.446935287868477,1.5530647121315218,0.9029334554917798,0.9869915225362825,-1.0,-1.0,True,main,False
5691,2,2,7.724143470279609,1.2758565297203912,0.858238163364401,0.985853530844894,12.0,7.0,False,main,True
5691,3,3,8.724143470279609,1.2758565297203912,0.8724143470279608,0.9874409329788091,9.0,6.0,False,main,False
5691,4,4,9.724143470279609,1.2758565297203912,0.8840130427526917,0.9887079396735721,7.0,5.0,False,main,False
5691,5,5,10.724143470279609,1.2758565297203912,0.8936786225233008,0.9897426800358322,6.0,4.0,False,main,False
5691,6,6,11.724143470279609,1.2758565297203912,0.9018571900215083,0.9906036707150588,4.0,3.0,False,main,False
5691,7,7,12.724143470279609,1.2758565297203912,0.9088673907342578,0.9913312915872595,2.0,2.0,False,main,False
5691,8,8,13.724143470279609,1.2758565297203912,0.9149428980186406,0.9919543080301996,1.0,1.0,False,main,False
5691,9,9,14.724143470279609,1.2758565297203912,0.9202589668924755,0.9924937671188606,-1.0,-1.0,True,main,False
3748,2,2,7.380364797352172,1.619635202647828,0.8200405330391303,0.9724415227159238,14.0,7.0,False,main,True
3748,3,3,8.380364797352172,1.619635202647828,0.8380364797352172,0.9755801506351347,11.0,6.0,False,main,False
3748,4,4,9.380364797352172,1.619635202647828,0.8527604361229247,0.9780764811754732,9.0,5.0,False,main,False
3748,5,5,10.380364797352172,1.619635202647828,0.8650303997793477,0.980109485692677,6.0,4.0,False,main,False
3748,6,6,11.380364797352172,1.619635202647828,0.8754126767193978,0.981797262912017,4.0,3.0,False,main,False
3748,7,7,12.380364797352172,1.619635202647828,0.8843117712394408,0.983220901659013,3.0,2.0,False,main,False
3748,8,8,13.380364797352172,1.619635202647828,0.8920243198234782,0.9844379303999685,1.0,1.0,False,main,False
3748,9,9,14.380364797352172,1.619635202647828,0.8987727998345107,0.9854902972389407,-1.0,-1.0,True,main,False
2740,2,2,7.3910267894120345,1.608973210587966,0.8212251988235594,0.9729127748550997,14.0,7.0,False,main,True
2740,3,3,8.391026789412035,1.608973210587966,0.8391026789412035,0.9759963525796692,11.0,6.0,False,main,False
2740,4,4,9.391026789412035,1.608973210587966,0.8537297081283668,0.9784491626562125,9.0,5.0,False,main,False
2740,5,5,10.391026789412035,1.608973210587966,0.8659188991176695,0.9804468945372993,6.0,4.0,False,main,False
2740,6,6,11.391026789412035,1.608973210587966,0.8762328299547719,0.9821055035547807,4.0,3.0,False,main,False
2740,7,7,12.391026789412035,1.608973210587966,0.8850733421008596,0.9835046190666343,3.0,2.0,False,main,False
2740,8,8,13.391026789412035,1.608973210587966,0.8927351192941356,0.9847007412219482,1.0,1.0,False,main,False
2740,9,9,14.391026789412035,1.608973210587966,0.8994391743382522,0.9857350726244992,-1.0,-1.0,True,main,False
1117,2,2,7.28537693396277,1.71462306603723,0.8094863259958633,0.9680998208050482,15.0,7.0,False,main,True
1117,3,3,8.28537693396277,1.71462306603723,0.8285376933962769,0.9717473177742,12.0,6.0,False,main,False
1117,4,4,9.28537693396277,1.71462306603723,0.8441251758147973,0.9746456077172071,9.0,5.0,False,main,False
1117,5,5,10.28537693396277,1.71462306603723,0.8571147444968975,0.9770041827184032,7.0,4.0,False,main,False
1117,6,6,11.28537693396277,1.71462306603723,0.8681059179971361,0.978961045102068,5.0,3.0,False,main,False
1117,7,7,12.28537693396277,1.71462306603723,0.8775269238544835,0.9806108204961318,3.0,2.0,False,main,False
1117,8,8,13.28537693396277,1.71462306603723,0.885691795597518,0.9820205661015161,1.0,1.0,False,main,False
1117,9,9,14.28537693396277,1.71462306603723,0.8928360583726731,0.9832391326231652,-1.0,-1.0,True,main,False
8386,0,5,5.73270640219271,6.26729359780729,0.4777255335160591,0.7084286896970955,256.0,46.0,False,main,True
2816,2,2,7.332331823119294,1.6676681768807058,0.8147035359021438,0.9702778859283707,15.0,7.0,False,main,True
2816,3,3,8.332331823119294,1.6676681768807058,0.8332331823119293,0.9736697274685534,11.0,6.0,False,main,False
2816,4,4,9.332331823119294,1.6676681768807058,0.848393802101754,0.9763661472446797,9.0,5.0,False,main,False
2816,5,5,10.332331823119294,1.6676681768807058,0.8610276519266078,0.9785612627750411,7.0,4.0,False,main,False
2816,6,6,11.332331823119294,1.6676681768807058,0.871717832547638,0.9803830566380253,4.0,3.0,False,main,False
2816,7,7,12.332331823119294,1.6676681768807058,0.880880844508521,0.9819193433755061,3.0,2.0,False,main,False
2816,8,8,13.332331823119294,1.6676681768807058,0.8888221215412863,0.983232387794566,1.0,1.0,False,main,False
2816,9,9,14.332331823119294,1.6676681768807058,0.8957707389449558,0.9843675702112941,-1.0,-1.0,True,main,False
1744,2,2,7.243488206920047,1.7565117930799536,0.8048320229911163,0.9661055140749353,15.0,8.0,False,main,True
1744,3,3,8.243488206920047,1.7565117930799536,0.8243488206920047,0.9699877423046874,12.0,6.0,False,main,False
1744,4,4,9.243488206920047,1.7565117930799536,0.8403171097200043,0.9730712525203682,9.0,5.0,False,main,False
1744,5,5,10.243488206920047,1.7565117930799536,0.8536240172433373,0.9755797240923678,7.0,4.0,False,main,False
1744,6,6,11.243488206920047,1.7565117930799536,0.864883708224619,0.9776603939292029,5.0,3.0,False,main,False
1744,7,7,12.243488206920047,1.7565117930799536,0.8745348719228605,0.97941415888041,3.0,2.0,False,main,False
1744,8,8,13.243488206920047,1.7565117930799536,0.8828992137946697,0.980912485177195,1.0,1.0,False,main,False
1744,9,9,14.243488206920047,1.7565117930799536,0.8902180129325029,0.9822074142001733,-1.0,-1.0,True,main,False
1611,2,2,7.6103167600276675,1.3896832399723327,0.8455907511141852,0.9818382534473016,13.0,7.0,False,main,True
1611,3,3,8.610316760027668,1.3896832399723327,0.8610316760027666,0.9838864725771475,10.0,6.0,False,main,False
1611,4,4,9.610316760027668,1.3896832399723327,0.8736651600025152,0.9855193591499561,8.0,5.0,False,main,False
1611,5,5,10.610316760027668,1.3896832399723327,0.8841930633356389,0.9868516529030996,6.0,4.0,False,main,False
1611,6,6,11.610316760027668,1.3896832399723327,0.8931012892328974,0.9879593823118664,4.0,3.0,False,main,False
1611,7,7,12.610316760027668,1.3896832399723327,0.9007369114305477,0.9888949240170376,2.0,2.0,False,main,False
1611,8,8,13.610316760027668,1.3896832399723327,0.9073544506685112,0.9896955382843415,1.0,1.0,False,main,False
1611,9,9,14.610316760027668,1.3896832399723327,0.9131447975017293,0.9903884563376316,-1.0,-1.0,True,main,False
11223,0,4,5.290575566588118,5.709424433411883,0.4809614151443744,0.7209080035685911,242.0,41.0,False,main,True
5410,2,2,7.561899486218213,1.4381005137817873,0.8402110540242459,0.9799979885326399,13.0,7.0,False,main,True
5410,3,3,8.561899486218213,1.4381005137817873,0.8561899486218213,0.9822584911401486,10.0,6.0,False,main,False
5410,4,4,9.561899486218213,1.4381005137817873,0.8692635896562012,0.9840597190218887,8.0,5.0,False,main,False
5410,5,5,10.561899486218213,1.4381005137817873,0.8801582905181844,0.9855287832725306,6.0,4.0,False,main,False
5410,6,6,11.561899486218213,1.4381005137817873,0.8893768835552471,0.9867498361469855,4.0,3.0,False,main,False
5410,7,7,12.561899486218213,1.4381005137817873,0.8972785347298723,0.9877808099961197,2.0,2.0,False,main,False
5410,8,8,13.561899486218213,1.4381005137817873,0.9041266324145475,0.9886628934908785,1.0,1.0,False,main,False
5410,9,9,14.561899486218213,1.4381005137817873,0.9101187178886383,0.9894261742810172,-1.0,-1.0,True,main,False
5392,0,2,5.50048453744499,3.4995154625550096,0.6111649486049989,0.8499327022328085,69.0,21.0,False,main,True
11056,0,5,5.719505269609577,6.280494730390423,0.4766254391341314,0.7074123634346434,260.0,46.0,False,main,True
5442,2,2,7.287049124390366,1.7129508756096343,0.8096721249322629,0.9681784385335335,15.0,7.0,False,main,True
5442,3,3,8.287049124390366,1.7129508756096343,0.8287049124390367,0.9718166946637444,12.0,6.0,False,main,False
5442,4,4,9.287049124390366,1.7129508756096343,0.8442771931263969,0.9747076904229659,9.0,5.0,False,main,False
5442,5,5,10.287049124390366,1.7129508756096343,0.8572540936991971,0.9770603607548505,7.0,4.0,False,main,False
5442,6,6,11.287049124390366,1.7129508756096343,0.8682345480300282,0.9790123451165579,5.0,3.0,False,main,False
5442,7,7,12.287049124390366,1.7129508756096343,0.8776463660278833,0.980658022593309,3.0,2.0,False,main,False
5442,8,8,13.287049124390366,1.7129508756096343,0.8858032749593577,0.9820642769843017,1.0,1.0,False,main,False
5442,9,9,14.287049124390366,1.7129508756096343,0.8929405702743979,0.9832798334683754,-1.0,-1.0,True,main,False
9922,0,6,5.27344470433004,7.72655529566996,0.4056495926407723,0.6304003265144513,805.0,73.0,False,main,True
11052,0,4,5.169911994547518,5.830088005452483,0.4699919995043198,0.7108450424304186,277.0,43.0,False,main,True
9606,0,5,5.819043356199344,6.180956643800656,0.4849202796832787,0.7150460924768287,235.0,45.0,False,main,True
6240,2,2,7.247216743525886,1.752783256474114,0.8052463048362095,0.9662849571101261,15.0,8.0,False,main,True
6240,3,3,8.247216743525886,1.752783256474114,0.8247216743525886,0.9701460399372112,12.0,6.0,False,main,False
6240,4,4,9.247216743525886,1.752783256474114,0.8406560675932624,0.9732128698016858,9.0,5.0,False,main,False
6240,5,5,10.247216743525886,1.752783256474114,0.8539347286271571,0.975707845287062,7.0,4.0,False,main,False
6240,6,6,11.247216743525886,1.752783256474114,0.8651705187327605,0.9777773700716818,5.0,3.0,False,main,False
6240,7,7,12.247216743525886,1.752783256474114,0.8748011959661347,0.9795217753943194,3.0,2.0,False,main,False
6240,8,8,13.247216743525886,1.752783256474114,0.8831477829017257,0.9810121299645804,1.0,1.0,False,main,False
6240,9,9,14.247216743525886,1.752783256474114,0.8904510464703679,0.9823001875703823,-1.0,-1.0,True,main,False
8798,2,2,7.449594739144723,1.5504052608552774,0.827732748793858,0.9754416982931782,14.0,7.0,False,main,True
8798,3,3,8.449594739144722,1.5504052608552774,0.8449594739144721,0.9782304895509976,11.0,6.0,False,main,True
8798,4,4,9.449594739144722,1.5504052608552774,0.8590540671949747,0.9804501294717666,8.0,5.0,False,main,False
8798,5,5,10.449594739144722,1.5504052608552774,0.8707995615953935,0.9822588016337553,6.0,4.0,False,main,False
8798,6,6,11.449594739144722,1.5504052608552774,0.8807380568572862,0.9837610176014736,4.0,3.0,False,main,False
8798,7,7,12.449594739144722,1.5504052608552774,0.8892567670817658,0.985028608656845,2.0,2.0,False,main,False
8798,8,8,13.449594739144722,1.5504052608552774,0.8966396492763148,0.9861125771868421,1.0,1.0,False,main,False
8798,9,9,14.449594739144722,1.5504052608552774,0.9030996711965451,0.9870501380479637,-1.0,-1.0,True,main,False
3544,2,2,7.42514428868594,1.5748557113140607,0.8250160320762155,0.9743983410993893,14.0,7.0,False,main,True
3544,3,3,8.425144288685939,1.5748557113140607,0.8425144288685938,0.9773086213611228,11.0,6.0,False,main,False
3544,4,4,9.425144288685939,1.5748557113140607,0.8568312989714489,0.9796243821974453,8.0,5.0,False,main,False
3544,5,5,10.425144288685939,1.5748557113140607,0.8687620240571615,0.9815110077271116,6.0,4.0,False,main,False
3544,6,6,11.425144288685939,1.5748557113140607,0.8788572529758414,0.983077718803631,4.0,3.0,False,main,False
3544,7,7,12.425144288685939,1.5748557113140607,0.88751030633471,0.9843995569462005,2.0,2.0,False,main,False
3544,8,8,13.425144288685939,1.5748557113140607,0.8950096192457292,0.9855297885022701,1.0,1.0,False,main,False
3544,9,9,14.425144288685939,1.5748557113140607,0.9015715180428712,0.9865072708884997,-1.0,-1.0,True,main,False
3085,2,2,7.5062469907335885,1.4937530092664115,0.8340274434148431,0.9777893517245791,13.0,7.0,False,main,True
3085,3,3,8.506246990733588,1.4937530092664115,0.8506246990733588,0.9803054727504068,10.0,6.0,False,main,False
3085,4,4,9.506246990733588,1.4937530092664115,0.8642042718848717,0.9823092443395348,8.0,5.0,False,main,False
3085,5,5,10.506246990733588,1.4937530092664115,0.8755205825611324,0.9839427629133275,6.0,4.0,False,main,False
3085,6,6,11.506246990733588,1.4937530092664115,0.8850959223641222,0.9853000071569051,4.0,3.0,False,main,False
3085,7,7,12.506246990733588,1.4937530092664115,0.8933033564809706,0.9864456219738745,2.0,2.0,False,main,False
3085,8,8,13.506246990733588,1.4937530092664115,0.9004164660489059,0.987425538055813,1.0,1.0,False,main,False
3085,9,9,14.506246990733588,1.4937530092664115,0.9066404369208493,0.9882732884201811,-1.0,-1.0,True,main,False
9633,0,5,5.275279152419929,6.724720847580071,0.43960659603499413,0.6725103431251747,433.0,55.0,False,main,True
3362,2,2,7.823964273231305,1.1760357267686947,0.8693293636923672,0.9889960788636535,11.0,7.0,False,main,True
3362,3,3,8.823964273231304,1.1760357267686947,0.8823964273231304,0.9902253016255192,9.0,6.0,False,main,False
3362,4,4,9.823964273231304,1.1760357267686947,0.8930876612028459,0.9912074523553116,7.0,5.0,False,main,False
3362,5,5,10.823964273231304,1.1760357267686947,0.9019970227692754,0.9920102291204353,5.0,4.0,False,main,False
3362,6,6,11.823964273231304,1.1760357267686947,0.909535713325485,0.9926786648217265,4.0,3.0,False,main,False
3362,7,7,12.823964273231304,1.1760357267686947,0.9159974480879504,0.9932438807436066,2.0,2.0,False,main,False
3362,8,8,13.823964273231304,1.1760357267686947,0.9215976182154203,0.9937280738201766,1.0,1.0,False,main,False
3362,9,9,14.823964273231304,1.1760357267686947,0.9264977670769565,0.9941475017959601,-1.0,-1.0,True,main,False
5452,2,2,7.528602292849785,1.4713977071502158,0.8365113658721983,0.9786883542583358,13.0,7.0,False,main,True
5452,3,3,8.528602292849785,1.4713977071502158,0.8528602292849785,0.9811003202253303,10.0,6.0,False,main,False
5452,4,4,9.528602292849785,1.4713977071502158,0.8662365720772531,0.9830215836426921,8.0,5.0,False,main,False
5452,5,5,10.528602292849785,1.4713977071502158,0.8773835244041487,0.9845881235435624,6.0,4.0,False,main,False
5452,6,6,11.528602292849785,1.4713977071502158,0.8868155609884449,0.9858899090017109,4.0,3.0,False,main,False
5452,7,7,12.528602292849785,1.4713977071502158,0.8949001637749846,0.9869888468826581,2.0,2.0,False,main,False
5452,8,8,13.528602292849785,1.4713977071502158,0.901906819523319,0.9879289341805133,1.0,1.0,False,main,False
5452,9,9,14.528602292849785,1.4713977071502158,0.9080376433031115,0.9887422993051308,-1.0,-1.0,True,main,False
6392,2,2,7.26961200513488,1.7303879948651204,0.8077346672372089,0.967354864081297,15.0,7.0,False,main,True
6392,3,3,8.26961200513488,1.7303879948651204,0.826961200513488,0.9710899716905512,12.0,6.0,False,main,False
6392,4,4,9.26961200513488,1.7303879948651204,0.8426920004668073,0.9740574070215804,9.0,5.0,False,main,False
6392,5,5,10.26961200513488,1.7303879948651204,0.8558010004279066,0.9764719495238237,7.0,4.0,False,main,False
6392,6,6,11.26961200513488,1.7303879948651204,0.8668932311642215,0.9784750443591747,5.0,3.0,False,main,False
6392,7,7,12.26961200513488,1.7303879948651204,0.8764008575096343,0.980163655871373,3.0,2.0,False,main,False
6392,8,8,13.26961200513488,1.7303879948651204,0.8846408003423253,0.9816064859010178,1.0,1.0,False,main,False
6392,9,9,14.26961200513488,1.7303879948651204,0.89185075032093,0.9828535755590906,-1.0,-1.0,True,main,False
3,2,2,7.276170421448185,1.7238295785518152,0.8084633801609095,0.9676656025569261,15.0,7.0,False,main,True
3,3,3,8.276170421448185,1.7238295785518152,0.8276170421448186,0.9713641553689601,12.0,6.0,False,main,False
3,4,4,9.276170421448185,1.7238295785518152,0.8432882201316532,0.9743027424323158,9.0,5.0,False,main,False
3,5,5,10.276170421448185,1.7238295785518152,0.8563475351206821,0.9766939359421613,7.0,4.0,False,main,False
3,6,6,11.276170421448185,1.7238295785518152,0.8673977247267834,0.9786777440029726,5.0,3.0,False,main,False
3,7,7,12.276170421448185,1.7238295785518152,0.8768693158177275,0.9803501548658168,3.0,2.0,False,main,False
3,8,8,13.276170421448185,1.7238295785518152,0.8850780280965457,0.9817791840165498,1.0,1.0,False,main,False
3,9,9,14.276170421448185,1.7238295785518152,0.8922606513405116,0.9830143758098367,-1.0,-1.0,True,main,False
4159,2,2,7.342631066337664,1.6573689336623356,0.8158478962597404,0.9707473610321684,15.0,7.0,False,main,True
4159,3,3,8.342631066337663,1.6573689336623356,0.8342631066337665,0.9740841950887311,11.0,6.0,False,main,False
4159,4,4,9.342631066337663,1.6573689336623356,0.8493300969397877,0.9767371605956198,9.0,5.0,False,main,False
4159,5,5,10.342631066337663,1.6573689336623356,0.8618859221948054,0.9788970777795941,6.0,4.0,False,main,False
4159,6,6,11.342631066337663,1.6573689336623356,0.8725100820259742,0.9806897786327538,4.0,3.0,False,main,False
4159,7,7,12.342631066337663,1.6573689336623356,0.8816165047384046,0.9822016148768307,3.0,2.0,False,main,False
4159,8,8,13.342631066337663,1.6573689336623356,0.8895087377558443,0.9834938215252435,1.0,1.0,False,main,False
4159,9,9,14.342631066337663,1.6573689336623356,0.8964144416461041,0.9846110328561439,-1.0,-1.0,True,main,False
10387,0,6,5.254580805011692,7.745419194988308,0.40419852346243784,0.6289479259988661,830.0,73.0,False,main,True
1774,2,2,7.266362677788438,1.7336373222115622,0.8073736308653819,0.9672004757545657,15.0,7.0,False,main,True
1774,3,3,8.266362677788438,1.7336373222115622,0.8266362677788438,0.9709537508829208,12.0,6.0,False,main,True
1774,4,4,9.266362677788438,1.7336373222115622,0.8423966070716762,0.9739355225402122,9.0,5.0,False,main,False
1774,5,5,10.266362677788438,1.7336373222115622,0.8555302231490365,0.9763616677767062,7.0,4.0,False,main,False
1774,6,6,11.266362677788438,1.7336373222115622,0.8666432829068029,0.9783743462619474,5.0,3.0,False,main,False
1774,7,7,12.266362677788438,1.7336373222115622,0.8761687626991741,0.9800710076022829,3.0,2.0,False,main,False
1774,8,8,13.266362677788438,1.7336373222115622,0.8844241785192292,0.9815206948282826,1.0,1.0,False,main,False
1774,9,9,14.266362677788438,1.7336373222115622,0.8916476673617774,0.9827736959727121,-1.0,-1.0,True,main,False
2818,2,2,7.388330333887708,1.6116696661122911,0.8209255926541899,0.9727939062485519,14.0,7.0,False,main,True
2818,3,3,8.388330333887708,1.6116696661122911,0.8388330333887708,0.9758913663761406,11.0,6.0,False,main,False
2818,4,4,9.388330333887708,1.6116696661122911,0.8534845758079735,0.9783551519972861,9.0,5.0,False,main,False
2818,5,5,10.388330333887708,1.6116696661122911,0.8656941944906423,0.9803617798121165,6.0,4.0,False,main,False
2818,6,6,11.388330333887708,1.6116696661122911,0.8760254102990545,0.9820277454826382,4.0,3.0,False,main,False
2818,7,7,12.388330333887708,1.6116696661122911,0.8848807381348364,0.9834330463175187,3.0,2.0,False,main,False
2818,8,8,13.388330333887708,1.6116696661122911,0.8925553555925139,0.9846344417363718,1.0,1.0,False,main,False
2818,9,9,14.388330333887708,1.6116696661122911,0.8992706458679818,0.9856733223177137,-1.0,-1.0,True,main,False
222,2,2,7.804260941458594,1.1957390585414065,0.8671401046065105,0.9884048969290848,11.0,7.0,False,main,True
222,3,3,8.804260941458594,1.1957390585414065,0.8804260941458594,0.9897013215836751,9.0,6.0,False,main,False
222,4,4,9.804260941458594,1.1957390585414065,0.8912964492235086,0.9907369510188264,7.0,5.0,False,main,False
222,5,5,10.804260941458594,1.1957390585414065,0.9003550784548828,0.991583298438861,5.0,4.0,False,main,False
222,6,6,11.804260941458594,1.1957390585414065,0.9080200724198918,0.9922879173650386,4.0,3.0,False,main,False
222,7,7,12.804260941458594,1.1957390585414065,0.9145900672470424,0.9928836613955621,2.0,2.0,False,main,False
222,8,8,13.804260941458594,1.1957390585414065,0.9202840627639063,0.9933939573401147,1.0,1.0,False,main,False
222,9,9,14.804260941458594,1.1957390585414065,0.9252663088411621,0.9938359602466439,-1.0,-1.0,True,main,False
2980,1,1,6.052082357228036,1.9479176427719638,0.7565102946535045,0.9498609518204094,22.0,9.0,False,main,True
2980,2,2,7.052082357228036,1.9479176427719638,0.7835647063586707,0.9564077458093155,17.0,8.0,False,main,True
2980,3,3,8.052082357228036,1.9479176427719638,0.8052082357228036,0.9614397621020395,13.0,7.0,False,main,True
2980,4,4,9.052082357228036,1.9479176427719638,0.8229165779298214,0.9654288631466956,10.0,5.0,False,main,False
2980,5,5,10.052082357228036,1.9479176427719638,0.837673529769003,0.9686691608268176,7.0,4.0,False,main,False
2980,6,6,11.052082357228036,1.9479176427719638,0.8501601813252335,0.9713535840769334,5.0,3.0,False,main,False
2980,7,7,12.052082357228036,1.9479176427719638,0.8608630255162882,0.9736139775511969,3.0,2.0,False,main,False
2980,8,8,13.052082357228036,1.9479176427719638,0.8701388238152024,0.9755435191613259,1.0,1.0,False,main,False
2980,9,9,14.052082357228036,1.9479176427719638,0.8782551473267523,0.9772099346475976,-1.0,-1.0,True,main,False
5934,0,1,4.890338113854897,3.1096618861451035,0.6112922642318621,0.8616169731948288,66.0,18.0,False,main,True
7701,0,1,4.923669825181521,3.0763301748184793,0.6154587281476901,0.8645690615153636,64.0,17.0,False,main,True
7701,0,2,4.923669825181521,4.076330174818479,0.547074425020169,0.8002442597631881,115.0,25.0,False,main,False
7701,0,3,4.923669825181521,5.076330174818479,0.4923669825181521,0.7418776437343066,207.0,35.0,False,main,True
7701,0,4,4.923669825181521,6.076330174818479,0.4476063477437746,0.6899205503926154,378.0,48.0,False,main,True
2604,0,1,5.101423533809025,2.898576466190975,0.6376779417261281,0.8799252230043577,55.0,16.0,False,main,True
1660,1,1,6.023900509626483,1.976099490373517,0.7529875637033103,0.948119309639561,23.0,9.0,False,main,True
12077,1,1,5.891188030525797,2.108811969474204,0.7363985038157246,0.93961785106646,25.0,10.0,False,main,True
9736,1,1,5.878116581373045,2.121883418626955,0.7347645726716306,0.9387544049018838,25.0,10.0,False,main,True
9736,2,2,6.878116581373045,2.121883418626955,0.7642351757081162,0.9468159357147212,19.0,8.0,False,main,False
9736,3,3,7.878116581373045,2.121883418626955,0.7878116581373045,0.9529979811853968,15.0,7.0,False,main,False
9736,4,4,8.878116581373046,2.121883418626955,0.8071015073975496,0.9578902530217576,11.0,5.0,False,main,False
9736,5,5,9.878116581373046,2.121883418626955,0.8231763817810872,0.9618587862665176,8.0,4.0,False,main,False
9736,6,6,10.878116581373046,2.121883418626955,0.8367781985671574,0.9651429246599514,5.0,3.0,False,main,False
9736,7,7,11.878116581373046,2.121883418626955,0.8484368986695033,0.967905820842184,3.0,2.0,False,main,False
9736,8,8,12.878116581373046,2.121883418626955,0.8585411054248697,0.9702625441747099,1.0,1.0,False,main,False
9736,9,9,13.878116581373046,2.121883418626955,0.8673822863358154,0.9722965913720056,-1.0,-1.0,True,main,False
695,1,1,5.9190813988118975,2.080918601188103,0.7398851748514872,0.9414449514199507,25.0,10.0,False,main,True
695,2,2,6.9190813988118975,2.080918601188103,0.7687868220902109,0.9491378191839434,19.0,8.0,False,main,True
695,3,3,7.9190813988118975,2.080918601188103,0.7919081398811898,0.9550403584635418,14.0,7.0,False,main,False
695,4,4,8.919081398811898,2.080918601188103,0.8108255817101725,0.9597133509646336,11.0,5.0,False,main,False
695,5,5,9.919081398811898,2.080918601188103,0.8265901165676581,0.9635052203969442,8.0,4.0,False,main,False
695,6,6,10.919081398811898,2.080918601188103,0.8399293383701459,0.966643966943167,5.0,3.0,False,main,False
695,7,7,11.919081398811898,2.080918601188103,0.8513629570579927,0.9692851031706387,3.0,2.0,False,main,False
695,8,8,12.919081398811898,2.080918601188103,0.8612720932541265,0.9715383627100707,1.0,1.0,False,main,False
695,9,9,13.919081398811898,2.080918601188103,0.8699425874257436,0.9734834021254087,-1.0,-1.0,True,main,False
7584,0,1,5.024925850142478,2.975074149857522,0.6281157312678097,0.8733971250271102,58.0,17.0,False,main,True
2408,1,1,5.881254932643683,2.1187450673563166,0.7351568665804604,0.9389621300194906,25.0,10.0,False,main,True
4032,1,1,5.922733218630321,2.077266781369679,0.7403416523287901,0.9416825924875115,25.0,10.0,False,main,True
4172,1,1,5.860281460824719,2.13971853917528,0.7325351826030899,0.9375689103036406,26.0,10.0,False,main,True
2555,0,1,5.049867033348288,2.9501329666517124,0.631233379168536,0.8755390160076364,57.0,17.0,False,main,True
4105,0,1,5.077531432700461,2.922468567299539,0.6346914290875576,0.8778995386706242,56.0,16.0,False,main,True
150,1,1,5.951589103611148,2.048410896388852,0.7439486379513935,0.9435475357203715,24.0,9.0,False,main,True
8165,0,1,5.072044680348144,2.9279553196518564,0.634005585043518,0.8774326476689736,56.0,17.0,False,main,True
8165,0,2,5.072044680348144,3.9279553196518564,0.5635605200386826,0.813488419914107,100.0,24.0,False,main,False
8165,0,3,5.072044680348144,4.927955319651856,0.5072044680348144,0.7549499268792645,176.0,33.0,False,main,True
8165,0,4,5.072044680348144,5.927955319651856,0.46109497094074037,0.7025914266396506,312.0,45.0,False,main,True
8165,0,5,5.072044680348144,6.927955319651856,0.422670390029012,0.6560825098660695,575.0,60.0,False,main,True
3276,0,1,4.968587197134785,3.0314128028652148,0.6210733996418482,0.8685113020644051,61.0,17.0,False,main,True
11973,1,1,6.119855400522789,1.8801445994772106,0.7649819250653487,0.9539548807188301,21.0,9.0,False,main,True
11973,2,2,7.119855400522789,1.8801445994772106,0.7910950445025322,0.9599481738090195,17.0,8.0,False,main,True
11973,3,3,8.11985540052279,1.8801445994772106,0.811985540052279,0.9645588662523397,13.0,6.0,False,main,False
11973,4,4,9.11985540052279,1.8801445994772106,0.82907776368389,0.9682164404408915,10.0,5.0,False,main,False
11973,5,5,10.11985540052279,1.8801445994772106,0.8433212833768992,0.9711890225760519,7.0,4.0,False,main,False
11973,6,6,11.11985540052279,1.8801445994772106,0.8553734923479068,0.9736527125011801,5.0,3.0,False,main,False
11973,7,7,12.11985540052279,1.8801445994772106,0.8657039571801992,0.9757279716384731,3.0,2.0,False,main,False
11973,8,8,13.11985540052279,1.8801445994772106,0.8746570267015193,0.9775000005961397,1.0,1.0,False,main,False
11973,9,9,14.11985540052279,1.8801445994772106,0.8824909625326743,0.9790307675510724,-1.0,-1.0,True,main,False
7808,1,1,5.913046713064865,2.0869532869351346,0.7391308391331082,0.9410514499369342,25.0,10.0,False,main,True
7808,2,2,6.913046713064865,2.0869532869351346,0.7681163014516517,0.9487981682623979,19.0,8.0,False,main,False
7808,3,3,7.913046713064865,2.0869532869351346,0.7913046713064865,0.9547415504851537,14.0,7.0,False,main,False
7808,4,4,8.913046713064865,2.0869532869351346,0.8102769739149878,0.9594465943066863,11.0,5.0,False,main,False
7808,5,5,9.913046713064865,2.0869532869351346,0.8260872260887387,0.9632642917243214,8.0,4.0,False,main,False
7808,6,6,10.913046713064865,2.0869532869351346,0.8394651317742204,0.9664242980296155,5.0,3.0,False,main,False
7808,7,7,11.913046713064865,2.0869532869351346,0.8509319080760618,0.9690832409855333,3.0,2.0,False,main,False
7808,8,8,12.913046713064865,2.0869532869351346,0.860869780870991,0.9713516333150047,1.0,1.0,False,main,False
7808,9,9,13.913046713064865,2.0869532869351346,0.8695654195665541,0.9733096924479997,-1.0,-1.0,True,main,False
7191,0,1,5.121391245560607,2.878608754439392,0.6401739056950759,0.8816089198532929,54.0,16.0,False,main,True
7936,0,1,5.126297570602945,2.8737024293970546,0.6407871963253682,0.8820213312039406,54.0,16.0,False,main,True
7936,0,2,5.126297570602945,3.8737024293970546,0.5695886189558829,0.8182520189651357,95.0,23.0,False,main,False
7936,0,3,5.126297570602945,4.873702429397055,0.5126297570602946,0.7596702041723277,166.0,32.0,False,main,True
7936,0,4,5.126297570602945,5.873702429397055,0.46602705187299504,0.7071770095349411,292.0,44.0,False,main,True
7936,0,5,5.126297570602945,6.873702429397055,0.4271914642169121,0.6604965185368186,531.0,59.0,False,main,True
7114,0,1,5.111857740274475,2.888142259725525,0.6389822175343094,0.8808060996833414,54.0,16.0,False,main,True
435,1,1,6.091823046097565,1.9081769539024354,0.7614778807621956,0.9522778951143821,22.0,9.0,False,main,True
435,2,2,7.091823046097565,1.9081769539024354,0.7879803384552849,0.9584975934879724,17.0,8.0,False,main,True
435,3,3,8.091823046097565,1.9081769539024354,0.8091823046097565,0.9632806978736411,13.0,6.0,False,main,True
435,4,4,9.091823046097565,1.9081769539024354,0.8265293678270513,0.9670739806573593,10.0,5.0,False,main,False
435,5,5,10.091823046097565,1.9081769539024354,0.8409852538414637,0.9701561775590167,7.0,4.0,False,main,False
435,6,6,11.091823046097565,1.9081769539024354,0.8532171573921203,0.9727102634092953,5.0,3.0,False,main,False
435,7,7,12.091823046097565,1.9081769539024354,0.863701646149826,0.9748613519888106,3.0,2.0,False,main,False
435,8,8,13.091823046097565,1.9081769539024354,0.872788203073171,0.9766979054415581,1.0,1.0,False,main,False
435,9,9,14.091823046097565,1.9081769539024354,0.8807389403810978,0.9782842466430576,-1.0,-1.0,True,main,False
2645,0,1,4.944253587952958,3.055746412047042,0.6180316984941198,0.8663807660999228,63.0,17.0,False,main,True
11072,1,1,5.970979595282931,2.029020404717069,0.7463724494103664,0.9447878303811188,24.0,9.0,False,main,True
11072,2,2,6.970979595282931,2.029020404717069,0.7745532883647701,0.9520241700698926,18.0,8.0,False,main,False
11072,3,3,7.970979595282931,2.029020404717069,0.7970979595282931,0.9575802403344198,14.0,7.0,False,main,False
11072,4,4,8.97097959528293,2.029020404717069,0.8155435995711755,0.9619812168324653,10.0,5.0,False,main,False
11072,5,5,9.97097959528293,2.029020404717069,0.8309149662735775,0.9655538084682209,8.0,4.0,False,main,False
11072,6,6,10.97097959528293,2.029020404717069,0.8439215073294561,0.9685120096258022,5.0,3.0,False,main,False
11072,7,7,11.97097959528293,2.029020404717069,0.8550699710916378,0.9710018896357211,3.0,2.0,False,main,False
11072,8,8,12.97097959528293,2.029020404717069,0.8647319730188621,0.9731265814220452,1.0,1.0,False,main,False
11072,9,9,13.97097959528293,2.029020404717069,0.8731862247051831,0.9749609876391689,-1.0,-1.0,True,main,False
4634,1,1,6.13524697163035,1.8647530283696503,0.7669058714537937,0.9548657174365274,21.0,9.0,False,main,True
5414,0,1,4.8918066203252035,3.1081933796747965,0.6114758275406504,0.861747510919701,66.0,18.0,False,main,True
10969,0,1,5.071134407121196,2.9288655928788043,0.6338918008901495,0.8773551274372008,56.0,17.0,False,main,True
10969,0,2,5.071134407121196,3.9288655928788043,0.5634593785690218,0.8134081320271369,100.0,24.0,False,main,False
10969,0,3,5.071134407121196,4.928865592878804,0.5071134407121196,0.7548704564100385,176.0,33.0,False,main,True
10969,0,4,5.071134407121196,5.928865592878804,0.4610122188291996,0.7025142718437076,312.0,45.0,False,main,True
10969,0,5,5.071134407121196,6.928865592878804,0.4225945339267663,0.6560082711873145,576.0,60.0,False,main,True
2038,0,1,5.055507394827183,2.944492605172817,0.6319384243533979,0.8760215944554036,57.0,17.0,False,main,True
1474,0,1,5.01945216752013,2.9805478324798704,0.6274315209400162,0.8729253220478471,59.0,17.0,False,main,True
1818,1,1,6.109513382552414,1.8904866174475856,0.7636891728190518,0.9533388969386031,22.0,9.0,False,main,True
1818,2,2,7.109513382552414,1.8904866174475856,0.7899459313947127,0.9594152996922991,17.0,8.0,False,main,True
1818,3,3,8.109513382552414,1.8904866174475856,0.8109513382552415,0.9640892935138413,13.0,6.0,False,main,True
1818,4,4,9.109513382552414,1.8904866174475856,0.8281375802320377,0.9677967003428265,10.0,5.0,False,main,False
1818,5,5,10.109513382552414,1.8904866174475856,0.8424594485460345,0.970809537760999,7.0,4.0,False,main,False
1818,6,6,11.109513382552414,1.8904866174475856,0.8545779525040319,0.9733064278727979,5.0,3.0,False,main,False
1818,7,7,12.109513382552414,1.8904866174475856,0.8649652416108867,0.9754095392752181,3.0,2.0,False,main,False
1818,8,8,13.109513382552414,1.8904866174475856,0.8739675588368276,0.9772052695842991,1.0,1.0,False,main,False
1818,9,9,14.109513382552414,1.8904866174475856,0.8818445864095259,0.9787564512836954,-1.0,-1.0,True,main,False
3491,0,1,4.982251236599574,3.0177487634004256,0.6227814045749468,0.8697023144940138,61.0,17.0,False,main,True
8520,1,1,6.0511454285167146,1.948854571483286,0.7563931785645893,0.9498034163823756,22.0,9.0,False,main,True
8520,2,2,7.0511454285167146,1.948854571483286,0.7834606031685238,0.9563580081683788,17.0,8.0,False,main,True
8520,3,3,8.051145428516715,1.948854571483286,0.8051145428516714,0.9613959558599733,13.0,7.0,False,main,False
8520,4,4,9.051145428516715,1.948854571483286,0.8228314025924286,0.9653897216227062,10.0,5.0,False,main,False
8520,5,5,10.051145428516715,1.948854571483286,0.8375954523763929,0.9686337845887683,7.0,4.0,False,main,False
8520,6,6,11.051145428516715,1.948854571483286,0.8500881098859011,0.9713213113008812,5.0,3.0,False,main,False
8520,7,7,12.051145428516715,1.948854571483286,0.8607961020369082,0.9735843070081251,3.0,2.0,False,main,False
8520,8,8,13.051145428516715,1.948854571483286,0.8700763619011143,0.9755160620962744,1.0,1.0,False,main,False
8520,9,9,14.051145428516715,1.948854571483286,0.8781965892822947,0.9771843834413974,-1.0,-1.0,True,main,False
3004,0,1,4.90513293853609,3.0948670614639107,0.6131416173170112,0.8629301011543411,65.0,17.0,False,main,True
8937,0,1,5.119954232695596,2.880045767304404,0.6399942790869495,0.8814880319143957,54.0,16.0,False,main,True
11933,1,1,6.042569883538974,1.9574301164610266,0.7553212354423717,0.949275628807901,23.0,9.0,False,main,True
11933,2,2,7.042569883538974,1.9574301164610266,0.7825077648376637,0.9559017761228706,17.0,8.0,False,main,True
11933,3,3,8.042569883538974,1.9574301164610266,0.8042569883538974,0.9609941470890614,13.0,7.0,False,main,False
11933,4,4,9.042569883538974,1.9574301164610266,0.8220518075944522,0.9650307105283522,10.0,5.0,False,main,False
11933,5,5,10.042569883538974,1.9574301164610266,0.8368808236282478,0.9683093170718192,7.0,4.0,False,main,False
11933,6,6,11.042569883538974,1.9574301164610266,0.8494284525799211,0.9710253143070517,5.0,3.0,False,main,False
11933,7,7,12.042569883538974,1.9574301164610266,0.8601835631099267,0.9733121814515622,3.0,2.0,False,main,False
11933,8,8,13.042569883538974,1.9574301164610266,0.8695046589025982,0.9752642411080438,1.0,1.0,False,main,False
11933,9,9,14.042569883538974,1.9574301164610266,0.8776606177211859,0.9769500447130898,-1.0,-1.0,True,main,False
5174,0,1,4.963819569380428,3.0361804306195714,0.6204774461725535,0.8680948305827063,62.0,17.0,False,main,True
11430,0,1,5.104905909674802,2.8950940903251987,0.6381132387093502,0.880219468445376,54.0,16.0,False,main,True
2679,0,1,4.919852111903758,3.0801478880962416,0.6149815139879697,0.8642320876721278,64.0,17.0,False,main,True
894,1,1,5.930773651431128,2.0692263485688724,0.741346706428891,0.9422045376584622,24.0,9.0,False,main,True
894,2,2,6.930773651431128,2.0692263485688724,0.7700859612701253,0.9497935221801795,19.0,8.0,False,main,True
894,3,3,7.930773651431128,2.0692263485688724,0.7930773651431128,0.955617256163288,14.0,7.0,False,main,True
894,4,4,8.930773651431128,2.0692263485688724,0.8118885137664662,0.9602283977462532,11.0,5.0,False,main,False
894,5,5,9.930773651431128,2.0692263485688724,0.827564470952594,0.9639704202313873,8.0,4.0,False,main,False
894,6,6,10.930773651431128,2.0692263485688724,0.840828742417779,0.9670681327227373,5.0,3.0,False,main,False
894,7,7,11.930773651431128,2.0692263485688724,0.8521981179593663,0.9696748972314453,3.0,2.0,False,main,False
894,8,8,12.930773651431128,2.0692263485688724,0.8620515767620752,0.97189894473114,1.0,1.0,False,main,False
894,9,9,13.930773651431128,2.0692263485688724,0.8706733532144455,0.9738188498820161,-1.0,-1.0,True,main,False
6734,0,1,4.837545619518993,3.162454380481007,0.6046932024398741,0.8568951305712278,69.0,18.0,False,main,True
9120,0,1,5.000519392803232,2.9994806071967677,0.625064924100404,0.8712886127468987,60.0,17.0,False,main,True
3443,1,1,6.025873079463586,1.9741269205364138,0.7532341349329482,0.9482419549955552,23.0,9.0,False,main,True
7734,0,1,4.907266920885841,3.0927330791141587,0.6134083651107302,0.8631191367974536,65.0,17.0,False,main,True
7734,0,2,4.907266920885841,4.092733079114159,0.5452518800984268,0.7987607630220227,117.0,25.0,False,main,False
7734,0,3,4.907266920885841,5.092733079114159,0.4907266920885841,0.7404178431422974,211.0,35.0,False,main,True
7734,0,4,4.907266920885841,6.092733079114159,0.44611517462598554,0.6885080528578962,386.0,48.0,False,main,True
2040,0,1,4.988783412989615,3.0112165870103853,0.6235979266237018,0.8702703230177997,60.0,17.0,False,main,True
5941,0,1,4.922435500611724,3.0775644993882763,0.6153044375764655,0.8644601453516777,64.0,17.0,False,main,True
1140,1,1,5.98538836907913,2.01461163092087,0.7481735461348913,0.9457026962841797,23.0,9.0,False,main,True
6397,1,1,6.107450540544983,1.892549459455017,0.7634313175681229,0.9532156516112248,22.0,9.0,False,main,True
189,1,1,5.837697925862443,2.162302074137557,0.7297122407328054,0.9360556567162986,26.0,10.0,False,main,True
7904,0,1,5.077884675399436,2.922115324600564,0.6347355844249295,0.8779295758875331,56.0,16.0,False,main,True
7904,0,2,5.077884675399436,3.922115324600564,0.5642094083777152,0.8140032346399941,99.0,24.0,False,main,False
7904,0,3,5.077884675399436,4.922115324600564,0.5077884675399436,0.7554595680628378,175.0,33.0,False,main,True
7904,0,4,5.077884675399436,5.922115324600564,0.46162587958176693,0.7030862548737391,310.0,45.0,False,main,True
11080,1,1,6.05062684024302,1.94937315975698,0.7563283550303775,0.949771559733475,22.0,9.0,False,main,True
11080,2,2,7.05062684024302,1.94937315975698,0.7834029822492244,0.9563304692859846,17.0,8.0,False,main,False
11080,3,3,8.05062684024302,1.94937315975698,0.8050626840243019,0.9613717012386279,13.0,7.0,False,main,False
11080,4,4,9.05062684024302,1.94937315975698,0.8227842582039109,0.9653680498617663,10.0,5.0,False,main,False
11080,5,5,10.05062684024302,1.94937315975698,0.8375522366869183,0.9686141976528294,7.0,4.0,False,main,False
11080,6,6,11.05062684024302,1.94937315975698,0.8500482184802323,0.9713034427281547,5.0,3.0,False,main,False
11080,7,7,12.05062684024302,1.94937315975698,0.8607590600173586,0.973567879263498,3.0,2.0,False,main,False
11080,8,8,13.05062684024302,1.94937315975698,0.8700417893495346,0.9755008599243791,1.0,1.0,False,main,False
11080,9,9,14.05062684024302,1.94937315975698,0.8781641775151887,0.9771702365133254,-1.0,-1.0,True,main,False
4139,0,1,5.103452970454458,2.896547029545542,0.6379316213068073,0.8800967326685144,55.0,16.0,False,main,True
8192,1,1,5.993564787768124,2.006435212231876,0.7491955984710155,0.9462192614513253,23.0,9.0,False,main,True
8192,2,2,6.993564787768124,2.006435212231876,0.7770627541964582,0.9532606354505451,18.0,8.0,False,main,False
8192,3,3,7.993564787768124,2.006435212231876,0.7993564787768124,0.9586686234936054,14.0,7.0,False,main,False
8192,4,4,8.993564787768124,2.006435212231876,0.8175967988880113,0.9629532698397505,10.0,5.0,False,main,False
8192,5,5,9.993564787768124,2.006435212231876,0.8327970656473437,0.9664320419427657,8.0,4.0,False,main,False
8192,6,6,10.993564787768124,2.006435212231876,0.8456588298283172,0.9693129670297194,5.0,3.0,False,main,False
8192,7,7,11.993564787768124,2.006435212231876,0.8566831991262945,0.971738087701678,3.0,2.0,False,main,False
8192,8,8,12.993564787768124,2.006435212231876,0.8662376525178749,0.9738077203098943,1.0,1.0,False,main,False
8192,9,9,13.993564787768124,2.006435212231876,0.8745977992355077,0.975594737831391,-1.0,-1.0,True,main,False
9133,0,1,4.863663768412112,3.1363362315878884,0.607957971051514,0.8592382302802352,67.0,18.0,False,main,True
11140,0,1,5.03018070024776,2.96981929975224,0.62877258753097,0.8738494787236455,58.0,17.0,False,main,True
11140,0,2,5.03018070024776,3.96981929975224,0.5589089666941955,0.809783584887661,104.0,24.0,False,main,False
11140,0,3,5.03018070024776,4.96981929975224,0.5030180700247759,0.7512857459351464,184.0,34.0,False,main,True
11140,0,4,5.03018070024776,5.96981929975224,0.4572891545679782,0.6990356349136152,329.0,46.0,False,main,True
8203,1,1,6.1085073079323,1.8914926920677009,0.7635634134915374,0.9532788043578517,22.0,9.0,False,main,True
8203,2,2,7.1085073079323,1.8914926920677009,0.7898341453258111,0.9593633181927701,17.0,8.0,False,main,False
8203,3,3,8.1085073079323,1.8914926920677009,0.81085073079323,0.9640434891735121,13.0,6.0,False,main,False
8203,4,4,9.1085073079323,1.8914926920677009,0.8280461189029363,0.9677557584033698,10.0,5.0,False,main,False
8203,5,5,10.1085073079323,1.8914926920677009,0.8423756089943583,0.9707725234423613,7.0,4.0,False,main,False
8203,6,6,11.1085073079323,1.8914926920677009,0.8545005621486385,0.9732726526441667,5.0,3.0,False,main,False
8203,7,7,12.1085073079323,1.8914926920677009,0.8648933791380214,0.9753784812566397,3.0,2.0,False,main,False
8203,8,8,13.1085073079323,1.8914926920677009,0.8739004871954866,0.9771765237332173,1.0,1.0,False,main,False
8203,9,9,14.1085073079323,1.8914926920677009,0.8817817067457687,0.9787296969135474,-1.0,-1.0,True,main,False
3853,1,1,6.109084066147745,1.8909159338522548,0.7636355082684682,0.9533132576488781,22.0,9.0,False,main,True
3853,2,2,7.109084066147745,1.8909159338522548,0.7898982295719716,0.9593931210308242,17.0,8.0,False,main,True
3853,3,3,8.109084066147744,1.8909159338522548,0.8109084066147745,0.9640697503802722,13.0,6.0,False,main,True
3853,4,4,9.109084066147744,1.8909159338522548,0.8280985514679767,0.9677792317958092,10.0,5.0,False,main,False
3853,5,5,10.109084066147744,1.8909159338522548,0.8424236721789787,0.9707937449742425,7.0,4.0,False,main,False
3853,6,6,11.109084066147744,1.8909159338522548,0.8545449281652111,0.9732920170813864,5.0,3.0,False,main,False
3853,7,7,12.109084066147744,1.8909159338522548,0.8649345761534103,0.9753962878157008,3.0,2.0,False,main,False
3853,8,8,13.109084066147744,1.8909159338522548,0.873938937743183,0.9771930046420753,1.0,1.0,False,main,False
3853,9,9,14.109084066147744,1.8909159338522548,0.881817754134234,0.9787450360349299,-1.0,-1.0,True,main,False
7395,1,1,5.988587310032816,2.011412689967184,0.748573413754102,0.9459050206856243,23.0,9.0,False,main,True
6841,1,1,6.009376982910896,1.990623017089104,0.751172122863862,0.9472128946058272,23.0,9.0,False,main,True
6841,2,2,7.009376982910896,1.990623017089104,0.7788196647678773,0.9541191180683515,18.0,8.0,False,main,True
6841,3,3,8.009376982910897,1.990623017089104,0.8009376982910896,0.9594244131699212,14.0,7.0,False,main,True
6841,4,4,9.009376982910897,1.990623017089104,0.8190342711737177,0.9636283614813242,10.0,5.0,False,main,False
6841,5,5,10.009376982910897,1.990623017089104,0.834114748575908,0.9670420356784739,8.0,4.0,False,main,False
6841,6,6,11.009376982910897,1.990623017089104,0.8468751525316074,0.9698693316008209,5.0,3.0,False,main,False
6841,7,7,12.009376982910897,1.990623017089104,0.8578126416364925,0.972249502702207,3.0,2.0,False,main,False
6841,8,8,13.009376982910897,1.990623017089104,0.8672917988607264,0.9742809137228323,1.0,1.0,False,main,False
6841,9,9,14.009376982910897,1.990623017089104,0.8755860614319311,0.9760350308625579,-1.0,-1.0,True,main,False
1491,1,1,6.061274315675774,1.9387256843242264,0.7576592894594717,0.9504240709716626,22.0,9.0,False,main,True
1491,2,2,7.061274315675774,1.9387256843242264,0.784586035075086,0.9568945727956888,17.0,8.0,False,main,True
1491,3,3,8.061274315675774,1.9387256843242264,0.8061274315675775,0.9618685512018331,13.0,6.0,False,main,True
1491,4,4,9.061274315675774,1.9387256843242264,0.8237522105159795,0.9658120049920093,10.0,5.0,False,main,False
1491,5,5,10.061274315675774,1.9387256843242264,0.8384395263063146,0.9690154546427919,7.0,4.0,False,main,False
1491,6,6,11.061274315675774,1.9387256843242264,0.8508672550519827,0.9716695051261619,5.0,3.0,False,main,False
1491,7,7,12.061274315675774,1.9387256843242264,0.8615195939768411,0.9739044301936411,3.0,2.0,False,main,False
1491,8,8,13.061274315675774,1.9387256843242264,0.8707516210450517,0.975812307459979,1.0,1.0,False,main,False
1491,9,9,14.061274315675774,1.9387256843242264,0.8788296447297359,0.9774600688801363,-1.0,-1.0,True,main,False
4986,0,1,5.028881025606009,2.9711189743939914,0.6286101282007511,0.8737376522844451,58.0,17.0,False,main,True
9396,1,1,6.0497934768969,1.9502065231031005,0.7562241846121125,0.9497203503377176,22.0,9.0,False,main,True
6406,1,1,6.080703482172044,1.9192965178279555,0.7600879352715055,0.9516062696072103,22.0,9.0,False,main,True
6406,2,2,7.080703482172044,1.9192965178279555,0.7867448313524493,0.9579167688567626,17.0,8.0,False,main,True
6406,3,3,8.080703482172044,1.9192965178279555,0.8080703482172045,0.9627689914628137,13.0,6.0,False,main,True
6406,4,4,9.080703482172044,1.9192965178279555,0.8255184983792767,0.966616661697955,10.0,5.0,False,main,False
6406,5,5,10.080703482172044,1.9192965178279555,0.840058623514337,0.9697427779827272,7.0,4.0,False,main,False
6406,6,6,11.080703482172044,1.9192965178279555,0.8523618063209265,0.9723330758424903,5.0,3.0,False,main,False
6406,7,7,12.080703482172044,1.9192965178279555,0.8629073915837174,0.9745145364203918,3.0,2.0,False,main,False
6406,8,8,13.080703482172044,1.9192965178279555,0.8720468988114696,0.9763769305100151,1.0,1.0,False,main,False
6406,9,9,14.080703482172044,1.9192965178279555,0.8800439676357528,0.977985525503,-1.0,-1.0,True,main,False
8605,0,1,5.081771926301581,2.9182280736984194,0.6352214907876976,0.8782599462129701,56.0,16.0,False,main,True
5862,0,1,4.909133716501069,3.090866283498931,0.6136417145626336,0.8632844279675791,65.0,17.0,False,main,True
8388,0,1,5.114221927090902,2.8857780729090976,0.6392777408863628,0.8810053685695237,54.0,16.0,False,main,True
8388,0,2,5.114221927090902,3.8857780729090976,0.568246880787878,0.8171954164605852,96.0,23.0,False,main,False
8388,0,3,5.114221927090902,4.885778072909098,0.5114221927090903,0.7586223215631239,168.0,32.0,False,main,True
8388,0,4,5.114221927090902,5.885778072909098,0.46492926609917296,0.7061585403591666,296.0,44.0,False,main,True
126,0,1,4.965486462779653,3.034513537220347,0.6206858078474566,0.8682404936641724,61.0,17.0,False,main,True
491,1,1,6.018575973845091,1.981424026154909,0.7523219967306364,0.9477877008472746,23.0,9.0,False,main,True
1930,1,1,6.011918075178828,1.9880819248211719,0.7514897593973535,0.9473719167923753,23.0,9.0,False,main,True
1930,2,2,7.011918075178828,1.9880819248211719,0.7791020083532031,0.9542565247965235,18.0,8.0,False,main,True
1930,3,3,8.011918075178828,1.9880819248211719,0.8011918075178828,0.9595453923687358,14.0,7.0,False,main,True
1930,4,4,9.011918075178828,1.9880819248211719,0.8192652795617117,0.9637364297324345,10.0,5.0,False,main,False
1930,5,5,10.011918075178828,1.9880819248211719,0.8343265062649023,0.9671396876786406,8.0,4.0,False,main,False
1930,6,6,11.011918075178828,1.9880819248211719,0.8470706211676021,0.9699584016750934,5.0,3.0,False,main,False
1930,7,7,12.011918075178828,1.9880819248211719,0.8579941482270591,0.9723313792577453,3.0,2.0,False,main,False
1930,8,8,13.011918075178828,1.9880819248211719,0.8674612050119219,0.9743566730982959,1.0,1.0,False,main,False
1930,9,9,14.011918075178828,1.9880819248211719,0.8757448796986768,0.976105524417507,-1.0,-1.0,True,main,False
9286,0,1,5.132200892843929,2.8677991071560713,0.6415251116054911,0.8825168687326607,53.0,16.0,False,main,True
9456,0,1,5.143344201000762,2.856655798999238,0.6429180251250952,0.8834502389845665,53.0,16.0,False,main,True
9456,0,2,5.143344201000762,3.856655798999238,0.5714826890000846,0.819739979442269,94.0,23.0,False,main,True
9456,0,3,5.143344201000762,4.856655798999238,0.5143344201000761,0.7611467614659804,163.0,32.0,False,main,True
6413,1,1,5.940808084483376,2.0591919155166236,0.742601010560422,0.942853439632301,24.0,9.0,False,main,True
3420,1,1,6.115152151329535,1.8848478486704652,0.7643940189161919,0.9536751433239017,21.0,9.0,False,main,True
3420,2,2,7.115152151329535,1.8848478486704652,0.7905724612588372,0.9597061714968326,17.0,8.0,False,main,True
3420,3,3,8.115152151329536,1.8848478486704652,0.8115152151329535,0.964345606976051,13.0,6.0,False,main,True
3420,4,4,9.115152151329536,1.8848478486704652,0.8286501955754123,0.9680258095033962,10.0,5.0,False,main,False
3420,5,5,10.115152151329536,1.8848478486704652,0.8429293459441279,0.9710166716595422,7.0,4.0,False,main,False
3420,6,6,11.115152151329536,1.8848478486704652,0.8550117039484258,0.973495438287334,5.0,3.0,False,main,False
3420,7,7,12.115152151329536,1.8848478486704652,0.8653680108092525,0.9755833458430189,3.0,2.0,False,main,False
3420,8,8,13.115152151329536,1.8848478486704652,0.8743434767553023,0.9773661383878606,1.0,1.0,False,main,False
3420,9,9,14.115152151329536,1.8848478486704652,0.882197009458096,0.9789061765189079,-1.0,-1.0,True,main,False
6679,0,1,4.894469290676432,3.105530709323568,0.611808661334554,0.861984087794871,66.0,18.0,False,main,True
9556,1,1,5.94888363499417,2.0511163650058304,0.7436104543742712,0.9433736553082719,24.0,9.0,False,main,True
9556,2,2,6.94888363499417,2.0511163650058304,0.7720981816660188,0.9508029181957818,18.0,8.0,False,main,False
9556,3,3,7.94888363499417,2.0511163650058304,0.7948883634994169,0.9565054492563124,14.0,7.0,False,main,False
9556,4,4,8.94888363499417,2.0511163650058304,0.8135348759085609,0.9610214410888241,11.0,5.0,False,main,False
9556,5,5,9.94888363499417,2.0511163650058304,0.8290736362495141,0.9646867662234544,8.0,4.0,False,main,False
9556,6,6,10.94888363499417,2.0511163650058304,0.8422218180764746,0.9677213320849851,5.0,3.0,False,main,False
9556,7,7,11.94888363499417,2.0511163650058304,0.8534916882138692,0.9702751961738273,3.0,2.0,False,main,False
9556,8,8,12.94888363499417,2.0511163650058304,0.8632589089996113,0.9724542798682141,1.0,1.0,False,main,False
9556,9,9,13.94888363499417,2.0511163650058304,0.8718052271871356,0.9743354945579921,-1.0,-1.0,True,main,False
9865,0,1,4.894041601709729,3.105958398290271,0.6117552002137161,0.8619460975745905,66.0,18.0,False,main,True
9865,0,2,4.894041601709729,4.105958398290271,0.5437824001899698,0.7975618553525684,119.0,25.0,False,main,True
9865,0,3,4.894041601709729,5.105958398290271,0.4894041601709729,0.7392387100842506,214.0,35.0,False,main,True
9865,0,4,4.894041601709729,6.105958398290271,0.4449128728827026,0.6873674789285074,394.0,48.0,False,main,True
9979,0,1,4.91903161170237,3.08096838829763,0.6148789514627963,0.8641596266106842,64.0,17.0,False,main,True
9979,0,2,4.91903161170237,4.08096838829763,0.54655906796693,0.7998251640554381,116.0,25.0,False,main,False
9979,0,3,4.91903161170237,5.08096838829763,0.491903161170237,0.7414651551633336,208.0,35.0,False,main,True
9979,0,4,4.91903161170237,6.08096838829763,0.44718469197294275,0.6895213790738266,380.0,48.0,False,main,True
9979,0,5,4.91903161170237,7.08096838829763,0.4099193009751975,0.6435198274567883,731.0,65.0,False,main,True
1947,0,1,5.118418194319516,2.8815818056804843,0.6398022742899395,0.8813587650215775,54.0,16.0,False,main,True
6341,1,1,5.84152731691462,2.15847268308538,0.7301909146143275,0.9363132024956984,26.0,10.0,False,main,True
969,1,1,5.877574093572397,2.122425906427603,0.7346967616965496,0.9387184712809723,25.0,10.0,False,main,True
4659,1,1,6.026867290373445,1.9731327096265552,0.7533584112966806,0.9483037284004825,23.0,9.0,False,main,True
3845,0,1,4.842680191050061,3.1573198089499392,0.6053350238812576,0.8573568488063943,69.0,18.0,False,main,True
7320,1,1,6.11154942303729,1.8884505769627098,0.7639436778796612,0.9534604172857947,22.0,9.0,False,main,True
1250,1,1,6.1389789815539295,1.861021018446071,0.7673723726942412,0.9550854999792868,21.0,9.0,False,main,True
10200,0,1,4.92894674246998,3.0710532575300196,0.6161183428087476,0.8650343426568892,63.0,17.0,False,main,True
10200,0,2,4.92894674246998,4.07105325753002,0.5476607491633312,0.800720693369771,115.0,25.0,False,main,False
10200,0,3,4.92894674246998,5.07105325753002,0.49289467424699807,0.7423466500851752,206.0,35.0,False,main,True
10200,0,4,4.92894674246998,6.07105325753002,0.4480860674972709,0.6903744618390104,375.0,48.0,False,main,True
8908,1,1,6.014836410349504,1.9851635896504969,0.751854551293688,0.9475543210238629,23.0,9.0,False,main,True
8908,2,2,7.014836410349504,1.9851635896504969,0.7794262678166115,0.9544141401440364,18.0,8.0,False,main,True
8908,3,3,8.014836410349503,1.9851635896504969,0.8014836410349503,0.9596841673214741,14.0,7.0,False,main,True
8908,4,4,9.014836410349503,1.9851635896504969,0.8195305827590457,0.963860396742534,10.0,5.0,False,main,False
8908,5,5,10.014836410349503,1.9851635896504969,0.8345697008624585,0.9672517075842191,7.0,4.0,False,main,False
8908,6,6,11.014836410349503,1.9851635896504969,0.8472951084884233,0.9700605781232468,5.0,3.0,False,main,False
8908,7,7,12.014836410349503,1.9851635896504969,0.8582026007392501,0.9724253045683877,3.0,2.0,False,main,False
8908,8,8,13.014836410349503,1.9851635896504969,0.8676557606899669,0.9744435817292882,1.0,1.0,False,main,False
8908,9,9,14.014836410349503,1.9851635896504969,0.8759272756468439,0.9761863928231105,-1.0,-1.0,True,main,False
6591,0,1,5.076097582733708,2.9239024172662917,0.6345121978417135,0.8777775874259822,56.0,17.0,False,main,True
6891,1,1,5.967856431805355,2.0321435681946447,0.7459820539756694,0.9445887654506393,24.0,9.0,False,main,True
6891,2,2,6.967856431805355,2.0321435681946447,0.7742062702005951,0.9518522433296208,18.0,8.0,False,main,True
6891,3,3,7.967856431805355,2.0321435681946447,0.7967856431805356,0.9574289201954055,14.0,7.0,False,main,True
6891,4,4,8.967856431805355,2.0321435681946447,0.8152596756186686,0.9618460814715296,11.0,5.0,False,main,False
6891,5,5,9.967856431805355,2.0321435681946447,0.8306547026504463,0.9654317239563921,8.0,4.0,False,main,False
6891,6,6,10.967856431805355,2.0321435681946447,0.8436812639850273,0.9684006733091088,5.0,3.0,False,main,False
6891,7,7,11.967856431805355,2.0321435681946447,0.8548468879860968,0.9708995596526999,3.0,2.0,False,main,False
6891,8,8,12.967856431805355,2.0321435681946447,0.864523762120357,0.9730319080756461,1.0,1.0,False,main,False
6891,9,9,13.967856431805355,2.0321435681946447,0.8729910269878347,0.9748729037788437,-1.0,-1.0,True,main,False
11087,1,1,5.886095549332462,2.1139044506675377,0.7357619436665578,0.9392820086062641,25.0,10.0,False,main,True
11087,2,2,6.886095549332462,2.1139044506675377,0.7651217277036069,0.9472711611263761,19.0,8.0,False,main,False
11087,3,3,7.886095549332462,2.1139044506675377,0.7886095549332462,0.9533983517145282,15.0,7.0,False,main,False
11087,4,4,8.886095549332463,2.1139044506675377,0.807826868121133,0.9582475999781426,11.0,5.0,False,main,False
11087,5,5,9.886095549332463,2.1139044506675377,0.8238412957777053,0.9621814780970258,8.0,4.0,False,main,False
11087,6,6,10.886095549332463,2.1139044506675377,0.8373919653332664,0.9654371004495086,5.0,3.0,False,main,False
11087,7,7,11.886095549332463,2.1139044506675377,0.8490068249523188,0.9681761187350857,3.0,2.0,False,main,False
11087,8,8,12.886095549332463,2.1139044506675377,0.8590730366221642,0.9705125543971437,1.0,1.0,False,main,False
11087,9,9,13.886095549332463,2.1139044506675377,0.867880971833279,0.9725291501473157,-1.0,-1.0,True,main,False
3482,0,1,5.016093033091077,2.983906966908923,0.6270116291363846,0.8726354734442543,59.0,17.0,False,main,True
5907,0,1,5.0662294233176794,2.93377057668232,0.6332786779147099,0.8769371119841457,56.0,17.0,False,main,True
6631,1,1,6.1010234865110915,1.8989765134889083,0.7626279358138864,0.9528308571426758,22.0,9.0,False,main,True
6631,2,2,7.1010234865110915,1.8989765134889083,0.7890026096123435,0.9589758516109856,17.0,8.0,False,main,True
6631,3,3,8.101023486511092,1.8989765134889083,0.8101023486511092,0.9637020787470869,13.0,6.0,False,main,True
6631,4,4,9.101023486511092,1.8989765134889083,0.8273657715010084,0.9674505990266429,10.0,5.0,False,main,False
6631,5,5,10.101023486511092,1.8989765134889083,0.8417519572092577,0.9704966444485901,7.0,4.0,False,main,False
6631,6,6,11.101023486511092,1.8989765134889083,0.8539248835777763,0.973020920034185,5.0,3.0,False,main,False
6631,7,7,12.101023486511092,1.8989765134889083,0.8643588204650781,0.9751470038899421,3.0,2.0,False,main,False
6631,8,8,13.101023486511092,1.8989765134889083,0.8734015657674061,0.9769622817589697,1.0,1.0,False,main,False
6631,9,9,14.101023486511092,1.8989765134889083,0.8813139679069433,0.9785302995075101,-1.0,-1.0,True,main,False
11304,1,1,5.860447784655899,2.139552215344101,0.7325559730819874,0.9375800049760845,26.0,10.0,False,main,True
7317,1,1,6.025275886773122,1.974724113226878,0.7531594858466403,0.9482048360035014,23.0,9.0,False,main,True
11964,1,1,6.1014228643021235,1.898577135697876,0.7626778580377654,0.9528548038921777,22.0,9.0,False,main,True
11964,2,2,7.1014228643021235,1.898577135697876,0.7890469849224582,0.9589965643179098,17.0,8.0,False,main,True
11964,3,3,8.101422864302123,1.898577135697876,0.8101422864302124,0.963720328905318,13.0,6.0,False,main,False
11964,4,4,9.101422864302123,1.898577135697876,0.8274020785729204,0.9674669110075562,10.0,5.0,False,main,False
11964,5,5,10.101422864302123,1.898577135697876,0.8417852386918436,0.9705113910097407,7.0,4.0,False,main,False
11964,6,6,11.101422864302123,1.898577135697876,0.8539556049463173,0.973034375699918,5.0,3.0,False,main,False
11964,7,7,12.101422864302123,1.898577135697876,0.8643873474501518,0.9751593767162432,3.0,2.0,False,main,False
11964,8,8,13.101422864302123,1.898577135697876,0.8734281909534749,0.9769737332080545,1.0,1.0,False,main,False
11964,9,9,14.101422864302123,1.898577135697876,0.8813389290188828,0.9785409574050571,-1.0,-1.0,True,main,False
6763,1,1,6.02895682480392,1.9710431751960802,0.75361960310049,0.9484334656658254,23.0,9.0,False,main,True
7285,1,1,6.094786976149838,1.9052130238501617,0.7618483720187298,0.9524563045946725,22.0,9.0,False,main,True
11005,0,1,4.865913487497196,3.1340865125028037,0.6082391859371495,0.8594394109175505,67.0,18.0,False,main,True
11005,0,2,4.865913487497196,4.134086512502804,0.5406570541663551,0.7950036832133619,122.0,26.0,False,main,False
11005,0,3,4.865913487497196,5.134086512502804,0.48659134874971965,0.7367245701921663,221.0,36.0,False,main,True
11005,0,4,4.865913487497196,6.134086512502804,0.4423557715906542,0.6849365895095466,409.0,49.0,False,main,True
11005,0,5,4.865913487497196,7.134086512502804,0.40549279062476634,0.6391191850446063,800.0,66.0,False,main,True
11641,1,1,5.932663418690672,2.067336581309328,0.741582927336334,0.942326955311516,24.0,9.0,False,main,True
5282,1,1,6.099280337854775,1.9007196621452251,0.7624100422318468,0.9527262825676215,22.0,9.0,False,main,True
5282,2,2,7.099280337854775,1.9007196621452251,0.7888089264283082,0.9588854010605505,17.0,8.0,False,main,True
5282,3,3,8.099280337854776,1.9007196621452251,0.8099280337854775,0.9636223826364123,13.0,6.0,False,main,True
5282,4,4,9.099280337854776,1.9007196621452251,0.8272073034413432,0.9673793671787259,10.0,5.0,False,main,False
5282,5,5,10.099280337854776,1.9007196621452251,0.8416066948212313,0.9704322488946922,7.0,4.0,False,main,False
5282,6,6,11.099280337854776,1.9007196621452251,0.8537907952195981,0.9729621618485906,5.0,3.0,False,main,False
5282,7,7,12.099280337854776,1.9007196621452251,0.8642343098467696,0.9750929744469071,3.0,2.0,False,main,False
5282,8,8,13.099280337854776,1.9007196621452251,0.8732853558569851,0.9769122759266725,1.0,1.0,False,main,False
5282,9,9,14.099280337854776,1.9007196621452251,0.8812050211159235,0.9784837590561901,-1.0,-1.0,True,main,False
9377,1,1,5.976587848206682,2.023412151793318,0.7470734810258353,0.9451446082998087,24.0,9.0,False,main,True
7931,1,1,6.095542665510448,1.9044573344895523,0.761942833188806,0.9525017508541233,22.0,9.0,False,main,True
7931,2,2,7.095542665510448,1.9044573344895523,0.7883936295011609,0.9586912009226826,17.0,8.0,False,main,False
7931,3,3,8.095542665510447,1.9044573344895523,0.8095542665510447,0.9634512765059202,13.0,6.0,False,main,False
7931,4,4,9.095542665510447,1.9044573344895523,0.8268675150464042,0.9672264363603971,10.0,5.0,False,main,False
7931,5,5,10.095542665510447,1.9044573344895523,0.8412952221258706,0.9702939971573608,7.0,4.0,False,main,False
7931,6,6,11.095542665510447,1.9044573344895523,0.853503281962342,0.9728360144996472,5.0,3.0,False,main,False
7931,7,7,12.095542665510447,1.9044573344895523,0.8639673332507462,0.9749769802885975,3.0,2.0,False,main,False
7931,8,8,13.095542665510447,1.9044573344895523,0.8730361777006964,0.9768049207957114,1.0,1.0,False,main,False
7931,9,9,14.095542665510447,1.9044573344895523,0.8809714165944029,0.9783838442710874,-1.0,-1.0,True,main,False
3557,0,1,4.949890719526055,3.050109280473945,0.6187363399407568,0.8668754099092089,62.0,17.0,False,main,True
597,1,1,6.043905660692609,1.9560943393073917,0.7554882075865761,0.9493579793084194,23.0,9.0,False,main,True
597,2,2,7.043905660692609,1.9560943393073917,0.782656184521401,0.9559729589578686,17.0,8.0,False,main,True
597,3,3,8.043905660692609,1.9560943393073917,0.8043905660692608,0.9610568367381875,13.0,7.0,False,main,False
597,4,4,9.043905660692609,1.9560943393073917,0.8221732418811463,0.9650867216416873,10.0,5.0,False,main,False
597,5,5,10.043905660692609,1.9560943393073917,0.8369921383910507,0.9683599379335304,7.0,4.0,False,main,False
597,6,6,11.043905660692609,1.9560943393073917,0.8495312046686622,0.9710714927272515,5.0,3.0,False,main,False
597,7,7,12.043905660692609,1.9560943393073917,0.8602789757637578,0.9733546351639925,3.0,2.0,False,main,False
597,8,8,13.043905660692609,1.9560943393073917,0.8695937107128405,0.9753035267351038,1.0,1.0,False,main,False
597,9,9,14.043905660692609,1.9560943393073917,0.877744103793288,0.9769866026703816,-1.0,-1.0,True,main,False
10357,1,1,5.873230951326761,2.126769048673239,0.7341538689158451,0.9384305036543568,25.0,10.0,False,main,True
10357,2,2,6.873230951326761,2.126769048673239,0.7636923279251957,0.9465364887252884,19.0,8.0,False,main,False
10357,3,3,7.873230951326761,2.126769048673239,0.7873230951326761,0.9527522209787311,15.0,7.0,False,main,False
10357,4,4,8.87323095132676,2.126769048673239,0.8066573592115237,0.9576709111589259,11.0,5.0,False,main,False
10357,5,5,9.87323095132676,2.126769048673239,0.8227692459438968,0.9616607224509026,8.0,4.0,False,main,False
10357,6,6,10.87323095132676,2.126769048673239,0.8364023808712893,0.9649623684125518,5.0,3.0,False,main,False
10357,7,7,11.87323095132676,2.126769048673239,0.8480879250947686,0.9677399237898756,3.0,2.0,False,main,False
10357,8,8,12.87323095132676,2.126769048673239,0.8582153967551174,0.9701091016578566,1.0,1.0,False,main,False
10357,9,9,13.87323095132676,2.126769048673239,0.8670769344579226,0.9721538618532016,-1.0,-1.0,True,main,False
8102,1,1,5.9455997521066575,2.054400247893343,0.7431999690133322,0.9431623288994126,24.0,9.0,False,main,True
8102,2,2,6.9455997521066575,2.054400247893343,0.7717333057896286,0.9506204472863967,18.0,8.0,False,main,False
8102,3,3,7.9455997521066575,2.054400247893343,0.7945599752106658,0.9563448785106023,14.0,7.0,False,main,False
8102,4,4,8.945599752106657,2.054400247893343,0.8132363411006053,0.9608780650044616,11.0,5.0,False,main,False
8102,5,5,9.945599752106657,2.054400247893343,0.8287999793422215,0.9645572515147854,8.0,4.0,False,main,False
8102,6,6,10.945599752106657,2.054400247893343,0.8419692117005121,0.9676032305917079,5.0,3.0,False,main,False
8102,7,7,11.945599752106657,2.054400247893343,0.8532571251504756,0.9701666565527474,3.0,2.0,False,main,False
8102,8,8,12.945599752106657,2.054400247893343,0.8630399834737772,0.9723538679620243,1.0,1.0,False,main,False
8102,9,9,13.945599752106657,2.054400247893343,0.8715999845066661,0.9742420766824017,-1.0,-1.0,True,main,False
10525,0,1,5.123428366239257,2.8765716337607428,0.6404285457799072,0.8817802163738462,54.0,16.0,False,main,True
10525,0,2,5.123428366239257,3.8765716337607428,0.5692698184710285,0.8180011587221196,95.0,23.0,False,main,False
10525,0,3,5.123428366239257,4.876571633760743,0.5123428366239258,0.7594213676801288,166.0,32.0,False,main,True
10525,0,4,5.123428366239257,5.876571633760743,0.46576621511265975,0.706935132240892,293.0,44.0,False,main,True
10525,0,5,5.123428366239257,6.876571633760743,0.42695236385327145,0.6602636050473876,533.0,59.0,False,main,True
8106,1,1,6.118135364253624,1.8818646357463762,0.764766920531703,0.9538526536608493,21.0,9.0,False,main,True
8106,2,2,7.118135364253624,1.8818646357463762,0.7909039293615138,0.9598597351678662,17.0,8.0,False,main,False
8106,3,3,8.118135364253625,1.8818646357463762,0.8118135364253624,0.9644809306581864,13.0,6.0,False,main,False
8106,4,4,9.118135364253625,1.8818646357463762,0.8289213967503294,0.9681467737049493,10.0,5.0,False,main,False
8106,5,5,10.118135364253625,1.8818646357463762,0.8431779470211354,0.9711260358561973,7.0,4.0,False,main,False
8106,6,6,11.118135364253625,1.8818646357463762,0.8552411818656633,0.973595235298641,5.0,3.0,False,main,False
8106,7,7,12.118135364253625,1.8818646357463762,0.8655810974466874,0.9756751166346976,3.0,2.0,False,main,False
8106,8,8,13.118135364253625,1.8818646357463762,0.8745423576169082,0.9774510790436219,1.0,1.0,False,main,False
8106,9,9,14.118135364253625,1.8818646357463762,0.8823834602658516,0.9789852340909964,-1.0,-1.0,True,main,False
9568,0,1,4.900166661389642,3.0998333386103583,0.6125208326737053,0.8624898116251749,65.0,17.0,False,main,True
9568,0,2,4.900166661389642,4.099833338610358,0.544462962376627,0.7981174171641751,118.0,25.0,False,main,True
9568,0,3,4.900166661389642,5.099833338610358,0.4900166661389642,0.7397850395799321,213.0,35.0,False,main,True
9226,0,1,5.089593234043299,2.9104067659567012,0.6361991542554124,0.8789237000476684,55.0,16.0,False,main,True
1913,0,1,4.937108467430741,3.0628915325692594,0.6171385584288426,0.8657528632422338,63.0,17.0,False,main,True
9640,1,1,5.846545377571251,2.1534546224287494,0.7308181721964063,0.9366501060541008,26.0,10.0,False,main,True
9640,2,2,6.846545377571251,2.1534546224287494,0.7607272641745834,0.9450007214721381,20.0,8.0,False,main,False
9640,3,3,7.846545377571251,2.1534546224287494,0.784654537757125,0.9514017670632415,15.0,7.0,False,main,False
9640,4,4,8.84654537757125,2.1534546224287494,0.8042313979610227,0.9564657492026079,11.0,5.0,False,main,False
9640,5,5,9.84654537757125,2.1534546224287494,0.8205454481309374,0.9605725594631304,8.0,4.0,False,main,False
9640,6,6,10.84654537757125,2.1534546224287494,0.8343496444285576,0.9639704570269596,5.0,3.0,False,main,False
9640,7,7,11.84654537757125,2.1534546224287494,0.8461818126836607,0.9668285941793012,3.0,2.0,False,main,False
9640,8,8,12.84654537757125,2.1534546224287494,0.85643635850475,0.9692662275321603,1.0,1.0,False,main,False
9640,9,9,13.84654537757125,2.1534546224287494,0.8654090860982031,0.9713698657180868,-1.0,-1.0,True,main,False
8418,1,1,6.10270413303286,1.89729586696714,0.7628380166291076,0.9529315971438154,22.0,9.0,False,main,True
8418,2,2,7.10270413303286,1.89729586696714,0.7891893481147623,0.9590629871533743,17.0,8.0,False,main,False
8418,3,3,8.10270413303286,1.89729586696714,0.8102704133032861,0.963778855089894,13.0,6.0,False,main,False
8418,4,4,9.10270413303286,1.89729586696714,0.8275185575484418,0.9675192219597686,10.0,5.0,False,main,False
8418,5,5,10.10270413303286,1.89729586696714,0.8418920110860717,0.9705586820147116,7.0,4.0,False,main,False
8418,6,6,11.10270413303286,1.89729586696714,0.8540541640794508,0.9730775270609857,5.0,3.0,False,main,False
8418,7,7,12.10270413303286,1.89729586696714,0.8644788666452043,0.9751990556039594,3.0,2.0,False,main,False
8418,8,8,13.10270413303286,1.89729586696714,0.8735136088688573,0.9770104573863662,1.0,1.0,False,main,False
8418,9,9,14.10270413303286,1.89729586696714,0.8814190083145538,0.9785751367783426,-1.0,-1.0,True,main,False
9514,1,1,6.11794511564384,1.8820548843561604,0.76474313945548,0.9538413411888054,21.0,9.0,False,main,True
9514,2,2,7.11794511564384,1.8820548843561604,0.7908827906270933,0.9598499486294653,17.0,8.0,False,main,False
9514,3,3,8.11794511564384,1.8820548843561604,0.811794511564384,0.9644723064455607,13.0,6.0,False,main,False
9514,4,4,9.11794511564384,1.8820548843561604,0.8289041014221673,0.9681390645565511,10.0,5.0,False,main,False
9514,5,5,10.11794511564384,1.8820548843561604,0.84316209297032,0.9711190659358816,7.0,4.0,False,main,False
9514,6,6,11.11794511564384,1.8820548843561604,0.8552265473572185,0.9735888750702302,5.0,3.0,False,main,False
9514,7,7,12.11794511564384,1.8820548843561604,0.8655675082602743,0.9756692679021884,3.0,2.0,False,main,False
9514,8,8,13.11794511564384,1.8820548843561604,0.874529674376256,0.9774456655869234,1.0,1.0,False,main,False
9514,9,9,14.11794511564384,1.8820548843561604,0.88237156972774,0.9789801955586556,-1.0,-1.0,True,main,False
9096,0,1,4.843910145940708,3.1560898540592923,0.6054887682425885,0.8574673715994229,69.0,18.0,False,main,True
2131,1,1,5.907085483585869,2.0929145164141314,0.7383856854482336,0.9406617664505064,25.0,10.0,False,main,True
1990,0,1,4.84559391271185,3.1544060872881494,0.6056992390889813,0.8576186240711554,69.0,18.0,False,main,True
1146,1,1,5.926966179508565,2.073033820491436,0.7408707724385706,0.9419575956836674,24.0,9.0,False,main,True
1146,2,2,6.926966179508565,2.073033820491436,0.769662908834285,0.9495803431741294,19.0,8.0,False,main,True
1146,3,3,7.926966179508565,2.073033820491436,0.7926966179508564,0.955429691755024,14.0,7.0,False,main,True
1146,4,4,8.926966179508565,2.073033820491436,0.8115423799553241,0.9600609384187712,11.0,5.0,False,main,False
1146,5,5,9.926966179508565,2.073033820491436,0.8272471816257138,0.9638191648029263,8.0,4.0,False,main,False
1146,6,6,10.926966179508565,2.073033820491436,0.8405358599621973,0.9669302168802069,5.0,3.0,False,main,False
1146,7,7,11.926966179508565,2.073033820491436,0.8519261556791832,0.9695481554998662,3.0,2.0,False,main,False
1146,8,8,12.926966179508565,2.073033820491436,0.861797745300571,0.9717816999700399,1.0,1.0,False,main,False
1146,9,9,13.926966179508565,2.073033820491436,0.8704353862192853,0.9737097765698164,-1.0,-1.0,True,main,False
3993,0,1,4.91884329605552,3.081156703944479,0.61485541200694,0.8641429938982693,64.0,17.0,False,main,True
331,0,1,4.840145573893547,3.1598544261064534,0.6050181967366933,0.8571289938178992,69.0,18.0,False,main,True
9737,1,1,5.969627359588367,2.030372640411633,0.7462034199485459,0.944701674593533,24.0,9.0,False,main,True
9737,2,2,6.969627359588367,2.030372640411633,0.774403039954263,0.9519497590135297,18.0,8.0,False,main,False
9737,3,3,7.969627359588367,2.030372640411633,0.7969627359588367,0.9575147474698806,14.0,7.0,False,main,False
9737,4,4,8.969627359588367,2.030372640411633,0.8154206690534879,0.9619227285679064,10.0,5.0,False,main,False
9737,5,5,9.969627359588367,2.030372640411633,0.8308022799656972,0.9655009685344089,8.0,4.0,False,main,False
9737,6,6,10.969627359588367,2.030372640411633,0.8438174891991052,0.9684638214883022,5.0,3.0,False,main,False
9737,7,7,11.969627359588367,2.030372640411633,0.8549733828277405,0.9709575994483464,3.0,2.0,False,main,False
9737,8,8,12.969627359588367,2.030372640411633,0.8646418239725578,0.9730856050542275,1.0,1.0,False,main,False
9737,9,9,13.969627359588367,2.030372640411633,0.8731017099742729,0.9749228632386382,-1.0,-1.0,True,main,False
9612,1,1,5.973312277466606,2.026687722533394,0.7466640346833258,0.9449363342009738,24.0,9.0,False,main,True
9612,2,2,6.973312277466606,2.026687722533394,0.7748124752740674,0.952152432559236,18.0,8.0,False,main,False
9612,3,3,7.973312277466606,2.026687722533394,0.7973312277466607,0.9576931322556649,14.0,7.0,False,main,False
9612,4,4,8.973312277466606,2.026687722533394,0.8157556615878733,0.962082035919622,10.0,5.0,False,main,False
9612,5,5,9.973312277466606,2.026687722533394,0.8311093564555505,0.9656448921079612,8.0,4.0,False,main,False
9612,6,6,10.973312277466606,2.026687722533394,0.8441009444205082,0.9685950752963861,5.0,3.0,False,main,False
9612,7,7,11.973312277466606,2.026687722533394,0.8552365912476148,0.9710782365883286,3.0,2.0,False,main,False
9612,8,8,12.973312277466606,2.026687722533394,0.8648874851644404,0.9731972164253135,1.0,1.0,False,main,False
9612,9,9,13.973312277466606,2.026687722533394,0.8733320173416629,0.9750267067253006,-1.0,-1.0,True,main,False
583,1,1,5.868992808979005,2.1310071910209945,0.7336241011223756,0.938149011672246,25.0,10.0,False,main,True
2653,1,1,5.913687659251581,2.086312340748419,0.7392109574064476,0.9410932908992304,25.0,10.0,False,main,True
2534,1,1,6.002827385248794,1.997172614751206,0.7503534231560992,0.9468021764092207,23.0,9.0,False,main,True
8964,1,1,5.997284553102581,2.0027154468974193,0.7496605691378226,0.9464536447255556,23.0,9.0,False,main,True
8964,2,2,6.997284553102581,2.0027154468974193,0.7774760614558424,0.9534631249738607,18.0,8.0,False,main,True
8964,3,3,7.997284553102581,2.0027154468974193,0.7997284553102582,0.9588468819500312,14.0,7.0,False,main,True
8964,4,4,8.997284553102581,2.0027154468974193,0.8179349593729619,0.9631124889009529,10.0,5.0,False,main,False
8964,5,5,9.997284553102581,2.0027154468974193,0.8331070460918818,0.9665759033516614,8.0,4.0,False,main,False
8964,6,6,10.997284553102581,2.0027154468974193,0.8459449656232755,0.9694441772012414,5.0,3.0,False,main,False
8964,7,7,11.997284553102581,2.0027154468974193,0.8569488966501844,0.9718586946862543,3.0,2.0,False,main,False
8964,8,8,12.997284553102581,2.0027154468974193,0.8664856368735054,0.9739193115407813,1.0,1.0,False,main,False
8964,9,9,13.997284553102581,2.0027154468974193,0.8748302845689113,0.9756985687460371,-1.0,-1.0,True,main,False
1467,0,1,5.018265157407437,2.981734842592563,0.6272831446759296,0.8728229256824755,59.0,17.0,False,main,True
9260,0,1,4.874259317545335,3.1257406824546647,0.6092824146931669,0.8601848392855024,67.0,18.0,False,main,True
3938,0,1,4.8345715458592355,3.1654284541407645,0.6043214432324044,0.8566274485681826,69.0,18.0,False,main,True
617,1,1,5.9922412883969045,2.007758711603095,0.7490301610496131,0.9461357735403629,23.0,9.0,False,main,True
11322,1,1,5.871858079488427,2.128141920511573,0.7339822599360534,0.9383393718209552,25.0,10.0,False,main,True
11322,2,2,6.871858079488427,2.128141920511573,0.7635397866098252,0.9464578672081124,19.0,8.0,False,main,True
11322,3,3,7.871858079488427,2.128141920511573,0.7871858079488427,0.952683078949109,15.0,7.0,False,main,True
11322,4,4,8.871858079488426,2.128141920511573,0.806532552680766,0.9576092028963002,11.0,5.0,False,main,False
11322,5,5,9.871858079488426,2.128141920511573,0.8226548399573689,0.9616050013111894,8.0,4.0,False,main,False
11322,6,6,10.871858079488426,2.128141920511573,0.8362967753452636,0.9649115733221924,5.0,3.0,False,main,False
11322,7,7,11.871858079488426,2.128141920511573,0.8479898628206018,0.9676932532069323,3.0,2.0,False,main,False
11322,8,8,12.871858079488426,2.128141920511573,0.8581238719658951,0.9700659352064277,1.0,1.0,False,main,False
11322,9,9,13.871858079488426,2.128141920511573,0.8669911299680266,0.9721137094917852,-1.0,-1.0,True,main,False
6157,1,1,5.972078650532303,2.0279213494676966,0.7465098313165379,0.9448578176143398,24.0,9.0,False,main,True
5069,0,1,4.869586475645692,3.1304135243543083,0.6086983094557115,0.8597676467963737,67.0,18.0,False,main,True
4707,1,1,5.890176584098832,2.1098234159011677,0.736272073012354,0.9395512030474347,25.0,10.0,False,main,True
9554,1,1,5.915180223126708,2.0848197768732923,0.7393975278908385,0.9411906821652233,25.0,10.0,False,main,True
9554,2,2,6.915180223126708,2.0848197768732923,0.7683533581251898,0.9489183439417354,19.0,8.0,False,main,False
9554,3,3,7.915180223126708,2.0848197768732923,0.7915180223126708,0.9548472733394892,14.0,7.0,False,main,False
9554,4,4,8.915180223126708,2.0848197768732923,0.8104709293751552,0.9595409757256207,11.0,5.0,False,main,False
9554,5,5,9.915180223126708,2.0848197768732923,0.8262650185938923,0.9633495340711458,8.0,4.0,False,main,False
9554,6,6,10.915180223126708,2.0848197768732923,0.8396292479328237,0.9665020178879038,5.0,3.0,False,main,False
9554,7,7,11.915180223126708,2.0848197768732923,0.8510843016519077,0.969154660264174,3.0,2.0,False,main,False
9554,8,8,12.915180223126708,2.0848197768732923,0.8610120148751138,0.9714176982072561,1.0,1.0,False,main,False
9554,9,9,13.915180223126708,2.0848197768732923,0.8696987639454192,0.9733711506661932,-1.0,-1.0,True,main,False
7852,0,1,4.882558023186948,3.117441976813052,0.6103197528983685,0.8609246581607153,66.0,18.0,False,main,True
7852,0,2,4.882558023186948,4.117441976813052,0.542506447020772,0.7965188180757652,120.0,25.0,False,main,False
7852,0,3,4.882558023186948,5.117441976813052,0.4882558023186948,0.7382133256445327,217.0,36.0,False,main,True
7852,0,4,4.882558023186948,6.117441976813052,0.44386891119881344,0.6863758786150934,400.0,49.0,False,main,True
2578,1,1,5.860385183637209,2.139614816362791,0.7325481479546512,0.9375758292459614,26.0,10.0,False,main,True
161,1,1,6.111993435814749,1.8880065641852513,0.7639991794768436,0.953486901694114,21.0,9.0,False,main,True
4840,0,1,4.9090869720901775,3.0909130279098225,0.6136358715112722,0.8632802899575397,65.0,17.0,False,main,True
4217,0,1,5.019326970393692,2.9806730296063075,0.6274158712992115,0.8729145234124629,59.0,17.0,False,main,True
7755,0,1,4.927300268236645,3.072699731763355,0.6159125335295806,0.8648892293716763,64.0,17.0,False,main,True
7755,0,2,4.927300268236645,4.072699731763355,0.5474778075818495,0.8005720819019639,115.0,25.0,False,main,False
7755,0,3,4.927300268236645,5.072699731763355,0.4927300268236645,0.7422003457705857,206.0,35.0,False,main,False
7755,0,4,4.927300268236645,6.072699731763355,0.4479363880215132,0.6902328609287713,376.0,48.0,False,main,False
7755,0,5,4.927300268236645,7.072699731763355,0.4106083556863871,0.6442030135543246,721.0,64.0,False,main,True
7755,0,6,4.927300268236645,8.072699731763354,0.379023097556665,0.6034081380641328,1521.0,86.0,False,main,True
7755,0,7,4.927300268236645,9.072699731763354,0.3519500191597604,0.5671423202482895,-1.0,115.0,False,main,True
7755,0,8,4.927300268236645,10.072699731763354,0.3284866845491097,0.5347706673775021,-1.0,152.0,False,main,True
7755,0,9,4.927300268236645,11.072699731763354,0.3079562667647903,0.505746037640128,-1.0,204.0,False,main,True
6537,0,1,5.0667653122595935,2.933234687740407,0.6333456640324492,0.8769828064214482,56.0,17.0,False,main,True
6929,1,1,5.878010650476129,2.1219893495238713,0.7347513313095161,0.9387473888093006,25.0,10.0,False,main,True
7327,1,1,6.020837346949044,1.979162653050956,0.7526046683686305,0.9479286363789546,23.0,9.0,False,main,True
7327,2,2,7.020837346949044,1.979162653050956,0.7800930385498938,0.9547376019308373,18.0,8.0,False,main,True
7327,3,3,8.020837346949044,1.979162653050956,0.8020837346949043,0.959968975002888,13.0,7.0,False,main,True
7327,4,4,9.020837346949044,1.979162653050956,0.8200761224499131,0.9641148213902466,10.0,5.0,False,main,False
7327,5,5,10.020837346949044,1.979162653050956,0.8350697789124203,0.9674816177363632,7.0,4.0,False,main,False
7327,6,6,11.020837346949044,1.979162653050956,0.8477567189960803,0.9702702894070933,5.0,3.0,False,main,False
7327,7,7,12.020837346949044,1.979162653050956,0.8586312390677888,0.9726180838321454,3.0,2.0,False,main,False
7327,8,8,13.020837346949044,1.979162653050956,0.8680558231299362,0.9746219617532212,1.0,1.0,False,main,False
7327,9,9,14.020837346949044,1.979162653050956,0.8763023341843152,0.9763523771195732,-1.0,-1.0,True,main,False
4325,1,1,5.844756675454316,2.155243324545684,0.7305945844317895,0.9365300921566083,26.0,10.0,False,main,True
1401,1,1,6.087578263201764,1.9124217367982363,0.7609472829002205,0.95202193677076,22.0,9.0,False,main,True
1401,2,2,7.087578263201764,1.9124217367982363,0.7875086959113071,0.9582762311129809,17.0,8.0,False,main,True
1401,3,3,8.087578263201763,1.9124217367982363,0.8087578263201763,0.9630856720830181,13.0,6.0,False,main,True
1401,4,4,9.087578263201763,1.9124217367982363,0.8261434784728876,0.9668996796121966,10.0,5.0,False,main,False
1401,5,5,10.087578263201763,1.9124217367982363,0.8406315219334802,0.9699986130309286,7.0,4.0,False,main,False
1401,6,6,11.087578263201763,1.9124217367982363,0.8528906356309048,0.972566498788446,5.0,3.0,False,main,False
1401,7,7,12.087578263201763,1.9124217367982363,0.8633984473715545,0.9747291620462581,3.0,2.0,False,main,False
1401,8,8,13.087578263201763,1.9124217367982363,0.8725052175467842,0.9765755635160486,1.0,1.0,False,main,False
1401,9,9,14.087578263201763,1.9124217367982363,0.8804736414501102,0.9781703859324855,-1.0,-1.0,True,main,False
6659,1,1,5.9557083517544145,2.0442916482455855,0.7444635439693018,0.9438118913439542,24.0,9.0,False,main,True
8121,1,1,5.954043433494434,2.0459565665055663,0.7442554291868042,0.9437051005449435,24.0,9.0,False,main,True
8121,2,2,6.954043433494434,2.0459565665055663,0.7726714926104926,0.9510891200068023,18.0,8.0,False,main,False
8121,3,3,7.954043433494434,2.0459565665055663,0.7954043433494433,0.9567573100108087,14.0,7.0,False,main,False
8121,4,4,8.954043433494434,2.0459565665055663,0.814003948499494,0.9612463375349999,11.0,5.0,False,main,False
8121,5,5,9.954043433494434,2.0459565665055663,0.8295036194578694,0.9648899244126367,8.0,4.0,False,main,False
8121,6,6,10.954043433494434,2.0459565665055663,0.842618725653418,0.967906590625519,5.0,3.0,False,main,False
8121,7,7,11.954043433494434,2.0459565665055663,0.8538602452496024,0.9704454580664391,3.0,2.0,False,main,False
8121,8,8,12.954043433494434,2.0459565665055663,0.8636028955662955,0.9726117940561124,1.0,1.0,False,main,False
8121,9,9,13.954043433494434,2.0459565665055663,0.8721277145934021,0.9744820388773403,-1.0,-1.0,True,main,False
9182,1,1,5.966499788412415,2.0335002115875853,0.7458124735515519,0.9445022108440471,24.0,9.0,False,main,True
10704,0,1,4.961090402178417,3.0389095978215823,0.6201363002723022,0.8678562161773185,62.0,17.0,False,main,True
10704,0,2,4.961090402178417,4.038909597821583,0.5512322669087131,0.8036142325403224,111.0,25.0,False,main,False
10704,0,3,4.961090402178417,5.038909597821583,0.49610904021784175,0.7451970179808922,198.0,34.0,False,main,True
10704,0,4,4.961090402178417,6.038909597821583,0.4510082183798561,0.6931341763616956,359.0,47.0,False,main,True
10704,0,5,4.961090402178417,7.038909597821583,0.41342420018153475,0.6469897358849648,683.0,63.0,False,main,True
741,1,1,5.965974963793917,2.0340250362060837,0.7457468704742396,0.9444687130127163,24.0,9.0,False,main,True
3080,1,1,6.07339609912972,1.9266039008702798,0.759174512391215,0.9511629305043781,22.0,9.0,False,main,True
2357,0,1,4.863018246454217,3.1369817535457827,0.6078772808067772,0.8591804857018055,67.0,18.0,False,main,True
5312,0,1,5.140838989092232,2.8591610109077683,0.642604873636529,0.8832406316168327,53.0,16.0,False,main,True
6229,1,1,5.896484001032884,2.103515998967116,0.7370605001291105,0.9399663723795857,25.0,10.0,False,main,True
6229,2,2,6.896484001032884,2.103515998967116,0.7662760001147649,0.9478617035490127,19.0,8.0,False,main,False
6229,3,3,7.896484001032884,2.103515998967116,0.7896484001032884,0.9539177735548477,14.0,7.0,False,main,False
6229,4,4,8.896484001032885,2.103515998967116,0.8087712728211713,0.9587112325251327,11.0,5.0,False,main,False
6229,5,5,9.896484001032885,2.103515998967116,0.8247070000860738,0.9626001676952639,8.0,4.0,False,main,False
6229,6,6,10.896484001032885,2.103515998967116,0.8381910770025296,0.9658188052854669,5.0,3.0,False,main,False
6229,7,7,11.896484001032885,2.103515998967116,0.8497488572166346,0.9685268520990469,3.0,2.0,False,main,False
6229,8,8,12.896484001032885,2.103515998967116,0.859765600068859,0.970836971470952,1.0,1.0,False,main,False
6229,9,9,13.896484001032885,2.103515998967116,0.8685302500645553,0.9728309287835736,-1.0,-1.0,True,main,False
11549,1,1,5.915895890588679,2.0841041094113213,0.7394869863235849,0.9412373586796412,25.0,10.0,False,main,True
11173,1,1,5.866591992687638,2.133408007312362,0.7333239990859548,0.9379893397352493,26.0,10.0,False,main,True
11173,2,2,6.866591992687638,2.133408007312362,0.762954665854182,0.9461558979663743,19.0,8.0,False,main,False
11173,3,3,7.866591992687638,2.133408007312362,0.7866591992687638,0.952417525905462,15.0,7.0,False,main,False
11173,4,4,8.866591992687638,2.133408007312362,0.8060538175170581,0.9573722057201516,11.0,5.0,False,main,False
11173,5,5,9.866591992687638,2.133408007312362,0.8222159993906365,0.961391001950833,8.0,4.0,False,main,False
11173,6,6,10.866591992687638,2.133408007312362,0.835891691745203,0.9647164953446186,5.0,3.0,False,main,False
11173,7,7,11.866591992687638,2.133408007312362,0.8476137137634028,0.9675140173953868,3.0,2.0,False,main,False
11173,8,8,12.866591992687638,2.133408007312362,0.8577727995125092,0.9699001584078186,1.0,1.0,False,main,False
11173,9,9,13.866591992687638,2.133408007312362,0.8666619995429774,0.9719595092894782,-1.0,-1.0,True,main,False
9993,1,1,6.105115176397474,1.894884823602526,0.7631393970496843,0.9530759722299258,22.0,9.0,False,main,True
9993,2,2,7.105115176397474,1.894884823602526,0.7894572418219415,0.9591878679150087,17.0,8.0,False,main,False
9993,3,3,8.105115176397474,1.894884823602526,0.8105115176397474,0.9638888911398372,13.0,6.0,False,main,False
9993,4,4,9.105115176397474,1.894884823602526,0.8277377433088613,0.9676175738137252,10.0,5.0,False,main,False
9993,5,5,10.105115176397474,1.894884823602526,0.8420929313664561,0.9706475965101936,7.0,4.0,False,main,False
9993,6,6,11.105115176397474,1.894884823602526,0.8542396289536518,0.973158659002201,5.0,3.0,False,main,False
9993,7,7,12.105115176397474,1.894884823602526,0.864651084028391,0.9752736591784676,3.0,2.0,False,main,False
9993,8,8,13.105115176397474,1.894884823602526,0.8736743450931649,0.9770795059390608,1.0,1.0,False,main,False
9993,9,9,14.105115176397474,1.894884823602526,0.8815696985248421,0.9786394009026621,-1.0,-1.0,True,main,False
4153,1,1,6.039583129981162,1.9604168700188382,0.7549478912476453,0.9490913102844504,23.0,9.0,False,main,True
4776,0,1,4.882177217313178,3.117822782686822,0.6102721521641472,0.8608907404068168,66.0,18.0,False,main,True
1186,1,1,5.879274704384436,2.120725295615564,0.7349093380480545,0.9388310909369127,25.0,10.0,False,main,True
1186,2,2,6.879274704384436,2.120725295615564,0.7643638560427151,0.9468820991537135,19.0,8.0,False,main,True
1186,3,3,7.879274704384436,2.120725295615564,0.7879274704384436,0.9530561702310925,15.0,7.0,False,main,True
1186,4,4,8.879274704384436,2.120725295615564,0.807206791307676,0.9579421879659904,11.0,5.0,False,main,False
1186,5,5,9.879274704384436,2.120725295615564,0.8232728920320364,0.9619056837987028,8.0,4.0,False,main,False
1186,6,6,10.879274704384436,2.120725295615564,0.836867284952649,0.9651856772874137,5.0,3.0,False,main,False
1186,7,7,11.879274704384436,2.120725295615564,0.8485196217417454,0.9679451028306277,3.0,2.0,False,main,False
1186,8,8,12.879274704384436,2.120725295615564,0.858618313625629,0.9702988774288269,1.0,1.0,False,main,False
1186,9,9,13.879274704384436,2.120725295615564,0.8674546690240272,0.9723303881746925,-1.0,-1.0,True,main,False
1590,0,1,4.969318427614525,3.030681572385475,0.6211648034518156,0.8685751365702036,61.0,17.0,False,main,True
10988,1,1,6.126691464101601,1.8733085358983987,0.7658364330127001,0.954360297060188,21.0,9.0,False,main,True
10988,2,2,7.126691464101601,1.8733085358983987,0.7918546071224001,0.960298924148472,16.0,8.0,False,main,False
10988,3,3,8.1266914641016,1.8733085358983987,0.8126691464101601,0.964867972145981,13.0,6.0,False,main,False
10988,4,4,9.1266914641016,1.8733085358983987,0.8296992240092365,0.9684927582127456,10.0,5.0,False,main,False
10988,5,5,10.1266914641016,1.8733085358983987,0.8438909553418,0.9714388510001801,7.0,4.0,False,main,False
10988,6,6,11.1266914641016,1.8733085358983987,0.8558993433924308,0.973880692228361,5.0,3.0,False,main,False
10988,7,7,12.1266914641016,1.8733085358983987,0.8661922474358287,0.9759376208138631,3.0,2.0,False,main,False
10988,8,8,13.1266914641016,1.8733085358983987,0.8751127642734401,0.9776940501827983,1.0,1.0,False,main,False
10988,9,9,14.1266914641016,1.8733085358983987,0.88291821650635,0.9792113800493749,-1.0,-1.0,True,main,False
9908,1,1,6.122631748352027,1.8773682516479737,0.7653289685440033,0.9541197016393567,21.0,9.0,False,main,True
9908,2,2,7.122631748352027,1.8773682516479737,0.7914035275946696,0.9600907671982195,16.0,8.0,False,main,False
9908,3,3,8.122631748352028,1.8773682516479737,0.8122631748352026,0.9646845274733191,13.0,6.0,False,main,False
9908,4,4,9.122631748352028,1.8773682516479737,0.8293301589410933,0.9683287708017355,10.0,5.0,False,main,False
9908,5,5,10.122631748352028,1.8773682516479737,0.8435526456960022,0.971290583274187,7.0,4.0,False,main,False
9908,6,6,11.122631748352028,1.8773682516479737,0.8555870575655404,0.9737453904433462,5.0,3.0,False,main,False
9908,7,7,12.122631748352028,1.8773682516479737,0.8659022677394305,0.9758131972752081,3.0,2.0,False,main,False
9908,8,8,13.122631748352028,1.8773682516479737,0.8748421165568018,0.977578884289661,1.0,1.0,False,main,False
9908,9,9,14.122631748352028,1.8773682516479737,0.8826644842720017,0.9791041885191815,-1.0,-1.0,True,main,False
4534,1,1,6.111981848991755,1.8880181510082452,0.7639977311239694,0.9534862106393698,21.0,9.0,False,main,True
490,0,1,4.8661458017147075,3.1338541982852925,0.6082682252143384,0.8594601797279048,67.0,18.0,False,main,True
2790,0,1,4.910782544653813,3.0892174553461875,0.6138478180817266,0.8634303605952736,65.0,17.0,False,main,True
3665,1,1,6.085064382330992,1.9149356176690082,0.760633047791374,0.9518701016102233,22.0,9.0,False,main,True
5089,1,1,6.018266256245427,1.9817337437545726,0.7522832820306784,0.9477683869935118,23.0,9.0,False,main,True
7623,1,1,6.031523106649848,1.968476893350152,0.753940388331231,0.9485926330312012,23.0,9.0,False,main,True
7623,2,2,7.031523106649848,1.968476893350152,0.7812803451833165,0.9553114433278285,17.0,8.0,False,main,False
7623,3,3,8.031523106649848,1.968476893350152,0.8031523106649848,0.9604742767035224,13.0,7.0,False,main,False
7623,4,4,9.031523106649848,1.968476893350152,0.8210475551499862,0.9645662421427142,10.0,5.0,False,main,False
7623,5,5,10.031523106649848,1.968476893350152,0.8359602588874874,0.9678895602727002,7.0,4.0,False,main,False
7623,6,6,11.031523106649848,1.968476893350152,0.8485787005115267,0.9706424048594917,5.0,3.0,False,main,False
7623,7,7,12.031523106649848,1.968476893350152,0.8593945076178463,0.9729601646508012,3.0,2.0,False,main,False
7623,8,8,13.031523106649848,1.968476893350152,0.8687682071099899,0.9749384992494108,1.0,1.0,False,main,False
7623,9,9,14.031523106649848,1.968476893350152,0.8769701941656155,0.976646924356806,-1.0,-1.0,True,main,False
3804,0,1,4.931204176321371,3.068795823678629,0.6164005220401714,0.8652332131683735,63.0,17.0,False,main,True
9959,1,1,5.838160342842487,2.1618396571575134,0.7297700428553109,0.9360867771157779,26.0,10.0,False,main,True
9959,2,2,6.838160342842487,2.1618396571575134,0.7597955936491653,0.944514892462419,20.0,8.0,False,main,False
9959,3,3,7.838160342842487,2.1618396571575134,0.7838160342842487,0.950974623622304,15.0,7.0,False,main,False
9959,4,4,8.838160342842487,2.1618396571575134,0.8034691220765897,0.9560846041795453,11.0,5.0,False,main,False
9959,5,5,9.838160342842487,2.1618396571575134,0.8198466952368739,0.9602284473869661,8.0,4.0,False,main,False
9959,6,6,10.838160342842487,2.1618396571575134,0.8337046417571143,0.9636568055667044,5.0,3.0,False,main,False
9959,7,7,11.838160342842487,2.1618396571575134,0.8455828816316062,0.966540440718177,3.0,2.0,False,main,False
9959,8,8,12.838160342842487,2.1618396571575134,0.8558773561894991,0.9689997324808161,1.0,1.0,False,main,False
9959,9,9,13.838160342842487,2.1618396571575134,0.8648850214276554,0.971121997042117,-1.0,-1.0,True,main,False
9392,1,1,6.133878345166143,1.8661216548338575,0.7667347931457679,0.9547850125902668,21.0,9.0,False,main,True
1631,1,1,6.115369438588925,1.884630561411075,0.7644211798236156,0.9536880815209494,21.0,9.0,False,main,True
7934,0,1,4.973362510731346,3.026637489268654,0.6216703138414182,0.8689279753831126,61.0,17.0,False,main,True
7934,0,2,4.973362510731346,4.026637489268654,0.5525958345257052,0.8047150565970164,110.0,25.0,False,main,False
7934,0,3,4.973362510731346,5.026637489268654,0.4973362510731346,0.7462823027034924,196.0,34.0,False,main,True
7934,0,4,4.973362510731346,6.026637489268654,0.45212386461194054,0.6941854393904434,354.0,47.0,False,main,True
7934,0,5,4.973362510731346,7.026637489268654,0.4144468758942788,0.6479997941803828,669.0,63.0,False,main,True
7028,0,1,4.852536230042707,3.147463769957293,0.6065670287553384,0.8582416466235354,68.0,18.0,False,main,True
5931,1,1,6.056592608207707,1.943407391792293,0.7570740760259633,0.9501375649578615,22.0,9.0,False,main,True
11136,1,1,5.986090355182803,2.013909644817197,0.7482612943978504,0.9457471195936116,23.0,9.0,False,main,True
11136,2,2,6.986090355182803,2.013909644817197,0.7762322616869781,0.9528527660954486,18.0,8.0,False,main,False
11136,3,3,7.986090355182803,2.013909644817197,0.7986090355182803,0.9583095789136057,14.0,7.0,False,main,False
11136,4,4,8.986090355182803,2.013909644817197,0.8169173050166184,0.9626325855695956,10.0,5.0,False,main,False
11136,5,5,9.986090355182803,2.013909644817197,0.8321741962652336,0.9661422979172569,8.0,4.0,False,main,False
11136,6,6,10.986090355182803,2.013909644817197,0.8450838734756002,0.9690487093719214,5.0,3.0,False,main,False
11136,7,7,11.986090355182803,2.013909644817197,0.8561493110844859,0.9714951895786024,3.0,2.0,False,main,False
11136,8,8,12.986090355182803,2.013909644817197,0.8657393570121868,0.9735829832441202,1.0,1.0,False,main,False
11136,9,9,13.986090355182803,2.013909644817197,0.8741306471989252,0.9753856324132497,-1.0,-1.0,True,main,False
6030,1,1,5.969884808814042,2.030115191185958,0.7462356011017552,0.9447180815313815,24.0,9.0,False,main,True
6030,2,2,6.969884808814042,2.030115191185958,0.7744316454237824,0.9519639292750033,18.0,8.0,False,main,True
6030,3,3,7.969884808814042,2.030115191185958,0.7969884808814042,0.9575272193634038,14.0,7.0,False,main,True
6030,4,4,8.969884808814042,2.030115191185958,0.8154440735285493,0.9619338665268944,10.0,5.0,False,main,False
6030,5,5,9.969884808814042,2.030115191185958,0.8308237340678368,0.9655110308499012,8.0,4.0,False,main,False
6030,6,6,10.969884808814042,2.030115191185958,0.8438372929856955,0.968472997940759,5.0,3.0,False,main,False
6030,7,7,11.969884808814042,2.030115191185958,0.8549917720581458,0.9709660335994468,3.0,2.0,False,main,False
6030,8,8,12.969884808814042,2.030115191185958,0.8646589872542695,0.973093408144473,1.0,1.0,False,main,False
6030,9,9,13.969884808814042,2.030115191185958,0.8731178005508776,0.9749301232216584,-1.0,-1.0,True,main,False
36,1,1,6.045201809798552,1.954798190201448,0.755650226224819,0.9494378376804146,23.0,9.0,False,main,True
1354,1,1,5.850889774848407,2.149110225151593,0.7313612218560509,0.9369412430650663,26.0,10.0,False,main,True
2989,1,1,6.016483848029296,1.9835161519707047,0.752060481003662,0.9476571837891978,23.0,9.0,False,main,True
7570,1,1,5.906474271091749,2.0935257289082507,0.7383092838864687,0.9406217572046567,25.0,10.0,False,main,True
4377,1,1,6.131478937640526,1.8685210623594741,0.7664348672050657,0.9546433893310298,21.0,9.0,False,main,True
11408,0,1,4.9134186389894925,3.0865813610105075,0.6141773298736866,0.8636635578465301,64.0,17.0,False,main,True
6168,1,1,6.116971929589336,1.8830280704106648,0.764621491198667,0.9537834572151394,21.0,9.0,False,main,True
9208,1,1,5.981359578656532,2.018640421343468,0.7476699473320665,0.9454474781035189,24.0,9.0,False,main,True
6976,0,1,4.938814757054201,3.0611852429457986,0.6173518446317752,0.8659029046436668,63.0,17.0,False,main,True
422,1,1,5.860129583066214,2.1398704169337863,0.7325161978832767,0.9375587786172598,26.0,10.0,False,main,True
5736,0,1,5.059979893833992,2.9400201061660085,0.632497486729249,0.8764037790449088,57.0,17.0,False,main,True
621,1,1,5.986677619895461,2.0133223801045386,0.7483347024869327,0.9457842724534726,23.0,9.0,False,main,True
621,2,2,6.986677619895461,2.0133223801045386,0.7762975133217179,0.9528848601059624,18.0,8.0,False,main,True
621,3,3,7.986677619895461,2.0133223801045386,0.7986677619895461,0.9583378302383608,14.0,7.0,False,main,True
621,4,4,8.986677619895461,2.0133223801045386,0.8169706927177692,0.9626578179653894,10.0,5.0,False,main,False
621,5,5,9.986677619895461,2.0133223801045386,0.8322231349912884,0.9661650954414847,8.0,4.0,False,main,False
621,6,6,10.986677619895461,2.0133223801045386,0.8451290476842662,0.9690695012906025,5.0,3.0,False,main,False
621,7,7,11.986677619895461,2.0133223801045386,0.8561912585639615,0.9715143006922703,3.0,2.0,False,main,False
621,8,8,12.986677619895461,2.0133223801045386,0.8657785079930308,0.9736006652773695,1.0,1.0,False,main,False
621,9,9,13.986677619895461,2.0133223801045386,0.8741673512434663,0.9754020844274346,-1.0,-1.0,True,main,False
2117,0,1,4.875711025769739,3.1242889742302613,0.6094638782212174,0.8603143580278139,67.0,18.0,False,main,True
227,1,1,6.064513679013765,1.9354863209862345,0.7580642098767206,0.9506219381000093,22.0,9.0,False,main,True
227,2,2,7.064513679013765,1.9354863209862345,0.7849459643348627,0.9570656445053553,17.0,8.0,False,main,True
227,3,3,8.064513679013764,1.9354863209862345,0.8064513679013765,0.9620192361030838,13.0,6.0,False,main,True
227,4,4,9.064513679013764,1.9354863209862345,0.8240466980921605,0.9659466539298016,10.0,5.0,False,main,False
227,5,5,10.064513679013764,1.9354863209862345,0.8387094732511471,0.9691371578106668,7.0,4.0,False,main,False
227,6,6,11.064513679013764,1.9354863209862345,0.8511164368472127,0.9717805368170224,5.0,3.0,False,main,False
227,7,7,12.064513679013764,1.9354863209862345,0.8617509770724119,0.9740065131076932,3.0,2.0,False,main,False
227,8,8,13.064513679013764,1.9354863209862345,0.8709675786009177,0.9759067779051601,1.0,1.0,False,main,False
227,9,9,14.064513679013764,1.9354863209862345,0.8790321049383604,0.9775479843840389,-1.0,-1.0,True,main,False
5386,1,1,6.0578374282995275,1.942162571700473,0.7572296785374409,0.950213806040379,22.0,9.0,False,main,True
4327,1,1,5.969999180654,2.0300008193459997,0.74624989758175,0.9447253697229149,24.0,9.0,False,main,True
9468,0,1,5.100826783419463,2.8991732165805373,0.6376033479274329,0.879874774473353,55.0,16.0,False,main,True
9468,0,2,5.100826783419463,3.8991732165805373,0.5667585314910515,0.8160208906483999,97.0,24.0,False,main,False
9468,0,3,5.100826783419463,4.899173216580538,0.5100826783419463,0.7574580884687993,170.0,33.0,False,main,True
9468,0,4,5.100826783419463,5.899173216580538,0.46371152576540575,0.7050273152415638,301.0,44.0,False,main,True
1204,1,1,5.963307114779847,2.0366928852201527,0.7454133893474809,0.9442983146401001,24.0,9.0,False,main,True
7212,0,1,4.887233091156297,3.1127669088437027,0.6109041363945371,0.8613408187623788,66.0,18.0,False,main,True
2997,1,1,5.929617147197339,2.070382852802661,0.7412021433996674,0.9421295719753218,24.0,9.0,False,main,True
6889,1,1,5.957134352840996,2.0428656471590037,0.7446417941051245,0.943903296590072,24.0,9.0,False,main,True
6174,0,1,4.864498675072441,3.135501324927559,0.6080623343840551,0.8593129035838709,67.0,18.0,False,main,True
6698,0,1,4.838124188657108,3.161875811342892,0.6047655235821385,0.8569471840668804,69.0,18.0,False,main,True
929,1,1,6.12692022415028,1.8730797758497206,0.765865028018785,0.9543738396674541,21.0,9.0,False,main,True
929,2,2,7.12692022415028,1.8730797758497206,0.7918800249055866,0.9603106411422223,16.0,8.0,False,main,True
929,3,3,8.126920224150279,1.8730797758497206,0.8126920224150279,0.9648782982883233,13.0,6.0,False,main,False
929,4,4,9.126920224150279,1.8730797758497206,0.8297200203772981,0.9685019892284811,10.0,5.0,False,main,False
929,5,5,10.126920224150279,1.8730797758497206,0.8439100186791899,0.9714471972306814,7.0,4.0,False,main,False
929,6,6,11.126920224150279,1.8730797758497206,0.8559169403192523,0.9738883086532283,5.0,3.0,False,main,False
929,7,7,12.126920224150279,1.8730797758497206,0.8662085874393056,0.9759446249312687,3.0,2.0,False,main,False
929,8,8,13.126920224150279,1.8730797758497206,0.8751280149433519,0.9777005332045432,1.0,1.0,False,main,False
929,9,9,14.126920224150279,1.8730797758497206,0.8829325140093924,0.9792174142035821,-1.0,-1.0,True,main,False
6713,0,1,5.015423313685748,2.9845766863142518,0.6269279142107185,0.8725776575169795,59.0,17.0,False,main,True
9937,1,1,6.143761163743459,1.856238836256541,0.7679701454679324,0.9553665162604431,21.0,9.0,False,main,True
9937,2,2,7.143761163743459,1.856238836256541,0.7937512404159399,0.9611695811231133,16.0,8.0,False,main,False
9937,3,3,8.14376116374346,1.856238836256541,0.8143761163743459,0.9656353323163049,13.0,6.0,False,main,False
9937,4,4,9.14376116374346,1.856238836256541,0.831251014885769,0.969178773944124,10.0,5.0,False,main,False
9937,5,5,10.14376116374346,1.856238836256541,0.8453134303119549,0.9720591393803801,7.0,4.0,False,main,False
9937,6,6,11.14376116374346,1.856238836256541,0.8572123972110354,0.9744467616319701,5.0,3.0,False,main,False
9937,7,7,12.14376116374346,1.856238836256541,0.8674115116959614,0.9764581973807958,3.0,2.0,False,main,False
9937,8,8,13.14376116374346,1.856238836256541,0.876250744249564,0.9781759085266932,1.0,1.0,False,main,False
9937,9,9,14.14376116374346,1.856238836256541,0.8839850727339662,0.9796598852396782,-1.0,-1.0,True,main,False
175,0,1,4.9606397082059726,3.0393602917940274,0.6200799635257466,0.8678167967066078,62.0,17.0,False,main,True
1163,1,1,5.923974729256355,2.076025270743645,0.7404968411570444,0.9417633005483146,25.0,10.0,False,main,True
2914,0,1,5.14301605158647,2.8569839484135304,0.6428770064483087,0.8834227908314702,53.0,16.0,False,main,True
8208,1,1,6.007291151429091,1.992708848570909,0.7509113939286364,0.9470822260611409,23.0,9.0,False,main,True
8208,2,2,7.007291151429091,1.992708848570909,0.7785879057143434,0.9540062138825778,18.0,8.0,False,main,False
8208,3,3,8.00729115142909,1.992708848570909,0.800729115142909,0.9593250090521964,14.0,7.0,False,main,False
8208,4,4,9.00729115142909,1.992708848570909,0.8188446501299173,0.9635395671305319,10.0,5.0,False,main,False
8208,5,5,10.00729115142909,1.992708848570909,0.8339409292857575,0.966961800795368,8.0,4.0,False,main,False
8208,6,6,11.00729115142909,1.992708848570909,0.8467147039560838,0.9697961486833016,5.0,3.0,False,main,False
8208,7,7,12.00729115142909,1.992708848570909,0.8576636536735064,0.9721822307541923,3.0,2.0,False,main,False
8208,8,8,13.00729115142909,1.992708848570909,0.867152743428606,0.9742186682307317,1.0,1.0,False,main,False
8208,9,9,14.00729115142909,1.992708848570909,0.8754556969643181,0.9759771122118869,-1.0,-1.0,True,main,False
6035,0,1,4.904624063154343,3.095375936845657,0.6130780078942929,0.862885009481562,65.0,17.0,False,main,True
10062,0,1,4.953029406974508,3.046970593025492,0.6191286758718135,0.8671505388435127,62.0,17.0,False,main,True
10062,0,2,4.953029406974508,4.046970593025492,0.5503366007749454,0.8028899779519787,112.0,25.0,False,main,False
10062,0,3,4.953029406974508,5.046970593025492,0.49530294069745084,0.7444832547116836,200.0,35.0,False,main,True
10062,0,4,4.953029406974508,6.046970593025492,0.4502754006340462,0.6924429377334076,363.0,47.0,False,main,True
10062,0,5,4.953029406974508,7.046970593025492,0.412752450581209,0.6463256829175666,692.0,64.0,False,main,True
3317,1,1,6.082068487512252,1.9179315124877474,0.7602585609390315,0.9516889115272431,22.0,9.0,False,main,True
3317,2,2,7.082068487512252,1.9179315124877474,0.7868964986124725,0.957988234060662,17.0,8.0,False,main,True
3317,3,3,8.082068487512252,1.9179315124877474,0.8082068487512253,0.9628319497493694,13.0,6.0,False,main,False
3317,4,4,9.082068487512252,1.9179315124877474,0.8256425897738411,0.9666729266123699,10.0,5.0,False,main,False
3317,5,5,10.082068487512252,1.9179315124877474,0.8401723739593544,0.9697936381359684,7.0,4.0,False,main,False
3317,6,6,11.082068487512252,1.9179315124877474,0.8524668067317117,0.9723794799246639,5.0,3.0,False,main,False
3317,7,7,12.082068487512252,1.9179315124877474,0.8630048919651608,0.9745572032208509,3.0,2.0,False,main,False
3317,8,8,13.082068487512252,1.9179315124877474,0.8721378991674835,0.9764164177177085,1.0,1.0,False,main,False
3317,9,9,14.082068487512252,1.9179315124877474,0.8801292804695158,0.9780222745413656,-1.0,-1.0,True,main,False
1094,1,1,5.96154656537302,2.0384534346269807,0.7451933206716275,0.9441857582263994,24.0,9.0,False,main,True
9465,1,1,5.860102485319352,2.1398975146806483,0.732512810664919,0.9375569708761379,26.0,10.0,False,main,True
9465,2,2,6.860102485319352,2.1398975146806483,0.762233609479928,0.9457829226397462,19.0,8.0,False,main,False
9465,3,3,7.860102485319352,2.1398975146806483,0.7860102485319352,0.9520895460285956,15.0,7.0,False,main,False
9465,4,4,8.860102485319352,2.1398975146806483,0.8054638623017593,0.9570795057988408,11.0,5.0,False,main,False
9465,5,5,9.860102485319352,2.1398975146806483,0.821675207109946,0.961126713086363,8.0,4.0,False,main,False
9465,6,6,10.860102485319352,2.1398975146806483,0.8353924988707194,0.9644755802271961,5.0,3.0,False,main,False
9465,7,7,11.860102485319352,2.1398975146806483,0.8471501775228109,0.9672926713132363,3.0,2.0,False,main,False
9465,8,8,12.860102485319352,2.1398975146806483,0.8573401656879568,0.9696954369165381,1.0,1.0,False,main,False
9465,9,9,13.860102485319352,2.1398975146806483,0.8662564053324595,0.971769086750917,-1.0,-1.0,True,main,False
3871,1,1,5.979438500798303,2.0205614992016967,0.7474298125997879,0.9453256205808588,24.0,9.0,False,main,True
3871,2,2,6.979438500798303,2.0205614992016967,0.7754931667553671,0.9524886745577258,18.0,8.0,False,main,True
3871,3,3,7.979438500798303,2.0205614992016967,0.7979438500798304,0.9579890905351398,14.0,7.0,False,main,True
3871,4,4,8.979438500798302,2.0205614992016967,0.8163125909816639,0.9623463511591612,10.0,5.0,False,main,False
3871,5,5,9.979438500798302,2.0205614992016967,0.8316198750665252,0.9658836892905533,8.0,4.0,False,main,False
3871,6,6,10.979438500798302,2.0205614992016967,0.8445721923691002,0.9688128553114496,5.0,3.0,False,main,False
3871,7,7,11.979438500798302,2.0205614992016967,0.8556741786284502,0.9712784045091275,3.0,2.0,False,main,False
3871,8,8,12.979438500798302,2.0205614992016967,0.8652959000532202,0.9733824109183973,1.0,1.0,False,main,False
3871,9,9,13.979438500798302,2.0205614992016967,0.8737149062998939,0.9751990142186249,-1.0,-1.0,True,main,False
4126,0,1,5.128526546710173,2.871473453289827,0.6410658183387716,0.8822085233643184,53.0,16.0,False,main,True
9983,1,1,6.123551646194715,1.8764483538052854,0.7654439557743393,0.95417426167749,21.0,9.0,False,main,True
9983,2,2,7.123551646194715,1.8764483538052854,0.7915057384660794,0.9601379703119435,16.0,8.0,False,main,False
9983,3,3,8.123551646194715,1.8764483538052854,0.8123551646194714,0.9647261261184596,13.0,6.0,False,main,False
9983,4,4,9.123551646194715,1.8764483538052854,0.8294137860177013,0.9683659568661321,10.0,5.0,False,main,False
9983,5,5,10.123551646194715,1.8764483538052854,0.8436293038495596,0.971324204446115,7.0,4.0,False,main,False
9983,6,6,11.123551646194715,1.8764483538052854,0.8556578189380549,0.9737760712590755,5.0,3.0,False,main,False
9983,7,7,12.123551646194715,1.8764483538052854,0.8659679747281939,0.9758414112036077,3.0,2.0,False,main,False
9983,8,8,13.123551646194715,1.8764483538052854,0.8749034430796476,0.977604998860561,1.0,1.0,False,main,False
9983,9,9,14.123551646194715,1.8764483538052854,0.8827219778871697,0.9791284947588569,-1.0,-1.0,True,main,False
10536,0,1,4.844430012833234,3.155569987166766,0.6055537516041543,0.8575140772567209,69.0,18.0,False,main,True
10536,0,2,4.844430012833234,4.155569987166766,0.5382700014259149,0.7930422342298232,125.0,26.0,False,main,True
10536,0,3,4.844430012833234,5.155569987166766,0.4844430012833234,0.7347985507932759,227.0,36.0,False,main,True
11044,1,1,5.9223002385891235,2.0776997614108765,0.7402875298236404,0.9416544354486355,25.0,10.0,False,main,True
11044,2,2,6.9223002385891235,2.0776997614108765,0.769144470954347,0.9493186448822241,19.0,8.0,False,main,False
11044,3,3,7.9223002385891235,2.0776997614108765,0.7922300238589124,0.9551994460850594,14.0,7.0,False,main,False
11044,4,4,8.922300238589123,2.0776997614108765,0.8111182035081022,0.9598553784563553,11.0,5.0,False,main,False
11044,5,5,9.922300238589123,2.0776997614108765,0.8268583532157603,0.9636334994964115,8.0,4.0,False,main,False
11044,6,6,10.922300238589123,2.0776997614108765,0.8401769414299326,0.9667609288266173,5.0,3.0,False,main,False
11044,7,7,11.922300238589123,2.0776997614108765,0.8515928741849373,0.969392585637598,3.0,2.0,False,main,False
11044,8,8,12.922300238589123,2.0776997614108765,0.8614866825726082,0.9716377889827316,1.0,1.0,False,main,False
11044,9,9,13.922300238589123,2.0776997614108765,0.8701437649118202,0.9735758969520533,-1.0,-1.0,True,main,False
5143,0,1,5.120079648179941,2.8799203518200587,0.6400099560224927,0.8814985841716353,54.0,16.0,False,main,True
8374,0,1,5.089310081174436,2.910689918825564,0.6361637601468045,0.8788996928362494,55.0,16.0,False,main,True
8374,0,2,5.089310081174436,3.910689918825564,0.5654788979082707,0.8150089982731853,98.0,24.0,False,main,False
8374,0,3,5.089310081174436,4.910689918825565,0.5089310081174436,0.756455564725578,172.0,33.0,False,main,False
8374,0,4,5.089310081174436,5.910689918825565,0.4626645528340397,0.7040534898366674,305.0,45.0,False,main,False
8374,0,5,5.089310081174436,6.910689918825565,0.424109173431203,0.6574894955445045,560.0,60.0,False,main,True
8374,0,6,5.089310081174436,7.910689918825565,0.391485390859572,0.616132012327511,1103.0,79.0,False,main,True
8374,0,7,5.089310081174436,8.910689918825565,0.3635221486553169,0.5793091398875596,2466.0,105.0,False,main,True
8374,0,8,5.089310081174436,9.910689918825565,0.3392873387449624,0.5464021035759175,-1.0,138.0,False,main,True
328,1,1,5.9451599511961195,2.0548400488038805,0.7431449938995149,0.9431340039952543,24.0,9.0,False,main,True
328,2,2,6.9451599511961195,2.0548400488038805,0.7716844390217911,0.9505959905125745,18.0,8.0,False,main,True
328,3,3,7.9451599511961195,2.0548400488038805,0.7945159951196119,0.956323357374623,14.0,7.0,False,main,True
328,4,4,8.94515995119612,2.0548400488038805,0.8131963591996473,0.960858848681985,11.0,5.0,False,main,False
328,5,5,9.94515995119612,2.0548400488038805,0.8287633292663433,0.964539893161351,8.0,4.0,False,main,False
328,6,6,10.94515995119612,2.0548400488038805,0.84193538086124,0.9675874020294992,5.0,3.0,False,main,False
328,7,7,11.94515995119612,2.0548400488038805,0.8532257107997229,0.9701521096143694,3.0,2.0,False,main,False
328,8,8,12.94515995119612,2.0548400488038805,0.8630106634130746,0.9723404104068828,1.0,1.0,False,main,False
328,9,9,13.94515995119612,2.0548400488038805,0.8715724969497575,0.9742295565493572,-1.0,-1.0,True,main,False
9012,1,1,6.024167654530057,1.975832345469943,0.7530209568162571,0.9481359259821284,23.0,9.0,False,main,True
8036,1,1,5.986873672038278,2.0131263279617224,0.7483592090047847,0.9457966733913877,23.0,9.0,False,main,True
8036,2,2,6.986873672038278,2.0131263279617224,0.7763192968931419,0.952895572540727,18.0,8.0,False,main,False
8036,3,3,7.986873672038278,2.0131263279617224,0.7986873672038277,0.9583472600808092,14.0,7.0,False,main,False
8036,4,4,8.986873672038278,2.0131263279617224,0.8169885156398435,0.9626662401586252,10.0,5.0,False,main,False
8036,5,5,9.986873672038278,2.0131263279617224,0.8322394726698565,0.9661727049265295,8.0,4.0,False,main,False
8036,6,6,10.986873672038278,2.0131263279617224,0.8451441286183291,0.9690764413447115,5.0,3.0,False,main,False
8036,7,7,11.986873672038278,2.0131263279617224,0.8562052622884485,0.9715206797255831,3.0,2.0,False,main,False
8036,8,8,12.986873672038278,2.0131263279617224,0.8657915781358853,0.9736065673095249,1.0,1.0,False,main,False
8036,9,9,13.986873672038278,2.0131263279617224,0.8741796045023924,0.9754075759005973,-1.0,-1.0,True,main,False
616,1,1,5.894596141848258,2.1054038581517416,0.7368245177310323,0.939842221443698,25.0,10.0,False,main,True
6823,0,1,5.057680612788054,2.9423193872119464,0.6322100765985067,0.8762073529412809,57.0,17.0,False,main,True
312,0,1,4.9131706979204885,3.0868293020795115,0.6141463372400611,0.863641630235956,64.0,17.0,False,main,True
8814,1,1,5.88537898390716,2.1146210160928396,0.735672372988395,0.9392346960765137,25.0,10.0,False,main,True
9955,1,1,6.080078742505057,1.9199212574949434,0.7600098428131321,0.9515684276260232,22.0,9.0,False,main,True
9955,2,2,7.080078742505057,1.9199212574949434,0.7866754158338952,0.9578840450904442,17.0,8.0,False,main,False
9955,3,3,8.080078742505057,1.9199212574949434,0.8080078742505057,0.962740163234187,13.0,6.0,False,main,False
9955,4,4,9.080078742505057,1.9199212574949434,0.8254617038640961,0.966590898489566,10.0,5.0,False,main,False
9955,5,5,10.080078742505057,1.9199212574949434,0.8400065618754214,0.9697194896852779,7.0,4.0,False,main,False
9955,6,6,11.080078742505057,1.9199212574949434,0.8523137494234659,0.9723118280184041,5.0,3.0,False,main,False
9955,7,7,12.080078742505057,1.9199212574949434,0.8628627673217898,0.9744949999161362,3.0,2.0,False,main,False
9955,8,8,13.080078742505057,1.9199212574949434,0.8720052495003371,0.9763588499473489,1.0,1.0,False,main,False
9955,9,9,14.080078742505057,1.9199212574949434,0.880004921406566,0.9779686987462168,-1.0,-1.0,True,main,False
3086,1,1,6.104002848913528,1.8959971510864717,0.763000356114191,0.9530093865841148,22.0,9.0,False,main,True
3086,2,2,7.104002848913528,1.8959971510864717,0.7893336498792809,0.9591302726155913,17.0,8.0,False,main,False
3086,3,3,8.104002848913527,1.8959971510864717,0.8104002848913527,0.9638381419827122,13.0,6.0,False,main,False
3086,4,4,9.104002848913527,1.8959971510864717,0.8276366226285025,0.9675722132750353,10.0,5.0,False,main,False
3086,5,5,10.104002848913527,1.8959971510864717,0.8420002374094606,0.9706065884086905,7.0,4.0,False,main,False
3086,6,6,11.104002848913527,1.8959971510864717,0.8541540653010405,0.9731212401778029,5.0,3.0,False,main,False
3086,7,7,12.104002848913527,1.8959971510864717,0.864571632065252,0.9752392512215476,3.0,2.0,False,main,False
3086,8,8,13.104002848913527,1.8959971510864717,0.8736001899275685,0.9770476599563835,1.0,1.0,False,main,False
3086,9,9,14.104002848913527,1.8959971510864717,0.8815001780570955,0.9786097615049194,-1.0,-1.0,True,main,False
635,1,1,6.128267277644512,1.8717327223554883,0.766033409705564,0.9544535535751022,21.0,9.0,False,main,True
4905,0,1,4.927687093443701,3.072312906556299,0.6159608866804627,0.8649233274964647,64.0,17.0,False,main,True
8839,0,1,5.007791554385671,2.992208445614329,0.6259739442982089,0.8719181603191865,59.0,17.0,False,main,True
1672,1,1,6.03571951787723,1.9642804821227697,0.7544649397346538,0.9488524991936795,23.0,9.0,False,main,True
7499,1,1,5.936124746012504,2.0638752539874963,0.742015593251563,0.9425509235633889,24.0,9.0,False,main,True
7499,2,2,6.936124746012504,2.0638752539874963,0.7706805273347226,0.950092564230705,18.0,8.0,False,main,True
7499,3,3,7.936124746012504,2.0638752539874963,0.7936124746012504,0.955880376801335,14.0,7.0,False,main,True
7499,4,4,8.936124746012503,2.0638752539874963,0.8123749769102275,0.9604633213384854,11.0,5.0,False,main,False
7499,5,5,9.936124746012503,2.0638752539874963,0.8280103955010419,0.9641826168293192,8.0,4.0,False,main,False
7499,6,6,10.936124746012503,2.0638752539874963,0.8412403650778848,0.9672616188598446,5.0,3.0,False,main,False
7499,7,7,11.936124746012503,2.0638752539874963,0.852580339000893,0.96985270968263,3.0,2.0,False,main,False
7499,8,8,12.936124746012503,2.0638752539874963,0.8624083164008335,0.9720634355770267,1.0,1.0,False,main,False
7499,9,9,13.936124746012503,2.0638752539874963,0.8710077966257814,0.9739718781637661,-1.0,-1.0,True,main,False
11611,1,1,5.902558039756906,2.097441960243094,0.7378197549696133,0.940365165146509,25.0,10.0,False,main,True
11611,2,2,6.902558039756906,2.097441960243094,0.7669508933063229,0.9482058569428855,19.0,8.0,False,main,True
11611,3,3,7.902558039756906,2.097441960243094,0.7902558039756906,0.9542205005732821,14.0,7.0,False,main,True
11611,4,4,8.902558039756906,2.097441960243094,0.8093234581597187,0.9589814590347927,11.0,5.0,False,main,False
11611,5,5,9.902558039756906,2.097441960243094,0.8252131699797421,0.9628442096381136,8.0,4.0,False,main,False
11611,6,6,10.902558039756906,2.097441960243094,0.8386583107505312,0.9660412974859311,5.0,3.0,False,main,False
11611,7,7,11.902558039756906,2.097441960243094,0.8501827171254933,0.9687312970948259,3.0,2.0,False,main,False
11611,8,8,12.902558039756906,2.097441960243094,0.8601705359837938,0.9710260810102288,1.0,1.0,False,main,False
11611,9,9,13.902558039756906,2.097441960243094,0.8689098774848066,0.9730068454709586,-1.0,-1.0,True,main,False
5926,0,1,4.88274406998603,3.11725593001397,0.6103430087482538,0.8609412279729411,66.0,18.0,False,main,True
628,0,1,5.134523994177515,2.8654760058224853,0.6418154992721894,0.8827116714506756,53.0,16.0,False,main,True
8268,1,1,5.9388643099670135,2.0611356900329865,0.7423580387458767,0.942727956398263,24.0,9.0,False,main,True
8268,2,2,6.9388643099670135,2.0611356900329865,0.7709849233296682,0.9502454073097402,18.0,8.0,False,main,False
8268,3,3,7.9388643099670135,2.0611356900329865,0.7938864309967013,0.9560148646793979,14.0,7.0,False,main,False
8268,4,4,8.938864309967013,2.0611356900329865,0.8126240281788193,0.9605834000936774,11.0,5.0,False,main,False
8268,5,5,9.938864309967013,2.0611356900329865,0.828238692497251,0.9642910811586423,8.0,4.0,False,main,False
8268,6,6,10.938864309967013,2.0611356900329865,0.8414511007666933,0.9673605209941487,5.0,3.0,False,main,False
8268,7,7,11.938864309967013,2.0611356900329865,0.8527760221405009,0.9699436013392924,3.0,2.0,False,main,False
8268,8,8,12.938864309967013,2.0611356900329865,0.8625909539978008,0.9721475186685176,1.0,1.0,False,main,False
8268,9,9,13.938864309967013,2.0611356900329865,0.8711790193729383,0.9740501026971117,-1.0,-1.0,True,main,False
10898,1,1,5.878522909653092,2.1214770903469082,0.7348153637066365,0.9387813143449079,25.0,10.0,False,main,True
10898,2,2,6.878522909653092,2.1214770903469082,0.764280323294788,0.946839152636293,19.0,8.0,False,main,False
10898,3,3,7.878522909653092,2.1214770903469082,0.7878522909653092,0.9530183998072601,15.0,7.0,False,main,False
10898,4,4,8.878522909653093,2.1214770903469082,0.8071384463320993,0.9579084770260055,11.0,5.0,False,main,False
10898,5,5,9.878522909653093,2.1214770903469082,0.8232102424710911,0.9618752426081422,8.0,4.0,False,main,False
10898,6,6,10.878522909653093,2.1214770903469082,0.8368094545886995,0.9651579265313476,5.0,3.0,False,main,False
10898,7,7,11.878522909653093,2.1214770903469082,0.848465922118078,0.9679196048506493,3.0,2.0,False,main,False
10898,8,8,12.878522909653093,2.1214770903469082,0.8585681939768729,0.9702752934615664,1.0,1.0,False,main,False
10898,9,9,13.878522909653093,2.1214770903469082,0.8674076818533183,0.9723084506107114,-1.0,-1.0,True,main,False
9270,1,1,5.950250262118734,2.0497497378812657,0.7437812827648418,0.9434615136625278,24.0,9.0,False,main,True
6550,0,1,5.00997450407091,2.99002549592909,0.6262468130088638,0.8721069230801968,59.0,17.0,False,main,True
7534,1,1,6.113726656061356,1.8862733439386439,0.7642158320076695,0.9535902285419059,21.0,9.0,False,main,True
10394,0,1,4.8516584517519465,3.1483415482480535,0.6064573064689933,0.858162926162816,68.0,18.0,False,main,True
10394,0,2,4.8516584517519465,4.1483415482480535,0.5390731613057719,0.793702926415741,124.0,26.0,False,main,True
10394,0,3,4.8516584517519465,5.1483415482480535,0.4851658451751947,0.7354471489214933,225.0,36.0,False,main,True
10394,0,4,4.8516584517519465,6.1483415482480535,0.44105985925017693,0.6837020014037267,418.0,49.0,False,main,True
7540,1,1,6.099608600599631,1.9003913994003687,0.7624510750749539,0.9527459824853741,22.0,9.0,False,main,True
7540,2,2,7.099608600599631,1.9003913994003687,0.7888454000666257,0.9589024401387634,17.0,8.0,False,main,True
7540,3,3,8.09960860059963,1.9003913994003687,0.809960860059963,0.9636373957047321,13.0,6.0,False,main,True
7540,4,4,9.09960860059963,1.9003913994003687,0.8272371455090574,0.9673927856973287,10.0,5.0,False,main,False
7540,5,5,10.09960860059963,1.9003913994003687,0.8416340500499692,0.9704443795614887,7.0,4.0,False,main,False
7540,6,6,11.09960860059963,1.9003913994003687,0.8538160461999715,0.9729732305299766,5.0,3.0,False,main,False
7540,7,7,12.09960860059963,1.9003913994003687,0.8642577571856879,0.9751031523177631,3.0,2.0,False,main,False
7540,8,8,13.09960860059963,1.9003913994003687,0.8733072400399754,0.9769216958248171,1.0,1.0,False,main,False
7540,9,9,14.09960860059963,1.9003913994003687,0.8812255375374769,0.9784925261442483,-1.0,-1.0,True,main,False
4632,1,1,5.898207935977929,2.1017920640220713,0.7372759919972411,0.9400796591559067,25.0,10.0,False,main,True
1015,1,1,5.915358603869789,2.0846413961302104,0.7394198254837236,0.9412023176312175,25.0,10.0,False,main,True
6299,1,1,5.888921210478617,2.1110787895213834,0.7361151513098271,0.9394684434364082,25.0,10.0,False,main,True
11419,0,1,4.849777488854613,3.1502225111453863,0.6062221861068267,0.8579941861962448,68.0,18.0,False,main,True
11610,1,1,6.064583928253694,1.9354160717463056,0.7580729910317118,0.9506262256976321,22.0,9.0,False,main,True
8460,0,1,4.886967157598194,3.1130328424018057,0.6108708946997743,0.8613171580605549,66.0,18.0,False,main,True
8460,0,2,4.886967157598194,4.113032842401806,0.5429963508442438,0.7969195158255498,120.0,25.0,False,main,False
8460,0,3,4.886967157598194,5.113032842401806,0.48869671575981943,0.7386071926265174,216.0,35.0,False,main,True
8460,0,4,4.886967157598194,6.113032842401806,0.44426974159983584,0.6867567408562524,397.0,49.0,False,main,True
5326,1,1,6.127436116803888,1.8725638831961118,0.765929514600486,0.9544043747984443,21.0,9.0,False,main,True
4661,0,1,5.069065879443351,2.9309341205566484,0.6336332349304189,0.8771789037706111,56.0,17.0,False,main,True
4713,1,1,5.908878457085708,2.0911215429142924,0.7386098071357134,0.9407790739251585,25.0,10.0,False,main,True
10445,0,1,5.0244998551434525,2.9755001448565475,0.6280624818929316,0.873360428856316,58.0,17.0,False,main,True
10445,0,2,5.0244998551434525,3.9755001448565475,0.5582777616826058,0.8092789041022165,105.0,24.0,False,main,False
10445,0,3,5.0244998551434525,4.9755001448565475,0.5024499855143453,0.7507870616405029,185.0,34.0,False,main,True
10445,0,4,5.0244998551434525,5.9755001448565475,0.4567727141039502,0.6985519556050428,331.0,46.0,False,main,True
9521,0,1,4.9757645298982105,3.024235470101789,0.6219705662372763,0.8691373874729873,61.0,17.0,False,main,True
9521,0,2,4.9757645298982105,4.0242354701017895,0.5528627255442456,0.8049302684911299,110.0,25.0,False,main,True
9521,0,3,4.9757645298982105,5.0242354701017895,0.49757645298982106,0.7464945343451421,195.0,34.0,False,main,True
9521,0,4,4.9757645298982105,6.0242354701017895,0.4523422299907464,0.6943910501560002,353.0,47.0,False,main,True
11115,0,1,4.854627104339947,3.1453728956600524,0.6068283880424934,0.8584290966155836,68.0,18.0,False,main,True
11115,0,2,4.854627104339947,4.145372895660053,0.5394030115933275,0.7939740512111879,124.0,26.0,False,main,False
11115,0,3,4.854627104339947,5.145372895660053,0.4854627104339947,0.7357133576417437,224.0,36.0,False,main,True
11115,0,4,4.854627104339947,6.145372895660053,0.441329736758177,0.6839592544340953,416.0,49.0,False,main,True
1404,1,1,5.883219896807214,2.1167801031927866,0.7354024871009017,0.9390920550342388,25.0,10.0,False,main,True
8435,1,1,5.943870060368665,2.0561299396313344,0.7429837575460831,0.9430508992368856,24.0,9.0,False,main,True
8435,2,2,6.943870060368665,2.0561299396313344,0.7715411178187406,0.9505242354811039,18.0,8.0,False,main,False
8435,3,3,7.943870060368665,2.0561299396313344,0.7943870060368665,0.9562602158243304,14.0,7.0,False,main,False
8435,4,4,8.943870060368665,2.0561299396313344,0.8130790963971514,0.960802469611804,11.0,5.0,False,main,False
8435,5,5,9.943870060368665,2.0561299396313344,0.8286558383640554,0.9644889654406688,8.0,4.0,False,main,False
8435,6,6,10.943870060368665,2.0561299396313344,0.8418361584898973,0.9675409627341774,5.0,3.0,False,main,False
8435,7,7,11.943870060368665,2.0561299396313344,0.853133575740619,0.9701094305921654,3.0,2.0,False,main,False
8435,8,8,12.943870060368665,2.0561299396313344,0.8629246706912443,0.972300927607066,1.0,1.0,False,main,False
8435,9,9,13.943870060368665,2.0561299396313344,0.8714918787730416,0.974192824108411,-1.0,-1.0,True,main,False
3090,1,1,5.997716500304298,2.002283499695702,0.7497145625380373,0.9464808365676589,23.0,9.0,False,main,True
7338,1,1,5.959946628956547,2.040053371043453,0.7449933286195684,0.9440833956317725,24.0,9.0,False,main,True
5681,1,1,5.980606616100053,2.019393383899947,0.7475758270125066,0.9453997285954884,24.0,9.0,False,main,True
4292,1,1,5.860906371591263,2.1390936284087374,0.7326132964489078,0.9376105913193372,26.0,10.0,False,main,True
4292,2,2,6.860906371591263,2.1390936284087374,0.762322930176807,0.94582917586219,19.0,8.0,False,main,True
4292,3,3,7.860906371591263,2.1390936284087374,0.7860906371591263,0.9521302183260378,15.0,7.0,False,main,True
4292,4,4,8.860906371591263,2.1390936284087374,0.805536942871933,0.9571158024154632,11.0,5.0,False,main,False
4292,5,5,9.860906371591263,2.1390936284087374,0.8217421976326053,0.9611594860787894,8.0,4.0,False,main,False
4292,6,6,10.860906371591263,2.1390936284087374,0.835454336276251,0.9645054544193866,5.0,3.0,False,main,False
4292,7,7,11.860906371591263,2.1390936284087374,0.8472075979708045,0.9673201186192972,3.0,2.0,False,main,False
4292,8,8,12.860906371591263,2.1390936284087374,0.8573937581060842,0.9697208225358315,1.0,1.0,False,main,False
4292,9,9,13.860906371591263,2.1390936284087374,0.8663066482244539,0.9717926991242464,-1.0,-1.0,True,main,False
1271,1,1,6.0557233765840115,1.9442766234159883,0.7569654220730014,0.9500843008339878,22.0,9.0,False,main,True
1271,2,2,7.0557233765840115,1.9442766234159883,0.7839692640648902,0.9566008292003206,17.0,8.0,False,main,True
1271,3,3,8.055723376584012,1.9442766234159883,0.8055723376584012,0.9616098228159495,13.0,7.0,False,main,True
1271,4,4,9.055723376584012,1.9442766234159883,0.8232475796894557,0.9655808171386436,10.0,5.0,False,main,False
1271,5,5,10.055723376584012,1.9442766234159883,0.8379769480486677,0.9688064989503599,7.0,4.0,False,main,False
1271,6,6,11.055723376584012,1.9442766234159883,0.8504402597372317,0.9714788750906479,5.0,3.0,False,main,False
1271,7,7,12.055723376584012,1.9442766234159883,0.8611230983274295,0.9737291669546593,3.0,2.0,False,main,False
1271,8,8,13.055723376584012,1.9442766234159883,0.8703815584389342,0.9756501159310008,1.0,1.0,False,main,False
1271,9,9,14.055723376584012,1.9442766234159883,0.8784827110365008,0.9773091328529648,-1.0,-1.0,True,main,False
11882,0,1,4.852683501823015,3.147316498176985,0.6065854377278769,0.8582548526502622,68.0,18.0,False,main,True
6362,1,1,5.948726297549623,2.0512737024503767,0.7435907871937029,0.9433635370176006,24.0,9.0,False,main,True
6362,2,2,6.948726297549623,2.0512737024503767,0.7720806997277359,0.9507941813494744,18.0,8.0,False,main,True
6362,3,3,7.948726297549623,2.0512737024503767,0.7948726297549623,0.9564977609059759,14.0,7.0,False,main,True
6362,4,4,8.948726297549623,2.0512737024503767,0.8135205725045112,0.9610145759736514,11.0,5.0,False,main,False
6362,5,5,9.948726297549623,2.0512737024503767,0.829060524795802,0.9646805647673609,8.0,4.0,False,main,False
6362,6,6,10.948726297549623,2.0512737024503767,0.8422097151961249,0.967715677082663,5.0,3.0,False,main,False
6362,7,7,11.948726297549623,2.0512737024503767,0.8534804498249731,0.9702699989905128,3.0,2.0,False,main,False
6362,8,8,12.948726297549623,2.0512737024503767,0.8632484198366416,0.972449471841044,1.0,1.0,False,main,False
6362,9,9,13.948726297549623,2.0512737024503767,0.8717953935968514,0.9743310214089608,-1.0,-1.0,True,main,False
4167,0,1,5.10357589608737,2.89642410391263,0.6379469870109212,0.880107118434382,55.0,16.0,False,main,True
3297,0,1,4.981414706495456,3.018585293504544,0.622676838311932,0.8696295099229474,61.0,17.0,False,main,True
1361,1,1,5.871950570081912,2.128049429918087,0.733993821260239,0.9383455129698108,25.0,10.0,False,main,True
8571,1,1,5.966907257403713,2.0330927425962866,0.7458634071754642,0.9445282129708329,24.0,9.0,False,main,True
8110,0,1,5.049349228413874,2.950650771586126,0.6311686535517342,0.8754946802368869,57.0,17.0,False,main,True
8110,0,2,5.049349228413874,3.950650771586126,0.5610388031570971,0.8114830732983507,102.0,24.0,False,main,False
8110,0,3,5.049349228413874,4.950650771586126,0.5049349228413874,0.7529658449630263,180.0,33.0,False,main,True
8110,0,4,5.049349228413874,5.950650771586126,0.4590317480376249,0.7006656261902104,321.0,45.0,False,main,True
2632,1,1,6.105680824863734,1.8943191751362662,0.7632101031079668,0.9531098187832718,22.0,9.0,False,main,True
437,1,1,5.997940784730628,2.002059215269372,0.7497425980913285,0.9464949535961664,23.0,9.0,False,main,True
9823,1,1,6.105117333777471,1.894882666222529,0.7631396667221839,0.953076101338471,22.0,9.0,False,main,True
9823,2,2,7.105117333777471,1.894882666222529,0.7894574815308302,0.9591879795921032,17.0,8.0,False,main,False
9823,3,3,8.105117333777471,1.894882666222529,0.8105117333777472,0.9638889895427395,13.0,6.0,False,main,False
9823,4,4,9.105117333777471,1.894882666222529,0.8277379394343156,0.9676176617683805,10.0,5.0,False,main,False
9823,5,5,10.105117333777471,1.894882666222529,0.8420931111481226,0.9706476760256452,7.0,4.0,False,main,False
9823,6,6,11.105117333777471,1.894882666222529,0.8542397949059594,0.9731587315581478,5.0,3.0,False,main,False
9823,7,7,12.105117333777471,1.894882666222529,0.8646512381269622,0.9752737258964032,3.0,2.0,False,main,False
9823,8,8,13.105117333777471,1.894882666222529,0.8736744889184981,0.9770795676893614,1.0,1.0,False,main,False
9823,9,9,14.105117333777471,1.894882666222529,0.881569833361092,0.9786394583744096,-1.0,-1.0,True,main,False
651,0,1,5.093475106075113,2.906524893924887,0.6366843882593891,0.8792526552708968,55.0,16.0,False,main,True
5720,1,1,5.970974585679492,2.0290254143205084,0.7463718232099364,0.9447875112952875,24.0,9.0,False,main,True
9874,0,1,5.003851206750694,2.9961487932493056,0.6254814008438367,0.8715771824624385,59.0,17.0,False,main,True
9874,0,2,5.003851206750694,3.9961487932493056,0.5559834674167438,0.8074405930788986,107.0,24.0,False,main,False
9874,0,3,5.003851206750694,4.996148793249306,0.5003851206750694,0.748971505653272,189.0,34.0,False,main,True
9874,0,4,5.003851206750694,5.996148793249306,0.4548955642500631,0.6967915342516887,340.0,46.0,False,main,True
7205,0,1,4.9929598668151876,3.0070401331848124,0.6241199833518984,0.8706330260845669,60.0,17.0,False,main,True
9591,0,1,4.850680017714544,3.149319982285456,0.606335002214318,0.8580751603972212,68.0,18.0,False,main,True
9591,0,2,4.850680017714544,4.149319982285456,0.5389644464127271,0.793613539300704,124.0,26.0,False,main,True
9591,0,3,4.850680017714544,5.149319982285456,0.4850680017714544,0.7353593885787271,225.0,36.0,False,main,True
6171,0,1,4.878216697523609,3.121783302476391,0.6097770871904511,0.860537808895915,66.0,18.0,False,main,True
7171,1,1,6.03770304891813,1.9622969510818702,0.7547128811147662,0.9489751553622154,23.0,9.0,False,main,True
7171,2,2,7.03770304891813,1.9622969510818702,0.7819670054353477,0.955642059321982,17.0,8.0,False,main,True
7171,3,3,8.037703048918129,1.9622969510818702,0.803770304891813,0.9607654243233612,13.0,7.0,False,main,True
7171,4,4,9.037703048918129,1.9622969510818702,0.8216093680834664,0.9648263584281641,10.0,5.0,False,main,False
7171,5,5,10.037703048918129,1.9622969510818702,0.8364752540765108,0.9681246338040048,7.0,4.0,False,main,False
7171,6,6,11.037703048918129,1.9622969510818702,0.8490540806860101,0.9708568408520948,5.0,3.0,False,main,False
7171,7,7,12.037703048918129,1.9622969510818702,0.8598359320655807,0.9731572985659317,3.0,2.0,False,main,False
7171,8,8,13.037703048918129,1.9622969510818702,0.8691802032612087,0.9751209175693333,1.0,1.0,False,main,False
7171,9,9,14.037703048918129,1.9622969510818702,0.8773564405573832,0.9768166734084618,-1.0,-1.0,True,main,False
7547,0,1,4.976394326962747,3.0236056730372534,0.6220492908703433,0.8691922745472328,61.0,17.0,False,main,True
3293,1,1,5.879335624408485,2.1206643755915153,0.7349169530510606,0.9388351238094741,25.0,10.0,False,main,True
6923,0,1,5.039783854333446,2.9602161456665543,0.6299729817916807,0.8746746600923658,58.0,17.0,False,main,True
8470,1,1,5.970399090987055,2.0296009090129448,0.7462998863733818,0.9447508506072666,24.0,9.0,False,main,True
8470,2,2,6.970399090987055,2.0296009090129448,0.7744887878874506,0.9519922312286937,18.0,8.0,False,main,False
8470,3,3,7.970399090987055,2.0296009090129448,0.7970399090987055,0.9575521292841822,14.0,7.0,False,main,False
8470,4,4,8.970399090987055,2.0296009090129448,0.8154908264533686,0.961956112256003,10.0,5.0,False,main,False
8470,5,5,9.970399090987055,2.0296009090129448,0.8308665909155879,0.9655311282470999,8.0,4.0,False,main,False
8470,6,6,10.970399090987055,2.0296009090129448,0.8438768531528503,0.9684913260388535,5.0,3.0,False,main,False
8470,7,7,11.970399090987055,2.0296009090129448,0.8550285064990754,0.9709828791238783,3.0,2.0,False,main,False
8470,8,8,12.970399090987055,2.0296009090129448,0.8646932727324703,0.9731089932689171,1.0,1.0,False,main,False
8470,9,9,13.970399090987055,2.0296009090129448,0.8731499431866909,0.9749446236110442,-1.0,-1.0,True,main,False
6815,1,1,6.078774703529902,1.921225296470098,0.7598468379412378,0.9514894020814832,22.0,9.0,False,main,True
380,0,1,4.9226998572887215,3.077300142711279,0.6153374821610902,0.8644834746694676,64.0,17.0,False,main,True
1572,1,1,5.919295925884834,2.080704074115167,0.7399119907356042,0.9414589217559316,25.0,10.0,False,main,True
1572,2,2,6.919295925884834,2.080704074115167,0.7688106584316482,0.9491498781114323,19.0,8.0,False,main,True
1572,3,3,7.919295925884834,2.080704074115167,0.7919295925884834,0.9550509675858312,14.0,7.0,False,main,True
1572,4,4,8.919295925884834,2.080704074115167,0.8108450841713485,0.9597228223014578,11.0,5.0,False,main,False
1572,5,5,9.919295925884834,2.080704074115167,0.8266079938237362,0.9635137748340056,8.0,4.0,False,main,False
1572,6,6,10.919295925884834,2.080704074115167,0.8399458404526795,0.9666517666302668,5.0,3.0,False,main,False
1572,7,7,11.919295925884834,2.080704074115167,0.8513782804203452,0.9692922706790642,3.0,2.0,False,main,False
1572,8,8,12.919295925884834,2.080704074115167,0.861286395058989,0.97154499295937,1.0,1.0,False,main,False
1572,9,9,13.919295925884834,2.080704074115167,0.8699559953678021,0.9734895701277839,-1.0,-1.0,True,main,False
4944,1,1,5.853767146293549,2.1462328537064503,0.7317208932866937,0.9371337929759344,26.0,10.0,False,main,True
5123,1,1,5.964188170895048,2.0358118291049516,0.745523521361881,0.9443546105013165,24.0,9.0,False,main,True
11742,1,1,5.989701341790697,2.0102986582093028,0.7487126677238372,0.9459754127851139,23.0,9.0,False,main,True
11742,2,2,6.989701341790697,2.0102986582093028,0.7766334824211886,0.953049977530337,18.0,8.0,False,main,True
11742,3,3,7.989701341790697,2.0102986582093028,0.7989701341790697,0.9584831799835567,14.0,7.0,False,main,True
11742,4,4,8.989701341790697,2.0102986582093028,0.817245576526427,0.9627876371829858,10.0,5.0,False,main,False
11742,5,5,9.989701341790697,2.0102986582093028,0.8324751118158914,0.9662823884670697,8.0,4.0,False,main,False
11742,6,6,10.989701341790697,2.0102986582093028,0.8453616416762075,0.9691764762987093,5.0,3.0,False,main,False
11742,7,7,11.989701341790697,2.0102986582093028,0.8564072386993355,0.971612628522703,3.0,2.0,False,main,False
11742,8,8,12.989701341790697,2.0102986582093028,0.8659800894527131,0.9736916408798256,1.0,1.0,False,main,False
11742,9,9,13.989701341790697,2.0102986582093028,0.8743563338619186,0.9754867318535397,-1.0,-1.0,True,main,False
12049,1,1,5.891805381381834,2.108194618618166,0.7364756726727293,0.939658517100182,25.0,10.0,False,main,True
10432,1,1,5.961949041703996,2.0380509582960036,0.7452436302129996,0.9442114971487408,24.0,9.0,False,main,True
10432,2,2,6.961949041703996,2.0380509582960036,0.7735498935226662,0.9515264239953406,18.0,8.0,False,main,False
10432,3,3,7.961949041703996,2.0380509582960036,0.7961949041703996,0.9571421633680178,14.0,7.0,False,main,False
10432,4,4,8.961949041703996,2.0380509582960036,0.8147226401549087,0.9615900027921406,11.0,5.0,False,main,False
10432,5,5,9.961949041703996,2.0380509582960036,0.8301624201419996,0.9652003816987027,8.0,4.0,False,main,False
10432,6,6,10.961949041703996,2.0380509582960036,0.8432268493618458,0.9681897021425515,5.0,3.0,False,main,False
10432,7,7,11.961949041703996,2.0380509582960036,0.8544249315502854,0.9707056576004962,3.0,2.0,False,main,False
10432,8,8,12.961949041703996,2.0380509582960036,0.8641299361135997,0.9728525167066411,1.0,1.0,False,main,False
10432,9,9,13.961949041703996,2.0380509582960036,0.8726218151064997,0.9747060003347944,-1.0,-1.0,True,main,False
10894,1,1,5.904900029851444,2.0950999701485564,0.7381125037314304,0.940518662615564,25.0,10.0,False,main,True
10894,2,2,6.904900029851444,2.0950999701485564,0.7672111144279382,0.9483383297657336,19.0,8.0,False,main,False
10894,3,3,7.904900029851444,2.0950999701485564,0.7904900029851444,0.954337031515472,14.0,7.0,False,main,False
10894,4,4,8.904900029851444,2.0950999701485564,0.8095363663501313,0.959085482139425,11.0,5.0,False,main,False
10894,5,5,9.904900029851444,2.0950999701485564,0.8254083358209536,0.9629381550707726,8.0,4.0,False,main,False
10894,6,6,10.904900029851444,2.0950999701485564,0.8388384638347264,0.966126948708941,5.0,3.0,False,main,False
10894,7,7,11.904900029851444,2.0950999701485564,0.850350002132246,0.968810001952618,3.0,2.0,False,main,False
10894,8,8,12.904900029851444,2.0950999701485564,0.8603266686567629,0.9710988830877343,1.0,1.0,False,main,False
10894,9,9,13.904900029851444,2.0950999701485564,0.8690562518657152,0.9730745693587548,-1.0,-1.0,True,main,False
9353,1,1,6.0598070326354705,1.9401929673645293,0.7574758790794338,0.9503343460970358,22.0,9.0,False,main,True
9353,2,2,7.0598070326354705,1.9401929673645293,0.7844230036261634,0.9568170006184039,17.0,8.0,False,main,False
9353,3,3,8.05980703263547,1.9401929673645293,0.8059807032635471,0.9618002247246488,13.0,6.0,False,main,False
9353,4,4,9.05980703263547,1.9401929673645293,0.8236188211486791,0.965750950775703,10.0,5.0,False,main,False
9353,5,5,10.05980703263547,1.9401929673645293,0.8383172527196225,0.9689602711240577,7.0,4.0,False,main,False
9353,6,6,11.05980703263547,1.9401929673645293,0.8507543871258054,0.9716191608379252,5.0,3.0,False,main,False
9353,7,7,12.05980703263547,1.9401929673645293,0.8614147880453907,0.9738581438604671,3.0,2.0,False,main,False
9353,8,8,13.05980703263547,1.9401929673645293,0.870653802175698,0.9757694730588743,1.0,1.0,False,main,False
9353,9,9,14.05980703263547,1.9401929673645293,0.8787379395397169,0.9774202068275152,-1.0,-1.0,True,main,False
7485,0,1,4.900848751747396,3.0991512482526042,0.6126060939684245,0.8625503126897666,65.0,17.0,False,main,True
1277,0,1,4.878558725398551,3.121441274601449,0.6098198406748189,0.8605683003872978,66.0,18.0,False,main,True
9170,0,1,5.075528969437921,2.924471030562079,0.6344411211797402,0.8777292139720599,56.0,17.0,False,main,True
6708,1,1,5.857795715315776,2.142204284684224,0.732224464414472,0.9374030103755573,26.0,10.0,False,main,True
6708,2,2,6.857795715315776,2.142204284684224,0.7619773017017528,0.9456501180181404,19.0,8.0,False,main,True
6708,3,3,7.857795715315776,2.142204284684224,0.7857795715315776,0.9519727671738563,15.0,7.0,False,main,True
6708,4,4,8.857795715315776,2.142204284684224,0.8052541559377978,0.9569752915052756,11.0,5.0,False,main,False
6708,5,5,9.857795715315776,2.142204284684224,0.8214829762763146,0.9610326165169372,8.0,4.0,False,main,False
6708,6,6,10.857795715315776,2.142204284684224,0.8352150550242905,0.9643898071357201,5.0,3.0,False,main,False
6708,7,7,11.857795715315776,2.142204284684224,0.8469854082368411,0.9672138665803183,3.0,2.0,False,main,False
6708,8,8,12.857795715315776,2.142204284684224,0.8571863810210517,0.9696225518774864,1.0,1.0,False,main,False
6708,9,9,13.857795715315776,2.142204284684224,0.866112232207236,0.9717012931647636,-1.0,-1.0,True,main,False
1310,1,1,6.097937801643221,1.902062198356779,0.7622422252054026,0.95264568032219,22.0,9.0,False,main,True
11683,1,1,6.064723792751192,1.935276207248808,0.758090474093899,0.9506347617716853,22.0,9.0,False,main,True
8278,1,1,5.8813255751444435,2.1186744248555565,0.7351656968930554,0.9389668027541208,25.0,10.0,False,main,True
8278,2,2,6.8813255751444435,2.1186744248555565,0.7645917305716048,0.9469991912004692,19.0,8.0,False,main,False
8278,3,3,7.8813255751444435,2.1186744248555565,0.7881325575144443,0.9531591510683458,15.0,7.0,False,main,False
8278,4,4,8.881325575144444,2.1186744248555565,0.8073932341040404,0.9580341014755328,11.0,5.0,False,main,False
8278,5,5,9.881325575144444,2.1186744248555565,0.8234437979287037,0.9619886828693486,8.0,4.0,False,main,False
8278,6,6,10.881325575144444,2.1186744248555565,0.8370250442418803,0.965261341225004,5.0,3.0,False,main,False
8278,7,7,11.881325575144444,2.1186744248555565,0.8486661125103174,0.9680146247865972,3.0,2.0,False,main,False
8278,8,8,12.881325575144444,2.1186744248555565,0.858755038342963,0.970363180960595,1.0,1.0,False,main,False
8278,9,9,13.881325575144444,2.1186744248555565,0.8675828484465278,0.9723902028654939,-1.0,-1.0,True,main,False
7747,0,1,5.094196998499487,2.905803001500513,0.6367746248124359,0.8793137943561962,55.0,16.0,False,main,True
7747,0,2,5.094196998499487,3.905803001500513,0.5660218887221652,0.8154386117111581,98.0,24.0,False,main,False
7747,0,3,5.094196998499487,4.905803001500513,0.5094196998499487,0.7568811442263697,172.0,33.0,False,main,True
7747,0,4,5.094196998499487,5.905803001500513,0.4631088180454079,0.7044668556917723,303.0,44.0,False,main,True
1120,0,1,5.134869871683177,2.8651301283168222,0.6418587339603972,0.8827406650375492,53.0,16.0,False,main,True
9322,1,1,6.039071532500674,1.9609284674993264,0.7548839415625842,0.9490597128821017,23.0,9.0,False,main,True
7696,0,1,4.871557089506095,3.128442910493905,0.6089446361882619,0.8599436376614547,67.0,18.0,False,main,True
7696,0,2,4.871557089506095,4.128442910493905,0.5412841210562328,0.7955178565708352,122.0,26.0,False,main,False
7696,0,3,4.871557089506095,5.128442910493905,0.4871557089506095,0.7372296942374994,220.0,36.0,False,main,False
7696,0,4,4.871557089506095,6.128442910493905,0.4428688263187359,0.6854248751057012,406.0,49.0,False,main,False
7696,0,5,4.871557089506095,7.128442910493905,0.4059630907921746,0.6395877109965274,793.0,66.0,False,main,False
7696,0,6,4.871557089506095,8.128442910493906,0.3747351607312381,0.598992807304741,1719.0,89.0,False,main,False
7696,0,7,4.871557089506095,9.128442910493906,0.3479683635361496,0.5629234580943612,-1.0,118.0,False,main,False
7696,0,8,4.871557089506095,10.128442910493906,0.32477047263373965,0.5307397462102326,-1.0,158.0,False,main,True
7696,0,9,4.871557089506095,11.128442910493906,0.30447231809413094,0.5018924068781214,-1.0,212.0,False,main,True
7696,0,10,4.871557089506095,12.128442910493906,0.2865621817356527,0.4759175764745447,-1.0,286.0,False,main,True
7696,0,11,4.871557089506095,13.128442910493906,0.2706420605281164,0.45242576854803374,-1.0,389.0,False,main,True
7696,0,12,4.871557089506095,14.128442910493906,0.25639774155295236,0.431090135462696,-1.0,539.0,False,main,True
7696,0,13,4.871557089506095,15.128442910493906,0.24357785447530475,0.4116358067668354,-1.0,762.0,False,main,True
7696,0,14,4.871557089506095,16.128442910493906,0.23197890902409976,0.3938307952998941,-1.0,1108.0,False,main,True
7696,0,15,4.871557089506095,17.128442910493906,0.22143441315936796,0.37747846037904037,-1.0,1674.0,False,main,True
7696,0,16,4.871557089506095,18.128442910493906,0.21180682997852587,0.3624113445224853,-1.0,2667.0,False,main,True
7696,0,17,4.871557089506095,19.128442910493906,0.2029815453960873,0.3484861611242375,-1.0,-1.0,False,main,True
4695,1,1,5.8783595718897415,2.1216404281102585,0.7347949464862177,0.9387704976915154,25.0,10.0,False,main,True
4695,2,2,6.8783595718897415,2.1216404281102585,0.7642621746544157,0.9468298202342359,19.0,8.0,False,main,True
4695,3,3,7.8783595718897415,2.1216404281102585,0.7878359571889741,0.9530101922168304,15.0,7.0,False,main,True
4695,4,4,8.878359571889742,2.1216404281102585,0.807123597444522,0.9579011515913544,11.0,5.0,False,main,False
4695,5,5,9.878359571889742,2.1216404281102585,0.8231966309908119,0.9618686277101012,8.0,4.0,False,main,False
4695,6,6,10.878359571889742,2.1216404281102585,0.8367968901453648,0.965151896278576,5.0,3.0,False,main,False
4695,7,7,11.878359571889742,2.1216404281102585,0.8484542551349816,0.967914064135914,3.0,2.0,False,main,False
4695,8,8,12.878359571889742,2.1216404281102585,0.8585573047926495,0.9702701686688399,1.0,1.0,False,main,False
4695,9,9,13.878359571889742,2.1216404281102585,0.8673974732431089,0.9723036835865534,-1.0,-1.0,True,main,False
2929,1,1,5.877417794227531,2.1225822057724684,0.7346772242784414,0.9387081167715614,25.0,10.0,False,main,True
8849,1,1,6.028579739390616,1.971420260609384,0.753572467423827,0.9484100620022067,23.0,9.0,False,main,True
2051,1,1,5.900236194495248,2.0997638055047525,0.737529524311906,0.9402128414735278,25.0,10.0,False,main,True
167,0,1,4.922197919929404,3.0778020800705956,0.6152747399911755,0.8644391777805335,64.0,17.0,False,main,True
4664,1,1,6.05939175214326,1.9406082478567397,0.7574239690179075,0.9503089402212463,22.0,9.0,False,main,True
763,1,1,5.896891781734697,2.103108218265303,0.7371114727168371,0.9399931765541347,25.0,10.0,False,main,True
8061,0,1,5.013736601568182,2.9862633984318188,0.6267170751960227,0.8724320047395868,59.0,17.0,False,main,True
8061,0,2,5.013736601568182,3.9862633984318188,0.5570818446186868,0.8083214354674351,106.0,24.0,False,main,False
8061,0,3,5.013736601568182,4.986263398431818,0.5013736601568182,0.7498412668448882,187.0,34.0,False,main,True
8061,0,4,5.013736601568182,5.986263398431818,0.4557942365061983,0.6976347838585664,336.0,46.0,False,main,True
4745,1,1,6.14450962153382,1.8554903784661798,0.7680637026917275,0.9554104356997355,21.0,9.0,False,main,True
4745,2,2,7.14450962153382,1.8554903784661798,0.7938344023926467,0.961207587309538,16.0,8.0,False,main,True
4745,3,3,8.144509621533821,1.8554903784661798,0.8144509621533821,0.9656688318346669,13.0,6.0,False,main,True
4745,4,4,9.144509621533821,1.8554903784661798,0.8313190565030747,0.9692087240422095,10.0,5.0,False,main,False
4745,5,5,10.144509621533821,1.8554903784661798,0.8453758017944851,0.9720862211879348,7.0,4.0,False,main,False
4745,6,6,11.144509621533821,1.8554903784661798,0.857269970887217,0.9744714771583353,5.0,3.0,False,main,False
4745,7,7,12.144509621533821,1.8554903784661798,0.8674649729667016,0.9764809273188392,3.0,2.0,False,main,False
4745,8,8,13.144509621533821,1.8554903784661798,0.8763006414355881,0.9781969484612407,1.0,1.0,False,main,False
4745,9,9,14.144509621533821,1.8554903784661798,0.8840318513458638,0.9796794692757044,-1.0,-1.0,True,main,False
10591,1,1,5.898756026393874,2.1012439736061257,0.7373445032992343,0.9401156595889323,25.0,10.0,False,main,True
10591,2,2,6.898756026393874,2.1012439736061257,0.7665284473770971,0.9479905338430711,19.0,8.0,False,main,False
10591,3,3,7.898756026393874,2.1012439736061257,0.7898756026393874,0.9540310945029254,14.0,7.0,False,main,False
10591,4,4,8.898756026393874,2.1012439736061257,0.8089778205812613,0.9588123861958289,11.0,5.0,False,main,False
10591,5,5,9.898756026393874,2.1012439736061257,0.8248963355328228,0.9626915188316363,8.0,4.0,False,main,False
10591,6,6,10.898756026393874,2.1012439736061257,0.8383658481841442,0.9659020891463164,5.0,3.0,False,main,False
10591,7,7,11.898756026393874,2.1012439736061257,0.8499111447424196,0.9686033799839351,3.0,2.0,False,main,False
10591,8,8,12.898756026393874,2.1012439736061257,0.8599170684262583,0.9709077585965811,1.0,1.0,False,main,False
10591,9,9,13.898756026393874,2.1012439736061257,0.8686722516496171,0.9728967772773504,-1.0,-1.0,True,main,False
8512,0,1,4.915674704529906,3.0843252954700944,0.6144593380662382,0.8638630239205514,64.0,17.0,False,main,True
8018,1,1,5.920222043922174,2.079777956077826,0.7400277554902718,0.9415192176051679,25.0,10.0,False,main,True
8018,2,2,6.920222043922174,2.079777956077826,0.7689135604357972,0.9492019246749678,19.0,8.0,False,main,False
8018,3,3,7.920222043922174,2.079777956077826,0.7920222043922174,0.9550967569810377,14.0,7.0,False,main,False
8018,4,4,8.920222043922173,2.079777956077826,0.8109292767201975,0.9597637011193998,11.0,5.0,False,main,False
8018,5,5,9.920222043922173,2.079777956077826,0.8266851703268477,0.9635506963689829,8.0,4.0,False,main,False
8018,6,6,10.920222043922173,2.079777956077826,0.8400170803017056,0.9666854306924682,5.0,3.0,False,main,False
8018,7,7,11.920222043922173,2.079777956077826,0.8514444317087266,0.9693232062690655,3.0,2.0,False,main,False
8018,8,8,12.920222043922173,2.079777956077826,0.8613481362614782,0.971573609739441,1.0,1.0,False,main,False
8018,9,9,13.920222043922173,2.079777956077826,0.8700138777451358,0.9735161918440967,-1.0,-1.0,True,main,False
11289,1,1,5.848468637118295,2.151531362881706,0.7310585796397868,0.9367790537133069,26.0,10.0,False,main,True
11289,2,2,6.848468637118295,2.151531362881706,0.7609409596798105,0.9451119357359016,19.0,8.0,False,main,True
11289,3,3,7.848468637118295,2.151531362881706,0.7848468637118294,0.9514995514828709,15.0,7.0,False,main,False
11289,4,4,8.848468637118295,2.151531362881706,0.8044062397380268,0.9565530062760801,11.0,5.0,False,main,False
11289,5,5,9.848468637118295,2.151531362881706,0.8207057197598578,0.9606513405102634,8.0,4.0,False,main,False
11289,6,6,10.848468637118295,2.151531362881706,0.8344975874706381,0.9640422659524728,5.0,3.0,False,main,False
11289,7,7,11.848468637118295,2.151531362881706,0.8463191883655925,0.9668945666319539,3.0,2.0,False,main,False
11289,8,8,12.848468637118295,2.151531362881706,0.8565645758078863,0.9693272422197948,1.0,1.0,False,main,False
11289,9,9,13.848468637118295,2.151531362881706,0.8655292898198934,0.9714266165709606,-1.0,-1.0,True,main,False
6829,0,1,4.950028973968253,3.0499710260317467,0.6187536217460317,0.8668875331840751,62.0,17.0,False,main,True
8387,1,1,5.973908483963244,2.026091516036756,0.7467385604954055,0.944974265715699,24.0,9.0,False,main,True
8387,2,2,6.973908483963244,2.026091516036756,0.7748787204403604,0.9521851944833783,18.0,8.0,False,main,False
8387,3,3,7.973908483963244,2.026091516036756,0.7973908483963245,0.9577219684479464,14.0,7.0,False,main,False
8387,4,4,8.973908483963244,2.026091516036756,0.8158098621784767,0.9621077885682066,10.0,5.0,False,main,False
8387,5,5,9.973908483963244,2.026091516036756,0.8311590403302703,0.9656681581638048,8.0,4.0,False,main,False
8387,6,6,10.973908483963244,2.026091516036756,0.8441468064587111,0.9686162934019726,5.0,3.0,False,main,False
8387,7,7,11.973908483963244,2.026091516036756,0.8552791774259461,0.9710977385782501,3.0,2.0,False,main,False
8387,8,8,12.973908483963244,2.026091516036756,0.8649272322642163,0.9732152594372141,1.0,1.0,False,main,False
8387,9,9,13.973908483963244,2.026091516036756,0.8733692802477028,0.9750434940757755,-1.0,-1.0,True,main,False
8871,1,1,5.971921837660597,2.0280781623394035,0.7464902297075746,0.9448478339154205,24.0,9.0,False,main,True
9116,1,1,5.875360945813073,2.124639054186927,0.7344201182266341,0.9385717938534837,25.0,10.0,False,main,True
6686,0,1,4.9494254576537635,3.050574542346237,0.6186781822067204,0.8668346090775596,62.0,17.0,False,main,True
5221,1,1,5.993664054310749,2.0063359456892513,0.7492080067888436,0.9462255213166297,23.0,9.0,False,main,True
10205,1,1,5.924000118290937,2.0759998817090626,0.7405000147863672,0.9417649505983601,25.0,10.0,False,main,True
10205,2,2,6.924000118290937,2.0759998817090626,0.7693333464767709,0.9494140437385056,19.0,8.0,False,main,False
10205,3,3,7.924000118290937,2.0759998817090626,0.7924000118290937,0.9552833782368806,14.0,7.0,False,main,False
10205,4,4,8.924000118290937,2.0759998817090626,0.8112727380264488,0.959930311136783,11.0,5.0,False,main,False
10205,5,5,9.924000118290937,2.0759998817090626,0.8270000098575782,0.963701179474457,8.0,4.0,False,main,False
10205,6,6,10.924000118290937,2.0759998817090626,0.8403077014069952,0.9668226384777302,5.0,3.0,False,main,False
10205,7,7,11.924000118290937,2.0759998817090626,0.8517142941636384,0.9694492943823382,3.0,2.0,False,main,False
10205,8,8,12.924000118290937,2.0759998817090626,0.8616000078860625,0.9716902475780125,1.0,1.0,False,main,False
10205,9,9,13.924000118290937,2.0759998817090626,0.8702500073931836,0.9736246987225603,-1.0,-1.0,True,main,False
4882,0,1,4.881744763967941,3.1182552360320597,0.6102180954959926,0.8608522189270723,66.0,18.0,False,main,True
7550,1,1,6.0101581406462,1.9898418593537999,0.751269767580775,0.9472617991312896,23.0,9.0,False,main,True
2043,1,1,6.135012620155429,1.8649873798445706,0.7668765775194286,0.9548519022411474,21.0,9.0,False,main,True
2043,2,2,7.135012620155429,1.8649873798445706,0.7927791800172699,0.9607242775191167,16.0,8.0,False,main,True
2043,3,3,8.135012620155429,1.8649873798445706,0.8135012620155428,0.9652428470269228,13.0,6.0,False,main,False
2043,4,4,9.135012620155429,1.8649873798445706,0.8304556927414026,0.9688278848857547,10.0,5.0,False,main,False
2043,5,5,10.135012620155429,1.8649873798445706,0.8445843850129524,0.9717418623275118,7.0,4.0,False,main,False
2043,6,6,11.135012620155429,1.8649873798445706,0.8565394323196484,0.9741572125050709,5.0,3.0,False,main,False
2043,7,7,12.135012620155429,1.8649873798445706,0.8667866157253877,0.9761919143570784,3.0,2.0,False,main,False
2043,8,8,13.135012620155429,1.8649873798445706,0.875667508010362,0.977929427463812,1.0,1.0,False,main,False
2043,9,9,14.135012620155429,1.8649873798445706,0.8834382887597143,0.979430462642698,-1.0,-1.0,True,main,False
8840,1,1,6.059218852156483,1.9407811478435173,0.7574023565195603,0.950298361137013,22.0,9.0,False,main,True
7510,1,1,6.041472162819072,1.958527837180928,0.755184020352384,0.949207916059277,23.0,9.0,False,main,True
4580,1,1,5.843487694266207,2.1565123057337927,0.7304359617832759,0.9364448979101552,26.0,10.0,False,main,True
4875,1,1,5.933670927593534,2.0663290724064662,0.7417088659491917,0.9423921809634227,24.0,9.0,False,main,True
7375,1,1,6.077434633615064,1.9225653663849358,0.759679329201883,0.9514081412614128,22.0,9.0,False,main,True
7375,2,2,7.077434633615064,1.9225653663849358,0.7863816259572293,0.9577454403535711,17.0,8.0,False,main,False
7375,3,3,8.077434633615063,1.9225653663849358,0.8077434633615064,0.9626180600887572,13.0,6.0,False,main,False
7375,4,4,9.077434633615063,1.9225653663849358,0.8252213303286422,0.9664817785084181,10.0,5.0,False,main,False
7375,5,5,10.077434633615063,1.9225653663849358,0.839786219467922,0.9696208530052208,7.0,4.0,False,main,False
7375,6,6,11.077434633615063,1.9225653663849358,0.852110356431928,0.9722218342970134,5.0,3.0,False,main,False
7375,7,7,12.077434633615063,1.9225653663849358,0.862673902401076,0.9744122548422408,3.0,2.0,False,main,False
7375,8,8,13.077434633615063,1.9225653663849358,0.8718289755743376,0.9762822717462738,1.0,1.0,False,main,False
7375,9,9,14.077434633615063,1.9225653663849358,0.8798396646009415,0.9778974311907154,-1.0,-1.0,True,main,False
8056,1,1,6.013864267854894,1.9861357321451063,0.7517330334818617,0.9474935862031962,23.0,9.0,False,main,True
8056,2,2,7.013864267854894,1.9861357321451063,0.779318251983877,0.9543616586613191,18.0,8.0,False,main,False
8056,3,3,8.013864267854894,1.9861357321451063,0.8013864267854893,0.9596379587861373,14.0,7.0,False,main,False
8056,4,4,9.013864267854894,1.9861357321451063,0.8194422061686267,0.9638191186178388,10.0,5.0,False,main,False
8056,5,5,10.013864267854894,1.9861357321451063,0.8344886889879078,0.9672144073813815,7.0,4.0,False,main,False
8056,6,6,11.013864267854894,1.9861357321451063,0.8472203282965303,0.9700265554409022,5.0,3.0,False,main,False
8056,7,7,12.013864267854894,1.9861357321451063,0.8581331619896353,0.972394029242274,3.0,2.0,False,main,False
8056,8,8,13.013864267854894,1.9861357321451063,0.8675909511903263,0.9744146427409435,1.0,1.0,False,main,False
8056,9,9,14.013864267854894,1.9861357321451063,0.8758665167409309,0.9761594650544807,-1.0,-1.0,True,main,False
6140,0,1,5.133365538418031,2.8666344615819694,0.6416706923022538,0.8826145439801911,53.0,16.0,False,main,True
6758,0,1,5.11132983766168,2.8886701623383204,0.63891622970771,0.8807615884684663,54.0,16.0,False,main,True
8185,0,5,5.446683217973869,6.55331678202613,0.45389026816448913,0.686139503781503,350.0,51.0,False,main,True
5343,2,2,7.7391971290870165,1.2608028709129835,0.8599107921207796,0.9863506877175001,12.0,7.0,False,main,True
5343,3,3,8.739197129087017,1.2608028709129835,0.8739197129087017,0.9878812728556602,9.0,6.0,False,main,False
5343,4,4,9.739197129087017,1.2608028709129835,0.8853815571897289,0.989103122441287,7.0,5.0,False,main,False
5343,5,5,10.739197129087017,1.2608028709129835,0.8949330940905847,0.9901011091774545,6.0,4.0,False,main,False
5343,6,6,11.739197129087017,1.2608028709129835,0.9030151637759244,0.9909316029765596,4.0,3.0,False,main,False
5343,7,7,12.739197129087017,1.2608028709129835,0.9099426520776441,0.9916335109740231,2.0,2.0,False,main,False
5343,8,8,13.739197129087017,1.2608028709129835,0.9159464752724679,0.9922345544887348,1.0,1.0,False,main,False
5343,9,9,14.739197129087017,1.2608028709129835,0.9211998205679386,0.9927550197965915,-1.0,-1.0,True,main,False
1660,2,2,7.023900509626483,1.976099490373517,0.7804333899584981,0.9549023791726892,17.0,8.0,False,main,True
1660,3,3,8.023900509626483,1.976099490373517,0.8023900509626483,0.9601140666278045,13.0,7.0,False,main,True
1660,4,4,9.023900509626483,1.976099490373517,0.8203545917842257,0.9642444385436796,10.0,5.0,False,main,False
1660,5,5,10.023900509626483,1.976099490373517,0.8353250424688735,0.9675987486425603,7.0,4.0,False,main,False
1660,6,6,11.023900509626483,1.976099490373517,0.8479923468943448,0.9703771317343446,5.0,3.0,False,main,False
1660,7,7,12.023900509626483,1.976099490373517,0.8588500364018916,0.9727163012811854,3.0,2.0,False,main,False
1660,8,8,13.023900509626483,1.976099490373517,0.8682600339750989,0.9747128442558666,1.0,1.0,False,main,False
1660,9,9,14.023900509626483,1.976099490373517,0.8764937818516552,0.9764369450993347,-1.0,-1.0,True,main,False
3663,2,2,7.413425055987305,1.5865749440126948,0.8237138951097005,0.9738919281332047,14.0,7.0,False,main,True
3663,3,3,8.413425055987304,1.5865749440126948,0.8413425055987306,0.9768612420230454,11.0,6.0,False,main,False
3663,4,4,9.413425055987304,1.5865749440126948,0.8557659141806642,0.9792236966808072,8.0,5.0,False,main,False
3663,5,5,10.413425055987304,1.5865749440126948,0.8677854213322754,0.981148182253738,6.0,4.0,False,main,False
3663,6,6,11.413425055987304,1.5865749440126948,0.877955773537485,0.9827462114728592,4.0,3.0,False,main,False
3663,7,7,12.413425055987304,1.5865749440126948,0.8866732182848075,0.9840943875744692,2.0,2.0,False,main,False
3663,8,8,13.413425055987304,1.5865749440126948,0.8942283370658204,0.9852470779246388,1.0,1.0,False,main,False
3663,9,9,14.413425055987304,1.5865749440126948,0.9008390659992066,0.9862439385434342,-1.0,-1.0,True,main,False
8338,0,5,5.267418575533703,6.732581424466297,0.4389515479611419,0.671880379813173,438.0,55.0,False,main,True
7299,2,2,7.365304735375067,1.6346952646249333,0.8183671928194518,0.9717702636982314,14.0,7.0,False,main,True
7299,3,3,8.365304735375066,1.6346952646249333,0.8365304735375065,0.9749873689087876,11.0,6.0,False,main,False
7299,4,4,9.365304735375066,1.6346952646249333,0.8513913395795515,0.9775457280899525,9.0,5.0,False,main,False
