arm,s,n,post_a,post_b,q_mean,q_opt,m_mean,m_opt,confirmed,sel_kind,would_differ
6308,1,1,6.608067169760007,1.3919328302399927,0.8260083962200009,0.9790966552937678,16.0,8.0,False,main,True
7371,1,1,6.603540068097423,1.396459931902577,0.8254425085121779,0.9789021881654788,16.0,8.0,False,main,True
4691,0,1,5.60857459622528,2.3914254037747202,0.70107182452816,0.9199619547895365,37.0,14.0,False,main,True
6283,1,1,6.632343069350103,1.3676569306498967,0.8290428836687629,0.9801258972571819,15.0,8.0,False,main,True
6283,2,2,7.632343069350103,1.3676569306498967,0.8480381188166781,0.9826497844205916,12.0,7.0,False,main,False
6283,3,3,8.632343069350103,1.3676569306498967,0.8632343069350104,0.9846045997902598,10.0,6.0,False,main,False
6283,4,4,9.632343069350103,1.3676569306498967,0.8756675517591003,0.9861633766691259,8.0,5.0,False,main,False
6283,5,5,10.632343069350103,1.3676569306498967,0.8860285891125086,0.9874354333591404,6.0,4.0,False,main,False
6283,6,6,11.632343069350103,1.3676569306498967,0.8947956207192387,0.9884932348990321,4.0,3.0,False,main,False
6283,7,7,12.632343069350103,1.3676569306498967,0.9023102192392931,0.9893867190943744,2.0,2.0,False,main,False
6283,8,8,13.632343069350103,1.3676569306498967,0.9088228712900068,0.9901514206455384,1.0,1.0,False,main,False
6283,9,9,14.632343069350103,1.3676569306498967,0.9145214418343814,0.9908133154245481,-1.0,-1.0,True,main,False
3354,1,1,6.625306423833649,1.3746935761663512,0.8281633029792062,0.979829921883434,16.0,8.0,False,main,True
9747,1,1,6.6967108408618525,1.303289159138147,0.8370888551077316,0.9827422979064646,15.0,8.0,False,main,True
9747,2,2,7.6967108408618525,1.303289159138147,0.8551900934290947,0.98492685300058,12.0,7.0,False,main,False
9747,3,3,8.696710840861853,1.303289159138147,0.8696710840861852,0.9866203049351513,10.0,6.0,False,main,False
9747,4,4,9.696710840861853,1.303289159138147,0.8815191673510775,0.9879715704601096,7.0,5.0,False,main,False
9747,5,5,10.696710840861853,1.303289159138147,0.891392570071821,0.9890748716995434,6.0,4.0,False,main,False
9747,6,6,11.696710840861853,1.303289159138147,0.8997469877586041,0.9899927397471653,4.0,3.0,False,main,False
9747,7,7,12.696710840861853,1.303289159138147,0.906907917204418,0.99076830727123,2.0,2.0,False,main,False
9747,8,8,13.696710840861853,1.303289159138147,0.9131140560574569,0.9914322904286735,1.0,1.0,False,main,False
9747,9,9,14.696710840861853,1.303289159138147,0.9185444275538658,0.9920071573652651,-1.0,-1.0,True,main,False
4045,1,1,6.800783185171963,1.1992168148280364,0.8500978981464954,0.9866134853266464,14.0,8.0,False,main,True
3747,1,1,6.659914260735214,1.3400857392647856,0.8324892825919018,0.9812668307278504,15.0,8.0,False,main,True
4301,1,1,6.891900967664115,1.1080990323358855,0.8614876209580143,0.9896203075109681,13.0,8.0,False,main,True
9753,1,1,6.921660822060217,1.078339177939783,0.8652076027575272,0.9905218336464844,13.0,8.0,False,main,True
9753,2,2,7.921660822060217,1.078339177939783,0.8801845357844686,0.9917077626559648,11.0,7.0,False,main,False
9753,3,3,8.921660822060218,1.078339177939783,0.8921660822060217,0.9926299012067547,9.0,6.0,False,main,False
9753,4,4,9.921660822060218,1.078339177939783,0.9019691656418379,0.9933674594450369,7.0,5.0,False,main,False
9753,5,5,10.921660822060218,1.078339177939783,0.9101384018383514,0.9939708180918599,5.0,4.0,False,main,False
9753,6,6,11.921660822060218,1.078339177939783,0.9170508324661705,0.994473551093287,4.0,3.0,False,main,False
9753,7,7,12.921660822060218,1.078339177939783,0.9229757730043012,0.9948988947086593,2.0,2.0,False,main,False
9753,8,8,13.921660822060218,1.078339177939783,0.9281107214706811,0.9952634420699419,1.0,1.0,False,main,False
9753,9,9,14.921660822060218,1.078339177939783,0.9326038013787636,0.9955793589292384,-1.0,-1.0,True,main,False
7793,1,1,6.616213222541914,1.383786777458086,0.8270266528177392,0.9794445831693466,16.0,8.0,False,main,True
7793,2,2,7.616213222541914,1.383786777458086,0.8462459136157682,0.9820570907871615,12.0,7.0,False,main,False
7793,3,3,8.616213222541914,1.383786777458086,0.8616213222541914,0.9840801097800336,10.0,6.0,False,main,False
7793,4,4,9.616213222541914,1.383786777458086,0.8742012020492649,0.9856930041823342,8.0,5.0,False,main,False
7793,5,5,10.616213222541914,1.383786777458086,0.8846844352118262,0.9870090496993066,6.0,4.0,False,main,False
7793,6,6,11.616213222541914,1.383786777458086,0.8935548632724549,0.988103312725399,4.0,3.0,False,main,False
7793,7,7,12.616213222541914,1.383786777458086,0.9011580873244224,0.9890275115621934,2.0,2.0,False,main,False
7793,8,8,13.616213222541914,1.383786777458086,0.9077475481694609,0.9898184407425411,1.0,1.0,False,main,False
7793,9,9,14.616213222541914,1.383786777458086,0.9135133264088696,0.9905029927090777,-1.0,-1.0,True,main,False
1007,1,1,6.943015519360442,1.056984480639558,0.8678769399200552,0.9911437184801584,13.0,8.0,False,main,True
1007,2,2,7.943015519360442,1.056984480639558,0.882557279928938,0.9922505809632505,11.0,7.0,False,main,False
1007,3,3,8.943015519360442,1.056984480639558,0.8943015519360442,0.993111493793367,9.0,6.0,False,main,False
1007,4,4,9.943015519360442,1.056984480639558,0.9039105017600402,0.99380023999772,7.0,5.0,False,main,False
1007,5,5,10.943015519360442,1.056984480639558,0.9119179599467034,0.9943637719883633,5.0,4.0,False,main,False
1007,6,6,11.943015519360442,1.056984480639558,0.9186935014892648,0.994833391510308,4.0,3.0,False,main,False
1007,7,7,12.943015519360442,1.056984480639558,0.9245011085257459,0.9952307692474337,2.0,2.0,False,main,False
1007,8,8,13.943015519360442,1.056984480639558,0.9295343679573628,0.995571384488478,1.0,1.0,False,main,False
1007,9,9,14.943015519360442,1.056984480639558,0.9339384699600276,0.9958665888974411,-1.0,-1.0,True,main,False
1569,1,1,6.728888280822543,1.271111719177457,0.8411110351028179,0.9839874685532434,15.0,8.0,False,main,True
1431,0,1,5.791115617857357,2.2088843821426427,0.7238894522321696,0.9328919789194238,33.0,14.0,False,main,True
7720,0,1,5.661054081287147,2.338945918712853,0.7076317601608934,0.9237643317770776,36.0,14.0,False,main,True
7720,0,2,5.661054081287147,3.338945918712853,0.6290060090319052,0.8628830055026024,61.0,20.0,False,main,False
7720,0,3,5.661054081287147,4.338945918712853,0.5661054081287147,0.8044829098727462,102.0,27.0,False,main,True
7720,0,4,5.661054081287147,5.338945918712853,0.5146412801170134,0.75102802637338,167.0,36.0,False,main,True
4002,0,1,5.776811501412375,2.2231884985876254,0.7221014376765469,0.9319091804313707,33.0,14.0,False,main,True
2859,0,1,5.948234697279624,2.0517653027203764,0.743529337159953,0.9433319180547151,30.0,13.0,False,main,True
7811,1,1,6.738598428740849,1.261401571259151,0.8423248035926061,0.9843548362371688,15.0,8.0,False,main,True
7811,2,2,7.738598428740849,1.261401571259151,0.8598442698600943,0.9863310702179297,12.0,7.0,False,main,False
7811,3,3,8.738598428740849,1.261401571259151,0.8738598428740849,0.9878638962696284,9.0,6.0,False,main,False
7811,4,4,9.738598428740849,1.261401571259151,0.8853271298855317,0.9890875270911007,7.0,5.0,False,main,False
7811,5,5,10.738598428740849,1.261401571259151,0.8948832023950707,0.9900869637138418,6.0,4.0,False,main,False
7811,6,6,11.738598428740849,1.261401571259151,0.9029691099031422,0.9909186606653252,4.0,3.0,False,main,False
7811,7,7,12.738598428740849,1.261401571259151,0.9098998877672034,0.9916215831391016,2.0,2.0,False,main,False
7811,8,8,13.738598428740849,1.261401571259151,0.9159065619160566,0.9922234936180684,1.0,1.0,False,main,False
7811,9,9,14.738598428740849,1.261401571259151,0.921162401796303,0.9927447083773068,-1.0,-1.0,True,main,False
6735,0,1,5.597829074937338,2.402170925062662,0.6997286343671673,0.9191751137106202,37.0,14.0,False,main,True
4326,1,1,6.594107325971447,1.4058926740285522,0.8242634157464309,0.9784944585576549,16.0,8.0,False,main,True
2645,0,1,5.590804936990286,2.4091950630097148,0.6988506171237857,0.918659261842433,37.0,14.0,False,main,True
8400,1,1,6.629403493062561,1.3705965069374384,0.8286754366328202,0.9800024882818016,15.0,8.0,False,main,True
8400,2,2,7.629403493062561,1.3705965069374384,0.8477114992291734,0.9825424198635149,12.0,7.0,False,main,False
8400,3,3,8.629403493062561,1.3705965069374384,0.8629403493062562,0.9845095848910815,10.0,6.0,False,main,False
8400,4,4,9.629403493062561,1.3705965069374384,0.8754003175511419,0.9860781618488222,8.0,5.0,False,main,False
8400,5,5,10.629403493062561,1.3705965069374384,0.8857836244218801,0.9873581850662545,6.0,4.0,False,main,False
8400,6,6,11.629403493062561,1.3705965069374384,0.8945694994663509,0.9884225903387824,4.0,3.0,False,main,False
8400,7,7,12.629403493062561,1.3705965069374384,0.9021002495044687,0.9893216377270827,2.0,2.0,False,main,False
8400,8,8,13.629403493062561,1.3705965069374384,0.9086268995375041,0.9900910899775623,1.0,1.0,False,main,False
8400,9,9,14.629403493062561,1.3705965069374384,0.9143377183164101,0.9907570888896841,-1.0,-1.0,True,main,False
7904,0,1,5.659519756551951,2.340480243448049,0.7074399695689939,0.923654122211514,36.0,14.0,False,main,True
7904,0,2,5.659519756551951,3.340480243448049,0.6288355285057724,0.8627611385117366,61.0,20.0,False,main,False
7904,0,3,5.659519756551951,4.340480243448049,0.5659519756551952,0.8043588199284059,102.0,27.0,False,main,True
7904,0,4,5.659519756551951,5.340480243448049,0.5145017960501774,0.7509056969193085,167.0,36.0,False,main,True
8233,0,1,5.771747869113229,2.228252130886771,0.7214684836391536,0.9315600072396603,33.0,14.0,False,main,True
8233,0,2,5.771747869113229,3.228252130886771,0.6413053187903588,0.8715778534648408,57.0,19.0,False,main,False
8233,0,3,5.771747869113229,4.228252130886771,0.5771747869113228,0.8133663194962726,93.0,26.0,False,main,False
8233,0,4,5.771747869113229,5.228252130886771,0.5247043517375662,0.7598005225342807,151.0,35.0,False,main,False
8233,0,5,5.771747869113229,6.228252130886771,0.4809789890927691,0.711427404704559,246.0,45.0,False,main,False
8233,0,6,5.771747869113229,7.228252130886771,0.4439806053164022,0.6680112251966145,411.0,59.0,False,main,True
8233,0,7,5.771747869113229,8.228252130886771,0.4122677049366592,0.629072374128647,712.0,76.0,False,main,True
8233,0,8,5.771747869113229,9.228252130886771,0.3847831912742153,0.5940873048807929,-1.0,98.0,False,main,True
8233,0,9,5.771747869113229,10.228252130886771,0.3607342418195768,0.5625622148619767,-1.0,125.0,False,main,True
8233,0,10,5.771747869113229,11.228252130886771,0.3395145805360723,0.5340569189555394,-1.0,161.0,False,main,True
7382,0,1,5.712553773079058,2.287446226920942,0.7140692216348823,0.927429600109844,34.0,14.0,False,main,True
10982,1,1,6.600595914349778,1.3994040856502217,0.8250744892937223,0.9787752945326226,16.0,8.0,False,main,True
10982,2,2,7.600595914349778,1.3994040856502217,0.8445106571499754,0.981474959093146,13.0,7.0,False,main,False
10982,3,3,8.600595914349778,1.3994040856502217,0.8600595914349778,0.9835650340662744,10.0,6.0,False,main,False
10982,4,4,9.600595914349778,1.3994040856502217,0.8727814467590708,0.985231122388355,8.0,5.0,False,main,False
10982,5,5,10.600595914349778,1.3994040856502217,0.8833829928624816,0.9865903976299192,6.0,4.0,False,main,False
10982,6,6,11.600595914349778,1.3994040856502217,0.8923535318730599,0.9877204873101343,4.0,3.0,False,main,False
10982,7,7,12.600595914349778,1.3994040856502217,0.9000425653106985,0.988674862089674,2.0,2.0,False,main,False
10982,8,8,13.600595914349778,1.3994040856502217,0.9067063942899852,0.9894915560762058,1.0,1.0,False,main,False
10982,9,9,14.600595914349778,1.3994040856502217,0.9125372446468611,0.9901983633329369,-1.0,-1.0,True,main,False
1478,1,1,6.794480589666054,1.2055194103339464,0.8493100737082567,0.9863920624523486,14.0,8.0,False,main,True
8869,0,1,5.688851816161531,2.311148183838469,0.7111064770201914,0.9257509267502619,35.0,14.0,False,main,True
7757,1,1,6.590467358823778,1.4095326411762223,0.8238084198529723,0.9783362083491399,16.0,8.0,False,main,True
7757,2,2,7.590467358823778,1.4095326411762223,0.8433852620915309,0.9810931056541256,13.0,7.0,False,main,False
7757,3,3,8.590467358823778,1.4095326411762223,0.8590467358823778,0.9832272024733938,10.0,6.0,False,main,False
7757,4,4,9.590467358823778,1.4095326411762223,0.8718606689839798,0.9849282053768864,8.0,5.0,False,main,False
7757,5,5,10.590467358823778,1.4095326411762223,0.8825389465686482,0.9863158506147274,6.0,4.0,False,main,False
7757,6,6,11.590467358823778,1.4095326411762223,0.8915744122172137,0.9874694489526998,4.0,3.0,False,main,False
7757,7,7,12.590467358823778,1.4095326411762223,0.8993190970588413,0.9884436224334922,2.0,2.0,False,main,False
7757,8,8,13.590467358823778,1.4095326411762223,0.9060311572549186,0.9892772194378817,1.0,1.0,False,main,False
7757,9,9,14.590467358823778,1.4095326411762223,0.9119042099264861,0.9899986261882838,-1.0,-1.0,True,main,False
5753,1,1,6.748116616795691,1.2518833832043088,0.8435145770994614,0.9847111310244179,14.0,8.0,False,main,True
10591,1,1,6.647230087861508,1.352769912138492,0.8309037609826885,0.9807456717478342,15.0,8.0,False,main,True
10591,2,2,7.647230087861508,1.352769912138492,0.849692231984612,0.983189034211277,12.0,7.0,False,main,False
10591,3,3,8.647230087861509,1.352769912138492,0.8647230087861508,0.9850818573425849,10.0,6.0,False,main,False
10591,4,4,9.647230087861509,1.352769912138492,0.877020917078319,0.9865914335118801,8.0,5.0,False,main,False
10591,5,5,10.647230087861509,1.352769912138492,0.8872691739884591,0.9878234903892773,6.0,4.0,False,main,False
10591,6,6,11.647230087861509,1.352769912138492,0.8959407759893468,0.9888481317662856,4.0,3.0,False,main,False
10591,7,7,12.647230087861509,1.352769912138492,0.9033735777043935,0.9897136787532202,2.0,2.0,False,main,False
10591,8,8,13.647230087861509,1.352769912138492,0.9098153391907673,0.9904545218045959,1.0,1.0,False,main,False
10591,9,9,14.647230087861509,1.352769912138492,0.9154518804913443,0.991095804123704,-1.0,-1.0,True,main,False
336,1,1,6.790070786139148,1.2099292138608522,0.8487588482673935,0.986236121948218,14.0,8.0,False,main,True
7877,1,1,6.797544421136631,1.2024555788633693,0.8496930526420788,0.986499914571901,14.0,8.0,False,main,True
7877,2,2,7.797544421136631,1.2024555788633693,0.8663938245707368,0.9882000537343778,11.0,7.0,False,main,False
7877,3,3,8.797544421136632,1.2024555788633693,0.8797544421136632,0.9895197837155921,9.0,6.0,False,main,False
7877,4,4,9.797544421136632,1.2024555788633693,0.8906858564669665,0.9905739555678584,7.0,5.0,False,main,False
7877,5,5,10.797544421136632,1.2024555788633693,0.8997953684280526,0.9914354075876921,5.0,4.0,False,main,False
7877,6,6,11.797544421136632,1.2024555788633693,0.9075034170105101,0.9921525684628882,4.0,3.0,False,main,False
7877,7,7,12.797544421136632,1.2024555788633693,0.9141103157954736,0.9927588930851075,2.0,2.0,False,main,False
7877,8,8,13.797544421136632,1.2024555788633693,0.9198362947424421,0.993278235059083,1.0,1.0,False,main,False
7877,9,9,14.797544421136632,1.2024555788633693,0.9248465263210395,0.9937280607564452,-1.0,-1.0,True,main,False
9289,1,1,6.813753149619595,1.186246850380405,0.8517191437024494,0.9870637508985017,14.0,8.0,False,main,True
5965,1,1,6.740487744950609,1.2595122550493918,0.8425609681188261,0.9844258598418251,14.0,8.0,False,main,True
9559,1,1,6.604369421627348,1.3956305783726517,0.8255461777034185,0.9789378731987771,16.0,8.0,False,main,True
9559,2,2,7.604369421627348,1.3956305783726517,0.844929935736372,0.9816163571401183,13.0,7.0,False,main,False
9559,3,3,8.604369421627348,1.3956305783726517,0.8604369421627348,0.9836901382955994,10.0,6.0,False,main,False
9559,4,4,9.604369421627348,1.3956305783726517,0.8731244928752134,0.9853433022916476,8.0,5.0,False,main,False
9559,5,5,10.604369421627348,1.3956305783726517,0.883697451802279,0.986692074925483,6.0,4.0,False,main,False
9559,6,6,11.604369421627348,1.3956305783726517,0.8926438016636422,0.9878134610729293,4.0,3.0,False,main,False
9559,7,7,12.604369421627348,1.3956305783726517,0.9003121015448106,0.9887605054272742,2.0,2.0,False,main,False
9559,8,8,13.604369421627348,1.3956305783726517,0.9069579614418232,0.9895709408090714,1.0,1.0,False,main,False
9559,9,9,14.604369421627348,1.3956305783726517,0.9127730888517093,0.9902723421556463,-1.0,-1.0,True,main,False
11618,1,1,6.608948795118749,1.391051204881251,0.8261185993898437,0.9791344345258156,16.0,8.0,False,main,True
6851,1,1,6.593010087763751,1.4069899122362486,0.8241262609704689,0.9784468087486858,16.0,8.0,False,main,True
6851,2,2,7.593010087763751,1.4069899122362486,0.8436677875293057,0.9811892858632958,13.0,7.0,False,main,True
6851,3,3,8.593010087763751,1.4069899122362486,0.8593010087763752,0.9833122919114272,10.0,6.0,False,main,False
6851,4,4,9.593010087763751,1.4069899122362486,0.8720918261603411,0.9850044990208803,8.0,5.0,False,main,False
6851,5,5,10.593010087763751,1.4069899122362486,0.8827508406469793,0.9863849975271554,6.0,4.0,False,main,False
6851,6,6,11.593010087763751,1.4069899122362486,0.8917700067510578,0.98753267398276,4.0,3.0,False,main,False
6851,7,7,12.593010087763751,1.4069899122362486,0.8995007205545537,0.9885018602818216,2.0,2.0,False,main,False
6851,8,8,13.593010087763751,1.4069899122362486,0.9062006725175834,0.9893311996218506,1.0,1.0,False,main,False
6851,9,9,14.593010087763751,1.4069899122362486,0.9120631304852345,0.9900489290193588,-1.0,-1.0,True,main,False
3168,1,1,6.769305495061376,1.2306945049386244,0.846163186882672,0.9854906452337828,14.0,8.0,False,main,True
3168,2,2,7.769305495061376,1.2306945049386244,0.8632561661179307,0.9873205384156213,12.0,7.0,False,main,False
3168,3,3,8.769305495061376,1.2306945049386244,0.8769305495061376,0.9887404466056265,9.0,6.0,False,main,False
3168,4,4,9.769305495061376,1.2306945049386244,0.888118681369216,0.989874301681236,7.0,5.0,False,main,False
3168,5,5,10.769305495061376,1.2306945049386244,0.897442124588448,0.9908006494355213,5.0,4.0,False,main,False
3168,6,6,11.769305495061376,1.2306945049386244,0.9053311919277982,0.9915716863447992,4.0,3.0,False,main,False
3168,7,7,12.769305495061376,1.2306945049386244,0.9120932496472411,0.9922234550242098,2.0,2.0,False,main,False
3168,8,8,13.769305495061376,1.2306945049386244,0.9179536996707583,0.9927816452583508,1.0,1.0,False,main,False
3168,9,9,14.769305495061376,1.2306945049386244,0.923081593441336,0.9932650624612478,-1.0,-1.0,True,main,False
8106,1,1,6.59082115614142,1.4091788438585802,0.8238526445176775,0.9783516121943577,16.0,8.0,False,main,True
8106,2,2,7.59082115614142,1.4091788438585802,0.8434245729046022,0.9811065009709813,13.0,7.0,False,main,False
8106,3,3,8.59082115614142,1.4091788438585802,0.8590821156141419,0.9832390530367066,10.0,6.0,False,main,False
8106,4,4,9.59082115614142,1.4091788438585802,0.8718928323764927,0.9849388308580777,8.0,5.0,False,main,False
8106,5,5,10.59082115614142,1.4091788438585802,0.8825684296784516,0.9863254807092143,6.0,4.0,False,main,False
8106,6,6,11.59082115614142,1.4091788438585802,0.8916016273954939,0.9874782542646692,4.0,3.0,False,main,False
8106,7,7,12.59082115614142,1.4091788438585802,0.8993443682958157,0.98845173315154,2.0,2.0,False,main,False
8106,8,8,13.59082115614142,1.4091788438585802,0.9060547437427613,0.9892847371706172,1.0,1.0,False,main,False
8106,9,9,14.59082115614142,1.4091788438585802,0.9119263222588387,0.9900056317617549,-1.0,-1.0,True,main,False
6739,0,1,5.634539339675776,2.3654606603242243,0.704317417459472,0.9218516427310586,36.0,14.0,False,main,True
7575,1,1,6.929871924473802,1.070128075526198,0.8662339905592252,0.990763443622622,13.0,8.0,False,main,True
11287,1,1,6.798858693386449,1.2011413066135515,0.8498573366733061,0.9865460554220289,14.0,8.0,False,main,True
11287,2,2,7.798858693386449,1.2011413066135515,0.8665398548207165,0.9882402691346067,11.0,7.0,False,main,False
11287,3,3,8.79885869338645,1.2011413066135515,0.8798858693386448,0.9895554229434244,9.0,6.0,False,main,False
11287,4,4,9.79885869338645,1.2011413066135515,0.8908053357624044,0.9906059540070015,7.0,5.0,False,main,False
11287,5,5,10.79885869338645,1.2011413066135515,0.8999048911155373,0.9914644403490713,5.0,4.0,False,main,False
11287,6,6,11.79885869338645,1.2011413066135515,0.9076045148758806,0.9921791387708015,4.0,3.0,False,main,False
11287,7,7,12.79885869338645,1.2011413066135515,0.9142041923847463,0.9927833860739896,2.0,2.0,False,main,False
11287,8,8,13.79885869338645,1.2011413066135515,0.9199239128924299,0.9933009520478002,1.0,1.0,False,main,False
11287,9,9,14.79885869338645,1.2011413066135515,0.9249286683366531,0.9937492419274422,-1.0,-1.0,True,main,False
1744,1,1,6.683617476285229,1.316382523714771,0.8354521845356536,0.9822235300662762,15.0,8.0,False,main,True
11402,1,1,6.591239580538534,1.4087604194614651,0.8239049475673168,0.9783698236327085,16.0,8.0,False,main,True
5402,0,1,5.761352472602016,2.2386475273979842,0.720169059075252,0.930841107379844,33.0,14.0,False,main,True
3452,1,1,6.8945960086164355,1.1054039913835647,0.8618245010770544,0.9897036083379775,13.0,8.0,False,main,True
3452,2,2,7.8945960086164355,1.1054039913835647,0.8771773342907151,0.9909937566129271,11.0,7.0,False,main,False
3452,3,3,8.894596008616436,1.1054039913835647,0.8894596008616436,0.991996559100399,9.0,6.0,False,main,False
3452,4,4,9.894596008616436,1.1054039913835647,0.8995087280560395,0.9927984022928686,7.0,5.0,False,main,False
3452,5,5,10.894596008616436,1.1054039913835647,0.9078830007180363,0.9934541964973514,5.0,4.0,False,main,False
3452,6,6,11.894596008616436,1.1054039913835647,0.9149689237397258,0.9940005158206193,4.0,3.0,False,main,False
3452,7,7,12.894596008616436,1.1054039913835647,0.9210425720440311,0.9944626625882964,2.0,2.0,False,main,False
3452,8,8,13.894596008616436,1.1054039913835647,0.926306400574429,0.9948586992176867,1.0,1.0,False,main,False
3452,9,9,14.894596008616436,1.1054039913835647,0.9309122505385272,0.9952018649440366,-1.0,-1.0,True,main,False
10205,1,1,6.593055260365563,1.4069447396344366,0.8241319075456954,0.9784487713714862,16.0,8.0,False,main,True
10205,2,2,7.593055260365563,1.4069447396344366,0.8436728067072848,0.9811909926214484,13.0,7.0,False,main,False
10205,3,3,8.593055260365563,1.4069447396344366,0.8593055260365563,0.9833138018753789,10.0,6.0,False,main,False
10205,4,4,9.593055260365563,1.4069447396344366,0.8720959327605058,0.9850058529095065,8.0,5.0,False,main,False
10205,5,5,10.593055260365563,1.4069447396344366,0.8827546050304637,0.9863862245999385,6.0,4.0,False,main,False
10205,6,6,11.593055260365563,1.4069447396344366,0.8917734815665818,0.9875337959728065,4.0,3.0,False,main,False
10205,7,7,12.593055260365563,1.4069447396344366,0.8995039471689689,0.9885028937742889,2.0,2.0,False,main,False
10205,8,8,13.593055260365563,1.4069447396344366,0.9062036840243709,0.9893321575613572,1.0,1.0,False,main,False
10205,9,9,14.593055260365563,1.4069447396344366,0.9120659537728477,0.9900498217031318,-1.0,-1.0,True,main,False
11501,1,1,6.710308731156052,1.2896912688439484,0.8387885913945065,0.9832736765234202,15.0,8.0,False,main,True
6872,0,1,5.6378909021986905,2.3621090978013095,0.7047363627748363,0.9220943669125117,36.0,14.0,False,main,True
9690,0,1,5.683992768789342,2.3160072312106577,0.7104990960986678,0.9254050541283134,35.0,14.0,False,main,True
9690,0,2,5.683992768789342,3.3160072312106577,0.6315547520877047,0.8647005888266286,60.0,20.0,False,main,False
9690,0,3,5.683992768789342,4.316007231210658,0.5683992768789342,0.8063349845458327,100.0,27.0,False,main,True
9690,0,4,5.683992768789342,5.316007231210658,0.5167266153444857,0.7528545021182256,163.0,36.0,False,main,True
8841,1,1,6.7163805064940565,1.283619493505944,0.8395475633117571,0.9835085061670344,15.0,8.0,False,main,True
3085,1,1,6.653139374119962,1.3468606258800377,0.8316424217649953,0.980989262472721,15.0,8.0,False,main,True
3295,1,1,6.7119978145169,1.2880021854830994,0.8389997268146125,0.9833391547485064,15.0,8.0,False,main,True
3295,2,2,7.7119978145169,1.2880021854830994,0.8568886460574334,0.9854465282964471,12.0,7.0,False,main,True
3295,3,3,8.7119978145169,1.2880021854830994,0.8711997814516901,0.987080485058703,10.0,6.0,False,main,False
3295,4,4,9.7119978145169,1.2880021854830994,0.8829088922288091,0.9883844847813918,7.0,5.0,False,main,False
3295,5,5,10.7119978145169,1.2880021854830994,0.8926664845430751,0.9894493289704027,6.0,4.0,False,main,False
3295,6,6,11.7119978145169,1.2880021854830994,0.9009229088089923,0.9903352953750061,4.0,3.0,False,main,False
3295,7,7,12.7119978145169,1.2880021854830994,0.9079998438940643,0.9910839716964708,2.0,2.0,False,main,False
3295,8,8,13.7119978145169,1.2880021854830994,0.91413318763446,0.991724979360557,1.0,1.0,False,main,False
3295,9,9,14.7119978145169,1.2880021854830994,0.9194998634073063,0.9922799891130158,-1.0,-1.0,True,main,False
4031,1,1,6.686826298467393,1.3131737015326075,0.8358532873084241,0.9823513076898469,15.0,8.0,False,main,True
10798,0,1,5.6076700946644635,2.3923299053355365,0.7009587618330579,0.9198958304658316,37.0,14.0,False,main,True
10798,0,2,5.6076700946644635,3.3923299053355365,0.6230744549627182,0.8586214168526694,64.0,20.0,False,main,False
10798,0,3,5.6076700946644635,4.3923299053355365,0.5607670094664463,0.8001501102050725,106.0,27.0,False,main,False
10798,0,4,5.6076700946644635,5.3923299053355365,0.5097881904240421,0.7467600082315056,175.0,37.0,False,main,True
10798,0,5,5.6076700946644635,6.3923299053355365,0.4673058412220386,0.6987543327919805,292.0,48.0,False,main,True
10798,0,6,5.6076700946644635,7.3923299053355365,0.4313592380511126,0.655786122034943,501.0,63.0,False,main,True
8386,0,1,5.761228356185827,2.238771643814173,0.7201535445232283,0.9308325072992825,33.0,14.0,False,main,True
8386,0,2,5.761228356185827,3.238771643814173,0.6401364840206474,0.8707598610726174,57.0,19.0,False,main,False
8386,0,3,5.761228356185827,4.238771643814173,0.5761228356185827,0.8125279805376222,94.0,26.0,False,main,True
8386,0,4,5.761228356185827,5.238771643814173,0.5237480323805297,0.7589713443927972,152.0,35.0,False,main,True
254,1,1,6.632478734564832,1.3675212654351685,0.829059841820604,0.9801315845712033,15.0,8.0,False,main,True
11095,1,1,6.661885788165932,1.3381142118340674,0.8327357235207415,0.9813472616530052,15.0,8.0,False,main,True
11095,2,2,7.661885788165932,1.3381142118340674,0.851320643129548,0.983712546318255,12.0,7.0,False,main,False
11095,3,3,8.661885788165932,1.3381142118340674,0.8661885788165933,0.9855452432169863,10.0,6.0,False,main,False
11095,4,4,9.661885788165932,1.3381142118340674,0.8783532534696302,0.9870070888089386,8.0,5.0,False,main,False
11095,5,5,10.661885788165932,1.3381142118340674,0.888490482347161,0.9882003340881047,6.0,4.0,False,main,False
11095,6,6,11.661885788165932,1.3381142118340674,0.8970681375512256,0.9891927956300152,4.0,3.0,False,main,False
11095,7,7,12.661885788165932,1.3381142118340674,0.9044204134404238,0.9900312280379862,2.0,2.0,False,main,False
11095,8,8,13.661885788165932,1.3381142118340674,0.9107923858777288,0.9907489127520298,1.0,1.0,False,main,False
11095,9,9,14.661885788165932,1.3381142118340674,0.9163678617603708,0.991370185767923,-1.0,-1.0,True,main,False
5845,1,1,6.805549165825262,1.1944508341747375,0.8506936457281578,0.9867797868894869,14.0,8.0,False,main,True
11984,1,1,6.680759568373024,1.3192404316269752,0.835094946046628,0.9821093762596252,15.0,8.0,False,main,True
9770,1,1,6.755982643750562,1.2440173562494379,0.8444978304688202,0.9850027187887288,14.0,8.0,False,main,True
9770,2,2,7.755982643750562,1.2440173562494379,0.861775849305618,0.98689543711575,12.0,7.0,False,main,False
9770,3,3,8.755982643750562,1.2440173562494379,0.8755982643750562,0.9883638302208861,9.0,6.0,False,main,False
9770,4,4,9.755982643750562,1.2440173562494379,0.8869075130682329,0.9895362386049138,7.0,5.0,False,main,False
9770,5,5,10.755982643750562,1.2440173562494379,0.8963318869792135,0.9904939770250443,5.0,4.0,False,main,False
9770,6,6,11.755982643750562,1.2440173562494379,0.9043063572115817,0.9912910688703875,4.0,3.0,False,main,False
9770,7,7,12.755982643750562,1.2440173562494379,0.9111416174107544,0.991964810922731,2.0,2.0,False,main,False
9770,8,8,13.755982643750562,1.2440173562494379,0.9170655095833707,0.9925417825626317,1.0,1.0,False,main,False
9770,9,9,14.755982643750562,1.2440173562494379,0.9222489152344101,0.9930414377458302,-1.0,-1.0,True,main,False
6331,1,1,6.839336584354195,1.1606634156458053,0.8549170730442743,0.9879304416891355,14.0,8.0,False,main,True
11538,1,1,6.641411588553898,1.3585884114461018,0.8301764485692372,0.9805044751250047,15.0,8.0,False,main,True
11538,2,2,7.641411588553898,1.3585884114461018,0.8490457320615442,0.9829791648521684,12.0,7.0,False,main,False
11538,3,3,8.641411588553897,1.3585884114461018,0.8641411588553899,0.9848961075875162,10.0,6.0,False,main,False
11538,4,4,9.641411588553897,1.3585884114461018,0.876491962595809,0.9864248278414365,8.0,5.0,False,main,False
11538,5,5,10.641411588553897,1.3585884114461018,0.8867842990461582,0.9876724495813987,6.0,4.0,False,main,False
11538,6,6,11.641411588553897,1.3585884114461018,0.8954931991195306,0.9887099949349452,4.0,3.0,False,main,False
11538,7,7,12.641411588553897,1.3585884114461018,0.9029579706109927,0.9895864138391222,2.0,2.0,False,main,False
11538,8,8,13.641411588553897,1.3585884114461018,0.9094274392369266,0.9903365418480466,1.0,1.0,False,main,False
11538,9,9,14.641411588553897,1.3585884114461018,0.9150882242846187,0.9909858460862255,-1.0,-1.0,True,main,False
9779,1,1,6.7326010794415945,1.2673989205584055,0.8415751349301993,0.9841283984937765,15.0,8.0,False,main,True
9779,2,2,7.7326010794415945,1.2673989205584055,0.8591778977157327,0.986133846660935,12.0,7.0,False,main,False
9779,3,3,8.732601079441594,1.2673989205584055,0.8732601079441593,0.9876892064327168,9.0,6.0,False,main,False
9779,4,4,9.732601079441594,1.2673989205584055,0.8847819163128722,0.9889307477310565,7.0,5.0,False,main,False
9779,5,5,10.732601079441594,1.2673989205584055,0.8943834232867994,0.9899447624964425,6.0,4.0,False,main,False
9779,6,6,11.732601079441594,1.2673989205584055,0.902507775341661,0.990788556359426,4.0,3.0,False,main,False
9779,7,7,12.732601079441594,1.2673989205584055,0.9094715056743995,0.9915016784512826,2.0,2.0,False,main,False
9779,8,8,13.732601079441594,1.2673989205584055,0.9155067386294395,0.9921123052504828,1.0,1.0,False,main,False
9779,9,9,14.732601079441594,1.2673989205584055,0.9207875674650996,0.992641054725764,-1.0,-1.0,True,main,False
9755,1,1,6.694291300681454,1.3057086993185465,0.8367864125851817,0.9826469575549204,15.0,8.0,False,main,True
9755,2,2,7.694291300681454,1.3057086993185465,0.8549212556312726,0.9848438494218011,12.0,7.0,False,main,False
9755,3,3,8.694291300681453,1.3057086993185465,0.8694291300681453,0.986546809446041,10.0,6.0,False,main,False
9755,4,4,9.694291300681453,1.3057086993185465,0.8812992091528593,0.9879056276245166,7.0,5.0,False,main,False
9755,5,5,10.694291300681453,1.3057086993185465,0.8911909417234544,0.9890150732940663,6.0,4.0,False,main,False
9755,6,6,11.694291300681453,1.3057086993185465,0.8995608692831887,0.9899380379414688,4.0,3.0,False,main,False
9755,7,7,12.694291300681453,1.3057086993185465,0.9067350929058181,0.990717901285256,2.0,2.0,False,main,False
9755,8,8,13.694291300681453,1.3057086993185465,0.9129527533787635,0.9913855545095899,1.0,1.0,False,main,False
9755,9,9,14.694291300681453,1.3057086993185465,0.9183932062925908,0.9919635932330096,-1.0,-1.0,True,main,False
1875,1,1,6.692784521333754,1.3072154786662462,0.8365980651667192,0.9825874638096426,15.0,8.0,False,main,True
890,1,1,6.660576111095604,1.3394238889043966,0.8325720138869505,0.9812938490012594,15.0,8.0,False,main,True
890,2,2,7.660576111095604,1.3394238889043966,0.8511751234550671,0.9836660624790419,12.0,7.0,False,main,True
890,3,3,8.660576111095605,1.3394238889043966,0.8660576111095603,0.9855040958384605,10.0,6.0,False,main,False
890,4,4,9.660576111095605,1.3394238889043966,0.8782341919177821,0.9869701781595073,8.0,5.0,False,main,False
890,5,5,10.660576111095605,1.3394238889043966,0.8883813425913002,0.988166868769971,6.0,4.0,False,main,False
890,6,6,11.660576111095605,1.3394238889043966,0.8969673931612002,0.9891621871267322,4.0,3.0,False,main,False
890,7,7,12.660576111095605,1.3394238889043966,0.9043268650782573,0.9900030268059712,2.0,2.0,False,main,False
890,8,8,13.660576111095605,1.3394238889043966,0.9107050740730402,0.9907227676457312,1.0,1.0,False,main,False
890,9,9,14.660576111095605,1.3394238889043966,0.9162860069434753,0.9913458172689035,-1.0,-1.0,True,main,False
6458,1,1,6.6667071270488725,1.3332928729511275,0.8333383908811091,0.9815433012602673,15.0,8.0,False,main,True
3440,1,1,6.835174796652669,1.1648252033473314,0.8543968495815836,0.9877914048775268,14.0,8.0,False,main,True
3990,1,1,6.88258163873238,1.11741836126762,0.8603227048415475,0.9893297269190182,13.0,8.0,False,main,True
10116,1,1,6.89970880460761,1.1002911953923897,0.8624636005759513,0.989860734718271,13.0,8.0,False,main,True
10116,2,2,7.89970880460761,1.1002911953923897,0.8777454227341789,0.9911308530673063,11.0,7.0,False,main,False
10116,3,3,8.89970880460761,1.1002911953923897,0.8899708804607609,0.992118156095102,9.0,6.0,False,main,False
10116,4,4,9.89970880460761,1.1002911953923897,0.8999735276916009,0.992907649106779,7.0,5.0,False,main,False
10116,5,5,10.89970880460761,1.1002911953923897,0.9083090670506341,0.9935533709479548,5.0,4.0,False,main,False
10116,6,6,11.89970880460761,1.1002911953923897,0.9153622157390469,0.9940913186823916,4.0,3.0,False,main,False
10116,7,7,12.89970880460761,1.1002911953923897,0.9214077717576864,0.9945463973473354,2.0,2.0,False,main,False
10116,8,8,13.89970880460761,1.1002911953923897,0.9266472536405073,0.9949363868829085,1.0,1.0,False,main,False
10116,9,9,14.89970880460761,1.1002911953923897,0.9312318002879756,0.9952743201757713,-1.0,-1.0,True,main,False
11499,1,1,6.7556675919823235,1.244332408017676,0.8444584489977904,0.9849910899977287,14.0,8.0,False,main,True
1681,1,1,6.664555706698437,1.3354442933015633,0.8330694633373046,0.9814559373581254,15.0,8.0,False,main,True
4611,1,1,6.708059872900984,1.2919401270990156,0.838507484112623,0.9831863169083677,15.0,8.0,False,main,True
3205,0,1,5.704904798015845,2.2950952019841546,0.7131130997519807,0.926889405397093,35.0,14.0,False,main,True
5196,0,1,5.696782114824027,2.3032178851759726,0.7120977643530034,0.9263141495511887,35.0,14.0,False,main,True
5086,1,1,6.683828706974812,1.316171293025188,0.8354785883718515,0.9822319542090084,15.0,8.0,False,main,True
8320,1,1,6.836985399827814,1.1630146001721862,0.8546231749784767,0.9878519870316675,14.0,8.0,False,main,True
8320,2,2,7.836985399827814,1.1630146001721862,0.8707761555364237,0.9893787352978463,11.0,7.0,False,main,False
8320,3,3,8.836985399827814,1.1630146001721862,0.8836985399827814,0.9905645066176024,9.0,6.0,False,main,False
8320,4,4,9.836985399827814,1.1630146001721862,0.8942713999843467,0.9915120703094514,7.0,5.0,False,main,False
8320,5,5,10.836985399827814,1.1630146001721862,0.9030821166523179,0.9922866623289076,5.0,4.0,False,main,False
8320,6,6,11.836985399827814,1.1630146001721862,0.9105373384482933,0.992931688173882,4.0,3.0,False,main,False
8320,7,7,12.836985399827814,1.1630146001721862,0.9169275285591295,0.9934771502895694,2.0,2.0,False,main,False
8320,8,8,13.836985399827814,1.1630146001721862,0.9224656933218542,0.9939444510459879,1.0,1.0,False,main,False
8320,9,9,14.836985399827814,1.1630146001721862,0.9273115874892384,0.9943492683407413,-1.0,-1.0,True,main,False
7747,0,1,5.615329844649508,2.3846701553504923,0.7019162305811885,0.9204551747067824,37.0,14.0,False,main,True
7747,0,2,5.615329844649508,3.3846701553504923,0.6239255382943898,0.8592355943043114,63.0,20.0,False,main,False
7747,0,3,5.615329844649508,4.384670155350492,0.5615329844649508,0.8007737341894283,105.0,27.0,False,main,True
7747,0,4,5.615329844649508,5.384670155350492,0.5104845313317734,0.7473738925398683,174.0,36.0,False,main,True
9808,0,1,5.672336352397084,2.3276636476029164,0.7090420440496354,0.9245729426232225,35.0,14.0,False,main,True
9808,0,2,5.672336352397084,3.3276636476029164,0.6302595947107871,0.8637779988050022,61.0,20.0,False,main,False
9808,0,3,5.672336352397084,4.327663647602916,0.5672336352397084,0.8053945724471028,101.0,27.0,False,main,False
9808,0,4,5.672336352397084,5.327663647602916,0.5156669411270076,0.7519269291298221,165.0,36.0,False,main,False
9808,0,5,5.672336352397084,6.327663647602916,0.4726946960330903,0.7037711467058554,273.0,47.0,False,main,True
9808,0,6,5.672336352397084,7.327663647602916,0.43633356556900643,0.660622745506118,462.0,61.0,False,main,True
9808,0,7,5.672336352397084,8.327663647602916,0.4051668823140774,0.6219686196833449,821.0,79.0,False,main,True
2653,1,1,6.732261095856355,1.2677389041436444,0.8415326369820444,0.9841155172152278,15.0,8.0,False,main,True
10308,1,1,6.5898375538085805,1.41016244619142,0.8237296942260726,0.9783087756651606,16.0,8.0,False,main,True
10308,2,2,7.5898375538085805,1.41016244619142,0.843315283756509,0.98106925008301,13.0,7.0,False,main,False
10308,3,3,8.58983755380858,1.41016244619142,0.858983755380858,0.9832060980226631,10.0,6.0,False,main,False
10308,4,4,9.58983755380858,1.41016244619142,0.8718034139825982,0.9849092827129676,8.0,5.0,False,main,False
10308,5,5,10.58983755380858,1.41016244619142,0.8824864628173817,0.9862987006553001,6.0,4.0,False,main,False
10308,6,6,11.58983755380858,1.41016244619142,0.8915259656775831,0.9874537678581488,4.0,3.0,False,main,False
10308,7,7,12.58983755380858,1.41016244619142,0.8992741109863271,0.9884291783444407,2.0,2.0,False,main,False
10308,8,8,13.58983755380858,1.41016244619142,0.9059891702539054,0.9892638313955178,1.0,1.0,False,main,False
10308,9,9,14.58983755380858,1.41016244619142,0.9118648471130363,0.9899861502469813,-1.0,-1.0,True,main,False
6430,0,1,5.664073488539179,2.3359265114608205,0.7080091860673974,0.9239810440681139,36.0,14.0,False,main,True
3362,1,1,6.841367554763028,1.1586324452369714,0.8551709443453785,0.9879980154817043,14.0,8.0,False,main,True
6312,1,1,6.647134310950726,1.3528656890492743,0.8308917888688407,0.9807417122858129,15.0,8.0,False,main,True
7218,1,1,6.811265420225947,1.1887345797740525,0.8514081775282434,0.9869779514237529,14.0,8.0,False,main,True
7309,1,1,6.757857710205325,1.2421422897946746,0.8447322137756657,0.9850718424896036,14.0,8.0,False,main,True
11037,1,1,6.7671936521265055,1.232806347873495,0.8458992065158132,0.9854138027428744,14.0,8.0,False,main,True
11037,2,2,7.7671936521265055,1.232806347873495,0.863021516902945,0.9872535860133518,12.0,7.0,False,main,False
11037,3,3,8.767193652126505,1.232806347873495,0.8767193652126505,0.9886811276732944,9.0,6.0,False,main,False
11037,4,4,9.767193652126505,1.232806347873495,0.8879266956478641,0.9898210531114083,7.0,5.0,False,main,False
11037,5,5,10.767193652126505,1.232806347873495,0.8972661376772088,0.9907523437841205,5.0,4.0,False,main,False
11037,6,6,11.767193652126505,1.232806347873495,0.9051687424712695,0.9915274836538238,4.0,3.0,False,main,False
11037,7,7,12.767193652126505,1.232806347873495,0.9119424037233218,0.9921827127173656,2.0,2.0,False,main,False
11037,8,8,13.767193652126505,1.232806347873495,0.917812910141767,0.9927438607786199,1.0,1.0,False,main,False
11037,9,9,14.767193652126505,1.232806347873495,0.9229496032579065,0.9932298353383444,-1.0,-1.0,True,main,False
4356,1,1,6.88107239668347,1.1189276033165299,0.8601340495854337,0.9892822996505242,13.0,8.0,False,main,True
8418,1,1,6.616790509559772,1.383209490440228,0.8270988136949715,0.9794691422069421,16.0,8.0,False,main,True
8418,2,2,7.616790509559772,1.383209490440228,0.8463100566177525,0.982078453555768,12.0,7.0,False,main,False
8418,3,3,8.616790509559772,1.383209490440228,0.8616790509559772,0.9840990130340111,10.0,6.0,False,main,False
8418,4,4,9.616790509559772,1.383209490440228,0.874253682687252,0.9857099561181385,8.0,5.0,False,main,False
8418,5,5,10.616790509559772,1.383209490440228,0.8847325424633143,0.9870244156777478,6.0,4.0,False,main,False
8418,6,6,11.616790509559772,1.383209490440228,0.8935992699661364,0.9881173642354237,4.0,3.0,False,main,False
8418,7,7,12.616790509559772,1.383209490440228,0.9011993221114123,0.9890404558529781,2.0,2.0,False,main,False
8418,8,8,13.616790509559772,1.383209490440228,0.9077860339706515,0.989830439615124,1.0,1.0,False,main,False
8418,9,9,14.616790509559772,1.383209490440228,0.9135494068474858,0.9905141749032403,-1.0,-1.0,True,main,False
230,1,1,6.925197348405554,1.0748026515944455,0.8656496685506943,0.9906262753740763,13.0,8.0,False,main,True
1165,1,1,6.812659740205088,1.1873402597949114,0.851582467525636,0.9870260733039199,14.0,8.0,False,main,True
11056,0,1,5.725635970057398,2.274364029942602,0.7157044962571748,0.9283500935401962,34.0,14.0,False,main,True
11056,0,2,5.725635970057398,3.274364029942602,0.636181774450822,0.8679792319092372,58.0,19.0,False,main,False
11056,0,3,5.725635970057398,4.274364029942602,0.5725635970057399,0.8096823258453789,96.0,26.0,False,main,True
11056,0,4,5.725635970057398,5.274364029942602,0.520512360914309,0.7561588477900092,157.0,35.0,False,main,True
1090,1,1,6.810541297346989,1.1894587026530103,0.8513176621683737,0.9869529266534567,14.0,8.0,False,main,True
1090,2,2,7.810541297346989,1.1894587026530103,0.8678379219274432,0.9885949147228928,11.0,7.0,False,main,True
1090,3,3,8.81054129734699,1.1894587026530103,0.881054129734699,0.9898697299197372,9.0,6.0,False,main,False
1090,4,4,9.81054129734699,1.1894587026530103,0.8918673906679082,0.9908881644988073,7.0,5.0,False,main,False
1090,5,5,10.81054129734699,1.1894587026530103,0.9008784414455825,0.9917205039196216,5.0,4.0,False,main,False
1090,6,6,11.81054129734699,1.1894587026530103,0.9085031767189993,0.9924134906899382,4.0,3.0,False,main,False
1090,7,7,12.81054129734699,1.1894587026530103,0.9150386640962136,0.9929994211135074,2.0,2.0,False,main,False
1090,8,8,13.81054129734699,1.1894587026530103,0.920702753156466,0.9935013263895187,1.0,1.0,False,main,False
1090,9,9,14.81054129734699,1.1894587026530103,0.9256588310841869,0.9939360729616863,-1.0,-1.0,True,main,False
4144,1,1,6.882952305447899,1.117047694552101,0.8603690381809874,0.9893413592710019,13.0,8.0,False,main,True
4144,2,2,7.882952305447899,1.117047694552101,0.8758835894942111,0.990677714874612,11.0,7.0,False,main,False
4144,3,3,8.8829523054479,1.117047694552101,0.88829523054479,0.9917162673134727,9.0,6.0,False,main,False
4144,4,4,9.8829523054479,1.117047694552101,0.8984502095861727,0.9925465928566689,7.0,5.0,False,main,False
4144,5,5,10.8829523054479,1.117047694552101,0.9069126921206583,0.993225613832767,5.0,4.0,False,main,False
4144,6,6,11.8829523054479,1.117047694552101,0.914073254265223,0.9937912363216175,4.0,3.0,False,main,False
4144,7,7,12.8829523054479,1.117047694552101,0.9202108789605642,0.9942696795328984,2.0,2.0,False,main,False
4144,8,8,13.8829523054479,1.117047694552101,0.9255301536965266,0.9946796577027117,1.0,1.0,False,main,False
4144,9,9,14.8829523054479,1.117047694552101,0.9301845190904937,0.9950348861576975,-1.0,-1.0,True,main,False
8176,1,1,6.672514960071953,1.3274850399280471,0.8340643700089941,0.981778218817754,15.0,8.0,False,main,True
8176,2,2,7.672514960071953,1.3274850399280471,0.8525016622302171,0.9840876230865453,12.0,7.0,False,main,False
8176,3,3,8.672514960071954,1.3274850399280471,0.8672514960071952,0.9858772766726615,10.0,6.0,False,main,False
8176,4,4,9.672514960071954,1.3274850399280471,0.8793195418247229,0.9873049461353894,8.0,5.0,False,main,False
8176,5,5,10.672514960071954,1.3274850399280471,0.8893762466726627,0.9884703971773402,6.0,4.0,False,main,False
8176,6,6,11.672514960071954,1.3274850399280471,0.897885766159381,0.9894398108091771,4.0,3.0,False,main,False
8176,7,7,12.672514960071954,1.3274850399280471,0.9051796400051395,0.9902588211351713,2.0,2.0,False,main,False
8176,8,8,13.672514960071954,1.3274850399280471,0.9115009973381302,0.990959916155924,1.0,1.0,False,main,False
8176,9,9,14.672514960071954,1.3274850399280471,0.9170321850044971,0.9915668542459252,-1.0,-1.0,True,main,False
5145,1,1,6.790012561775475,1.2099874382245248,0.8487515702219344,0.9862340574249048,14.0,8.0,False,main,True
4308,1,1,6.6810114505864036,1.3189885494135964,0.8351264313233004,0.9821194504554334,15.0,8.0,False,main,True
5819,1,1,6.591332557053855,1.4086674429461445,0.8239165696317319,0.9783738694184645,16.0,8.0,False,main,True
1278,0,1,5.641470163438472,2.358529836561528,0.705183770429809,0.9223532774195243,36.0,14.0,False,main,True
5396,1,1,6.702382957074444,1.2976170429255558,0.8377978696343055,0.9829648702312189,15.0,8.0,False,main,True
5396,2,2,7.702382957074444,1.2976170429255558,0.8558203285638271,0.9851206336361913,12.0,7.0,False,main,True
5396,3,3,8.702382957074445,1.2976170429255558,0.8702382957074445,0.9867918937009896,10.0,6.0,False,main,False
5396,4,4,9.702382957074445,1.2976170429255558,0.8820348142794949,0.9881255302452197,7.0,5.0,False,main,False
5396,5,5,10.702382957074445,1.2976170429255558,0.8918652464228704,0.9892144887913116,6.0,4.0,False,main,False
5396,6,6,11.702382957074445,1.2976170429255558,0.9001833043903419,0.990120459574938,4.0,3.0,False,main,False
5396,7,7,12.702382957074445,1.2976170429255558,0.9073130683624603,0.9908859988039699,2.0,2.0,False,main,False
5396,8,8,13.702382957074445,1.2976170429255558,0.9134921971382963,0.9915414142022996,1.0,1.0,False,main,False
5396,9,9,14.702382957074445,1.2976170429255558,0.9188989348171528,0.9921088764350265,-1.0,-1.0,True,main,False
5386,1,1,6.7168743672209414,1.2831256327790588,0.8396092959026177,0.9835275399432105,15.0,8.0,False,main,True
3656,1,1,6.89868584857046,1.1013141514295408,0.8623357310713075,0.9898293921648681,13.0,8.0,False,main,True
10211,1,1,6.858010184929682,1.141989815070318,0.8572512731162103,0.988544877056776,14.0,8.0,False,main,True
10211,2,2,7.858010184929682,1.141989815070318,0.8731122427699647,0.9899829690623064,11.0,7.0,False,main,False
10211,3,3,8.858010184929682,1.141989815070318,0.8858010184929682,0.9911002047294113,9.0,6.0,False,main,False
10211,4,4,9.858010184929682,1.141989815070318,0.8961827440845166,0.991993200218538,7.0,5.0,False,main,False
10211,5,5,10.858010184929682,1.141989815070318,0.9048341820774736,0.9927233156680703,5.0,4.0,False,main,False
10211,6,6,11.858010184929682,1.141989815070318,0.9121546296099756,0.9933313935826165,4.0,3.0,False,main,False
10211,7,7,12.858010184929682,1.141989815070318,0.9184292989235487,0.9938456737040585,2.0,2.0,False,main,False
10211,8,8,13.858010184929682,1.141989815070318,0.9238673456619788,0.9942863062077754,1.0,1.0,False,main,False
10211,9,9,14.858010184929682,1.141989815070318,0.9286256365581051,0.9946680549484785,-1.0,-1.0,True,main,False
2893,1,1,6.649339258413871,1.350660741586129,0.8311674073017339,0.9808327739157453,15.0,8.0,False,main,True
2673,1,1,6.792169496631934,1.207830503368066,0.8490211870789918,0.986310441112304,14.0,8.0,False,main,True
6064,1,1,6.852642561831383,1.1473574381686178,0.8565803202289228,0.988369842214856,14.0,8.0,False,main,True
6064,2,2,7.852642561831383,1.1473574381686178,0.8725158402034869,0.9898303170208559,11.0,7.0,False,main,True
6064,3,3,8.852642561831383,1.1473574381686178,0.8852642561831383,0.9909648584098364,9.0,6.0,False,main,False
6064,4,4,9.852642561831383,1.1473574381686178,0.8956947783483075,0.9918716344202156,7.0,5.0,False,main,False
6064,5,5,10.852642561831383,1.1473574381686178,0.9043868801526153,0.9926129829648724,5.0,4.0,False,main,False
6064,6,6,11.852642561831383,1.1473574381686178,0.911741735525491,0.993230393265318,4.0,3.0,False,main,False
6064,7,7,12.852642561831383,1.1473574381686178,0.9180458972736701,0.9937525499197785,2.0,2.0,False,main,False
6064,8,8,13.852642561831383,1.1473574381686178,0.9235095041220922,0.9941999191664126,1.0,1.0,False,main,False
6064,9,9,14.852642561831383,1.1473574381686178,0.9282901601144614,0.9945874955980109,-1.0,-1.0,True,main,False
9277,1,1,6.748403994331739,1.2515960056682602,0.8435504992914674,0.9847218295567455,14.0,8.0,False,main,True
9277,2,2,7.748403994331739,1.2515960056682602,0.860933777147971,0.9866507429118306,12.0,7.0,False,main,False
9277,3,3,8.748403994331738,1.2515960056682602,0.874840399433174,0.9881470634929037,9.0,6.0,False,main,False
9277,4,4,9.748403994331738,1.2515960056682602,0.8862185449392491,0.9893416751438049,7.0,5.0,False,main,False
9277,5,5,10.748403994331738,1.2515960056682602,0.8957003328609784,0.9903174894745133,5.0,4.0,False,main,False
9277,6,6,11.748403994331738,1.2515960056682602,0.9037233841793646,0.9911295831549171,4.0,3.0,False,main,False
9277,7,7,12.748403994331738,1.2515960056682602,0.91060028530941,0.9918159758761945,2.0,2.0,False,main,False
9277,8,8,13.748403994331738,1.2515960056682602,0.9165602662887826,0.992403759692472,1.0,1.0,False,main,False
9277,9,9,14.748403994331738,1.2515960056682602,0.9217752496457338,0.9929127622555985,-1.0,-1.0,True,main,False
3748,1,1,6.775820638247812,1.2241793617521877,0.8469775797809765,0.9857265165671943,14.0,8.0,False,main,True
1558,1,1,6.843669478564431,1.1563305214355692,0.8554586848205539,0.9880743845311163,14.0,8.0,False,main,True
10778,1,1,6.822597307664297,1.1774026923357037,0.8528246634580371,0.9873665991648481,14.0,8.0,False,main,True
10778,2,2,7.822597307664297,1.1774026923357037,0.8691774786293663,0.9889555353632584,11.0,7.0,False,main,False
10778,3,3,8.822597307664296,1.1774026923357037,0.8822597307664296,0.9901893640866671,9.0,6.0,False,main,False
10778,4,4,9.822597307664296,1.1774026923357037,0.892963391605845,0.9911751807230431,7.0,5.0,False,main,False
10778,5,5,10.822597307664296,1.1774026923357037,0.9018831089720246,0.9919809445470971,5.0,4.0,False,main,False
10778,6,6,11.822597307664296,1.1774026923357037,0.9094305621280228,0.9926518610790126,4.0,3.0,False,main,False
10778,7,7,12.822597307664296,1.1774026923357037,0.9158998076903069,0.9932191702606215,2.0,2.0,False,main,False
10778,8,8,13.822597307664296,1.1774026923357037,0.9215064871776197,0.9937051532819902,1.0,1.0,False,main,False
10778,9,9,14.822597307664296,1.1774026923357037,0.9264123317290185,0.9941261293683044,-1.0,-1.0,True,main,False
6579,1,1,6.626674334853573,1.3733256651464272,0.8283342918566966,0.9798876104885321,15.0,8.0,False,main,True
560,0,1,5.594967234083274,2.4050327659167263,0.6993709042604093,0.9189650842662155,37.0,14.0,False,main,True
2980,1,1,6.6007552373051315,1.399244762694868,0.8250944046631414,0.9787821699241865,16.0,8.0,False,main,True
2980,2,2,7.6007552373051315,1.399244762694868,0.8445283597005702,0.9814809386465131,13.0,7.0,False,main,True
2980,3,3,8.600755237305131,1.399244762694868,0.8600755237305131,0.983570324494539,10.0,6.0,False,main,False
2980,4,4,9.600755237305131,1.399244762694868,0.8727959306641029,0.9852358662148125,8.0,5.0,False,main,False
2980,5,5,10.600755237305131,1.399244762694868,0.8833962697754276,0.9865946972848142,6.0,4.0,False,main,False
2980,6,6,11.600755237305131,1.399244762694868,0.8923657874850102,0.9877244188857082,4.0,3.0,False,main,False
2980,7,7,12.600755237305131,1.399244762694868,0.9000539455217951,0.988678483660321,2.0,2.0,False,main,False
2980,8,8,13.600755237305131,1.399244762694868,0.9067170158203421,0.9894949129726883,1.0,1.0,False,main,False
2980,9,9,14.600755237305131,1.399244762694868,0.9125472023315707,0.990201491617832,-1.0,-1.0,True,main,False
1968,1,1,6.666037148353804,1.3339628516461963,0.8332546435442255,0.981516114890331,15.0,8.0,False,main,True
3394,1,1,6.838823088522246,1.161176911477754,0.8548528860652808,0.9879133280505872,14.0,8.0,False,main,True
3394,2,2,7.838823088522246,1.161176911477754,0.8709803431691384,0.9894322220596838,11.0,7.0,False,main,False
3394,3,3,8.838823088522247,1.161176911477754,0.8838823088522247,0.9906119228063159,9.0,6.0,False,main,False
3394,4,4,9.838823088522247,1.161176911477754,0.8944384625929316,0.9915546538097247,7.0,5.0,False,main,False
3394,5,5,10.838823088522247,1.161176911477754,0.903235257376854,0.9923253073425996,5.0,4.0,False,main,False
3394,6,6,11.838823088522247,1.161176911477754,0.9106786991170959,0.9929670616907377,4.0,3.0,False,main,False
3394,7,7,12.838823088522247,1.161176911477754,0.9170587920373033,0.9935097630659445,2.0,2.0,False,main,False
3394,8,8,13.838823088522247,1.161176911477754,0.9225882059014832,0.9939747028715341,1.0,1.0,False,main,False
3394,9,9,14.838823088522247,1.161176911477754,0.9274264430326404,0.9943774780162185,-1.0,-1.0,True,main,False
871,1,1,6.92361955062257,1.07638044937743,0.8654524438278213,0.9905797503907027,13.0,8.0,False,main,True
871,2,2,7.92361955062257,1.07638044937743,0.8804021722913967,0.9917583105076373,11.0,7.0,False,main,False
871,3,3,8.92361955062257,1.07638044937743,0.892361955062257,0.9926747440005164,9.0,6.0,False,main,False
871,4,4,9.92361955062257,1.07638044937743,0.9021472318747791,0.9934077545765136,7.0,5.0,False,main,False
871,5,5,10.92361955062257,1.07638044937743,0.9103016292185475,0.994007403143313,5.0,4.0,False,main,False
871,6,6,11.92361955062257,1.07638044937743,0.9172015038940439,0.9945070517367792,4.0,3.0,False,main,False
871,7,7,12.92361955062257,1.07638044937743,0.9231156821873264,0.9949297906378255,2.0,2.0,False,main,False
871,8,8,13.92361955062257,1.07638044937743,0.928241303374838,0.9952921091385941,1.0,1.0,False,main,False
871,9,9,14.92361955062257,1.07638044937743,0.9327262219139106,0.9956060971075165,-1.0,-1.0,True,main,False
10531,1,1,6.858557213913409,1.1414427860865908,0.8573196517391761,0.9885626434581346,14.0,8.0,False,main,True
10531,2,2,7.858557213913409,1.1414427860865908,0.8731730237681565,0.9899984640649468,11.0,7.0,False,main,False
10531,3,3,8.858557213913409,1.1414427860865908,0.885855721391341,0.9911139434498915,9.0,6.0,False,main,False
10531,4,4,9.858557213913409,1.1414427860865908,0.8962324739921281,0.9920055403501136,7.0,5.0,False,main,False
10531,5,5,10.858557213913409,1.1414427860865908,0.9048797678261175,0.9927345157081037,5.0,4.0,False,main,False
10531,6,6,11.858557213913409,1.1414427860865908,0.91219670876257,0.9933416464134134,4.0,3.0,False,main,False
10531,7,7,12.858557213913409,1.1414427860865908,0.9184683724223863,0.9938551270704941,2.0,2.0,False,main,False
10531,8,8,13.858557213913409,1.1414427860865908,0.923903814260894,0.9942950757836654,1.0,1.0,False,main,False
10531,9,9,14.858557213913409,1.1414427860865908,0.9286598258695881,0.9946762329934847,-1.0,-1.0,True,main,False
7743,1,1,6.641848560812942,1.3581514391870577,0.8302310701016178,0.9805226354773507,15.0,8.0,False,main,True
7743,2,2,7.641848560812942,1.3581514391870577,0.8490942845347713,0.982994966026469,12.0,7.0,False,main,False
7743,3,3,8.641848560812942,1.3581514391870577,0.8641848560812943,0.9849100924722344,10.0,6.0,False,main,False
7743,4,4,9.641848560812942,1.3581514391870577,0.8765316873466311,0.9864373711699719,8.0,5.0,False,main,False
7743,5,5,10.641848560812942,1.3581514391870577,0.8868207134010785,0.98768382090883,6.0,4.0,False,main,False
7743,6,6,11.641848560812942,1.3581514391870577,0.8955268123702264,0.9887203946462236,4.0,3.0,False,main,False
7743,7,7,12.641848560812942,1.3581514391870577,0.9029891829152101,0.9895959949579928,2.0,2.0,False,main,False
7743,8,8,13.641848560812942,1.3581514391870577,0.9094565707208628,0.9903454238763818,1.0,1.0,False,main,False
7743,9,9,14.641848560812942,1.3581514391870577,0.9151155350508089,0.9909941241313274,-1.0,-1.0,True,main,False
10926,0,1,5.765588801292821,2.2344111987071793,0.7206986001616026,0.9311344078471271,33.0,14.0,False,main,True
10926,0,2,5.765588801292821,3.2344111987071793,0.6406209779214245,0.8710991402223895,57.0,19.0,False,main,False
10926,0,3,5.765588801292821,4.234411198707179,0.576558880129282,0.8128756307217502,93.0,26.0,False,main,True
10926,0,4,5.765588801292821,5.234411198707179,0.5241444364811655,0.7593151617875968,152.0,35.0,False,main,True
8733,1,1,6.6276108904488105,1.3723891095511895,0.8284513613061013,0.9799270654998335,15.0,8.0,False,main,True
8733,2,2,7.6276108904488105,1.3723891095511895,0.847512321160979,0.9824768044993064,12.0,7.0,False,main,False
8733,3,3,8.62761089044881,1.3723891095511895,0.862761089044881,0.9844515181036527,10.0,6.0,False,main,False
8733,4,4,9.62761089044881,1.3723891095511895,0.8752373536771646,0.9860260850214078,8.0,5.0,False,main,False
8733,5,5,10.62761089044881,1.3723891095511895,0.8856342408707342,0.9873109773633855,6.0,4.0,False,main,False
8733,6,6,11.62761089044881,1.3723891095511895,0.8944316069576008,0.9883794187286524,4.0,3.0,False,main,False
8733,7,7,12.62761089044881,1.3723891095511895,0.9019722064606294,0.9892818661829772,2.0,2.0,False,main,False
8733,8,8,13.62761089044881,1.3723891095511895,0.9085073926965873,0.9900542218789277,1.0,1.0,False,main,False
8733,9,9,14.62761089044881,1.3723891095511895,0.9142256806530507,0.9907227290450342,-1.0,-1.0,True,main,False
2983,1,1,6.611150310820944,1.3888496891790556,0.826393788852618,0.9792286422121947,16.0,8.0,False,main,True
8571,1,1,6.593447191894526,1.4065528081054737,0.8241808989868158,0.9784657964155068,16.0,8.0,False,main,True
193,1,1,6.88899497585782,1.11100502414218,0.8611243719822275,0.9895301182179305,13.0,8.0,False,main,True
7634,0,1,5.74490670373241,2.2550932962675896,0.7181133379665513,0.9296981437420556,34.0,14.0,False,main,True
7634,0,2,5.74490670373241,3.2550932962675896,0.6383229670813789,0.8694872274548133,58.0,19.0,False,main,False
7634,0,3,5.74490670373241,4.25509329626759,0.5744906703732411,0.8112247996394868,95.0,26.0,False,main,False
7634,0,4,5.74490670373241,5.25509329626759,0.5222642457938554,0.7576829555109176,155.0,35.0,False,main,True
7634,0,5,5.74490670373241,6.25509329626759,0.4787422253110342,0.7093669000154317,253.0,46.0,False,main,True
11634,0,1,5.923253828399639,2.0767461716003606,0.7404067285499549,0.9417164413837138,30.0,13.0,False,main,True
4159,1,1,6.726052471710118,1.2739475282898818,0.8407565589637648,0.9838794426850574,15.0,8.0,False,main,True
4481,0,1,5.653170424045571,2.346829575954428,0.7066463030056964,0.923197436315142,36.0,14.0,False,main,True
1220,1,1,6.633859615454615,1.3661403845453848,0.8292324519318269,0.9801894323842246,15.0,8.0,False,main,True
1220,2,2,7.633859615454615,1.3661403845453848,0.8482066239394017,0.9827050606789413,12.0,7.0,False,main,False
1220,3,3,8.633859615454615,1.3661403845453848,0.8633859615454614,0.984653518775494,10.0,6.0,False,main,False
1220,4,4,9.633859615454615,1.3661403845453848,0.8758054195867832,0.986207250663364,8.0,5.0,False,main,False
1220,5,5,10.633859615454615,1.3661403845453848,0.8861549679545512,0.9874752061464849,6.0,4.0,False,main,False
1220,6,6,11.633859615454615,1.3661403845453848,0.8949122781118934,0.9885296079778052,4.0,3.0,False,main,False
1220,7,7,12.633859615454615,1.3661403845453848,0.9024185439610439,0.9894202280988963,2.0,2.0,False,main,False
1220,8,8,13.633859615454615,1.3661403845453848,0.9089239743636409,0.9901824838306943,1.0,1.0,False,main,False
1220,9,9,14.633859615454615,1.3661403845453848,0.9146162259659134,0.9908422656365379,-1.0,-1.0,True,main,False
11044,1,1,6.597126787945723,1.4028732120542766,0.8246408484932154,0.9786253465649735,16.0,8.0,False,main,True
11044,2,2,7.597126787945723,1.4028732120542766,0.844125198660636,0.9813445513722748,13.0,7.0,False,main,False
11044,3,3,8.597126787945722,1.4028732120542766,0.8597126787945724,0.9834496571680581,10.0,6.0,False,main,False
11044,4,4,9.597126787945722,1.4028732120542766,0.8724660716314294,0.9851276673392829,8.0,5.0,False,main,False
11044,5,5,10.597126787945722,1.4028732120542766,0.883093898995477,0.9864966301252912,6.0,4.0,False,main,False
11044,6,6,11.597126787945722,1.4028732120542766,0.8920866759958249,0.9876347476062515,4.0,3.0,False,main,False
11044,7,7,12.597126787945722,1.4028732120542766,0.8997947705675517,0.988595883485018,2.0,2.0,False,main,False
11044,8,8,13.597126787945722,1.4028732120542766,0.9064751191963816,0.9894183498505049,1.0,1.0,False,main,False
11044,9,9,14.597126787945722,1.4028732120542766,0.9123204242466078,0.9901301429306264,-1.0,-1.0,True,main,False
9908,1,1,6.781765272767389,1.2182347272326113,0.8477206590959236,0.9859401587915657,14.0,8.0,False,main,True
9908,2,2,7.781765272767389,1.2182347272326113,0.8646405858630433,0.9877122279828832,11.0,7.0,False,main,False
9908,3,3,8.78176527276739,1.2182347272326113,0.8781765272767389,0.9890874993984172,9.0,6.0,False,main,False
9908,4,4,9.78176527276739,1.2182347272326113,0.889251388433399,0.9901858540060526,7.0,5.0,False,main,False
9908,5,5,10.78176527276739,1.2182347272326113,0.8984804393972824,0.9910832921904571,5.0,4.0,False,main,False
9908,6,6,11.78176527276739,1.2182347272326113,0.9062896363667222,0.9918303304343442,4.0,3.0,False,main,False
9908,7,7,12.78176527276739,1.2182347272326113,0.9129832337690992,0.9924618577248959,2.0,2.0,False,main,False
9908,8,8,13.78176527276739,1.2182347272326113,0.9187843515178259,0.993002745376675,1.0,1.0,False,main,False
9908,9,9,14.78176527276739,1.2182347272326113,0.9238603295479618,0.9934712020003186,-1.0,-1.0,True,main,False
5221,1,1,6.631517649178917,1.3684823508210822,0.8289397061473647,0.9800912787167478,15.0,8.0,False,main,True
6366,0,1,5.688686485319599,2.3113135146804007,0.7110858106649499,0.9257391679793175,35.0,14.0,False,main,True
8776,0,1,5.68889972389251,2.31110027610749,0.7111124654865637,0.9257543339486398,35.0,14.0,False,main,True
1957,1,1,6.83414491808095,1.1658550819190496,0.8542681147601188,0.9877568812330189,14.0,8.0,False,main,True
1957,2,2,7.83414491808095,1.1658550819190496,0.870460546453439,0.9892958092054085,11.0,7.0,False,main,True
1957,3,3,8.83414491808095,1.1658550819190496,0.8834144918080951,0.9904909938089628,9.0,6.0,False,main,False
1957,4,4,9.83414491808095,1.1658550819190496,0.8940131743709955,0.9914460509983625,7.0,5.0,False,main,False
1957,5,5,10.83414491808095,1.1658550819190496,0.9028454098400792,0.9922267498028176,5.0,4.0,False,main,False
1957,6,6,11.83414491808095,1.1658550819190496,0.9103188398523808,0.9928768481185265,4.0,3.0,False,main,False
1957,7,7,12.83414491808095,1.1658550819190496,0.9167246370057821,0.9934265906911469,2.0,2.0,False,main,False
1957,8,8,13.83414491808095,1.1658550819190496,0.9222763278720634,0.9938975519804397,1.0,1.0,False,main,False
1957,9,9,14.83414491808095,1.1658550819190496,0.9271340573800594,0.9943055354790715,-1.0,-1.0,True,main,False
11569,1,1,6.8108784409921155,1.189121559007885,0.8513598051240144,0.9869645807394767,14.0,8.0,False,main,True
11569,2,2,7.8108784409921155,1.189121559007885,0.8678753823324573,0.98860507356921,11.0,7.0,False,main,False
11569,3,3,8.810878440992116,1.189121559007885,0.8810878440992115,0.9898787337178576,9.0,6.0,False,main,False
11569,4,4,9.810878440992116,1.189121559007885,0.8918980400901922,0.9908962491668619,7.0,5.0,False,main,False
11569,5,5,10.810878440992116,1.189121559007885,0.9009065367493428,0.991727839776663,5.0,4.0,False,main,False
11569,6,6,11.810878440992116,1.189121559007885,0.9085291108455473,0.9924202047182887,4.0,3.0,False,main,False
11569,7,7,12.810878440992116,1.189121559007885,0.915062745785151,0.9930056105141787,2.0,2.0,False,main,False
11569,8,8,13.810878440992116,1.189121559007885,0.9207252293994743,0.9935070672212108,1.0,1.0,False,main,False
11569,9,9,14.810878440992116,1.189121559007885,0.9256799025620073,0.9939414258586786,-1.0,-1.0,True,main,False
4078,1,1,6.833446833641391,1.166553166358609,0.8541808542051739,0.9877334535264108,14.0,8.0,False,main,True
4629,0,1,5.6087179269968646,2.3912820730031354,0.7010897408746081,0.9199724312808838,37.0,14.0,False,main,True
2384,1,1,6.821540906535872,1.1784590934641284,0.852692613316984,0.9873306042537252,14.0,8.0,False,main,True
4555,1,1,6.668795632637368,1.331204367362632,0.833599454079671,0.9816279334160372,15.0,8.0,False,main,True
4555,2,2,7.668795632637368,1.331204367362632,0.8520884036263742,0.9839568196220327,12.0,7.0,False,main,True
4555,3,3,8.668795632637368,1.331204367362632,0.8668795632637367,0.9857614807096209,10.0,6.0,False,main,False
4555,4,4,9.668795632637368,1.331204367362632,0.8789814211488516,0.9872010666722258,8.0,5.0,False,main,False
4555,5,5,10.668795632637368,1.331204367362632,0.8890663027197806,0.9883762093918002,6.0,4.0,False,main,False
4555,6,6,11.668795632637368,1.331204367362632,0.8975996640490282,0.9893536599627536,4.0,3.0,False,main,False
4555,7,7,12.668795632637368,1.331204367362632,0.904913973759812,0.9901794430737042,2.0,2.0,False,main,False
4555,8,8,13.668795632637368,1.331204367362632,0.9112530421758245,0.9908863233199058,1.0,1.0,False,main,False
4555,9,9,14.668795632637368,1.331204367362632,0.9167997270398355,0.9914982604461899,-1.0,-1.0,True,main,False
3784,1,1,6.897643563406476,1.1023564365935248,0.8622054454258095,0.9897974085214205,13.0,8.0,False,main,True
10757,1,1,6.815428580248968,1.1845714197510318,0.851928572531121,0.987121383522237,14.0,8.0,False,main,True
10757,2,2,7.815428580248968,1.1845714197510318,0.8683809533609964,0.9887417619275005,11.0,7.0,False,main,False
10757,3,3,8.815428580248968,1.1845714197510318,0.8815428580248967,0.9899998832566543,9.0,6.0,False,main,False
10757,4,4,9.815428580248968,1.1845714197510318,0.8923116891135425,0.991005033218179,7.0,5.0,False,main,False
10757,5,5,10.815428580248968,1.1845714197510318,0.9012857150207473,0.9918265494201081,5.0,4.0,False,main,False
10757,6,6,11.815428580248968,1.1845714197510318,0.9088791215576129,0.9925105481529234,4.0,3.0,False,main,False
10757,7,7,12.815428580248968,1.1845714197510318,0.9153877557320691,0.9930888953583044,2.0,2.0,False,main,False
10757,8,8,13.815428580248968,1.1845714197510318,0.9210285720165978,0.9935843167009705,1.0,1.0,False,main,False
10757,9,9,14.815428580248968,1.1845714197510318,0.9259642862655605,0.9940134557137319,-1.0,-1.0,True,main,False
4683,1,1,6.776850367209243,1.2231496327907574,0.8471062959011554,0.9857636313967723,14.0,8.0,False,main,True
11261,1,1,6.66610671706913,1.3338932829308694,0.8332633396336413,0.9815189386814083,15.0,8.0,False,main,True
11261,2,2,7.66610671706913,1.3338932829308694,0.8517896352299034,0.9838619575064022,12.0,7.0,False,main,False
11261,3,3,8.66610671706913,1.3338932829308694,0.8666106717069131,0.9856775046638422,10.0,6.0,False,main,False
11261,4,4,9.66610671706913,1.3338932829308694,0.8787369742790119,0.9871257341344438,8.0,5.0,False,main,False
11261,5,5,10.66610671706913,1.3338932829308694,0.8888422264224275,0.9883079063356579,6.0,4.0,False,main,False
11261,6,6,11.66610671706913,1.3338932829308694,0.8973928243899331,0.9892911860026404,4.0,3.0,False,main,False
11261,7,7,12.66610671706913,1.3338932829308694,0.9047219083620808,0.9901218812041903,2.0,2.0,False,main,False
11261,8,8,13.66610671706913,1.3338932829308694,0.911073781137942,0.9908329572015439,1.0,1.0,False,main,False
11261,9,9,14.66610671706913,1.3338932829308694,0.9166316698168206,0.9914485198242728,-1.0,-1.0,True,main,False
222,1,1,6.7443488160248695,1.2556511839751308,0.8430436020031087,0.9845705431655226,14.0,8.0,False,main,True
8262,1,1,6.761851398154478,1.2381486018455221,0.8452314247693098,0.9852185749357296,14.0,8.0,False,main,True
8262,2,2,7.761851398154478,1.2381486018455221,0.8624279331282754,0.9870834921190548,12.0,7.0,False,main,False
8262,3,3,8.761851398154478,1.2381486018455221,0.8761851398154479,0.9885304314521083,9.0,6.0,False,main,False
8262,4,4,9.761851398154478,1.2381486018455221,0.8874410361958617,0.98968578161109,7.0,5.0,False,main,False
8262,5,5,10.761851398154478,1.2381486018455221,0.8968209498462065,0.9906296316079148,5.0,4.0,False,main,False
8262,6,6,11.761851398154478,1.2381486018455221,0.9047577998580368,0.9914151961872062,4.0,3.0,False,main,False
8262,7,7,12.761851398154478,1.2381486018455221,0.9115608141538913,0.9920792170447064,2.0,2.0,False,main,False
8262,8,8,13.761851398154478,1.2381486018455221,0.9174567598769652,0.9926478798575087,1.0,1.0,False,main,False
8262,9,9,14.761851398154478,1.2381486018455221,0.9226157123846549,0.9931403515757665,-1.0,-1.0,True,main,False
4245,1,1,6.644068616606317,1.3559313833936828,0.8305085770757896,0.9806147836771778,15.0,8.0,False,main,True
8300,1,1,6.5897030396153795,1.41029696038462,0.8237128799519224,0.9783029146078539,16.0,8.0,False,main,True
8300,2,2,7.5897030396153795,1.41029696038462,0.8433003377350422,0.9810641533054806,13.0,7.0,False,main,False
8300,3,3,8.58970303961538,1.41029696038462,0.858970303961538,0.9832015890402794,10.0,6.0,False,main,False
8300,4,4,9.58970303961538,1.41029696038462,0.87179118541958,0.9849052398810907,8.0,5.0,False,main,False
8300,5,5,10.58970303961538,1.41029696038462,0.8824752533012816,0.9862950365695258,6.0,4.0,False,main,False
8300,6,6,11.58970303961538,1.41029696038462,0.8915156184319523,0.9874504176006236,4.0,3.0,False,main,False
8300,7,7,12.58970303961538,1.41029696038462,0.89926450282967,0.9884260923767513,2.0,2.0,False,main,False
8300,8,8,13.58970303961538,1.41029696038462,0.9059802026410253,0.9892609710546924,1.0,1.0,False,main,False
8300,9,9,14.58970303961538,1.41029696038462,0.9118564399759612,0.9899834847782605,-1.0,-1.0,True,main,False
5126,1,1,6.6461476769040235,1.3538523230959767,0.8307684596130029,0.9807009032797083,15.0,8.0,False,main,True
5126,2,2,7.6461476769040235,1.3538523230959767,0.8495719641004471,0.9831500793855495,12.0,7.0,False,main,False
5126,3,3,8.646147676904024,1.3538523230959767,0.8646147676904024,0.9850473787902942,10.0,6.0,False,main,False
5126,4,4,9.646147676904024,1.3538523230959767,0.876922516082184,0.9865605079732026,8.0,5.0,False,main,False
5126,5,5,10.646147676904024,1.3538523230959767,0.8871789730753353,0.9877954536681491,6.0,4.0,False,main,False
5126,6,6,11.646147676904024,1.3538523230959767,0.8958575136080018,0.9888224900621124,4.0,3.0,False,main,False
5126,7,7,12.646147676904024,1.3538523230959767,0.9032962626360017,0.9896900549489588,2.0,2.0,False,main,False
5126,8,8,13.646147676904024,1.3538523230959767,0.9097431784602682,0.9904326213782678,1.0,1.0,False,main,False
5126,9,9,14.646147676904024,1.3538523230959767,0.9153842298065015,0.9910753926639975,-1.0,-1.0,True,main,False
1459,1,1,6.722773492882158,1.2772265071178421,0.8403466866102698,0.9837541204822052,15.0,8.0,False,main,True
8940,1,1,6.675668636664493,1.3243313633355072,0.8344585795830616,0.9819052136917297,15.0,8.0,False,main,True
7379,1,1,6.890874740529908,1.1091252594700927,0.8613593425662385,0.9895885015143787,13.0,8.0,False,main,True
5850,1,1,6.7054847546322485,1.2945152453677513,0.8381855943290311,0.9830860291703545,15.0,8.0,False,main,True
5850,2,2,7.7054847546322485,1.2945152453677513,0.8561649727369165,0.9852261246479214,12.0,7.0,False,main,True
5850,3,3,8.705484754632248,1.2945152453677513,0.8705484754632249,0.9868853072323477,10.0,6.0,False,main,False
5850,4,4,9.705484754632248,1.2945152453677513,0.8823167958756589,0.9882093489092645,7.0,5.0,False,main,False
5850,5,5,10.705484754632248,1.2945152453677513,0.8921237295526874,0.989290500786042,6.0,4.0,False,main,False
5850,6,6,11.705484754632248,1.2945152453677513,0.9004219042024807,0.9901899956548275,4.0,3.0,False,main,False
5850,7,7,12.705484754632248,1.2945152453677513,0.9075346253308749,0.9909500760878759,2.0,2.0,False,main,False
5850,8,8,13.705484754632248,1.2945152453677513,0.9136989836421499,0.9916008275750384,1.0,1.0,False,main,False
5850,9,9,14.705484754632248,1.2945152453677513,0.9190927971645155,0.9921642589075397,-1.0,-1.0,True,main,False
11796,1,1,6.672950624032433,1.3270493759675674,0.8341188280040541,0.9817957862526396,15.0,8.0,False,main,True
11796,2,2,7.672950624032433,1.3270493759675674,0.852550069336937,0.9841029135497295,12.0,7.0,False,main,True
11796,3,3,8.672950624032433,1.3270493759675674,0.8672950624032433,0.9858908130456567,10.0,6.0,False,main,False
11796,4,4,9.672950624032433,1.3270493759675674,0.8793591476393121,0.9873170896526982,8.0,5.0,False,main,False
11796,5,5,10.672950624032433,1.3270493759675674,0.8894125520027027,0.9884814078577417,6.0,4.0,False,main,False
11796,6,6,11.672950624032433,1.3270493759675674,0.8979192787717256,0.9894498820516937,4.0,3.0,False,main,False
11796,7,7,12.672950624032433,1.3270493759675674,0.9052107588594595,0.9902681006932487,2.0,2.0,False,main,False
11796,8,8,13.672950624032433,1.3270493759675674,0.9115300416021622,0.9909685194576277,1.0,1.0,False,main,False
11796,9,9,14.672950624032433,1.3270493759675674,0.9170594140020271,0.9915748731846152,-1.0,-1.0,True,main,False
417,1,1,6.624206068802418,1.3757939311975822,0.8280257586003023,0.9797834638649566,16.0,8.0,False,main,True
5089,1,1,6.687058794719821,1.312941205280179,0.8358823493399776,0.9823605496955203,15.0,8.0,False,main,True
8309,1,1,6.800187303517383,1.1998126964826175,0.8500234129396729,0.986592624020729,14.0,8.0,False,main,True
8309,2,2,7.800187303517383,1.1998126964826175,0.8666874781685981,0.9882808579376036,11.0,7.0,False,main,False
8309,3,3,8.800187303517383,1.1998126964826175,0.8800187303517383,0.9895913934816425,9.0,6.0,False,main,False
8309,4,4,9.800187303517383,1.1998126964826175,0.8909261185015803,0.9906382501931008,7.0,5.0,False,main,False
8309,5,5,10.800187303517383,1.1998126964826175,0.9000156086264486,0.9914937434690476,5.0,4.0,False,main,False
8309,6,6,11.800187303517383,1.1998126964826175,0.9077067156551833,0.9922059566633754,4.0,3.0,False,main,False
8309,7,7,12.800187303517383,1.1998126964826175,0.9142990931083845,0.9928081074124245,2.0,2.0,False,main,False
8309,8,8,13.800187303517383,1.1998126964826175,0.9200124869011589,0.9933238809243892,1.0,1.0,False,main,False
8309,9,9,14.800187303517383,1.1998126964826175,0.9250117064698364,0.9937706207385446,-1.0,-1.0,True,main,False
9602,1,1,6.817589072968373,1.1824109270316276,0.8521986341210466,0.9871955215286433,14.0,8.0,False,main,True
9602,2,2,7.817589072968373,1.1824109270316276,0.8686210081075969,0.9888063919940463,11.0,7.0,False,main,False
9602,3,3,8.817589072968373,1.1824109270316276,0.8817589072968373,0.9900571677467132,9.0,6.0,False,main,False
9602,4,4,9.817589072968373,1.1824109270316276,0.8925080975425793,0.9910564719399747,7.0,5.0,False,main,False
9602,5,5,10.817589072968373,1.1824109270316276,0.9014657560806977,0.9918732252819509,5.0,4.0,False,main,False
9602,6,6,11.817589072968373,1.1824109270316276,0.9090453133052594,0.9925532686038228,4.0,3.0,False,main,False
9602,7,7,12.817589072968373,1.1824109270316276,0.9155420766405981,0.9931282785260005,2.0,2.0,False,main,False
9602,8,8,13.817589072968373,1.1824109270316276,0.9211726048645582,0.9936208462966135,1.0,1.0,False,main,False
9602,9,9,14.817589072968373,1.1824109270316276,0.9260993170605233,0.9940475173760662,-1.0,-1.0,True,main,False
7838,1,1,6.70612071952572,1.2938792804742796,0.838265089940715,0.9831108219747526,15.0,8.0,False,main,True
7838,2,2,7.70612071952572,1.2938792804742796,0.8562356355028578,0.9852477117578434,12.0,7.0,False,main,False
7838,3,3,8.706120719525721,1.2938792804742796,0.8706120719525721,0.9869044231694297,10.0,6.0,False,main,False
7838,4,4,9.706120719525721,1.2938792804742796,0.8823746108659747,0.9882265015844033,7.0,5.0,False,main,False
7838,5,5,10.706120719525721,1.2938792804742796,0.8921767266271434,0.9893060560563793,6.0,4.0,False,main,False
7838,6,6,11.706120719525721,1.2938792804742796,0.9004708245789016,0.9902042257953971,4.0,3.0,False,main,False
7838,7,7,12.706120719525721,1.2938792804742796,0.9075800513946943,0.9909631892087073,2.0,2.0,False,main,False
7838,8,8,13.706120719525721,1.2938792804742796,0.9137413813017148,0.9916129863190003,1.0,1.0,False,main,False
7838,9,9,14.706120719525721,1.2938792804742796,0.9191325449703576,0.9921755927985876,-1.0,-1.0,True,main,False
8854,1,1,6.716349011987521,1.2836509880124787,0.8395436264984402,0.9835072920040892,15.0,8.0,False,main,True
11059,1,1,6.747793952762853,1.2522060472371468,0.8434742440953567,0.984699114720895,14.0,8.0,False,main,True
11059,2,2,7.747793952762853,1.2522060472371468,0.8608659947514281,0.9866309559637216,12.0,7.0,False,main,False
11059,3,3,8.747793952762853,1.2522060472371468,0.8747793952762853,0.9881295354696757,9.0,6.0,False,main,False
11059,4,4,9.747793952762853,1.2522060472371468,0.8861630866148048,0.9893259429274864,7.0,5.0,False,main,False
11059,5,5,10.747793952762853,1.2522060472371468,0.8956494960635711,0.9903032191700406,5.0,4.0,False,main,False
11059,6,6,11.747793952762853,1.2522060472371468,0.9036764579048349,0.9911165260930702,4.0,3.0,False,main,False
11059,7,7,12.747793952762853,1.2522060472371468,0.9105567109116324,0.9918039418765573,2.0,2.0,False,main,False
11059,8,8,13.747793952762853,1.2522060472371468,0.9165195968508569,0.9923926000507632,1.0,1.0,False,main,False
11059,9,9,14.747793952762853,1.2522060472371468,0.9217371220476783,0.9929023584983283,-1.0,-1.0,True,main,False
11523,1,1,6.929563274911308,1.0704367250886921,0.8661954093639135,0.9907544178033487,13.0,8.0,False,main,True
11523,2,2,7.929563274911308,1.0704367250886921,0.8810625861012564,0.991910761152823,11.0,7.0,False,main,False
11523,3,3,8.929563274911308,1.0704367250886921,0.8929563274911307,0.9928099928863341,9.0,6.0,False,main,False
11523,4,4,9.929563274911308,1.0704367250886921,0.9026875704464825,0.993529290617138,7.0,5.0,False,main,False
11523,5,5,10.929563274911308,1.0704367250886921,0.9107969395759423,0.9941177514048692,5.0,4.0,False,main,False
11523,6,6,11.929563274911308,1.0704367250886921,0.917658713454716,0.9946080985668441,4.0,3.0,False,main,False
11523,7,7,12.929563274911308,1.0704367250886921,0.9235402339222363,0.9950229823528516,2.0,2.0,False,main,False
11523,8,8,13.929563274911308,1.0704367250886921,0.9286375516607539,0.9953785790226347,1.0,1.0,False,main,False
11523,9,9,14.929563274911308,1.0704367250886921,0.9330977046819567,0.9956867496744161,-1.0,-1.0,True,main,False
9622,1,1,6.809560562670246,1.1904394373297542,0.8511950703337807,0.9869189974665521,14.0,8.0,False,main,True
9622,2,2,7.809560562670246,1.1904394373297542,0.867728951407805,0.9885653389233033,11.0,7.0,False,main,False
9622,3,3,8.809560562670246,1.1904394373297542,0.8809560562670246,0.9898435169964361,9.0,6.0,False,main,False
9622,4,4,9.809560562670246,1.1904394373297542,0.8917782329700223,0.990864627558461,7.0,5.0,False,main,False
9622,5,5,10.809560562670246,1.1904394373297542,0.9007967135558538,0.9916991470725475,5.0,4.0,False,main,False
9622,6,6,11.809560562670246,1.1904394373297542,0.9084277355900189,0.992393944227007,4.0,3.0,False,main,False
9622,7,7,12.809560562670246,1.1904394373297542,0.9149686116193033,0.992981402036535,2.0,2.0,False,main,False
9622,8,8,13.809560562670246,1.1904394373297542,0.920637370844683,0.9934846132573291,1.0,1.0,False,main,False
9622,9,9,14.809560562670246,1.1904394373297542,0.9255975351668904,0.9939204892417114,-1.0,-1.0,True,main,False
2499,1,1,6.595719219449851,1.4042807805501492,0.8244649024312314,0.9785643746308779,16.0,8.0,False,main,True
11448,0,1,5.716236551835854,2.2837634481641467,0.7145295689794817,0.9276891650370087,34.0,14.0,False,main,True
6084,1,1,6.772823663787994,1.2271763362120054,0.8466029579734993,0.9856182392268616,14.0,8.0,False,main,True
5705,1,1,6.679380469664549,1.3206195303354509,0.8349225587080686,0.9820541729961786,15.0,8.0,False,main,True
5410,1,1,6.843861279331502,1.1561387206684972,0.8554826599164378,0.9880807371991123,14.0,8.0,False,main,True
3956,1,1,6.780475688690507,1.2195243113094925,0.8475594610863134,0.9858939407505118,14.0,8.0,False,main,True
4391,0,1,5.589940839363616,2.410059160636384,0.698742604920452,0.9185957203665378,37.0,14.0,False,main,True
8028,0,1,5.690352881463309,2.3096471185366907,0.7112941101829137,0.9258576553296886,35.0,14.0,False,main,True
8028,0,2,5.690352881463309,3.3096471185366907,0.632261431273701,0.8652030890144569,60.0,20.0,False,main,False
8028,0,3,5.690352881463309,4.309647118536691,0.569035288146331,0.8068474672580396,99.0,27.0,False,main,True
8028,0,4,5.690352881463309,5.309647118536691,0.5173048074057554,0.7533601271896545,162.0,36.0,False,main,True
4125,1,1,6.593895311883013,1.4061046881169872,0.8242369139853766,0.9784852550087578,16.0,8.0,False,main,True
9127,0,1,5.657102807919522,2.342897192080478,0.7071378509899402,0.923480396490279,36.0,14.0,False,main,True
529,1,1,6.703456472124807,1.2965435278751931,0.8379320590156009,0.9830068471154507,15.0,8.0,False,main,True
529,2,2,7.703456472124807,1.2965435278751931,0.8559396080138675,0.9851571817860045,12.0,7.0,False,main,True
529,3,3,8.703456472124806,1.2965435278751931,0.8703456472124806,0.9868242572445142,10.0,6.0,False,main,False
529,4,4,9.703456472124806,1.2965435278751931,0.8821324065568006,0.9881545694102416,7.0,5.0,False,main,False
529,5,5,10.703456472124806,1.2965435278751931,0.8919547060104005,0.9892408231766547,6.0,4.0,False,main,False
529,6,6,11.703456472124806,1.2965435278751931,0.9002658824711389,0.9901445502702303,4.0,3.0,False,main,False
529,7,7,12.703456472124806,1.2965435278751931,0.9073897480089147,0.9909081982230352,2.0,2.0,False,main,False
529,8,8,13.703456472124806,1.2965435278751931,0.9135637648083204,0.9915619977554974,1.0,1.0,False,main,False
529,9,9,14.703456472124806,1.2965435278751931,0.9189660295078004,0.9921280634447213,-1.0,-1.0,True,main,False
8992,1,1,6.706628940183598,1.2933710598164019,0.8383286175229497,0.9831306228431382,15.0,8.0,False,main,True
8407,1,1,6.748577389775262,1.251422610224738,0.8435721737219077,0.9847282830746021,14.0,8.0,False,main,True
8407,2,2,7.748577389775262,1.251422610224738,0.8609530433083624,0.9866563646107803,12.0,7.0,False,main,False
8407,3,3,8.748577389775262,1.251422610224738,0.8748577389775262,0.9881520434216532,9.0,6.0,False,main,False
8407,4,4,9.748577389775262,1.251422610224738,0.8862343081613875,0.989346144873069,7.0,5.0,False,main,False
8407,5,5,10.748577389775262,1.251422610224738,0.8957147824812718,0.9903215438638836,5.0,4.0,False,main,False
8407,6,6,11.748577389775262,1.251422610224738,0.9037367222904048,0.9911332928517977,4.0,3.0,False,main,False
8407,7,7,12.748577389775262,1.251422610224738,0.910612670698233,0.9918193949115064,2.0,2.0,False,main,False
8407,8,8,13.748577389775262,1.251422610224738,0.9165718259850174,0.9924069303138153,1.0,1.0,False,main,False
8407,9,9,14.748577389775262,1.251422610224738,0.9217860868609539,0.9929157181219922,-1.0,-1.0,True,main,False
10148,1,1,6.694084693750636,1.3059153062493647,0.8367605867188295,0.9826388053287153,15.0,8.0,False,main,True
10148,2,2,7.694084693750636,1.3059153062493647,0.8548982993056262,0.984836752172247,12.0,7.0,False,main,False
10148,3,3,8.694084693750636,1.3059153062493647,0.8694084693750636,0.9865405252575689,10.0,6.0,False,main,False
10148,4,4,9.694084693750636,1.3059153062493647,0.8812804267046033,0.987899989269736,7.0,5.0,False,main,False
10148,5,5,10.694084693750636,1.3059153062493647,0.8911737244792196,0.9890099603461939,6.0,4.0,False,main,False
10148,6,6,11.694084693750636,1.3059153062493647,0.8995449764423566,0.9899333607954098,4.0,3.0,False,main,False
10148,7,7,12.694084693750636,1.3059153062493647,0.9067203352679025,0.9907135914636562,2.0,2.0,False,main,False
10148,8,8,13.694084693750636,1.3059153062493647,0.9129389795833757,0.9913815585030754,1.0,1.0,False,main,False
10148,9,9,14.694084693750636,1.3059153062493647,0.9183802933594147,0.9919598684332124,-1.0,-1.0,True,main,False
7555,1,1,6.6050862129305,1.3949137870695,0.8256357766163125,0.9789686935943667,16.0,8.0,False,main,True
9556,1,1,6.615111684439626,1.3848883155603744,0.8268889605549532,0.979397685469117,16.0,8.0,False,main,True
9556,2,2,7.615111684439626,1.3848883155603744,0.8461235204932918,0.9820162970243262,12.0,7.0,False,main,False
9556,3,3,8.615111684439626,1.3848883155603744,0.8615111684439626,0.9840440128906941,10.0,6.0,False,main,False
9556,4,4,9.615111684439626,1.3848883155603744,0.8741010622217842,0.9856606336283452,8.0,5.0,False,main,False
9556,5,5,10.615111684439626,1.3848883155603744,0.8845926403699688,0.9869797077383052,6.0,4.0,False,main,False
9556,6,6,11.615111684439626,1.3848883155603744,0.8934701295722789,0.9880764808928881,4.0,3.0,False,main,False
9556,7,7,12.615111684439626,1.3848883155603744,0.9010794060314018,0.9890027940775101,2.0,2.0,False,main,False
9556,8,8,13.615111684439626,1.3848883155603744,0.907674112295975,0.9897955286196807,1.0,1.0,False,main,False
9556,9,9,14.615111684439626,1.3848883155603744,0.9134444802774766,0.9904816401000407,-1.0,-1.0,True,main,False
5452,1,1,6.729285752247401,1.2707142477525988,0.8411607190309252,0.984002583029731,15.0,8.0,False,main,True
4510,1,1,6.631100178963562,1.368899821036438,0.8288875223704453,0.9800737596438898,15.0,8.0,False,main,True
1491,1,1,6.763367842394952,1.2366321576050483,0.845420980299369,0.9852741145577313,14.0,8.0,False,main,True
1491,2,2,7.763367842394952,1.2366321576050483,0.8625964269327724,0.9871318804799204,12.0,7.0,False,main,True
1491,3,3,8.763367842394953,1.2366321576050483,0.8763367842394952,0.9885733008734857,9.0,6.0,False,main,False
1491,4,4,9.763367842394953,1.2366321576050483,0.8875788947631775,0.9897242625887724,7.0,5.0,False,main,False
1491,5,5,10.763367842394953,1.2366321576050483,0.8969473201995793,0.990664539451523,5.0,4.0,False,main,False
1491,6,6,11.763367842394953,1.2366321576050483,0.9048744494149964,0.9914471382522709,4.0,3.0,False,main,False
1491,7,7,12.763367842394953,1.2366321576050483,0.9116691315996395,0.9921086579273469,2.0,2.0,False,main,False
1491,8,8,13.763367842394953,1.2366321576050483,0.9175578561596635,0.9926751828928518,1.0,1.0,False,main,False
1491,9,9,14.763367842394953,1.2366321576050483,0.9227104901496845,0.9931658062767048,-1.0,-1.0,True,main,False
11506,1,1,6.672988732949099,1.327011267050901,0.8341235916186374,0.9817973225701925,15.0,8.0,False,main,True
11506,2,2,7.672988732949099,1.327011267050901,0.852554303661011,0.9841042507436786,12.0,7.0,False,main,True
11506,3,3,8.672988732949099,1.327011267050901,0.8672988732949098,0.9858919968418224,10.0,6.0,False,main,False
11506,4,4,9.672988732949099,1.327011267050901,0.8793626120862817,0.9873181516411285,8.0,5.0,False,main,False
11506,5,5,10.672988732949099,1.327011267050901,0.8894157277457583,0.9884823707772602,6.0,4.0,False,main,False
11506,6,6,11.672988732949099,1.327011267050901,0.8979222102268538,0.9894507628152484,4.0,3.0,False,main,False
11506,7,7,12.672988732949099,1.327011267050901,0.9052134809249356,0.9902689122220769,2.0,2.0,False,main,False
11506,8,8,13.672988732949099,1.327011267050901,0.9115325821966066,0.9909692718460968,1.0,1.0,False,main,False
11506,9,9,14.672988732949099,1.327011267050901,0.9170617958093187,0.9915755744689643,-1.0,-1.0,True,main,False
4254,0,1,5.888502630379281,2.111497369620719,0.7360628287974101,0.9394408394124523,31.0,13.0,False,main,True
11243,1,1,6.730183602963468,1.2698163970365326,0.8412729503704335,0.9840367011275024,15.0,8.0,False,main,True
11243,2,2,7.730183602963468,1.2698163970365326,0.8589092892181631,0.9860539834236425,12.0,7.0,False,main,False
11243,3,3,8.730183602963468,1.2698163970365326,0.8730183602963468,0.9876184704251864,9.0,6.0,False,main,False
11243,4,4,9.730183602963468,1.2698163970365326,0.8845621457239516,0.988867265850104,7.0,5.0,False,main,False
11243,5,5,10.730183602963468,1.2698163970365326,0.8941819669136223,0.9898871847714455,6.0,4.0,False,main,False
11243,6,6,11.730183602963468,1.2698163970365326,0.9023218156125744,0.9907358776850057,4.0,3.0,False,main,False
11243,7,7,12.730183602963468,1.2698163970365326,0.9092988287831049,0.9914531303109978,2.0,2.0,False,main,False
11243,8,8,13.730183602963468,1.2698163970365326,0.9153455735308978,0.9920672868503421,1.0,1.0,False,main,False
11243,9,9,14.730183602963468,1.2698163970365326,0.9206364751852167,0.9925990874895956,-1.0,-1.0,True,main,False
11274,1,1,6.843007888657022,1.1569921113429777,0.8553759860821277,0.9880524594350572,14.0,8.0,False,main,True
7015,1,1,6.7310258504397975,1.268974149560202,0.8413782313049747,0.9840686759479299,15.0,8.0,False,main,True
11481,1,1,6.610511008286487,1.3894889917135136,0.8263138760358109,0.9792013043711614,16.0,8.0,False,main,True
11481,2,2,7.610511008286487,1.3894889917135136,0.8456123342540541,0.9818454810797456,13.0,7.0,False,main,True
11481,3,3,8.610511008286487,1.3894889917135136,0.8610511008286487,0.9838928677631562,10.0,6.0,False,main,False
11481,4,4,9.610511008286487,1.3894889917135136,0.8736828189351352,0.98552509395534,8.0,5.0,False,main,False
11481,5,5,10.610511008286487,1.3894889917135136,0.8842092506905406,0.9868568510159823,6.0,4.0,False,main,False
11481,6,6,11.610511008286487,1.3894889917135136,0.8931162314066529,0.9879641356316726,4.0,3.0,False,main,False
11481,7,7,12.610511008286487,1.3894889917135136,0.9007507863061777,0.9888993026919436,2.0,2.0,False,main,False
11481,8,8,13.610511008286487,1.3894889917135136,0.9073674005524325,0.9896995970756834,1.0,1.0,False,main,False
11481,9,9,14.610511008286487,1.3894889917135136,0.9131569380179054,0.9903922388145946,-1.0,-1.0,True,main,False
10240,1,1,6.694353156912031,1.3056468430879682,0.8367941446140039,0.9826493979199875,15.0,8.0,False,main,True
10240,2,2,7.694353156912031,1.3056468430879682,0.8549281285457813,0.9848459739832147,12.0,7.0,False,main,False
10240,3,3,8.694353156912031,1.3056468430879682,0.8694353156912031,0.9865486906197474,10.0,6.0,False,main,False
10240,4,4,9.694353156912031,1.3056468430879682,0.8813048324465483,0.9879073154691983,7.0,5.0,False,main,False
10240,5,5,10.694353156912031,1.3056468430879682,0.891196096409336,0.9890166038589822,6.0,4.0,False,main,False
10240,6,6,11.694353156912031,1.3056468430879682,0.8995656274547716,0.9899394380495947,4.0,3.0,False,main,False
10240,7,7,12.694353156912031,1.3056468430879682,0.9067395112080022,0.9907191914350906,2.0,2.0,False,main,False
10240,8,8,13.694353156912031,1.3056468430879682,0.9129568771274688,0.9913867507190347,1.0,1.0,False,main,False
10240,9,9,14.694353156912031,1.3056468430879682,0.918397072307002,0.9919647082567938,-1.0,-1.0,True,main,False
5688,1,1,6.73085464130747,1.2691453586925303,0.8413568301634338,0.9840621785991354,15.0,8.0,False,main,True
5688,2,2,7.73085464130747,1.2691453586925303,0.8589838490341634,0.9860761726540932,12.0,7.0,False,main,True
5688,3,3,8.73085464130747,1.2691453586925303,0.8730854641307471,0.9876381235999222,9.0,6.0,False,main,False
5688,4,4,9.73085464130747,1.2691453586925303,0.88462314920977,0.9888849034491919,7.0,5.0,False,main,False
5688,5,5,10.73085464130747,1.2691453586925303,0.8942378867756225,0.989903181904833,6.0,4.0,False,main,False
5688,6,6,11.73085464130747,1.2691453586925303,0.9023734339467284,0.9907505136323774,4.0,3.0,False,main,False
5688,7,7,12.73085464130747,1.2691453586925303,0.9093467600933908,0.9914666186105526,2.0,2.0,False,main,False
5688,8,8,13.73085464130747,1.2691453586925303,0.915390309420498,0.9920797944355965,1.0,1.0,False,main,False
5688,9,9,14.73085464130747,1.2691453586925303,0.9206784150817169,0.9926107473340995,-1.0,-1.0,True,main,False
7327,1,1,6.592871844850045,1.407128155149955,0.8241089806062556,0.9784408019963869,16.0,8.0,False,main,True
11582,1,1,6.8086321024121785,1.1913678975878215,0.8510790128015223,0.9868868383494501,14.0,8.0,False,main,True
11582,2,2,7.8086321024121785,1.1913678975878215,0.8676257891569087,0.9885373063718267,11.0,7.0,False,main,False
11582,3,3,8.80863210241218,1.1913678975878215,0.8808632102412179,0.9898186720468789,9.0,6.0,False,main,False
11582,4,4,9.80863210241218,1.1913678975878215,0.8916938274920163,0.9908423190812834,7.0,5.0,False,main,False
11582,5,5,10.80863210241218,1.1913678975878215,0.9007193418676817,0.9916789050066921,5.0,4.0,False,main,False
11582,6,6,11.80863210241218,1.1913678975878215,0.9083563155701676,0.9923754181255654,4.0,3.0,False,main,False
11582,7,7,12.80863210241218,1.1913678975878215,0.9149022930294414,0.9929643236494354,2.0,2.0,False,main,False
11582,8,8,13.80863210241218,1.1913678975878215,0.9205754734941453,0.9934687726859044,1.0,1.0,False,main,False
11582,9,9,14.80863210241218,1.1913678975878215,0.9255395064007612,0.9939057191566646,-1.0,-1.0,True,main,False
8061,0,1,5.712307249304167,2.2876927506958333,0.7140384061630208,0.9274122127493534,34.0,14.0,False,main,True
8061,0,2,5.712307249304167,3.2876927506958333,0.6347008054782407,0.8669327973773413,59.0,19.0,False,main,False
8061,0,3,5.712307249304167,4.287692750695833,0.5712307249304167,0.8086130432021676,97.0,26.0,False,main,True
8061,0,4,5.712307249304167,5.287692750695833,0.5193006590276515,0.7551028363051413,159.0,35.0,False,main,True
859,1,1,6.614376081481079,1.3856239185189207,0.8267970101851349,0.9793663411491698,16.0,8.0,False,main,True
859,2,2,7.614376081481079,1.3856239185189207,0.846041786831231,0.9819890325752748,13.0,7.0,False,main,False
859,3,3,8.61437608148108,1.3856239185189207,0.861437608148108,0.9840198877735176,10.0,6.0,False,main,False
859,4,4,9.61437608148108,1.3856239185189207,0.8740341892255526,0.9856389991122326,8.0,5.0,False,main,False
859,5,5,10.61437608148108,1.3856239185189207,0.8845313401234233,0.9869600974448641,6.0,4.0,False,main,False
859,6,6,11.61437608148108,1.3856239185189207,0.8934135447293138,0.9880585482804178,4.0,3.0,False,main,False
859,7,7,12.61437608148108,1.3856239185189207,0.9010268629629342,0.9889862746095989,2.0,2.0,False,main,False
859,8,8,13.61437608148108,1.3856239185189207,0.9076250720987387,0.9897802157749369,1.0,1.0,False,main,False
859,9,9,14.61437608148108,1.3856239185189207,0.9133985050925675,0.9904673695590119,-1.0,-1.0,True,main,False
2608,1,1,6.6586665653894945,1.3413334346105057,0.8323333206736868,0.9812158494831209,15.0,8.0,False,main,True
5086,2,2,7.683828706974812,1.316171293025188,0.8537587452194235,0.9844825717417504,12.0,7.0,False,main,True
5086,3,3,8.683828706974811,1.316171293025188,0.8683828706974811,0.9862269334103775,10.0,6.0,False,main,False
5086,4,4,9.683828706974811,1.316171293025188,0.8803480642704374,0.9876186352974938,8.0,5.0,False,main,False
5086,5,5,10.683828706974811,1.316171293025188,0.8903190589145676,0.9887548312642365,6.0,4.0,False,main,False
5086,6,6,11.683828706974811,1.316171293025188,0.8987560543826778,0.9896999829680728,4.0,3.0,False,main,False
5086,7,7,12.683828706974811,1.316171293025188,0.9059877647839151,0.9904985463334224,2.0,2.0,False,main,False
5086,8,8,13.683828706974811,1.316171293025188,0.9122552471316541,0.9911821749147143,1.0,1.0,False,main,False
5086,9,9,14.683828706974811,1.316171293025188,0.9177392941859257,0.991774019513527,-1.0,-1.0,True,main,False
3990,2,2,7.88258163873238,1.11741836126762,0.8758424043035977,0.9906675669744555,11.0,7.0,False,main,False
3990,3,3,8.882581638732379,1.11741836126762,0.8882581638732379,0.9917072677754625,9.0,6.0,False,main,False
3990,4,4,9.882581638732379,1.11741836126762,0.8984165126120345,0.9925385081457256,7.0,5.0,False,main,False
3990,5,5,10.882581638732379,1.11741836126762,0.9068818032276983,0.9932182750892797,5.0,4.0,False,main,False
3990,6,6,11.882581638732379,1.11741836126762,0.9140447414409523,0.9937845174947729,4.0,3.0,False,main,False
3990,7,7,12.882581638732379,1.11741836126762,0.9201844027665985,0.9942634840361637,2.0,2.0,False,main,False
3990,8,8,13.882581638732379,1.11741836126762,0.9255054425821586,0.9946739098936638,1.0,1.0,False,main,False
3990,9,9,14.882581638732379,1.11741836126762,0.9301613524207737,0.9950295256902107,-1.0,-1.0,True,main,False
1459,2,2,7.722773492882158,1.2772265071178421,0.8580859436535732,0.9858078848127371,12.0,7.0,False,main,True
1459,3,3,8.722773492882158,1.2772265071178421,0.8722773492882159,0.9874005063097065,9.0,6.0,False,main,False
1459,4,4,9.722773492882158,1.2772265071178421,0.8838884993529235,0.9886716607358563,7.0,5.0,False,main,False
1459,5,5,10.722773492882158,1.2772265071178421,0.8935644577401799,0.9897097766216986,6.0,4.0,False,main,False
1459,6,6,11.722773492882158,1.2772265071178421,0.9017518071447814,0.9905735679643075,4.0,3.0,False,main,False
1459,7,7,12.722773492882158,1.2772265071178421,0.9087695352058685,0.9913035500035061,2.0,2.0,False,main,False
1459,8,8,13.722773492882158,1.2772265071178421,0.9148515661921439,0.991928584065565,1.0,1.0,False,main,False
1459,9,9,14.722773492882158,1.2772265071178421,0.9201733433051349,0.992469787134024,-1.0,-1.0,True,main,False
1681,2,2,7.664555706698437,1.3354442933015633,0.8516173007442708,0.9838071264103281,12.0,7.0,False,main,True
1681,3,3,8.664555706698437,1.3354442933015633,0.8664555706698437,0.9856289666616684,10.0,6.0,False,main,False
1681,4,4,9.664555706698437,1.3354442933015633,0.8785959733362215,0.9870821926677666,8.0,5.0,False,main,False
1681,5,5,10.664555706698437,1.3354442933015633,0.888712975558203,0.9882684282823391,6.0,4.0,False,main,False
1681,6,6,11.664555706698437,1.3354442933015633,0.8972735158998797,0.9892550774052306,4.0,3.0,False,main,False
1681,7,7,12.664555706698437,1.3354442933015633,0.9046111219070312,0.9900886119465302,2.0,2.0,False,main,False
1681,8,8,13.664555706698437,1.3354442933015633,0.9109703804465624,0.9908021131817212,1.0,1.0,False,main,False
1681,9,9,14.664555706698437,1.3354442933015633,0.9165347316686523,0.991419771396038,-1.0,-1.0,True,main,False
6331,2,2,7.839336584354195,1.1606634156458053,0.8710373982615772,0.9894471446172429,11.0,7.0,False,main,True
6331,3,3,8.839336584354195,1.1606634156458053,0.8839336584354195,0.9906251518327303,9.0,6.0,False,main,False
6331,4,4,9.839336584354195,1.1606634156458053,0.8944851440321995,0.9915665346179727,7.0,5.0,False,main,False
6331,5,5,10.839336584354195,1.1606634156458053,0.9032780486961829,0.9923360893802308,5.0,4.0,False,main,False
6331,6,6,11.839336584354195,1.1606634156458053,0.9107181987964765,0.9929769310257295,4.0,3.0,False,main,False
6331,7,7,12.839336584354195,1.1606634156458053,0.9170954703110139,0.9935188621847226,2.0,2.0,False,main,False
6331,8,8,13.839336584354195,1.1606634156458053,0.9226224389569463,0.9939831433055378,1.0,1.0,False,main,False
6331,9,9,14.839336584354195,1.1606634156458053,0.9274585365221372,0.9943853487040373,-1.0,-1.0,True,main,False
5819,2,2,7.591332557053855,1.4086674429461445,0.8434813952282061,0.981125856136539,13.0,7.0,False,main,True
5819,3,3,8.591332557053855,1.4086674429461445,0.8591332557053855,0.9832561762178109,10.0,6.0,False,main,False
5819,4,4,9.591332557053855,1.4086674429461445,0.8719393233685323,0.9849541839299945,8.0,5.0,False,main,False
5819,5,5,10.591332557053855,1.4086674429461445,0.8826110464211546,0.986339395549032,6.0,4.0,False,main,False
5819,6,6,11.591332557053855,1.4086674429461445,0.8916409659272196,0.9874909773729149,4.0,3.0,False,main,False
5819,7,7,12.591332557053855,1.4086674429461445,0.8993808969324182,0.988463452634688,2.0,2.0,False,main,False
5819,8,8,13.591332557053855,1.4086674429461445,0.9060888371369237,0.9892955998413233,1.0,1.0,False,main,False
5819,9,9,14.591332557053855,1.4086674429461445,0.9119582848158659,0.9900157544047818,-1.0,-1.0,True,main,False
6579,2,2,7.626674334853573,1.3733256651464272,0.8474082594281748,0.9824424804345512,12.0,7.0,False,main,True
6579,3,3,8.626674334853572,1.3733256651464272,0.8626674334853572,0.9844211431198757,10.0,6.0,False,main,False
6579,4,4,9.626674334853572,1.3733256651464272,0.8751522122594156,0.9859988436536212,8.0,5.0,False,main,False
6579,5,5,10.626674334853572,1.3733256651464272,0.885556194571131,0.9872862832100615,6.0,4.0,False,main,False
6579,6,6,11.626674334853572,1.3733256651464272,0.8943595642195056,0.98835683597232,4.0,3.0,False,main,False
6579,7,7,12.626674334853572,1.3733256651464272,0.901905309632398,0.989261062079739,2.0,2.0,False,main,False
6579,8,8,13.626674334853572,1.3733256651464272,0.9084449556569048,0.9900349366207862,1.0,1.0,False,main,False
6579,9,9,14.626674334853572,1.3733256651464272,0.9141671459283482,0.9907047558895872,-1.0,-1.0,True,main,False
3748,2,2,7.775820638247812,1.2241793617521877,0.8639800709164236,0.9875260613670193,11.0,7.0,False,main,True
3748,3,3,8.775820638247811,1.2241793617521877,0.8775820638247811,0.9889225437446143,9.0,6.0,False,main,False
3748,4,4,9.775820638247811,1.2241793617521877,0.8887109671134374,0.990037768680039,7.0,5.0,False,main,False
3748,5,5,10.775820638247811,1.2241793617521877,0.8979850531873176,0.990948945654772,5.0,4.0,False,main,False
3748,6,6,11.775820638247811,1.2241793617521877,0.9058323567882932,0.991707389236606,4.0,3.0,False,main,False
3748,7,7,12.775820638247811,1.2241793617521877,0.9125586170177008,0.9923485364851556,2.0,2.0,False,main,False
3748,8,8,13.775820638247811,1.2241793617521877,0.9183880425498541,0.9928976475811893,1.0,1.0,False,main,False
3748,9,9,14.775820638247811,1.2241793617521877,0.9234887898904882,0.9933732146985348,-1.0,-1.0,True,main,False
4245,2,2,7.644068616606317,1.3559313833936828,0.8493409574007019,0.9830751445830489,12.0,7.0,False,main,True
4245,3,3,8.644068616606317,1.3559313833936828,0.8644068616606317,0.9849810555668321,10.0,6.0,False,main,False
4245,4,4,9.644068616606317,1.3559313833936828,0.8767335106005743,0.9865010199697412,8.0,5.0,False,main,False
4245,5,5,10.644068616606317,1.3559313833936828,0.8870057180505264,0.9877415230097717,6.0,4.0,False,main,False
4245,6,6,11.644068616606317,1.3559313833936828,0.8956975858927936,0.9887731667307501,4.0,3.0,False,main,False
4245,7,7,12.644068616606317,1.3559313833936828,0.9031477583290226,0.9896446134289667,2.0,2.0,False,main,False
4245,8,8,13.644068616606317,1.3559313833936828,0.9096045744404211,0.9903904950647685,1.0,1.0,False,main,False
4245,9,9,14.644068616606317,1.3559313833936828,0.9152542885378948,0.9910361306007708,-1.0,-1.0,True,main,False
10926,0,5,5.765588801292821,6.234411198707179,0.4804657334410684,0.7109550311493086,248.0,45.0,False,main,True
1744,2,2,7.683617476285229,1.316382523714771,0.8537352751428032,0.9844752386008709,12.0,7.0,False,main,True
1744,3,3,8.683617476285228,1.316382523714771,0.8683617476285228,0.9862204409192441,10.0,6.0,False,main,False
1744,4,4,9.683617476285228,1.316382523714771,0.8803288614804753,0.9876128104469006,8.0,5.0,False,main,False
1744,5,5,10.683617476285228,1.316382523714771,0.8903014563571023,0.9887495494916999,6.0,4.0,False,main,False
1744,6,6,11.683617476285228,1.316382523714771,0.8987398058680944,0.989695151607938,4.0,3.0,False,main,False
1744,7,7,12.683617476285228,1.316382523714771,0.9059726768775163,0.9904940945798301,2.0,2.0,False,main,False
1744,8,8,13.683617476285228,1.316382523714771,0.9122411650856819,0.9911780474455383,1.0,1.0,False,main,False
1744,9,9,14.683617476285228,1.316382523714771,0.9177260922678268,0.9917701722815123,-1.0,-1.0,True,main,False
5845,2,2,7.805549165825262,1.1944508341747375,0.8672832406472514,0.9884439934945249,11.0,7.0,False,main,True
5845,3,3,8.805549165825262,1.1944508341747375,0.8805549165825262,0.9897359712343219,9.0,6.0,False,main,False
5845,4,4,9.805549165825262,1.1944508341747375,0.8914135605295693,0.9907680623520255,7.0,5.0,False,main,False
5845,5,5,10.805549165825262,1.1944508341747375,0.9004624304854385,0.9916115273268906,5.0,4.0,False,main,False
5845,6,6,11.805549165825262,1.1944508341747375,0.9081191666019433,0.9923137527482502,4.0,3.0,False,main,False
5845,7,7,12.805549165825262,1.1944508341747375,0.914682083273233,0.9929074775118532,2.0,2.0,False,main,False
5845,8,8,13.805549165825262,1.1944508341747375,0.9203699443883508,0.9934160470063619,1.0,1.0,False,main,False
5845,9,9,14.805549165825262,1.1944508341747375,0.9253468228640789,0.9938565568839839,-1.0,-1.0,True,main,False
3956,2,2,7.780475688690507,1.2195243113094925,0.8644972987433897,0.9876719528203336,11.0,7.0,False,main,True
3956,3,3,8.780475688690508,1.2195243113094925,0.8780475688690508,0.989051812306282,9.0,6.0,False,main,False
3956,4,4,9.780475688690508,1.2195243113094925,0.889134153517319,0.9901538162077048,7.0,5.0,False,main,False
3956,5,5,10.780475688690508,1.2195243113094925,0.8983729740575424,0.9910542263744573,5.0,4.0,False,main,False
3956,6,6,11.780475688690508,1.2195243113094925,0.9061904375915776,0.9918037318845837,4.0,3.0,False,main,False
3956,7,7,12.780475688690508,1.2195243113094925,0.9128911206207506,0.9924373402583647,2.0,2.0,False,main,False
3956,8,8,13.780475688690508,1.2195243113094925,0.9186983792460339,0.9929800069149859,1.0,1.0,False,main,False
3956,9,9,14.780475688690508,1.2195243113094925,0.9237797305431568,0.9934500017967284,-1.0,-1.0,True,main,False
336,2,2,7.790070786139148,1.2099292138608522,0.8655634206821275,0.9879701486501089,11.0,7.0,False,main,True
336,3,3,8.790070786139147,1.2099292138608522,0.8790070786139148,0.9893160473831129,9.0,6.0,False,main,False
336,4,4,9.790070786139147,1.2099292138608522,0.8900064351035589,0.9903910376017584,7.0,5.0,False,main,False
336,5,5,10.790070786139147,1.2099292138608522,0.8991725655115957,0.9912694467248588,5.0,4.0,False,main,False
336,6,6,11.790070786139147,1.2099292138608522,0.9069285220107037,0.9920006867552053,4.0,3.0,False,main,False
336,7,7,12.790070786139147,1.2099292138608522,0.9135764847242249,0.9926188880792285,2.0,2.0,False,main,False
336,8,8,13.790070786139147,1.2099292138608522,0.9193380524092766,0.9931483837039452,1.0,1.0,False,main,False
336,9,9,14.790070786139147,1.2099292138608522,0.9243794241336968,0.9936069896617675,-1.0,-1.0,True,main,False
8854,2,2,7.716349011987521,1.2836509880124787,0.8573721124430579,0.9855929388680597,12.0,7.0,False,main,True
8854,3,3,8.716349011987521,1.2836509880124787,0.8716349011987521,0.9872101443904107,9.0,6.0,False,main,False
8854,4,4,9.716349011987521,1.2836509880124787,0.8833044556352292,0.9885008341145235,7.0,5.0,False,main,False
8854,5,5,10.716349011987521,1.2836509880124787,0.8930290843322934,0.9895548475370417,6.0,4.0,False,main,False
8854,6,6,11.716349011987521,1.2836509880124787,0.9012576163067324,0.990431828513141,4.0,3.0,False,main,False
8854,7,7,12.716349011987521,1.2836509880124787,0.9083106437133944,0.9911729300332458,2.0,2.0,False,main,False
8854,8,8,13.716349011987521,1.2836509880124787,0.9144232674658348,0.9918074654423735,1.0,1.0,False,main,False
8854,9,9,14.716349011987521,1.2836509880124787,0.9197718132492201,0.9923568810480815,-1.0,-1.0,True,main,False
3440,2,2,7.835174796652669,1.1648252033473314,0.8705749774058521,0.9893259112880132,11.0,7.0,False,main,True
3440,3,3,8.83517479665267,1.1648252033473314,0.883517479665267,0.990517678677203,9.0,6.0,False,main,False
3440,4,4,9.83517479665267,1.1648252033473314,0.8941067996956972,0.9914700156118549,7.0,5.0,False,main,False
3440,5,5,10.83517479665267,1.1648252033473314,0.9029312330543892,0.9922484975842156,5.0,4.0,False,main,False
3440,6,6,11.83517479665267,1.1648252033473314,0.9103980612809746,0.9928967545523603,4.0,3.0,False,main,False
3440,7,7,12.83517479665267,1.1648252033473314,0.9167981997609049,0.9934449432965311,2.0,2.0,False,main,False
3440,8,8,13.83517479665267,1.1648252033473314,0.9223449864435113,0.9939145758015695,1.0,1.0,False,main,False
3440,9,9,14.83517479665267,1.1648252033473314,0.9271984247907918,0.9943214099651211,-1.0,-1.0,True,main,False
2499,2,2,7.595719219449851,1.4042807805501492,0.8439688021610946,0.9812915263134789,13.0,7.0,False,main,True
2499,3,3,8.595719219449851,1.4042807805501492,0.8595719219449851,0.9834027447363617,10.0,6.0,False,main,False
2499,4,4,9.595719219449851,1.4042807805501492,0.8723381108590774,0.9850856030179261,8.0,5.0,False,main,False
2499,5,5,10.595719219449851,1.4042807805501492,0.8829766016208209,0.9864585052003816,6.0,4.0,False,main,False
2499,6,6,11.595719219449851,1.4042807805501492,0.8919784014961424,0.9875998870718121,4.0,3.0,False,main,False
2499,7,7,12.595719219449851,1.4042807805501492,0.8996942299607037,0.9885637722001336,2.0,2.0,False,main,False
2499,8,8,13.595719219449851,1.4042807805501492,0.9063812812966567,0.9893885857348215,1.0,1.0,False,main,False
2499,9,9,14.595719219449851,1.4042807805501492,0.9122324512156157,0.9901024061252743,-1.0,-1.0,True,main,False
5753,2,2,7.748116616795691,1.2518833832043088,0.8609018463106324,0.9866414233781942,12.0,7.0,False,main,True
5753,3,3,8.748116616795691,1.2518833832043088,0.8748116616795691,0.9881388078881985,9.0,6.0,False,main,False
5753,4,4,9.748116616795691,1.2518833832043088,0.8861924197086992,0.9893342653466293,7.0,5.0,False,main,False
5753,5,5,10.748116616795691,1.2518833832043088,0.8956763847329743,0.9903107682249117,5.0,4.0,False,main,False
5753,6,6,11.748116616795691,1.2518833832043088,0.9037012782150532,0.9911234333328025,4.0,3.0,False,main,False
5753,7,7,12.748116616795691,1.2518833832043088,0.9105797583425493,0.9918103079087699,2.0,2.0,False,main,False
5753,8,8,13.748116616795691,1.2518833832043088,0.9165411077863794,0.9923985035415918,1.0,1.0,False,main,False
5753,9,9,14.748116616795691,1.2518833832043088,0.9217572885497307,0.9929078621214108,-1.0,-1.0,True,main,False
1968,2,2,7.666037148353804,1.3339628516461963,0.8517819053726449,0.9838594998943717,12.0,7.0,False,main,True
1968,3,3,8.666037148353805,1.3339628516461963,0.8666037148353803,0.9856753291043393,10.0,6.0,False,main,False
1968,4,4,9.666037148353805,1.3339628516461963,0.8787306498503458,0.9871237825190845,8.0,5.0,False,main,False
1968,5,5,10.666037148353805,1.3339628516461963,0.8888364290294836,0.9883061368436628,6.0,4.0,False,main,False
1968,6,6,11.666037148353805,1.3339628516461963,0.8973874729502925,0.9892895675317458,4.0,3.0,False,main,False
1968,7,7,12.666037148353805,1.3339628516461963,0.9047169391681288,0.9901203899950375,2.0,2.0,False,main,False
1968,8,8,13.666037148353805,1.3339628516461963,0.9110691432235869,0.9908315746942737,1.0,1.0,False,main,False
1968,9,9,14.666037148353805,1.3339628516461963,0.9166273217721128,0.9914472312441823,-1.0,-1.0,True,main,False
3656,2,2,7.89868584857046,1.1013141514295408,0.8776317609522732,0.9911035053397798,11.0,7.0,False,main,False
3656,3,3,8.898685848570459,1.1013141514295408,0.8898685848570459,0.9920938997504346,9.0,6.0,False,main,False
3656,4,4,9.898685848570459,1.1013141514295408,0.8998805316882236,0.9928858560961888,7.0,5.0,False,main,False
3656,5,5,10.898685848570459,1.1013141514295408,0.9082238207142049,0.9935335869949271,5.0,4.0,False,main,False
3656,6,6,11.898685848570459,1.1013141514295408,0.9152835268131122,0.99407320458097,4.0,3.0,False,main,False
3656,7,7,12.898685848570459,1.1013141514295408,0.9213347034693185,0.9945296931200044,2.0,2.0,False,main,False
3656,8,8,13.898685848570459,1.1013141514295408,0.926579056571364,0.9949208888866597,1.0,1.0,False,main,False
3656,9,9,14.898685848570459,1.1013141514295408,0.9311678655356537,0.9952598659210202,-1.0,-1.0,True,main,False
4159,2,2,7.726052471710118,1.2739475282898818,0.8584502746344576,0.9859170250777693,12.0,7.0,False,main,True
4159,3,3,8.726052471710119,1.2739475282898818,0.872605247171012,0.987497167776732,9.0,6.0,False,main,False
4159,4,4,9.726052471710119,1.2739475282898818,0.8841865883372836,0.988758405387112,7.0,5.0,False,main,False
4159,5,5,10.726052471710119,1.2739475282898818,0.8938377059758432,0.9897884506355341,6.0,4.0,False,main,False
4159,6,6,11.726052471710119,1.2739475282898818,0.9020040362853938,0.9906455457270534,4.0,3.0,False,main,False
4159,7,7,12.726052471710119,1.2739475282898818,0.9090037479792942,0.9913698822852991,2.0,2.0,False,main,False
4159,8,8,13.726052471710119,1.2739475282898818,0.9150701647806746,0.9919900922472077,1.0,1.0,False,main,False
4159,9,9,14.726052471710119,1.2739475282898818,0.9203782794818824,0.992527125459741,-1.0,-1.0,True,main,False
7327,2,2,7.592871844850045,1.407128155149955,0.8436524272055606,0.9811840622089029,13.0,7.0,False,main,True
7327,3,3,8.592871844850045,1.407128155149955,0.8592871844850045,0.9833076705631552,10.0,6.0,False,main,False
7327,4,4,9.592871844850045,1.407128155149955,0.8720792586227314,0.9850003553543225,8.0,5.0,False,main,False
7327,5,5,10.592871844850045,1.407128155149955,0.8827393204041704,0.9863812419907617,6.0,4.0,False,main,False
7327,6,6,11.592871844850045,1.407128155149955,0.8917593726807727,0.9875292400603056,4.0,3.0,False,main,False
7327,7,7,12.592871844850045,1.407128155149955,0.8994908460607175,0.9884986972129308,2.0,2.0,False,main,False
7327,8,8,13.592871844850045,1.407128155149955,0.9061914563233363,0.9893282677883898,1.0,1.0,False,main,False
7327,9,9,14.592871844850045,1.407128155149955,0.9120544903031278,0.9900461969057939,-1.0,-1.0,True,main,False
7904,0,5,5.659519756551951,6.340480243448049,0.4716266463793293,0.7027791223641677,276.0,47.0,False,main,True
8061,0,5,5.712307249304167,6.287692750695833,0.47602560410868056,0.7068576992704707,262.0,46.0,False,main,True
4356,2,2,7.88107239668347,1.1189276033165299,0.8756747107426077,0.9906261925191922,11.0,7.0,False,main,False
4356,3,3,8.88107239668347,1.1189276033165299,0.8881072396683469,0.9916705756488904,9.0,6.0,False,main,False
4356,4,4,9.88107239668347,1.1189276033165299,0.8982793087894063,0.992505546078315,7.0,5.0,False,main,False
4356,5,5,10.88107239668347,1.1189276033165299,0.9067560330569558,0.9931883545480003,5.0,4.0,False,main,False
4356,6,6,11.88107239668347,1.1189276033165299,0.9139286458987285,0.9937571245098347,4.0,3.0,False,main,False
4356,7,7,12.88107239668347,1.1189276033165299,0.920076599763105,0.9942382247830786,2.0,2.0,False,main,False
4356,8,8,13.88107239668347,1.1189276033165299,0.9254048264455647,0.9946504759494555,1.0,1.0,False,main,False
4356,9,9,14.88107239668347,1.1189276033165299,0.9300670247927169,0.9950076710030715,-1.0,-1.0,True,main,False
4125,2,2,7.593895311883013,1.4061046881169872,0.8437661457647792,0.9812227200861339,13.0,7.0,False,main,True
4125,3,3,8.593895311883013,1.4061046881169872,0.8593895311883013,0.9833418711735721,10.0,6.0,False,main,False
4125,4,4,9.593895311883013,1.4061046881169872,0.872172301080274,0.9850310209361743,8.0,5.0,False,main,False
4125,5,5,10.593895311883013,1.4061046881169872,0.8828246093235844,0.9864090352445142,6.0,4.0,False,main,False
4125,6,6,11.593895311883013,1.4061046881169872,0.891838100914078,0.9875546532238707,4.0,3.0,False,main,False
4125,7,7,12.593895311883013,1.4061046881169872,0.8995639508487867,0.9885221059290391,2.0,2.0,False,main,False
4125,8,8,13.593895311883013,1.4061046881169872,0.9062596874588675,0.9893499652451917,1.0,1.0,False,main,False
4125,9,9,14.593895311883013,1.4061046881169872,0.9121184569926883,0.9900664163303629,-1.0,-1.0,True,main,False
11499,2,2,7.7556675919823235,1.244332408017676,0.8617408435535915,0.9868853063937915,12.0,7.0,False,main,False
11499,3,3,8.755667591982323,1.244332408017676,0.8755667591982323,0.9883548554676712,9.0,6.0,False,main,False
11499,4,4,9.755667591982323,1.244332408017676,0.886878871998393,0.989528182936556,7.0,5.0,False,main,False
11499,5,5,10.755667591982323,1.244332408017676,0.8963056326651936,0.9904866696265846,5.0,4.0,False,main,False
11499,6,6,11.755667591982323,1.244332408017676,0.9042821224601787,0.9912843825100344,4.0,3.0,False,main,False
11499,7,7,12.755667591982323,1.244332408017676,0.9111191137130231,0.9919586482839371,2.0,2.0,False,main,False
11499,8,8,13.755667591982323,1.244332408017676,0.9170445061321549,0.9925360675455414,1.0,1.0,False,main,False
11499,9,9,14.755667591982323,1.244332408017676,0.9222292244988952,0.9930361097166169,-1.0,-1.0,True,main,False
6084,2,2,7.772823663787994,1.2271763362120054,0.8636470737542216,0.9874317137137806,12.0,7.0,False,main,False
6084,3,3,8.772823663787994,1.2271763362120054,0.8772823663787994,0.9888389487469769,9.0,6.0,False,main,False
6084,4,4,9.772823663787994,1.2271763362120054,0.8884385148898176,0.9899627253141381,7.0,5.0,False,main,False
6084,5,5,10.772823663787994,1.2271763362120054,0.8977353053156661,0.9908808661508482,5.0,4.0,False,main,False
6084,6,6,11.772823663787994,1.2271763362120054,0.9056018202913841,0.991645090565461,4.0,3.0,False,main,False
6084,7,7,12.772823663787994,1.2271763362120054,0.9123445474134282,0.9922911135400625,2.0,2.0,False,main,False
6084,8,8,13.772823663787994,1.2271763362120054,0.918188244252533,0.9928443924302328,1.0,1.0,False,main,False
6084,9,9,14.772823663787994,1.2271763362120054,0.9233014789867496,0.9933235631810937,-1.0,-1.0,True,main,False
1721,1,1,6.188123593723706,1.811876406276294,0.7735154492154632,0.9579403357379371,20.0,9.0,False,main,True
9377,1,1,6.45827191874528,1.5417280812547203,0.80728398984316,0.9722537643871635,17.0,8.0,False,main,True
9841,1,1,6.3820250409772585,1.6179749590227412,0.7977531301221573,0.9684604889526219,18.0,9.0,False,main,True
9841,2,2,7.3820250409772585,1.6179749590227412,0.8202250045530287,0.9725151215891868,14.0,7.0,False,main,False
9841,3,3,8.382025040977258,1.6179749590227412,0.8382025040977259,0.9756451495091206,11.0,6.0,False,main,False
9841,4,4,9.382025040977258,1.6179749590227412,0.852911367361569,0.9781346817091174,9.0,5.0,False,main,False
9841,5,5,10.382025040977258,1.6179749590227412,0.8651687534147716,0.9801621765817979,6.0,4.0,False,main,False
9841,6,6,11.382025040977258,1.6179749590227412,0.8755403877674814,0.9818453978803031,4.0,3.0,False,main,False
9841,7,7,12.382025040977258,1.6179749590227412,0.8844303600698042,0.9832652063651923,3.0,2.0,False,main,False
9841,8,8,13.382025040977258,1.6179749590227412,0.8921350027318172,0.9844789698247496,1.0,1.0,False,main,False
9841,9,9,14.382025040977258,1.6179749590227412,0.8988765650610787,0.9855285198838555,-1.0,-1.0,True,main,False
11729,1,1,6.229038208477662,1.7709617915223381,0.7786297760597077,0.9602604326478155,20.0,9.0,False,main,True
9410,0,1,5.345941302688951,2.6540586973110485,0.6682426628361189,0.8999508711854978,45.0,15.0,False,main,True
6144,1,1,6.578531880003403,1.4214681199965964,0.8223164850004254,0.9778137553513851,16.0,8.0,False,main,True
11922,1,1,6.430465284755985,1.569534715244015,0.8038081605944981,0.9708938344620139,17.0,9.0,False,main,True
10690,1,1,6.146711860015219,1.8532881399847807,0.7683389825019024,0.9555395649019363,21.0,9.0,False,main,True
10690,2,2,7.146711860015219,1.8532881399847807,0.7940790955572465,0.9613193325631506,16.0,8.0,False,main,False
10690,3,3,8.14671186001522,1.8532881399847807,0.814671186001522,0.9657673278498466,13.0,6.0,False,main,False
10690,4,4,9.14671186001522,1.8532881399847807,0.8315192600013837,0.9692967848081008,10.0,5.0,False,main,False
10690,5,5,10.14671186001522,1.8532881399847807,0.845559321667935,0.9721658490648154,7.0,4.0,False,main,False
10690,6,6,11.14671186001522,1.8532881399847807,0.8574393738473246,0.9745441479730644,5.0,3.0,False,main,False
10690,7,7,12.14671186001522,1.8532881399847807,0.8676222757153729,0.9765477602706422,3.0,2.0,False,main,False
10690,8,8,13.14671186001522,1.8532881399847807,0.876447457334348,0.9782588125550473,1.0,1.0,False,main,False
10690,9,9,14.14671186001522,1.8532881399847807,0.8841694912509512,0.9797370527785637,-1.0,-1.0,True,main,False
755,0,1,5.461010755848714,2.5389892441512862,0.6826263444810893,0.9089158339463025,41.0,15.0,False,main,True
12132,1,1,6.548514520629626,1.4514854793703749,0.8185643150787032,0.9764759663151611,16.0,8.0,False,main,True
12132,2,2,7.548514520629626,1.4514854793703749,0.838723835625514,0.9794757981060727,13.0,7.0,False,main,True
12132,3,3,8.548514520629626,1.4514854793703749,0.8548514520629625,0.9817966554354738,10.0,6.0,False,main,False
12132,4,4,9.548514520629626,1.4514854793703749,0.8680467746026932,0.983645722138511,8.0,5.0,False,main,False
12132,5,5,10.548514520629626,1.4514854793703749,0.8790428767191355,0.9851536389565307,6.0,4.0,False,main,False
12132,6,6,11.548514520629626,1.4514854793703749,0.8883472708176635,0.9864068740025093,4.0,3.0,False,main,False
12132,7,7,12.548514520629626,1.4514854793703749,0.896322465759259,0.987464942349951,2.0,2.0,False,main,False
12132,8,8,13.548514520629626,1.4514854793703749,0.9032343013753084,0.9883701511930393,1.0,1.0,False,main,False
