arm,s,n,post_a,post_b,q_mean,q_opt,m_mean,m_opt,confirmed,sel_kind,would_differ
1558,1,1,6.878737483376698,1.1212625166233021,0.8598421854220872,0.9892087241079657,13.0,8.0,False,main,True
10778,1,1,6.695282222160168,1.3047177778398313,0.836910277770021,0.9826860329054173,15.0,8.0,False,main,True
10778,2,2,7.695282222160168,1.3047177778398313,0.8550313580177965,0.9848778682673214,12.0,7.0,False,main,False
10778,3,3,8.695282222160168,1.3047177778398313,0.8695282222160168,0.9865769312417717,10.0,6.0,False,main,False
10778,4,4,9.695282222160168,1.3047177778398313,0.8813892929236516,0.9879326538727086,7.0,5.0,False,main,False
10778,5,5,10.695282222160168,1.3047177778398313,0.8912735185133474,0.9890395811942968,6.0,4.0,False,main,False
10778,6,6,11.695282222160168,1.3047177778398313,0.8996370940123206,0.9899604569709137,4.0,3.0,False,main,False
10778,7,7,12.695282222160168,1.3047177778398313,0.9068058730114406,0.9907385596586035,2.0,2.0,False,main,False
10778,8,8,13.695282222160168,1.3047177778398313,0.9130188148106779,0.9914047087011995,1.0,1.0,False,main,False
10778,9,9,14.695282222160168,1.3047177778398313,0.9184551388850105,0.9919814474691329,-1.0,-1.0,True,main,False
2893,1,1,6.651746383942418,1.3482536160575829,0.8314682979928022,0.9809319656243595,15.0,8.0,False,main,True
8028,0,1,5.66232052876338,2.33767947123662,0.7077900660954225,0.9238552560943871,36.0,14.0,False,main,True
8028,0,2,5.66232052876338,3.33767947123662,0.6291467254181533,0.8629835681960656,61.0,20.0,False,main,False
8028,0,3,5.66232052876338,4.33767947123662,0.566232052876338,0.8045853153350823,101.0,27.0,False,main,True
8028,0,4,5.66232052876338,5.33767947123662,0.5147564117057618,0.7511289832547853,167.0,36.0,False,main,True
7634,0,1,5.747563890965708,2.252436109034292,0.7184454863707135,0.929883282737338,34.0,14.0,False,main,True
7634,0,2,5.747563890965708,3.252436109034292,0.6386182101073009,0.8696947010447157,58.0,19.0,False,main,False
7634,0,3,5.747563890965708,4.252436109034292,0.5747563890965708,0.8114371620031002,95.0,26.0,False,main,False
7634,0,4,5.747563890965708,5.252436109034292,0.5225058082696098,0.7578928618912297,154.0,35.0,False,main,True
7634,0,5,5.747563890965708,6.252436109034292,0.47896365758047565,0.709571103738557,252.0,46.0,False,main,True
3085,1,1,6.7991605394354675,1.2008394605645325,0.8498950674294334,0.9865566419872642,14.0,8.0,False,main,True
1165,1,1,6.69317415406506,1.3068258459349393,0.8366467692581325,0.9826028569182133,15.0,8.0,False,main,True
8386,0,1,5.82312837603825,2.17687162396175,0.7278910470047812,0.9350722526507975,32.0,13.0,False,main,True
8386,0,2,5.82312837603825,3.17687162396175,0.64701426400425,0.8755478579811177,55.0,19.0,False,main,False
8386,0,3,5.82312837603825,4.17687162396175,0.582312837603825,0.8174432083946548,89.0,26.0,False,main,True
8386,0,4,5.82312837603825,5.17687162396175,0.5293753069125682,0.7638369012183044,144.0,34.0,False,main,True
2997,1,1,6.771682680727688,1.228317319272312,0.846460335090961,0.9855769165323911,14.0,8.0,False,main,True
5845,1,1,6.786360178722732,1.2136398212772677,0.8482950223403415,0.9861042607426702,14.0,8.0,False,main,True
11056,0,1,5.816436559381807,2.183563440618193,0.7270545699227259,0.9346187069092944,32.0,14.0,False,main,True
11056,0,2,5.816436559381807,3.183563440618193,0.6462707288202008,0.8750331927028714,55.0,19.0,False,main,False
11056,0,3,5.816436559381807,4.183563440618193,0.5816436559381807,0.8169139107436845,90.0,26.0,False,main,True
11056,0,4,5.816436559381807,5.183563440618193,0.5287669599438006,0.7633124791984248,145.0,34.0,False,main,True
11472,1,1,6.629341840023223,1.3706581599767773,0.8286677300029028,0.9799998963499201,15.0,8.0,False,main,True
1979,1,1,6.631924571151554,1.3680754288484456,0.8289905713939443,0.9801083485657995,15.0,8.0,False,main,True
8407,1,1,6.650369085361492,1.349630914638508,0.8312961356701865,0.9808752386226103,15.0,8.0,False,main,True
8407,2,2,7.650369085361492,1.349630914638508,0.8500410094846101,0.9833017780973843,12.0,7.0,False,main,False
8407,3,3,8.650369085361492,1.349630914638508,0.8650369085361491,0.9851816476501731,10.0,6.0,False,main,False
8407,4,4,9.650369085361492,1.349630914638508,0.8773062804874083,0.9866809416651814,8.0,5.0,False,main,False
8407,5,5,10.650369085361492,1.349630914638508,0.8875307571134576,0.9879046383066022,6.0,4.0,False,main,False
8407,6,6,11.650369085361492,1.349630914638508,0.8961822373354994,0.9889223483612385,4.0,3.0,False,main,False
8407,7,7,12.650369085361492,1.349630914638508,0.9035977918115351,0.989782055323859,2.0,2.0,False,main,False
8407,8,8,13.650369085361492,1.349630914638508,0.9100246056907662,0.9905179106571026,1.0,1.0,False,main,False
8407,9,9,14.650369085361492,1.349630914638508,0.9156480678350932,0.991154883626385,-1.0,-1.0,True,main,False
11243,1,1,6.681005474655013,1.318994525344987,0.8351256843318766,0.9821192114737064,15.0,8.0,False,main,True
11243,2,2,7.681005474655013,1.318994525344987,0.8534450527394459,0.9843844315971321,12.0,7.0,False,main,False
11243,3,3,8.681005474655013,1.318994525344987,0.8681005474655012,0.9861400447075888,10.0,6.0,False,main,False
11243,4,4,9.681005474655013,1.318994525344987,0.8800914067868194,0.9875406822635218,8.0,5.0,False,main,False
11243,5,5,10.681005474655013,1.318994525344987,0.8900837895545844,0.988684146644802,6.0,4.0,False,main,False
11243,6,6,11.681005474655013,1.318994525344987,0.8985388826657702,0.9896353264720528,4.0,3.0,False,main,False
11243,7,7,12.681005474655013,1.318994525344987,0.9057861053325009,0.9904389702713403,2.0,2.0,False,main,False
11243,8,8,13.681005474655013,1.318994525344987,0.9120670316436675,0.9911269388479216,1.0,1.0,False,main,False
11243,9,9,14.681005474655013,1.318994525344987,0.9175628421659383,0.9917225339153728,-1.0,-1.0,True,main,False
5753,1,1,6.783852229060638,1.2161477709393629,0.8479815286325797,0.9860148039043364,14.0,8.0,False,main,True
9602,1,1,6.709193890474254,1.2908061095257457,0.8386492363092818,0.9832303950753043,15.0,8.0,False,main,True
9602,2,2,7.709193890474254,1.2908061095257457,0.8565770989415838,0.9853518262339249,12.0,7.0,False,main,False
9602,3,3,8.709193890474253,1.2908061095257457,0.8709193890474254,0.9869966206190305,10.0,6.0,False,main,False
9602,4,4,9.709193890474253,1.2908061095257457,0.882653990043114,0.9883092310957448,7.0,5.0,False,main,False
9602,5,5,10.709193890474253,1.2908061095257457,0.8924328242061877,0.9893810818209604,6.0,4.0,False,main,False
9602,6,6,11.709193890474253,1.2908061095257457,0.9007072223441733,0.9902728607863562,4.0,3.0,False,main,False
9602,7,7,12.709193890474253,1.2908061095257457,0.9077995636053038,0.9910264370068678,2.0,2.0,False,main,False
9602,8,8,13.709193890474253,1.2908061095257457,0.9139462593649502,0.9916716312633589,1.0,1.0,False,main,False
9602,9,9,14.709193890474253,1.2908061095257457,0.9193246181546408,0.9922302595249471,-1.0,-1.0,True,main,False
11287,1,1,6.6857039418888125,1.3142960581111875,0.8357129927361016,0.9823066619338893,15.0,8.0,False,main,True
11287,2,2,7.6857039418888125,1.3142960581111875,0.8539671046543125,0.9845476048871715,12.0,7.0,False,main,False
11287,3,3,8.685703941888812,1.3142960581111875,0.8685703941888813,0.9862845118460816,10.0,6.0,False,main,False
11287,4,4,9.685703941888812,1.3142960581111875,0.8805185401717103,0.9876702931386986,8.0,5.0,False,main,False
11287,5,5,10.685703941888812,1.3142960581111875,0.8904753284907344,0.98880167306189,6.0,4.0,False,main,False
11287,6,6,11.685703941888812,1.3142960581111875,0.8989003032222164,0.989742830444481,4.0,3.0,False,main,False
11287,7,7,12.685703941888812,1.3142960581111875,0.9061217101349152,0.9905380273760843,2.0,2.0,False,main,False
11287,8,8,13.685703941888812,1.3142960581111875,0.9123802627925875,0.9912187801114998,1.0,1.0,False,main,False
11287,9,9,14.685703941888812,1.3142960581111875,0.9178564963680508,0.991808139472567,-1.0,-1.0,True,main,False
10757,1,1,6.662535369853274,1.3374646301467261,0.8328169212316593,0.9813737282323155,15.0,8.0,False,main,True
10757,2,2,7.662535369853274,1.3374646301467261,0.851392818872586,0.9837355798376957,12.0,7.0,False,main,False
10757,3,3,8.662535369853273,1.3374646301467261,0.8662535369853274,0.9855656325968208,10.0,6.0,False,main,False
10757,4,4,9.662535369853273,1.3374646301467261,0.8784123063502975,0.9870253789187435,8.0,5.0,False,main,False
10757,5,5,10.662535369853273,1.3374646301467261,0.8885446141544394,0.9882169170396155,6.0,4.0,False,main,False
10757,6,6,11.662535369853273,1.3374646301467261,0.8971181053733287,0.9892079630187971,4.0,3.0,False,main,False
10757,7,7,12.662535369853273,1.3374646301467261,0.9044668121323767,0.9900452026049994,2.0,2.0,False,main,False
10757,8,8,13.662535369853273,1.3374646301467261,0.9108356913235516,0.9907618684857294,1.0,1.0,False,main,False
10757,9,9,14.662535369853273,1.3374646301467261,0.9164084606158296,0.9913822611677204,-1.0,-1.0,True,main,False
8529,0,1,5.6575705438776795,2.34242945612232,0.7071963179847099,0.9235140277169481,36.0,14.0,False,main,True
3237,0,1,5.8533543353006525,2.1466456646993475,0.7316692919125816,0.9371061816986714,31.0,13.0,False,main,True
9410,0,1,5.610425600461274,2.389574399538726,0.7013032000576592,0.9200972120909237,37.0,14.0,False,main,True
8102,1,1,6.59548648674553,1.4045135132544697,0.8244358108431913,0.9785542859763761,16.0,8.0,False,main,True
8102,2,2,7.59548648674553,1.4045135132544697,0.8439429429717256,0.9812827526584054,13.0,7.0,False,main,False
8102,3,3,8.59548648674553,1.4045135132544697,0.859548648674553,0.9833949825441359,10.0,6.0,False,main,False
8102,4,4,9.59548648674553,1.4045135132544697,0.8723169533405027,0.9850786430375119,8.0,5.0,False,main,False
8102,5,5,10.59548648674553,1.4045135132544697,0.8829572072287942,0.9864521970613204,6.0,4.0,False,main,False
8102,6,6,11.59548648674553,1.4045135132544697,0.8919604989804254,0.9875941190782993,4.0,3.0,False,main,False
8102,7,7,12.59548648674553,1.4045135132544697,0.8996776061961093,0.9885584591108239,2.0,2.0,False,main,False
8102,8,8,13.59548648674553,1.4045135132544697,0.9063657657830354,0.989383661017351,1.0,1.0,False,main,False
8102,9,9,14.59548648674553,1.4045135132544697,0.9122179054215956,0.9900978168529218,-1.0,-1.0,True,main,False
2258,0,1,5.664244757269406,2.3357552427305937,0.7080305946586758,0.9239933298075819,36.0,14.0,False,main,True
8733,1,1,6.676898418551472,1.3231015814485283,0.834612302318934,0.9819546273437363,15.0,8.0,False,main,True
8733,2,2,7.676898418551472,1.3231015814485283,0.8529887131723858,0.98424117003707,12.0,7.0,False,main,False
8733,3,3,8.676898418551472,1.3231015814485283,0.8676898418551472,0.9860132112634423,10.0,6.0,False,main,False
8733,4,4,9.676898418551472,1.3231015814485283,0.8797180380501338,0.9874268950031463,8.0,5.0,False,main,False
8733,5,5,10.676898418551472,1.3231015814485283,0.8897415348792893,0.9885809709077431,6.0,4.0,False,main,False
8733,6,6,11.676898418551472,1.3231015814485283,0.8982229552731902,0.9895409511920457,4.0,3.0,False,main,False
8733,7,7,12.676898418551472,1.3231015814485283,0.905492744182248,0.9903520117048147,2.0,2.0,False,main,False
8733,8,8,13.676898418551472,1.3231015814485283,0.9117932279034314,0.9910463159069521,1.0,1.0,False,main,False
8733,9,9,14.676898418551472,1.3231015814485283,0.917306151159467,0.9916473858827818,-1.0,-1.0,True,main,False
4144,1,1,6.850489357020415,1.149510642979585,0.8563111696275518,0.9882992683278374,14.0,8.0,False,main,True
4144,2,2,7.850489357020415,1.149510642979585,0.8722765952244905,0.9897687703900172,11.0,7.0,False,main,False
4144,3,3,8.850489357020415,1.149510642979585,0.8850489357020415,0.99091029086504,9.0,6.0,False,main,False
4144,4,4,9.850489357020415,1.149510642979585,0.8954990324564013,0.9918226239889703,7.0,5.0,False,main,False
4144,5,5,10.850489357020415,1.149510642979585,0.9042074464183679,0.9925685021658799,5.0,4.0,False,main,False
4144,6,6,11.850489357020415,1.149510642979585,0.9115761043861857,0.9931896755143984,4.0,3.0,False,main,False
4144,7,7,12.850489357020415,1.149510642979585,0.9178920969300296,0.9937150080811771,2.0,2.0,False,main,False
4144,8,8,13.850489357020415,1.149510642979585,0.9233659571346943,0.9941650935908589,1.0,1.0,False,main,False
4144,9,9,14.850489357020415,1.149510642979585,0.9281555848137759,0.9945550197010767,-1.0,-1.0,True,main,False
1624,1,1,6.844536702113642,1.1554632978863584,0.8555670877642052,0.9881030950727673,14.0,8.0,False,main,True
8099,1,1,6.707072566754511,1.292927433245489,0.8383840708443139,0.9831478984178772,15.0,8.0,False,main,True
8099,2,2,7.707072566754511,1.292927433245489,0.8563413963060568,0.9852799945189381,12.0,7.0,False,main,False
8099,3,3,8.707072566754512,1.292927433245489,0.8707072566754512,0.9869330105676087,10.0,6.0,False,main,False
8099,4,4,9.707072566754512,1.292927433245489,0.8824611424322284,0.9882521531078121,7.0,5.0,False,main,False
8099,5,5,10.707072566754512,1.292927433245489,0.8922560472295427,0.9893293187869989,6.0,4.0,False,main,False
8099,6,6,11.707072566754512,1.292927433245489,0.9005440435965009,0.9902255068833947,4.0,3.0,False,main,False
8099,7,7,12.707072566754512,1.292927433245489,0.9076480404824652,0.990982799857715,2.0,2.0,False,main,False
8099,8,8,13.707072566754512,1.292927433245489,0.9138048377836341,0.9916311697442184,1.0,1.0,False,main,False
8099,9,9,14.707072566754512,1.292927433245489,0.919192035422157,0.9921925426909128,-1.0,-1.0,True,main,False
9289,1,1,6.771196507086253,1.2288034929137472,0.8463995633857816,0.9855592921218208,14.0,8.0,False,main,True
5095,1,1,6.9126982751709845,1.0873017248290153,0.8640872843963731,0.990254579921409,13.0,8.0,False,main,True
8121,1,1,6.60052781810224,1.3994721818977598,0.82506597726278,0.9787723556226284,16.0,8.0,False,main,True
8121,2,2,7.60052781810224,1.3994721818977598,0.8445030909002489,0.9814724031154657,13.0,7.0,False,main,False
8121,3,3,8.60052781810224,1.3994721818977598,0.8600527818102239,0.9835627726592766,10.0,6.0,False,main,False
8121,4,4,9.60052781810224,1.3994721818977598,0.8727752561911127,0.985229094629189,8.0,5.0,False,main,False
8121,5,5,10.60052781810224,1.3994721818977598,0.8833773181751866,0.9865885597339723,6.0,4.0,False,main,False
8121,6,6,11.60052781810224,1.3994721818977598,0.8923482937001723,0.987718806751244,4.0,3.0,False,main,False
8121,7,7,12.60052781810224,1.3994721818977598,0.9000377012930171,0.9886733140435725,2.0,2.0,False,main,False
8121,8,8,13.60052781810224,1.3994721818977598,0.9067018545401493,0.9894901211659971,1.0,1.0,False,main,False
8121,9,9,14.60052781810224,1.3994721818977598,0.91253298863139,0.9901970261434817,-1.0,-1.0,True,main,False
10570,0,1,5.591429393025759,2.408570606974241,0.6989286741282199,0.9187051700497981,37.0,14.0,False,main,True
10570,0,2,5.591429393025759,3.408570606974241,0.6212699325584177,0.8573162089613902,65.0,20.0,False,main,False
10570,0,3,5.591429393025759,4.408570606974241,0.559142939302576,0.7988257194176337,108.0,27.0,False,main,True
10570,0,4,5.591429393025759,5.408570606974241,0.5083117630023417,0.7454567575424108,178.0,37.0,False,main,True
11037,1,1,6.654466449682698,1.3455335503173018,0.8318083062103373,0.9810437765391805,15.0,8.0,False,main,True
11037,2,2,7.654466449682698,1.3455335503173018,0.8504962721869664,0.9834484387986812,12.0,7.0,False,main,False
11037,3,3,8.654466449682698,1.3455335503173018,0.8654466449682697,0.985311461837352,10.0,6.0,False,main,False
11037,4,4,9.654466449682698,1.3455335503173018,0.8776787681529725,0.9867973828610064,8.0,5.0,False,main,False
11037,5,5,10.654466449682698,1.3455335503173018,0.8878722041402248,0.9880102056821841,6.0,4.0,False,main,False
11037,6,6,11.654466449682698,1.3455335503173018,0.8964974192063614,0.9890189001232631,4.0,3.0,False,main,False
11037,7,7,12.654466449682698,1.3455335503173018,0.9038904606916213,0.9898710107046039,2.0,2.0,False,main,False
11037,8,8,13.654466449682698,1.3455335503173018,0.9102977633121798,0.9906003781269579,1.0,1.0,False,main,False
11037,9,9,14.654466449682698,1.3455335503173018,0.9159041531051686,0.9912317454716493,-1.0,-1.0,True,main,False
8789,0,1,5.678285083209023,2.3217149167909774,0.7097856354011278,0.9249980238308547,35.0,14.0,False,main,True
7564,1,1,6.8904885810980065,1.109511418901993,0.8613110726372508,0.9895765208894343,13.0,8.0,False,main,True
9322,1,1,6.6852287031316315,1.3147712968683685,0.8356535878914539,0.9822877422699322,15.0,8.0,False,main,True
141,1,1,6.854690846170867,1.145309153829133,0.8568363557713584,0.9884367864186796,14.0,8.0,False,main,True
7534,1,1,6.612146762154966,1.3878532378450346,0.8265183452693707,0.9792712208974332,16.0,8.0,False,main,True
9528,0,1,5.802199367741659,2.1978006322583408,0.7252749209677074,0.9336498729678161,32.0,14.0,False,main,True
9528,0,2,5.802199367741659,3.1978006322583408,0.6446888186379621,0.8739358293388654,55.0,19.0,False,main,False
9528,0,3,5.802199367741659,4.197800632258341,0.580219936774166,0.8157861287031303,91.0,26.0,False,main,True
9528,0,4,5.802199367741659,5.197800632258341,0.5274726697946963,0.7621954705977467,147.0,34.0,False,main,True
1561,1,1,6.729430290678815,1.2705697093211845,0.8411787863348519,0.9840080777086534,15.0,8.0,False,main,True
11634,0,1,5.937018159091199,2.0629818409088005,0.7421272698863999,0.9426086792818874,30.0,13.0,False,main,True
4760,1,1,6.655973671007985,1.3440263289920154,0.8319967088759981,0.9811056059343967,15.0,8.0,False,main,True
5410,1,1,6.797962199888427,1.2020378001115737,0.8497452749860533,0.986514589813759,14.0,8.0,False,main,True
4926,1,1,6.875554450838879,1.1244455491611207,0.8594443063548599,0.9891080288071633,13.0,8.0,False,main,True
4926,2,2,7.875554450838879,1.1244455491611207,0.8750616056487643,0.9904741685128489,11.0,7.0,False,main,False
4926,3,3,8.87555445083888,1.1244455491611207,0.8875554450838881,0.9915357601206537,9.0,6.0,False,main,False
4926,4,4,9.87555445083888,1.1244455491611207,0.8977776773489891,0.9923844385050484,7.0,5.0,False,main,False
4926,5,5,10.87555445083888,1.1244455491611207,0.9062962042365733,0.9930784240876439,5.0,4.0,False,main,False
4926,6,6,11.87555445083888,1.1244455491611207,0.9135041885260677,0.9936564820775055,4.0,3.0,False,main,False
4926,7,7,12.87555445083888,1.1244455491611207,0.9196824607742057,0.9941454229576459,2.0,2.0,False,main,False
4926,8,8,13.87555445083888,1.1244455491611207,0.9250369633892587,0.9945643812328929,1.0,1.0,False,main,False
4926,9,9,14.87555445083888,1.1244455491611207,0.92972215317743,0.9949273791522928,-1.0,-1.0,True,main,False
417,1,1,6.871023976874875,1.1289760231251247,0.8588779971093594,0.988963923316473,13.0,8.0,False,main,True
8320,1,1,6.95173131375196,1.0482686862480397,0.868966414218995,0.9913914727379692,13.0,8.0,False,main,True
8320,2,2,7.95173131375196,1.0482686862480397,0.8835257015279956,0.9924668715432448,11.0,7.0,False,main,False
8320,3,3,8.95173131375196,1.0482686862480397,0.895173131375196,0.9933034129244279,9.0,6.0,False,main,False
8320,4,4,9.95173131375196,1.0482686862480397,0.9047028467047237,0.9939727245147676,7.0,5.0,False,main,False
8320,5,5,10.95173131375196,1.0482686862480397,0.9126442761459966,0.9945203964714053,5.0,4.0,False,main,False
8320,6,6,11.95173131375196,1.0482686862480397,0.9193639472116892,0.9949768273060624,4.0,3.0,False,main,False
8320,7,7,12.95173131375196,1.0482686862480397,0.9251236652679972,0.9953630651603236,2.0,2.0,False,main,False
8320,8,8,13.95173131375196,1.0482686862480397,0.9301154209167973,0.995694146289851,1.0,1.0,False,main,False
8320,9,9,14.95173131375196,1.0482686862480397,0.9344832071094975,0.9959810984801456,-1.0,-1.0,True,main,False
6430,0,1,5.8553150620417,2.1446849379583,0.7319143827552125,0.9372372866034034,31.0,13.0,False,main,True
1090,1,1,6.665423525930697,1.3345764740693031,0.8331779407413371,0.9814911996109443,15.0,8.0,False,main,True
871,1,1,6.968569385158868,1.031430614841132,0.8710711731448585,0.9918600833426701,13.0,8.0,False,main,True
871,2,2,7.968569385158868,1.031430614841132,0.8853965983509853,0.992876028030075,10.0,7.0,False,main,False
871,3,3,8.968569385158869,1.031430614841132,0.8968569385158869,0.9936665051429141,8.0,6.0,False,main,False
871,4,4,9.968569385158869,1.031430614841132,0.906233580468988,0.9942990762699163,7.0,5.0,False,main,False
871,5,5,10.968569385158869,1.031430614841132,0.9140474487632391,0.9948167606369497,5.0,4.0,False,main,False
871,6,6,11.968569385158869,1.031430614841132,0.9206591834737592,0.9952482515388834,4.0,3.0,False,main,False
871,7,7,12.968569385158869,1.031430614841132,0.9263263846542049,0.9956134214937793,2.0,2.0,False,main,False
871,8,8,13.968569385158869,1.031430614841132,0.9312379590105913,0.9959264699322724,1.0,1.0,False,main,False
871,9,9,14.968569385158869,1.031430614841132,0.9355355865724293,0.9961978127629872,-1.0,-1.0,True,main,False
6366,0,1,5.655821902293654,2.3441780977063464,0.7069777377867067,0.9233882689901084,36.0,14.0,False,main,True
4611,1,1,6.715866610282433,1.2841333897175669,0.8394833262853041,0.9834886895607587,15.0,8.0,False,main,True
5705,1,1,6.70283689286824,1.2971631071317598,0.83785461160853,0.9829826258926206,15.0,8.0,False,main,True
9988,0,1,5.715815209516089,2.2841847904839105,0.7144769011895111,0.9276594858175595,34.0,14.0,False,main,True
9988,0,2,5.715815209516089,3.2841847904839105,0.635090578835121,0.8672084771331996,59.0,19.0,False,main,False
9988,0,3,5.715815209516089,4.284184790483911,0.5715815209516089,0.8088946574433609,97.0,26.0,False,main,True
9988,0,4,5.715815209516089,5.284184790483911,0.5196195645014626,0.7553809128222881,159.0,35.0,False,main,True
6433,1,1,6.6437897304184075,1.3562102695815927,0.8304737163023009,0.9806032185768015,15.0,8.0,False,main,True
222,1,1,6.78142681634722,1.2185731836527804,0.8476783520434025,0.9859280355498096,14.0,8.0,False,main,True
11964,1,1,6.7188687714438595,1.28113122855614,0.8398585964304824,0.9836043037490803,15.0,8.0,False,main,True
11964,2,2,7.7188687714438595,1.28113122855614,0.8576520857159844,0.9856774179283616,12.0,7.0,False,main,False
11964,3,3,8.718868771443859,1.28113122855614,0.8718868771443861,0.9872849601076074,9.0,6.0,False,main,False
11964,4,4,9.718868771443859,1.28113122855614,0.8835335246767145,0.9885679712428105,7.0,5.0,False,main,False
11964,5,5,10.718868771443859,1.28113122855614,0.8932390642869884,0.9896157360921962,6.0,4.0,False,main,False
11964,6,6,11.718868771443859,1.28113122855614,0.90145144395722,0.9904875329450443,4.0,3.0,False,main,False
11964,7,7,12.718868771443859,1.28113122855614,0.9084906265317043,0.991224264076026,2.0,2.0,False,main,False
11964,8,8,13.718868771443859,1.28113122855614,0.9145912514295906,0.991855065136399,1.0,1.0,False,main,False
11964,9,9,14.718868771443859,1.28113122855614,0.9199292982152413,0.992401252976416,-1.0,-1.0,True,main,False
5626,1,1,6.68360090763923,1.3163990923607702,0.8354501134549037,0.9822228692119027,15.0,8.0,False,main,True
7547,0,1,5.744221959542863,2.2557780404571366,0.7180277449428579,0.9296504052026814,34.0,14.0,False,main,True
10601,0,1,5.736387092900728,2.2636129070992723,0.717048386612591,0.9291033308478435,34.0,14.0,False,main,True
10601,0,2,5.736387092900728,3.2636129070992723,0.6373763436556364,0.8688212631888971,58.0,19.0,False,main,False
10601,0,3,5.736387092900728,4.263612907099272,0.5736387092900728,0.8105433811638187,96.0,26.0,False,main,True
10601,0,4,5.736387092900728,5.263612907099272,0.521489735718248,0.7570095366325659,156.0,35.0,False,main,True
5861,0,1,5.638594457183857,2.3614055428161427,0.7048243071479822,0.9221452842713024,36.0,14.0,False,main,True
3440,1,1,6.790530693467949,1.2094693065320508,0.8488163366834937,0.9862524242652541,14.0,8.0,False,main,True
1569,1,1,6.722892980402679,1.2771070195973206,0.8403616225503349,0.983758695076551,15.0,8.0,False,main,True
5688,1,1,6.598597396269598,1.4014026037304013,0.8248246745336998,0.9786889679542579,16.0,8.0,False,main,True
5688,2,2,7.598597396269598,1.4014026037304013,0.844288599585511,0.9813998814327392,13.0,7.0,False,main,True
5688,3,3,8.598597396269598,1.4014026037304013,0.8598597396269598,0.9834986094686923,10.0,6.0,False,main,False
5688,4,4,9.598597396269598,1.4014026037304013,0.8725997632972362,0.9851715611328138,8.0,5.0,False,main,False
5688,5,5,10.598597396269598,1.4014026037304013,0.8832164496891332,0.9865364134896535,6.0,4.0,False,main,False
5688,6,6,11.598597396269598,1.4014026037304013,0.892199799713046,0.9876711248050127,4.0,3.0,False,main,False
5688,7,7,12.598597396269598,1.4014026037304013,0.899899814019257,0.9886293919983009,2.0,2.0,False,main,False
5688,8,8,13.598597396269598,1.4014026037304013,0.9065731597513066,0.9894494092020095,1.0,1.0,False,main,False
5688,9,9,14.598597396269598,1.4014026037304013,0.9124123372668499,0.990159086860305,-1.0,-1.0,True,main,False
3956,1,1,6.622186114822207,1.377813885177793,0.8277732643527759,0.9796980566471207,16.0,8.0,False,main,True
8233,0,1,5.609827153503591,2.3901728464964087,0.7012283941879489,0.9200534912372631,37.0,14.0,False,main,True
8233,0,2,5.609827153503591,3.3901728464964087,0.6233141281670657,0.8587944665852365,64.0,20.0,False,main,False
8233,0,3,5.609827153503591,4.390172846496409,0.5609827153503592,0.8003257942269754,106.0,27.0,False,main,False
8233,0,4,5.609827153503591,5.390172846496409,0.5099842866821447,0.7469329344756378,175.0,37.0,False,main,False
8233,0,5,5.609827153503591,6.390172846496409,0.4674855961252993,0.698922142188559,291.0,48.0,False,main,False
8233,0,6,5.609827153503591,7.390172846496409,0.4315251656541224,0.6559478451244886,500.0,63.0,False,main,True
8233,0,7,5.609827153503591,8.390172846496409,0.40070193953597083,0.6174769101153688,902.0,81.0,False,main,True
8233,0,8,5.609827153503591,9.390172846496409,0.3739884769002394,0.5829588731535231,-1.0,105.0,False,main,True
8233,0,9,5.609827153503591,10.390172846496409,0.35061419709397446,0.5518864106508952,-1.0,136.0,False,main,True
195,0,1,5.590353478948682,2.4096465210513185,0.6987941848685852,0.9186260660916175,37.0,14.0,False,main,True
4002,0,1,5.659521708568187,2.340478291431813,0.7074402135710234,0.9236542624605144,36.0,14.0,False,main,True
9649,1,1,6.711868479468271,1.2881315205317287,0.8389835599335339,0.983334145141274,15.0,8.0,False,main,True
9649,2,2,7.711868479468271,1.2881315205317287,0.8568742754964745,0.9854421661367866,12.0,7.0,False,main,False
9649,3,3,8.711868479468272,1.2881315205317287,0.8711868479468272,0.9870766220578314,10.0,6.0,False,main,False
9649,4,4,9.711868479468272,1.2881315205317287,0.8828971344971156,0.9883810183824413,7.0,5.0,False,main,False
9649,5,5,10.711868479468272,1.2881315205317287,0.892655706622356,0.989446185290134,6.0,4.0,False,main,False
9649,6,6,11.711868479468272,1.2881315205317287,0.9009129599590978,0.990332419422882,4.0,3.0,False,main,False
9649,7,7,12.711868479468272,1.2881315205317287,0.9079906056763052,0.9910813214375352,2.0,2.0,False,main,False
9649,8,8,13.711868479468272,1.2881315205317287,0.9141245652978848,0.9917225219411442,1.0,1.0,False,main,False
9649,9,9,14.711868479468272,1.2881315205317287,0.919491779966767,0.9922776983678485,-1.0,-1.0,True,main,False
11984,1,1,6.6630058901778275,1.3369941098221725,0.8328757362722284,0.9813928886240977,15.0,8.0,False,main,True
11460,1,1,6.810604955434966,1.1893950445650332,0.8513256194293708,0.9869551275078096,14.0,8.0,False,main,True
2123,1,1,6.663066863662307,1.3369331363376933,0.8328833579577883,0.9813953709224977,15.0,8.0,False,main,True
2123,2,2,7.663066863662307,1.3369331363376933,0.8514518737402563,0.9837544153104402,12.0,7.0,False,main,False
2123,3,3,8.663066863662307,1.3369331363376933,0.8663066863662306,0.9855823059277247,10.0,6.0,False,main,False
2123,4,4,9.663066863662307,1.3369331363376933,0.8784606239693006,0.987040335638022,8.0,5.0,False,main,False
2123,5,5,10.663066863662307,1.3369331363376933,0.8885889053051922,0.9882304777741687,6.0,4.0,False,main,False
2123,6,6,11.663066863662307,1.3369331363376933,0.8971589895124852,0.9892203662066061,4.0,3.0,False,main,False
2123,7,7,12.663066863662307,1.3369331363376933,0.9045047759758791,0.9900566303830769,2.0,2.0,False,main,False
2123,8,8,13.663066863662307,1.3369331363376933,0.9108711242441537,0.9907724631267684,1.0,1.0,False,main,False
2123,9,9,14.663066863662307,1.3369331363376933,0.9164416789788942,0.9913921359252088,-1.0,-1.0,True,main,False
7218,1,1,6.9326380601602295,1.06736193983977,0.8665797575200287,0.9908441374851141,13.0,8.0,False,main,True
3452,1,1,6.930856046757623,1.069143953242377,0.8663570058447029,0.9907921929272724,13.0,8.0,False,main,True
3452,2,2,7.930856046757623,1.069143953242377,0.8812062274175136,0.9919437327928579,11.0,7.0,False,main,False
3452,3,3,8.930856046757622,1.069143953242377,0.8930856046757623,0.9928392450680376,9.0,6.0,False,main,False
3452,4,4,9.930856046757622,1.069143953242377,0.9028050951597838,0.9935555775661389,7.0,5.0,False,main,False
3452,5,5,10.930856046757622,1.069143953242377,0.9109046705631352,0.994141619026793,5.0,4.0,False,main,False
3452,6,6,11.930856046757622,1.069143953242377,0.917758157442894,0.994629954705403,4.0,3.0,False,main,False
3452,7,7,12.930856046757622,1.069143953242377,0.9236325747684015,0.9950431397295852,2.0,2.0,False,main,False
3452,8,8,13.930856046757622,1.069143953242377,0.9287237364505081,0.9953972826860268,1.0,1.0,False,main,False
3452,9,9,14.930856046757622,1.069143953242377,0.9331785029223514,0.9957041952134608,-1.0,-1.0,True,main,False
10116,1,1,6.883539691599198,1.1164603084008013,0.8604424614498998,0.9893597800906166,13.0,8.0,False,main,True
10116,2,2,7.883539691599198,1.1164603084008013,0.8759488546221331,0.9906937850227426,11.0,7.0,False,main,False
10116,3,3,8.883539691599198,1.1164603084008013,0.8883539691599198,0.9917305189802862,9.0,6.0,False,main,False
10116,4,4,9.883539691599198,1.1164603084008013,0.8985036083271999,0.9925593958443716,7.0,5.0,False,main,False
10116,5,5,10.883539691599198,1.1164603084008013,0.9069616409665998,0.9932372355328757,5.0,4.0,False,main,False
10116,6,6,11.883539691599198,1.1164603084008013,0.914118437815323,0.9938018763389809,4.0,3.0,False,main,False
10116,7,7,12.883539691599198,1.1164603084008013,0.9202528351142284,0.9942794908159254,2.0,2.0,False,main,False
10116,8,8,13.883539691599198,1.1164603084008013,0.9255693127732799,0.9946887600347085,1.0,1.0,False,main,False
10116,9,9,14.883539691599198,1.1164603084008013,0.9302212307249499,0.9950433751000304,-1.0,-1.0,True,main,False
1491,1,1,6.921923341354279,1.0780766586457216,0.8652404176692848,0.9905296061835671,13.0,8.0,False,main,True
1491,2,2,7.921923341354279,1.0780766586457216,0.8802137045949199,0.9917145462105604,11.0,7.0,False,main,False
1491,3,3,8.92192334135428,1.0780766586457216,0.8921923341354278,0.9926359190958162,9.0,6.0,False,main,False
1491,4,4,9.92192334135428,1.0780766586457216,0.9019930310322071,0.9933728670085576,7.0,5.0,False,main,False
1491,5,5,10.92192334135428,1.0780766586457216,0.9101602784461899,0.9939757277439966,5.0,4.0,False,main,False
1491,6,6,11.92192334135428,1.0780766586457216,0.9170710262580214,0.9944780468059293,4.0,3.0,False,main,False
1491,7,7,12.92192334135428,1.0780766586457216,0.9229945243824484,0.9949030408610523,2.0,2.0,False,main,False
1491,8,8,13.92192334135428,1.0780766586457216,0.9281282227569518,0.9952672891045726,1.0,1.0,False,main,False
1491,9,9,14.92192334135428,1.0780766586457216,0.9326202088346425,0.9955829471040728,-1.0,-1.0,True,main,False
6763,1,1,6.722769721259807,1.2772302787401926,0.8403462151574759,0.9837539760755893,15.0,8.0,False,main,True
6312,1,1,6.827501140531755,1.1724988594682453,0.8534376425664694,0.9875330500802479,14.0,8.0,False,main,True
5622,1,1,6.747230748077377,1.2527692519226226,0.8434038435096721,0.9846781300219307,14.0,8.0,False,main,True
7015,1,1,6.944785901447296,1.0552140985527045,0.868098237680912,0.9911943286958609,13.0,8.0,False,main,True
4423,1,1,6.733263128366187,1.266736871633813,0.8416578910457734,0.9841534683993542,15.0,8.0,False,main,True
1490,1,1,6.715578166382873,1.2844218336171274,0.8394472707978591,0.9834775619760132,15.0,8.0,False,main,True
3990,1,1,6.669409961185162,1.330590038814838,0.8336762451481452,0.9816527945394031,15.0,8.0,False,main,True
3680,0,1,5.792446822871552,2.207553177128448,0.724055852858944,0.9329831735250679,33.0,14.0,False,main,True
8746,0,1,5.7609084719775545,2.2390915280224455,0.7201135589971943,0.930810340565051,33.0,14.0,False,main,True
2357,0,1,5.637429598224277,2.362570401775723,0.7046786997780347,0.9220609750501911,36.0,14.0,False,main,True
6458,1,1,6.9535667828321275,1.0464332171678727,0.8691958478540159,0.9914431972968972,13.0,8.0,False,main,True
11481,1,1,6.8542873768699994,1.1457126231300006,0.8567859221087499,0.9884236145288207,14.0,8.0,False,main,True
11481,2,2,7.8542873768699994,1.1457126231300006,0.8726985974299999,0.9898772121785105,11.0,7.0,False,main,False
11481,3,3,8.85428737687,1.1457126231300006,0.8854287376869999,0.9910064365497001,9.0,6.0,False,main,False
11481,4,4,9.85428737687,1.1457126231300006,0.8958443069881817,0.9919089787480552,7.0,5.0,False,main,False
11481,5,5,10.85428737687,1.1457126231300006,0.9045239480724999,0.9926468762096441,5.0,4.0,False,main,False
11481,6,6,11.85428737687,1.1457126231300006,0.9118682597592307,0.9932614194252887,4.0,3.0,False,main,False
11481,7,7,12.85428737687,1.1457126231300006,0.9181633840621428,0.9937811562980661,2.0,2.0,False,main,False
11481,8,8,13.85428737687,1.1457126231300006,0.9236191584579999,0.9942264559497981,1.0,1.0,False,main,False
11481,9,9,14.85428737687,1.1457126231300006,0.928392961054375,0.9946122420765572,-1.0,-1.0,True,main,False
9153,0,1,5.6562500216564375,2.343749978343562,0.7070312527070547,0.923419065428911,36.0,14.0,False,main,True
11448,0,1,5.776978036129823,2.2230219638701763,0.7221222545162279,0.9319206529675759,33.0,14.0,False,main,True
9753,1,1,6.913206686773142,1.0867933132268583,0.8641508358466428,0.9902698386076256,13.0,8.0,False,main,True
9753,2,2,7.913206686773142,1.0867933132268583,0.879245187419238,0.9914878421647422,11.0,7.0,False,main,False
9753,3,3,8.913206686773142,1.0867933132268583,0.8913206686773142,0.9924348105160533,9.0,6.0,False,main,False
9753,4,4,9.913206686773142,1.0867933132268583,0.9012006078884675,0.9931921596886614,7.0,5.0,False,main,False
9753,5,5,10.913206686773142,1.0867933132268583,0.9094338905644285,0.9938116631596287,5.0,4.0,False,main,False
9753,6,6,11.913206686773142,1.0867933132268583,0.9164005143671647,0.994327817594915,4.0,3.0,False,main,False
9753,7,7,12.913206686773142,1.0867933132268583,0.9223719061980816,0.9947644948156308,2.0,2.0,False,main,False
9753,8,8,13.913206686773142,1.0867933132268583,0.9275471124515428,0.9951387400100529,1.0,1.0,False,main,False
9753,9,9,14.913206686773142,1.0867933132268583,0.9320754179233214,0.9954630492563904,-1.0,-1.0,True,main,False
7793,1,1,6.71228407199623,1.2877159280037707,0.8390355089995287,0.9833502400808173,15.0,8.0,False,main,True
7793,2,2,7.71228407199623,1.2877159280037707,0.8569204524440255,0.9854561809691529,12.0,7.0,False,main,False
7793,3,3,8.71228407199623,1.2877159280037707,0.871228407199623,0.9870890331978077,9.0,6.0,False,main,False
7793,4,4,9.71228407199623,1.2877159280037707,0.8829349156360209,0.9883921553209063,7.0,5.0,False,main,False
7793,5,5,10.71228407199623,1.2877159280037707,0.8926903393330191,0.9894562853971316,6.0,4.0,False,main,False
7793,6,6,11.71228407199623,1.2877159280037707,0.9009449286150946,0.9903416593709353,4.0,3.0,False,main,False
7793,7,7,12.71228407199623,1.2877159280037707,0.9080202908568735,0.9910898362760021,2.0,2.0,False,main,False
7793,8,8,13.71228407199623,1.2877159280037707,0.9141522714664153,0.9917304172220299,1.0,1.0,False,main,False
7793,9,9,14.71228407199623,1.2877159280037707,0.9195177544997644,0.9922850581548742,-1.0,-1.0,True,main,False
5010,1,1,6.919793848784943,1.080206151215057,0.8649742310981179,0.9904664660204504,13.0,8.0,False,main,True
3784,1,1,6.859815995403683,1.1401840045963165,0.8574769994254604,0.9886034755915124,14.0,8.0,False,main,True
3864,1,1,6.742499679535054,1.2575003204649462,0.8428124599418817,0.9845013293440174,14.0,8.0,False,main,True
7309,1,1,6.719521575874641,1.2804784241253588,0.8399401969843301,0.9836293943565018,15.0,8.0,False,main,True
10538,1,1,6.596083675247201,1.4039163247527988,0.8245104594059002,0.9785801691321565,16.0,8.0,False,main,True
10538,2,2,7.596083675247201,1.4039163247527988,0.8440092972496891,0.9813052621349458,13.0,7.0,False,main,False
10538,3,3,8.5960836752472,1.4039163247527988,0.85960836752472,0.9834148970661907,10.0,6.0,False,main,False
10538,4,4,9.5960836752472,1.4039163247527988,0.8723712432042909,0.9850964994424781,8.0,5.0,False,main,False
10538,5,5,10.5960836752472,1.4039163247527988,0.8830069729372667,0.9864683811289003,6.0,4.0,False,main,False
10538,6,6,11.5960836752472,1.4039163247527988,0.8920064365574769,0.9876089173681629,4.0,3.0,False,main,False
10538,7,7,12.5960836752472,1.4039163247527988,0.8997202625176571,0.9885720903133177,2.0,2.0,False,main,False
10538,8,8,13.5960836752472,1.4039163247527988,0.9064055783498134,0.9893962958244853,1.0,1.0,False,main,False
10538,9,9,14.5960836752472,1.4039163247527988,0.91225522970295,0.9901095910510138,-1.0,-1.0,True,main,False
9106,0,1,5.632041668883092,2.367958331116908,0.7040052086103865,0.9216705796389936,36.0,14.0,False,main,True
4356,1,1,6.85277529567634,1.1472247043236603,0.8565969119595425,0.9883741860023926,14.0,8.0,False,main,True
9468,0,1,5.711217484773573,2.288782515226427,0.7139021855966966,0.9273353331783366,34.0,14.0,False,main,True
9468,0,2,5.711217484773573,3.288782515226427,0.634579720530397,0.8668471168185703,59.0,19.0,False,main,False
9468,0,3,5.711217484773573,4.288782515226427,0.5711217484773573,0.8085255305127866,98.0,26.0,False,main,True
9468,0,4,5.711217484773573,5.288782515226427,0.5192015895248703,0.7550164291491311,159.0,35.0,False,main,True
3747,1,1,6.653158928613439,1.346841071386561,0.8316448660766799,0.9809900662459603,15.0,8.0,False,main,True
1355,1,1,6.588881763727095,1.4111182362729053,0.8236102204658868,0.9782671149423957,16.0,8.0,False,main,True
7708,1,1,6.678881737882522,1.3211182621174786,0.8348602172353152,0.9820341906541237,15.0,8.0,False,main,True
7708,2,2,7.678881737882522,1.3211182621174786,0.8532090819869469,0.9843104247834696,12.0,7.0,False,main,False
7708,3,3,8.678881737882522,1.3211182621174786,0.8678881737882522,0.9860745238763229,10.0,6.0,False,main,False
7708,4,4,9.678881737882522,1.3211182621174786,0.879898339807502,0.9874819005724482,8.0,5.0,False,main,False
7708,5,5,10.678881737882522,1.3211182621174786,0.8899068114902101,0.9886308465115171,6.0,4.0,False,main,False
7708,6,6,11.678881737882522,1.3211182621174786,0.8983755182986555,0.9895865724051615,4.0,3.0,False,main,False
7708,7,7,12.678881737882522,1.3211182621174786,0.9056344098487515,0.9903940474995048,2.0,2.0,False,main,False
7708,8,8,13.678881737882522,1.3211182621174786,0.9119254491921681,0.991085288929781,1.0,1.0,False,main,False
7708,9,9,14.678881737882522,1.3211182621174786,0.9174301086176576,0.991683712238804,-1.0,-1.0,True,main,False
5916,1,1,6.752746371776383,1.247253628223617,0.8440932964720479,0.984883066978187,14.0,8.0,False,main,True
9622,1,1,6.895040312788876,1.1049596872111236,0.8618800390986096,0.9897173097187434,13.0,8.0,False,main,True
9622,2,2,7.895040312788876,1.1049596872111236,0.8772267014209862,0.9910057110836596,11.0,7.0,False,main,False
9622,3,3,8.895040312788876,1.1049596872111236,0.8895040312788876,0.9920071618485056,9.0,6.0,False,main,False
9622,4,4,9.895040312788876,1.1049596872111236,0.8995491193444433,0.9928079280088029,7.0,5.0,False,main,False
9622,5,5,10.895040312788876,1.1049596872111236,0.9079200260657396,0.9934628438498941,5.0,4.0,False,main,False
9622,6,6,11.895040312788876,1.1049596872111236,0.9150031009837597,0.9940084331435061,4.0,3.0,False,main,False
9622,7,7,12.895040312788876,1.1049596872111236,0.9210743080563483,0.9944699635618292,2.0,2.0,False,main,False
9622,8,8,13.895040312788876,1.1049596872111236,0.9263360208525917,0.9948654728841522,1.0,1.0,False,main,False
9622,9,9,14.895040312788876,1.1049596872111236,0.9309400195493047,0.995208182348368,-1.0,-1.0,True,main,False
1591,0,1,5.623248533755871,2.376751466244129,0.7029060667194839,0.9210319279614015,37.0,14.0,False,main,True
10926,0,1,5.652218997254774,2.347781002745226,0.7065273746568468,0.9231289178336868,36.0,14.0,False,main,True
10926,0,2,5.652218997254774,3.347781002745226,0.6280243330283083,0.8621807590235165,62.0,20.0,False,main,False
10926,0,3,5.652218997254774,4.347781002745226,0.5652218997254774,0.8037680068057583,102.0,27.0,False,main,True
10926,0,4,5.652218997254774,5.347781002745226,0.5138380906595249,0.7503233433021058,168.0,36.0,False,main,True
2608,1,1,6.780992460507557,1.2190075394924436,0.8476240575634446,0.9859124701072687,14.0,8.0,False,main,True
4872,1,1,6.911587644174207,1.0884123558257928,0.8639484555217759,0.9902212060519405,13.0,8.0,False,main,True
9419,1,1,6.734030558290626,1.2659694417093745,0.8417538197863282,0.9841825060110896,15.0,8.0,False,main,True
5965,1,1,6.5908318522609255,1.4091681477390745,0.8238539815326157,0.9783520778140216,16.0,8.0,False,main,True
8176,1,1,6.773849898532124,1.2261501014678768,0.8467312373165155,0.9856553589030398,14.0,8.0,False,main,True
8176,2,2,7.773849898532124,1.2261501014678768,0.8637610998369026,0.9874640576619608,12.0,7.0,False,main,False
8176,3,3,8.773849898532124,1.2261501014678768,0.8773849898532123,0.9888676062698677,9.0,6.0,False,main,False
8176,4,4,9.773849898532124,1.2261501014678768,0.8885318089574658,0.9899884510521325,7.0,5.0,False,main,False
8176,5,5,10.773849898532124,1.2261501014678768,0.897820824877677,0.9909042044732732,5.0,4.0,False,main,False
8176,6,6,11.773849898532124,1.2261501014678768,0.905680761425548,0.991666447068842,4.0,3.0,False,main,False
8176,7,7,12.773849898532124,1.2261501014678768,0.9124178498951517,0.9923107985320783,2.0,2.0,False,main,False
8176,8,8,13.773849898532124,1.2261501014678768,0.9182566599021416,0.992862648616141,1.0,1.0,False,main,False
8176,9,9,14.773849898532124,1.2261501014678768,0.9233656186582577,0.9933405839741312,-1.0,-1.0,True,main,False
4544,1,1,6.730267698890263,1.2697323011097363,0.8412834623612829,0.9840398950403904,15.0,8.0,False,main,True
1278,0,1,5.710995615096969,2.2890043849030306,0.7138744518871212,0.9273196772899815,34.0,14.0,False,main,True
1763,0,1,5.713468124934867,2.2865318750651333,0.7141835156168583,0.927494076141446,34.0,14.0,False,main,True
4045,1,1,6.696888405299051,1.3031115947009488,0.8371110506623813,0.9827492853429922,15.0,8.0,False,main,True
12024,0,1,5.607021231255485,2.3929787687445154,0.7008776539069356,0.9198483825554341,37.0,14.0,False,main,True
1496,0,1,5.613305195826775,2.386694804173225,0.7016631494783468,0.920307465653807,37.0,14.0,False,main,True
5729,1,1,6.774839227281008,1.2251607727189913,0.846854903410126,0.9856911013116528,14.0,8.0,False,main,True
2673,1,1,6.800969658259842,1.1990303417401584,0.8501212072824802,0.9866200104447366,14.0,8.0,False,main,True
7927,1,1,6.723667392980361,1.2763326070196392,0.8404584241225451,0.9837883292703765,15.0,8.0,False,main,True
7927,2,2,7.723667392980361,1.2763326070196392,0.8581852658867067,0.9858376760835318,12.0,7.0,False,main,False
7927,3,3,8.72366739298036,1.2763326070196392,0.872366739298036,0.9874268910665552,9.0,6.0,False,main,False
7927,4,4,9.72366739298036,1.2763326070196392,0.8839697629982145,0.9886953384089238,7.0,5.0,False,main,False
7927,5,5,10.72366739298036,1.2763326070196392,0.89363894941503,0.9897312512112764,6.0,4.0,False,main,False
7927,6,6,11.72366739298036,1.2763326070196392,0.901820568690797,0.9905932146654165,4.0,3.0,False,main,False
7927,7,7,12.72366739298036,1.2763326070196392,0.9088333852128828,0.9913216556620666,2.0,2.0,False,main,False
7927,8,8,13.72366739298036,1.2763326070196392,0.914911159532024,0.9919453729042004,1.0,1.0,False,main,False
7927,9,9,14.72366739298036,1.2763326070196392,0.9202292120612725,0.9924854377478733,-1.0,-1.0,True,main,False
9770,1,1,6.748238654405634,1.2517613455943657,0.8435298318007043,0.9847156746805621,14.0,8.0,False,main,True
9770,2,2,7.748238654405634,1.2517613455943657,0.8609154060450704,0.9866453813713819,12.0,7.0,False,main,False
9770,3,3,8.748238654405634,1.2517613455943657,0.8748238654405635,0.9881423140298069,9.0,6.0,False,main,False
9770,4,4,9.748238654405634,1.2517613455943657,0.8862035140368758,0.9893374122734722,7.0,5.0,False,main,False
9770,5,5,10.748238654405634,1.2517613455943657,0.8956865545338029,0.9903136227256455,5.0,4.0,False,main,False
9770,6,6,11.748238654405634,1.2517613455943657,0.9037106657235103,0.9911260451485207,4.0,3.0,False,main,False
9770,7,7,12.748238654405634,1.2517613455943657,0.9105884753146881,0.9918127150811423,2.0,2.0,False,main,False
9770,8,8,13.748238654405634,1.2517613455943657,0.9165492436270423,0.9924007358158702,1.0,1.0,False,main,False
9770,9,9,14.748238654405634,1.2517613455943657,0.9217649159003521,0.992909943195814,-1.0,-1.0,True,main,False
3656,1,1,6.807793505337704,1.192206494662296,0.850974188167213,0.9868577597425405,14.0,8.0,False,main,True
560,0,1,5.628675998740114,2.3713240012598855,0.7035844998425143,0.9214263516307969,36.0,14.0,False,main,True
2265,1,1,6.765515583184357,1.234484416815643,0.8456894478980447,0.9853526091739558,14.0,8.0,False,main,True
3837,0,1,5.694832272402581,2.305167727597419,0.7118540340503227,0.9261758141811814,35.0,14.0,False,main,True
2431,1,1,6.696600329836262,1.3033996701637376,0.8370750412295328,0.9827379484787032,15.0,8.0,False,main,True
7427,1,1,6.875311873636906,1.1246881263630946,0.8594139842046132,0.9891003362194779,13.0,8.0,False,main,True
6110,0,1,5.62903642452909,2.3709635754709097,0.7036295530661363,0.9214525189631181,36.0,14.0,False,main,True
1625,1,1,6.851215331304527,1.1487846686954737,0.8564019164130658,0.9883230859680131,14.0,8.0,False,main,True
8992,1,1,6.8769809126651085,1.1230190873348913,0.8596226140831386,0.9891532112176962,13.0,8.0,False,main,True
6371,1,1,6.619426958724183,1.3805730412758168,0.8274283698405229,0.9795811378885197,16.0,8.0,False,main,True
10316,1,1,6.5910330444608825,1.408966955539118,0.8238791305576103,0.9783608352257613,16.0,8.0,False,main,True
10316,2,2,7.5910330444608825,1.408966955539118,0.8434481160512092,0.9811145214234723,13.0,7.0,False,main,False
10316,3,3,8.591033044460882,1.408966955539118,0.8591033044460883,0.9832461485838797,10.0,6.0,False,main,False
10316,4,4,9.591033044460882,1.408966955539118,0.8719120949509893,0.9849451928967228,8.0,5.0,False,main,False
10316,5,5,10.591033044460882,1.408966955539118,0.8825860870384069,0.9863312467656489,6.0,4.0,False,main,False
10316,6,6,11.591033044460882,1.408966955539118,0.891617926496991,0.9874835264858137,4.0,3.0,False,main,False
10316,7,7,12.591033044460882,1.408966955539118,0.8993595031757773,0.9884565894863425,2.0,2.0,False,main,False
10316,8,8,13.591033044460882,1.408966955539118,0.9060688696307255,0.9892892384562825,1.0,1.0,False,main,False
10316,9,9,14.591033044460882,1.408966955539118,0.9119395652788052,0.9900098263922584,-1.0,-1.0,True,main,False
2384,1,1,6.849383041681844,1.150616958318156,0.8561728802102305,0.9882629276367881,14.0,8.0,False,main,True
10211,1,1,6.947809706307077,1.0521902936929224,0.8684762132883846,0.9912804343012039,13.0,8.0,False,main,True
10211,2,2,7.947809706307077,1.0521902936929224,0.883089967367453,0.9923699319271592,11.0,7.0,False,main,False
10211,3,3,8.947809706307076,1.0521902936929224,0.8947809706307078,0.9932173946370713,9.0,6.0,False,main,False
10211,4,4,9.947809706307076,1.0521902936929224,0.9043463369370071,0.9938954155875964,7.0,5.0,False,main,False
10211,5,5,10.947809706307076,1.0521902936929224,0.9123174755255898,0.9944501952167669,5.0,4.0,False,main,False
10211,6,6,11.947809706307076,1.0521902936929224,0.9190622851005444,0.9949125367046081,4.0,3.0,False,main,False
10211,7,7,12.947809706307076,1.0521902936929224,0.9248435504505056,0.9953037671198054,2.0,2.0,False,main,False
10211,8,8,13.947809706307076,1.0521902936929224,0.9298539804204718,0.9956391212254208,1.0,1.0,False,main,False
10211,9,9,14.947809706307076,1.0521902936929224,0.9342381066441924,0.9959297719306761,-1.0,-1.0,True,main,False
7575,1,1,6.916101254383552,1.0838987456164486,0.864512656797944,0.9903564864492191,13.0,8.0,False,main,True
9542,0,1,5.714093508173265,2.285906491826735,0.7142616885216582,0.9275381632779084,34.0,14.0,False,main,True
9542,0,2,5.714093508173265,3.285906491826735,0.6348992786859183,0.8670731980892067,59.0,19.0,False,main,False
9542,0,3,5.714093508173265,4.285906491826735,0.5714093508173266,0.8087564587351003,97.0,26.0,False,main,True
9542,0,4,5.714093508173265,5.285906491826735,0.5194630461975696,0.7552444464187008,159.0,35.0,False,main,True
5297,1,1,6.829677267103794,1.170322732896206,0.8537096583879743,0.9876065775404402,14.0,8.0,False,main,True
5297,2,2,7.829677267103794,1.170322732896206,0.8699641407893105,0.9891647593670477,11.0,7.0,False,main,False
5297,3,3,8.829677267103794,1.170322732896206,0.8829677267103794,0.9903748235409519,9.0,6.0,False,main,False
5297,4,4,9.829677267103794,1.170322732896206,0.8936070242821631,0.9913417250277815,7.0,5.0,False,main,False
5297,5,5,10.829677267103794,1.170322732896206,0.9024731055919828,0.992132075843494,5.0,4.0,False,main,False
5297,6,6,11.829677267103794,1.170322732896206,0.9099751743925995,0.9927901911020007,4.0,3.0,False,main,False
5297,7,7,12.829677267103794,1.170322732896206,0.9164055190788424,0.9933466986480541,2.0,2.0,False,main,False
5297,8,8,13.829677267103794,1.170322732896206,0.9219784844735862,0.9938234450132639,1.0,1.0,False,main,False
5297,9,9,14.829677267103794,1.170322732896206,0.9268548291939871,0.9942364322437586,-1.0,-1.0,True,main,False
1007,1,1,6.954612745701384,1.0453872542986162,0.869326593212673,0.9914726029263685,13.0,8.0,False,main,True
1007,2,2,7.954612745701384,1.0453872542986162,0.8838458606334871,0.9925377030825832,11.0,7.0,False,main,False
1007,3,3,8.954612745701384,1.0453872542986162,0.8954612745701385,0.9933662663097913,9.0,6.0,False,main,False
1007,4,4,9.954612745701384,1.0453872542986162,0.9049647950637622,0.9940292152783619,7.0,5.0,False,main,False
1007,5,5,10.954612745701384,1.0453872542986162,0.9128843954751154,0.9945716945065863,5.0,4.0,False,main,False
1007,6,6,11.954612745701384,1.0453872542986162,0.9195855958231834,0.9950238069827919,4.0,3.0,False,main,False
1007,7,7,12.954612745701384,1.0453872542986162,0.9253294818358132,0.9954063971371557,2.0,2.0,False,main,False
1007,8,8,13.954612745701384,1.0453872542986162,0.9303075163800922,0.9957343562387652,1.0,1.0,False,main,False
1007,9,9,14.954612745701384,1.0453872542986162,0.9346632966063365,0.9960186060716832,-1.0,-1.0,True,main,False
3394,1,1,6.947871546203594,1.0521284537964062,0.8684839432754492,0.991282190817271,13.0,8.0,False,main,True
3394,2,2,7.947871546203594,1.0521284537964062,0.883096838467066,0.9923714653816196,11.0,7.0,False,main,False
3394,3,3,8.947871546203594,1.0521284537964062,0.8947871546203594,0.9932187553086046,9.0,6.0,False,main,False
3394,4,4,9.947871546203594,1.0521284537964062,0.9043519587457812,0.993896638475185,7.0,5.0,False,main,False
3394,5,5,10.947871546203594,1.0521284537964062,0.9123226288502995,0.9944513056621428,5.0,4.0,False,main,False
3394,6,6,11.947871546203594,1.0521284537964062,0.919067042015661,0.994913553646252,4.0,3.0,False,main,False
3394,7,7,12.947871546203594,1.0521284537964062,0.924847967585971,0.9953047050827906,2.0,2.0,False,main,False
3394,8,8,13.947871546203594,1.0521284537964062,0.9298581030802395,0.9956399915939866,1.0,1.0,False,main,False
3394,9,9,14.947871546203594,1.0521284537964062,0.9342419716377246,0.9959305837929446,-1.0,-1.0,True,main,False
4719,1,1,6.817270237134272,1.182729762865728,0.852158779641784,0.9871845933438657,14.0,8.0,False,main,True
3168,1,1,6.632699768922109,1.3673002310778912,0.8290874711152636,0.9801408491586493,15.0,8.0,False,main,True
3168,2,2,7.632699768922109,1.3673002310778912,0.8480777521024565,0.9826627926569198,12.0,7.0,False,main,False
3168,3,3,8.632699768922109,1.3673002310778912,0.8632699768922109,0.9846161119055901,10.0,6.0,False,main,False
3168,4,4,9.632699768922109,1.3673002310778912,0.875699978992919,0.9861737015065868,8.0,5.0,False,main,False
3168,5,5,10.632699768922109,1.3673002310778912,0.8860583140768424,0.9874447930337753,6.0,4.0,False,main,False
3168,6,6,11.632699768922109,1.3673002310778912,0.8948230591478545,0.9885017945034493,4.0,3.0,False,main,False
3168,7,7,12.632699768922109,1.3673002310778912,0.9023356977801507,0.9893946046852516,2.0,2.0,False,main,False
3168,8,8,13.632699768922109,1.3673002310778912,0.9088466512614739,0.9901587306547021,1.0,1.0,False,main,False
3168,9,9,14.632699768922109,1.3673002310778912,0.9145437355576318,0.9908201281833531,-1.0,-1.0,True,main,False
1610,1,1,6.786898711868824,1.2131012881311756,0.848362338983603,0.9861234347739251,14.0,8.0,False,main,True
1875,1,1,6.921462007347398,1.0785379926526013,0.8651827509184248,0.9905159451367109,13.0,8.0,False,main,True
11274,1,1,6.9102874970029395,1.089712502997061,0.8637859371253674,0.9901820657257394,13.0,8.0,False,main,True
8594,0,1,5.598139257485842,2.401860742514158,0.6997674071857303,0.9191978660050402,37.0,14.0,False,main,True
4875,1,1,6.646673019184032,1.3533269808159685,0.830834127398004,0.9807226371930504,15.0,8.0,False,main,True
3862,1,1,6.698886391971175,1.3011136080288246,0.8373607989963969,0.9828278208210772,15.0,8.0,False,main,True
10205,1,1,6.60952009099323,1.3904799090067708,0.8261900113741537,0.979158899539575,16.0,8.0,False,main,True
10205,2,2,7.60952009099323,1.3904799090067708,0.845502232332581,0.9818085976885851,13.0,7.0,False,main,False
10205,3,3,8.609520090993229,1.3904799090067708,0.8609520090993229,0.9838602325440504,10.0,6.0,False,main,False
10205,4,4,9.609520090993229,1.3904799090067708,0.873592735544839,0.9854958287949085,8.0,5.0,False,main,False
10205,5,5,10.609520090993229,1.3904799090067708,0.8841266742494357,0.9868303246948987,6.0,4.0,False,main,False
10205,6,6,11.609520090993229,1.3904799090067708,0.8930400069994792,0.9879398791615306,4.0,3.0,False,main,False
10205,7,7,12.609520090993229,1.3904799090067708,0.9006800064995163,0.9888769580890252,2.0,2.0,False,main,False
10205,8,8,13.609520090993229,1.3904799090067708,0.9073013393995486,0.98967888488047,1.0,1.0,False,main,False
10205,9,9,14.609520090993229,1.3904799090067708,0.9130950056870768,0.9903729366845254,-1.0,-1.0,True,main,False
1167,0,1,5.592556053411716,2.407443946588284,0.6990695066764645,0.918787975076934,37.0,14.0,False,main,True
1968,1,1,6.695031998307885,1.3049680016921146,0.8368789997884857,0.9826761695051425,15.0,8.0,False,main,True
10690,1,1,6.767154022144969,1.2328459778550307,0.8458942527681211,0.985412358943288,14.0,8.0,False,main,True
10690,2,2,7.767154022144969,1.2328459778550307,0.8630171135716632,0.9872523280541843,12.0,7.0,False,main,False
10690,3,3,8.767154022144968,1.2328459778550307,0.876715402214497,0.9886800131483164,9.0,6.0,False,main,False
10690,4,4,9.767154022144968,1.2328459778550307,0.88792309292227,0.9898200526476777,7.0,5.0,False,main,False
10690,5,5,10.767154022144968,1.2328459778550307,0.8972628351787475,0.9907514361958986,5.0,4.0,False,main,False
10690,6,6,11.767154022144968,1.2328459778550307,0.9051656940111515,0.9915266531577991,4.0,3.0,False,main,False
10690,7,7,12.767154022144968,1.2328459778550307,0.911939573010355,0.9921819472393292,2.0,2.0,False,main,False
10690,8,8,13.767154022144968,1.2328459778550307,0.917810268142998,0.9927431508754885,1.0,1.0,False,main,False
10690,9,9,14.767154022144968,1.2328459778550307,0.9229471263840606,0.9932291734853327,-1.0,-1.0,True,main,False
4326,1,1,6.691870107833986,1.308129892166014,0.8364837634792482,0.9825513141542268,15.0,8.0,False,main,True
3090,1,1,6.652064686431357,1.3479353135686425,0.8315080858039197,0.9809450649069782,15.0,8.0,False,main,True
11582,1,1,6.8988441199286585,1.1011558800713415,0.8623555149910823,0.989834244579556,13.0,8.0,False,main,True
11582,2,2,7.8988441199286585,1.1011558800713415,0.8776493466587398,0.9911077392604848,11.0,7.0,False,main,False
11582,3,3,8.898844119928658,1.1011558800713415,0.8898844119928657,0.9920976550557282,9.0,6.0,False,main,False
11582,4,4,9.898844119928658,1.1011558800713415,0.8998949199935143,0.9928892300246613,7.0,5.0,False,main,False
11582,5,5,10.898844119928658,1.1011558800713415,0.9082370099940548,0.9935366498799653,5.0,4.0,False,main,False
11582,6,6,11.898844119928658,1.1011558800713415,0.9152957015329737,0.9940760089397627,4.0,3.0,False,main,False
11582,7,7,12.898844119928658,1.1011558800713415,0.9213460085663326,0.9945322792030367,2.0,2.0,False,main,False
11582,8,8,13.898844119928658,1.1011558800713415,0.9265896079952438,0.9949232882223802,1.0,1.0,False,main,False
11582,9,9,14.898844119928658,1.1011558800713415,0.9311777574955411,0.9952621036663061,-1.0,-1.0,True,main,False
11355,1,1,6.740596739442539,1.2594032605574603,0.8425745924303174,0.9844299526494177,14.0,8.0,False,main,True
11523,1,1,6.920098407738369,1.0799015922616308,0.8650123009672961,0.9904755090462102,13.0,8.0,False,main,True
11523,2,2,7.920098407738369,1.0799015922616308,0.8800109341931521,0.9916673328318786,11.0,7.0,False,main,False
11523,3,3,8.920098407738369,1.0799015922616308,0.8920098407738368,0.9925940350073106,9.0,6.0,False,main,False
11523,4,4,9.920098407738369,1.0799015922616308,0.9018271279762153,0.9933352309400861,7.0,5.0,False,main,False
11523,5,5,10.920098407738369,1.0799015922616308,0.9100082006448641,0.9939415572310637,5.0,4.0,False,main,False
11523,6,6,11.920098407738369,1.0799015922616308,0.9169306467491053,0.9944467573657998,4.0,3.0,False,main,False
11523,7,7,12.920098407738369,1.0799015922616308,0.9228641719813121,0.9948741843897446,2.0,2.0,False,main,False
11523,8,8,13.920098407738369,1.0799015922616308,0.9280065605158913,0.9952405145065011,1.0,1.0,False,main,False
11523,9,9,14.920098407738369,1.0799015922616308,0.932506150483648,0.9955579741733442,-1.0,-1.0,True,main,False
3362,1,1,6.750214601106953,1.2497853988930472,0.8437768251383692,0.9847891555340378,14.0,8.0,False,main,True
6064,1,1,6.949582594870726,1.0504174051292732,0.8686978243588408,0.9913307213763972,13.0,8.0,False,main,True
6064,2,2,7.949582594870726,1.0504174051292732,0.8832869549856363,0.9924138334124731,11.0,7.0,False,main,False
6064,3,3,8.949582594870726,1.0504174051292732,0.8949582594870726,0.9932563497771253,9.0,6.0,False,main,False
6064,4,4,9.949582594870726,1.0504174051292732,0.9045075086246115,0.9939304262638546,7.0,5.0,False,main,False
6064,5,5,10.949582594870726,1.0504174051292732,0.9124652162392272,0.9944819868754249,5.0,4.0,False,main,False
6064,6,6,11.949582594870726,1.0504174051292732,0.919198661143902,0.9949416514969328,4.0,3.0,False,main,False
6064,7,7,12.949582594870726,1.0504174051292732,0.924970185347909,0.9953306208596745,2.0,2.0,False,main,False
6064,8,8,13.949582594870726,1.0504174051292732,0.9299721729913818,0.9956640398163912,1.0,1.0,False,main,False
6064,9,9,14.949582594870726,1.0504174051292732,0.9343489121794204,0.995953015546213,-1.0,-1.0,True,main,False
6137,0,1,5.7255317075014105,2.274468292498589,0.7156914634376763,0.9283427744553447,34.0,14.0,False,main,True
7877,1,1,6.828213200631698,1.1717867993683027,0.8535266500789622,0.9875571321453598,14.0,8.0,False,main,True
7877,2,2,7.828213200631698,1.1717867993683027,0.8698014667368553,0.9891216493086049,11.0,7.0,False,main,False
7877,3,3,8.828213200631698,1.1717867993683027,0.8828213200631698,0.9903366092046877,9.0,6.0,False,main,False
7877,4,4,9.828213200631698,1.1717867993683027,0.8934739273301543,0.9913074075605689,7.0,5.0,False,main,False
7877,5,5,10.828213200631698,1.1717867993683027,0.9023511000526415,0.992100933849705,5.0,4.0,False,main,False
7877,6,6,11.828213200631698,1.1717867993683027,0.909862553894746,0.9927616865720511,4.0,3.0,False,main,False
7877,7,7,12.828213200631698,1.1717867993683027,0.9163009429022642,0.9933204196461274,2.0,2.0,False,main,False
7877,8,8,13.828213200631698,1.1717867993683027,0.9218808800421132,0.9937990691347226,1.0,1.0,False,main,False
7877,9,9,14.828213200631698,1.1717867993683027,0.9267633250394811,0.9942137024194212,-1.0,-1.0,True,main,False
4254,0,1,5.904145909951266,2.0958540900487344,0.7380182387439083,0.9404692527018077,30.0,13.0,False,main,True
2718,1,1,6.739346015561098,1.2606539844389022,0.8424182519451372,0.9843829574709599,14.0,8.0,False,main,True
230,1,1,6.918128509516918,1.0818714904830826,0.8647660636896147,0.9904169432129406,13.0,8.0,False,main,False
7589,1,1,6.608557734228836,1.3914422657711636,0.8260697167786045,0.9791176805703388,16.0,8.0,False,main,True
9898,1,1,6.68280906361484,1.3171909363851593,0.835351132951855,0.9821912729338067,15.0,8.0,False,main,True
9898,2,2,7.68280906361484,1.3171909363851593,0.8536454515127601,0.9844471592117091,12.0,7.0,False,main,False
9898,3,3,8.68280906361484,1.3171909363851593,0.868280906361484,0.9861955805742014,10.0,6.0,False,main,False
9898,4,4,9.68280906361484,1.3171909363851593,0.880255369419531,0.9875905066332898,8.0,5.0,False,main,False
9898,5,5,10.68280906361484,1.3171909363851593,0.89023408863457,0.9887293252214846,6.0,4.0,False,main,False
9898,6,6,11.68280906361484,1.3171909363851593,0.8986776202780646,0.9896766520389485,4.0,3.0,False,main,False
9898,7,7,12.68280906361484,1.3171909363851593,0.9059149331153458,0.9904770485789847,2.0,2.0,False,main,False
9898,8,8,13.68280906361484,1.3171909363851593,0.9121872709076561,0.9911622431720487,1.0,1.0,False,main,False
9898,9,9,14.68280906361484,1.3171909363851593,0.9176755664759275,0.9917554410694446,-1.0,-1.0,True,main,False
10691,1,1,6.747061396890205,1.2529386031097958,0.8433826746112756,0.984671817493362,14.0,8.0,False,main,True
10691,2,2,7.747061396890205,1.2529386031097958,0.8607845996544672,0.9866071774573946,12.0,7.0,False,main,False
10691,3,3,8.747061396890205,1.2529386031097958,0.8747061396890204,0.9881084716919168,9.0,6.0,False,main,False
10691,4,4,9.747061396890205,1.2529386031097958,0.8860964906263823,0.989307037290518,7.0,5.0,False,main,False
10691,5,5,10.747061396890205,1.2529386031097958,0.8955884497408504,0.9902860703954732,5.0,4.0,False,main,False
10691,6,6,11.747061396890205,1.2529386031097958,0.9036201074530926,0.9911008353312262,4.0,3.0,False,main,False
10691,7,7,12.747061396890205,1.2529386031097958,0.9105043854921575,0.9917894805715323,2.0,2.0,False,main,False
10691,8,8,13.747061396890205,1.2529386031097958,0.9164707597926803,0.9923791894934455,1.0,1.0,False,main,False
10691,9,9,14.747061396890205,1.2529386031097958,0.9216913373056378,0.9928898563111721,-1.0,-1.0,True,main,False
9606,0,1,5.828167632280723,2.1718323677192766,0.7285209540350904,0.9354130195039085,32.0,13.0,False,main,True
9606,0,2,5.828167632280723,3.1718323677192766,0.6475741813645248,0.8759349512090262,54.0,19.0,False,main,False
9606,0,3,5.828167632280723,4.171832367719277,0.5828167632280723,0.8178414624142516,89.0,26.0,False,main,True
9606,0,4,5.828167632280723,5.171832367719277,0.5298334211164294,0.7642315632894983,144.0,34.0,False,main,True
5145,1,1,6.912164077403297,1.087835922596703,0.8640205096754121,0.9902385345992315,13.0,8.0,False,main,True
8300,1,1,6.648303598762984,1.351696401237016,0.831037949845373,0.9807900263815726,15.0,8.0,False,main,True
8300,2,2,7.648303598762984,1.351696401237016,0.8498115109736649,0.9832276293965618,12.0,7.0,False,main,False
8300,3,3,8.648303598762984,1.351696401237016,0.8648303598762984,0.9851160178860626,10.0,6.0,False,main,False
8300,4,4,9.648303598762984,1.351696401237016,0.8771185089784531,0.9866220740282395,8.0,5.0,False,main,False
8300,5,5,10.648303598762984,1.351696401237016,0.8873586332302487,0.9878512688704959,6.0,4.0,False,main,False
8300,6,6,11.648303598762984,1.351696401237016,0.8960233537509988,0.988873537409548,4.0,3.0,False,main,False
8300,7,7,12.648303598762984,1.351696401237016,0.9034502570544989,0.9897370851655826,2.0,2.0,False,main,False
8300,8,8,13.648303598762984,1.351696401237016,0.9098869065841989,0.9904762207704717,1.0,1.0,False,main,False
8300,9,9,14.648303598762984,1.351696401237016,0.9155189749226865,0.9911160278780389,-1.0,-1.0,True,main,False
3901,1,1,6.681380006094954,1.3186199939050467,0.8351725007618692,0.9821341864700621,15.0,8.0,False,main,True
6067,1,1,6.763652630575011,1.2363473694249891,0.8454565788218764,0.985284534068682,14.0,8.0,False,main,True
10477,0,1,5.688768702276686,2.3112312977233134,0.7110960877845858,0.9257450155540399,35.0,14.0,False,main,True
10477,0,2,5.688768702276686,3.3112312977233134,0.6320854113640763,0.8650779851960541,60.0,20.0,False,main,False
10477,0,3,5.688768702276686,4.311231297723314,0.5688768702276686,0.8067198598976784,99.0,27.0,False,main,False
10477,0,4,5.688768702276686,5.311231297723314,0.5171607911160624,0.7532342181588887,163.0,36.0,False,main,True
10477,0,5,5.688768702276686,6.311231297723314,0.47406405852305716,0.7050413825739046,268.0,47.0,False,main,True
2604,0,1,5.750909307988545,2.2490906920114555,0.7188636634985681,0.9301161182295814,34.0,14.0,False,main,True
193,1,1,6.833147367618063,1.166852632381937,0.8541434209522579,0.9877233968936544,14.0,8.0,False,main,True
8207,1,1,6.749933217706425,1.2500667822935754,0.8437416522133031,0.9847787015300009,14.0,8.0,False,main,True
8207,2,2,7.749933217706425,1.2500667822935754,0.8611036908562695,0.9867002848026045,12.0,7.0,False,main,False
8207,3,3,8.749933217706424,1.2500667822935754,0.8749933217706424,0.98819094995553,9.0,6.0,False,main,False
8207,4,4,9.749933217706424,1.2500667822935754,0.8863575652460386,0.9893810655630829,7.0,5.0,False,main,False
8207,5,5,10.749933217706424,1.2500667822935754,0.895827768142202,0.990353219753541,5.0,4.0,False,main,False
8207,6,6,11.749933217706424,1.2500667822935754,0.903841016746648,0.9911622758461575,4.0,3.0,False,main,False
8207,7,7,12.749933217706424,1.2500667822935754,0.9107095155504589,0.9918461071104314,2.0,2.0,False,main,False
8207,8,8,13.749933217706424,1.2500667822935754,0.9166622145137616,0.9924317017665888,1.0,1.0,False,main,False
8207,9,9,14.749933217706424,1.2500667822935754,0.9218708261066515,0.9929388117836584,-1.0,-1.0,True,main,False
5728,1,1,6.737283290330779,1.2627167096692213,0.8421604112913473,0.9843053095016449,15.0,8.0,False,main,True
5394,0,1,5.642183035917711,2.3578169640822892,0.7052728794897138,0.9224048064610229,36.0,14.0,False,main,True
484,0,1,5.801858231045741,2.198141768954259,0.7252322788807176,0.933626594009281,32.0,14.0,False,main,True
11570,1,1,6.635795028578103,1.3642049714218965,0.8294743785722629,0.9802703847850524,15.0,8.0,False,main,True
4301,1,1,6.7781555072929685,1.2218444927070318,0.8472694384116211,0.9858106081196734,14.0,8.0,False,main,True
4878,0,1,5.625737656500016,2.374262343499984,0.703217207062502,0.9212129062297522,37.0,14.0,False,main,True
8834,1,1,6.595548281439984,1.404451718560016,0.824443535179998,0.9785569648971355,16.0,8.0,False,main,True
8309,1,1,6.687879197784305,1.3121208022156952,0.8359848997230381,0.9823931442393081,15.0,8.0,False,main,True
8309,2,2,7.687879197784305,1.3121208022156952,0.8542087997538117,0.9846228894779979,12.0,7.0,False,main,False
8309,3,3,8.687879197784305,1.3121208022156952,0.8687879197784305,0.9863511677324576,10.0,6.0,False,main,False
8309,4,4,9.687879197784305,1.3121208022156952,0.8807162907076641,0.9877300958203984,8.0,5.0,False,main,False
8309,5,5,10.687879197784305,1.3121208022156952,0.8906565998153587,0.9888559009404685,6.0,4.0,False,main,False
8309,6,6,11.687879197784305,1.3121208022156952,0.8990676305987927,0.9897924346101704,4.0,3.0,False,main,False
8309,7,7,12.687879197784305,1.3121208022156952,0.9062770855560218,0.9905837345885918,2.0,2.0,False,main,False
8309,8,8,13.687879197784305,1.3121208022156952,0.912525279852287,0.9912611582240667,1.0,1.0,False,main,False
8309,9,9,14.687879197784305,1.3121208022156952,0.9179924498615191,0.9918476406214118,-1.0,-1.0,True,main,False
11538,1,1,6.619244940296008,1.3807550597039917,0.827405617537001,0.979573414474688,16.0,8.0,False,main,True
11538,2,2,7.619244940296008,1.3807550597039917,0.8465827711440009,0.9821691566664796,12.0,7.0,False,main,True
11538,3,3,8.619244940296008,1.3807550597039917,0.8619244940296008,0.9841792744226974,10.0,6.0,False,main,False
11538,4,4,9.619244940296008,1.3807550597039917,0.8744768127541825,0.9857819331093769,8.0,5.0,False,main,False
11538,5,5,10.619244940296008,1.3807550597039917,0.8849370783580007,0.9870896593007774,6.0,4.0,False,main,False
11538,6,6,11.619244940296008,1.3807550597039917,0.8937880723304622,0.9881770270447615,4.0,3.0,False,main,False
11538,7,7,12.619244940296008,1.3807550597039917,0.901374638592572,0.9890954177041491,2.0,2.0,False,main,False
11538,8,8,13.619244940296008,1.3807550597039917,0.9079496626864005,0.9898813874302999,1.0,1.0,False,main,False
11538,9,9,14.619244940296008,1.3807550597039917,0.9137028087685005,0.9905616552520398,-1.0,-1.0,True,main,False
10531,1,1,6.838698658645952,1.161301341354048,0.854837332330744,0.9879091793410923,14.0,8.0,False,main,True
10531,2,2,7.838698658645952,1.161301341354048,0.870966517627328,0.9894286045273845,11.0,7.0,False,main,False
10531,3,3,8.838698658645953,1.161301341354048,0.8838698658645953,0.9906087158290862,9.0,6.0,False,main,False
10531,4,4,9.838698658645953,1.161301341354048,0.8944271507859957,0.9915517736732972,7.0,5.0,False,main,False
10531,5,5,10.838698658645953,1.161301341354048,0.9032248882204961,0.9923226935737882,5.0,4.0,False,main,False
10531,6,6,11.838698658645953,1.161301341354048,0.9106691275881502,0.992964669181617,4.0,3.0,False,main,False
10531,7,7,12.838698658645953,1.161301341354048,0.9170499041889967,0.9935075572740953,2.0,2.0,False,main,False
10531,8,8,13.838698658645953,1.161301341354048,0.9225799105763969,0.993972656758934,1.0,1.0,False,main,False
10531,9,9,14.838698658645953,1.161301341354048,0.927418666165372,0.9943755700219884,-1.0,-1.0,True,main,False
7379,1,1,6.608872640648493,1.3911273593515068,0.8261090800810617,0.9791311723551538,16.0,8.0,False,main,True
276,1,1,6.616353916494209,1.3836460835057909,0.8270442395617761,0.9794505697865487,16.0,8.0,False,main,True
12070,0,1,5.739816119598376,2.260183880401624,0.717477014949797,0.9293429566217587,34.0,14.0,False,main,True
9277,1,1,6.782071169064011,1.217928830935989,0.8477588961330014,0.9859511115507005,14.0,8.0,False,main,True
9277,2,2,7.782071169064011,1.217928830935989,0.8646745743404457,0.9877217724808426,11.0,7.0,False,main,False
9277,3,3,8.782071169064011,1.217928830935989,0.8782071169064011,0.9890959566616012,9.0,6.0,False,main,False
9277,4,4,9.782071169064011,1.217928830935989,0.8892791971876374,0.99019344648567,7.0,5.0,False,main,False
9277,5,5,10.782071169064011,1.217928830935989,0.8985059307553342,0.9910901803840363,5.0,4.0,False,main,False
9277,6,6,11.782071169064011,1.217928830935989,0.9063131668510778,0.9918366339424052,4.0,3.0,False,main,False
9277,7,7,12.782071169064011,1.217928830935989,0.9130050835045722,0.992467668060684,2.0,2.0,False,main,False
9277,8,8,13.782071169064011,1.217928830935989,0.9188047446042674,0.9930081341239541,1.0,1.0,False,main,False
9277,9,9,14.782071169064011,1.217928830935989,0.9238794480665007,0.9934762262094975,-1.0,-1.0,True,main,False
678,0,1,5.6854497424539225,2.3145502575460775,0.7106812178067403,0.9255088249442511,35.0,14.0,False,main,True
2859,0,1,5.922597287048724,2.0774027129512755,0.7403246608810905,0.9416737532988001,30.0,13.0,False,main,False
3173,0,1,5.672503366741384,2.327496633258616,0.709062920842673,0.9245848890230793,35.0,14.0,False,main,True
8689,1,1,6.6372641606083835,1.3627358393916165,0.8296580200760479,0.9803317359087096,15.0,8.0,False,main,True
4510,1,1,6.722783341404877,1.2772166585951226,0.8403479176756097,0.9837544975563834,15.0,8.0,False,main,True
10031,0,1,5.661592544816938,2.338407455183062,0.7076990681021172,0.9238029954886394,36.0,14.0,False,main,True
10031,0,2,5.661592544816938,3.338407455183062,0.6290658383129931,0.8629257654308988,61.0,20.0,False,main,False
10031,0,3,5.661592544816938,4.338407455183062,0.5661592544816938,0.8045264524272695,102.0,27.0,False,main,True
10031,0,4,5.661592544816938,5.338407455183062,0.5146902313469943,0.7510709525230493,167.0,36.0,False,main,True
8623,1,1,6.701156347695966,1.2988436523040332,0.8376445434619958,0.9829168494709022,15.0,8.0,False,main,True
1090,2,2,7.665423525930697,1.3345764740693031,0.8517137251034108,0.983837815619325,12.0,7.0,False,main,True
1090,3,3,8.665423525930697,1.3345764740693031,0.8665423525930697,0.9856561335209011,10.0,6.0,False,main,False
1090,4,4,9.665423525930697,1.3345764740693031,0.8786748659936997,0.9871065628973145,8.0,5.0,False,main,False
1090,5,5,10.665423525930697,1.3345764740693031,0.8887852938275581,0.9882905241729841,6.0,4.0,False,main,False
1090,6,6,11.665423525930697,1.3345764740693031,0.8973402712254382,0.9892752873792796,4.0,3.0,False,main,False
1090,7,7,12.665423525930697,1.3345764740693031,0.9046731089950498,0.990107232719516,2.0,2.0,False,main,False
1090,8,8,13.665423525930697,1.3345764740693031,0.9110282350620464,0.9908193765329937,1.0,1.0,False,main,False
1090,9,9,14.665423525930697,1.3345764740693031,0.9165889703706686,0.9914358618331618,-1.0,-1.0,True,main,False
3990,2,2,7.669409961185162,1.330590038814838,0.8521566623539069,0.9839784575592428,12.0,7.0,False,main,True
3990,3,3,8.669409961185162,1.330590038814838,0.8669409961185162,0.9857806358099513,10.0,6.0,False,main,False
3990,4,4,9.669409961185162,1.330590038814838,0.8790372691986511,0.9872182503571583,8.0,5.0,False,main,False
3990,5,5,10.669409961185162,1.330590038814838,0.8891174967654302,0.9883917897568947,6.0,4.0,False,main,False
3990,6,6,11.669409961185162,1.330590038814838,0.8976469200911663,0.9893679107762486,4.0,3.0,False,main,False
3990,7,7,12.669409961185162,1.330590038814838,0.9049578543703687,0.990192573479048,2.0,2.0,False,main,False
3990,8,8,13.669409961185162,1.330590038814838,0.9112939974123441,0.9908984966973716,1.0,1.0,False,main,False
3990,9,9,14.669409961185162,1.330590038814838,0.9168381225740726,0.9915096068596653,-1.0,-1.0,True,main,False
5626,2,2,7.68360090763923,1.3163990923607702,0.8537334341821367,0.9844746633337655,12.0,7.0,False,main,True
5626,3,3,8.68360090763923,1.3163990923607702,0.868360090763923,0.9862199315995535,10.0,6.0,False,main,False
5626,4,4,9.68360090763923,1.3163990923607702,0.88032735523993,0.9876123535022812,8.0,5.0,False,main,False
5626,5,5,10.68360090763923,1.3163990923607702,0.8903000756366025,0.9887491351504137,6.0,4.0,False,main,False
5626,6,6,11.68360090763923,1.3163990923607702,0.8987385313568639,0.9896947726005189,4.0,3.0,False,main,False
5626,7,7,12.68360090763923,1.3163990923607702,0.9059714934028021,0.9904937453516854,2.0,2.0,False,main,False
5626,8,8,13.68360090763923,1.3163990923607702,0.912240060509282,0.9911777236567524,1.0,1.0,False,main,False
5626,9,9,14.68360090763923,1.3163990923607702,0.9177250567274519,0.9917698704766655,-1.0,-1.0,True,main,False
5845,2,2,7.786360178722732,1.2136398212772677,0.8651511309691924,0.9878552337194576,11.0,7.0,False,main,False
5845,3,3,8.786360178722731,1.2136398212772677,0.8786360178722733,0.9892142173059282,9.0,6.0,False,main,False
5845,4,4,9.786360178722731,1.2136398212772677,0.8896691071566121,0.990299616191141,7.0,5.0,False,main,False
5845,5,5,10.786360178722731,1.2136398212772677,0.8988633482268944,0.9911865028633287,5.0,4.0,False,main,False
5845,6,6,11.786360178722731,1.2136398212772677,0.9066430906709795,0.9919247812449827,4.0,3.0,False,main,False
5845,7,7,12.786360178722731,1.2136398212772677,0.913311441337338,0.9925489196093352,2.0,2.0,False,main,False
5845,8,8,13.786360178722731,1.2136398212772677,0.9190906785815155,0.9930834907396754,1.0,1.0,False,main,False
5845,9,9,14.786360178722731,1.2136398212772677,0.9241475111701708,0.9935464855390369,-1.0,-1.0,True,main,False
1561,2,2,7.729430290678815,1.2705697093211845,0.8588255878532016,0.9860290544702457,12.0,7.0,False,main,True
1561,3,3,8.729430290678815,1.2705697093211845,0.8729430290678815,0.9875963907874649,9.0,6.0,False,main,False
1561,4,4,9.729430290678815,1.2705697093211845,0.8844936627889832,0.9888474507321642,7.0,5.0,False,main,False
1561,5,5,10.729430290678815,1.2705697093211845,0.8941191908899012,0.9898692127173719,6.0,4.0,False,main,False
1561,6,6,11.729430290678815,1.2705697093211845,0.902263868513755,0.9907194349131058,4.0,3.0,False,main,False
1561,7,7,12.729430290678815,1.2705697093211845,0.9092450207627725,0.9914379769051254,2.0,2.0,False,main,False
1561,8,8,13.729430290678815,1.2705697093211845,0.915295352711921,0.9920532352575852,1.0,1.0,False,main,False
1561,9,9,14.729430290678815,1.2705697093211845,0.9205893931674259,0.9925859883127549,-1.0,-1.0,True,main,False
3956,2,2,7.622186114822207,1.377813885177793,0.8469095683135786,0.9822775820923783,12.0,7.0,False,main,True
3956,3,3,8.622186114822206,1.377813885177793,0.8622186114822206,0.9842752200829452,10.0,6.0,False,main,False
3956,4,4,9.622186114822206,1.377813885177793,0.8747441922565642,0.9858679769903109,8.0,5.0,False,main,False
3956,5,5,10.622186114822206,1.377813885177793,0.8851821762351838,0.9871676549780573,6.0,4.0,False,main,False
3956,6,6,11.622186114822206,1.377813885177793,0.8940143165247851,0.9882483519559647,4.0,3.0,False,main,False
3956,7,7,12.622186114822206,1.377813885177793,0.9015847224873005,0.9891611234194085,2.0,2.0,False,main,False
3956,8,8,13.622186114822206,1.377813885177793,0.908145740988147,0.9899422949589229,1.0,1.0,False,main,False
3956,9,9,14.622186114822206,1.377813885177793,0.9138866321763879,0.9906184178713558,-1.0,-1.0,True,main,False
8233,0,10,5.609827153503591,11.390172846496409,0.3299898325590348,0.523812854249498,-1.0,175.0,False,main,True
10926,0,5,5.652218997254774,6.347781002745226,0.4710182497712312,0.7022135268315188,279.0,47.0,False,main,True
3440,2,2,7.790530693467949,1.2094693065320508,0.8656145214964388,0.9879843561823771,11.0,7.0,False,main,True
3440,3,3,8.79053069346795,1.2094693065320508,0.8790530693467951,0.9893286373863558,9.0,6.0,False,main,False
3440,4,4,9.79053069346795,1.2094693065320508,0.8900482448607228,0.9904023408606106,7.0,5.0,False,main,False
3440,5,5,10.79053069346795,1.2094693065320508,0.8992108911223292,0.9912797019418551,5.0,4.0,False,main,False
3440,6,6,11.79053069346795,1.2094693065320508,0.9069638994975346,0.9920100718338148,4.0,3.0,False,main,False
3440,7,7,12.79053069346795,1.2094693065320508,0.9136093352477107,0.9926275391597508,2.0,2.0,False,main,False
3440,8,8,13.79053069346795,1.2094693065320508,0.9193687128978634,0.9931564072889771,1.0,1.0,False,main,False
3440,9,9,14.79053069346795,1.2094693065320508,0.9244081683417469,0.9936144706382362,-1.0,-1.0,True,main,False
5753,2,2,7.783852229060638,1.2161477709393629,0.8648724698956264,0.9877772761633328,11.0,7.0,False,main,True
5753,3,3,8.783852229060638,1.2161477709393629,0.8783852229060637,0.9891451382262403,9.0,6.0,False,main,False
5753,4,4,9.783852229060638,1.2161477709393629,0.8894411117327852,0.9902375993742222,7.0,5.0,False,main,False
5753,5,5,10.783852229060638,1.2161477709393629,0.8986543524217198,0.9911302378297019,5.0,4.0,False,main,False
5753,6,6,11.783852229060638,1.2161477709393629,0.9064501714662029,0.9918732913900384,4.0,3.0,False,main,False
5753,7,7,12.783852229060638,1.2161477709393629,0.9131323020757598,0.9925014576430259,2.0,2.0,False,main,False
5753,8,8,13.783852229060638,1.2161477709393629,0.9189234819373758,0.9930394720925853,1.0,1.0,False,main,False
5753,9,9,14.783852229060638,1.2161477709393629,0.9239907643162899,0.9935054443096204,-1.0,-1.0,True,main,False
1968,2,2,7.695031998307885,1.3049680016921146,0.8550035553675428,0.9848692811953949,12.0,7.0,False,main,True
1968,3,3,8.695031998307886,1.3049680016921146,0.8695031998307886,0.9865693278437306,10.0,6.0,False,main,False
1968,4,4,9.695031998307886,1.3049680016921146,0.8813665453007169,0.9879258318418019,7.0,5.0,False,main,False
1968,5,5,10.695031998307886,1.3049680016921146,0.8912526665256572,0.9890333948387315,6.0,4.0,False,main,False
1968,6,6,11.695031998307886,1.3049680016921146,0.8996178460236836,0.9899547978850348,4.0,3.0,False,main,False
1968,7,7,12.695031998307886,1.3049680016921146,0.9067879998791347,0.9907333449963007,2.0,2.0,False,main,False
1968,8,8,13.695031998307886,1.3049680016921146,0.9130021332205257,0.991399873724373,1.0,1.0,False,main,False
1968,9,9,14.695031998307886,1.3049680016921146,0.9184394998942429,0.9919769406277248,-1.0,-1.0,True,main,False
3656,2,2,7.807793505337704,1.192206494662296,0.8675326117041894,0.9885119592930852,11.0,7.0,False,main,True
3656,3,3,8.807793505337704,1.192206494662296,0.8807793505337704,0.9897962073691571,9.0,6.0,False,main,False
3656,4,4,9.807793505337704,1.192206494662296,0.8916175913943367,0.9908221479869943,7.0,5.0,False,main,False
3656,5,5,10.807793505337704,1.192206494662296,0.9006494587781421,0.9916606024268554,5.0,4.0,False,main,False
3656,6,6,11.807793505337704,1.192206494662296,0.9082918081029003,0.9923586671612575,4.0,3.0,False,main,False
3656,7,7,12.807793505337704,1.192206494662296,0.9148423932384074,0.9929488817329659,2.0,2.0,False,main,False
3656,8,8,13.807793505337704,1.192206494662296,0.9205195670225136,0.9934544500163783,1.0,1.0,False,main,False
3656,9,9,14.807793505337704,1.192206494662296,0.9254870940836065,0.9938923644278841,-1.0,-1.0,True,main,False
4760,2,2,7.655973671007985,1.3440263289920154,0.8506637412231094,0.9835022440174952,12.0,7.0,False,main,True
4760,3,3,8.655973671007985,1.3440263289920154,0.8655973671007985,0.985359087705951,10.0,6.0,False,main,False
4760,4,4,9.655973671007985,1.3440263289920154,0.8778157882734532,0.986840103266135,8.0,5.0,False,main,False
4760,5,5,10.655973671007985,1.3440263289920154,0.887997805917332,0.9880489372301416,6.0,4.0,False,main,False
4760,6,6,11.655973671007985,1.3440263289920154,0.8966133593083065,0.9890543243704071,4.0,3.0,False,main,False
4760,7,7,12.655973671007985,1.3440263289920154,0.9039981193577132,0.989903648219961,2.0,2.0,False,main,False
4760,8,8,13.655973671007985,1.3440263289920154,0.9103982447338657,0.9906306355065944,1.0,1.0,False,main,False
4760,9,9,14.655973671007985,1.3440263289920154,0.915998354437999,0.9912599463544131,-1.0,-1.0,True,main,False
9988,0,5,5.715815209516089,6.284184790483911,0.47631793412634077,0.7071280597081626,261.0,46.0,False,main,True
2431,2,2,7.696600329836262,1.3033996701637376,0.8551778144262514,0.9849230663288311,12.0,7.0,False,main,True
2431,3,3,8.696600329836262,1.3033996701637376,0.8696600329836262,0.9866169519957961,10.0,6.0,False,main,False
2431,4,4,9.696600329836262,1.3033996701637376,0.8815091208942056,0.9879685620577553,7.0,5.0,False,main,False
2431,5,5,10.696600329836262,1.3033996701637376,0.8913833608196885,0.9890721435978016,6.0,4.0,False,main,False
2431,6,6,11.696600329836262,1.3033996701637376,0.8997384869104816,0.9899902441480998,4.0,3.0,False,main,False
2431,7,7,12.696600329836262,1.3033996701637376,0.906900023559733,0.9907660076457825,2.0,2.0,False,main,False
2431,8,8,13.696600329836262,1.3033996701637376,0.9131066886557507,0.9914301582315888,1.0,1.0,False,main,False
2431,9,9,14.696600329836262,1.3033996701637376,0.9185375206147663,0.9920051698660117,-1.0,-1.0,True,main,False
5728,2,2,7.737283290330779,1.2627167096692213,0.8596981433700865,0.986287932141164,12.0,7.0,False,main,True
5728,3,3,8.73728329033078,1.2627167096692213,0.873728329033078,0.9878256861746553,9.0,6.0,False,main,False
5728,4,4,9.73728329033078,1.2627167096692213,0.8852075718482527,0.9890532340452846,7.0,5.0,False,main,False
5728,5,5,10.73728329033078,1.2627167096692213,0.894773607527565,0.9900558590220203,6.0,4.0,False,main,False
5728,6,6,11.73728329033078,1.2627167096692213,0.90286794541006,0.9908902017246591,4.0,3.0,False,main,False
5728,7,7,12.73728329033078,1.2627167096692213,0.9098059493093414,0.9915953550302524,2.0,2.0,False,main,False
5728,8,8,13.73728329033078,1.2627167096692213,0.915818886022052,0.9921991719495077,1.0,1.0,False,main,False
5728,9,9,14.73728329033078,1.2627167096692213,0.9210802056456737,0.9927220347307192,-1.0,-1.0,True,main,False
11961,1,1,6.215894822528583,1.7841051774714174,0.7769868528160728,0.9595208094099325,20.0,9.0,False,main,True
8603,0,1,5.496167024381864,2.5038329756181357,0.687020878047733,0.9115941341943996,40.0,15.0,False,main,True
7300,0,1,5.225164570489869,2.7748354295101305,0.6531455713112336,0.890221960536853,49.0,16.0,False,main,True
2899,1,1,6.211397337472876,1.7886026625271243,0.7764246671841095,0.9592664804487296,20.0,9.0,False,main,True
9421,1,1,6.527448548409576,1.4725514515904239,0.815931068551197,0.9755169897870068,16.0,8.0,False,main,True
8964,1,1,6.250085404463693,1.749914595536307,0.7812606755579616,0.9614335093284404,20.0,9.0,False,main,True
1818,1,1,6.264056874985334,1.7359431250146664,0.7830071093731668,0.9622044569468118,19.0,9.0,False,main,True
4704,0,1,5.229465432617115,2.7705345673828856,0.6536831790771394,0.8905739106611732,49.0,16.0,False,main,True
5905,0,1,5.271997013178491,2.7280029868215094,0.6589996266473114,0.8940326262603391,48.0,16.0,False,main,True
9640,1,1,6.247945070485929,1.752054929514071,0.7809931338107411,0.9613148567345882,20.0,9.0,False,main,True
9640,2,2,7.247945070485929,1.752054929514071,0.8053272300539921,0.9663199655472702,15.0,8.0,False,main,False
9640,3,3,8.24794507048593,1.752054929514071,0.8247945070485929,0.9701769235808259,12.0,6.0,False,main,False
9640,4,4,9.24794507048593,1.752054929514071,0.8407222791350845,0.9732404995278928,9.0,5.0,False,main,False
9640,5,5,10.24794507048593,1.752054929514071,0.8539954225404941,0.9757328421943267,7.0,4.0,False,main,False
9640,6,6,11.24794507048593,1.752054929514071,0.865226543883533,0.9778001927527074,5.0,3.0,False,main,False
9640,7,7,12.24794507048593,1.752054929514071,0.8748532193204236,0.9795427721247039,3.0,2.0,False,main,False
9640,8,8,13.24794507048593,1.752054929514071,0.8831963380323953,0.9810315714839366,1.0,1.0,False,main,False
9640,9,9,14.24794507048593,1.752054929514071,0.8904965669053706,0.9823182885219454,-1.0,-1.0,True,main,False
636,1,1,6.373047922985352,1.6269520770146486,0.796630990373169,0.9680006983869132,18.0,9.0,False,main,True
8185,0,1,5.562534910224699,2.437465089775302,0.6953168637780873,0.9165711107510383,38.0,14.0,False,main,True
8185,0,2,5.562534910224699,3.437465089775302,0.6180594344694109,0.854984048834433,66.0,20.0,False,main,False
8185,0,3,5.562534910224699,4.437465089775301,0.5562534910224699,0.796462252729836,110.0,28.0,False,main,True
8185,0,4,5.562534910224699,5.437465089775301,0.5056849918386089,0.743132538135141,183.0,37.0,False,main,True
10164,1,1,6.296804489905127,1.7031955100948735,0.7871005612381409,0.9639869281948473,19.0,9.0,False,main,True
10164,2,2,7.296804489905127,1.7031955100948735,0.810756054433903,0.9686355481589571,15.0,7.0,False,main,False
10164,3,3,8.296804489905128,1.7031955100948735,0.8296804489905126,0.9722200939860817,12.0,6.0,False,main,False
10164,4,4,9.296804489905128,1.7031955100948735,0.8451640445368297,0.9750686901788771,9.0,5.0,False,main,False
10164,5,5,10.296804489905128,1.7031955100948735,0.8580670408254272,0.9773870355158191,7.0,4.0,False,main,False
10164,6,6,11.296804489905128,1.7031955100948735,0.8689849607619328,0.9793106613972995,5.0,3.0,False,main,False
10164,7,7,12.296804489905128,1.7031955100948735,0.8783431778503662,0.9809325144519649,3.0,2.0,False,main,False
10164,8,8,13.296804489905128,1.7031955100948735,0.8864536326603417,0.9823184708814846,1.0,1.0,False,main,False
10164,9,9,14.296804489905128,1.7031955100948735,0.8935502806190705,0.983516526399603,-1.0,-1.0,True,main,False
12132,1,1,6.53344898739074,1.4665510126092598,0.8166811234238425,0.9757918212136156,16.0,8.0,False,main,True
12132,2,2,7.53344898739074,1.4665510126092598,0.83704988748786,0.978881181582836,13.0,7.0,False,main,True
12132,3,3,8.53344898739074,1.4665510126092598,0.8533448987390739,0.9812708265064993,10.0,6.0,False,main,False
12132,4,4,9.53344898739074,1.4665510126092598,0.8666771806718855,0.9831744042254579,8.0,5.0,False,main,False
12132,5,5,10.53344898739074,1.4665510126092598,0.877787415615895,0.9847265848092395,6.0,4.0,False,main,False
12132,6,6,11.53344898739074,1.4665510126092598,0.8871883836454415,0.9860164790608537,4.0,3.0,False,main,False
12132,7,7,12.53344898739074,1.4665510126092598,0.8952463562421957,0.9871054075863174,2.0,2.0,False,main,False
12132,8,8,13.53344898739074,1.4665510126092598,0.902229932492716,0.9880369532427892,1.0,1.0,False,main,False
12132,9,9,14.53344898739074,1.4665510126092598,0.9083405617119212,0.9888429435568612,-1.0,-1.0,True,main,False
10442,0,1,5.194990693410763,2.8050093065892368,0.6493738366763454,0.887741469888063,51.0,16.0,False,main,True
10442,0,2,5.194990693410763,3.8050093065892368,0.5772211881567515,0.824222314499953,89.0,23.0,False,main,False
10442,0,3,5.194990693410763,4.805009306589237,0.5194990693410764,0.7656010825952049,155.0,31.0,False,main,True
10442,0,4,5.194990693410763,5.805009306589237,0.4722718812191603,0.7129467981640132,269.0,43.0,False,main,True
11371,1,1,6.475274264275635,1.524725735724365,0.8094092830344544,0.9730718010526918,17.0,8.0,False,main,True
11371,2,2,7.475274264275635,1.524725735724365,0.8305860293639594,0.9765180575102269,13.0,7.0,False,main,True
11371,3,3,8.475274264275635,1.524725735724365,0.8475274264275635,0.9791817137051859,11.0,6.0,False,main,False
11371,4,4,9.475274264275635,1.524725735724365,0.8613885694796032,0.9813023097231386,8.0,5.0,False,main,False
11371,5,5,10.475274264275635,1.524725735724365,0.8729395220229695,0.9830306335303531,6.0,4.0,False,main,False
11371,6,6,11.475274264275635,1.524725735724365,0.8827134049442796,0.9844663565145471,4.0,3.0,False,main,False
11371,7,7,12.475274264275635,1.524725735724365,0.8910910188768311,0.9856780086968137,2.0,2.0,False,main,False
11371,8,8,13.475274264275635,1.524725735724365,0.8983516176183757,0.9867142632740691,1.0,1.0,False,main,False
11371,9,9,14.475274264275635,1.524725735724365,0.9047046415172272,0.9876106445906964,-1.0,-1.0,True,main,False
8165,0,1,5.186156815050289,2.813843184949711,0.6482696018812861,0.8870115405011326,51.0,16.0,False,main,True
8165,0,2,5.186156815050289,3.813843184949711,0.5762396461166988,0.823458385066896,90.0,23.0,False,main,False
8165,0,3,5.186156815050289,4.813843184949711,0.5186156815050289,0.7648412435726608,156.0,32.0,False,main,True
8165,0,4,5.186156815050289,5.813843184949711,0.47146880136820807,0.7122070782140524,272.0,43.0,False,main,True
8165,0,5,5.186156815050289,6.813843184949711,0.43217973458752407,0.6653423951742885,488.0,57.0,False,main,True
7986,0,1,5.26676313750625,2.73323686249375,0.6583453921882813,0.8936091403101241,48.0,16.0,False,main,True
7986,0,2,5.26676313750625,3.73323686249375,0.5851959041673611,0.8303867288389591,84.0,22.0,False,main,False
7986,0,3,5.26676313750625,4.73323686249375,0.526676313750625,0.7717431413134279,144.0,31.0,False,main,True
7986,0,4,5.26676313750625,5.73323686249375,0.47879664886420453,0.7189319958657346,248.0,41.0,False,main,True
7931,1,1,6.424645134217532,1.575354865782468,0.8030806417771915,0.9706057567331888,18.0,9.0,False,main,True
7931,2,2,7.424645134217532,1.575354865782468,0.8249605704686147,0.9743768547551963,14.0,7.0,False,main,False
7931,3,3,8.424645134217531,1.575354865782468,0.8424645134217531,0.9772896388455925,11.0,6.0,False,main,False
7931,4,4,9.424645134217531,1.575354865782468,0.8567859212925029,0.9796073803066973,8.0,5.0,False,main,False
7931,5,5,10.424645134217531,1.575354865782468,0.868720427851461,0.981495611865978,6.0,4.0,False,main,False
7931,6,6,11.424645134217531,1.575354865782468,0.8788188564782716,0.983063651536831,4.0,3.0,False,main,False
7931,7,7,12.424645134217531,1.575354865782468,0.8874746524441094,0.9843866070526581,2.0,2.0,False,main,False
7931,8,8,13.424645134217531,1.575354865782468,0.8949763422811687,0.9855177914469317,1.0,1.0,False,main,False
7931,9,9,14.424645134217531,1.575354865782468,0.9015403208885957,0.9864960960019649,-1.0,-1.0,True,main,False
11261,1,1,6.547980750080977,1.4520192499190234,0.8184975937601221,0.9764518714990525,16.0,8.0,False,main,True
11261,2,2,7.547980750080977,1.4520192499190234,0.8386645277867752,0.9794548547232428,13.0,7.0,False,main,False
11261,3,3,8.547980750080978,1.4520192499190234,0.8547980750080976,0.9817781337511214,10.0,6.0,False,main,False
11261,4,4,9.547980750080978,1.4520192499190234,0.8679982500073614,0.9836291197542337,8.0,5.0,False,main,False
11261,5,5,10.547980750080978,1.4520192499190234,0.8789983958400813,0.9851385952108644,6.0,4.0,False,main,False
11261,6,6,11.547980750080978,1.4520192499190234,0.8883062115446905,0.9863931212124214,4.0,3.0,False,main,False
11261,7,7,12.547980750080978,1.4520192499190234,0.8962843392914983,0.9874522763669366,2.0,2.0,False,main,False
11261,8,8,13.547980750080978,1.4520192499190234,0.9031987166720651,0.9883584127634435,1.0,1.0,False,main,False
11261,9,9,14.547980750080978,1.4520192499190234,0.9092487968800611,0.9891424636096141,-1.0,-1.0,True,main,False
192,1,1,6.571165845069791,1.4288341549302093,0.8213957306337238,0.9774886184201728,16.0,8.0,False,main,True
6760,1,1,6.148081280426142,1.8519187195738582,0.7685101600532678,0.9556197876699388,21.0,9.0,False,main,True
4290,0,1,5.4984889333313225,2.5015110666686775,0.6873111166664153,0.9117700085125433,40.0,15.0,False,main,True
6567,1,1,6.505227429027015,1.494772570972985,0.8131534286283769,0.9744876873111789,17.0,8.0,False,main,True
8979,0,1,5.350160008655818,2.649839991344182,0.6687700010819773,0.9002848474597044,45.0,15.0,False,main,True
814,1,1,6.498879318148123,1.501120681851877,0.8123599147685153,0.9741903233065616,17.0,8.0,False,main,True
814,2,2,7.498879318148123,1.501120681851877,0.8332088131275692,0.9774896363210345,13.0,7.0,False,main,False
814,3,3,8.498879318148123,1.501120681851877,0.8498879318148124,0.9800405137187915,11.0,6.0,False,main,False
814,4,4,9.498879318148123,1.501120681851877,0.8635344834680112,0.9820718118644292,8.0,5.0,False,main,False
814,5,5,10.498879318148123,1.501120681851877,0.8749066098456769,0.983727671980666,6.0,4.0,False,main,False
814,6,6,11.498879318148123,1.501120681851877,0.8845291783190864,0.9851034124685025,4.0,3.0,False,main,False
814,7,7,12.498879318148123,1.501120681851877,0.8927770941534374,0.986264592787459,2.0,2.0,False,main,False
814,8,8,13.498879318148123,1.501120681851877,0.8999252878765416,0.9872577893503386,1.0,1.0,False,main,False
814,9,9,14.498879318148123,1.501120681851877,0.9061799573842577,0.9881170041135865,-1.0,-1.0,True,main,False
7691,1,1,6.297870913960637,1.702129086039363,0.7872338642450796,0.9640443909448404,19.0,9.0,False,main,True
7691,2,2,7.297870913960637,1.702129086039363,0.8108745459956263,0.9686853583699643,15.0,7.0,False,main,False
7691,3,3,8.297870913960637,1.702129086039363,0.8297870913960637,0.9722640534704902,12.0,6.0,False,main,False
7691,4,4,9.297870913960637,1.702129086039363,0.8452609921782397,0.9751080306400878,9.0,5.0,False,main,False
7691,5,5,10.297870913960637,1.702129086039363,0.8581559094967197,0.9774226363538353,7.0,4.0,False,main,False
7691,6,6,11.297870913960637,1.702129086039363,0.8690669933815874,0.9793431724851268,5.0,3.0,False,main,False
7691,7,7,12.297870913960637,1.702129086039363,0.8784193509971884,0.9809624296769225,3.0,2.0,False,main,False
7691,8,8,13.297870913960637,1.702129086039363,0.8865247275973758,0.9823461743990981,1.0,1.0,False,main,False
7691,9,9,14.297870913960637,1.702129086039363,0.8936169321225398,0.9835423229170647,-1.0,-1.0,True,main,False
3293,1,1,6.513952113845974,1.4860478861540263,0.8142440142307468,0.9748939802735317,17.0,8.0,False,main,True
7410,0,1,5.463823271421791,2.5361767285782086,0.6829779089277239,0.9091311564232545,41.0,15.0,False,main,True
10518,1,1,6.520402538918619,1.4795974610813813,0.8150503173648274,0.9751925738110268,17.0,8.0,False,main,True
10518,2,2,7.520402538918619,1.4795974610813813,0.8356002821020687,0.9783604326442407,13.0,7.0,False,main,False
10518,3,3,8.520402538918619,1.4795974610813813,0.8520402538918619,0.9808103733548339,10.0,6.0,False,main,False
10518,4,4,9.520402538918619,1.4795974610813813,0.8654911399016926,0.9827617223916219,8.0,5.0,False,main,False
10518,5,5,10.520402538918619,1.4795974610813813,0.8767002115765515,0.9843526873762986,6.0,4.0,False,main,False
10518,6,6,11.520402538918619,1.4795974610813813,0.8861848106860476,0.9856746983814287,4.0,3.0,False,main,False
10518,7,7,12.520402538918619,1.4795974610813813,0.8943144670656157,0.9867906600966904,2.0,2.0,False,main,False
10518,8,8,13.520402538918619,1.4795974610813813,0.9013601692612413,0.9877452743031054,1.0,1.0,False,main,False
10518,9,9,14.520402538918619,1.4795974610813813,0.9075251586824137,0.9885711814105381,-1.0,-1.0,True,main,False
1706,1,1,6.571243761688068,1.4287562383119314,0.8214054702110085,0.9774920684165501,16.0,8.0,False,main,True
1706,2,2,7.571243761688068,1.4287562383119314,0.8412493068542298,0.9803591127746832,13.0,7.0,False,main,True
1706,3,3,8.571243761688068,1.4287562383119314,0.8571243761688068,0.9825779067186587,10.0,6.0,False,main,False
1706,4,4,9.571243761688068,1.4287562383119314,0.8701130692443698,0.9843460693776691,8.0,5.0,False,main,False
1706,5,5,10.571243761688068,1.4287562383119314,0.8809369801406723,0.9857882758061921,6.0,4.0,False,main,False
1706,6,6,11.571243761688068,1.4287562383119314,0.8900956739760052,0.9869870794427434,4.0,3.0,False,main,False
1706,7,7,12.571243761688068,1.4287562383119314,0.8979459829777191,0.9879993196931062,2.0,2.0,False,main,False
1706,8,8,13.571243761688068,1.4287562383119314,0.9047495841125379,0.988865412679134,1.0,1.0,False,main,False
1706,9,9,14.571243761688068,1.4287562383119314,0.9107027351055043,0.9896148844747588,-1.0,-1.0,True,main,False
10920,1,1,6.543745437187056,1.4562545628129437,0.817968179648382,0.9762603094717215,16.0,8.0,False,main,True
10920,2,2,7.543745437187056,1.4562545628129437,0.8381939374652284,0.9792883519973214,13.0,7.0,False,main,False
10920,3,3,8.543745437187056,1.4562545628129437,0.8543745437187056,0.9816308867604492,10.0,6.0,False,main,False
10920,4,4,9.543745437187056,1.4562545628129437,0.8676132215624596,0.9834971332008116,8.0,5.0,False,main,False
10920,5,5,10.543745437187056,1.4562545628129437,0.8786454530989213,0.9850190011002619,6.0,4.0,False,main,False
10920,6,6,11.543745437187056,1.4562545628129437,0.8879804182451582,0.9862837910056779,4.0,3.0,False,main,False
10920,7,7,12.543745437187056,1.4562545628129437,0.8959818169419326,0.9873515867877201,2.0,2.0,False,main,False
10920,8,8,13.543745437187056,1.4562545628129437,0.9029163624791371,0.988265097549653,1.0,1.0,False,main,False
10920,9,9,14.543745437187056,1.4562545628129437,0.908984089824191,0.9890555159379107,-1.0,-1.0,True,main,False
5909,1,1,6.185731061299771,1.8142689387002289,0.7732163826624714,0.957803059939218,20.0,9.0,False,main,True
7640,1,1,6.197972595888508,1.8020274041114916,0.7747465744860635,0.9585035813693817,20.0,9.0,False,main,True
7640,2,2,7.197972595888508,1.8020274041114916,0.7997747328765009,0.9638850767061293,16.0,8.0,False,main,False
7640,3,3,8.197972595888508,1.8020274041114916,0.8197972595888509,0.9680293591948143,12.0,6.0,False,main,False
7640,4,4,9.197972595888508,1.8020274041114916,0.8361793268989554,0.9713195087432,9.0,5.0,False,main,False
7640,5,5,10.197972595888508,1.8020274041114916,0.8498310496573757,0.9739951219662744,7.0,4.0,False,main,False
7640,6,6,11.197972595888508,1.8020274041114916,0.861382507376039,0.9762137837380802,5.0,3.0,False,main,False
7640,7,7,12.197972595888508,1.8020274041114916,0.8712837568491791,0.9780834114321629,3.0,2.0,False,main,False
7640,8,8,13.197972595888508,1.8020274041114916,0.8798648397259006,0.979680403239272,1.0,1.0,False,main,False
7640,9,9,14.197972595888508,1.8020274041114916,0.8873732872430318,0.9810603673245886,-1.0,-1.0,True,main,False
8854,1,1,6.50834400446208,1.4916559955379207,0.81354300055776,0.9746331397592652,17.0,8.0,False,main,True
8854,2,2,7.50834400446208,1.4916559955379207,0.8342604449402311,0.9778743482166645,13.0,7.0,False,main,True
8854,3,3,8.50834400446208,1.4916559955379207,0.850834400446208,0.9803806155990158,10.0,6.0,False,main,False
8854,4,4,9.50834400446208,1.4916559955379207,0.8643949094965527,0.982376582672438,8.0,5.0,False,main,False
8854,5,5,10.50834400446208,1.4916559955379207,0.8756953337051733,0.9840037664561393,6.0,4.0,False,main,False
8854,6,6,11.50834400446208,1.4916559955379207,0.8852572311124677,0.9853557659729059,4.0,3.0,False,main,False
8854,7,7,12.50834400446208,1.4916559955379207,0.8934531431758629,0.9864969669235429,2.0,2.0,False,main,False
8854,8,8,13.50834400446208,1.4916559955379207,0.9005562669641386,0.9874731169743874,1.0,1.0,False,main,False
8854,9,9,14.50834400446208,1.4916559955379207,0.90677150027888,0.9883176162160633,-1.0,-1.0,True,main,False
11853,1,1,6.358405299623949,1.641594700376051,0.7948006624529936,0.9672448806000176,18.0,9.0,False,main,True
5246,0,1,5.39862940170724,2.601370598292761,0.674828675213405,0.9040931767281857,43.0,15.0,False,main,True
1744,1,1,6.237400806151019,1.7625991938489811,0.7796751007688774,0.9607282012960298,20.0,9.0,False,main,True
7382,0,1,5.297689957431421,2.7023100425685787,0.6622112446789277,0.8961027518714142,47.0,15.0,False,main,True
7811,1,1,6.380646494628814,1.6193535053711863,0.7975808118286017,0.9683900604031351,18.0,9.0,False,main,True
7811,2,2,7.380646494628814,1.6193535053711863,0.8200718327365348,0.9724540160386674,14.0,7.0,False,main,False
7811,3,3,8.380646494628813,1.6193535053711863,0.8380646494628813,0.9755911840553281,11.0,6.0,False,main,False
7811,4,4,9.380646494628813,1.6193535053711863,0.8527860449662558,0.9780863605480491,9.0,5.0,False,main,False
7811,5,5,10.380646494628813,1.6193535053711863,0.8650538745524011,0.980118429787148,6.0,4.0,False,main,False
7811,6,6,11.380646494628813,1.6193535053711863,0.8754343457406779,0.9818054336309677,4.0,3.0,False,main,False
7811,7,7,12.380646494628813,1.6193535053711863,0.8843318924734866,0.983228422187902,3.0,2.0,False,main,False
7811,8,8,13.380646494628813,1.6193535053711863,0.8920430996419209,0.9844448966473118,1.0,1.0,False,main,False
7811,9,9,14.380646494628813,1.6193535053711863,0.8987904059143008,0.985496785339776,-1.0,-1.0,True,main,False
11095,1,1,6.519483262861131,1.4805167371388686,0.8149354078576414,0.9751501133379102,17.0,8.0,False,main,True
11095,2,2,7.519483262861131,1.4805167371388686,0.8354981403179035,0.9783235370885196,13.0,7.0,False,main,False
11095,3,3,8.519483262861131,1.4805167371388686,0.8519483262861132,0.9807777516923154,10.0,6.0,False,main,False
11095,4,4,9.519483262861131,1.4805167371388686,0.8654075693510119,0.9827324864981425,8.0,5.0,False,main,False
11095,5,5,10.519483262861131,1.4805167371388686,0.8766236052384276,0.9843262000754681,6.0,4.0,False,main,False
11095,6,6,11.519483262861131,1.4805167371388686,0.8861140971431639,0.9856504869907248,4.0,3.0,False,main,False
11095,7,7,12.519483262861131,1.4805167371388686,0.8942488044900808,0.9867683642675319,2.0,2.0,False,main,False
11095,8,8,13.519483262861131,1.4805167371388686,0.9012988841907421,0.9877246130246344,1.0,1.0,False,main,False
11095,9,9,14.519483262861131,1.4805167371388686,0.9074677039288207,0.988551931303755,-1.0,-1.0,True,main,False
11,1,1,6.1600923565517745,1.8399076434482255,0.7700115445689718,0.9563209844850977,21.0,9.0,False,main,True
1974,1,1,6.274278009227997,1.7257219907720036,0.7842847511534996,0.9627645084838579,19.0,9.0,False,main,True
4518,0,1,5.476254677357549,2.523745322642451,0.6845318346696936,0.9100806900644899,41.0,15.0,False,main,True
2294,0,1,5.147897754833644,2.852102245166356,0.6434872193542055,0.8838308850284414,53.0,16.0,False,main,True
1419,0,1,5.537756323674956,2.462243676325044,0.6922195404593695,0.9147251414618446,39.0,14.0,False,main,True
3260,1,1,6.500130898185006,1.499869101814994,0.8125163622731257,0.9742490669114758,17.0,8.0,False,main,True
11161,0,1,5.23350009312426,2.7664999068757403,0.6541875116405325,0.8909037107913287,49.0,16.0,False,main,True
11161,0,2,5.23350009312426,3.7664999068757403,0.5815000103471399,0.827539196034899,86.0,22.0,False,main,False
11161,0,3,5.23350009312426,4.76649990687574,0.5233500093124259,0.7689035477239322,149.0,31.0,False,main,True
11161,0,4,5.23350009312426,5.76649990687574,0.47577273573856904,0.7161636331360456,258.0,42.0,False,main,True
11161,0,5,5.23350009312426,6.76649990687574,0.43612500776035495,0.6691570979183721,458.0,56.0,False,main,True
10898,1,1,6.4794557190263244,1.520544280973676,0.8099319648782906,0.9732714011521449,17.0,8.0,False,main,True
10898,2,2,7.4794557190263244,1.520544280973676,0.8310506354473693,0.9766914172746897,13.0,7.0,False,main,False
10898,3,3,8.479455719026324,1.520544280973676,0.8479455719026324,0.9793349379922964,11.0,6.0,False,main,False
10898,4,4,9.479455719026324,1.520544280973676,0.8617687017296659,0.9814395931828707,8.0,5.0,False,main,False
10898,5,5,10.479455719026324,1.520544280973676,0.873287976585527,0.9831549828034778,6.0,4.0,False,main,False
10898,6,6,11.479455719026324,1.520544280973676,0.8830350553097173,0.9845800004130064,4.0,3.0,False,main,False
10898,7,7,12.479455719026324,1.520544280973676,0.891389694216166,0.9857826453387267,2.0,2.0,False,main,False
10898,8,8,13.479455719026324,1.520544280973676,0.8986303812684217,0.9868112162492696,1.0,1.0,False,main,False
10898,9,9,14.479455719026324,1.520544280973676,0.9049659824391453,0.9877009655984567,-1.0,-1.0,True,main,False
6758,0,1,5.312267576134233,2.6877324238657674,0.6640334470167791,0.8972708033596852,46.0,15.0,False,main,True
2497,1,1,6.253311472707349,1.7466885272926511,0.7816639340884186,0.961612076262894,20.0,9.0,False,main,True
2497,2,2,7.253311472707349,1.7466885272926511,0.8059234969674832,0.9665774708387306,15.0,8.0,False,main,True
2497,3,3,8.253311472707349,1.7466885272926511,0.8253311472707349,0.9704040945821716,12.0,6.0,False,main,False
2497,4,4,9.253311472707349,1.7466885272926511,0.8412101338824862,0.9734437396448813,9.0,5.0,False,main,False
2497,5,5,10.253311472707349,1.7466885272926511,0.8544426227256124,0.975916718566889,7.0,4.0,False,main,False
2497,6,6,11.253311472707349,1.7466885272926511,0.8656393440544115,0.9779680777415036,5.0,3.0,False,main,False
2497,7,7,12.253311472707349,1.7466885272926511,0.8752365337648106,0.9796972269593367,3.0,2.0,False,main,False
2497,8,8,13.253311472707349,1.7466885272926511,0.8835540981804899,0.9811745872622654,1.0,1.0,False,main,False
2497,9,9,14.253311472707349,1.7466885272926511,0.8908319670442093,0.9824514438395167,-1.0,-1.0,True,main,False
4691,0,1,5.169346016148959,2.8306539838510414,0.6461682520186198,0.8856178485597911,52.0,16.0,False,main,True
5089,1,1,6.391737736778461,1.608262263221539,0.7989672170973077,0.9689548649165479,18.0,9.0,False,main,True
3534,1,1,6.359773956726583,1.6402260432734175,0.7949717445908229,0.9673158335885814,18.0,9.0,False,main,True
3534,2,2,7.359773956726583,1.6402260432734175,0.8177526618585093,0.971522104037388,14.0,7.0,False,main,True
3534,3,3,8.359773956726583,1.6402260432734175,0.8359773956726583,0.9747682403332958,11.0,6.0,False,main,False
3534,4,4,9.359773956726583,1.6402260432734175,0.8508885415205985,0.9773495421048315,9.0,5.0,False,main,False
3534,5,5,10.359773956726583,1.6402260432734175,0.8633144963938819,0.9794514013428735,6.0,4.0,False,main,False
3534,6,6,11.359773956726583,1.6402260432734175,0.8738287659020448,0.9811961082519945,4.0,3.0,False,main,False
3534,7,7,12.359773956726583,1.6402260432734175,0.8828409969090416,0.9826676047200653,3.0,2.0,False,main,False
3534,8,8,13.359773956726583,1.6402260432734175,0.8906515971151056,0.9839254288745991,1.0,1.0,False,main,False
3534,9,9,14.359773956726583,1.6402260432734175,0.8974858722954114,0.9850129854286562,-1.0,-1.0,True,main,False
3830,0,1,5.269461939610322,2.7305380603896783,0.6586827424512902,0.8938275823290353,48.0,16.0,False,main,True
10704,0,1,5.328575600444476,2.6714243995555242,0.6660719500555595,0.8985719080717836,45.0,15.0,False,main,True
10704,0,2,5.328575600444476,3.6714243995555242,0.5920639556049418,0.8356350605797535,80.0,22.0,False,main,False
10704,0,3,5.328575600444476,4.671424399555525,0.5328575600444476,0.7769880043429909,136.0,30.0,False,main,True
10704,0,4,5.328575600444476,5.671424399555525,0.4844159636767706,0.7240512903279388,232.0,40.0,False,main,True
10704,0,5,5.328575600444476,6.671424399555525,0.44404796670370633,0.676770198156943,405.0,54.0,False,main,True
380,0,1,5.255071227865915,2.7449287721340854,0.6568839034832393,0.8926609460956709,48.0,16.0,False,main,True
6647,0,1,5.460210040006734,2.5397899599932665,0.6825262550008417,0.9088544986895191,41.0,15.0,False,main,True
11630,0,1,5.391068356023405,2.6089316439765953,0.6738835445029256,0.9035025914175807,43.0,15.0,False,main,True
104,1,1,6.374011367221994,1.6259886327780069,0.7967514209027492,0.9680501751131995,18.0,9.0,False,main,True
7279,0,1,5.3443878677208705,2.655612132279129,0.6680484834651088,0.8998277920664322,45.0,15.0,False,main,True
9339,1,1,6.359185665643307,1.6408143343566937,0.7948982082054133,0.9672853435197627,18.0,9.0,False,main,True
2245,0,1,5.174606177820082,2.825393822179918,0.6468257722275103,0.8860545932038422,51.0,16.0,False,main,True
7548,0,1,5.348802768304163,2.6511972316958374,0.6686003460380203,0.9001774443179917,45.0,15.0,False,main,True
9039,0,1,5.329027540501969,2.6709724594980306,0.6661284425627462,0.8986078808387302,45.0,15.0,False,main,True
5819,1,1,6.569706778767731,1.4302932212322685,0.8212133473459664,0.9774239713987656,16.0,8.0,False,main,True
5819,2,2,7.569706778767731,1.4302932212322685,0.8410785309741924,0.9802999080316955,13.0,7.0,False,main,True
5819,3,3,8.569706778767731,1.4302932212322685,0.8569706778767732,0.9825255382350085,10.0,6.0,False,main,False
5819,4,4,9.569706778767731,1.4302932212322685,0.8699733435243392,0.9842991207759403,8.0,5.0,False,main,False
5819,5,5,10.569706778767731,1.4302932212322685,0.8808088982306442,0.9857457298105514,6.0,4.0,False,main,False
5819,6,6,11.569706778767731,1.4302932212322685,0.8899774445205947,0.9869481807424708,4.0,3.0,False,main,False
5819,7,7,12.569706778767731,1.4302932212322685,0.8978361984834093,0.9879634920710321,2.0,2.0,False,main,False
5819,8,8,13.569706778767731,1.4302932212322685,0.9046471185845154,0.9888322065192813,1.0,1.0,False,main,False
5819,9,9,14.569706778767731,1.4302932212322685,0.9106066736729832,0.9895839421945004,-1.0,-1.0,True,main,False
9755,1,1,6.441604647925757,1.5583953520742424,0.8052005809907197,0.9714418910386298,17.0,8.0,False,main,True
9755,2,2,7.441604647925757,1.5583953520742424,0.8268449608806397,0.9751027162777465,14.0,7.0,False,main,False
9755,3,3,8.441604647925757,1.5583953520742424,0.8441604647925758,0.9779309583428809,11.0,6.0,False,main,False
9755,4,4,9.441604647925757,1.5583953520742424,0.858327695265978,0.980181815336476,8.0,5.0,False,main,False
9755,5,5,10.441604647925757,1.5583953520742424,0.8701337206604798,0.9820158068612413,6.0,4.0,False,main,False
9755,6,6,11.441604647925757,1.5583953520742424,0.8801234344558275,0.9835389726306438,4.0,3.0,False,main,False
9755,7,7,12.441604647925757,1.5583953520742424,0.8886860462804113,0.9848241858257145,2.0,2.0,False,main,False
9755,8,8,13.441604647925757,1.5583953520742424,0.8961069765283838,0.9859231837214827,1.0,1.0,False,main,False
9755,9,9,14.441604647925757,1.5583953520742424,0.9026002904953598,0.9868737144193549,-1.0,-1.0,True,main,False
300,0,1,5.238623866257671,2.7613761337423286,0.6548279832822089,0.8913220255514424,49.0,16.0,False,main,True
10272,1,1,6.414833740461576,1.5851662595384233,0.801854217557697,0.9701174567597265,18.0,9.0,False,main,True
10272,2,2,7.414833740461576,1.5851662595384233,0.8238704156068418,0.9739530156976256,14.0,7.0,False,main,False
10272,3,3,8.414833740461576,1.5851662595384233,0.8414833740461576,0.9769152061893142,11.0,6.0,False,main,False
10272,4,4,9.414833740461576,1.5851662595384233,0.8558939764055978,0.9792720269013325,8.0,5.0,False,main,False
10272,5,5,10.414833740461576,1.5851662595384233,0.8679028117051314,0.9811919446731882,6.0,4.0,False,main,False
10272,6,6,11.414833740461576,1.5851662595384233,0.8780641338816597,0.9827861955602043,4.0,3.0,False,main,False
10272,7,7,12.414833740461576,1.5851662595384233,0.8867738386043983,0.9841311942891775,2.0,2.0,False,main,False
10272,8,8,13.414833740461576,1.5851662595384233,0.8943222493641051,0.9852811753381724,1.0,1.0,False,main,False
10272,9,9,14.414833740461576,1.5851662595384233,0.9009271087788485,0.986275698346744,-1.0,-1.0,True,main,False
9273,0,1,5.230391597683363,2.769608402316637,0.6537989497104204,0.8906496483457567,49.0,16.0,False,main,True
7338,1,1,6.252262668042075,1.747737331957925,0.7815328335052594,0.961554059898639,20.0,9.0,False,main,True
9353,1,1,6.220169518075975,1.7798304819240247,0.7775211897594969,0.9597619545644783,20.0,9.0,False,main,True
9353,2,2,7.220169518075975,1.7798304819240247,0.8022410575639972,0.964974807167792,16.0,8.0,False,main,False
9353,3,3,8.220169518075975,1.7798304819240247,0.8220169518075975,0.9689903884924039,12.0,6.0,False,main,False
9353,4,4,9.220169518075975,1.7798304819240247,0.8381972289159978,0.972179070821652,9.0,5.0,False,main,False
9353,5,5,10.220169518075975,1.7798304819240247,0.8516807931729979,0.9747726231821626,7.0,4.0,False,main,False
9353,6,6,11.220169518075975,1.7798304819240247,0.8630899629289212,0.9769235433024831,5.0,3.0,False,main,False
9353,7,7,12.220169518075975,1.7798304819240247,0.8728692512911411,0.9787362980941622,3.0,2.0,False,main,False
9353,8,8,13.220169518075975,1.7798304819240247,0.8813446345383984,0.980284862282516,1.0,1.0,False,main,False
9353,9,9,14.220169518075975,1.7798304819240247,0.8887605948797485,0.9816230916885393,-1.0,-1.0,True,main,False
4376,0,1,5.5251305580372065,2.4748694419627935,0.6906413197546508,0.913778934422077,39.0,14.0,False,main,True
7704,1,1,6.456261193764499,1.5437388062355009,0.8070326492205624,0.9721563418056341,17.0,8.0,False,main,True
7704,2,2,7.456261193764499,1.5437388062355009,0.8284734659738332,0.9757230494917215,14.0,7.0,False,main,False
7704,3,3,8.4562611937645,1.5437388062355009,0.8456261193764499,0.9784791120686184,11.0,6.0,False,main,False
7704,4,4,9.4562611937645,1.5437388062355009,0.8596601085240454,0.9806728511484906,8.0,5.0,False,main,False
7704,5,5,10.4562611937645,1.5437388062355009,0.8713550994803749,0.982460513935102,6.0,4.0,False,main,False
7704,6,6,11.4562611937645,1.5437388062355009,0.8812508610588077,0.9839453450283092,4.0,3.0,False,main,False
7704,7,7,12.4562611937645,1.5437388062355009,0.8897329424117499,0.9851983117498144,2.0,2.0,False,main,False
7704,8,8,13.4562611937645,1.5437388062355009,0.8970840795842999,0.9862698070257123,1.0,1.0,False,main,False
7704,9,9,14.4562611937645,1.5437388062355009,0.9035163246102812,0.9871966034313568,-1.0,-1.0,True,main,False
3309,0,1,5.438643118399272,2.561356881600728,0.679830389799909,0.9071968875404621,42.0,15.0,False,main,True
7838,1,1,6.485110837277286,1.5148891627227137,0.8106388546596608,0.9735403469523853,17.0,8.0,False,main,True
7838,2,2,7.485110837277286,1.5148891627227137,0.8316789819196985,0.9769250187714716,13.0,7.0,False,main,False
7838,3,3,8.485110837277286,1.5148891627227137,0.8485110837277287,0.9795414154075555,11.0,6.0,False,main,False
7838,4,4,9.485110837277286,1.5148891627227137,0.8622828033888442,0.981624595415411,8.0,5.0,False,main,False
7838,5,5,10.485110837277286,1.5148891627227137,0.8737592364397738,0.9833225593017576,6.0,4.0,False,main,False
7838,6,6,11.485110837277286,1.5148891627227137,0.8834700644059451,0.9847331532724927,4.0,3.0,False,main,False
7838,7,7,12.485110837277286,1.5148891627227137,0.8917936312340918,0.9859236619949068,2.0,2.0,False,main,False
7838,8,8,13.485110837277286,1.5148891627227137,0.8990073891518191,0.986941879734278,1.0,1.0,False,main,False
7838,9,9,14.485110837277286,1.5148891627227137,0.9053194273298304,0.9878226927438339,-1.0,-1.0,True,main,False
5402,0,1,5.341868887520516,2.6581311124794844,0.6677336109400644,0.8996280975588143,45.0,15.0,False,main,True
8225,1,1,6.328905022314835,1.671094977685165,0.7911131277893544,0.9657003228383484,19.0,9.0,False,main,True
8225,2,2,7.328905022314835,1.671094977685165,0.814322780257204,0.9701210155552932,15.0,7.0,False,main,False
8225,3,3,8.328905022314835,1.671094977685165,0.8328905022314835,0.9735312451270964,11.0,6.0,False,main,False
8225,4,4,9.328905022314835,1.671094977685165,0.8480822747558941,0.976242189355724,9.0,5.0,False,main,False
8225,5,5,10.328905022314835,1.671094977685165,0.860742085192903,0.9784490688410442,7.0,4.0,False,main,False
8225,6,6,11.328905022314835,1.671094977685165,0.8714542324857566,0.9802805854860068,4.0,3.0,False,main,False
8225,7,7,12.328905022314835,1.671094977685165,0.8806360730224883,0.9818250430405401,3.0,2.0,False,main,False
8225,8,8,13.328905022314835,1.671094977685165,0.8885936681543224,0.9831450506614241,1.0,1.0,False,main,False
8225,9,9,14.328905022314835,1.671094977685165,0.8955565638946772,0.9842862381048539,-1.0,-1.0,True,main,False
10591,1,1,6.448028375648308,1.5519716243516921,0.8060035469560385,0.97175595666737,17.0,8.0,False,main,True
10591,2,2,7.448028375648308,1.5519716243516921,0.8275587084053675,0.9753753965179778,14.0,7.0,False,main,False
10591,3,3,8.448028375648308,1.5519716243516921,0.8448028375648308,0.9781719024374733,11.0,6.0,False,main,False
10591,4,4,9.448028375648308,1.5519716243516921,0.8589116705134825,0.9803976472040998,8.0,5.0,False,main,False
10591,5,5,10.448028375648308,1.5519716243516921,0.8706690313040256,0.9822112710426375,6.0,4.0,False,main,False
10591,6,6,11.448028375648308,1.5519716243516921,0.8806175673575621,0.9837175842666684,4.0,3.0,False,main,False
10591,7,7,12.448028375648308,1.5519716243516921,0.8891448839748791,0.9849886218608901,2.0,2.0,False,main,False
10591,8,8,13.448028375648308,1.5519716243516921,0.8965352250432205,0.9860755298992117,1.0,1.0,False,main,False
10591,9,9,14.448028375648308,1.5519716243516921,0.9030017734780192,0.987015627504313,-1.0,-1.0,True,main,False
5468,1,1,6.245111682997073,1.7548883170029268,0.7806389603746341,0.9611575601863795,20.0,9.0,False,main,True
10062,0,1,5.5632371665648055,2.4367628334351945,0.6954046458206007,0.9166232145912944,38.0,14.0,False,main,True
10062,0,2,5.5632371665648055,3.4367628334351945,0.6181374629516451,0.8550408816722394,66.0,20.0,False,main,False
10062,0,3,5.5632371665648055,4.4367628334351945,0.5563237166564805,0.7965198038623548,110.0,28.0,False,main,False
10062,0,4,5.5632371665648055,5.4367628334351945,0.5057488333240733,0.7431891106621235,183.0,37.0,False,main,True
10062,0,5,5.5632371665648055,6.4367628334351945,0.4636030972137338,0.6952905095345914,307.0,49.0,False,main,True
1674,0,1,5.515884503524838,2.484115496475162,0.6894855629406047,0.9130836228705512,40.0,15.0,False,main,True
4167,0,1,5.306277149746881,2.6937228502531183,0.6632846437183602,0.8967913829203947,46.0,15.0,False,main,True
2443,0,1,5.152347275804965,2.8476527241950347,0.6440434094756207,0.8842024067181306,52.0,16.0,False,main,True
1681,1,1,6.574092782594886,1.4259072174051137,0.8217615978243608,0.9776180597199521,16.0,8.0,False,main,True
1681,2,2,7.574092782594886,1.4259072174051137,0.8415658647327651,0.9804686544431388,13.0,7.0,False,main,True
1681,3,3,8.574092782594885,1.4259072174051137,0.8574092782594886,0.9826748015765359,10.0,6.0,False,main,False
1681,4,4,9.574092782594885,1.4259072174051137,0.8703720711449897,0.9844329373293017,8.0,5.0,False,main,False
1681,5,5,10.574092782594885,1.4259072174051137,0.8811743985495739,0.9858669986179258,6.0,4.0,False,main,False
1681,6,6,11.574092782594885,1.4259072174051137,0.8903148294303759,0.9870590543480249,4.0,3.0,False,main,False
1681,7,7,12.574092782594885,1.4259072174051137,0.8981494844710634,0.9880656126567182,2.0,2.0,False,main,False
1681,8,8,13.574092782594885,1.4259072174051137,0.9049395188396591,0.9889268554830121,1.0,1.0,False,main,False
1681,9,9,14.574092782594885,1.4259072174051137,0.9108807989121804,0.9896721386549603,-1.0,-1.0,True,main,False
3382,1,1,6.1857496059036645,1.814250394096336,0.7732187007379581,0.9578041246460339,20.0,9.0,False,main,True
7165,1,1,6.422239026304922,1.577760973695078,0.8027798782881153,0.9704863175926016,18.0,9.0,False,main,True
1828,1,1,6.280039624459865,1.7199603755401358,0.7850049530574831,0.9630787281511896,19.0,9.0,False,main,True
5452,1,1,6.522339853734037,1.477660146265963,0.8152924817167546,0.9752819548086991,16.0,8.0,False,main,True
628,0,1,5.420600950690283,2.5793990493097168,0.6775751188362854,0.9058019609391699,42.0,15.0,False,main,True
11704,1,1,6.2429536864257065,1.757046313574294,0.7803692108032133,0.9610375875874244,20.0,9.0,False,main,True
