arm,s,n,post_a,post_b,q_mean,q_opt,m_mean,m_opt,confirmed,sel_kind,would_differ
1569,1,1,6.722892980402679,1.2771070195973206,0.8403616225503349,0.983758695076551,15.0,8.0,False,main,True
4544,1,1,6.730267698890263,1.2697323011097363,0.8412834623612829,0.9840398950403904,15.0,8.0,False,main,True
2265,1,1,6.765515583184357,1.234484416815643,0.8456894478980447,0.9853526091739558,14.0,8.0,False,main,True
5145,1,1,6.912164077403297,1.087835922596703,0.8640205096754121,0.9902385345992315,13.0,8.0,False,main,True
8789,0,1,5.678285083209023,2.3217149167909774,0.7097856354011278,0.9249980238308547,35.0,14.0,False,main,True
1875,1,1,6.921462007347398,1.0785379926526013,0.8651827509184248,0.9905159451367109,13.0,8.0,False,main,True
11355,1,1,6.740596739442539,1.2594032605574603,0.8425745924303174,0.9844299526494177,14.0,8.0,False,main,True
5705,1,1,6.70283689286824,1.2971631071317598,0.83785461160853,0.9829826258926206,15.0,8.0,False,main,True
11460,1,1,6.810604955434966,1.1893950445650332,0.8513256194293708,0.9869551275078096,14.0,8.0,False,main,True
6312,1,1,6.827501140531755,1.1724988594682453,0.8534376425664694,0.9875330500802479,14.0,8.0,False,main,True
5729,1,1,6.774839227281008,1.2251607727189913,0.846854903410126,0.9856911013116528,14.0,8.0,False,main,True
9753,1,1,6.913206686773142,1.0867933132268583,0.8641508358466428,0.9902698386076256,13.0,8.0,False,main,True
9753,2,2,7.913206686773142,1.0867933132268583,0.879245187419238,0.9914878421647422,11.0,7.0,False,main,False
9753,3,3,8.913206686773142,1.0867933132268583,0.8913206686773142,0.9924348105160533,9.0,6.0,False,main,False
9753,4,4,9.913206686773142,1.0867933132268583,0.9012006078884675,0.9931921596886614,7.0,5.0,False,main,False
9753,5,5,10.913206686773142,1.0867933132268583,0.9094338905644285,0.9938116631596287,5.0,4.0,False,main,False
9753,6,6,11.913206686773142,1.0867933132268583,0.9164005143671647,0.994327817594915,4.0,3.0,False,main,False
9753,7,7,12.913206686773142,1.0867933132268583,0.9223719061980816,0.9947644948156308,2.0,2.0,False,main,False
9753,8,8,13.913206686773142,1.0867933132268583,0.9275471124515428,0.9951387400100529,1.0,1.0,False,main,False
9753,9,9,14.913206686773142,1.0867933132268583,0.9320754179233214,0.9954630492563904,-1.0,-1.0,True,main,False
6110,0,1,5.62903642452909,2.3709635754709097,0.7036295530661363,0.9214525189631181,36.0,14.0,False,main,True
3440,1,1,6.790530693467949,1.2094693065320508,0.8488163366834937,0.9862524242652541,14.0,8.0,False,main,True
276,1,1,6.616353916494209,1.3836460835057909,0.8270442395617761,0.9794505697865487,16.0,8.0,False,main,True
9602,1,1,6.709193890474254,1.2908061095257457,0.8386492363092818,0.9832303950753043,15.0,8.0,False,main,True
9602,2,2,7.709193890474254,1.2908061095257457,0.8565770989415838,0.9853518262339249,12.0,7.0,False,main,False
9602,3,3,8.709193890474253,1.2908061095257457,0.8709193890474254,0.9869966206190305,10.0,6.0,False,main,False
9602,4,4,9.709193890474253,1.2908061095257457,0.882653990043114,0.9883092310957448,7.0,5.0,False,main,False
9602,5,5,10.709193890474253,1.2908061095257457,0.8924328242061877,0.9893810818209604,6.0,4.0,False,main,False
9602,6,6,11.709193890474253,1.2908061095257457,0.9007072223441733,0.9902728607863562,4.0,3.0,False,main,False
9602,7,7,12.709193890474253,1.2908061095257457,0.9077995636053038,0.9910264370068678,2.0,2.0,False,main,False
9602,8,8,13.709193890474253,1.2908061095257457,0.9139462593649502,0.9916716312633589,1.0,1.0,False,main,False
9602,9,9,14.709193890474253,1.2908061095257457,0.9193246181546408,0.9922302595249471,-1.0,-1.0,True,main,False
3085,1,1,6.7991605394354675,1.2008394605645325,0.8498950674294334,0.9865566419872642,14.0,8.0,False,main,True
1167,0,1,5.592556053411716,2.407443946588284,0.6990695066764645,0.918787975076934,37.0,14.0,False,main,True
1763,0,1,5.713468124934867,2.2865318750651333,0.7141835156168583,0.927494076141446,34.0,14.0,False,main,True
5688,1,1,6.598597396269598,1.4014026037304013,0.8248246745336998,0.9786889679542579,16.0,8.0,False,main,True
5688,2,2,7.598597396269598,1.4014026037304013,0.844288599585511,0.9813998814327392,13.0,7.0,False,main,True
5688,3,3,8.598597396269598,1.4014026037304013,0.8598597396269598,0.9834986094686923,10.0,6.0,False,main,False
5688,4,4,9.598597396269598,1.4014026037304013,0.8725997632972362,0.9851715611328138,8.0,5.0,False,main,False
5688,5,5,10.598597396269598,1.4014026037304013,0.8832164496891332,0.9865364134896535,6.0,4.0,False,main,False
5688,6,6,11.598597396269598,1.4014026037304013,0.892199799713046,0.9876711248050127,4.0,3.0,False,main,False
5688,7,7,12.598597396269598,1.4014026037304013,0.899899814019257,0.9886293919983009,2.0,2.0,False,main,False
5688,8,8,13.598597396269598,1.4014026037304013,0.9065731597513066,0.9894494092020095,1.0,1.0,False,main,False
5688,9,9,14.598597396269598,1.4014026037304013,0.9124123372668499,0.990159086860305,-1.0,-1.0,True,main,False
6430,0,1,5.8553150620417,2.1446849379583,0.7319143827552125,0.9372372866034034,31.0,13.0,False,main,True
5297,1,1,6.829677267103794,1.170322732896206,0.8537096583879743,0.9876065775404402,14.0,8.0,False,main,True
5297,2,2,7.829677267103794,1.170322732896206,0.8699641407893105,0.9891647593670477,11.0,7.0,False,main,False
5297,3,3,8.829677267103794,1.170322732896206,0.8829677267103794,0.9903748235409519,9.0,6.0,False,main,False
5297,4,4,9.829677267103794,1.170322732896206,0.8936070242821631,0.9913417250277815,7.0,5.0,False,main,False
5297,5,5,10.829677267103794,1.170322732896206,0.9024731055919828,0.992132075843494,5.0,4.0,False,main,False
5297,6,6,11.829677267103794,1.170322732896206,0.9099751743925995,0.9927901911020007,4.0,3.0,False,main,False
5297,7,7,12.829677267103794,1.170322732896206,0.9164055190788424,0.9933466986480541,2.0,2.0,False,main,False
5297,8,8,13.829677267103794,1.170322732896206,0.9219784844735862,0.9938234450132639,1.0,1.0,False,main,False
5297,9,9,14.829677267103794,1.170322732896206,0.9268548291939871,0.9942364322437586,-1.0,-1.0,True,main,False
7877,1,1,6.828213200631698,1.1717867993683027,0.8535266500789622,0.9875571321453598,14.0,8.0,False,main,True
7877,2,2,7.828213200631698,1.1717867993683027,0.8698014667368553,0.9891216493086049,11.0,7.0,False,main,False
7877,3,3,8.828213200631698,1.1717867993683027,0.8828213200631698,0.9903366092046877,9.0,6.0,False,main,False
7877,4,4,9.828213200631698,1.1717867993683027,0.8934739273301543,0.9913074075605689,7.0,5.0,False,main,False
7877,5,5,10.828213200631698,1.1717867993683027,0.9023511000526415,0.992100933849705,5.0,4.0,False,main,False
7877,6,6,11.828213200631698,1.1717867993683027,0.909862553894746,0.9927616865720511,4.0,3.0,False,main,False
7877,7,7,12.828213200631698,1.1717867993683027,0.9163009429022642,0.9933204196461274,2.0,2.0,False,main,False
7877,8,8,13.828213200631698,1.1717867993683027,0.9218808800421132,0.9937990691347226,1.0,1.0,False,main,False
7877,9,9,14.828213200631698,1.1717867993683027,0.9267633250394811,0.9942137024194212,-1.0,-1.0,True,main,False
10690,1,1,6.767154022144969,1.2328459778550307,0.8458942527681211,0.985412358943288,14.0,8.0,False,main,True
10690,2,2,7.767154022144969,1.2328459778550307,0.8630171135716632,0.9872523280541843,12.0,7.0,False,main,False
10690,3,3,8.767154022144968,1.2328459778550307,0.876715402214497,0.9886800131483164,9.0,6.0,False,main,False
10690,4,4,9.767154022144968,1.2328459778550307,0.88792309292227,0.9898200526476777,7.0,5.0,False,main,False
10690,5,5,10.767154022144968,1.2328459778550307,0.8972628351787475,0.9907514361958986,5.0,4.0,False,main,False
10690,6,6,11.767154022144968,1.2328459778550307,0.9051656940111515,0.9915266531577991,4.0,3.0,False,main,False
10690,7,7,12.767154022144968,1.2328459778550307,0.911939573010355,0.9921819472393292,2.0,2.0,False,main,False
10690,8,8,13.767154022144968,1.2328459778550307,0.917810268142998,0.9927431508754885,1.0,1.0,False,main,False
10690,9,9,14.767154022144968,1.2328459778550307,0.9229471263840606,0.9932291734853327,-1.0,-1.0,True,main,False
9289,1,1,6.771196507086253,1.2288034929137472,0.8463995633857816,0.9855592921218208,14.0,8.0,False,main,True
6366,0,1,5.655821902293654,2.3441780977063464,0.7069777377867067,0.9233882689901084,36.0,14.0,False,main,True
11523,1,1,6.920098407738369,1.0799015922616308,0.8650123009672961,0.9904755090462102,13.0,8.0,False,main,True
11523,2,2,7.920098407738369,1.0799015922616308,0.8800109341931521,0.9916673328318786,11.0,7.0,False,main,False
11523,3,3,8.920098407738369,1.0799015922616308,0.8920098407738368,0.9925940350073106,9.0,6.0,False,main,False
11523,4,4,9.920098407738369,1.0799015922616308,0.9018271279762153,0.9933352309400861,7.0,5.0,False,main,False
11523,5,5,10.920098407738369,1.0799015922616308,0.9100082006448641,0.9939415572310637,5.0,4.0,False,main,False
11523,6,6,11.920098407738369,1.0799015922616308,0.9169306467491053,0.9944467573657998,4.0,3.0,False,main,False
11523,7,7,12.920098407738369,1.0799015922616308,0.9228641719813121,0.9948741843897446,2.0,2.0,False,main,False
11523,8,8,13.920098407738369,1.0799015922616308,0.9280065605158913,0.9952405145065011,1.0,1.0,False,main,False
11523,9,9,14.920098407738369,1.0799015922616308,0.932506150483648,0.9955579741733442,-1.0,-1.0,True,main,False
2357,0,1,5.637429598224277,2.362570401775723,0.7046786997780347,0.9220609750501911,36.0,14.0,False,main,True
6064,1,1,6.949582594870726,1.0504174051292732,0.8686978243588408,0.9913307213763972,13.0,8.0,False,main,True
6064,2,2,7.949582594870726,1.0504174051292732,0.8832869549856363,0.9924138334124731,11.0,7.0,False,main,False
6064,3,3,8.949582594870726,1.0504174051292732,0.8949582594870726,0.9932563497771253,9.0,6.0,False,main,False
6064,4,4,9.949582594870726,1.0504174051292732,0.9045075086246115,0.9939304262638546,7.0,5.0,False,main,False
6064,5,5,10.949582594870726,1.0504174051292732,0.9124652162392272,0.9944819868754249,5.0,4.0,False,main,False
6064,6,6,11.949582594870726,1.0504174051292732,0.919198661143902,0.9949416514969328,4.0,3.0,False,main,False
6064,7,7,12.949582594870726,1.0504174051292732,0.924970185347909,0.9953306208596745,2.0,2.0,False,main,False
6064,8,8,13.949582594870726,1.0504174051292732,0.9299721729913818,0.9956640398163912,1.0,1.0,False,main,False
6064,9,9,14.949582594870726,1.0504174051292732,0.9343489121794204,0.995953015546213,-1.0,-1.0,True,main,False
3784,1,1,6.859815995403683,1.1401840045963165,0.8574769994254604,0.9886034755915124,14.0,8.0,False,main,True
7547,0,1,5.744221959542863,2.2557780404571366,0.7180277449428579,0.9296504052026814,34.0,14.0,False,main,True
11481,1,1,6.8542873768699994,1.1457126231300006,0.8567859221087499,0.9884236145288207,14.0,8.0,False,main,True
11481,2,2,7.8542873768699994,1.1457126231300006,0.8726985974299999,0.9898772121785105,11.0,7.0,False,main,False
11481,3,3,8.85428737687,1.1457126231300006,0.8854287376869999,0.9910064365497001,9.0,6.0,False,main,False
11481,4,4,9.85428737687,1.1457126231300006,0.8958443069881817,0.9919089787480552,7.0,5.0,False,main,False
11481,5,5,10.85428737687,1.1457126231300006,0.9045239480724999,0.9926468762096441,5.0,4.0,False,main,False
11481,6,6,11.85428737687,1.1457126231300006,0.9118682597592307,0.9932614194252887,4.0,3.0,False,main,False
11481,7,7,12.85428737687,1.1457126231300006,0.9181633840621428,0.9937811562980661,2.0,2.0,False,main,False
11481,8,8,13.85428737687,1.1457126231300006,0.9236191584579999,0.9942264559497981,1.0,1.0,False,main,False
11481,9,9,14.85428737687,1.1457126231300006,0.928392961054375,0.9946122420765572,-1.0,-1.0,True,main,False
8176,1,1,6.773849898532124,1.2261501014678768,0.8467312373165155,0.9856553589030398,14.0,8.0,False,main,True
8176,2,2,7.773849898532124,1.2261501014678768,0.8637610998369026,0.9874640576619608,12.0,7.0,False,main,False
8176,3,3,8.773849898532124,1.2261501014678768,0.8773849898532123,0.9888676062698677,9.0,6.0,False,main,False
8176,4,4,9.773849898532124,1.2261501014678768,0.8885318089574658,0.9899884510521325,7.0,5.0,False,main,False
8176,5,5,10.773849898532124,1.2261501014678768,0.897820824877677,0.9909042044732732,5.0,4.0,False,main,False
8176,6,6,11.773849898532124,1.2261501014678768,0.905680761425548,0.991666447068842,4.0,3.0,False,main,False
8176,7,7,12.773849898532124,1.2261501014678768,0.9124178498951517,0.9923107985320783,2.0,2.0,False,main,False
8176,8,8,13.773849898532124,1.2261501014678768,0.9182566599021416,0.992862648616141,1.0,1.0,False,main,False
8176,9,9,14.773849898532124,1.2261501014678768,0.9233656186582577,0.9933405839741312,-1.0,-1.0,True,main,False
2673,1,1,6.800969658259842,1.1990303417401584,0.8501212072824802,0.9866200104447366,14.0,8.0,False,main,True
4326,1,1,6.691870107833986,1.308129892166014,0.8364837634792482,0.9825513141542268,15.0,8.0,False,main,True
8300,1,1,6.648303598762984,1.351696401237016,0.831037949845373,0.9807900263815726,15.0,8.0,False,main,True
8300,2,2,7.648303598762984,1.351696401237016,0.8498115109736649,0.9832276293965618,12.0,7.0,False,main,False
8300,3,3,8.648303598762984,1.351696401237016,0.8648303598762984,0.9851160178860626,10.0,6.0,False,main,False
8300,4,4,9.648303598762984,1.351696401237016,0.8771185089784531,0.9866220740282395,8.0,5.0,False,main,False
8300,5,5,10.648303598762984,1.351696401237016,0.8873586332302487,0.9878512688704959,6.0,4.0,False,main,False
8300,6,6,11.648303598762984,1.351696401237016,0.8960233537509988,0.988873537409548,4.0,3.0,False,main,False
8300,7,7,12.648303598762984,1.351696401237016,0.9034502570544989,0.9897370851655826,2.0,2.0,False,main,False
8300,8,8,13.648303598762984,1.351696401237016,0.9098869065841989,0.9904762207704717,1.0,1.0,False,main,False
8300,9,9,14.648303598762984,1.351696401237016,0.9155189749226865,0.9911160278780389,-1.0,-1.0,True,main,False
9468,0,1,5.711217484773573,2.288782515226427,0.7139021855966966,0.9273353331783366,34.0,14.0,False,main,True
9468,0,2,5.711217484773573,3.288782515226427,0.634579720530397,0.8668471168185703,59.0,19.0,False,main,False
9468,0,3,5.711217484773573,4.288782515226427,0.5711217484773573,0.8085255305127866,98.0,26.0,False,main,True
9468,0,4,5.711217484773573,5.288782515226427,0.5192015895248703,0.7550164291491311,159.0,35.0,False,main,True
5965,1,1,6.5908318522609255,1.4091681477390745,0.8238539815326157,0.9783520778140216,16.0,8.0,False,main,True
1591,0,1,5.623248533755871,2.376751466244129,0.7029060667194839,0.9210319279614015,37.0,14.0,False,main,True
2384,1,1,6.849383041681844,1.150616958318156,0.8561728802102305,0.9882629276367881,14.0,8.0,False,main,True
10205,1,1,6.60952009099323,1.3904799090067708,0.8261900113741537,0.979158899539575,16.0,8.0,False,main,True
10205,2,2,7.60952009099323,1.3904799090067708,0.845502232332581,0.9818085976885851,13.0,7.0,False,main,False
10205,3,3,8.609520090993229,1.3904799090067708,0.8609520090993229,0.9838602325440504,10.0,6.0,False,main,False
10205,4,4,9.609520090993229,1.3904799090067708,0.873592735544839,0.9854958287949085,8.0,5.0,False,main,False
10205,5,5,10.609520090993229,1.3904799090067708,0.8841266742494357,0.9868303246948987,6.0,4.0,False,main,False
10205,6,6,11.609520090993229,1.3904799090067708,0.8930400069994792,0.9879398791615306,4.0,3.0,False,main,False
10205,7,7,12.609520090993229,1.3904799090067708,0.9006800064995163,0.9888769580890252,2.0,2.0,False,main,False
10205,8,8,13.609520090993229,1.3904799090067708,0.9073013393995486,0.98967888488047,1.0,1.0,False,main,False
10205,9,9,14.609520090993229,1.3904799090067708,0.9130950056870768,0.9903729366845254,-1.0,-1.0,True,main,False
417,1,1,6.871023976874875,1.1289760231251247,0.8588779971093594,0.988963923316473,13.0,8.0,False,main,True
5728,1,1,6.737283290330779,1.2627167096692213,0.8421604112913473,0.9843053095016449,15.0,8.0,False,main,True
7634,0,1,5.747563890965708,2.252436109034292,0.7184454863707135,0.929883282737338,34.0,14.0,False,main,True
7634,0,2,5.747563890965708,3.252436109034292,0.6386182101073009,0.8696947010447157,58.0,19.0,False,main,False
7634,0,3,5.747563890965708,4.252436109034292,0.5747563890965708,0.8114371620031002,95.0,26.0,False,main,False
7634,0,4,5.747563890965708,5.252436109034292,0.5225058082696098,0.7578928618912297,154.0,35.0,False,main,True
7634,0,5,5.747563890965708,6.252436109034292,0.47896365758047565,0.709571103738557,252.0,46.0,False,main,True
12024,0,1,5.607021231255485,2.3929787687445154,0.7008776539069356,0.9198483825554341,37.0,14.0,False,main,True
7379,1,1,6.608872640648493,1.3911273593515068,0.8261090800810617,0.9791311723551538,16.0,8.0,False,main,True
10538,1,1,6.596083675247201,1.4039163247527988,0.8245104594059002,0.9785801691321565,16.0,8.0,False,main,True
10538,2,2,7.596083675247201,1.4039163247527988,0.8440092972496891,0.9813052621349458,13.0,7.0,False,main,False
10538,3,3,8.5960836752472,1.4039163247527988,0.85960836752472,0.9834148970661907,10.0,6.0,False,main,False
10538,4,4,9.5960836752472,1.4039163247527988,0.8723712432042909,0.9850964994424781,8.0,5.0,False,main,False
10538,5,5,10.5960836752472,1.4039163247527988,0.8830069729372667,0.9864683811289003,6.0,4.0,False,main,False
10538,6,6,11.5960836752472,1.4039163247527988,0.8920064365574769,0.9876089173681629,4.0,3.0,False,main,False
10538,7,7,12.5960836752472,1.4039163247527988,0.8997202625176571,0.9885720903133177,2.0,2.0,False,main,False
10538,8,8,13.5960836752472,1.4039163247527988,0.9064055783498134,0.9893962958244853,1.0,1.0,False,main,False
10538,9,9,14.5960836752472,1.4039163247527988,0.91225522970295,0.9901095910510138,-1.0,-1.0,True,main,False
11582,1,1,6.8988441199286585,1.1011558800713415,0.8623555149910823,0.989834244579556,13.0,8.0,False,main,True
11582,2,2,7.8988441199286585,1.1011558800713415,0.8776493466587398,0.9911077392604848,11.0,7.0,False,main,False
11582,3,3,8.898844119928658,1.1011558800713415,0.8898844119928657,0.9920976550557282,9.0,6.0,False,main,False
11582,4,4,9.898844119928658,1.1011558800713415,0.8998949199935143,0.9928892300246613,7.0,5.0,False,main,False
11582,5,5,10.898844119928658,1.1011558800713415,0.9082370099940548,0.9935366498799653,5.0,4.0,False,main,False
11582,6,6,11.898844119928658,1.1011558800713415,0.9152957015329737,0.9940760089397627,4.0,3.0,False,main,False
11582,7,7,12.898844119928658,1.1011558800713415,0.9213460085663326,0.9945322792030367,2.0,2.0,False,main,False
11582,8,8,13.898844119928658,1.1011558800713415,0.9265896079952438,0.9949232882223802,1.0,1.0,False,main,False
11582,9,9,14.898844119928658,1.1011558800713415,0.9311777574955411,0.9952621036663061,-1.0,-1.0,True,main,False
9153,0,1,5.6562500216564375,2.343749978343562,0.7070312527070547,0.923419065428911,36.0,14.0,False,main,True
8028,0,1,5.66232052876338,2.33767947123662,0.7077900660954225,0.9238552560943871,36.0,14.0,False,main,True
8028,0,2,5.66232052876338,3.33767947123662,0.6291467254181533,0.8629835681960656,61.0,20.0,False,main,False
8028,0,3,5.66232052876338,4.33767947123662,0.566232052876338,0.8045853153350823,101.0,27.0,False,main,True
8028,0,4,5.66232052876338,5.33767947123662,0.5147564117057618,0.7511289832547853,167.0,36.0,False,main,True
8746,0,1,5.7609084719775545,2.2390915280224455,0.7201135589971943,0.930810340565051,33.0,14.0,False,main,True
3452,1,1,6.930856046757623,1.069143953242377,0.8663570058447029,0.9907921929272724,13.0,8.0,False,main,True
3452,2,2,7.930856046757623,1.069143953242377,0.8812062274175136,0.9919437327928579,11.0,7.0,False,main,False
3452,3,3,8.930856046757622,1.069143953242377,0.8930856046757623,0.9928392450680376,9.0,6.0,False,main,False
3452,4,4,9.930856046757622,1.069143953242377,0.9028050951597838,0.9935555775661389,7.0,5.0,False,main,False
3452,5,5,10.930856046757622,1.069143953242377,0.9109046705631352,0.994141619026793,5.0,4.0,False,main,False
3452,6,6,11.930856046757622,1.069143953242377,0.917758157442894,0.994629954705403,4.0,3.0,False,main,False
3452,7,7,12.930856046757622,1.069143953242377,0.9236325747684015,0.9950431397295852,2.0,2.0,False,main,False
3452,8,8,13.930856046757622,1.069143953242377,0.9287237364505081,0.9953972826860268,1.0,1.0,False,main,False
3452,9,9,14.930856046757622,1.069143953242377,0.9331785029223514,0.9957041952134608,-1.0,-1.0,True,main,False
9410,0,1,5.610425600461274,2.389574399538726,0.7013032000576592,0.9200972120909237,37.0,14.0,False,main,True
10116,1,1,6.883539691599198,1.1164603084008013,0.8604424614498998,0.9893597800906166,13.0,8.0,False,main,True
10116,2,2,7.883539691599198,1.1164603084008013,0.8759488546221331,0.9906937850227426,11.0,7.0,False,main,False
10116,3,3,8.883539691599198,1.1164603084008013,0.8883539691599198,0.9917305189802862,9.0,6.0,False,main,False
10116,4,4,9.883539691599198,1.1164603084008013,0.8985036083271999,0.9925593958443716,7.0,5.0,False,main,False
10116,5,5,10.883539691599198,1.1164603084008013,0.9069616409665998,0.9932372355328757,5.0,4.0,False,main,False
10116,6,6,11.883539691599198,1.1164603084008013,0.914118437815323,0.9938018763389809,4.0,3.0,False,main,False
10116,7,7,12.883539691599198,1.1164603084008013,0.9202528351142284,0.9942794908159254,2.0,2.0,False,main,False
10116,8,8,13.883539691599198,1.1164603084008013,0.9255693127732799,0.9946887600347085,1.0,1.0,False,main,False
10116,9,9,14.883539691599198,1.1164603084008013,0.9302212307249499,0.9950433751000304,-1.0,-1.0,True,main,False
1558,1,1,6.878737483376698,1.1212625166233021,0.8598421854220872,0.9892087241079657,13.0,8.0,False,main,True
3862,1,1,6.698886391971175,1.3011136080288246,0.8373607989963969,0.9828278208210772,15.0,8.0,False,main,True
11570,1,1,6.635795028578103,1.3642049714218965,0.8294743785722629,0.9802703847850524,15.0,8.0,False,main,True
8386,0,1,5.82312837603825,2.17687162396175,0.7278910470047812,0.9350722526507975,32.0,13.0,False,main,True
8386,0,2,5.82312837603825,3.17687162396175,0.64701426400425,0.8755478579811177,55.0,19.0,False,main,False
8386,0,3,5.82312837603825,4.17687162396175,0.582312837603825,0.8174432083946548,89.0,26.0,False,main,True
8386,0,4,5.82312837603825,5.17687162396175,0.5293753069125682,0.7638369012183044,144.0,34.0,False,main,True
10926,0,1,5.652218997254774,2.347781002745226,0.7065273746568468,0.9231289178336868,36.0,14.0,False,main,True
10926,0,2,5.652218997254774,3.347781002745226,0.6280243330283083,0.8621807590235165,62.0,20.0,False,main,False
10926,0,3,5.652218997254774,4.347781002745226,0.5652218997254774,0.8037680068057583,102.0,27.0,False,main,True
10926,0,4,5.652218997254774,5.347781002745226,0.5138380906595249,0.7503233433021058,168.0,36.0,False,main,True
7015,1,1,6.944785901447296,1.0552140985527045,0.868098237680912,0.9911943286958609,13.0,8.0,False,main,True
7793,1,1,6.71228407199623,1.2877159280037707,0.8390355089995287,0.9833502400808173,15.0,8.0,False,main,True
7793,2,2,7.71228407199623,1.2877159280037707,0.8569204524440255,0.9854561809691529,12.0,7.0,False,main,False
7793,3,3,8.71228407199623,1.2877159280037707,0.871228407199623,0.9870890331978077,9.0,6.0,False,main,False
7793,4,4,9.71228407199623,1.2877159280037707,0.8829349156360209,0.9883921553209063,7.0,5.0,False,main,False
7793,5,5,10.71228407199623,1.2877159280037707,0.8926903393330191,0.9894562853971316,6.0,4.0,False,main,False
7793,6,6,11.71228407199623,1.2877159280037707,0.9009449286150946,0.9903416593709353,4.0,3.0,False,main,False
7793,7,7,12.71228407199623,1.2877159280037707,0.9080202908568735,0.9910898362760021,2.0,2.0,False,main,False
7793,8,8,13.71228407199623,1.2877159280037707,0.9141522714664153,0.9917304172220299,1.0,1.0,False,main,False
7793,9,9,14.71228407199623,1.2877159280037707,0.9195177544997644,0.9922850581548742,-1.0,-1.0,True,main,False
222,1,1,6.78142681634722,1.2185731836527804,0.8476783520434025,0.9859280355498096,14.0,8.0,False,main,True
5622,1,1,6.747230748077377,1.2527692519226226,0.8434038435096721,0.9846781300219307,14.0,8.0,False,main,True
4045,1,1,6.696888405299051,1.3031115947009488,0.8371110506623813,0.9827492853429922,15.0,8.0,False,main,True
1491,1,1,6.921923341354279,1.0780766586457216,0.8652404176692848,0.9905296061835671,13.0,8.0,False,main,True
1491,2,2,7.921923341354279,1.0780766586457216,0.8802137045949199,0.9917145462105604,11.0,7.0,False,main,False
1491,3,3,8.92192334135428,1.0780766586457216,0.8921923341354278,0.9926359190958162,9.0,6.0,False,main,False
1491,4,4,9.92192334135428,1.0780766586457216,0.9019930310322071,0.9933728670085576,7.0,5.0,False,main,False
1491,5,5,10.92192334135428,1.0780766586457216,0.9101602784461899,0.9939757277439966,5.0,4.0,False,main,False
1491,6,6,11.92192334135428,1.0780766586457216,0.9170710262580214,0.9944780468059293,4.0,3.0,False,main,False
1491,7,7,12.92192334135428,1.0780766586457216,0.9229945243824484,0.9949030408610523,2.0,2.0,False,main,False
1491,8,8,13.92192334135428,1.0780766586457216,0.9281282227569518,0.9952672891045726,1.0,1.0,False,main,False
1491,9,9,14.92192334135428,1.0780766586457216,0.9326202088346425,0.9955829471040728,-1.0,-1.0,True,main,False
1090,1,1,6.665423525930697,1.3345764740693031,0.8331779407413371,0.9814911996109443,15.0,8.0,False,main,True
4926,1,1,6.875554450838879,1.1244455491611207,0.8594443063548599,0.9891080288071633,13.0,8.0,False,main,True
4926,2,2,7.875554450838879,1.1244455491611207,0.8750616056487643,0.9904741685128489,11.0,7.0,False,main,False
4926,3,3,8.87555445083888,1.1244455491611207,0.8875554450838881,0.9915357601206537,9.0,6.0,False,main,False
4926,4,4,9.87555445083888,1.1244455491611207,0.8977776773489891,0.9923844385050484,7.0,5.0,False,main,False
4926,5,5,10.87555445083888,1.1244455491611207,0.9062962042365733,0.9930784240876439,5.0,4.0,False,main,False
4926,6,6,11.87555445083888,1.1244455491611207,0.9135041885260677,0.9936564820775055,4.0,3.0,False,main,False
4926,7,7,12.87555445083888,1.1244455491611207,0.9196824607742057,0.9941454229576459,2.0,2.0,False,main,False
4926,8,8,13.87555445083888,1.1244455491611207,0.9250369633892587,0.9945643812328929,1.0,1.0,False,main,False
4926,9,9,14.87555445083888,1.1244455491611207,0.92972215317743,0.9949273791522928,-1.0,-1.0,True,main,False
4254,0,1,5.904145909951266,2.0958540900487344,0.7380182387439083,0.9404692527018077,30.0,13.0,False,main,True
193,1,1,6.833147367618063,1.166852632381937,0.8541434209522579,0.9877233968936544,14.0,8.0,False,main,True
3901,1,1,6.681380006094954,1.3186199939050467,0.8351725007618692,0.9821341864700621,15.0,8.0,False,main,True
9419,1,1,6.734030558290626,1.2659694417093745,0.8417538197863282,0.9841825060110896,15.0,8.0,False,main,True
4611,1,1,6.715866610282433,1.2841333897175669,0.8394833262853041,0.9834886895607587,15.0,8.0,False,main,True
5861,0,1,5.638594457183857,2.3614055428161427,0.7048243071479822,0.9221452842713024,36.0,14.0,False,main,True
7927,1,1,6.723667392980361,1.2763326070196392,0.8404584241225451,0.9837883292703765,15.0,8.0,False,main,True
7927,2,2,7.723667392980361,1.2763326070196392,0.8581852658867067,0.9858376760835318,12.0,7.0,False,main,False
7927,3,3,8.72366739298036,1.2763326070196392,0.872366739298036,0.9874268910665552,9.0,6.0,False,main,False
7927,4,4,9.72366739298036,1.2763326070196392,0.8839697629982145,0.9886953384089238,7.0,5.0,False,main,False
7927,5,5,10.72366739298036,1.2763326070196392,0.89363894941503,0.9897312512112764,6.0,4.0,False,main,False
7927,6,6,11.72366739298036,1.2763326070196392,0.901820568690797,0.9905932146654165,4.0,3.0,False,main,False
7927,7,7,12.72366739298036,1.2763326070196392,0.9088333852128828,0.9913216556620666,2.0,2.0,False,main,False
7927,8,8,13.72366739298036,1.2763326070196392,0.914911159532024,0.9919453729042004,1.0,1.0,False,main,False
7927,9,9,14.72366739298036,1.2763326070196392,0.9202292120612725,0.9924854377478733,-1.0,-1.0,True,main,False
3864,1,1,6.742499679535054,1.2575003204649462,0.8428124599418817,0.9845013293440174,14.0,8.0,False,main,True
5916,1,1,6.752746371776383,1.247253628223617,0.8440932964720479,0.984883066978187,14.0,8.0,False,main,True
4510,1,1,6.722783341404877,1.2772166585951226,0.8403479176756097,0.9837544975563834,15.0,8.0,False,main,True
6067,1,1,6.763652630575011,1.2363473694249891,0.8454565788218764,0.985284534068682,14.0,8.0,False,main,True
6433,1,1,6.6437897304184075,1.3562102695815927,0.8304737163023009,0.9806032185768015,15.0,8.0,False,main,True
12070,0,1,5.739816119598376,2.260183880401624,0.717477014949797,0.9293429566217587,34.0,14.0,False,main,True
2431,1,1,6.696600329836262,1.3033996701637376,0.8370750412295328,0.9827379484787032,15.0,8.0,False,main,True
8834,1,1,6.595548281439984,1.404451718560016,0.824443535179998,0.9785569648971355,16.0,8.0,False,main,True
3747,1,1,6.653158928613439,1.346841071386561,0.8316448660766799,0.9809900662459603,15.0,8.0,False,main,True
8099,1,1,6.707072566754511,1.292927433245489,0.8383840708443139,0.9831478984178772,15.0,8.0,False,main,True
8099,2,2,7.707072566754511,1.292927433245489,0.8563413963060568,0.9852799945189381,12.0,7.0,False,main,False
8099,3,3,8.707072566754512,1.292927433245489,0.8707072566754512,0.9869330105676087,10.0,6.0,False,main,False
8099,4,4,9.707072566754512,1.292927433245489,0.8824611424322284,0.9882521531078121,7.0,5.0,False,main,False
8099,5,5,10.707072566754512,1.292927433245489,0.8922560472295427,0.9893293187869989,6.0,4.0,False,main,False
8099,6,6,11.707072566754512,1.292927433245489,0.9005440435965009,0.9902255068833947,4.0,3.0,False,main,False
8099,7,7,12.707072566754512,1.292927433245489,0.9076480404824652,0.990982799857715,2.0,2.0,False,main,False
8099,8,8,13.707072566754512,1.292927433245489,0.9138048377836341,0.9916311697442184,1.0,1.0,False,main,False
8099,9,9,14.707072566754512,1.292927433245489,0.919192035422157,0.9921925426909128,-1.0,-1.0,True,main,False
11287,1,1,6.6857039418888125,1.3142960581111875,0.8357129927361016,0.9823066619338893,15.0,8.0,False,main,True
11287,2,2,7.6857039418888125,1.3142960581111875,0.8539671046543125,0.9845476048871715,12.0,7.0,False,main,False
11287,3,3,8.685703941888812,1.3142960581111875,0.8685703941888813,0.9862845118460816,10.0,6.0,False,main,False
11287,4,4,9.685703941888812,1.3142960581111875,0.8805185401717103,0.9876702931386986,8.0,5.0,False,main,False
11287,5,5,10.685703941888812,1.3142960581111875,0.8904753284907344,0.98880167306189,6.0,4.0,False,main,False
11287,6,6,11.685703941888812,1.3142960581111875,0.8989003032222164,0.989742830444481,4.0,3.0,False,main,False
11287,7,7,12.685703941888812,1.3142960581111875,0.9061217101349152,0.9905380273760843,2.0,2.0,False,main,False
11287,8,8,13.685703941888812,1.3142960581111875,0.9123802627925875,0.9912187801114998,1.0,1.0,False,main,False
11287,9,9,14.685703941888812,1.3142960581111875,0.9178564963680508,0.991808139472567,-1.0,-1.0,True,main,False
10778,1,1,6.695282222160168,1.3047177778398313,0.836910277770021,0.9826860329054173,15.0,8.0,False,main,True
10778,2,2,7.695282222160168,1.3047177778398313,0.8550313580177965,0.9848778682673214,12.0,7.0,False,main,False
10778,3,3,8.695282222160168,1.3047177778398313,0.8695282222160168,0.9865769312417717,10.0,6.0,False,main,False
10778,4,4,9.695282222160168,1.3047177778398313,0.8813892929236516,0.9879326538727086,7.0,5.0,False,main,False
10778,5,5,10.695282222160168,1.3047177778398313,0.8912735185133474,0.9890395811942968,6.0,4.0,False,main,False
10778,6,6,11.695282222160168,1.3047177778398313,0.8996370940123206,0.9899604569709137,4.0,3.0,False,main,False
10778,7,7,12.695282222160168,1.3047177778398313,0.9068058730114406,0.9907385596586035,2.0,2.0,False,main,False
10778,8,8,13.695282222160168,1.3047177778398313,0.9130188148106779,0.9914047087011995,1.0,1.0,False,main,False
10778,9,9,14.695282222160168,1.3047177778398313,0.9184551388850105,0.9919814474691329,-1.0,-1.0,True,main,False
1561,1,1,6.729430290678815,1.2705697093211845,0.8411787863348519,0.9840080777086534,15.0,8.0,False,main,True
11037,1,1,6.654466449682698,1.3455335503173018,0.8318083062103373,0.9810437765391805,15.0,8.0,False,main,True
11037,2,2,7.654466449682698,1.3455335503173018,0.8504962721869664,0.9834484387986812,12.0,7.0,False,main,False
11037,3,3,8.654466449682698,1.3455335503173018,0.8654466449682697,0.985311461837352,10.0,6.0,False,main,False
11037,4,4,9.654466449682698,1.3455335503173018,0.8776787681529725,0.9867973828610064,8.0,5.0,False,main,False
11037,5,5,10.654466449682698,1.3455335503173018,0.8878722041402248,0.9880102056821841,6.0,4.0,False,main,False
11037,6,6,11.654466449682698,1.3455335503173018,0.8964974192063614,0.9890189001232631,4.0,3.0,False,main,False
11037,7,7,12.654466449682698,1.3455335503173018,0.9038904606916213,0.9898710107046039,2.0,2.0,False,main,False
11037,8,8,13.654466449682698,1.3455335503173018,0.9102977633121798,0.9906003781269579,1.0,1.0,False,main,False
11037,9,9,14.654466449682698,1.3455335503173018,0.9159041531051686,0.9912317454716493,-1.0,-1.0,True,main,False
9542,0,1,5.714093508173265,2.285906491826735,0.7142616885216582,0.9275381632779084,34.0,14.0,False,main,True
9542,0,2,5.714093508173265,3.285906491826735,0.6348992786859183,0.8670731980892067,59.0,19.0,False,main,False
9542,0,3,5.714093508173265,4.285906491826735,0.5714093508173266,0.8087564587351003,97.0,26.0,False,main,True
9542,0,4,5.714093508173265,5.285906491826735,0.5194630461975696,0.7552444464187008,159.0,35.0,False,main,True
6458,1,1,6.9535667828321275,1.0464332171678727,0.8691958478540159,0.9914431972968972,13.0,8.0,False,main,True
4872,1,1,6.911587644174207,1.0884123558257928,0.8639484555217759,0.9902212060519405,13.0,8.0,False,main,True
11984,1,1,6.6630058901778275,1.3369941098221725,0.8328757362722284,0.9813928886240977,15.0,8.0,False,main,True
1490,1,1,6.715578166382873,1.2844218336171274,0.8394472707978591,0.9834775619760132,15.0,8.0,False,main,True
5095,1,1,6.9126982751709845,1.0873017248290153,0.8640872843963731,0.990254579921409,13.0,8.0,False,main,True
9770,1,1,6.748238654405634,1.2517613455943657,0.8435298318007043,0.9847156746805621,14.0,8.0,False,main,True
9770,2,2,7.748238654405634,1.2517613455943657,0.8609154060450704,0.9866453813713819,12.0,7.0,False,main,False
9770,3,3,8.748238654405634,1.2517613455943657,0.8748238654405635,0.9881423140298069,9.0,6.0,False,main,False
9770,4,4,9.748238654405634,1.2517613455943657,0.8862035140368758,0.9893374122734722,7.0,5.0,False,main,False
9770,5,5,10.748238654405634,1.2517613455943657,0.8956865545338029,0.9903136227256455,5.0,4.0,False,main,False
9770,6,6,11.748238654405634,1.2517613455943657,0.9037106657235103,0.9911260451485207,4.0,3.0,False,main,False
9770,7,7,12.748238654405634,1.2517613455943657,0.9105884753146881,0.9918127150811423,2.0,2.0,False,main,False
9770,8,8,13.748238654405634,1.2517613455943657,0.9165492436270423,0.9924007358158702,1.0,1.0,False,main,False
9770,9,9,14.748238654405634,1.2517613455943657,0.9217649159003521,0.992909943195814,-1.0,-1.0,True,main,False
8207,1,1,6.749933217706425,1.2500667822935754,0.8437416522133031,0.9847787015300009,14.0,8.0,False,main,True
8207,2,2,7.749933217706425,1.2500667822935754,0.8611036908562695,0.9867002848026045,12.0,7.0,False,main,False
8207,3,3,8.749933217706424,1.2500667822935754,0.8749933217706424,0.98819094995553,9.0,6.0,False,main,False
8207,4,4,9.749933217706424,1.2500667822935754,0.8863575652460386,0.9893810655630829,7.0,5.0,False,main,False
8207,5,5,10.749933217706424,1.2500667822935754,0.895827768142202,0.990353219753541,5.0,4.0,False,main,False
8207,6,6,11.749933217706424,1.2500667822935754,0.903841016746648,0.9911622758461575,4.0,3.0,False,main,False
8207,7,7,12.749933217706424,1.2500667822935754,0.9107095155504589,0.9918461071104314,2.0,2.0,False,main,False
8207,8,8,13.749933217706424,1.2500667822935754,0.9166622145137616,0.9924317017665888,1.0,1.0,False,main,False
8207,9,9,14.749933217706424,1.2500667822935754,0.9218708261066515,0.9929388117836584,-1.0,-1.0,True,main,False
9606,0,1,5.828167632280723,2.1718323677192766,0.7285209540350904,0.9354130195039085,32.0,13.0,False,main,True
9606,0,2,5.828167632280723,3.1718323677192766,0.6475741813645248,0.8759349512090262,54.0,19.0,False,main,False
9606,0,3,5.828167632280723,4.171832367719277,0.5828167632280723,0.8178414624142516,89.0,26.0,False,main,True
9606,0,4,5.828167632280723,5.171832367719277,0.5298334211164294,0.7642315632894983,144.0,34.0,False,main,True
3173,0,1,5.672503366741384,2.327496633258616,0.709062920842673,0.9245848890230793,35.0,14.0,False,main,True
11634,0,1,5.937018159091199,2.0629818409088005,0.7421272698863999,0.9426086792818874,30.0,13.0,False,main,True
7218,1,1,6.9326380601602295,1.06736193983977,0.8665797575200287,0.9908441374851141,13.0,8.0,False,main,True
4878,0,1,5.625737656500016,2.374262343499984,0.703217207062502,0.9212129062297522,37.0,14.0,False,main,True
8733,1,1,6.676898418551472,1.3231015814485283,0.834612302318934,0.9819546273437363,15.0,8.0,False,main,True
8733,2,2,7.676898418551472,1.3231015814485283,0.8529887131723858,0.98424117003707,12.0,7.0,False,main,False
8733,3,3,8.676898418551472,1.3231015814485283,0.8676898418551472,0.9860132112634423,10.0,6.0,False,main,False
8733,4,4,9.676898418551472,1.3231015814485283,0.8797180380501338,0.9874268950031463,8.0,5.0,False,main,False
8733,5,5,10.676898418551472,1.3231015814485283,0.8897415348792893,0.9885809709077431,6.0,4.0,False,main,False
8733,6,6,11.676898418551472,1.3231015814485283,0.8982229552731902,0.9895409511920457,4.0,3.0,False,main,False
8733,7,7,12.676898418551472,1.3231015814485283,0.905492744182248,0.9903520117048147,2.0,2.0,False,main,False
8733,8,8,13.676898418551472,1.3231015814485283,0.9117932279034314,0.9910463159069521,1.0,1.0,False,main,False
8733,9,9,14.676898418551472,1.3231015814485283,0.917306151159467,0.9916473858827818,-1.0,-1.0,True,main,False
9649,1,1,6.711868479468271,1.2881315205317287,0.8389835599335339,0.983334145141274,15.0,8.0,False,main,True
9649,2,2,7.711868479468271,1.2881315205317287,0.8568742754964745,0.9854421661367866,12.0,7.0,False,main,False
9649,3,3,8.711868479468272,1.2881315205317287,0.8711868479468272,0.9870766220578314,10.0,6.0,False,main,False
9649,4,4,9.711868479468272,1.2881315205317287,0.8828971344971156,0.9883810183824413,7.0,5.0,False,main,False
9649,5,5,10.711868479468272,1.2881315205317287,0.892655706622356,0.989446185290134,6.0,4.0,False,main,False
9649,6,6,11.711868479468272,1.2881315205317287,0.9009129599590978,0.990332419422882,4.0,3.0,False,main,False
9649,7,7,12.711868479468272,1.2881315205317287,0.9079906056763052,0.9910813214375352,2.0,2.0,False,main,False
9649,8,8,13.711868479468272,1.2881315205317287,0.9141245652978848,0.9917225219411442,1.0,1.0,False,main,False
9649,9,9,14.711868479468272,1.2881315205317287,0.919491779966767,0.9922776983678485,-1.0,-1.0,True,main,False
9322,1,1,6.6852287031316315,1.3147712968683685,0.8356535878914539,0.9822877422699322,15.0,8.0,False,main,True
10316,1,1,6.5910330444608825,1.408966955539118,0.8238791305576103,0.9783608352257613,16.0,8.0,False,main,True
10316,2,2,7.5910330444608825,1.408966955539118,0.8434481160512092,0.9811145214234723,13.0,7.0,False,main,False
10316,3,3,8.591033044460882,1.408966955539118,0.8591033044460883,0.9832461485838797,10.0,6.0,False,main,False
10316,4,4,9.591033044460882,1.408966955539118,0.8719120949509893,0.9849451928967228,8.0,5.0,False,main,False
10316,5,5,10.591033044460882,1.408966955539118,0.8825860870384069,0.9863312467656489,6.0,4.0,False,main,False
10316,6,6,11.591033044460882,1.408966955539118,0.891617926496991,0.9874835264858137,4.0,3.0,False,main,False
10316,7,7,12.591033044460882,1.408966955539118,0.8993595031757773,0.9884565894863425,2.0,2.0,False,main,False
10316,8,8,13.591033044460882,1.408966955539118,0.9060688696307255,0.9892892384562825,1.0,1.0,False,main,False
10316,9,9,14.591033044460882,1.408966955539118,0.9119395652788052,0.9900098263922584,-1.0,-1.0,True,main,False
4423,1,1,6.733263128366187,1.266736871633813,0.8416578910457734,0.9841534683993542,15.0,8.0,False,main,True
8992,1,1,6.8769809126651085,1.1230190873348913,0.8596226140831386,0.9891532112176962,13.0,8.0,False,main,True
4002,0,1,5.659521708568187,2.340478291431813,0.7074402135710234,0.9236542624605144,36.0,14.0,False,main,True
8309,1,1,6.687879197784305,1.3121208022156952,0.8359848997230381,0.9823931442393081,15.0,8.0,False,main,True
8309,2,2,7.687879197784305,1.3121208022156952,0.8542087997538117,0.9846228894779979,12.0,7.0,False,main,False
8309,3,3,8.687879197784305,1.3121208022156952,0.8687879197784305,0.9863511677324576,10.0,6.0,False,main,False
8309,4,4,9.687879197784305,1.3121208022156952,0.8807162907076641,0.9877300958203984,8.0,5.0,False,main,False
8309,5,5,10.687879197784305,1.3121208022156952,0.8906565998153587,0.9888559009404685,6.0,4.0,False,main,False
8309,6,6,11.687879197784305,1.3121208022156952,0.8990676305987927,0.9897924346101704,4.0,3.0,False,main,False
8309,7,7,12.687879197784305,1.3121208022156952,0.9062770855560218,0.9905837345885918,2.0,2.0,False,main,False
8309,8,8,13.687879197784305,1.3121208022156952,0.912525279852287,0.9912611582240667,1.0,1.0,False,main,False
8309,9,9,14.687879197784305,1.3121208022156952,0.9179924498615191,0.9918476406214118,-1.0,-1.0,True,main,False
7427,1,1,6.875311873636906,1.1246881263630946,0.8594139842046132,0.9891003362194779,13.0,8.0,False,main,True
195,0,1,5.590353478948682,2.4096465210513185,0.6987941848685852,0.9186260660916175,37.0,14.0,False,main,True
141,1,1,6.854690846170867,1.145309153829133,0.8568363557713584,0.9884367864186796,14.0,8.0,False,main,True
2997,1,1,6.771682680727688,1.228317319272312,0.846460335090961,0.9855769165323911,14.0,8.0,False,main,True
10570,0,1,5.591429393025759,2.408570606974241,0.6989286741282199,0.9187051700497981,37.0,14.0,False,main,True
10570,0,2,5.591429393025759,3.408570606974241,0.6212699325584177,0.8573162089613902,65.0,20.0,False,main,False
10570,0,3,5.591429393025759,4.408570606974241,0.559142939302576,0.7988257194176337,108.0,27.0,False,main,True
10570,0,4,5.591429393025759,5.408570606974241,0.5083117630023417,0.7454567575424108,178.0,37.0,False,main,True
8689,1,1,6.6372641606083835,1.3627358393916165,0.8296580200760479,0.9803317359087096,15.0,8.0,False,main,True
3394,1,1,6.947871546203594,1.0521284537964062,0.8684839432754492,0.991282190817271,13.0,8.0,False,main,True
3394,2,2,7.947871546203594,1.0521284537964062,0.883096838467066,0.9923714653816196,11.0,7.0,False,main,False
3394,3,3,8.947871546203594,1.0521284537964062,0.8947871546203594,0.9932187553086046,9.0,6.0,False,main,False
3394,4,4,9.947871546203594,1.0521284537964062,0.9043519587457812,0.993896638475185,7.0,5.0,False,main,False
3394,5,5,10.947871546203594,1.0521284537964062,0.9123226288502995,0.9944513056621428,5.0,4.0,False,main,False
3394,6,6,11.947871546203594,1.0521284537964062,0.919067042015661,0.994913553646252,4.0,3.0,False,main,False
3394,7,7,12.947871546203594,1.0521284537964062,0.924847967585971,0.9953047050827906,2.0,2.0,False,main,False
3394,8,8,13.947871546203594,1.0521284537964062,0.9298581030802395,0.9956399915939866,1.0,1.0,False,main,False
3394,9,9,14.947871546203594,1.0521284537964062,0.9342419716377246,0.9959305837929446,-1.0,-1.0,True,main,False
1165,1,1,6.69317415406506,1.3068258459349393,0.8366467692581325,0.9826028569182133,15.0,8.0,False,main,True
2608,1,1,6.780992460507557,1.2190075394924436,0.8476240575634446,0.9859124701072687,14.0,8.0,False,main,True
1968,1,1,6.695031998307885,1.3049680016921146,0.8368789997884857,0.9826761695051425,15.0,8.0,False,main,True
8623,1,1,6.701156347695966,1.2988436523040332,0.8376445434619958,0.9829168494709022,15.0,8.0,False,main,True
11274,1,1,6.9102874970029395,1.089712502997061,0.8637859371253674,0.9901820657257394,13.0,8.0,False,main,True
7309,1,1,6.719521575874641,1.2804784241253588,0.8399401969843301,0.9836293943565018,15.0,8.0,False,main,True
9106,0,1,5.632041668883092,2.367958331116908,0.7040052086103865,0.9216705796389936,36.0,14.0,False,main,True
1496,0,1,5.613305195826775,2.386694804173225,0.7016631494783468,0.920307465653807,37.0,14.0,False,main,True
3837,0,1,5.694832272402581,2.305167727597419,0.7118540340503227,0.9261758141811814,35.0,14.0,False,main,True
9277,1,1,6.782071169064011,1.217928830935989,0.8477588961330014,0.9859511115507005,14.0,8.0,False,main,True
9277,2,2,7.782071169064011,1.217928830935989,0.8646745743404457,0.9877217724808426,11.0,7.0,False,main,False
9277,3,3,8.782071169064011,1.217928830935989,0.8782071169064011,0.9890959566616012,9.0,6.0,False,main,False
9277,4,4,9.782071169064011,1.217928830935989,0.8892791971876374,0.99019344648567,7.0,5.0,False,main,False
9277,5,5,10.782071169064011,1.217928830935989,0.8985059307553342,0.9910901803840363,5.0,4.0,False,main,False
9277,6,6,11.782071169064011,1.217928830935989,0.9063131668510778,0.9918366339424052,4.0,3.0,False,main,False
9277,7,7,12.782071169064011,1.217928830935989,0.9130050835045722,0.992467668060684,2.0,2.0,False,main,False
9277,8,8,13.782071169064011,1.217928830935989,0.9188047446042674,0.9930081341239541,1.0,1.0,False,main,False
9277,9,9,14.782071169064011,1.217928830935989,0.9238794480665007,0.9934762262094975,-1.0,-1.0,True,main,False
3990,1,1,6.669409961185162,1.330590038814838,0.8336762451481452,0.9816527945394031,15.0,8.0,False,main,True
3237,0,1,5.8533543353006525,2.1466456646993475,0.7316692919125816,0.9371061816986714,31.0,13.0,False,main,True
10531,1,1,6.838698658645952,1.161301341354048,0.854837332330744,0.9879091793410923,14.0,8.0,False,main,True
10531,2,2,7.838698658645952,1.161301341354048,0.870966517627328,0.9894286045273845,11.0,7.0,False,main,False
10531,3,3,8.838698658645953,1.161301341354048,0.8838698658645953,0.9906087158290862,9.0,6.0,False,main,False
10531,4,4,9.838698658645953,1.161301341354048,0.8944271507859957,0.9915517736732972,7.0,5.0,False,main,False
10531,5,5,10.838698658645953,1.161301341354048,0.9032248882204961,0.9923226935737882,5.0,4.0,False,main,False
10531,6,6,11.838698658645953,1.161301341354048,0.9106691275881502,0.992964669181617,4.0,3.0,False,main,False
10531,7,7,12.838698658645953,1.161301341354048,0.9170499041889967,0.9935075572740953,2.0,2.0,False,main,False
10531,8,8,13.838698658645953,1.161301341354048,0.9225799105763969,0.993972656758934,1.0,1.0,False,main,False
10531,9,9,14.838698658645953,1.161301341354048,0.927418666165372,0.9943755700219884,-1.0,-1.0,True,main,False
4301,1,1,6.7781555072929685,1.2218444927070318,0.8472694384116211,0.9858106081196734,14.0,8.0,False,main,True
7534,1,1,6.612146762154966,1.3878532378450346,0.8265183452693707,0.9792712208974332,16.0,8.0,False,main,True
4144,1,1,6.850489357020415,1.149510642979585,0.8563111696275518,0.9882992683278374,14.0,8.0,False,main,True
4144,2,2,7.850489357020415,1.149510642979585,0.8722765952244905,0.9897687703900172,11.0,7.0,False,main,False
4144,3,3,8.850489357020415,1.149510642979585,0.8850489357020415,0.99091029086504,9.0,6.0,False,main,False
4144,4,4,9.850489357020415,1.149510642979585,0.8954990324564013,0.9918226239889703,7.0,5.0,False,main,False
4144,5,5,10.850489357020415,1.149510642979585,0.9042074464183679,0.9925685021658799,5.0,4.0,False,main,False
4144,6,6,11.850489357020415,1.149510642979585,0.9115761043861857,0.9931896755143984,4.0,3.0,False,main,False
4144,7,7,12.850489357020415,1.149510642979585,0.9178920969300296,0.9937150080811771,2.0,2.0,False,main,False
4144,8,8,13.850489357020415,1.149510642979585,0.9233659571346943,0.9941650935908589,1.0,1.0,False,main,False
4144,9,9,14.850489357020415,1.149510642979585,0.9281555848137759,0.9945550197010767,-1.0,-1.0,True,main,False
10757,1,1,6.662535369853274,1.3374646301467261,0.8328169212316593,0.9813737282323155,15.0,8.0,False,main,True
10757,2,2,7.662535369853274,1.3374646301467261,0.851392818872586,0.9837355798376957,12.0,7.0,False,main,False
10757,3,3,8.662535369853273,1.3374646301467261,0.8662535369853274,0.9855656325968208,10.0,6.0,False,main,False
10757,4,4,9.662535369853273,1.3374646301467261,0.8784123063502975,0.9870253789187435,8.0,5.0,False,main,False
10757,5,5,10.662535369853273,1.3374646301467261,0.8885446141544394,0.9882169170396155,6.0,4.0,False,main,False
10757,6,6,11.662535369853273,1.3374646301467261,0.8971181053733287,0.9892079630187971,4.0,3.0,False,main,False
10757,7,7,12.662535369853273,1.3374646301467261,0.9044668121323767,0.9900452026049994,2.0,2.0,False,main,False
10757,8,8,13.662535369853273,1.3374646301467261,0.9108356913235516,0.9907618684857294,1.0,1.0,False,main,False
10757,9,9,14.662535369853273,1.3374646301467261,0.9164084606158296,0.9913822611677204,-1.0,-1.0,True,main,False
10601,0,1,5.736387092900728,2.2636129070992723,0.717048386612591,0.9291033308478435,34.0,14.0,False,main,True
10601,0,2,5.736387092900728,3.2636129070992723,0.6373763436556364,0.8688212631888971,58.0,19.0,False,main,False
10601,0,3,5.736387092900728,4.263612907099272,0.5736387092900728,0.8105433811638187,96.0,26.0,False,main,True
10601,0,4,5.736387092900728,5.263612907099272,0.521489735718248,0.7570095366325659,156.0,35.0,False,main,True
2718,1,1,6.739346015561098,1.2606539844389022,0.8424182519451372,0.9843829574709599,14.0,8.0,False,main,True
4719,1,1,6.817270237134272,1.182729762865728,0.852158779641784,0.9871845933438657,14.0,8.0,False,main,True
4760,1,1,6.655973671007985,1.3440263289920154,0.8319967088759981,0.9811056059343967,15.0,8.0,False,main,True
8320,1,1,6.95173131375196,1.0482686862480397,0.868966414218995,0.9913914727379692,13.0,8.0,False,main,True
8320,2,2,7.95173131375196,1.0482686862480397,0.8835257015279956,0.9924668715432448,11.0,7.0,False,main,False
8320,3,3,8.95173131375196,1.0482686862480397,0.895173131375196,0.9933034129244279,9.0,6.0,False,main,False
8320,4,4,9.95173131375196,1.0482686862480397,0.9047028467047237,0.9939727245147676,7.0,5.0,False,main,False
8320,5,5,10.95173131375196,1.0482686862480397,0.9126442761459966,0.9945203964714053,5.0,4.0,False,main,False
8320,6,6,11.95173131375196,1.0482686862480397,0.9193639472116892,0.9949768273060624,4.0,3.0,False,main,False
8320,7,7,12.95173131375196,1.0482686862480397,0.9251236652679972,0.9953630651603236,2.0,2.0,False,main,False
8320,8,8,13.95173131375196,1.0482686862480397,0.9301154209167973,0.995694146289851,1.0,1.0,False,main,False
8320,9,9,14.95173131375196,1.0482686862480397,0.9344832071094975,0.9959810984801456,-1.0,-1.0,True,main,False
1979,1,1,6.631924571151554,1.3680754288484456,0.8289905713939443,0.9801083485657995,15.0,8.0,False,main,True
9622,1,1,6.895040312788876,1.1049596872111236,0.8618800390986096,0.9897173097187434,13.0,8.0,False,main,True
9622,2,2,7.895040312788876,1.1049596872111236,0.8772267014209862,0.9910057110836596,11.0,7.0,False,main,False
9622,3,3,8.895040312788876,1.1049596872111236,0.8895040312788876,0.9920071618485056,9.0,6.0,False,main,False
9622,4,4,9.895040312788876,1.1049596872111236,0.8995491193444433,0.9928079280088029,7.0,5.0,False,main,False
9622,5,5,10.895040312788876,1.1049596872111236,0.9079200260657396,0.9934628438498941,5.0,4.0,False,main,False
9622,6,6,11.895040312788876,1.1049596872111236,0.9150031009837597,0.9940084331435061,4.0,3.0,False,main,False
9622,7,7,12.895040312788876,1.1049596872111236,0.9210743080563483,0.9944699635618292,2.0,2.0,False,main,False
9622,8,8,13.895040312788876,1.1049596872111236,0.9263360208525917,0.9948654728841522,1.0,1.0,False,main,False
9622,9,9,14.895040312788876,1.1049596872111236,0.9309400195493047,0.995208182348368,-1.0,-1.0,True,main,False
484,0,1,5.801858231045741,2.198141768954259,0.7252322788807176,0.933626594009281,32.0,14.0,False,main,True
8407,1,1,6.650369085361492,1.349630914638508,0.8312961356701865,0.9808752386226103,15.0,8.0,False,main,True
8407,2,2,7.650369085361492,1.349630914638508,0.8500410094846101,0.9833017780973843,12.0,7.0,False,main,False
8407,3,3,8.650369085361492,1.349630914638508,0.8650369085361491,0.9851816476501731,10.0,6.0,False,main,False
8407,4,4,9.650369085361492,1.349630914638508,0.8773062804874083,0.9866809416651814,8.0,5.0,False,main,False
8407,5,5,10.650369085361492,1.349630914638508,0.8875307571134576,0.9879046383066022,6.0,4.0,False,main,False
8407,6,6,11.650369085361492,1.349630914638508,0.8961822373354994,0.9889223483612385,4.0,3.0,False,main,False
8407,7,7,12.650369085361492,1.349630914638508,0.9035977918115351,0.989782055323859,2.0,2.0,False,main,False
8407,8,8,13.650369085361492,1.349630914638508,0.9100246056907662,0.9905179106571026,1.0,1.0,False,main,False
8407,9,9,14.650369085361492,1.349630914638508,0.9156480678350932,0.991154883626385,-1.0,-1.0,True,main,False
2604,0,1,5.750909307988545,2.2490906920114555,0.7188636634985681,0.9301161182295814,34.0,14.0,False,main,True
10691,1,1,6.747061396890205,1.2529386031097958,0.8433826746112756,0.984671817493362,14.0,8.0,False,main,True
10691,2,2,7.747061396890205,1.2529386031097958,0.8607845996544672,0.9866071774573946,12.0,7.0,False,main,False
10691,3,3,8.747061396890205,1.2529386031097958,0.8747061396890204,0.9881084716919168,9.0,6.0,False,main,False
10691,4,4,9.747061396890205,1.2529386031097958,0.8860964906263823,0.989307037290518,7.0,5.0,False,main,False
10691,5,5,10.747061396890205,1.2529386031097958,0.8955884497408504,0.9902860703954732,5.0,4.0,False,main,False
10691,6,6,11.747061396890205,1.2529386031097958,0.9036201074530926,0.9911008353312262,4.0,3.0,False,main,False
10691,7,7,12.747061396890205,1.2529386031097958,0.9105043854921575,0.9917894805715323,2.0,2.0,False,main,False
10691,8,8,13.747061396890205,1.2529386031097958,0.9164707597926803,0.9923791894934455,1.0,1.0,False,main,False
10691,9,9,14.747061396890205,1.2529386031097958,0.9216913373056378,0.9928898563111721,-1.0,-1.0,True,main,False
8594,0,1,5.598139257485842,2.401860742514158,0.6997674071857303,0.9191978660050402,37.0,14.0,False,main,True
8529,0,1,5.6575705438776795,2.34242945612232,0.7071963179847099,0.9235140277169481,36.0,14.0,False,main,True
1007,1,1,6.954612745701384,1.0453872542986162,0.869326593212673,0.9914726029263685,13.0,8.0,False,main,True
1007,2,2,7.954612745701384,1.0453872542986162,0.8838458606334871,0.9925377030825832,11.0,7.0,False,main,False
1007,3,3,8.954612745701384,1.0453872542986162,0.8954612745701385,0.9933662663097913,9.0,6.0,False,main,False
1007,4,4,9.954612745701384,1.0453872542986162,0.9049647950637622,0.9940292152783619,7.0,5.0,False,main,False
1007,5,5,10.954612745701384,1.0453872542986162,0.9128843954751154,0.9945716945065863,5.0,4.0,False,main,False
1007,6,6,11.954612745701384,1.0453872542986162,0.9195855958231834,0.9950238069827919,4.0,3.0,False,main,False
1007,7,7,12.954612745701384,1.0453872542986162,0.9253294818358132,0.9954063971371557,2.0,2.0,False,main,False
1007,8,8,13.954612745701384,1.0453872542986162,0.9303075163800922,0.9957343562387652,1.0,1.0,False,main,False
1007,9,9,14.954612745701384,1.0453872542986162,0.9346632966063365,0.9960186060716832,-1.0,-1.0,True,main,False
6371,1,1,6.619426958724183,1.3805730412758168,0.8274283698405229,0.9795811378885197,16.0,8.0,False,main,True
2258,0,1,5.664244757269406,2.3357552427305937,0.7080305946586758,0.9239933298075819,36.0,14.0,False,main,True
9988,0,1,5.715815209516089,2.2841847904839105,0.7144769011895111,0.9276594858175595,34.0,14.0,False,main,True
9988,0,2,5.715815209516089,3.2841847904839105,0.635090578835121,0.8672084771331996,59.0,19.0,False,main,False
9988,0,3,5.715815209516089,4.284184790483911,0.5715815209516089,0.8088946574433609,97.0,26.0,False,main,True
9988,0,4,5.715815209516089,5.284184790483911,0.5196195645014626,0.7553809128222881,159.0,35.0,False,main,True
7564,1,1,6.8904885810980065,1.109511418901993,0.8613110726372508,0.9895765208894343,13.0,8.0,False,main,True
8102,1,1,6.59548648674553,1.4045135132544697,0.8244358108431913,0.9785542859763761,16.0,8.0,False,main,True
8102,2,2,7.59548648674553,1.4045135132544697,0.8439429429717256,0.9812827526584054,13.0,7.0,False,main,False
8102,3,3,8.59548648674553,1.4045135132544697,0.859548648674553,0.9833949825441359,10.0,6.0,False,main,False
8102,4,4,9.59548648674553,1.4045135132544697,0.8723169533405027,0.9850786430375119,8.0,5.0,False,main,False
8102,5,5,10.59548648674553,1.4045135132544697,0.8829572072287942,0.9864521970613204,6.0,4.0,False,main,False
8102,6,6,11.59548648674553,1.4045135132544697,0.8919604989804254,0.9875941190782993,4.0,3.0,False,main,False
8102,7,7,12.59548648674553,1.4045135132544697,0.8996776061961093,0.9885584591108239,2.0,2.0,False,main,False
8102,8,8,13.59548648674553,1.4045135132544697,0.9063657657830354,0.989383661017351,1.0,1.0,False,main,False
8102,9,9,14.59548648674553,1.4045135132544697,0.9122179054215956,0.9900978168529218,-1.0,-1.0,True,main,False
6137,0,1,5.7255317075014105,2.274468292498589,0.7156914634376763,0.9283427744553447,34.0,14.0,False,main,True
10031,0,1,5.661592544816938,2.338407455183062,0.7076990681021172,0.9238029954886394,36.0,14.0,False,main,True
10031,0,2,5.661592544816938,3.338407455183062,0.6290658383129931,0.8629257654308988,61.0,20.0,False,main,False
10031,0,3,5.661592544816938,4.338407455183062,0.5661592544816938,0.8045264524272695,102.0,27.0,False,main,True
10031,0,4,5.661592544816938,5.338407455183062,0.5146902313469943,0.7510709525230493,167.0,36.0,False,main,True
9898,1,1,6.68280906361484,1.3171909363851593,0.835351132951855,0.9821912729338067,15.0,8.0,False,main,True
9898,2,2,7.68280906361484,1.3171909363851593,0.8536454515127601,0.9844471592117091,12.0,7.0,False,main,False
9898,3,3,8.68280906361484,1.3171909363851593,0.868280906361484,0.9861955805742014,10.0,6.0,False,main,False
9898,4,4,9.68280906361484,1.3171909363851593,0.880255369419531,0.9875905066332898,8.0,5.0,False,main,False
9898,5,5,10.68280906361484,1.3171909363851593,0.89023408863457,0.9887293252214846,6.0,4.0,False,main,False
9898,6,6,11.68280906361484,1.3171909363851593,0.8986776202780646,0.9896766520389485,4.0,3.0,False,main,False
9898,7,7,12.68280906361484,1.3171909363851593,0.9059149331153458,0.9904770485789847,2.0,2.0,False,main,False
9898,8,8,13.68280906361484,1.3171909363851593,0.9121872709076561,0.9911622431720487,1.0,1.0,False,main,False
9898,9,9,14.68280906361484,1.3171909363851593,0.9176755664759275,0.9917554410694446,-1.0,-1.0,True,main,False
1625,1,1,6.851215331304527,1.1487846686954737,0.8564019164130658,0.9883230859680131,14.0,8.0,False,main,True
2123,1,1,6.663066863662307,1.3369331363376933,0.8328833579577883,0.9813953709224977,15.0,8.0,False,main,True
2123,2,2,7.663066863662307,1.3369331363376933,0.8514518737402563,0.9837544153104402,12.0,7.0,False,main,False
2123,3,3,8.663066863662307,1.3369331363376933,0.8663066863662306,0.9855823059277247,10.0,6.0,False,main,False
2123,4,4,9.663066863662307,1.3369331363376933,0.8784606239693006,0.987040335638022,8.0,5.0,False,main,False
2123,5,5,10.663066863662307,1.3369331363376933,0.8885889053051922,0.9882304777741687,6.0,4.0,False,main,False
2123,6,6,11.663066863662307,1.3369331363376933,0.8971589895124852,0.9892203662066061,4.0,3.0,False,main,False
2123,7,7,12.663066863662307,1.3369331363376933,0.9045047759758791,0.9900566303830769,2.0,2.0,False,main,False
2123,8,8,13.663066863662307,1.3369331363376933,0.9108711242441537,0.9907724631267684,1.0,1.0,False,main,False
2123,9,9,14.663066863662307,1.3369331363376933,0.9164416789788942,0.9913921359252088,-1.0,-1.0,True,main,False
11538,1,1,6.619244940296008,1.3807550597039917,0.827405617537001,0.979573414474688,16.0,8.0,False,main,True
11538,2,2,7.619244940296008,1.3807550597039917,0.8465827711440009,0.9821691566664796,12.0,7.0,False,main,True
11538,3,3,8.619244940296008,1.3807550597039917,0.8619244940296008,0.9841792744226974,10.0,6.0,False,main,False
11538,4,4,9.619244940296008,1.3807550597039917,0.8744768127541825,0.9857819331093769,8.0,5.0,False,main,False
11538,5,5,10.619244940296008,1.3807550597039917,0.8849370783580007,0.9870896593007774,6.0,4.0,False,main,False
11538,6,6,11.619244940296008,1.3807550597039917,0.8937880723304622,0.9881770270447615,4.0,3.0,False,main,False
11538,7,7,12.619244940296008,1.3807550597039917,0.901374638592572,0.9890954177041491,2.0,2.0,False,main,False
11538,8,8,13.619244940296008,1.3807550597039917,0.9079496626864005,0.9898813874302999,1.0,1.0,False,main,False
11538,9,9,14.619244940296008,1.3807550597039917,0.9137028087685005,0.9905616552520398,-1.0,-1.0,True,main,False
5753,1,1,6.783852229060638,1.2161477709393629,0.8479815286325797,0.9860148039043364,14.0,8.0,False,main,True
2859,0,1,5.922597287048724,2.0774027129512755,0.7403246608810905,0.9416737532988001,30.0,13.0,False,main,True
678,0,1,5.6854497424539225,2.3145502575460775,0.7106812178067403,0.9255088249442511,35.0,14.0,False,main,True
3362,1,1,6.750214601106953,1.2497853988930472,0.8437768251383692,0.9847891555340378,14.0,8.0,False,main,True
7575,1,1,6.916101254383552,1.0838987456164486,0.864512656797944,0.9903564864492191,13.0,8.0,False,main,True
10211,1,1,6.947809706307077,1.0521902936929224,0.8684762132883846,0.9912804343012039,13.0,8.0,False,main,True
10211,2,2,7.947809706307077,1.0521902936929224,0.883089967367453,0.9923699319271592,11.0,7.0,False,main,False
10211,3,3,8.947809706307076,1.0521902936929224,0.8947809706307078,0.9932173946370713,9.0,6.0,False,main,False
10211,4,4,9.947809706307076,1.0521902936929224,0.9043463369370071,0.9938954155875964,7.0,5.0,False,main,False
10211,5,5,10.947809706307076,1.0521902936929224,0.9123174755255898,0.9944501952167669,5.0,4.0,False,main,False
10211,6,6,11.947809706307076,1.0521902936929224,0.9190622851005444,0.9949125367046081,4.0,3.0,False,main,False
10211,7,7,12.947809706307076,1.0521902936929224,0.9248435504505056,0.9953037671198054,2.0,2.0,False,main,False
10211,8,8,13.947809706307076,1.0521902936929224,0.9298539804204718,0.9956391212254208,1.0,1.0,False,main,False
10211,9,9,14.947809706307076,1.0521902936929224,0.9342381066441924,0.9959297719306761,-1.0,-1.0,True,main,False
5010,1,1,6.919793848784943,1.080206151215057,0.8649742310981179,0.9904664660204504,13.0,8.0,False,main,True
1624,1,1,6.844536702113642,1.1554632978863584,0.8555670877642052,0.9881030950727673,14.0,8.0,False,main,True
3680,0,1,5.792446822871552,2.207553177128448,0.724055852858944,0.9329831735250679,33.0,14.0,False,main,True
3656,1,1,6.807793505337704,1.192206494662296,0.850974188167213,0.9868577597425405,14.0,8.0,False,main,True
11964,1,1,6.7188687714438595,1.28113122855614,0.8398585964304824,0.9836043037490803,15.0,8.0,False,main,True
11964,2,2,7.7188687714438595,1.28113122855614,0.8576520857159844,0.9856774179283616,12.0,7.0,False,main,False
11964,3,3,8.718868771443859,1.28113122855614,0.8718868771443861,0.9872849601076074,9.0,6.0,False,main,False
11964,4,4,9.718868771443859,1.28113122855614,0.8835335246767145,0.9885679712428105,7.0,5.0,False,main,False
11964,5,5,10.718868771443859,1.28113122855614,0.8932390642869884,0.9896157360921962,6.0,4.0,False,main,False
11964,6,6,11.718868771443859,1.28113122855614,0.90145144395722,0.9904875329450443,4.0,3.0,False,main,False
11964,7,7,12.718868771443859,1.28113122855614,0.9084906265317043,0.991224264076026,2.0,2.0,False,main,False
11964,8,8,13.718868771443859,1.28113122855614,0.9145912514295906,0.991855065136399,1.0,1.0,False,main,False
11964,9,9,14.718868771443859,1.28113122855614,0.9199292982152413,0.992401252976416,-1.0,-1.0,True,main,False
4356,1,1,6.85277529567634,1.1472247043236603,0.8565969119595425,0.9883741860023926,14.0,8.0,False,main,True
11448,0,1,5.776978036129823,2.2230219638701763,0.7221222545162279,0.9319206529675759,33.0,14.0,False,main,True
2893,1,1,6.651746383942418,1.3482536160575829,0.8314682979928022,0.9809319656243595,15.0,8.0,False,main,True
5845,1,1,6.786360178722732,1.2136398212772677,0.8482950223403415,0.9861042607426702,14.0,8.0,False,main,True
6763,1,1,6.722769721259807,1.2772302787401926,0.8403462151574759,0.9837539760755893,15.0,8.0,False,main,True
230,1,1,6.918128509516918,1.0818714904830826,0.8647660636896147,0.9904169432129406,13.0,8.0,False,main,False
7708,1,1,6.678881737882522,1.3211182621174786,0.8348602172353152,0.9820341906541237,15.0,8.0,False,main,True
7708,2,2,7.678881737882522,1.3211182621174786,0.8532090819869469,0.9843104247834696,12.0,7.0,False,main,False
7708,3,3,8.678881737882522,1.3211182621174786,0.8678881737882522,0.9860745238763229,10.0,6.0,False,main,False
7708,4,4,9.678881737882522,1.3211182621174786,0.879898339807502,0.9874819005724482,8.0,5.0,False,main,False
7708,5,5,10.678881737882522,1.3211182621174786,0.8899068114902101,0.9886308465115171,6.0,4.0,False,main,False
7708,6,6,11.678881737882522,1.3211182621174786,0.8983755182986555,0.9895865724051615,4.0,3.0,False,main,False
7708,7,7,12.678881737882522,1.3211182621174786,0.9056344098487515,0.9903940474995048,2.0,2.0,False,main,False
7708,8,8,13.678881737882522,1.3211182621174786,0.9119254491921681,0.991085288929781,1.0,1.0,False,main,False
7708,9,9,14.678881737882522,1.3211182621174786,0.9174301086176576,0.991683712238804,-1.0,-1.0,True,main,False
11056,0,1,5.816436559381807,2.183563440618193,0.7270545699227259,0.9346187069092944,32.0,14.0,False,main,True
11056,0,2,5.816436559381807,3.183563440618193,0.6462707288202008,0.8750331927028714,55.0,19.0,False,main,False
11056,0,3,5.816436559381807,4.183563440618193,0.5816436559381807,0.8169139107436845,90.0,26.0,False,main,True
11056,0,4,5.816436559381807,5.183563440618193,0.5287669599438006,0.7633124791984248,145.0,34.0,False,main,True
7589,1,1,6.608557734228836,1.3914422657711636,0.8260697167786045,0.9791176805703388,16.0,8.0,False,main,True
1355,1,1,6.588881763727095,1.4111182362729053,0.8236102204658868,0.9782671149423957,16.0,8.0,False,main,True
5626,1,1,6.68360090763923,1.3163990923607702,0.8354501134549037,0.9822228692119027,15.0,8.0,False,main,True
3168,1,1,6.632699768922109,1.3673002310778912,0.8290874711152636,0.9801408491586493,15.0,8.0,False,main,True
3168,2,2,7.632699768922109,1.3673002310778912,0.8480777521024565,0.9826627926569198,12.0,7.0,False,main,False
3168,3,3,8.632699768922109,1.3673002310778912,0.8632699768922109,0.9846161119055901,10.0,6.0,False,main,False
3168,4,4,9.632699768922109,1.3673002310778912,0.875699978992919,0.9861737015065868,8.0,5.0,False,main,False
3168,5,5,10.632699768922109,1.3673002310778912,0.8860583140768424,0.9874447930337753,6.0,4.0,False,main,False
3168,6,6,11.632699768922109,1.3673002310778912,0.8948230591478545,0.9885017945034493,4.0,3.0,False,main,False
3168,7,7,12.632699768922109,1.3673002310778912,0.9023356977801507,0.9893946046852516,2.0,2.0,False,main,False
3168,8,8,13.632699768922109,1.3673002310778912,0.9088466512614739,0.9901587306547021,1.0,1.0,False,main,False
3168,9,9,14.632699768922109,1.3673002310778912,0.9145437355576318,0.9908201281833531,-1.0,-1.0,True,main,False
10477,0,1,5.688768702276686,2.3112312977233134,0.7110960877845858,0.9257450155540399,35.0,14.0,False,main,True
10477,0,2,5.688768702276686,3.3112312977233134,0.6320854113640763,0.8650779851960541,60.0,20.0,False,main,False
10477,0,3,5.688768702276686,4.311231297723314,0.5688768702276686,0.8067198598976784,99.0,27.0,False,main,False
10477,0,4,5.688768702276686,5.311231297723314,0.5171607911160624,0.7532342181588887,163.0,36.0,False,main,True
10477,0,5,5.688768702276686,6.311231297723314,0.47406405852305716,0.7050413825739046,268.0,47.0,False,main,True
560,0,1,5.628675998740114,2.3713240012598855,0.7035844998425143,0.9214263516307969,36.0,14.0,False,main,True
3956,1,1,6.622186114822207,1.377813885177793,0.8277732643527759,0.9796980566471207,16.0,8.0,False,main,True
8233,0,1,5.609827153503591,2.3901728464964087,0.7012283941879489,0.9200534912372631,37.0,14.0,False,main,True
8233,0,2,5.609827153503591,3.3901728464964087,0.6233141281670657,0.8587944665852365,64.0,20.0,False,main,False
8233,0,3,5.609827153503591,4.390172846496409,0.5609827153503592,0.8003257942269754,106.0,27.0,False,main,False
8233,0,4,5.609827153503591,5.390172846496409,0.5099842866821447,0.7469329344756378,175.0,37.0,False,main,False
8233,0,5,5.609827153503591,6.390172846496409,0.4674855961252993,0.698922142188559,291.0,48.0,False,main,False
8233,0,6,5.609827153503591,7.390172846496409,0.4315251656541224,0.6559478451244886,500.0,63.0,False,main,True
8233,0,7,5.609827153503591,8.390172846496409,0.40070193953597083,0.6174769101153688,902.0,81.0,False,main,True
8233,0,8,5.609827153503591,9.390172846496409,0.3739884769002394,0.5829588731535231,1777.0,105.0,False,main,True
8233,0,9,5.609827153503591,10.390172846496409,0.35061419709397446,0.5518864106508952,-1.0,136.0,False,main,True
871,1,1,6.968569385158868,1.031430614841132,0.8710711731448585,0.9918600833426701,13.0,8.0,False,main,False
871,2,2,7.968569385158868,1.031430614841132,0.8853965983509853,0.992876028030075,10.0,7.0,False,main,False
871,3,3,8.968569385158869,1.031430614841132,0.8968569385158869,0.9936665051429141,8.0,6.0,False,main,False
871,4,4,9.968569385158869,1.031430614841132,0.906233580468988,0.9942990762699163,7.0,5.0,False,main,False
871,5,5,10.968569385158869,1.031430614841132,0.9140474487632391,0.9948167606369497,5.0,4.0,False,main,False
871,6,6,11.968569385158869,1.031430614841132,0.9206591834737592,0.9952482515388834,4.0,3.0,False,main,False
871,7,7,12.968569385158869,1.031430614841132,0.9263263846542049,0.9956134214937793,2.0,2.0,False,main,False
871,8,8,13.968569385158869,1.031430614841132,0.9312379590105913,0.9959264699322724,1.0,1.0,False,main,False
871,9,9,14.968569385158869,1.031430614841132,0.9355355865724293,0.9961978127629872,-1.0,-1.0,True,main,False
9528,0,1,5.802199367741659,2.1978006322583408,0.7252749209677074,0.9336498729678161,32.0,14.0,False,main,True
9528,0,2,5.802199367741659,3.1978006322583408,0.6446888186379621,0.8739358293388654,55.0,19.0,False,main,False
9528,0,3,5.802199367741659,4.197800632258341,0.580219936774166,0.8157861287031303,91.0,26.0,False,main,False
9528,0,4,5.802199367741659,5.197800632258341,0.5274726697946963,0.7621954705977467,147.0,34.0,False,main,True
4875,1,1,6.646673019184032,1.3533269808159685,0.830834127398004,0.9807226371930504,15.0,8.0,False,main,True
8121,1,1,6.60052781810224,1.3994721818977598,0.82506597726278,0.9787723556226284,16.0,8.0,False,main,True
8121,2,2,7.60052781810224,1.3994721818977598,0.8445030909002489,0.9814724031154657,13.0,7.0,False,main,False
8121,3,3,8.60052781810224,1.3994721818977598,0.8600527818102239,0.9835627726592766,10.0,6.0,False,main,False
8121,4,4,9.60052781810224,1.3994721818977598,0.8727752561911127,0.985229094629189,8.0,5.0,False,main,False
8121,5,5,10.60052781810224,1.3994721818977598,0.8833773181751866,0.9865885597339723,6.0,4.0,False,main,False
8121,6,6,11.60052781810224,1.3994721818977598,0.8923482937001723,0.987718806751244,4.0,3.0,False,main,False
8121,7,7,12.60052781810224,1.3994721818977598,0.9000377012930171,0.9886733140435725,2.0,2.0,False,main,False
8121,8,8,13.60052781810224,1.3994721818977598,0.9067018545401493,0.9894901211659971,1.0,1.0,False,main,False
8121,9,9,14.60052781810224,1.3994721818977598,0.91253298863139,0.9901970261434817,-1.0,-1.0,True,main,False
5394,0,1,5.642183035917711,2.3578169640822892,0.7052728794897138,0.9224048064610229,36.0,14.0,False,main,True
11243,1,1,6.681005474655013,1.318994525344987,0.8351256843318766,0.9821192114737064,15.0,8.0,False,main,True
11243,2,2,7.681005474655013,1.318994525344987,0.8534450527394459,0.9843844315971321,12.0,7.0,False,main,False
11243,3,3,8.681005474655013,1.318994525344987,0.8681005474655012,0.9861400447075888,10.0,6.0,False,main,False
11243,4,4,9.681005474655013,1.318994525344987,0.8800914067868194,0.9875406822635218,8.0,5.0,False,main,False
11243,5,5,10.681005474655013,1.318994525344987,0.8900837895545844,0.988684146644802,6.0,4.0,False,main,False
11243,6,6,11.681005474655013,1.318994525344987,0.8985388826657702,0.9896353264720528,4.0,3.0,False,main,False
11243,7,7,12.681005474655013,1.318994525344987,0.9057861053325009,0.9904389702713403,2.0,2.0,False,main,False
11243,8,8,13.681005474655013,1.318994525344987,0.9120670316436675,0.9911269388479216,1.0,1.0,False,main,False
11243,9,9,14.681005474655013,1.318994525344987,0.9175628421659383,0.9917225339153728,-1.0,-1.0,True,main,False
11472,1,1,6.629341840023223,1.3706581599767773,0.8286677300029028,0.9799998963499201,15.0,8.0,False,main,True
5410,1,1,6.797962199888427,1.2020378001115737,0.8497452749860533,0.986514589813759,14.0,8.0,False,main,True
1610,1,1,6.786898711868824,1.2131012881311756,0.848362338983603,0.9861234347739251,14.0,8.0,False,main,True
1278,0,1,5.710995615096969,2.2890043849030306,0.7138744518871212,0.9273196772899815,34.0,14.0,False,main,True
3090,1,1,6.652064686431357,1.3479353135686425,0.8315080858039197,0.9809450649069782,15.0,8.0,False,main,True
1090,2,2,7.665423525930697,1.3345764740693031,0.8517137251034108,0.983837815619325,12.0,7.0,False,main,True
1090,3,3,8.665423525930697,1.3345764740693031,0.8665423525930697,0.9856561335209011,10.0,6.0,False,main,False
1090,4,4,9.665423525930697,1.3345764740693031,0.8786748659936997,0.9871065628973145,8.0,5.0,False,main,False
1090,5,5,10.665423525930697,1.3345764740693031,0.8887852938275581,0.9882905241729841,6.0,4.0,False,main,False
1090,6,6,11.665423525930697,1.3345764740693031,0.8973402712254382,0.9892752873792796,4.0,3.0,False,main,False
1090,7,7,12.665423525930697,1.3345764740693031,0.9046731089950498,0.990107232719516,2.0,2.0,False,main,False
1090,8,8,13.665423525930697,1.3345764740693031,0.9110282350620464,0.9908193765329937,1.0,1.0,False,main,False
1090,9,9,14.665423525930697,1.3345764740693031,0.9165889703706686,0.9914358618331618,-1.0,-1.0,True,main,False
3990,2,2,7.669409961185162,1.330590038814838,0.8521566623539069,0.9839784575592428,12.0,7.0,False,main,True
3990,3,3,8.669409961185162,1.330590038814838,0.8669409961185162,0.9857806358099513,10.0,6.0,False,main,False
3990,4,4,9.669409961185162,1.330590038814838,0.8790372691986511,0.9872182503571583,8.0,5.0,False,main,False
3990,5,5,10.669409961185162,1.330590038814838,0.8891174967654302,0.9883917897568947,6.0,4.0,False,main,False
3990,6,6,11.669409961185162,1.330590038814838,0.8976469200911663,0.9893679107762486,4.0,3.0,False,main,False
3990,7,7,12.669409961185162,1.330590038814838,0.9049578543703687,0.990192573479048,2.0,2.0,False,main,False
3990,8,8,13.669409961185162,1.330590038814838,0.9112939974123441,0.9908984966973716,1.0,1.0,False,main,False
3990,9,9,14.669409961185162,1.330590038814838,0.9168381225740726,0.9915096068596653,-1.0,-1.0,True,main,False
5626,2,2,7.68360090763923,1.3163990923607702,0.8537334341821367,0.9844746633337655,12.0,7.0,False,main,True
5626,3,3,8.68360090763923,1.3163990923607702,0.868360090763923,0.9862199315995535,10.0,6.0,False,main,False
5626,4,4,9.68360090763923,1.3163990923607702,0.88032735523993,0.9876123535022812,8.0,5.0,False,main,False
5626,5,5,10.68360090763923,1.3163990923607702,0.8903000756366025,0.9887491351504137,6.0,4.0,False,main,False
5626,6,6,11.68360090763923,1.3163990923607702,0.8987385313568639,0.9896947726005189,4.0,3.0,False,main,False
5626,7,7,12.68360090763923,1.3163990923607702,0.9059714934028021,0.9904937453516854,2.0,2.0,False,main,False
5626,8,8,13.68360090763923,1.3163990923607702,0.912240060509282,0.9911777236567524,1.0,1.0,False,main,False
5626,9,9,14.68360090763923,1.3163990923607702,0.9177250567274519,0.9917698704766655,-1.0,-1.0,True,main,False
5845,2,2,7.786360178722732,1.2136398212772677,0.8651511309691924,0.9878552337194576,11.0,7.0,False,main,False
5845,3,3,8.786360178722731,1.2136398212772677,0.8786360178722733,0.9892142173059282,9.0,6.0,False,main,False
5845,4,4,9.786360178722731,1.2136398212772677,0.8896691071566121,0.990299616191141,7.0,5.0,False,main,False
5845,5,5,10.786360178722731,1.2136398212772677,0.8988633482268944,0.9911865028633287,5.0,4.0,False,main,False
5845,6,6,11.786360178722731,1.2136398212772677,0.9066430906709795,0.9919247812449827,4.0,3.0,False,main,False
5845,7,7,12.786360178722731,1.2136398212772677,0.913311441337338,0.9925489196093352,2.0,2.0,False,main,False
5845,8,8,13.786360178722731,1.2136398212772677,0.9190906785815155,0.9930834907396754,1.0,1.0,False,main,False
5845,9,9,14.786360178722731,1.2136398212772677,0.9241475111701708,0.9935464855390369,-1.0,-1.0,True,main,False
1561,2,2,7.729430290678815,1.2705697093211845,0.8588255878532016,0.9860290544702457,12.0,7.0,False,main,True
1561,3,3,8.729430290678815,1.2705697093211845,0.8729430290678815,0.9875963907874649,9.0,6.0,False,main,False
1561,4,4,9.729430290678815,1.2705697093211845,0.8844936627889832,0.9888474507321642,7.0,5.0,False,main,False
1561,5,5,10.729430290678815,1.2705697093211845,0.8941191908899012,0.9898692127173719,6.0,4.0,False,main,False
1561,6,6,11.729430290678815,1.2705697093211845,0.902263868513755,0.9907194349131058,4.0,3.0,False,main,False
1561,7,7,12.729430290678815,1.2705697093211845,0.9092450207627725,0.9914379769051254,2.0,2.0,False,main,False
1561,8,8,13.729430290678815,1.2705697093211845,0.915295352711921,0.9920532352575852,1.0,1.0,False,main,False
1561,9,9,14.729430290678815,1.2705697093211845,0.9205893931674259,0.9925859883127549,-1.0,-1.0,True,main,False
3956,2,2,7.622186114822207,1.377813885177793,0.8469095683135786,0.9822775820923783,12.0,7.0,False,main,True
3956,3,3,8.622186114822206,1.377813885177793,0.8622186114822206,0.9842752200829452,10.0,6.0,False,main,False
3956,4,4,9.622186114822206,1.377813885177793,0.8747441922565642,0.9858679769903109,8.0,5.0,False,main,False
3956,5,5,10.622186114822206,1.377813885177793,0.8851821762351838,0.9871676549780573,6.0,4.0,False,main,False
3956,6,6,11.622186114822206,1.377813885177793,0.8940143165247851,0.9882483519559647,4.0,3.0,False,main,False
3956,7,7,12.622186114822206,1.377813885177793,0.9015847224873005,0.9891611234194085,2.0,2.0,False,main,False
3956,8,8,13.622186114822206,1.377813885177793,0.908145740988147,0.9899422949589229,1.0,1.0,False,main,False
3956,9,9,14.622186114822206,1.377813885177793,0.9138866321763879,0.9906184178713558,-1.0,-1.0,True,main,False
8233,0,10,5.609827153503591,11.390172846496409,0.3299898325590348,0.523812854249498,-1.0,175.0,False,main,True
10926,0,5,5.652218997254774,6.347781002745226,0.4710182497712312,0.7022135268315188,279.0,47.0,False,main,True
3440,2,2,7.790530693467949,1.2094693065320508,0.8656145214964388,0.9879843561823771,11.0,7.0,False,main,True
3440,3,3,8.79053069346795,1.2094693065320508,0.8790530693467951,0.9893286373863558,9.0,6.0,False,main,False
3440,4,4,9.79053069346795,1.2094693065320508,0.8900482448607228,0.9904023408606106,7.0,5.0,False,main,False
3440,5,5,10.79053069346795,1.2094693065320508,0.8992108911223292,0.9912797019418551,5.0,4.0,False,main,False
3440,6,6,11.79053069346795,1.2094693065320508,0.9069638994975346,0.9920100718338148,4.0,3.0,False,main,False
3440,7,7,12.79053069346795,1.2094693065320508,0.9136093352477107,0.9926275391597508,2.0,2.0,False,main,False
3440,8,8,13.79053069346795,1.2094693065320508,0.9193687128978634,0.9931564072889771,1.0,1.0,False,main,False
3440,9,9,14.79053069346795,1.2094693065320508,0.9244081683417469,0.9936144706382362,-1.0,-1.0,True,main,False
5753,2,2,7.783852229060638,1.2161477709393629,0.8648724698956264,0.9877772761633328,11.0,7.0,False,main,True
5753,3,3,8.783852229060638,1.2161477709393629,0.8783852229060637,0.9891451382262403,9.0,6.0,False,main,False
5753,4,4,9.783852229060638,1.2161477709393629,0.8894411117327852,0.9902375993742222,7.0,5.0,False,main,False
5753,5,5,10.783852229060638,1.2161477709393629,0.8986543524217198,0.9911302378297019,5.0,4.0,False,main,False
5753,6,6,11.783852229060638,1.2161477709393629,0.9064501714662029,0.9918732913900384,4.0,3.0,False,main,False
5753,7,7,12.783852229060638,1.2161477709393629,0.9131323020757598,0.9925014576430259,2.0,2.0,False,main,False
5753,8,8,13.783852229060638,1.2161477709393629,0.9189234819373758,0.9930394720925853,1.0,1.0,False,main,False
5753,9,9,14.783852229060638,1.2161477709393629,0.9239907643162899,0.9935054443096204,-1.0,-1.0,True,main,False
1968,2,2,7.695031998307885,1.3049680016921146,0.8550035553675428,0.9848692811953949,12.0,7.0,False,main,True
1968,3,3,8.695031998307886,1.3049680016921146,0.8695031998307886,0.9865693278437306,10.0,6.0,False,main,False
1968,4,4,9.695031998307886,1.3049680016921146,0.8813665453007169,0.9879258318418019,7.0,5.0,False,main,False
1968,5,5,10.695031998307886,1.3049680016921146,0.8912526665256572,0.9890333948387315,6.0,4.0,False,main,False
1968,6,6,11.695031998307886,1.3049680016921146,0.8996178460236836,0.9899547978850348,4.0,3.0,False,main,False
1968,7,7,12.695031998307886,1.3049680016921146,0.9067879998791347,0.9907333449963007,2.0,2.0,False,main,False
1968,8,8,13.695031998307886,1.3049680016921146,0.9130021332205257,0.991399873724373,1.0,1.0,False,main,False
1968,9,9,14.695031998307886,1.3049680016921146,0.9184394998942429,0.9919769406277248,-1.0,-1.0,True,main,False
3656,2,2,7.807793505337704,1.192206494662296,0.8675326117041894,0.9885119592930852,11.0,7.0,False,main,True
3656,3,3,8.807793505337704,1.192206494662296,0.8807793505337704,0.9897962073691571,9.0,6.0,False,main,False
3656,4,4,9.807793505337704,1.192206494662296,0.8916175913943367,0.9908221479869943,7.0,5.0,False,main,False
3656,5,5,10.807793505337704,1.192206494662296,0.9006494587781421,0.9916606024268554,5.0,4.0,False,main,False
3656,6,6,11.807793505337704,1.192206494662296,0.9082918081029003,0.9923586671612575,4.0,3.0,False,main,False
3656,7,7,12.807793505337704,1.192206494662296,0.9148423932384074,0.9929488817329659,2.0,2.0,False,main,False
3656,8,8,13.807793505337704,1.192206494662296,0.9205195670225136,0.9934544500163783,1.0,1.0,False,main,False
3656,9,9,14.807793505337704,1.192206494662296,0.9254870940836065,0.9938923644278841,-1.0,-1.0,True,main,False
4760,2,2,7.655973671007985,1.3440263289920154,0.8506637412231094,0.9835022440174952,12.0,7.0,False,main,True
4760,3,3,8.655973671007985,1.3440263289920154,0.8655973671007985,0.985359087705951,10.0,6.0,False,main,False
4760,4,4,9.655973671007985,1.3440263289920154,0.8778157882734532,0.986840103266135,8.0,5.0,False,main,False
4760,5,5,10.655973671007985,1.3440263289920154,0.887997805917332,0.9880489372301416,6.0,4.0,False,main,False
4760,6,6,11.655973671007985,1.3440263289920154,0.8966133593083065,0.9890543243704071,4.0,3.0,False,main,False
4760,7,7,12.655973671007985,1.3440263289920154,0.9039981193577132,0.989903648219961,2.0,2.0,False,main,False
4760,8,8,13.655973671007985,1.3440263289920154,0.9103982447338657,0.9906306355065944,1.0,1.0,False,main,False
4760,9,9,14.655973671007985,1.3440263289920154,0.915998354437999,0.9912599463544131,-1.0,-1.0,True,main,False
9988,0,5,5.715815209516089,6.284184790483911,0.47631793412634077,0.7071280597081626,261.0,46.0,False,main,True
2431,2,2,7.696600329836262,1.3033996701637376,0.8551778144262514,0.9849230663288311,12.0,7.0,False,main,True
2431,3,3,8.696600329836262,1.3033996701637376,0.8696600329836262,0.9866169519957961,10.0,6.0,False,main,False
2431,4,4,9.696600329836262,1.3033996701637376,0.8815091208942056,0.9879685620577553,7.0,5.0,False,main,False
2431,5,5,10.696600329836262,1.3033996701637376,0.8913833608196885,0.9890721435978016,6.0,4.0,False,main,False
2431,6,6,11.696600329836262,1.3033996701637376,0.8997384869104816,0.9899902441480998,4.0,3.0,False,main,False
2431,7,7,12.696600329836262,1.3033996701637376,0.906900023559733,0.9907660076457825,2.0,2.0,False,main,False
2431,8,8,13.696600329836262,1.3033996701637376,0.9131066886557507,0.9914301582315888,1.0,1.0,False,main,False
2431,9,9,14.696600329836262,1.3033996701637376,0.9185375206147663,0.9920051698660117,-1.0,-1.0,True,main,False
5728,2,2,7.737283290330779,1.2627167096692213,0.8596981433700865,0.986287932141164,12.0,7.0,False,main,True
5728,3,3,8.73728329033078,1.2627167096692213,0.873728329033078,0.9878256861746553,9.0,6.0,False,main,False
5728,4,4,9.73728329033078,1.2627167096692213,0.8852075718482527,0.9890532340452846,7.0,5.0,False,main,False
5728,5,5,10.73728329033078,1.2627167096692213,0.894773607527565,0.9900558590220203,6.0,4.0,False,main,False
5728,6,6,11.73728329033078,1.2627167096692213,0.90286794541006,0.9908902017246591,4.0,3.0,False,main,False
5728,7,7,12.73728329033078,1.2627167096692213,0.9098059493093414,0.9915953550302524,2.0,2.0,False,main,False
5728,8,8,13.73728329033078,1.2627167096692213,0.915818886022052,0.9921991719495077,1.0,1.0,False,main,False
5728,9,9,14.73728329033078,1.2627167096692213,0.9210802056456737,0.9927220347307192,-1.0,-1.0,True,main,False
6954,1,1,6.273466401288368,1.7265335987116321,0.784183300161046,0.962720160200269,19.0,9.0,False,main,True
6954,2,2,7.273466401288368,1.7265335987116321,0.8081629334764853,0.9675376281855025,15.0,7.0,False,main,True
6954,3,3,8.273466401288367,1.7265335987116321,0.8273466401288367,0.9712512339079585,12.0,6.0,False,main,False
6954,4,4,9.273466401288367,1.7265335987116321,0.8430424001171243,0.9742017007640664,9.0,5.0,False,main,False
6954,5,5,10.273466401288367,1.7265335987116321,0.856122200107364,0.9766025096765326,7.0,4.0,False,main,False
6954,6,6,11.273466401288367,1.7265335987116321,0.8671897231760283,0.97859426041878,5.0,3.0,False,main,False
6954,7,7,12.273466401288367,1.7265335987116321,0.8766761715205976,0.9802733431383507,3.0,2.0,False,main,False
6954,8,8,13.273466401288367,1.7265335987116321,0.8848977600858912,0.9817080559306287,1.0,1.0,False,main,False
6954,9,9,14.273466401288367,1.7265335987116321,0.8920916500805229,0.9829481476976943,-1.0,-1.0,True,main,False
10525,0,1,5.496701432626302,2.5032985673736983,0.6870876790782877,0.9116346244341411,40.0,15.0,False,main,True
10525,0,2,5.496701432626302,3.5032985673736983,0.6107446036251446,0.8496228385903879,69.0,21.0,False,main,False
10525,0,3,5.496701432626302,4.503298567373698,0.5496701432626302,0.7910430065001237,117.0,28.0,False,main,False
10525,0,4,5.496701432626302,5.503298567373698,0.4997001302387547,0.7378104560742695,195.0,38.0,False,main,True
10525,0,5,5.496701432626302,6.503298567373698,0.4580584527188585,0.6900781172255299,330.0,50.0,False,main,True
9088,1,1,6.177461371730731,1.8225386282692693,0.7721826714663413,0.9573272172987054,21.0,9.0,False,main,True
9640,1,1,6.247945070485929,1.752054929514071,0.7809931338107411,0.9613148567345882,20.0,9.0,False,main,True
9640,2,2,7.247945070485929,1.752054929514071,0.8053272300539921,0.9663199655472702,15.0,8.0,False,main,False
9640,3,3,8.24794507048593,1.752054929514071,0.8247945070485929,0.9701769235808259,12.0,6.0,False,main,False
9640,4,4,9.24794507048593,1.752054929514071,0.8407222791350845,0.9732404995278928,9.0,5.0,False,main,False
9640,5,5,10.24794507048593,1.752054929514071,0.8539954225404941,0.9757328421943267,7.0,4.0,False,main,False
9640,6,6,11.24794507048593,1.752054929514071,0.865226543883533,0.9778001927527074,5.0,3.0,False,main,False
9640,7,7,12.24794507048593,1.752054929514071,0.8748532193204236,0.9795427721247039,3.0,2.0,False,main,False
9640,8,8,13.24794507048593,1.752054929514071,0.8831963380323953,0.9810315714839366,1.0,1.0,False,main,False
9640,9,9,14.24794507048593,1.752054929514071,0.8904965669053706,0.9823182885219454,-1.0,-1.0,True,main,False
9286,0,1,5.552943182030208,2.4470568179697922,0.694117897753776,0.9158582748152255,38.0,14.0,False,main,True
8799,1,1,6.290486953088525,1.7095130469114745,0.7863108691360656,0.9636457586320644,19.0,9.0,False,main,True
11161,0,1,5.23350009312426,2.7664999068757403,0.6541875116405325,0.8909037107913287,49.0,16.0,False,main,True
11161,0,2,5.23350009312426,3.7664999068757403,0.5815000103471399,0.827539196034899,86.0,22.0,False,main,False
11161,0,3,5.23350009312426,4.76649990687574,0.5233500093124259,0.7689035477239322,149.0,31.0,False,main,True
11161,0,4,5.23350009312426,5.76649990687574,0.47577273573856904,0.7161636331360456,258.0,42.0,False,main,True
11161,0,5,5.23350009312426,6.76649990687574,0.43612500776035495,0.6691570979183721,458.0,56.0,False,main,True
1755,0,1,5.485816447446017,2.5141835525539835,0.6857270559307521,0.910808590063023,40.0,15.0,False,main,True
9834,1,1,6.3534720245939145,1.646527975406086,0.7941840030742393,0.9669886110868137,18.0,9.0,False,main,True
9834,2,2,7.3534720245939145,1.646527975406086,0.8170524471771016,0.9712382745183058,14.0,7.0,False,main,False
9834,3,3,8.353472024593914,1.646527975406086,0.8353472024593914,0.9745176269886294,11.0,6.0,False,main,False
9834,4,4,9.353472024593914,1.646527975406086,0.8503156385994468,0.977125176325631,9.0,5.0,False,main,False
9834,5,5,10.353472024593914,1.646527975406086,0.8627893353828262,0.9792483012769705,6.0,4.0,False,main,False
9834,6,6,11.353472024593914,1.646527975406086,0.8733440018918396,0.9810105885504283,4.0,3.0,False,main,False
9834,7,7,12.353472024593914,1.646527975406086,0.8823908588995654,0.9824968622803542,3.0,2.0,False,main,False
9834,8,8,13.353472024593914,1.646527975406086,0.890231468306261,0.9837672818888823,1.0,1.0,False,main,False
9834,9,9,14.353472024593914,1.646527975406086,0.8970920015371197,0.984865702315969,-1.0,-1.0,True,main,False
3544,1,1,6.445605967603926,1.5543940323960739,0.8057007459504908,0.9716376922579685,17.0,8.0,False,main,True
3544,2,2,7.445605967603926,1.5543940323960739,0.8272895519559919,0.9752727139259502,14.0,7.0,False,main,True
3544,3,3,8.445605967603926,1.5543940323960739,0.8445605967603926,0.9780811691556976,11.0,6.0,False,main,True
3544,4,4,9.445605967603926,1.5543940323960739,0.858691451600357,0.9803163694832729,8.0,5.0,False,main,False
3544,5,5,10.445605967603926,1.5543940323960739,0.8704671639669939,0.9821376625972719,6.0,4.0,False,main,False
3544,6,6,11.445605967603926,1.5543940323960739,0.8804312282772251,0.9836503216258433,4.0,3.0,False,main,False
3544,7,7,12.445605967603926,1.5543940323960739,0.8889718548288519,0.9849266971112125,2.0,2.0,False,main,False
3544,8,8,13.445605967603926,1.5543940323960739,0.8963737311735951,0.9860181577059348,1.0,1.0,False,main,False
3544,9,9,14.445605967603926,1.5543940323960739,0.9028503729752454,0.9869621840417416,-1.0,-1.0,True,main,False
4944,1,1,6.340235873085351,1.6597641269146481,0.7925294841356689,0.9662970066895498,18.0,9.0,False,main,True
2680,1,1,6.316251867045989,1.6837481329540107,0.7895314833807486,0.9650289877596614,19.0,9.0,False,main,True
529,1,1,6.549741122234857,1.4502588777651435,0.8187176402793571,0.9765312957435481,16.0,8.0,False,main,True
529,2,2,7.549741122234857,1.4502588777651435,0.8388601246927618,0.9795238912938214,13.0,7.0,False,main,True
529,3,3,8.549741122234856,1.4502588777651435,0.8549741122234856,0.9818391878827469,10.0,6.0,False,main,False
529,4,4,9.549741122234856,1.4502588777651435,0.8681582838395324,0.9836838474004092,8.0,5.0,False,main,False
529,5,5,10.549741122234856,1.4502588777651435,0.8791450935195714,0.9851881851622284,6.0,4.0,False,main,False
529,6,6,11.549741122234856,1.4502588777651435,0.8884416247872966,0.9864384557989883,4.0,3.0,False,main,False
529,7,7,12.549741122234856,1.4502588777651435,0.8964100801596325,0.9874940285036011,2.0,2.0,False,main,False
529,8,8,13.549741122234856,1.4502588777651435,0.9033160748156571,0.9883971073863089,1.0,1.0,False,main,False
529,9,9,14.549741122234856,1.4502588777651435,0.9093588201396785,0.989178518115269,-1.0,-1.0,True,main,False
6647,0,1,5.460210040006734,2.5397899599932665,0.6825262550008417,0.9088544986895191,41.0,15.0,False,main,True
4139,0,1,5.329803968147806,2.670196031852193,0.6662254960184758,0.89866967097978,45.0,15.0,False,main,True
11614,0,1,5.170754126779699,2.8292458732203007,0.6463442658474624,0.8857348204731134,52.0,16.0,False,main,True
6257,1,1,6.532307177647482,1.4676928223525179,0.8165383972059352,0.9757396267226961,16.0,8.0,False,main,True
2918,0,1,5.452353052772576,2.5476469472274244,0.681544131596572,0.908251862332069,41.0,15.0,False,main,True
9937,1,1,6.187780857706925,1.8122191422930753,0.7734726072133656,0.9579206814605721,20.0,9.0,False,main,True
9937,2,2,7.187780857706925,1.8122191422930753,0.7986423175229916,0.9633803852180622,16.0,8.0,False,main,False
9937,3,3,8.187780857706926,1.8122191422930753,0.8187780857706924,0.9675843331502711,12.0,6.0,False,main,False
9937,4,4,9.187780857706926,1.8122191422930753,0.835252805246084,0.9709215106844094,9.0,5.0,False,main,False
9937,5,5,10.187780857706926,1.8122191422930753,0.8489817381422438,0.9736351499314085,7.0,4.0,False,main,False
9937,6,6,11.187780857706926,1.8122191422930753,0.8605985275159173,0.9758851973977252,5.0,3.0,False,main,False
9937,7,7,12.187780857706926,1.8122191422930753,0.8705557755504946,0.9777811717073657,3.0,2.0,False,main,False
9937,8,8,13.187780857706926,1.8122191422930753,0.879185390513795,0.9794005953772958,1.0,1.0,False,main,False
9937,9,9,14.187780857706926,1.8122191422930753,0.8867363036066829,0.9807998893476572,-1.0,-1.0,True,main,False
11911,1,1,6.226734029358789,1.7732659706412115,0.7783417536698486,0.9601311599914948,20.0,9.0,False,main,True
11911,2,2,7.226734029358789,1.7732659706412115,0.802970447706532,0.96529458382924,16.0,8.0,False,main,True
11911,3,3,8.226734029358788,1.7732659706412115,0.8226734029358788,0.9692724319261318,12.0,6.0,False,main,False
11911,4,4,9.226734029358788,1.7732659706412115,0.8387940026689807,0.9724313589169382,9.0,5.0,False,main,False
11911,5,5,10.226734029358788,1.7732659706412115,0.852227835779899,0.9750008426373843,7.0,4.0,False,main,False
11911,6,6,11.226734029358788,1.7732659706412115,0.8635949253352914,0.9771318911699114,5.0,3.0,False,main,False
11911,7,7,12.226734029358788,1.7732659706412115,0.8733381449541991,0.9789279607195422,3.0,2.0,False,main,False
11911,8,8,13.226734029358788,1.7732659706412115,0.8817822686239192,0.9804623159480389,1.0,1.0,False,main,False
11911,9,9,14.226734029358788,1.7732659706412115,0.8891708768349242,0.9817882991380151,-1.0,-1.0,True,main,False
9111,1,1,6.181403749671904,1.8185962503280964,0.772675468708988,0.9575543257521115,21.0,9.0,False,main,True
1654,0,1,5.398722031410999,2.6012779685890006,0.6748402539263749,0.9041004038786654,43.0,15.0,False,main,True
6205,0,1,5.289526830812301,2.7104731691876993,0.6611908538515376,0.8954466140608849,47.0,15.0,False,main,True
11010,0,1,5.208344707133422,2.7916552928665777,0.6510430883916778,0.8888416907445876,50.0,16.0,False,main,True
11010,0,2,5.208344707133422,3.7916552928665777,0.5787049674592691,0.8253749722698126,88.0,23.0,False,main,False
11010,0,3,5.208344707133422,4.791655292866578,0.5208344707133422,0.7667481103570948,153.0,31.0,False,main,True
11010,0,4,5.208344707133422,5.791655292866578,0.4734858824666748,0.7140637488137407,265.0,42.0,False,main,True
6185,0,1,5.3612647685181525,2.638735231481848,0.6701580960647691,0.9011620510735638,44.0,15.0,False,main,True
6331,1,1,6.435897048670379,1.5641029513296214,0.8044871310837973,0.9711616205503045,17.0,9.0,False,main,True
3198,0,1,5.353149438185028,2.6468505618149716,0.6691436797731285,0.9005212655343487,45.0,15.0,False,main,True
1664,1,1,6.180974449396062,1.8190255506039383,0.7726218061745077,0.9575296181882763,21.0,9.0,False,main,True
7628,1,1,6.580059330696359,1.4199406693036412,0.8225074163370448,0.9778809193371559,16.0,8.0,False,main,True
7628,2,2,7.580059330696359,1.4199406693036412,0.8422288145218176,0.9806972056411332,13.0,7.0,False,main,False
7628,3,3,8.580059330696358,1.4199406693036412,0.8580059330696359,0.9828769734409537,10.0,6.0,False,main,False
7628,4,4,9.580059330696358,1.4199406693036412,0.87091448460876,0.9846141931670824,8.0,5.0,False,main,False
7628,5,5,10.580059330696358,1.4199406693036412,0.8816716108913633,0.9860312628637976,6.0,4.0,False,main,False
7628,6,6,11.580059330696358,1.4199406693036412,0.8907737946689507,0.9872092411610106,4.0,3.0,False,main,False
7628,7,7,12.580059330696358,1.4199406693036412,0.8985756664783113,0.9882039454180371,2.0,2.0,False,main,False
7628,8,8,13.580059330696358,1.4199406693036412,0.9053372887130906,0.9890550692060923,1.0,1.0,False,main,False
7628,9,9,14.580059330696358,1.4199406693036412,0.9112537081685225,0.9897916132972407,-1.0,-1.0,True,main,False
12092,1,1,6.394766936322341,1.6052330636776593,0.7993458670402926,0.9691083916136161,18.0,9.0,False,main,True
9808,0,1,5.307692505095068,2.6923074949049317,0.6634615631368835,0.8969047272613698,46.0,15.0,False,main,True
9808,0,2,5.307692505095068,3.6923074949049317,0.5897436116772298,0.8338682356973932,81.0,22.0,False,main,False
9808,0,3,5.307692505095068,4.692307494904932,0.5307692505095069,0.775220695616276,139.0,30.0,False,main,False
9808,0,4,5.307692505095068,5.692307494904932,0.48251750046318803,0.7223254097279992,237.0,41.0,False,main,True
9808,0,5,5.307692505095068,6.692307494904932,0.44230770875792236,0.6751034359186343,415.0,54.0,False,main,True
9808,0,6,5.307692505095068,7.692307494904932,0.4082840388534668,0.6330317847309748,763.0,71.0,False,main,True
9808,0,7,5.307692505095068,8.69230749490493,0.3791208932210763,0.5954910084836701,1526.0,94.0,False,main,True
8415,0,1,5.304790299701487,2.695209700298513,0.6630987874626859,0.8966722652725096,46.0,15.0,False,main,True
8415,0,2,5.304790299701487,3.695209700298513,0.5894211444112764,0.8336221833273988,81.0,22.0,False,main,False
8415,0,3,5.304790299701487,4.695209700298513,0.5304790299701487,0.774974710334247,139.0,30.0,False,main,True
8415,0,4,5.304790299701487,5.695209700298513,0.4822536636092261,0.7220852624552283,238.0,41.0,False,main,True
8415,0,5,5.304790299701487,6.695209700298513,0.4420658583084573,0.674871557655158,417.0,54.0,False,main,True
5471,1,1,6.46435529816452,1.5356447018354804,0.808044412270565,0.9725476387092649,17.0,8.0,False,main,True
10557,0,1,5.224656453553994,2.7753435464460057,0.6530820566942492,0.8901803535003899,49.0,16.0,False,main,True
10557,0,2,5.224656453553994,3.7753435464460057,0.5805173837282216,0.8267793950922904,87.0,23.0,False,main,False
10557,0,3,5.224656453553994,4.775343546446006,0.5224656453553994,0.7681465639349243,150.0,31.0,False,main,True
10557,0,4,5.224656453553994,5.775343546446006,0.47496876850490855,0.7154260148037954,260.0,42.0,False,main,True
5246,0,1,5.39862940170724,2.601370598292761,0.674828675213405,0.9040931767281857,43.0,15.0,False,main,True
11322,1,1,6.354442180546896,1.6455578194531038,0.794305272568362,0.9670390724100386,18.0,9.0,False,main,True
11322,2,2,7.354442180546896,1.6455578194531038,0.8171602422829884,0.9712820428871954,14.0,7.0,False,main,True
11322,3,3,8.354442180546897,1.6455578194531038,0.8354442180546897,0.9745562723568714,11.0,6.0,False,main,False
11322,4,4,9.354442180546897,1.6455578194531038,0.8504038345951724,0.9771597736433671,9.0,5.0,False,main,False
11322,5,5,10.354442180546897,1.6455578194531038,0.8628701817122414,0.9792796189803219,6.0,4.0,False,main,False
11322,6,6,11.354442180546897,1.6455578194531038,0.8734186292728382,0.9810391950675172,4.0,3.0,False,main,False
11322,7,7,12.354442180546897,1.6455578194531038,0.8824601557533498,0.9825231899454951,3.0,2.0,False,main,False
11322,8,8,13.354442180546897,1.6455578194531038,0.8902961453697932,0.9837916672011151,1.0,1.0,False,main,False
11322,9,9,14.354442180546897,1.6455578194531038,0.8971526362841811,0.984888412329154,-1.0,-1.0,True,main,False
7410,0,1,5.463823271421791,2.5361767285782086,0.6829779089277239,0.9091311564232545,41.0,15.0,False,main,True
7754,1,1,6.1471551081273,1.8528448918727005,0.7683943885159125,0.9555655372584839,21.0,9.0,False,main,True
7754,2,2,7.1471551081273,1.8528448918727005,0.7941283453474778,0.9613418087353081,16.0,8.0,False,main,False
7754,3,3,8.1471551081273,1.8528448918727005,0.8147155108127299,0.9657871393190586,13.0,6.0,False,main,False
7754,4,4,9.1471551081273,1.8528448918727005,0.8315595552842999,0.9693144974836978,10.0,5.0,False,main,False
7754,5,5,10.1471551081273,1.8528448918727005,0.8455962590106083,0.9721818656448282,7.0,4.0,False,main,False
7754,6,6,11.1471551081273,1.8528448918727005,0.8574734698559461,0.9745587652703924,5.0,3.0,False,main,False
7754,7,7,12.1471551081273,1.8528448918727005,0.867653936294807,0.9765612033787456,3.0,2.0,False,main,False
7754,8,8,13.1471551081273,1.8528448918727005,0.8764770072084866,0.9782712562509713,1.0,1.0,False,main,False
7754,9,9,14.1471551081273,1.8528448918727005,0.8841971942579563,0.9797486354905554,-1.0,-1.0,True,main,False
3293,1,1,6.513952113845974,1.4860478861540263,0.8142440142307468,0.9748939802735317,17.0,8.0,False,main,True
10518,1,1,6.520402538918619,1.4795974610813813,0.8150503173648274,0.9751925738110268,17.0,8.0,False,main,True
10518,2,2,7.520402538918619,1.4795974610813813,0.8356002821020687,0.9783604326442407,13.0,7.0,False,main,False
10518,3,3,8.520402538918619,1.4795974610813813,0.8520402538918619,0.9808103733548339,10.0,6.0,False,main,False
10518,4,4,9.520402538918619,1.4795974610813813,0.8654911399016926,0.9827617223916219,8.0,5.0,False,main,False
10518,5,5,10.520402538918619,1.4795974610813813,0.8767002115765515,0.9843526873762986,6.0,4.0,False,main,False
10518,6,6,11.520402538918619,1.4795974610813813,0.8861848106860476,0.9856746983814287,4.0,3.0,False,main,False
10518,7,7,12.520402538918619,1.4795974610813813,0.8943144670656157,0.9867906600966904,2.0,2.0,False,main,False
10518,8,8,13.520402538918619,1.4795974610813813,0.9013601692612413,0.9877452743031054,1.0,1.0,False,main,False
10518,9,9,14.520402538918619,1.4795974610813813,0.9075251586824137,0.9885711814105381,-1.0,-1.0,True,main,False
3880,0,1,5.435223888345502,2.5647761116544987,0.6794029860431877,0.9069331044770124,42.0,15.0,False,main,True
11223,0,1,5.251123524339357,2.748876475660643,0.6563904405424196,0.8923401173166731,48.0,16.0,False,main,True
11223,0,2,5.251123524339357,3.748876475660643,0.5834581693710397,0.8290498973379239,85.0,22.0,False,main,True
11223,0,3,5.251123524339357,4.7488764756606425,0.5251123524339356,0.770409518236614,146.0,31.0,False,main,True
2983,1,1,6.237221986262348,1.7627780137376523,0.7796527482827935,0.9607182219168933,20.0,9.0,False,main,True
10368,1,1,6.526993136233123,1.4730068637668778,0.8158741420291403,0.9754960767565697,16.0,8.0,False,main,True
10368,2,2,7.526993136233123,1.4730068637668778,0.8363325706925692,0.9786241689398147,13.0,7.0,False,main,False
10368,3,3,8.526993136233123,1.4730068637668778,0.8526993136233122,0.9810435662972048,10.0,6.0,False,main,False
10368,4,4,9.526993136233123,1.4730068637668778,0.866090285112102,0.9829707175578063,8.0,5.0,False,main,False
10368,5,5,10.526993136233123,1.4730068637668778,0.8772494280194268,0.9845420377104336,6.0,4.0,False,main,False
10368,6,6,11.526993136233123,1.4730068637668778,0.8866917797102402,0.98584778165446,4.0,3.0,False,main,False
10368,7,7,12.526993136233123,1.4730068637668778,0.8947852240166516,0.986950051480818,2.0,2.0,False,main,False
10368,8,8,13.526993136233123,1.4730068637668778,0.9017995424155415,0.987892982084036,1.0,1.0,False,main,False
10368,9,9,14.526993136233123,1.4730068637668778,0.9079370710145702,0.9887088020580939,-1.0,-1.0,True,main,False
9353,1,1,6.220169518075975,1.7798304819240247,0.7775211897594969,0.9597619545644783,20.0,9.0,False,main,True
9353,2,2,7.220169518075975,1.7798304819240247,0.8022410575639972,0.964974807167792,16.0,8.0,False,main,False
9353,3,3,8.220169518075975,1.7798304819240247,0.8220169518075975,0.9689903884924039,12.0,6.0,False,main,False
9353,4,4,9.220169518075975,1.7798304819240247,0.8381972289159978,0.972179070821652,9.0,5.0,False,main,False
9353,5,5,10.220169518075975,1.7798304819240247,0.8516807931729979,0.9747726231821626,7.0,4.0,False,main,False
9353,6,6,11.220169518075975,1.7798304819240247,0.8630899629289212,0.9769235433024831,5.0,3.0,False,main,False
9353,7,7,12.220169518075975,1.7798304819240247,0.8728692512911411,0.9787362980941622,3.0,2.0,False,main,False
9353,8,8,13.220169518075975,1.7798304819240247,0.8813446345383984,0.980284862282516,1.0,1.0,False,main,False
9353,9,9,14.220169518075975,1.7798304819240247,0.8887605948797485,0.9816230916885393,-1.0,-1.0,True,main,False
5907,0,1,5.400865941247311,2.599134058752689,0.6751082426559138,0.9042676213636797,43.0,15.0,False,main,True
9339,1,1,6.359185665643307,1.6408143343566937,0.7948982082054133,0.9672853435197627,18.0,9.0,False,main,True
11961,1,1,6.215894822528583,1.7841051774714174,0.7769868528160728,0.9595208094099325,20.0,9.0,False,main,True
10852,1,1,6.247687459120631,1.7523125408793692,0.7809609323900789,0.961300565864389,20.0,9.0,False,main,True
10852,2,2,7.247687459120631,1.7523125408793692,0.805298606568959,0.966307584595133,15.0,8.0,False,main,False
10852,3,3,8.24768745912063,1.7523125408793692,0.8247687459120631,0.9701660013664124,12.0,6.0,False,main,False
10852,4,4,9.24768745912063,1.7523125408793692,0.8406988599200573,0.9732307280691331,9.0,5.0,False,main,False
10852,5,5,10.24768745912063,1.7523125408793692,0.8539739549267192,0.9757240018409385,7.0,4.0,False,main,False
10852,6,6,11.24768745912063,1.7523125408793692,0.8652067276246639,0.9777921213235958,5.0,3.0,False,main,False
10852,7,7,12.24768745912063,1.7523125408793692,0.8748348185086164,0.979535346451959,3.0,2.0,False,main,False
10852,8,8,13.24768745912063,1.7523125408793692,0.8831791639413754,0.9810246958200429,1.0,1.0,False,main,False
10852,9,9,14.24768745912063,1.7523125408793692,0.8904804661950394,0.982311886957791,-1.0,-1.0,True,main,False
8571,1,1,6.374980814703367,1.6250191852966331,0.7968726018379209,0.9680999283808541,18.0,9.0,False,main,True
8110,0,1,5.576958644352584,2.423041355647416,0.697119830544073,0.9176389097341172,38.0,14.0,False,main,True
8110,0,2,5.576958644352584,3.423041355647416,0.6196620715947315,0.8561498312877937,65.0,20.0,False,main,False
8110,0,3,5.576958644352584,4.423041355647416,0.5576958644352584,0.7976432131906441,109.0,28.0,False,main,True
8110,0,4,5.576958644352584,5.423041355647416,0.5069962403956895,0.7442936458006093,180.0,37.0,False,main,True
296,1,1,6.215622332282951,1.7843776677170489,0.7769527915353689,0.9595054182725447,20.0,9.0,False,main,True
5544,0,1,5.238370540323053,2.7616294596769473,0.6547963175403816,0.8913013569852967,49.0,16.0,False,main,True
7915,1,1,6.158114279976466,1.8418857200235341,0.7697642849970583,0.9562058066893364,21.0,9.0,False,main,True
7915,2,2,7.158114279976466,1.8418857200235341,0.7953460311084962,0.9618959253904589,16.0,8.0,False,main,False
7915,3,3,8.158114279976466,1.8418857200235341,0.8158114279976466,0.9662755847193955,13.0,6.0,False,main,False
7915,4,4,9.158114279976466,1.8418857200235341,0.8325558436342242,0.9697512137672761,10.0,5.0,False,main,False
7915,5,5,10.158114279976466,1.8418857200235341,0.8465095233313722,0.9725767752247635,7.0,4.0,False,main,False
7915,6,6,11.158114279976466,1.8418857200235341,0.8583164830751128,0.9749191822978643,5.0,3.0,False,main,False
7915,7,7,12.158114279976466,1.8418857200235341,0.8684367342840333,0.9768926751194362,3.0,2.0,False,main,False
7915,8,8,13.158114279976466,1.8418857200235341,0.8772076186650978,0.9785780902438823,1.0,1.0,False,main,False
7915,9,9,14.158114279976466,1.8418857200235341,0.8848821424985291,0.9800342436145436,-1.0,-1.0,True,main,False
9848,0,1,5.444658019084381,2.5553419809156197,0.6805822523855476,0.9076602656064358,42.0,15.0,False,main,True
9848,0,2,5.444658019084381,3.5553419809156197,0.6049620021204868,0.8453381686003099,72.0,21.0,False,main,False
9848,0,3,5.444658019084381,4.555341980915619,0.5444658019084381,0.7867252787204414,122.0,29.0,False,main,True
9848,0,4,5.444658019084381,5.555341980915619,0.4949689108258528,0.733577054741481,205.0,39.0,False,main,True
4596,1,1,6.255874643488013,1.744125356511987,0.7819843304360016,0.9617537150054533,20.0,9.0,False,main,True
2037,0,1,5.304593206443218,2.6954067935567823,0.6630741508054022,0.8966564716428775,46.0,15.0,False,main,True
3730,1,1,6.210916143740506,1.7890838562594942,0.7763645179675632,0.9592392320186244,20.0,9.0,False,main,True
10148,1,1,6.2210355297788755,1.7789644702211245,0.7776294412223594,0.9598107386313062,20.0,9.0,False,main,True
10148,2,2,7.2210355297788755,1.7789644702211245,0.8023372810865417,0.9650170587565071,16.0,8.0,False,main,False
10148,3,3,8.221035529778876,1.7789644702211245,0.8221035529778875,0.969027653572073,12.0,6.0,False,main,False
10148,4,4,9.221035529778876,1.7789644702211245,0.838275957252625,0.972212403858346,9.0,5.0,False,main,False
10148,5,5,10.221035529778876,1.7789644702211245,0.8517529608149063,0.9748027757596698,7.0,4.0,False,main,False
10148,6,6,11.221035529778876,1.7789644702211245,0.8631565792137597,0.9769510700976487,5.0,3.0,False,main,False
10148,7,7,12.221035529778876,1.7789644702211245,0.8729311092699197,0.978761620193332,3.0,2.0,False,main,False
10148,8,8,13.221035529778876,1.7789644702211245,0.881402368651925,0.9803083069239346,1.0,1.0,False,main,False
10148,9,9,14.221035529778876,1.7789644702211245,0.8888147206111797,0.9816449182396803,-1.0,-1.0,True,main,False
5681,1,1,6.325723004091863,1.6742769959081367,0.7907153755114829,0.9655319924556336,19.0,9.0,False,main,True
7704,1,1,6.456261193764499,1.5437388062355009,0.8070326492205624,0.9721563418056341,17.0,8.0,False,main,True
7704,2,2,7.456261193764499,1.5437388062355009,0.8284734659738332,0.9757230494917215,14.0,7.0,False,main,False
7704,3,3,8.4562611937645,1.5437388062355009,0.8456261193764499,0.9784791120686184,11.0,6.0,False,main,False
7704,4,4,9.4562611937645,1.5437388062355009,0.8596601085240454,0.9806728511484906,8.0,5.0,False,main,False
7704,5,5,10.4562611937645,1.5437388062355009,0.8713550994803749,0.982460513935102,6.0,4.0,False,main,False
7704,6,6,11.4562611937645,1.5437388062355009,0.8812508610588077,0.9839453450283092,4.0,3.0,False,main,False
7704,7,7,12.4562611937645,1.5437388062355009,0.8897329424117499,0.9851983117498144,2.0,2.0,False,main,False
7704,8,8,13.4562611937645,1.5437388062355009,0.8970840795842999,0.9862698070257123,1.0,1.0,False,main,False
7704,9,9,14.4562611937645,1.5437388062355009,0.9035163246102812,0.9871966034313568,-1.0,-1.0,True,main,False
7119,0,1,5.247834006004499,2.752165993995501,0.6559792507505624,0.8920725185534498,48.0,16.0,False,main,True
10616,0,1,5.3161168530398495,2.683883146960151,0.6645146066299812,0.8975784444385885,46.0,15.0,False,main,True
10616,0,2,5.3161168530398495,3.683883146960151,0.590679650337761,0.8345817574219059,80.0,22.0,False,main,False
10616,0,3,5.3161168530398495,4.6838831469601505,0.531611685303985,0.7759342080046558,138.0,30.0,False,main,True
10616,0,4,5.3161168530398495,5.6838831469601505,0.48328335027634994,0.7230220871657449,235.0,41.0,False,main,True
10616,0,5,5.3161168530398495,6.6838831469601505,0.4430097377533208,0.6757761839215339,411.0,54.0,False,main,True
7555,1,1,6.545343051614021,1.4546569483859786,0.8181678814517527,0.9763326476772335,16.0,8.0,False,main,True
1744,1,1,6.237400806151019,1.7625991938489811,0.7796751007688774,0.9607282012960298,20.0,9.0,False,main,True
3685,0,1,5.496212630548961,2.5037873694510386,0.6870265788186202,0.9115975898747425,40.0,15.0,False,main,True
7540,1,1,6.438863434729383,1.5611365652706168,0.8048579293411728,0.9713074270613424,17.0,8.0,False,main,True
7540,2,2,7.438863434729383,1.5611365652706168,0.826540381636598,0.9749859768694538,14.0,7.0,False,main,True
7540,3,3,8.438863434729383,1.5611365652706168,0.8438863434729382,0.9778278096591717,11.0,6.0,False,main,True
7540,4,4,9.438863434729383,1.5611365652706168,0.8580784940663075,0.980089419982977,8.0,5.0,False,main,False
7540,5,5,10.438863434729383,1.5611365652706168,0.8699052862274486,0.981932132688272,6.0,4.0,False,main,False
7540,6,6,11.438863434729383,1.5611365652706168,0.8799125719022602,0.9834625141755524,4.0,3.0,False,main,False
7540,7,7,12.438863434729383,1.5611365652706168,0.8884902453378131,0.984753796681618,2.0,2.0,False,main,False
7540,8,8,13.438863434729383,1.5611365652706168,0.8959242289819589,0.9858579707120187,1.0,1.0,False,main,False
7540,9,9,14.438863434729383,1.5611365652706168,0.9024289646705864,0.9868129681011514,-1.0,-1.0,True,main,False
8854,1,1,6.50834400446208,1.4916559955379207,0.81354300055776,0.9746331397592652,17.0,8.0,False,main,True
8854,2,2,7.50834400446208,1.4916559955379207,0.8342604449402311,0.9778743482166645,13.0,7.0,False,main,True
8854,3,3,8.50834400446208,1.4916559955379207,0.850834400446208,0.9803806155990158,10.0,6.0,False,main,False
8854,4,4,9.50834400446208,1.4916559955379207,0.8643949094965527,0.982376582672438,8.0,5.0,False,main,False
8854,5,5,10.50834400446208,1.4916559955379207,0.8756953337051733,0.9840037664561393,6.0,4.0,False,main,False
8854,6,6,11.50834400446208,1.4916559955379207,0.8852572311124677,0.9853557659729059,4.0,3.0,False,main,False
8854,7,7,12.50834400446208,1.4916559955379207,0.8934531431758629,0.9864969669235429,2.0,2.0,False,main,False
8854,8,8,13.50834400446208,1.4916559955379207,0.9005562669641386,0.9874731169743874,1.0,1.0,False,main,False
8854,9,9,14.50834400446208,1.4916559955379207,0.90677150027888,0.9883176162160633,-1.0,-1.0,True,main,False
2556,1,1,6.363578687267174,1.6364213127328262,0.7954473359083968,0.9675127447276662,18.0,9.0,False,main,True
7235,1,1,6.210255315567399,1.789744684432601,0.7762819144459249,0.9592017997271719,20.0,9.0,False,main,True
7235,2,2,7.210255315567399,1.789744684432601,0.8011394795074888,0.9644896893025097,16.0,8.0,False,main,True
7235,3,3,8.210255315567398,1.789744684432601,0.8210255315567399,0.9685625430441084,12.0,6.0,False,main,False
7235,4,4,9.210255315567398,1.789744684432601,0.8372959377788544,0.9717963829453552,9.0,5.0,False,main,False
7235,5,5,10.210255315567398,1.789744684432601,0.8508546096306165,0.9744264589045103,7.0,4.0,False,main,False
7235,6,6,11.210255315567398,1.789744684432601,0.862327331966723,0.9766075312585667,5.0,3.0,False,main,False
7235,7,7,12.210255315567398,1.789744684432601,0.8721610939690999,0.9784456017902997,3.0,2.0,False,main,False
7235,8,8,13.210255315567398,1.789744684432601,0.8806836877044932,0.9800157233763127,1.0,1.0,False,main,False
7235,9,9,14.210255315567398,1.789744684432601,0.8881409572229624,0.9813725314919899,-1.0,-1.0,True,main,False
8225,1,1,6.328905022314835,1.671094977685165,0.7911131277893544,0.9657003228383484,19.0,9.0,False,main,True
8225,2,2,7.328905022314835,1.671094977685165,0.814322780257204,0.9701210155552932,15.0,7.0,False,main,False
8225,3,3,8.328905022314835,1.671094977685165,0.8328905022314835,0.9735312451270964,11.0,6.0,False,main,False
8225,4,4,9.328905022314835,1.671094977685165,0.8480822747558941,0.976242189355724,9.0,5.0,False,main,False
8225,5,5,10.328905022314835,1.671094977685165,0.860742085192903,0.9784490688410442,7.0,4.0,False,main,False
8225,6,6,11.328905022314835,1.671094977685165,0.8714542324857566,0.9802805854860068,4.0,3.0,False,main,False
8225,7,7,12.328905022314835,1.671094977685165,0.8806360730224883,0.9818250430405401,3.0,2.0,False,main,False
8225,8,8,13.328905022314835,1.671094977685165,0.8885936681543224,0.9831450506614241,1.0,1.0,False,main,False
8225,9,9,14.328905022314835,1.671094977685165,0.8955565638946772,0.9842862381048539,-1.0,-1.0,True,main,False
126,0,1,5.146073460221679,2.853926539778321,0.6432591825277099,0.8836784396021901,53.0,16.0,False,main,True
10266,1,1,6.166489554312213,1.8335104456877866,0.7708111942890267,0.9566926609825663,21.0,9.0,False,main,True
10266,2,2,7.166489554312213,1.8335104456877866,0.7962766171458014,0.9623173151742616,16.0,8.0,False,main,False
10266,3,3,8.166489554312214,1.8335104456877866,0.8166489554312214,0.9666470631398856,12.0,6.0,False,main,False
10266,4,4,9.166489554312214,1.8335104456877866,0.8333172322102013,0.9700833711434795,10.0,5.0,False,main,False
10266,5,5,10.166489554312214,1.8335104456877866,0.8472074628593512,0.9728771501574348,7.0,4.0,False,main,False
10266,6,6,11.166489554312214,1.8335104456877866,0.8589607349470934,0.9751933326898713,5.0,3.0,False,main,False
10266,7,7,12.166489554312214,1.8335104456877866,0.8690349681651581,0.9771448168218935,3.0,2.0,False,main,False
10266,8,8,13.166489554312214,1.8335104456877866,0.8777659702874809,0.9788114972991568,1.0,1.0,False,main,False
10266,9,9,14.166489554312214,1.8335104456877866,0.8854055971445134,0.9802515095421523,-1.0,-1.0,True,main,False
437,1,1,6.3044989818621735,1.6955010181378263,0.7880623727327717,0.9644007042366035,19.0,9.0,False,main,True
8017,0,1,5.46422865830734,2.5357713416926604,0.6830285822884175,0.9091621771926146,41.0,15.0,False,main,True
8017,0,2,5.46422865830734,3.5357713416926604,0.6071365175897044,0.8469541853209366,71.0,21.0,False,main,False
8017,0,3,5.46422865830734,4.53577134169266,0.546422865830734,0.7883524156360584,120.0,29.0,False,main,True
8017,0,4,5.46422865830734,5.53577134169266,0.4967480598461218,0.7351717095057109,201.0,38.0,False,main,True
10798,0,1,5.276553411365674,2.723446588634326,0.6595691764207092,0.8944008052042705,47.0,16.0,False,main,True
10798,0,2,5.276553411365674,3.723446588634326,0.5862837123739637,0.8312217463291715,83.0,22.0,False,main,False
10798,0,3,5.276553411365674,4.723446588634326,0.5276553411365674,0.772576626456639,143.0,31.0,False,main,False
10798,0,4,5.276553411365674,5.723446588634326,0.4796866737605158,0.7197450013636851,245.0,41.0,False,main,True
10798,0,5,5.276553411365674,6.723446588634326,0.43971278428047283,0.6726124240539918,432.0,55.0,False,main,True
10798,0,6,5.276553411365674,7.723446588634326,0.4058887239512057,0.6306394740406968,801.0,72.0,False,main,True
1080,0,1,5.252584371770553,2.747415628229447,0.6565730464713191,0.8924588797548145,48.0,16.0,False,main,True
11038,1,1,6.16939439271217,1.8306056072878298,0.7711742990890212,0.9568610204045322,21.0,9.0,False,main,True
11038,2,2,7.16939439271217,1.8306056072878298,0.7965993769680189,0.9624630453808333,16.0,8.0,False,main,False
11038,3,3,8.16939439271217,1.8306056072878298,0.816939439271217,0.9667755383843336,12.0,6.0,False,main,False
11038,4,4,9.16939439271217,1.8306056072878298,0.8335813084283792,0.9701982514248304,10.0,5.0,False,main,False
11038,5,5,10.16939439271217,1.8306056072878298,0.8474495327260142,0.9729810411332922,7.0,4.0,False,main,False
11038,6,6,11.16939439271217,1.8306056072878298,0.8591841840547824,0.9752881555951471,5.0,3.0,False,main,False
11038,7,7,12.16939439271217,1.8306056072878298,0.8692424566222979,0.9772320290921519,3.0,2.0,False,main,False
11038,8,8,13.16939439271217,1.8306056072878298,0.8779596261808114,0.9788922308573157,1.0,1.0,False,main,False
11038,9,9,14.16939439271217,1.8306056072878298,0.8855871495445107,0.9803266610856144,-1.0,-1.0,True,main,False
3975,1,1,6.4351942593461775,1.5648057406538225,0.8043992824182722,0.9711270311988,17.0,9.0,False,main,True
10252,0,1,5.493660429614958,2.506339570385042,0.6867075537018698,0.9114041291066022,40.0,15.0,False,main,True
10252,0,2,5.493660429614958,3.506339570385042,0.610406714401662,0.8493736013803397,70.0,21.0,False,main,False
10252,0,3,5.493660429614958,4.506339570385042,0.5493660429614958,0.7907915290593408,117.0,28.0,False,main,True
10252,0,4,5.493660429614958,5.506339570385042,0.49942367541954164,0.7375637245860105,196.0,38.0,False,main,True
814,1,1,6.498879318148123,1.501120681851877,0.8123599147685153,0.9741903233065616,17.0,8.0,False,main,True
814,2,2,7.498879318148123,1.501120681851877,0.8332088131275692,0.9774896363210345,13.0,7.0,False,main,False
814,3,3,8.498879318148123,1.501120681851877,0.8498879318148124,0.9800405137187915,11.0,6.0,False,main,False
814,4,4,9.498879318148123,1.501120681851877,0.8635344834680112,0.9820718118644292,8.0,5.0,False,main,False
814,5,5,10.498879318148123,1.501120681851877,0.8749066098456769,0.983727671980666,6.0,4.0,False,main,False
814,6,6,11.498879318148123,1.501120681851877,0.8845291783190864,0.9851034124685025,4.0,3.0,False,main,False
814,7,7,12.498879318148123,1.501120681851877,0.8927770941534374,0.986264592787459,2.0,2.0,False,main,False
814,8,8,13.498879318148123,1.501120681851877,0.8999252878765416,0.9872577893503386,1.0,1.0,False,main,False
814,9,9,14.498879318148123,1.501120681851877,0.9061799573842577,0.9881170041135865,-1.0,-1.0,True,main,False
9161,0,1,5.334342661253928,2.6656573387460716,0.666792832656741,0.8990306026511039,45.0,15.0,False,main,True
1292,0,1,5.158281387311912,2.8417186126880876,0.644785173413989,0.8846972283459935,52.0,16.0,False,main,True
1974,1,1,6.274278009227997,1.7257219907720036,0.7842847511534996,0.9627645084838579,19.0,9.0,False,main,True
2645,0,1,5.293722372948177,2.706277627051823,0.6617152966185221,0.8957840284754326,47.0,15.0,False,main,True
2294,0,1,5.147897754833644,2.852102245166356,0.6434872193542055,0.8838308850284414,53.0,16.0,False,main,True
8327,0,1,5.2073365750366145,2.7926634249633855,0.6509170718795768,0.8887587666214704,50.0,16.0,False,main,True
8327,0,2,5.2073365750366145,3.7926634249633855,0.5785929527818461,0.8252880457072389,88.0,23.0,False,main,False
8327,0,3,5.2073365750366145,4.7926634249633855,0.5207336575036614,0.7666615855181057,153.0,31.0,False,main,True
8327,0,4,5.2073365750366145,5.7926634249633855,0.4733942340942377,0.7139794804220316,265.0,42.0,False,main,True
9755,1,1,6.441604647925757,1.5583953520742424,0.8052005809907197,0.9714418910386298,17.0,8.0,False,main,True
9755,2,2,7.441604647925757,1.5583953520742424,0.8268449608806397,0.9751027162777465,14.0,7.0,False,main,False
9755,3,3,8.441604647925757,1.5583953520742424,0.8441604647925758,0.9779309583428809,11.0,6.0,False,main,False
9755,4,4,9.441604647925757,1.5583953520742424,0.858327695265978,0.980181815336476,8.0,5.0,False,main,False
9755,5,5,10.441604647925757,1.5583953520742424,0.8701337206604798,0.9820158068612413,6.0,4.0,False,main,False
9755,6,6,11.441604647925757,1.5583953520742424,0.8801234344558275,0.9835389726306438,4.0,3.0,False,main,False
9755,7,7,12.441604647925757,1.5583953520742424,0.8886860462804113,0.9848241858257145,2.0,2.0,False,main,False
9755,8,8,13.441604647925757,1.5583953520742424,0.8961069765283838,0.9859231837214827,1.0,1.0,False,main,False
9755,9,9,14.441604647925757,1.5583953520742424,0.9026002904953598,0.9868737144193549,-1.0,-1.0,True,main,False
1349,0,1,5.462094861993687,2.5379051380063133,0.6827618577492108,0.9089988533874203,41.0,15.0,False,main,True
349,1,1,6.159142354737253,1.840857645262747,0.7698927943421566,0.9562656833949768,21.0,9.0,False,main,True
6748,0,1,5.491205103722989,2.508794896277011,0.6864006379653737,0.9112178678375544,40.0,15.0,False,main,True
9559,1,1,6.490155311680305,1.5098446883196943,0.8112694139600382,0.9737792797302224,17.0,8.0,False,main,True
9559,2,2,7.490155311680305,1.5098446883196943,0.8322394790755895,0.9771325636083958,13.0,7.0,False,main,False
9559,3,3,8.490155311680304,1.5098446883196943,0.8490155311680306,0.9797248697744182,11.0,6.0,False,main,False
9559,4,4,9.490155311680304,1.5098446883196943,0.8627413919709369,0.9817889748550281,8.0,5.0,False,main,False
9559,5,5,10.490155311680304,1.5098446883196943,0.8741796093066921,0.9834714596540268,6.0,4.0,False,main,False
9559,6,6,11.490155311680304,1.5098446883196943,0.883858100898485,0.9848692405913989,4.0,3.0,False,main,False
9559,7,7,12.490155311680304,1.5098446883196943,0.8921539508343076,0.9860489678224829,2.0,2.0,False,main,False
9559,8,8,13.490155311680304,1.5098446883196943,0.8993436874453538,0.9870579877347379,1.0,1.0,False,main,False
9559,9,9,14.490155311680304,1.5098446883196943,0.9056347069800191,0.9879308613930358,-1.0,-1.0,True,main,False
3157,1,1,6.39046263385105,1.60953736614895,0.7988078292313813,0.9688901458924944,18.0,9.0,False,main,True
11990,0,1,5.4175629792977045,2.5824370207022955,0.6771953724122131,0.9055663467933565,42.0,15.0,False,main,True
890,1,1,6.581165641892585,1.418834358107415,0.8226457052365731,0.9779295098889513,16.0,8.0,False,main,True
890,2,2,7.581165641892585,1.418834358107415,0.842351737988065,0.9807394557865023,13.0,7.0,False,main,True
890,3,3,8.581165641892586,1.418834358107415,0.8581165641892585,0.9829143481777046,10.0,6.0,False,main,False
890,4,4,9.581165641892586,1.418834358107415,0.8710150583538714,0.9846477020091009,8.0,5.0,False,main,False
890,5,5,10.581165641892586,1.418834358107415,0.8817638034910488,0.9860616310263473,6.0,4.0,False,main,False
890,6,6,11.581165641892586,1.418834358107415,0.8908588955301989,0.9872370071983573,4.0,3.0,False,main,False
890,7,7,12.581165641892586,1.418834358107415,0.8986546887066132,0.9882295202448901,2.0,2.0,False,main,False
890,8,8,13.581165641892586,1.418834358107415,0.905411042792839,0.9890787734925721,1.0,1.0,False,main,False
890,9,9,14.581165641892586,1.418834358107415,0.9113228526182866,0.989813702099887,-1.0,-1.0,True,main,False
4495,0,1,5.1515993030933815,2.848400696906619,0.6439499128866727,0.8841399828273585,52.0,16.0,False,main,True
8875,1,1,6.4860774008279325,1.5139225991720675,0.8107596751034916,0.9735861995485461,17.0,8.0,False,main,True
8875,2,2,7.4860774008279325,1.5139225991720675,0.8317863778697703,0.9769648469531858,13.0,7.0,False,main,True
8875,3,3,8.486077400827932,1.5139225991720675,0.8486077400827933,0.9795766199977535,11.0,6.0,False,main,False
8875,4,4,9.486077400827932,1.5139225991720675,0.8623706728025393,0.9816561391428614,8.0,5.0,False,main,False
8875,5,5,10.486077400827932,1.5139225991720675,0.8738397834023277,0.9833511323541285,6.0,4.0,False,main,False
8875,6,6,11.486077400827932,1.5139225991720675,0.8835444154483025,0.9847592673558546,4.0,3.0,False,main,False
8875,7,7,12.486077400827932,1.5139225991720675,0.8918626714877095,0.9859477070198763,2.0,2.0,False,main,False
8875,8,8,13.486077400827932,1.5139225991720675,0.8990718267218621,0.9869641596438083,1.0,1.0,False,main,False
8875,9,9,14.486077400827932,1.5139225991720675,0.9053798375517458,0.9878434490646565,-1.0,-1.0,True,main,False
7811,1,1,6.380646494628814,1.6193535053711863,0.7975808118286017,0.9683900604031351,18.0,9.0,False,main,True
7811,2,2,7.380646494628814,1.6193535053711863,0.8200718327365348,0.9724540160386674,14.0,7.0,False,main,False
7811,3,3,8.380646494628813,1.6193535053711863,0.8380646494628813,0.9755911840553281,11.0,6.0,False,main,False
7811,4,4,9.380646494628813,1.6193535053711863,0.8527860449662558,0.9780863605480491,9.0,5.0,False,main,False
7811,5,5,10.380646494628813,1.6193535053711863,0.8650538745524011,0.980118429787148,6.0,4.0,False,main,False
7811,6,6,11.380646494628813,1.6193535053711863,0.8754343457406779,0.9818054336309677,4.0,3.0,False,main,False
7811,7,7,12.380646494628813,1.6193535053711863,0.8843318924734866,0.983228422187902,3.0,2.0,False,main,False
7811,8,8,13.380646494628813,1.6193535053711863,0.8920430996419209,0.9844448966473118,1.0,1.0,False,main,False
7811,9,9,14.380646494628813,1.6193535053711863,0.8987904059143008,0.985496785339776,-1.0,-1.0,True,main,False
5396,1,1,6.429583393852154,1.570416606147846,0.8036979242315192,0.9708502598510673,17.0,9.0,False,main,True
5396,2,2,7.429583393852154,1.570416606147846,0.8255092659835727,0.974589097910147,14.0,7.0,False,main,True
5396,3,3,8.429583393852154,1.570416606147846,0.8429583393852154,0.9774771524908116,11.0,6.0,False,main,False
5396,4,4,9.429583393852154,1.570416606147846,0.8572348539865594,0.9797753312889682,8.0,5.0,False,main,False
5396,5,5,10.429583393852154,1.570416606147846,0.8691319494876795,0.9816476996402332,6.0,4.0,False,main,False
5396,6,6,11.429583393852154,1.570416606147846,0.8791987226040118,0.9832026161238642,4.0,3.0,False,main,False
5396,7,7,12.429583393852154,1.570416606147846,0.8878273852751538,0.9845145345898414,2.0,2.0,False,main,False
5396,8,8,13.429583393852154,1.570416606147846,0.8953055595901436,0.9856363070161875,1.0,1.0,False,main,False
5396,9,9,14.429583393852154,1.570416606147846,0.9018489621157596,0.986606490228447,-1.0,-1.0,True,main,False
1523,0,1,5.32481620455261,2.6751837954473903,0.6656020255690762,0.8982724973525712,46.0,15.0,False,main,True
1336,0,1,5.275237563817248,2.7247624361827523,0.659404695477156,0.8942945253076532,47.0,16.0,False,main,True
11027,0,1,5.298264140640941,2.701735859359059,0.6622830175801176,0.8961488482087289,47.0,15.0,False,main,True
11027,0,2,5.298264140640941,3.701735859359059,0.5886960156267712,0.8330684340374176,82.0,22.0,False,main,False
11027,0,3,5.298264140640941,4.701735859359059,0.5298264140640941,0.7744212312055426,140.0,30.0,False,main,True
11027,0,4,5.298264140640941,5.701735859359059,0.48166037642190374,0.7215449828486065,240.0,41.0,False,main,True
90,1,1,6.310372647078879,1.6896273529211217,0.7887965808848598,0.9647152631823833,19.0,9.0,False,main,True
90,2,2,7.310372647078879,1.6896273529211217,0.8122636274532087,0.969266931212684,15.0,7.0,False,main,True
90,3,3,8.310372647078879,1.6896273529211217,0.8310372647078879,0.9727773432457781,12.0,6.0,False,main,False
90,4,4,9.310372647078879,1.6896273529211217,0.8463975133708072,0.9755674067278255,9.0,5.0,False,main,False
90,5,5,10.310372647078879,1.6896273529211217,0.8591977205899065,0.9778383595961283,7.0,4.0,False,main,False
90,6,6,11.310372647078879,1.6896273529211217,0.8700286651599137,0.9797228264930967,4.0,3.0,False,main,False
90,7,7,12.310372647078879,1.6896273529211217,0.8793123319342057,0.9813117783542804,3.0,2.0,False,main,False
90,8,8,13.310372647078879,1.6896273529211217,0.8873581764719253,0.9826697013784937,1.0,1.0,False,main,False
90,9,9,14.310372647078879,1.6896273529211217,0.8943982904424299,0.9838435847924146,-1.0,-1.0,True,main,False
7741,0,1,5.188743011276381,2.8112569887236187,0.6485928764095477,0.8872254080493638,51.0,16.0,False,main,True
7741,0,2,5.188743011276381,3.8112569887236187,0.5765270012529312,0.8236821499232485,90.0,23.0,False,main,False
7741,0,3,5.188743011276381,4.811256988723619,0.5188743011276381,0.7650637808141948,156.0,32.0,False,main,True
7741,0,4,5.188743011276381,5.811256988723619,0.4717039101160347,0.7124237070941988,271.0,43.0,False,main,True
5905,0,1,5.271997013178491,2.7280029868215094,0.6589996266473114,0.8940326262603391,48.0,16.0,False,main,True
4267,1,1,6.29863319794663,1.7013668020533692,0.7873291497433288,0.9640854428534709,19.0,9.0,False,main,True
7554,0,1,5.317841415187241,2.6821585848127594,0.6647301768984051,0.8977161676208528,46.0,15.0,False,main,True
11796,1,1,6.192289472394641,1.8077105276053587,0.7740361840493302,0.9581789396984239,20.0,9.0,False,main,True
11796,2,2,7.192289472394641,1.8077105276053587,0.7991432747105157,0.9636039856031103,16.0,8.0,False,main,True
11796,3,3,8.192289472394641,1.8077105276053587,0.8192289472394642,0.9677814945088876,12.0,6.0,False,main,True
11796,4,4,9.192289472394641,1.8077105276053587,0.8356626793086037,0.9710978338674904,9.0,5.0,False,main,False
11796,5,5,10.192289472394641,1.8077105276053587,0.8493574560328868,0.9737946243066371,7.0,4.0,False,main,False
11796,6,6,11.192289472394641,1.8077105276053587,0.860945344030357,0.9760307655906113,5.0,3.0,False,main,False
11796,7,7,12.192289472394641,1.8077105276053587,0.8708778194567601,0.9779150666687988,3.0,2.0,False,main,False
11796,8,8,13.192289472394641,1.8077105276053587,0.8794859648263095,0.9795245517819751,1.0,1.0,False,main,False
11796,9,9,14.192289472394641,1.8077105276053587,0.8870180920246651,0.980915281681854,-1.0,-1.0,True,main,False
7747,0,1,5.5580584686758066,2.441941531324193,0.6947573085844758,0.9162387047382454,38.0,14.0,False,main,True
7747,0,2,5.5580584686758066,3.441941531324193,0.6175620520750896,0.8546215980890157,66.0,20.0,False,main,False
7747,0,3,5.5580584686758066,4.4419415313241934,0.5558058468675806,0.7960952729439599,111.0,28.0,False,main,True
7747,0,4,5.5580584686758066,5.4419415313241934,0.5052780426068915,0.7427718252127485,184.0,37.0,False,main,True
755,0,1,5.482009633129068,2.5179903668709325,0.6852512041411335,0.910519047481398,41.0,15.0,False,main,True
3716,1,1,6.4299988884938175,1.5700011115061825,0.8037498610617272,0.970870793006116,17.0,9.0,False,main,True
8964,1,1,6.250085404463693,1.749914595536307,0.7812606755579616,0.9614335093284404,20.0,9.0,False,main,True
6308,1,1,6.377924165927968,1.6220758340720316,0.797240520740996,0.9682507895738643,18.0,9.0,False,main,True
1327,0,1,5.4850902379795805,2.514909762020419,0.6856362797474476,0.9107533813668985,40.0,15.0,False,main,True
1419,0,1,5.537756323674956,2.462243676325044,0.6922195404593695,0.9147251414618446,39.0,14.0,False,main,True
11150,1,1,6.404160736427482,1.5958392635725185,0.8005200920534352,0.9695824887637339,18.0,9.0,False,main,True
11150,2,2,7.404160736427482,1.5958392635725185,0.8226845262697202,0.9734887212883393,14.0,7.0,False,main,False
11150,3,3,8.404160736427482,1.5958392635725185,0.8404160736427482,0.9765050686732897,11.0,6.0,False,main,False
11150,4,4,9.404160736427482,1.5958392635725185,0.8549237033115893,0.9789047193856798,9.0,5.0,False,main,False
11150,5,5,10.404160736427482,1.5958392635725185,0.8670133947022901,0.980859360227555,6.0,4.0,False,main,False
11150,6,6,11.404160736427482,1.5958392635725185,0.8772431335713448,0.9824823315677237,4.0,3.0,False,main,False
11150,7,7,12.404160736427482,1.5958392635725185,0.8860114811733916,0.983851481735343,2.0,2.0,False,main,False
11150,8,8,13.404160736427482,1.5958392635725185,0.8936107157618322,0.9850220557296019,1.0,1.0,False,main,False
11150,9,9,14.404160736427482,1.5958392635725185,0.9002600460267176,0.9860343460467006,-1.0,-1.0,True,main,False
2795,1,1,6.271376559827134,1.7286234401728664,0.7839220699783918,0.9626058686280836,19.0,9.0,False,main,True
4005,0,1,5.325859407080458,2.6741405929195423,0.6657324258850572,0.898355613054413,46.0,15.0,False,main,True
5754,1,1,6.387929278110189,1.6120707218898107,0.7984911597637736,0.9687613981912576,18.0,9.0,False,main,True
3309,0,1,5.438643118399272,2.561356881600728,0.679830389799909,0.9071968875404621,42.0,15.0,False,main,True
10333,0,1,5.210312371215434,2.7896876287845664,0.6512890464019292,0.8890034779573811,50.0,16.0,False,main,True
10333,0,2,5.210312371215434,3.7896876287845664,0.5789235968017148,0.825544592084948,88.0,23.0,False,main,False
10333,0,3,5.210312371215434,4.789687628784566,0.5210312371215433,0.7669169570727249,152.0,31.0,False,main,True
10333,0,4,5.210312371215434,5.789687628784566,0.4736647610195849,0.7142281980824385,264.0,42.0,False,main,True
7743,1,1,6.549946151053305,1.4500538489466943,0.8187432688816632,0.9765405386811534,16.0,8.0,False,main,True
7743,2,2,7.549946151053305,1.4500538489466943,0.8388829056725895,0.9795319254596306,13.0,7.0,False,main,False
7743,3,3,8.549946151053305,1.4500538489466943,0.8549946151053305,0.9818462931459391,10.0,6.0,False,main,False
7743,4,4,9.549946151053305,1.4500538489466943,0.8681769228230277,0.9836902164502976,8.0,5.0,False,main,False
7743,5,5,10.549946151053305,1.4500538489466943,0.8791621792544421,0.9851939563312672,6.0,4.0,False,main,False
7743,6,6,11.549946151053305,1.4500538489466943,0.8884573962348696,0.9864437317603756,4.0,3.0,False,main,False
7743,7,7,12.549946151053305,1.4500538489466943,0.8964247250752361,0.987498887562817,2.0,2.0,False,main,False
7743,8,8,13.549946151053305,1.4500538489466943,0.9033297434035537,0.9884016106295976,1.0,1.0,False,main,False
7743,9,9,14.549946151053305,1.4500538489466943,0.9093716344408316,0.9891827141150868,-1.0,-1.0,True,main,False
11800,0,1,5.546629721956853,2.4533702780431477,0.6933287152446066,0.9153878759495269,39.0,14.0,False,main,True
518,0,1,5.444331654086326,2.5556683459136744,0.6805414567607907,0.9076351443659197,42.0,15.0,False,main,True
9046,1,1,6.444865060509599,1.5551349394904004,0.8056081325636999,0.971601479116738,17.0,8.0,False,main,True
3375,0,1,5.402462454681346,2.597537545318654,0.6753078068351682,0.9043920758792384,43.0,15.0,False,main,True
6870,1,1,6.452124034803194,1.5478759651968064,0.8065155043503992,0.971955439744647,17.0,8.0,False,main,True
7618,1,1,6.439487239556688,1.560512760443312,0.804935904944586,0.9713380495884255,17.0,8.0,False,main,True
7618,2,2,7.439487239556688,1.560512760443312,0.8266096932840764,0.9750125625353507,14.0,7.0,False,main,False
7618,3,3,8.439487239556687,1.560512760443312,0.8439487239556687,0.9778513000343148,11.0,6.0,False,main,False
7618,4,4,9.439487239556687,1.560512760443312,0.8581352035960624,0.9801104613245815,8.0,5.0,False,main,False
7618,5,5,10.439487239556687,1.560512760443312,0.8699572699630572,0.9819511878368996,6.0,4.0,False,main,False
7618,6,6,11.439487239556687,1.560512760443312,0.8799605568889759,0.9834799260077569,4.0,3.0,False,main,False
7618,7,7,12.439487239556687,1.560512760443312,0.8885348028254777,0.9847698262933613,2.0,2.0,False,main,False
7618,8,8,13.439487239556687,1.560512760443312,0.8959658159704458,0.9858728215231188,1.0,1.0,False,main,False
7618,9,9,14.439487239556687,1.560512760443312,0.902467952472293,0.9868268016847934,-1.0,-1.0,True,main,False
9794,1,1,6.1593559119507075,1.8406440880492927,0.7699194889938384,0.9562781172817412,21.0,9.0,False,main,True
9794,2,2,7.1593559119507075,1.8406440880492927,0.7954839902167453,0.9619585103191605,16.0,8.0,False,main,False
9794,3,3,8.159355911950708,1.8406440880492927,0.8159355911950706,0.9663307551707252,13.0,6.0,False,main,False
9794,4,4,9.159355911950708,1.8406440880492927,0.832668719268246,0.9698005432901007,10.0,5.0,False,main,False
9794,5,5,10.159355911950708,1.8406440880492927,0.846612992662559,0.972621383843258,7.0,4.0,False,main,False
9794,6,6,11.159355911950708,1.8406440880492927,0.8584119932269775,0.9749598957086355,5.0,3.0,False,main,False
9794,7,7,12.159355911950708,1.8406440880492927,0.8685254222821933,0.9769301196088707,3.0,2.0,False,main,False
9794,8,8,13.159355911950708,1.8406440880492927,0.8772903941300472,0.9786127521676989,1.0,1.0,False,main,False
9794,9,9,14.159355911950708,1.8406440880492927,0.8849597444969193,0.9800665082241209,-1.0,-1.0,True,main,False
9390,1,1,6.54147513754037,1.45852486245963,0.8176843921925463,0.9761573493480024,16.0,8.0,False,main,True
3295,1,1,6.332732006961677,1.6672679930383234,0.7915915008702096,0.9659023285453205,19.0,9.0,False,main,True
9318,1,1,6.253272878644896,1.746727121355104,0.781659109830612,0.9616099419885031,20.0,9.0,False,main,True
11554,0,1,5.185381191374499,2.8146188086255006,0.6481726489218124,0.8869473715870605,51.0,16.0,False,main,True
9421,1,1,6.527448548409576,1.4725514515904239,0.815931068551197,0.9755169897870068,16.0,8.0,False,main,True
66,1,1,6.41079264717253,1.5892073528274704,0.8013490808965662,0.9699153661675818,18.0,9.0,False,main,True
6100,1,1,6.574765575050435,1.425234424949565,0.8218456968813044,0.9776477675270863,16.0,8.0,False,main,True
5720,1,1,6.27378138994018,1.72621861005982,0.7842226737425225,0.9627373744806755,19.0,9.0,False,main,True
4691,0,1,5.169346016148959,2.8306539838510414,0.6461682520186198,0.8856178485597911,52.0,16.0,False,main,True
8755,0,1,5.196052223503951,2.8039477764960483,0.6495065279379939,0.8878290690960224,51.0,16.0,False,main,True
8755,0,2,5.196052223503951,3.8039477764960483,0.5773391359448835,0.8243140361318045,89.0,23.0,False,main,True
8755,0,3,5.196052223503951,4.803947776496049,0.5196052223503951,0.7656923322910482,155.0,31.0,False,main,True
5850,1,1,6.195776802518138,1.8042231974818626,0.7744721003147672,0.9583782675888459,20.0,9.0,False,main,True
5850,2,2,7.195776802518138,1.8042231974818626,0.7995307558353486,0.9637765716326604,16.0,8.0,False,main,True
5850,3,3,8.195776802518138,1.8042231974818626,0.8195776802518138,0.9679336785996487,12.0,6.0,False,main,True
5850,4,4,9.195776802518138,1.8042231974818626,0.8359797093198307,0.9712339369664438,9.0,5.0,False,main,False
5850,5,5,10.195776802518138,1.8042231974818626,0.8496480668765115,0.9739177244066131,7.0,4.0,False,main,False
5850,6,6,11.195776802518138,1.8042231974818626,0.8612136001937029,0.976143133230123,5.0,3.0,False,main,False
5850,7,7,12.195776802518138,1.8042231974818626,0.8711269144655812,0.978018424896405,3.0,2.0,False,main,False
5850,8,8,13.195776802518138,1.8042231974818626,0.8797184535012091,0.9796202392153087,1.0,1.0,False,main,False
5850,9,9,14.195776802518138,1.8042231974818626,0.8872360501573836,0.9810043590287814,-1.0,-1.0,True,main,False
11463,0,1,5.2097733133837165,2.790226686616284,0.6512216641729646,0.8889591633565138,50.0,16.0,False,main,True
5768,1,1,6.205637806324972,1.7943621936750278,0.7757047257906216,0.9589398640635468,20.0,9.0,False,main,True
10591,1,1,6.448028375648308,1.5519716243516921,0.8060035469560385,0.97175595666737,17.0,8.0,False,main,True
10591,2,2,7.448028375648308,1.5519716243516921,0.8275587084053675,0.9753753965179778,14.0,7.0,False,main,False
10591,3,3,8.448028375648308,1.5519716243516921,0.8448028375648308,0.9781719024374733,11.0,6.0,False,main,False
10591,4,4,9.448028375648308,1.5519716243516921,0.8589116705134825,0.9803976472040998,8.0,5.0,False,main,False
10591,5,5,10.448028375648308,1.5519716243516921,0.8706690313040256,0.9822112710426375,6.0,4.0,False,main,False
10591,6,6,11.448028375648308,1.5519716243516921,0.8806175673575621,0.9837175842666684,4.0,3.0,False,main,False
10591,7,7,12.448028375648308,1.5519716243516921,0.8891448839748791,0.9849886218608901,2.0,2.0,False,main,False
10591,8,8,13.448028375648308,1.5519716243516921,0.8965352250432205,0.9860755298992117,1.0,1.0,False,main,False
10591,9,9,14.448028375648308,1.5519716243516921,0.9030017734780192,0.987015627504313,-1.0,-1.0,True,main,False
8530,1,1,6.387382943283687,1.6126170567163125,0.7984228679104609,0.9687336041691996,18.0,9.0,False,main,True
9396,1,1,6.405914134711687,1.594085865288313,0.8007392668389609,0.9696706451349949,18.0,9.0,False,main,True
11839,1,1,6.370352109007714,1.6296478909922854,0.7962940136259643,0.9678620905219759,18.0,9.0,False,main,True
11839,2,2,7.370352109007714,1.6296478909922854,0.8189280121119683,0.9719959656072142,14.0,7.0,False,main,True
11839,3,3,8.370352109007715,1.6296478909922854,0.8370352109007715,0.9751866756600067,11.0,6.0,False,main,False
11839,4,4,9.370352109007715,1.6296478909922854,0.8518501917279742,0.977724173656044,9.0,5.0,False,main,False
11839,5,5,10.370352109007715,1.6296478909922854,0.8641960090839763,0.9797905395420239,6.0,4.0,False,main,False
11839,6,6,11.370352109007715,1.6296478909922854,0.8746424699236705,0.9815059016708367,4.0,3.0,False,main,False
11839,7,7,12.370352109007715,1.6296478909922854,0.8835965792148368,0.982952730558478,3.0,2.0,False,main,False
11839,8,8,13.370352109007715,1.6296478909922854,0.891356807267181,0.9841895280087442,1.0,1.0,False,main,False
11839,9,9,14.370352109007715,1.6296478909922854,0.8981470068129822,0.9852589476593286,-1.0,-1.0,True,main,False
104,1,1,6.374011367221994,1.6259886327780069,0.7967514209027492,0.9680501751131995,18.0,9.0,False,main,True
7287,1,1,6.429997183092909,1.570002816907091,0.8037496478866136,0.9708707087399513,17.0,9.0,False,main,True
8542,1,1,6.280455606066528,1.7195443939334711,0.785056950758316,0.9631013730312987,19.0,9.0,False,main,True
11549,1,1,6.168178712727952,1.8318212872720476,0.771022339090994,0.9567905929937163,21.0,9.0,False,main,True
512,1,1,6.173480279423162,1.8265197205768382,0.7716850349278952,0.9570973955487725,21.0,9.0,False,main,True
2531,0,1,5.249696138570057,2.7503038614299435,0.6562120173212571,0.8922240300990412,48.0,16.0,False,main,True
8653,1,1,6.328174144204129,1.6718258557958707,0.7910217680255162,0.9656616886265182,19.0,9.0,False,main,True
9465,1,1,6.387362263767776,1.612637736232224,0.798420282970972,0.9687325519275483,18.0,9.0,False,main,True
9465,2,2,7.387362263767776,1.612637736232224,0.8208180293075307,0.9727511788209953,14.0,7.0,False,main,False
9465,3,3,8.387362263767777,1.612637736232224,0.8387362263767777,0.975853629561112,11.0,6.0,False,main,False
9465,4,4,9.387362263767777,1.612637736232224,0.8533965694334342,0.9783213606908081,9.0,5.0,False,main,False
9465,5,5,10.387362263767777,1.612637736232224,0.8656135219806481,0.9803311863607242,6.0,4.0,False,main,False
9465,6,6,11.387362263767777,1.612637736232224,0.875950943366752,0.9819997965077221,4.0,3.0,False,main,False
9465,7,7,12.387362263767777,1.612637736232224,0.8848115902691269,0.983407320731264,3.0,2.0,False,main,False
9465,8,8,13.387362263767777,1.612637736232224,0.8924908175845184,0.9846106116645003,1.0,1.0,False,main,False
9465,9,9,14.387362263767777,1.612637736232224,0.8992101414854861,0.9856511274652263,-1.0,-1.0,True,main,False
9709,0,1,5.4129716298954165,2.587028370104583,0.6766214537369271,0.9052098577346699,43.0,15.0,False,main,True
9709,0,2,5.4129716298954165,3.587028370104583,0.6014412922106018,0.8427095182415643,74.0,21.0,False,main,False
9709,0,3,5.4129716298954165,4.5870283701045835,0.5412971629895417,0.7840819381615132,126.0,29.0,False,main,False
9709,0,4,5.4129716298954165,5.5870283701045835,0.4920883299904924,0.7309882629252871,212.0,39.0,False,main,False
9709,0,5,5.4129716298954165,6.5870283701045835,0.4510809691579514,0.6834751272775235,365.0,52.0,False,main,True
9709,0,6,5.4129716298954165,7.5870283701045835,0.4163824330688782,0.6410775671627569,652.0,68.0,False,main,True
9709,0,7,5.4129716298954165,8.587028370104584,0.3866408307068155,0.6032043147616526,1252.0,89.0,False,main,True
9709,0,8,5.4129716298954165,9.587028370104584,0.3608647753263611,0.5692759438268115,2720.0,116.0,False,main,True
7515,1,1,6.251885019553516,1.7481149804464842,0.7814856274441895,0.961533161083701,20.0,9.0,False,main,True
9747,1,1,6.157542436665105,1.8424575633348947,0.7696928045831382,0.9561724877461433,21.0,9.0,False,main,True
9747,2,2,7.157542436665105,1.8424575633348947,0.7952824929627895,0.9618670880838737,16.0,8.0,False,main,False
9747,3,3,8.157542436665105,1.8424575633348947,0.8157542436665105,0.9662501639781741,13.0,6.0,False,main,False
9747,4,4,9.157542436665105,1.8424575633348947,0.8325038578786459,0.9697284844673093,10.0,5.0,False,main,False
9747,5,5,10.157542436665105,1.8424575633348947,0.8464618697220921,0.9725562212460185,7.0,4.0,False,main,False
9747,6,6,11.157542436665105,1.8424575633348947,0.858272495128085,0.9749004231558842,5.0,3.0,False,main,False
9747,7,7,12.157542436665105,1.8424575633348947,0.8683958883332218,0.9768754222225228,3.0,2.0,False,main,False
9747,8,8,13.157542436665105,1.8424575633348947,0.8771694957776737,0.9785621194825099,1.0,1.0,False,main,False
9747,9,9,14.157542436665105,1.8424575633348947,0.8848464022915691,0.980019377468969,-1.0,-1.0,True,main,False
11072,1,1,6.403868298595036,1.5961317014049639,0.8004835373243795,0.9695677754324379,18.0,9.0,False,main,True
11072,2,2,7.403868298595036,1.5961317014049639,0.8226520331772262,0.9734759524712415,14.0,7.0,False,main,False
11072,3,3,8.403868298595036,1.5961317014049639,0.8403868298595036,0.976493789764414,11.0,6.0,False,main,False
11072,4,4,9.403868298595036,1.5961317014049639,0.8548971180540942,0.978894618671684,9.0,5.0,False,main,False
11072,5,5,10.403868298595036,1.5961317014049639,0.8669890248829196,0.980850214634279,6.0,4.0,False,main,False
11072,6,6,11.403868298595036,1.5961317014049639,0.8772206383534643,0.9824739759398962,4.0,3.0,False,main,False
11072,7,7,12.403868298595036,1.5961317014049639,0.8859905927567883,0.9838437903712902,2.0,2.0,False,main,False
11072,8,8,13.403868298595036,1.5961317014049639,0.8935912199063357,0.9850149307350881,1.0,1.0,False,main,False
11072,9,9,14.403868298595036,1.5961317014049639,0.9002417686621897,0.9860277096925463,-1.0,-1.0,True,main,False
510,1,1,6.215696033433073,1.7843039665669271,0.7769620041791341,0.9595095813824212,20.0,9.0,False,main,True
11968,0,1,5.337539971350944,2.6624600286490563,0.667192496418868,0.8992845867592759,45.0,15.0,False,main,True
8871,1,1,6.344382849475123,1.6556171505248776,0.7930478561843903,0.9665143202045668,18.0,9.0,False,main,True
8915,0,1,5.190591584751805,2.8094084152481957,0.6488239480939756,0.887378188920638,51.0,16.0,False,main,True
3354,1,1,6.318963493661084,1.6810365063389168,0.7898704367076355,0.9651733019424854,19.0,9.0,False,main,True
2530,1,1,6.504558712342924,1.4954412876570764,0.8130698390428654,0.9744564317684543,17.0,8.0,False,main,True
6760,1,1,6.148081280426142,1.8519187195738582,0.7685101600532678,0.9556197876699388,21.0,9.0,False,main,True
9490,0,1,5.352608655257309,2.647391344742691,0.6690760819071636,0.9004785127597527,45.0,15.0,False,main,True
9490,0,2,5.352608655257309,3.647391344742691,0.5947342950285899,0.8376604018031659,78.0,22.0,False,main,False
9490,0,3,5.352608655257309,4.647391344742691,0.5352608655257309,0.7790160152240224,133.0,30.0,False,main,False
9490,0,4,5.352608655257309,5.647391344742691,0.48660078684157354,0.726032889170293,226.0,40.0,False,main,True
9490,0,5,5.352608655257309,6.647391344742691,0.4460507212714424,0.6786845938428289,393.0,53.0,False,main,True
3265,1,1,6.206247952731558,1.7937520472684423,0.7757809940914447,0.958974513604217,20.0,9.0,False,main,True
11,1,1,6.1600923565517745,1.8399076434482255,0.7700115445689718,0.9563209844850977,21.0,9.0,False,main,True
5691,1,1,6.460863213238281,1.5391367867617192,0.8076079016547851,0.9723791047946592,17.0,8.0,False,main,True
6739,0,1,5.460651838076509,2.539348161923491,0.6825814797595636,0.908888342491241,41.0,15.0,False,main,True
2329,1,1,6.238722868038413,1.7612771319615868,0.7798403585048016,0.9608019501261563,20.0,9.0,False,main,True
10706,0,1,5.240676690950432,2.759323309049569,0.655084586368804,0.891489461460941,49.0,16.0,False,main,True
10706,0,2,5.240676690950432,3.759323309049569,0.5822974101056035,0.8281549316931756,86.0,22.0,False,main,False
10706,0,3,5.240676690950432,4.759323309049568,0.5240676690950432,0.7695172146944496,148.0,31.0,False,main,False
10706,0,4,5.240676690950432,5.759323309049568,0.4764251537227665,0.7167617167416979,256.0,42.0,False,main,False
10706,0,5,5.240676690950432,6.759323309049568,0.43672305757920266,0.6697339753391707,453.0,56.0,False,main,False
10706,0,6,5.240676690950432,7.759323309049568,0.40312897622695626,0.627876040566802,849.0,74.0,False,main,True
10706,0,7,5.240676690950432,8.759323309049568,0.37433404935360226,0.5905515277754262,1749.0,97.0,False,main,True
10706,0,8,5.240676690950432,9.759323309049568,0.3493784460633621,0.5571588379233983,-1.0,127.0,False,main,True
10706,0,9,5.240676690950432,10.759323309049568,0.327542293184402,0.5271658352421422,-1.0,167.0,False,main,True
10706,0,10,5.240676690950432,11.759323309049568,0.30827509946767245,0.5001148199901677,-1.0,220.0,False,main,True
10706,0,11,5.240676690950432,12.759323309049568,0.29114870505280177,0.4756167620148763,-1.0,291.0,False,main,True
987,1,1,6.486672467408025,1.513327532591975,0.8108340584260031,0.97361441203563,17.0,8.0,False,main,True
987,2,2,7.486672467408025,1.513327532591975,0.8318524963786694,0.9769893529076485,13.0,7.0,False,main,False
987,3,3,8.486672467408024,1.513327532591975,0.8486672467408025,0.9795982812338389,11.0,6.0,False,main,False
987,4,4,9.486672467408024,1.513327532591975,0.862424769764366,0.9816755479635356,8.0,5.0,False,main,False
987,5,5,10.486672467408024,1.513327532591975,0.8738893722840021,0.9833687133931298,6.0,4.0,False,main,False
987,6,6,11.486672467408024,1.513327532591975,0.8835901898006173,0.9847753354414398,4.0,3.0,False,main,False
987,7,7,12.486672467408024,1.513327532591975,0.8919051762434304,0.9859625020480093,2.0,2.0,False,main,False
987,8,8,13.486672467408024,1.513327532591975,0.8991114978272017,0.9869778686197812,1.0,1.0,False,main,False
987,9,9,14.486672467408024,1.513327532591975,0.9054170292130016,0.9878562205924153,-1.0,-1.0,True,main,False
6266,1,1,6.511975169186341,1.4880248308136592,0.8139968961482926,0.9748021612175439,17.0,8.0,False,main,True
6266,2,2,7.511975169186341,1.4880248308136592,0.8346639076873712,0.9780212018660394,13.0,7.0,False,main,False
6266,3,3,8.511975169186341,1.4880248308136592,0.8511975169186341,0.9805104475758422,10.0,6.0,False,main,False
6266,4,4,9.511975169186341,1.4880248308136592,0.8647250153805764,0.9824929321473679,8.0,5.0,False,main,False
6266,5,5,10.511975169186341,1.4880248308136592,0.8759979307655285,0.9841091720370507,6.0,4.0,False,main,False
6266,6,6,11.511975169186341,1.4880248308136592,0.8855365514758724,0.985452110582321,4.0,3.0,False,main,False
6266,7,7,12.511975169186341,1.4880248308136592,0.8937125120847387,0.9865856858071362,2.0,2.0,False,main,False
6266,8,8,13.511975169186341,1.4880248308136592,0.9007983446124227,0.987555329253453,1.0,1.0,False,main,False
6266,9,9,14.511975169186341,1.4880248308136592,0.9069984480741463,0.9883942114086294,-1.0,-1.0,True,main,False
10894,1,1,6.496705124648181,1.503294875351819,0.8120881405810226,0.9740881411495651,17.0,8.0,False,main,True
10894,2,2,7.496705124648181,1.503294875351819,0.8329672360720202,0.9774008677156163,13.0,7.0,False,main,False
10894,3,3,8.49670512464818,1.503294875351819,0.8496705124648181,0.9799620422180484,11.0,6.0,False,main,False
10894,4,4,9.49670512464818,1.503294875351819,0.8633368295134709,0.9820014949267885,8.0,5.0,False,main,False
10894,5,5,10.49670512464818,1.503294875351819,0.874725427054015,0.9836639731959069,6.0,4.0,False,main,False
10894,6,6,11.49670512464818,1.503294875351819,0.8843619326652447,0.9850451925010183,4.0,3.0,False,main,False
10894,7,7,12.49670512464818,1.503294875351819,0.8926217946177272,0.9862109833362546,2.0,2.0,False,main,False
10894,8,8,13.49670512464818,1.503294875351819,0.899780341643212,0.9872081134619306,1.0,1.0,False,main,False
10894,9,9,14.49670512464818,1.503294875351819,0.9060440702905113,0.9880707237860699,-1.0,-1.0,True,main,False
7279,0,1,5.3443878677208705,2.655612132279129,0.6680484834651088,0.8998277920664322,45.0,15.0,False,main,True
227,1,1,6.353994934722446,1.646005065277554,0.7942493668403058,0.9670158134558053,18.0,9.0,False,main,True
227,2,2,7.353994934722446,1.646005065277554,0.8171105483024941,0.9712618688342731,14.0,7.0,False,main,True
227,3,3,8.353994934722447,1.646005065277554,0.8353994934722445,0.9745384595983505,11.0,6.0,False,main,False
227,4,4,9.353994934722447,1.646005065277554,0.8503631758838587,0.9771438267205824,9.0,5.0,False,main,False
227,5,5,10.353994934722447,1.646005065277554,0.8628329112268704,0.9792651837089282,6.0,4.0,False,main,False
227,6,6,11.353994934722447,1.646005065277554,0.8733842257478804,0.9810260094488304,4.0,3.0,False,main,False
227,7,7,12.353994934722447,1.646005065277554,0.8824282096230318,0.9825110547081704,3.0,2.0,False,main,False
227,8,8,13.353994934722447,1.646005065277554,0.8902663289814964,0.9837804272456906,1.0,1.0,False,main,False
227,9,9,14.353994934722447,1.646005065277554,0.897124683420153,0.9848779445645937,-1.0,-1.0,True,main,False
3748,1,1,6.440146117616824,1.5598538823831762,0.805018264702103,0.9713703790170558,17.0,8.0,False,main,True
3748,2,2,7.440146117616824,1.5598538823831762,0.8266829019574249,0.9750406302844968,14.0,7.0,False,main,True
3748,3,3,8.440146117616823,1.5598538823831762,0.8440146117616824,0.9778761000693689,11.0,6.0,False,main,False
3748,4,4,9.440146117616823,1.5598538823831762,0.8581951016015293,0.9801326758769773,8.0,5.0,False,main,False
3748,5,5,10.440146117616823,1.5598538823831762,0.8700121764680686,0.9819713055182485,6.0,4.0,False,main,False
3748,6,6,11.440146117616823,1.5598538823831762,0.8800112398166787,0.983498308790042,4.0,3.0,False,main,False
3748,7,7,12.440146117616823,1.5598538823831762,0.8885818655440588,0.984786749815936,2.0,2.0,False,main,False
3748,8,8,13.440146117616823,1.5598538823831762,0.8960097411744549,0.9858885005381517,1.0,1.0,False,main,False
3748,9,9,14.440146117616823,1.5598538823831762,0.9025091323510515,0.9868414067676478,-1.0,-1.0,True,main,False
4078,1,1,6.515683824710807,1.4843161752891927,0.8144604780888509,0.9749742918961962,17.0,8.0,False,main,True
8185,0,1,5.562534910224699,2.437465089775302,0.6953168637780873,0.9165711107510383,38.0,14.0,False,main,True
8185,0,2,5.562534910224699,3.437465089775302,0.6180594344694109,0.854984048834433,66.0,20.0,False,main,False
8185,0,3,5.562534910224699,4.437465089775301,0.5562534910224699,0.796462252729836,110.0,28.0,False,main,True
8185,0,4,5.562534910224699,5.437465089775301,0.5056849918386089,0.743132538135141,183.0,37.0,False,main,True
3205,0,1,5.460983871530606,2.5390161284693944,0.6826229839413257,0.9089137748342139,41.0,15.0,False,main,True
11544,1,1,6.170827551158126,1.829172448841874,0.7713534438947658,0.9569439889807985,21.0,9.0,False,main,True
3018,1,1,6.336363440593921,1.663636559406079,0.7920454300742401,0.9660935632851143,19.0,9.0,False,main,True
6717,1,1,6.199627884500351,1.8003721154996497,0.7749534855625438,0.9585979499749383,20.0,9.0,False,main,True
6717,2,2,7.199627884500351,1.8003721154996497,0.7999586538333723,0.9639667891116055,16.0,8.0,False,main,True
6717,3,3,8.199627884500352,1.8003721154996497,0.819962788450035,0.968101414959872,12.0,6.0,False,main,True
6717,4,4,9.199627884500352,1.8003721154996497,0.8363298076818501,0.9713839524900011,9.0,5.0,False,main,False
6717,5,5,10.199627884500352,1.8003721154996497,0.8499689903750292,0.9740534103197769,7.0,4.0,False,main,False
6717,6,6,11.199627884500352,1.8003721154996497,0.8615098372692577,0.9762669912941819,5.0,3.0,False,main,False
6717,7,7,12.199627884500352,1.8003721154996497,0.871401991750025,0.9781323537265909,3.0,2.0,False,main,False
6717,8,8,13.199627884500352,1.8003721154996497,0.8799751923000233,0.9797257138878906,1.0,1.0,False,main,False
6717,9,9,14.199627884500352,1.8003721154996497,0.887476742781272,0.9811025484218523,-1.0,-1.0,True,main,False
9865,0,1,5.147882744576028,2.8521172554239724,0.6434853430720034,0.8838296310007515,53.0,16.0,False,main,True
9865,0,2,5.147882744576028,3.8521172554239724,0.5719869716195586,0.8201354278260771,93.0,23.0,False,main,False
9865,0,3,5.147882744576028,4.852117255423972,0.5147882744576028,0.7615393533358172,162.0,32.0,False,main,True
9865,0,4,5.147882744576028,5.852117255423972,0.4679893404160025,0.7089943954139366,284.0,43.0,False,main,True
8728,1,1,6.272787819641811,1.7272121803581888,0.7840984774552264,0.9626830645550516,19.0,9.0,False,main,True
2938,1,1,6.356483914670207,1.6435160853297928,0.7945604893337759,0.9671451672679454,18.0,9.0,False,main,True
5862,0,1,5.472630312296058,2.5273696877039424,0.6840787890370073,0.9098042251182501,41.0,15.0,False,main,True
10062,0,1,5.5632371665648055,2.4367628334351945,0.6954046458206007,0.9166232145912944,38.0,14.0,False,main,True
10062,0,2,5.5632371665648055,3.4367628334351945,0.6181374629516451,0.8550408816722394,66.0,20.0,False,main,False
10062,0,3,5.5632371665648055,4.4367628334351945,0.5563237166564805,0.7965198038623548,110.0,28.0,False,main,False
10062,0,4,5.5632371665648055,5.4367628334351945,0.5057488333240733,0.7431891106621235,183.0,37.0,False,main,True
10062,0,5,5.5632371665648055,6.4367628334351945,0.4636030972137338,0.6952905095345914,307.0,49.0,False,main,True
1828,1,1,6.280039624459865,1.7199603755401358,0.7850049530574831,0.9630787281511896,19.0,9.0,False,main,True
859,1,1,6.407381431401125,1.5926185685988754,0.8009226789251406,0.9697443355885895,18.0,9.0,False,main,True
859,2,2,7.407381431401125,1.5926185685988754,0.8230423812667916,0.9736291811297826,14.0,7.0,False,main,False
859,3,3,8.407381431401124,1.5926185685988754,0.8407381431401124,0.9766291409886911,11.0,6.0,False,main,False
859,4,4,9.407381431401124,1.5926185685988754,0.8552164937637385,0.9790158323640167,8.0,5.0,False,main,False
859,5,5,10.407381431401124,1.5926185685988754,0.8672817859500936,0.9809599673076639,6.0,4.0,False,main,False
859,6,6,11.407381431401124,1.5926185685988754,0.877490879338548,0.9825742492335383,4.0,3.0,False,main,False
859,7,7,12.407381431401124,1.5926185685988754,0.886241530814366,0.9839360925687377,2.0,2.0,False,main,False
859,8,8,13.407381431401124,1.5926185685988754,0.8938254287600749,0.9851004364827517,1.0,1.0,False,main,False
859,9,9,14.407381431401124,1.5926185685988754,0.9004613394625702,0.9861073516881966,-1.0,-1.0,True,main,False
2218,0,1,5.148864611823842,2.851135388176158,0.6436080764779802,0.8839116506782949,53.0,16.0,False,main,True
2218,0,2,5.148864611823842,3.851135388176158,0.5720960679804269,0.8202209396828848,93.0,23.0,False,main,False
2218,0,3,5.148864611823842,4.851135388176158,0.5148864611823842,0.7616242571714285,162.0,32.0,False,main,False
2218,0,4,5.148864611823842,5.851135388176158,0.46807860107489474,0.7090769694986616,284.0,43.0,False,main,False
2218,0,5,5.148864611823842,6.851135388176158,0.42907205098532014,0.662326405707895,514.0,58.0,False,main,True
2218,0,6,5.148864611823842,7.851135388176158,0.396066508601834,0.6207691014680686,991.0,77.0,False,main,True
2218,0,7,5.148864611823842,8.851135388176157,0.36777604370170297,0.5837466865930816,2140.0,102.0,False,main,True
2218,0,8,5.148864611823842,9.851135388176157,0.3432576407882561,0.5506468944090825,-1.0,134.0,False,main,True
2302,0,1,5.311630043380687,2.6883699566193133,0.6639537554225858,0.8972198188094471,46.0,15.0,False,main,True
10994,0,1,5.4568905220191,2.543109477980899,0.6821113152523876,0.9086000635512241,41.0,15.0,False,main,True
10994,0,2,5.4568905220191,3.543109477980899,0.6063211691132334,0.8463489248169946,72.0,21.0,False,main,False
10994,0,3,5.4568905220191,4.543109477980899,0.54568905220191,0.787742801330473,121.0,29.0,False,main,True
10994,0,4,5.4568905220191,5.543109477980899,0.4960809565471909,0.7345741659809204,203.0,39.0,False,main,True
1674,0,1,5.515884503524838,2.484115496475162,0.6894855629406047,0.9130836228705512,40.0,15.0,False,main,True
894,1,1,6.557987113008417,1.4420128869915834,0.8197483891260521,0.9769017938300233,16.0,8.0,False,main,True
894,2,2,7.557987113008417,1.4420128869915834,0.8397763458898241,0.9798459505194023,13.0,7.0,False,main,True
894,3,3,8.557987113008416,1.4420128869915834,0.8557987113008416,0.9821240203864369,10.0,6.0,False,main,False
894,4,4,9.557987113008416,1.4420128869915834,0.8689079193644015,0.98393917358085,8.0,5.0,False,main,False
894,5,5,10.557987113008416,1.4420128869915834,0.879832259417368,0.9854195480057303,6.0,4.0,False,main,False
894,6,6,11.557987113008416,1.4420128869915834,0.8890759317698781,0.98664996970803,4.0,3.0,False,main,False
894,7,7,12.557987113008416,1.4420128869915834,0.8969990795006011,0.9876888315744146,2.0,2.0,False,main,False
894,8,8,13.557987113008416,1.4420128869915834,0.9038658075338943,0.9885776477677075,1.0,1.0,False,main,False
894,9,9,14.557987113008416,1.4420128869915834,0.909874194563026,0.9893467425187006,-1.0,-1.0,True,main,False
2653,1,1,6.315222846280195,1.6847771537198055,0.7894028557850243,0.9649741594732777,19.0,9.0,False,main,True
11499,1,1,6.224550041168592,1.7754499588314085,0.778068755146074,0.9600084766493063,20.0,9.0,False,main,True
1220,1,1,6.166619675497415,1.8333803245025844,0.7708274594371769,0.9567002080844965,21.0,9.0,False,main,True
1220,2,2,7.166619675497415,1.8333803245025844,0.7962910750552683,0.9623238477686942,16.0,8.0,False,main,False
1220,3,3,8.166619675497415,1.8333803245025844,0.8166619675497415,0.9666528221863582,12.0,6.0,False,main,False
1220,4,4,9.166619675497415,1.8333803245025844,0.8333290614088559,0.9700885207346932,10.0,5.0,False,main,False
1220,5,5,10.166619675497415,1.8333803245025844,0.8472183062914512,0.972881807112046,7.0,4.0,False,main,False
1220,6,6,11.166619675497415,1.8333803245025844,0.858970744269032,0.9751975831399304,5.0,3.0,False,main,False
1220,7,7,12.166619675497415,1.8333803245025844,0.8690442625355297,0.9771487261053019,3.0,2.0,False,main,False
1220,8,8,13.166619675497415,1.8333803245025844,0.877774645033161,0.9788151161600288,1.0,1.0,False,main,False
1220,9,9,14.166619675497415,1.8333803245025844,0.8854137297185884,0.9802548781788982,-1.0,-1.0,True,main,False
7323,1,1,6.422868153682513,1.5771318463174868,0.8028585192103141,0.9705175669171479,18.0,9.0,False,main,True
7323,2,2,7.422868153682513,1.5771318463174868,0.8247631281869459,0.9743003035906898,14.0,7.0,False,main,True
7323,3,3,8.422868153682513,1.5771318463174868,0.8422868153682513,0.9772220089123952,11.0,6.0,False,main,False
7323,4,4,9.422868153682513,1.5771318463174868,0.8566243776075012,0.9795468072866659,8.0,5.0,False,main,False
7323,5,5,10.422868153682513,1.5771318463174868,0.8685723461402094,0.981440761007388,6.0,4.0,False,main,False
7323,6,6,11.422868153682513,1.5771318463174868,0.8786821656678856,0.9830135343059614,4.0,3.0,False,main,False
7323,7,7,12.422868153682513,1.5771318463174868,0.8873477252630366,0.9843404708565843,2.0,2.0,False,main,False
7323,8,8,13.422868153682513,1.5771318463174868,0.8948578769121676,0.9854750500454663,1.0,1.0,False,main,False
7323,9,9,14.422868153682513,1.5771318463174868,0.9014292596051571,0.9864562838237859,-1.0,-1.0,True,main,False
1463,0,1,5.455577198824808,2.5444228011751924,0.681947149853101,0.908499329282709,41.0,15.0,False,main,True
846,0,1,5.233084589048085,2.766915410951915,0.6541355736310106,0.890869763147685,49.0,16.0,False,main,True
4376,0,1,5.5251305580372065,2.4748694419627935,0.6906413197546508,0.913778934422077,39.0,14.0,False,main,True
5931,1,1,6.2042071731437405,1.7957928268562597,0.7755258966429676,0.9588585746542113,20.0,9.0,False,main,True
5656,0,1,5.454615702978649,2.5453842970213514,0.6818269628723311,0.908425555520731,41.0,15.0,False,main,True
10626,1,1,6.269922068492417,1.7300779315075827,0.7837402585615522,0.9625262410269183,19.0,9.0,False,main,True
10626,2,2,7.269922068492417,1.7300779315075827,0.8077691187213797,0.967369581369434,15.0,7.0,False,main,False
10626,3,3,8.269922068492416,1.7300779315075827,0.8269922068492417,0.971102957324792,12.0,6.0,False,main,False
10626,4,4,9.269922068492416,1.7300779315075827,0.8427201880447651,0.9740690261377781,9.0,5.0,False,main,False
10626,5,5,10.269922068492416,1.7300779315075827,0.8558268390410347,0.9764824626600591,7.0,4.0,False,main,False
10626,6,6,11.269922068492416,1.7300779315075827,0.8669170821917244,0.9784846439599069,5.0,3.0,False,main,False
10626,7,7,12.269922068492416,1.7300779315075827,0.8764230048923155,0.9801724881330085,3.0,2.0,False,main,False
10626,8,8,13.269922068492416,1.7300779315075827,0.8846614712328278,0.9816146645017456,1.0,1.0,False,main,False
10626,9,9,14.269922068492416,1.7300779315075827,0.891870129280776,0.9828611906427946,-1.0,-1.0,True,main,False
11933,1,1,6.273742391362968,1.7262576086370314,0.784217798920371,0.9627352433627665,19.0,9.0,False,main,True
11933,2,2,7.273742391362968,1.7262576086370314,0.8081935990403298,0.9675506992535772,15.0,7.0,False,main,True
11933,3,3,8.273742391362969,1.7262576086370314,0.8273742391362969,0.971262767383755,12.0,6.0,False,main,False
11933,4,4,9.273742391362969,1.7262576086370314,0.8430674901239062,0.974212020791273,9.0,5.0,False,main,False
11933,5,5,10.273742391362969,1.7262576086370314,0.8561451992802475,0.9766118475633508,7.0,4.0,False,main,False
11933,6,6,11.273742391362969,1.7262576086370314,0.8672109531817669,0.9786027870306311,5.0,3.0,False,main,False
11933,7,7,12.273742391362969,1.7262576086370314,0.876695885097355,0.9802811882854511,3.0,2.0,False,main,False
11933,8,8,13.273742391362969,1.7262576086370314,0.884916159424198,0.9817153205542184,1.0,1.0,False,main,False
11933,9,9,14.273742391362969,1.7262576086370314,0.8921088994601856,0.9829549118445726,-1.0,-1.0,True,main,False
10504,1,1,6.475712670883985,1.524287329116015,0.8094640838604982,0.9730927576397622,17.0,8.0,False,main,True
10504,2,2,7.475712670883985,1.524287329116015,0.8306347412093317,0.9765362586777913,13.0,7.0,False,main,False
10504,3,3,8.475712670883986,1.524287329116015,0.8475712670883985,0.9791978005859333,11.0,6.0,False,main,False
10504,4,4,9.475712670883986,1.524287329116015,0.8614284246258168,0.9813167228163995,8.0,5.0,False,main,False
10504,5,5,10.475712670883986,1.524287329116015,0.8729760559069988,0.983043688564396,6.0,4.0,False,main,False
10504,6,6,11.475712670883986,1.524287329116015,0.8827471285295373,0.9844782875300653,4.0,3.0,False,main,False
10504,7,7,12.475712670883986,1.524287329116015,0.8911223336345704,0.9856889940033059,2.0,2.0,False,main,False
10504,8,8,13.475712670883986,1.524287329116015,0.898380844725599,0.9867244418509816,1.0,1.0,False,main,False
10504,9,9,14.475712670883986,1.524287329116015,0.9047320419302491,0.9876201268664296,-1.0,-1.0,True,main,False
9779,1,1,6.240378075834112,1.759621924165888,0.780047259479264,0.9608942050915928,20.0,9.0,False,main,True
9779,2,2,7.240378075834112,1.759621924165888,0.804486452870457,0.965955547013273,15.0,8.0,False,main,False
9779,3,3,8.240378075834112,1.759621924165888,0.8240378075834112,0.9698554509602246,12.0,6.0,False,main,False
9779,4,4,9.240378075834112,1.759621924165888,0.8400343705303738,0.9729529037557643,9.0,5.0,False,main,False
9779,5,5,10.240378075834112,1.759621924165888,0.8533648396528427,0.975472655810963,7.0,4.0,False,main,False
9779,6,6,11.240378075834112,1.759621924165888,0.8646444673718547,0.9775626407451847,5.0,3.0,False,main,False
9779,7,7,12.240378075834112,1.759621924165888,0.8743127197024366,0.9793242283113108,3.0,2.0,False,main,False
9779,8,8,13.240378075834112,1.759621924165888,0.8826918717222741,0.9808292170852726,1.0,1.0,False,main,False
9779,9,9,14.240378075834112,1.759621924165888,0.890023629739632,0.9821298888750206,-1.0,-1.0,True,main,False
12132,1,1,6.53344898739074,1.4665510126092598,0.8166811234238425,0.9757918212136156,16.0,8.0,False,main,True
12132,2,2,7.53344898739074,1.4665510126092598,0.83704988748786,0.978881181582836,13.0,7.0,False,main,True
12132,3,3,8.53344898739074,1.4665510126092598,0.8533448987390739,0.9812708265064993,10.0,6.0,False,main,False
12132,4,4,9.53344898739074,1.4665510126092598,0.8666771806718855,0.9831744042254579,8.0,5.0,False,main,False
12132,5,5,10.53344898739074,1.4665510126092598,0.877787415615895,0.9847265848092395,6.0,4.0,False,main,False
12132,6,6,11.53344898739074,1.4665510126092598,0.8871883836454415,0.9860164790608537,4.0,3.0,False,main,False
12132,7,7,12.53344898739074,1.4665510126092598,0.8952463562421957,0.9871054075863174,2.0,2.0,False,main,False
12132,8,8,13.53344898739074,1.4665510126092598,0.902229932492716,0.9880369532427892,1.0,1.0,False,main,False
12132,9,9,14.53344898739074,1.4665510126092598,0.9083405617119212,0.9888429435568612,-1.0,-1.0,True,main,False
2324,1,1,6.219515318659981,1.7804846813400186,0.7774394148324977,0.959725086725769,20.0,9.0,False,main,True
5819,1,1,6.569706778767731,1.4302932212322685,0.8212133473459664,0.9774239713987656,16.0,8.0,False,main,True
5819,2,2,7.569706778767731,1.4302932212322685,0.8410785309741924,0.9802999080316955,13.0,7.0,False,main,True
5819,3,3,8.569706778767731,1.4302932212322685,0.8569706778767732,0.9825255382350085,10.0,6.0,False,main,False
5819,4,4,9.569706778767731,1.4302932212322685,0.8699733435243392,0.9842991207759403,8.0,5.0,False,main,False
5819,5,5,10.569706778767731,1.4302932212322685,0.8808088982306442,0.9857457298105514,6.0,4.0,False,main,False
5819,6,6,11.569706778767731,1.4302932212322685,0.8899774445205947,0.9869481807424708,4.0,3.0,False,main,False
5819,7,7,12.569706778767731,1.4302932212322685,0.8978361984834093,0.9879634920710321,2.0,2.0,False,main,False
5819,8,8,13.569706778767731,1.4302932212322685,0.9046471185845154,0.9888322065192813,1.0,1.0,False,main,False
5819,9,9,14.569706778767731,1.4302932212322685,0.9106066736729832,0.9895839421945004,-1.0,-1.0,True,main,False
380,0,1,5.255071227865915,2.7449287721340854,0.6568839034832393,0.8926609460956709,48.0,16.0,False,main,True
907,1,1,6.463329958911613,1.536670041088387,0.8079162448639516,0.9724981990986555,17.0,8.0,False,main,True
9208,1,1,6.304196037544427,1.6958039624555727,0.7880245046930534,0.9643844497355151,19.0,9.0,False,main,True
4245,1,1,6.478187256086013,1.521812743913987,0.8097734070107516,0.9732109178480858,17.0,8.0,False,main,True
4245,2,2,7.478187256086013,1.521812743913987,0.8309096951206681,0.9766388845449256,13.0,7.0,False,main,True
4245,3,3,8.478187256086013,1.521812743913987,0.8478187256086013,0.9792885063018045,11.0,6.0,False,main,False
4245,4,4,9.478187256086013,1.521812743913987,0.8616533869169103,0.9813979916633258,8.0,5.0,False,main,False
4245,5,5,10.478187256086013,1.521812743913987,0.8731822713405011,0.9831173004932439,6.0,4.0,False,main,False
4245,6,6,11.478187256086013,1.521812743913987,0.8829374812373856,0.9845455620025783,4.0,3.0,False,main,False
4245,7,7,12.478187256086013,1.521812743913987,0.8912990897204295,0.9857509363034483,2.0,2.0,False,main,False
4245,8,8,13.478187256086013,1.521812743913987,0.8985458170724009,0.9867818355386381,1.0,1.0,False,main,False
4245,9,9,14.478187256086013,1.521812743913987,0.9048867035053758,0.9876735945408368,-1.0,-1.0,True,main,False
8866,1,1,6.247906644328591,1.7520933556714087,0.7809883305410739,0.9613127251950396,20.0,9.0,False,main,True
8866,2,2,7.247906644328591,1.7520933556714087,0.8053229604809545,0.9663181188772895,15.0,8.0,False,main,False
8866,3,3,8.24790664432859,1.7520933556714087,0.8247906644328591,0.9701752944861073,12.0,6.0,False,main,False
8866,4,4,9.24790664432859,1.7520933556714087,0.8407187858480537,0.9732390420722472,9.0,5.0,False,main,False
8866,5,5,10.24790664432859,1.7520933556714087,0.8539922203607159,0.9757315236163616,7.0,4.0,False,main,False
8866,6,6,11.24790664432859,1.7520933556714087,0.8652235880252762,0.9777989888626586,5.0,3.0,False,main,False
8866,7,7,12.24790664432859,1.7520933556714087,0.8748504745948994,0.9795416645517043,3.0,2.0,False,main,False
8866,8,8,13.24790664432859,1.7520933556714087,0.8831937762885728,0.9810305459469362,1.0,1.0,False,main,False
8866,9,9,14.24790664432859,1.7520933556714087,0.8904941652705369,0.9823173336988436,-1.0,-1.0,True,main,False
1507,0,1,5.375866977957454,2.624133022042546,0.6719833722446817,0.9023113032298055,44.0,15.0,False,main,True
1507,0,2,5.375866977957454,3.624133022042546,0.5973185531063838,0.8396122922249443,77.0,21.0,False,main,True
8498,0,1,5.409476126022075,2.5905238739779244,0.6761845157527594,0.9049381312547212,43.0,15.0,False,main,True
10272,1,1,6.414833740461576,1.5851662595384233,0.801854217557697,0.9701174567597265,18.0,9.0,False,main,True
10272,2,2,7.414833740461576,1.5851662595384233,0.8238704156068418,0.9739530156976256,14.0,7.0,False,main,False
10272,3,3,8.414833740461576,1.5851662595384233,0.8414833740461576,0.9769152061893142,11.0,6.0,False,main,False
10272,4,4,9.414833740461576,1.5851662595384233,0.8558939764055978,0.9792720269013325,8.0,5.0,False,main,False
10272,5,5,10.414833740461576,1.5851662595384233,0.8679028117051314,0.9811919446731882,6.0,4.0,False,main,False
10272,6,6,11.414833740461576,1.5851662595384233,0.8780641338816597,0.9827861955602043,4.0,3.0,False,main,False
10272,7,7,12.414833740461576,1.5851662595384233,0.8867738386043983,0.9841311942891775,2.0,2.0,False,main,False
10272,8,8,13.414833740461576,1.5851662595384233,0.8943222493641051,0.9852811753381724,1.0,1.0,False,main,False
10272,9,9,14.414833740461576,1.5851662595384233,0.9009271087788485,0.986275698346744,-1.0,-1.0,True,main,False
8873,1,1,6.16435675476456,1.83564324523544,0.77054459434557,0.9565688839136083,21.0,9.0,False,main,True
11655,0,1,5.455331708989887,2.5446682910101126,0.6819164636237359,0.9084804953428527,41.0,15.0,False,main,True
628,0,1,5.420600950690283,2.5793990493097168,0.6775751188362854,0.9058019609391699,42.0,15.0,False,main,True
7300,0,1,5.225164570489869,2.7748354295101305,0.6531455713112336,0.890221960536853,49.0,16.0,False,main,True
3825,0,1,5.260144693665315,2.739855306334685,0.6575180867081644,0.8930727639259537,48.0,16.0,False,main,True
11548,0,1,5.16564278732538,2.8343572126746195,0.6457053484156725,0.885310017778908,52.0,16.0,False,main,True
4683,1,1,6.538835941862386,1.4611640581376142,0.8173544927327983,0.9760374185377451,16.0,8.0,False,main,True
10920,1,1,6.543745437187056,1.4562545628129437,0.817968179648382,0.9762603094717215,16.0,8.0,False,main,True
10920,2,2,7.543745437187056,1.4562545628129437,0.8381939374652284,0.9792883519973214,13.0,7.0,False,main,False
10920,3,3,8.543745437187056,1.4562545628129437,0.8543745437187056,0.9816308867604492,10.0,6.0,False,main,False
10920,4,4,9.543745437187056,1.4562545628129437,0.8676132215624596,0.9834971332008116,8.0,5.0,False,main,False
10920,5,5,10.543745437187056,1.4562545628129437,0.8786454530989213,0.9850190011002619,6.0,4.0,False,main,False
10920,6,6,11.543745437187056,1.4562545628129437,0.8879804182451582,0.9862837910056779,4.0,3.0,False,main,False
10920,7,7,12.543745437187056,1.4562545628129437,0.8959818169419326,0.9873515867877201,2.0,2.0,False,main,False
10920,8,8,13.543745437187056,1.4562545628129437,0.9029163624791371,0.988265097549653,1.0,1.0,False,main,False
10920,9,9,14.543745437187056,1.4562545628129437,0.908984089824191,0.9890555159379107,-1.0,-1.0,True,main,False
6341,1,1,6.358909710575866,1.6410902894241337,0.7948637138219833,0.9672710372558317,18.0,9.0,False,main,True
6017,1,1,6.394648966382913,1.6053510336170864,0.7993311207978642,0.969102418511142,18.0,9.0,False,main,True
2497,1,1,6.253311472707349,1.7466885272926511,0.7816639340884186,0.961612076262894,20.0,9.0,False,main,True
2497,2,2,7.253311472707349,1.7466885272926511,0.8059234969674832,0.9665774708387306,15.0,8.0,False,main,True
2497,3,3,8.253311472707349,1.7466885272926511,0.8253311472707349,0.9704040945821716,12.0,6.0,False,main,False
2497,4,4,9.253311472707349,1.7466885272926511,0.8412101338824862,0.9734437396448813,9.0,5.0,False,main,False
2497,5,5,10.253311472707349,1.7466885272926511,0.8544426227256124,0.975916718566889,7.0,4.0,False,main,False
2497,6,6,11.253311472707349,1.7466885272926511,0.8656393440544115,0.9779680777415036,5.0,3.0,False,main,False
2497,7,7,12.253311472707349,1.7466885272926511,0.8752365337648106,0.9796972269593367,3.0,2.0,False,main,False
2497,8,8,13.253311472707349,1.7466885272926511,0.8835540981804899,0.9811745872622654,1.0,1.0,False,main,False
2497,9,9,14.253311472707349,1.7466885272926511,0.8908319670442093,0.9824514438395167,-1.0,-1.0,True,main,False
10859,1,1,6.356141928095955,1.6438580719040448,0.7945177410119943,0.9671274063341941,18.0,9.0,False,main,True
10859,2,2,7.356141928095955,1.6438580719040448,0.8173491031217728,0.9713586617324627,14.0,7.0,False,main,False
10859,3,3,8.356141928095955,1.6438580719040448,0.8356141928095955,0.9746239238634146,11.0,6.0,False,main,False
10859,4,4,9.356141928095955,1.6438580719040448,0.8505583570996322,0.9772203392655758,9.0,5.0,False,main,False
10859,5,5,10.356141928095955,1.6438580719040448,0.8630118273413295,0.9793344437291488,6.0,4.0,False,main,False
10859,6,6,11.356141928095955,1.6438580719040448,0.8735493790843042,0.9810892738983937,4.0,3.0,False,main,False
10859,7,7,12.356141928095955,1.6438580719040448,0.8825815662925682,0.9825692796144703,3.0,2.0,False,main,False
10859,8,8,13.356141928095955,1.6438580719040448,0.8904094618730637,0.9838343567237121,1.0,1.0,False,main,False
10859,9,9,14.356141928095955,1.6438580719040448,0.8972588705059972,0.9849281691685632,-1.0,-1.0,True,main,False
7359,1,1,6.418340038889986,1.5816599611100144,0.8022925048612483,0.9702923444634961,18.0,9.0,False,main,True
11059,1,1,6.55824927013257,1.44175072986743,0.8197811587665712,0.9769135309270323,16.0,8.0,False,main,True
11059,2,2,7.55824927013257,1.44175072986743,0.8398054744591744,0.9798561535837208,13.0,7.0,False,main,False
11059,3,3,8.55824927013257,1.44175072986743,0.8558249270132571,0.9821330443996976,10.0,6.0,False,main,False
11059,4,4,9.55824927013257,1.44175072986743,0.8689317518302336,0.9839472630036029,8.0,5.0,False,main,False
11059,5,5,10.55824927013257,1.44175072986743,0.8798541058443808,0.9854268783685506,6.0,4.0,False,main,False
11059,6,6,11.55824927013257,1.44175072986743,0.8890960977025054,0.986656671311849,4.0,3.0,False,main,False
11059,7,7,12.55824927013257,1.44175072986743,0.8970178050094694,0.9876950038069929,2.0,2.0,False,main,False
11059,8,8,13.55824927013257,1.44175072986743,0.9038832846755047,0.9885833681690787,1.0,1.0,False,main,False
11059,9,9,14.55824927013257,1.44175072986743,0.9098905793832857,0.9893520727494892,-1.0,-1.0,True,main,False
5879,0,1,5.2838435056163275,2.7161564943836725,0.6604804382020409,0.8949889287904523,47.0,15.0,False,main,True
1887,0,1,5.164048871458445,2.835951128541555,0.6455061089323056,0.8851774330083417,52.0,16.0,False,main,True
10442,0,1,5.194990693410763,2.8050093065892368,0.6493738366763454,0.887741469888063,51.0,16.0,False,main,True
10442,0,2,5.194990693410763,3.8050093065892368,0.5772211881567515,0.824222314499953,89.0,23.0,False,main,False
10442,0,3,5.194990693410763,4.805009306589237,0.5194990693410764,0.7656010825952049,155.0,31.0,False,main,True
10442,0,4,5.194990693410763,5.805009306589237,0.4722718812191603,0.7129467981640132,269.0,43.0,False,main,True
2181,0,1,5.429062304256322,2.570937695743678,0.6786327880320403,0.9064570789574246,42.0,15.0,False,main,True
636,1,1,6.373047922985352,1.6269520770146486,0.796630990373169,0.9680006983869132,18.0,9.0,False,main,True
7382,0,1,5.297689957431421,2.7023100425685787,0.6622112446789277,0.8961027518714142,47.0,15.0,False,main,True
10180,0,1,5.431700268233055,2.568299731766946,0.6789625335291318,0.9066609868786665,42.0,15.0,False,main,True
10180,0,2,5.431700268233055,3.568299731766946,0.6035222520258949,0.84426503424255,73.0,21.0,False,main,False
10180,0,3,5.431700268233055,4.568299731766945,0.5431700268233055,0.7856456438431777,124.0,29.0,False,main,True
10180,0,4,5.431700268233055,5.568299731766945,0.4937909334757322,0.732519435209412,208.0,39.0,False,main,True
849,1,1,6.228045618292592,1.7719543817074082,0.778505702286574,0.9602047652450021,20.0,9.0,False,main,True
11490,0,1,5.231197163708977,2.768802836291023,0.6538996454636221,0.8907155087861,49.0,16.0,False,main,True
6851,1,1,6.32462925254328,1.6753707474567194,0.79057865656791,0.9654740551889458,19.0,9.0,False,main,True
6147,1,1,6.441929489955259,1.5580705100447414,0.8052411862444073,0.9714578079233184,17.0,8.0,False,main,True
6567,1,1,6.505227429027015,1.494772570972985,0.8131534286283769,0.9744876873111789,17.0,8.0,False,main,True
648,1,1,6.384828847254802,1.615171152745198,0.7981036059068503,0.9686035330016671,18.0,9.0,False,main,True
1469,1,1,6.18929850951342,1.8107014904865801,0.7736623136891775,0.958007684105529,20.0,9.0,False,main,True
1469,2,2,7.18929850951342,1.8107014904865801,0.7988109455014911,0.9634557109984128,16.0,8.0,False,main,True
1469,3,3,8.18929850951342,1.8107014904865801,0.8189298509513421,0.9676507514151174,12.0,6.0,False,main,True
1469,4,4,9.18929850951342,1.8107014904865801,0.8353907735921292,0.9709809085685048,9.0,5.0,False,main,False
1469,5,5,10.18929850951342,1.8107014904865801,0.8491082091261184,0.973688871556261,7.0,4.0,False,main,False
1469,6,6,11.18929850951342,1.8107014904865801,0.8607152699625709,0.9759342341843459,5.0,3.0,False,main,False
1469,7,7,12.18929850951342,1.8107014904865801,0.8706641792509586,0.9778262759593677,3.0,2.0,False,main,False
1469,8,8,13.18929850951342,1.8107014904865801,0.8792865673008947,0.9794423515138945,1.0,1.0,False,main,False
1469,9,9,14.18929850951342,1.8107014904865801,0.8868311568445888,0.9808387604323389,-1.0,-1.0,True,main,False
7153,0,1,5.462406876849636,2.537593123150364,0.6828008596062045,0.9090227420343925,41.0,15.0,False,main,True
8104,0,1,5.323070259641306,2.676929740358694,0.6653837824551633,0.8981333373477273,46.0,15.0,False,main,True
8104,0,2,5.323070259641306,3.676929740358694,0.5914522510712562,0.8351699041222609,80.0,22.0,False,main,False
8104,0,3,5.323070259641306,4.676929740358694,0.5323070259641306,0.7765225552223796,137.0,30.0,False,main,True
8104,0,4,5.323070259641306,5.676929740358694,0.48391547814920965,0.7235966637940217,233.0,41.0,False,main,True
8104,0,5,5.323070259641306,6.676929740358694,0.4435891883034422,0.676331091613761,407.0,54.0,False,main,True
2317,0,1,5.4481303524072295,2.551869647592771,0.6810162940509037,0.907927388901059,42.0,15.0,False,main,True
336,1,1,6.504077537322534,1.4959224626774668,0.8130096921653167,0.9744339317700309,17.0,8.0,False,main,True
336,2,2,7.504077537322534,1.4959224626774668,0.8337863930358371,0.9777012745679755,13.0,7.0,False,main,True
336,3,3,8.504077537322534,1.4959224626774668,0.8504077537322534,0.9802276077508862,10.0,6.0,False,main,False
336,4,4,9.504077537322534,1.4959224626774668,0.864007048847503,0.9822394675485098,8.0,5.0,False,main,False
336,5,5,10.504077537322534,1.4959224626774668,0.8753397947768778,0.9838795510106586,6.0,4.0,False,main,False
336,6,6,11.504077537322534,1.4959224626774668,0.8849290413325026,0.9852422303708642,4.0,3.0,False,main,False
336,7,7,12.504077537322534,1.4959224626774668,0.8931483955230382,0.9863924192033948,2.0,2.0,False,main,False
336,8,8,13.504077537322534,1.4959224626774668,0.9002718358215023,0.9873762379032224,1.0,1.0,False,main,False
336,9,9,14.504077537322534,1.4959224626774668,0.9065048460826584,0.9882273572604817,-1.0,-1.0,True,main,False
8565,1,1,6.239888660823556,1.7601113391764436,0.7799860826029446,0.9608669359788332,20.0,9.0,False,main,True
8565,2,2,7.239888660823556,1.7601113391764436,0.8044320734248396,0.9659319243093318,15.0,8.0,False,main,True
8565,3,3,8.239888660823556,1.7601113391764436,0.8239888660823557,0.9698346128322968,12.0,6.0,False,main,False
8565,4,4,9.239888660823556,1.7601113391764436,0.8399898782566869,0.972934262035738,9.0,5.0,False,main,False
8565,5,5,10.239888660823556,1.7601113391764436,0.8533240550686297,0.9754557910934076,7.0,4.0,False,main,False
8565,6,6,11.239888660823556,1.7601113391764436,0.8646068200633505,0.9775472433990943,5.0,3.0,False,main,False
8565,7,7,12.239888660823556,1.7601113391764436,0.8742777614873969,0.9793100632138128,3.0,2.0,False,main,False
8565,8,8,13.239888660823556,1.7601113391764436,0.8826592440549038,0.9808161014742683,1.0,1.0,False,main,False
8565,9,9,14.239888660823556,1.7601113391764436,0.8899930413014723,0.9821176778666255,-1.0,-1.0,True,main,False
3663,1,1,6.242932678727145,1.7570673212728547,0.7803665848408932,0.9610364189517974,20.0,9.0,False,main,True
7640,1,1,6.197972595888508,1.8020274041114916,0.7747465744860635,0.9585035813693817,20.0,9.0,False,main,True
7640,2,2,7.197972595888508,1.8020274041114916,0.7997747328765009,0.9638850767061293,16.0,8.0,False,main,False
7640,3,3,8.197972595888508,1.8020274041114916,0.8197972595888509,0.9680293591948143,12.0,6.0,False,main,False
7640,4,4,9.197972595888508,1.8020274041114916,0.8361793268989554,0.9713195087432,9.0,5.0,False,main,False
7640,5,5,10.197972595888508,1.8020274041114916,0.8498310496573757,0.9739951219662744,7.0,4.0,False,main,False
7640,6,6,11.197972595888508,1.8020274041114916,0.861382507376039,0.9762137837380802,5.0,3.0,False,main,False
7640,7,7,12.197972595888508,1.8020274041114916,0.8712837568491791,0.9780834114321629,3.0,2.0,False,main,False
7640,8,8,13.197972595888508,1.8020274041114916,0.8798648397259006,0.979680403239272,1.0,1.0,False,main,False
7640,9,9,14.197972595888508,1.8020274041114916,0.8873732872430318,0.9810603673245886,-1.0,-1.0,True,main,False
8968,1,1,6.40754644780712,1.5924535521928798,0.80094330597589,0.9697526183828358,18.0,9.0,False,main,True
5438,1,1,6.427511439358563,1.5724885606414372,0.8034389299198204,0.9707477768215947,17.0,9.0,False,main,True
7338,1,1,6.252262668042075,1.747737331957925,0.7815328335052594,0.961554059898639,20.0,9.0,False,main,True
9690,0,1,5.554266359459968,2.4457336405400323,0.694283294932496,0.9159567408955565,38.0,14.0,False,main,True
9690,0,2,5.554266359459968,3.4457336405400323,0.6171407066066631,0.8543143171115488,66.0,20.0,False,main,False
9690,0,3,5.554266359459968,4.445733640540032,0.5554266359459967,0.7957842223522125,111.0,28.0,False,main,True
9690,0,4,5.554266359459968,5.445733640540032,0.5049333054054516,0.7424661224586043,184.0,37.0,False,main,True
7895,0,1,5.521275409667443,2.478724590332557,0.6901594262084304,0.9134892688851182,39.0,15.0,False,main,True
7895,0,2,5.521275409667443,3.478724590332557,0.6134750455186048,0.851631752556238,68.0,21.0,False,main,False
7895,0,3,5.521275409667443,4.478724590332558,0.5521275409667443,0.7930714431057266,114.0,28.0,False,main,False
7895,0,4,5.521275409667443,5.478724590332558,0.5019341281515858,0.7398013730536341,190.0,38.0,False,main,True
7895,0,5,5.521275409667443,6.478724590332558,0.4601062841389536,0.6920068047529347,321.0,50.0,False,main,True
7895,0,6,5.521275409667443,7.478724590332558,0.42471349305134176,0.6492866323648008,561.0,65.0,False,main,True
11095,1,1,6.519483262861131,1.4805167371388686,0.8149354078576414,0.9751501133379102,17.0,8.0,False,main,True
11095,2,2,7.519483262861131,1.4805167371388686,0.8354981403179035,0.9783235370885196,13.0,7.0,False,main,False
11095,3,3,8.519483262861131,1.4805167371388686,0.8519483262861132,0.9807777516923154,10.0,6.0,False,main,False
11095,4,4,9.519483262861131,1.4805167371388686,0.8654075693510119,0.9827324864981425,8.0,5.0,False,main,False
11095,5,5,10.519483262861131,1.4805167371388686,0.8766236052384276,0.9843262000754681,6.0,4.0,False,main,False
11095,6,6,11.519483262861131,1.4805167371388686,0.8861140971431639,0.9856504869907248,4.0,3.0,False,main,False
11095,7,7,12.519483262861131,1.4805167371388686,0.8942488044900808,0.9867683642675319,2.0,2.0,False,main,False
11095,8,8,13.519483262861131,1.4805167371388686,0.9012988841907421,0.9877246130246344,1.0,1.0,False,main,False
11095,9,9,14.519483262861131,1.4805167371388686,0.9074677039288207,0.988551931303755,-1.0,-1.0,True,main,False
3386,0,1,5.150671149443876,2.849328850556124,0.6438338936804845,0.8840625048643906,52.0,16.0,False,main,True
5909,1,1,6.185731061299771,1.8142689387002289,0.7732163826624714,0.957803059939218,20.0,9.0,False,main,True
11729,1,1,6.150893888445857,1.8491061115541432,0.7688617360557322,0.955784376971937,21.0,9.0,False,main,True
4179,0,1,5.272042879782224,2.7279571202177766,0.659005359972778,0.8940363347794189,48.0,16.0,False,main,True
1614,0,1,5.313077778212129,2.6869222217878708,0.6641347222765162,0.8973355835275207,46.0,15.0,False,main,True
4932,0,1,5.318290457075,2.6817095429249997,0.664786307134375,0.8977520171542535,46.0,15.0,False,main,True
11802,0,1,5.4792068361083555,2.5207931638916445,0.6849008545135444,0.9103056535818399,41.0,15.0,False,main,True
11234,0,1,5.572912748779908,2.4270872512200925,0.6966140935974885,0.9173398923073012,38.0,14.0,False,main,True
11234,0,2,5.572912748779908,3.4270872512200925,0.619212527642212,0.8558231477122799,65.0,20.0,False,main,False
11234,0,3,5.572912748779908,4.427087251220092,0.5572912748779908,0.7973121818901131,109.0,28.0,False,main,True
11234,0,4,5.572912748779908,5.427087251220092,0.5066284317072643,0.7439681308320094,181.0,37.0,False,main,True
11234,0,5,5.572912748779908,6.427087251220092,0.464409395731659,0.696045942360475,303.0,49.0,False,main,True
1653,0,1,5.330358758554512,2.669641241445488,0.666294844819314,0.8987138144057621,45.0,15.0,False,main,True
1459,1,1,6.447685300213558,1.552314699786442,0.8059606625266947,0.9717392199574587,17.0,8.0,False,main,True
1459,2,2,7.447685300213558,1.552314699786442,0.8275205889126176,0.9753608647727107,14.0,7.0,False,main,True
1459,3,3,8.447685300213557,1.552314699786442,0.8447685300213557,0.9781590616605851,11.0,6.0,False,main,False
1459,4,4,9.447685300213557,1.552314699786442,0.8588804818375961,0.9803861445221012,8.0,5.0,False,main,False
1459,5,5,10.447685300213557,1.552314699786442,0.8706404416844631,0.9822008536847207,6.0,4.0,False,main,False
1459,6,6,11.447685300213557,1.552314699786442,0.8805911769395044,0.983708064949889,4.0,3.0,False,main,False
1459,7,7,12.447685300213557,1.552314699786442,0.8891203785866827,0.9849798579544334,2.0,2.0,False,main,False
1459,8,8,13.447685300213557,1.552314699786442,0.8965123533475705,0.9860674102682455,1.0,1.0,False,main,False
1459,9,9,14.447685300213557,1.552314699786442,0.9029803312633473,0.9870080638686883,-1.0,-1.0,True,main,False
6614,1,1,6.166029736110215,1.8339702638897846,0.7707537170137769,0.9566659871362903,21.0,9.0,False,main,True
9648,0,1,5.477255019730096,2.5227449802699042,0.684656877466262,0.9101569419314255,41.0,15.0,False,main,True
9648,0,2,5.477255019730096,3.5227449802699042,0.6085838910811218,0.8480266203900788,71.0,21.0,False,main,False
9648,0,3,5.477255019730096,4.522744980269904,0.5477255019730096,0.7894331261107747,119.0,29.0,False,main,True
10704,0,1,5.328575600444476,2.6714243995555242,0.6660719500555595,0.8985719080717836,45.0,15.0,False,main,True
10704,0,2,5.328575600444476,3.6714243995555242,0.5920639556049418,0.8356350605797535,80.0,22.0,False,main,False
10704,0,3,5.328575600444476,4.671424399555525,0.5328575600444476,0.7769880043429909,136.0,30.0,False,main,True
10704,0,4,5.328575600444476,5.671424399555525,0.4844159636767706,0.7240512903279388,232.0,40.0,False,main,True
10704,0,5,5.328575600444476,6.671424399555525,0.44404796670370633,0.676770198156943,405.0,54.0,False,main,True
4518,0,1,5.476254677357549,2.523745322642451,0.6845318346696936,0.9100806900644899,41.0,15.0,False,main,True
8768,1,1,6.254813809239581,1.745186190760419,0.7818517261549476,0.9616951195292305,20.0,9.0,False,main,True
4159,1,1,6.421601974055933,1.5783980259440673,0.8027002467569916,0.9704546606022888,18.0,9.0,False,main,True
1170,0,1,5.16080017579246,2.8391998242075402,0.6451000219740575,0.8849070320579546,52.0,16.0,False,main,True
969,1,1,6.536021350547326,1.4639786494526739,0.8170026688184158,0.975909232368107,16.0,8.0,False,main,True
11837,1,1,6.203020951993979,1.7969790480060208,0.7753776189992474,0.958791124708026,20.0,9.0,False,main,True
3086,1,1,6.4673281686490665,1.532671831350933,0.8084160210811333,0.9726907723083428,17.0,8.0,False,main,True
3086,2,2,7.4673281686490665,1.532671831350933,0.8297031298498962,0.9761871424397938,14.0,7.0,False,main,False
3086,3,3,8.467328168649066,1.532671831350933,0.8467328168649066,0.978889248573364,11.0,6.0,False,main,False
3086,4,4,9.467328168649066,1.532671831350933,0.8606661971499151,0.9810402817413829,8.0,5.0,False,main,False
3086,5,5,10.467328168649066,1.532671831350933,0.8722773473874222,0.9827933000480562,6.0,4.0,False,main,False
3086,6,6,11.467328168649066,1.532671831350933,0.882102166819159,0.9842494609699279,4.0,3.0,False,main,False
3086,7,7,12.467328168649066,1.532671831350933,0.8905234406177904,0.9854783083169435,2.0,2.0,False,main,False
3086,8,8,13.467328168649066,1.532671831350933,0.8978218779099377,0.9865292306734672,1.0,1.0,False,main,False
3086,9,9,14.467328168649066,1.532671831350933,0.9042080105405667,0.9874382716761689,-1.0,-1.0,True,main,False
3112,0,1,5.27791026337838,2.72208973662162,0.6597387829222975,0.8945103570645414,47.0,16.0,False,main,True
12076,1,1,6.440664472921808,1.5593355270781912,0.805083059115226,0.9713958026413249,17.0,8.0,False,main,True
2111,1,1,6.3075831864373555,1.6924168135626445,0.7884478983046694,0.9645660167966428,19.0,9.0,False,main,True
7882,1,1,6.225638320747546,1.7743616792524537,0.7782047900934432,0.9600696283635506,20.0,9.0,False,main,True
7882,2,2,7.225638320747546,1.7743616792524537,0.8028487023052828,0.9652412883703154,16.0,8.0,False,main,False
7882,3,3,8.225638320747546,1.7743616792524537,0.8225638320747546,0.9692254241987427,12.0,6.0,False,main,False
7882,4,4,9.225638320747546,1.7743616792524537,0.8386943927952314,0.9723893097255395,9.0,5.0,False,main,False
7882,5,5,10.225638320747546,1.7743616792524537,0.8521365267289621,0.9749628044641342,7.0,4.0,False,main,False
7882,6,6,11.225638320747546,1.7743616792524537,0.8635106400575036,0.9770971646684896,5.0,3.0,False,main,False
7882,7,7,12.225638320747546,1.7743616792524537,0.8732598800533962,0.9788960149351673,3.0,2.0,False,main,False
7882,8,8,13.225638320747546,1.7743616792524537,0.8817092213831698,0.9804327382338408,1.0,1.0,False,main,False
7882,9,9,14.225638320747546,1.7743616792524537,0.8891023950467216,0.981760762414291,-1.0,-1.0,True,main,False
3534,1,1,6.359773956726583,1.6402260432734175,0.7949717445908229,0.9673158335885814,18.0,9.0,False,main,True
3534,2,2,7.359773956726583,1.6402260432734175,0.8177526618585093,0.971522104037388,14.0,7.0,False,main,True
3534,3,3,8.359773956726583,1.6402260432734175,0.8359773956726583,0.9747682403332958,11.0,6.0,False,main,False
3534,4,4,9.359773956726583,1.6402260432734175,0.8508885415205985,0.9773495421048315,9.0,5.0,False,main,False
3534,5,5,10.359773956726583,1.6402260432734175,0.8633144963938819,0.9794514013428735,6.0,4.0,False,main,False
3534,6,6,11.359773956726583,1.6402260432734175,0.8738287659020448,0.9811961082519945,4.0,3.0,False,main,False
3534,7,7,12.359773956726583,1.6402260432734175,0.8828409969090416,0.9826676047200653,3.0,2.0,False,main,False
3534,8,8,13.359773956726583,1.6402260432734175,0.8906515971151056,0.9839254288745991,1.0,1.0,False,main,False
3534,9,9,14.359773956726583,1.6402260432734175,0.8974858722954114,0.9850129854286562,-1.0,-1.0,True,main,False
8632,1,1,6.219280735778776,1.780719264221224,0.777410091972347,0.9597118633928355,20.0,9.0,False,main,True
2594,0,1,5.422198304784475,2.577801695215525,0.6777747880980594,0.9059257612541308,42.0,15.0,False,main,True
11506,1,1,6.340689806937393,1.6593101930626077,0.7925862258671741,0.9663208220500337,18.0,9.0,False,main,True
11506,2,2,7.340689806937393,1.6593101930626077,0.8156322007708214,0.9706591015969297,15.0,7.0,False,main,True
11506,3,3,8.340689806937393,1.6593101930626077,0.8340689806937392,0.9740062741499165,11.0,6.0,False,main,False
11506,4,4,9.340689806937393,1.6593101930626077,0.8491536188124903,0.9766674072896532,9.0,5.0,False,main,False
11506,5,5,10.340689806937393,1.6593101930626077,0.861724150578116,0.9788339406659595,6.0,4.0,False,main,False
11506,6,6,11.340689806937393,1.6593101930626077,0.8723607543797994,0.9806321103227744,4.0,3.0,False,main,False
11506,7,7,12.340689806937393,1.6593101930626077,0.8814778433526709,0.9821485428415019,3.0,2.0,False,main,False
11506,8,8,13.340689806937393,1.6593101930626077,0.8893793204624928,0.9834446667452678,1.0,1.0,False,main,False
11506,9,9,14.340689806937393,1.6593101930626077,0.896293112933587,0.9845652565097592,-1.0,-1.0,True,main,False
8869,0,1,5.3957754766746655,2.6042245233253345,0.6744719345843332,0.9038704122986907,43.0,15.0,False,main,True
4968,1,1,6.427025742401593,1.5729742575984065,0.8033782178001991,0.9707237315984665,18.0,9.0,False,main,True
6198,0,1,5.4190182972032686,2.580981702796732,0.6773772871504086,0.9056792423701994,42.0,15.0,False,main,True
6221,0,1,5.3540779527605835,2.6459220472394165,0.6692597440950729,0.9005946559555129,45.0,15.0,False,main,True
7320,1,1,6.360728952829749,1.6392710471702512,0.7950911191037187,0.9673653045357965,18.0,9.0,False,main,True
4167,0,1,5.306277149746881,2.6937228502531183,0.6632846437183602,0.8967913829203947,46.0,15.0,False,main,True
11371,1,1,6.475274264275635,1.524725735724365,0.8094092830344544,0.9730718010526918,17.0,8.0,False,main,True
11371,2,2,7.475274264275635,1.524725735724365,0.8305860293639594,0.9765180575102269,13.0,7.0,False,main,True
11371,3,3,8.475274264275635,1.524725735724365,0.8475274264275635,0.9791817137051859,11.0,6.0,False,main,False
11371,4,4,9.475274264275635,1.524725735724365,0.8613885694796032,0.9813023097231386,8.0,5.0,False,main,False
11371,5,5,10.475274264275635,1.524725735724365,0.8729395220229695,0.9830306335303531,6.0,4.0,False,main,False
11371,6,6,11.475274264275635,1.524725735724365,0.8827134049442796,0.9844663565145471,4.0,3.0,False,main,False
11371,7,7,12.475274264275635,1.524725735724365,0.8910910188768311,0.9856780086968137,2.0,2.0,False,main,False
11371,8,8,13.475274264275635,1.524725735724365,0.8983516176183757,0.9867142632740691,1.0,1.0,False,main,False
11371,9,9,14.475274264275635,1.524725735724365,0.9047046415172272,0.9876106445906964,-1.0,-1.0,True,main,False
5089,1,1,6.391737736778461,1.608262263221539,0.7989672170973077,0.9689548649165479,18.0,9.0,False,main,True
4629,0,1,5.489940906530306,2.5100590934696942,0.6862426133162882,0.911121910758801,40.0,15.0,False,main,True
260,0,1,5.38327637816016,2.616723621839841,0.67290954727002,0.9028926104587446,44.0,15.0,False,main,True
10982,1,1,6.180598816096717,1.8194011839032829,0.7725748520120896,0.9575079946870783,21.0,9.0,False,main,True
10982,2,2,7.180598816096717,1.8194011839032829,0.7978443128996352,0.9630231034767301,16.0,8.0,False,main,False
10982,3,3,8.180598816096717,1.8194011839032829,0.8180598816096717,0.9672693124632322,12.0,6.0,False,main,False
10982,4,4,9.180598816096717,1.8194011839032829,0.8345998923724288,0.97063979541104,9.0,5.0,False,main,False
10982,5,5,10.180598816096717,1.8194011839032829,0.8483832346747264,0.9733803619880135,7.0,4.0,False,main,False
10982,6,6,11.180598816096717,1.8194011839032829,0.8600460627766705,0.9756526326819616,5.0,3.0,False,main,False
10982,7,7,12.180598816096717,1.8194011839032829,0.870042772578337,0.9775672609020014,3.0,2.0,False,main,False
10982,8,8,13.180598816096717,1.8194011839032829,0.8787065877397812,0.979202565835531,1.0,1.0,False,main,False
10982,9,9,14.180598816096717,1.8194011839032829,0.8862874260060448,0.9806155442608943,-1.0,-1.0,True,main,False
11145,0,1,5.216856343446798,2.783143656553202,0.6521070429308498,0.8895409391338056,50.0,16.0,False,main,True
11145,0,2,5.216856343446798,3.783143656553202,0.579650704827422,0.8261082995697341,88.0,23.0,False,main,False
11145,0,3,5.216856343446798,4.783143656553202,0.5216856343446798,0.7674781979913349,151.0,31.0,False,main,False
11145,0,4,5.216856343446798,5.783143656553202,0.4742596675860726,0.7147748776439775,262.0,42.0,False,main,True
11145,0,5,5.216856343446798,6.783143656553202,0.4347380286205665,0.6678178242422127,468.0,56.0,False,main,True
1478,1,1,6.579060422087754,1.4209395779122453,0.8223825527609693,0.9778370060630772,16.0,8.0,False,main,True
5343,1,1,6.28841640677176,1.71158359322824,0.78605205084647,0.9635336599646023,19.0,9.0,False,main,True
8274,0,1,5.474771863467947,2.5252281365320526,0.6843464829334934,0.9099676186049622,41.0,15.0,False,main,True
8274,0,2,5.474771863467947,3.5252281365320526,0.6083079848297719,0.8478223843851649,71.0,21.0,False,main,False
8274,0,3,5.474771863467947,4.525228136532053,0.5474771863467948,0.7892272585205808,119.0,29.0,False,main,True
8274,0,4,5.474771863467947,5.525228136532053,0.4977065330425407,0.7360294381836248,199.0,38.0,False,main,True
11100,1,1,6.493513256348268,1.5064867436517324,0.8116891570435335,0.9739378201286976,17.0,8.0,False,main,True
11100,2,2,7.493513256348268,1.5064867436517324,0.8326125840386964,0.9772702833037412,13.0,7.0,False,main,False
11100,3,3,8.493513256348269,1.5064867436517324,0.8493513256348267,0.97984660807746,11.0,6.0,False,main,False
11100,4,4,9.493513256348269,1.5064867436517324,0.8630466596680243,0.9818980582109497,8.0,5.0,False,main,False
11100,5,5,10.493513256348269,1.5064867436517324,0.8744594380290223,0.9835702731392002,6.0,4.0,False,main,False
11100,6,6,11.493513256348269,1.5064867436517324,0.8841164043344821,0.9849595526944518,4.0,3.0,False,main,False
11100,7,7,12.493513256348269,1.5064867436517324,0.8923938040248762,0.9861321262169034,2.0,2.0,False,main,False
11100,8,8,13.493513256348269,1.5064867436517324,0.8995675504232178,0.9871350430344799,1.0,1.0,False,main,False
11100,9,9,14.493513256348269,1.5064867436517324,0.9058445785217668,0.988002648514158,-1.0,-1.0,True,main,False
5452,1,1,6.522339853734037,1.477660146265963,0.8152924817167546,0.9752819548086991,16.0,8.0,False,main,True
10864,1,1,6.189364719368055,1.8106352806319443,0.7736705899210069,0.9580114781125064,20.0,9.0,False,main,True
10864,2,2,7.189364719368055,1.8106352806319443,0.7988183021520061,0.9634589958300428,16.0,8.0,False,main,False
10864,3,3,8.189364719368054,1.8106352806319443,0.8189364719368056,0.9676536478238292,12.0,6.0,False,main,False
10864,4,4,9.189364719368054,1.8106352806319443,0.8353967926698233,0.9709834988412843,9.0,5.0,False,main,False
10864,5,5,10.189364719368054,1.8106352806319443,0.8491137266140046,0.9736912143034727,7.0,4.0,False,main,False
10864,6,6,11.189364719368054,1.8106352806319443,0.860720363028312,0.9759363726374619,5.0,3.0,False,main,False
10864,7,7,12.189364719368054,1.8106352806319443,0.8706689085262898,0.977828242923377,3.0,2.0,False,main,False
10864,8,8,13.189364719368054,1.8106352806319443,0.8792909812912038,0.9794441724732453,1.0,1.0,False,main,False
10864,9,9,14.189364719368054,1.8106352806319443,0.8868352949605035,0.9808404555797421,-1.0,-1.0,True,main,False
10164,1,1,6.296804489905127,1.7031955100948735,0.7871005612381409,0.9639869281948473,19.0,9.0,False,main,True
10164,2,2,7.296804489905127,1.7031955100948735,0.810756054433903,0.9686355481589571,15.0,7.0,False,main,False
10164,3,3,8.296804489905128,1.7031955100948735,0.8296804489905126,0.9722200939860817,12.0,6.0,False,main,False
10164,4,4,9.296804489905128,1.7031955100948735,0.8451640445368297,0.9750686901788771,9.0,5.0,False,main,False
10164,5,5,10.296804489905128,1.7031955100948735,0.8580670408254272,0.9773870355158191,7.0,4.0,False,main,False
10164,6,6,11.296804489905128,1.7031955100948735,0.8689849607619328,0.9793106613972995,5.0,3.0,False,main,False
10164,7,7,12.296804489905128,1.7031955100948735,0.8783431778503662,0.9809325144519649,3.0,2.0,False,main,False
10164,8,8,13.296804489905128,1.7031955100948735,0.8864536326603417,0.9823184708814846,1.0,1.0,False,main,False
10164,9,9,14.296804489905128,1.7031955100948735,0.8935502806190705,0.983516526399603,-1.0,-1.0,True,main,False
9039,0,1,5.329027540501969,2.6709724594980306,0.6661284425627462,0.8986078808387302,45.0,15.0,False,main,True
3079,1,1,6.243819543811721,1.7561804561882783,0.7804774429764652,0.9610857421494338,20.0,9.0,False,main,True
3079,2,2,7.243819543811721,1.7561804561882783,0.8048688382013024,0.9661214754482466,15.0,8.0,False,main,True
3079,3,3,8.243819543811721,1.7561804561882783,0.8243819543811721,0.9700018226069345,12.0,6.0,False,main,False
3079,4,4,9.243819543811721,1.7561804561882783,0.8403472312556111,0.9730838489967193,9.0,5.0,False,main,False
3079,5,5,10.243819543811721,1.7561804561882783,0.8536516286509768,0.9755911200287518,7.0,4.0,False,main,False
3079,6,6,11.243819543811721,1.7561804561882783,0.8649091956778248,0.9776707984776143,5.0,3.0,False,main,False
3079,7,7,12.243819543811721,1.7561804561882783,0.8745585388436944,0.9794237308713626,3.0,2.0,False,main,False
3079,8,8,13.243819543811721,1.7561804561882783,0.8829213029207814,0.9809213480754231,1.0,1.0,False,main,False
3079,9,9,14.243819543811721,1.7561804561882783,0.8902387214882326,0.9822156658851767,-1.0,-1.0,True,main,False
10204,1,1,6.169381342832071,1.8306186571679293,0.7711726678540088,0.9568602646313877,21.0,9.0,False,main,True
10204,2,2,7.169381342832071,1.8306186571679293,0.7965979269813412,0.96246239118079,16.0,8.0,False,main,False
10204,3,3,8.169381342832072,1.8306186571679293,0.8169381342832072,0.966774961636942,12.0,6.0,False,main,False
10204,4,4,9.169381342832072,1.8306186571679293,0.8335801220756429,0.9701977357027716,10.0,5.0,False,main,False
10204,5,5,10.169381342832072,1.8306186571679293,0.8474484452360059,0.9729805747411123,7.0,4.0,False,main,False
10204,6,6,11.169381342832072,1.8306186571679293,0.8591831802178517,0.9752877299091949,5.0,3.0,False,main,False
10204,7,7,12.169381342832072,1.8306186571679293,0.8692415244880051,0.9772316375704511,3.0,2.0,False,main,False
10204,8,8,13.169381342832072,1.8306186571679293,0.8779587561888048,0.9788918684189304,1.0,1.0,False,main,False
10204,9,9,14.169381342832072,1.8306186571679293,0.8855863339270045,0.9803263237054239,-1.0,-1.0,True,main,False
2500,1,1,6.439377705017392,1.5606222949826072,0.804922213127174,0.9713326735360255,17.0,8.0,False,main,True
6305,1,1,6.389410959755259,1.6105890402447405,0.7986763699694074,0.9688367253718271,18.0,9.0,False,main,True
6735,0,1,5.277366706227427,2.722633293772572,0.6596708382784284,0.8944664752775876,47.0,16.0,False,main,True
8400,1,1,6.521808562551929,1.4781914374480718,0.8152260703189911,0.9752574566071851,17.0,8.0,False,main,True
8400,2,2,7.521808562551929,1.4781914374480718,0.8357565069502143,0.9784168125426773,13.0,7.0,False,main,False
8400,3,3,8.521808562551929,1.4781914374480718,0.8521808562551929,0.9808602228191571,10.0,6.0,False,main,False
8400,4,4,9.521808562551929,1.4781914374480718,0.8656189602319935,0.9828063983674635,8.0,5.0,False,main,False
8400,5,5,10.521808562551929,1.4781914374480718,0.8768173802126608,0.9843931634160972,6.0,4.0,False,main,False
8400,6,6,11.521808562551929,1.4781914374480718,0.8862929663501483,0.9857116967191292,4.0,3.0,False,main,False
8400,7,7,12.521808562551929,1.4781914374480718,0.8944148973251378,0.986824731334864,2.0,2.0,False,main,False
8400,8,8,13.521808562551929,1.4781914374480718,0.9014539041701286,0.9877768478242992,1.0,1.0,False,main,False
8400,9,9,14.521808562551929,1.4781914374480718,0.9076130351594955,0.9886005985401285,-1.0,-1.0,True,main,False
1976,0,1,5.425601173048738,2.5743988269512617,0.6782001466310923,0.9061893001316513,42.0,15.0,False,main,True
7461,1,1,6.365116508632973,1.6348834913670276,0.7956395635791216,0.9675921952138599,18.0,9.0,False,main,True
3382,1,1,6.1857496059036645,1.814250394096336,0.7732187007379581,0.9578041246460339,20.0,9.0,False,main,True
1648,1,1,6.257543646409964,1.7424563535900357,0.7821929558012455,0.9618458302817005,20.0,9.0,False,main,True
7371,1,1,6.231088028055996,1.7689119719440036,0.7788860035069995,0.9603752946152607,20.0,9.0,False,main,True
6424,1,1,6.288864503530711,1.7111354964692889,0.7861080629413388,0.963557931547954,19.0,9.0,False,main,True
2443,0,1,5.152347275804965,2.8476527241950347,0.6440434094756207,0.8842024067181306,52.0,16.0,False,main,True
423,1,1,6.188612308015035,1.811387691984965,0.7735765385018794,0.9579683549180702,20.0,9.0,False,main,True
7366,1,1,6.261488003870749,1.7385119961292514,0.7826860004838436,0.9620631734225518,19.0,9.0,False,main,True
11247,0,1,5.5029924615718935,2.4970075384281065,0.6878740576964867,0.9121107707684045,40.0,15.0,False,main,True
11247,0,2,5.5029924615718935,3.4970075384281065,0.6114436068413215,0.8501379998805378,69.0,21.0,False,main,False
11247,0,3,5.5029924615718935,4.4970075384281065,0.5502992461571894,0.7915629247483689,116.0,28.0,False,main,False
11247,0,4,5.5029924615718935,5.4970075384281065,0.5002720419610812,0.7383206280505528,194.0,38.0,False,main,True
11247,0,5,5.5029924615718935,6.4970075384281065,0.45858270513099114,0.690572266777135,328.0,50.0,False,main,True
5126,1,1,6.581336785757316,1.4186632142426832,0.8226670982196645,0.9779370225805893,16.0,8.0,False,main,True
5126,2,2,7.581336785757316,1.4186632142426832,0.8423707539730352,0.9807459882194824,13.0,7.0,False,main,False
5126,3,3,8.581336785757316,1.4186632142426832,0.8581336785757318,0.9829201268383896,10.0,6.0,False,main,False
5126,4,4,9.581336785757316,1.4186632142426832,0.8710306168870289,0.9846528829695312,8.0,5.0,False,main,False
5126,5,5,10.581336785757316,1.4186632142426832,0.8817780654797764,0.9860663264072038,6.0,4.0,False,main,False
5126,6,6,11.581336785757316,1.4186632142426832,0.8908720604428706,0.9872413002628263,4.0,3.0,False,main,False
5126,7,7,12.581336785757316,1.4186632142426832,0.8986669132683798,0.9882334745230117,2.0,2.0,False,main,False
5126,8,8,13.581336785757316,1.4186632142426832,0.9054224523838211,0.9890824385623651,1.0,1.0,False,main,False
5126,9,9,14.581336785757316,1.4186632142426832,0.9113335491098323,0.9898171173952636,-1.0,-1.0,True,main,False
1681,1,1,6.574092782594886,1.4259072174051137,0.8217615978243608,0.9776180597199521,16.0,8.0,False,main,True
1681,2,2,7.574092782594886,1.4259072174051137,0.8415658647327651,0.9804686544431388,13.0,7.0,False,main,True
1681,3,3,8.574092782594885,1.4259072174051137,0.8574092782594886,0.9826748015765359,10.0,6.0,False,main,False
1681,4,4,9.574092782594885,1.4259072174051137,0.8703720711449897,0.9844329373293017,8.0,5.0,False,main,False
1681,5,5,10.574092782594885,1.4259072174051137,0.8811743985495739,0.9858669986179258,6.0,4.0,False,main,False
1681,6,6,11.574092782594885,1.4259072174051137,0.8903148294303759,0.9870590543480249,4.0,3.0,False,main,False
1681,7,7,12.574092782594885,1.4259072174051137,0.8981494844710634,0.9880656126567182,2.0,2.0,False,main,False
1681,8,8,13.574092782594885,1.4259072174051137,0.9049395188396591,0.9889268554830121,1.0,1.0,False,main,False
1681,9,9,14.574092782594885,1.4259072174051137,0.9108807989121804,0.9896721386549603,-1.0,-1.0,True,main,False
10238,1,1,6.1601735373283235,1.839826462671676,0.7700216921660404,0.9563257088739018,21.0,9.0,False,main,True
10238,2,2,7.1601735373283235,1.839826462671676,0.7955748374809248,0.9619997013854081,16.0,8.0,False,main,False
10238,3,3,8.160173537328323,1.839826462671676,0.8160173537328325,0.9663670666139885,13.0,6.0,False,main,False
10238,4,4,9.160173537328323,1.839826462671676,0.8327430488480294,0.969833010633807,10.0,5.0,False,main,False
10238,5,5,10.160173537328323,1.839826462671676,0.8466811281106936,0.9726507441715602,7.0,4.0,False,main,False
10238,6,6,11.160173537328323,1.839826462671676,0.8584748874867941,0.9749866924195026,5.0,3.0,False,main,False
10238,7,7,12.160173537328323,1.839826462671676,0.8685838240948803,0.9769547648726974,3.0,2.0,False,main,False
10238,8,8,13.160173537328323,1.839826462671676,0.8773449024885549,0.9786355660678061,1.0,1.0,False,main,False
10238,9,9,14.160173537328323,1.839826462671676,0.8850108460830203,0.9800877443069775,-1.0,-1.0,True,main,False
7512,1,1,6.335165823779637,1.6648341762203631,0.7918957279724547,0.966030544009467,19.0,9.0,False,main,True
508,0,1,5.531498793802964,2.468501206197036,0.6914373492253705,0.9142566576905269,39.0,14.0,False,main,True
4325,1,1,6.311244382051942,1.6887556179480576,0.7889055477564928,0.9647618519421004,19.0,9.0,False,main,True
6901,1,1,6.359214981940943,1.6407850180590562,0.7949018727426179,0.9672868632062273,18.0,9.0,False,main,True
5068,1,1,6.310801294705339,1.6891987052946613,0.7888501618381674,0.9647381748178594,19.0,9.0,False,main,True
1818,1,1,6.264056874985334,1.7359431250146664,0.7830071093731668,0.9622044569468118,19.0,9.0,False,main,True
3871,1,1,6.390971202609602,1.6090287973903974,0.7988714003262003,0.9689159654347719,18.0,9.0,False,main,True
3871,2,2,7.390971202609602,1.6090287973903974,0.821219022512178,0.9729103265481556,14.0,7.0,False,main,True
3871,3,3,8.390971202609602,1.6090287973903974,0.8390971202609603,0.9759941901815452,11.0,6.0,False,main,False
3871,4,4,9.390971202609602,1.6090287973903974,0.8537246547826911,0.9784472263046206,9.0,5.0,False,main,False
3871,5,5,10.390971202609602,1.6090287973903974,0.8659142668841335,0.9804451414046116,6.0,4.0,False,main,False
3871,6,6,11.390971202609602,1.6090287973903974,0.8762285540468925,0.9821039019402379,4.0,3.0,False,main,False
3871,7,7,12.390971202609602,1.6090287973903974,0.8850693716149716,0.9835031448468015,3.0,2.0,False,main,False
3871,8,8,13.390971202609602,1.6090287973903974,0.8927314135073068,0.9846993756127557,1.0,1.0,False,main,False
3871,9,9,14.390971202609602,1.6090287973903974,0.8994357001631001,0.9857338007130672,-1.0,-1.0,True,main,False
4174,1,1,6.392364464356678,1.6076355356433216,0.7990455580445848,0.968986654664791,18.0,9.0,False,main,True
11618,1,1,6.573427061243224,1.4265729387567752,0.821678382655403,0.9775886472631496,16.0,8.0,False,main,True
5196,0,1,5.47859298554709,2.52140701445291,0.6848241231933863,0.9102588929994013,41.0,15.0,False,main,True
6224,1,1,6.458682040597751,1.5413179594022481,0.8073352550747189,0.9722736177823601,17.0,8.0,False,main,True
9377,1,1,6.444360066365195,1.5556399336348057,0.8055450082956493,0.9715767855554781,17.0,8.0,False,main,True
4704,0,1,5.229465432617115,2.7705345673828856,0.6536831790771394,0.8905739106611732,49.0,16.0,False,main,True
8262,1,1,6.578511576684407,1.4214884233155929,0.8223139470855508,0.9778128619911316,16.0,8.0,False,main,True
8262,2,2,7.578511576684407,1.4214884233155929,0.842056841853823,0.9806380297092021,13.0,7.0,False,main,False
8262,3,3,8.578511576684406,1.4214884233155929,0.8578511576684408,0.9828246266250166,10.0,6.0,False,main,False
8262,4,4,9.578511576684406,1.4214884233155929,0.8707737796985825,0.9845672613033687,8.0,5.0,False,main,False
8262,5,5,10.578511576684406,1.4214884233155929,0.8815426313903673,0.9859887300734447,6.0,4.0,False,main,False
8262,6,6,11.578511576684406,1.4214884233155929,0.8906547366680313,0.9871703530563867,4.0,3.0,False,main,False
8262,7,7,12.578511576684406,1.4214884233155929,0.8984651126203148,0.988168126415156,2.0,2.0,False,main,False
8262,8,8,13.578511576684406,1.4214884233155929,0.9052341051122939,0.9890218701369656,1.0,1.0,False,main,False
8262,9,9,14.578511576684406,1.4214884233155929,0.9111569735427755,0.9897606769045811,-1.0,-1.0,True,main,False
6659,1,1,6.327052699292842,1.6729473007071574,0.7908815874116053,0.9656023747123019,19.0,9.0,False,main,True
11261,1,1,6.547980750080977,1.4520192499190234,0.8184975937601221,0.9764518714990525,16.0,8.0,False,main,True
11261,2,2,7.547980750080977,1.4520192499190234,0.8386645277867752,0.9794548547232428,13.0,7.0,False,main,False
11261,3,3,8.547980750080978,1.4520192499190234,0.8547980750080976,0.9817781337511214,10.0,6.0,False,main,False
11261,4,4,9.547980750080978,1.4520192499190234,0.8679982500073614,0.9836291197542337,8.0,5.0,False,main,False
11261,5,5,10.547980750080978,1.4520192499190234,0.8789983958400813,0.9851385952108644,6.0,4.0,False,main,False
11261,6,6,11.547980750080978,1.4520192499190234,0.8883062115446905,0.9863931212124214,4.0,3.0,False,main,False
11261,7,7,12.547980750080978,1.4520192499190234,0.8962843392914983,0.9874522763669366,2.0,2.0,False,main,False
11261,8,8,13.547980750080978,1.4520192499190234,0.9031987166720651,0.9883584127634435,1.0,1.0,False,main,False
11261,9,9,14.547980750080978,1.4520192499190234,0.9092487968800611,0.9891424636096141,-1.0,-1.0,True,main,False
4808,0,1,5.362379302960674,2.6376206970393254,0.6702974128700843,0.9012499388509938,44.0,15.0,False,main,True
2055,1,1,6.440234404809191,1.5597655951908092,0.8050293006011489,0.9713747098807671,17.0,8.0,False,main,True
2055,2,2,7.440234404809191,1.5597655951908092,0.8266927116454656,0.9750443902671928,14.0,7.0,False,main,True
2055,3,3,8.44023440480919,1.5597655951908092,0.844023440480919,0.9778794223161817,11.0,6.0,False,main,False
2055,4,4,9.44023440480919,1.5597655951908092,0.8582031277099265,0.9801356517761525,8.0,5.0,False,main,False
2055,5,5,10.44023440480919,1.5597655951908092,0.8700195337340992,0.9819740005222383,6.0,4.0,False,main,False
2055,6,6,11.44023440480919,1.5597655951908092,0.8800180311391685,0.9835007713874737,4.0,3.0,False,main,False
2055,7,7,12.44023440480919,1.5597655951908092,0.888588171772085,0.9847890169307828,2.0,2.0,False,main,False
2055,8,8,13.44023440480919,1.5597655951908092,0.8960156269872794,0.9858906009382133,1.0,1.0,False,main,False
2055,9,9,14.44023440480919,1.5597655951908092,0.9025146503005744,0.9868433633029646,-1.0,-1.0,True,main,False
1971,1,1,6.345714188692668,1.6542858113073324,0.7932142735865835,0.9665839646443156,18.0,9.0,False,main,True
1971,2,2,7.345714188692668,1.6542858113073324,0.8161904654102964,0.9708873152846961,14.0,7.0,False,main,False
1971,3,3,8.345714188692668,1.6542858113073324,0.8345714188692668,0.9742077579996298,11.0,6.0,False,main,False
1971,4,4,9.345714188692668,1.6542858113073324,0.8496103807902425,0.9768477734930056,9.0,5.0,False,main,False
1971,5,5,10.345714188692668,1.6542858113073324,0.8621428490577223,0.9789972001959305,6.0,4.0,False,main,False
1971,6,6,11.345714188692668,1.6542858113073324,0.8727472452840513,0.9807812296273507,4.0,3.0,False,main,False
1971,7,7,12.345714188692668,1.6542858113073324,0.881836727763762,0.9822857777977354,3.0,2.0,False,main,False
1971,8,8,13.345714188692668,1.6542858113073324,0.8897142792461779,0.983571772952549,1.0,1.0,False,main,False
1971,9,9,14.345714188692668,1.6542858113073324,0.8966071367932917,0.9846836271086845,-1.0,-1.0,True,main,False
11569,1,1,6.358205876173526,1.6417941238264746,0.7947757345216907,0.967234536970121,18.0,9.0,False,main,True
11569,2,2,7.358205876173526,1.6417941238264746,0.8175784306859473,0.9714515863353255,14.0,7.0,False,main,True
11569,3,3,8.358205876173525,1.6417941238264746,0.8358205876173525,0.9747059740032109,11.0,6.0,False,main,False
11569,4,4,9.358205876173525,1.6417941238264746,0.8507459887430477,0.9772937962838241,9.0,5.0,False,main,False
11569,5,5,10.358205876173525,1.6417941238264746,0.8631838230144604,0.9794009385745422,6.0,4.0,False,main,False
11569,6,6,11.358205876173525,1.6417941238264746,0.8737081443210404,0.9811500130845617,4.0,3.0,False,main,False
11569,7,7,12.358205876173525,1.6417941238264746,0.8827289911552517,0.982625180831322,3.0,2.0,False,main,False
11569,8,8,13.358205876173525,1.6417941238264746,0.8905470584115683,0.9838861342640357,1.0,1.0,False,main,False
11569,9,9,14.358205876173525,1.6417941238264746,0.8973878672608453,0.9849763899303334,-1.0,-1.0,True,main,False
5402,0,1,5.341868887520516,2.6581311124794844,0.6677336109400644,0.8996280975588143,45.0,15.0,False,main,True
10462,0,1,5.244494731507224,2.7555052684927754,0.655561841438403,0.8918006301673993,49.0,16.0,False,main,True
10462,0,2,5.244494731507224,3.7555052684927754,0.582721636834136,0.8284822033819492,86.0,22.0,False,main,False
10462,0,3,5.244494731507224,4.755505268492776,0.5244494731507224,0.7698434653841725,147.0,31.0,False,main,True
10462,0,4,5.244494731507224,5.755505268492776,0.4767722483188386,0.7170797250330374,254.0,42.0,False,main,True
3004,0,1,5.35269334217338,2.6473066578266207,0.6690866677716725,0.9004852083025626,45.0,15.0,False,main,True
4377,1,1,6.477486474714673,1.5225135252853275,0.8096858093393341,0.9731774781770066,17.0,8.0,False,main,True
8144,1,1,6.378843449181447,1.6211565508185524,0.7973554311476809,0.968297847082538,18.0,9.0,False,main,True
8144,2,2,7.378843449181447,1.6211565508185524,0.8198714943534942,0.9723740108750799,14.0,7.0,False,main,False
8144,3,3,8.378843449181447,1.6211565508185524,0.8378843449181448,0.9755205283086222,11.0,6.0,False,main,False
8144,4,4,9.378843449181447,1.6211565508185524,0.852622131743768,0.978023095394203,9.0,5.0,False,main,False
8144,5,5,10.378843449181447,1.6211565508185524,0.8649036207651206,0.9800611541571735,6.0,4.0,False,main,False
8144,6,6,11.378843449181447,1.6211565508185524,0.8752956499370345,0.9817531106632474,4.0,3.0,False,main,False
8144,7,7,12.378843449181447,1.6211565508185524,0.8842031035129605,0.9831802629826604,3.0,2.0,False,main,False
8144,8,8,13.378843449181447,1.6211565508185524,0.8919228966120964,0.9844002869961782,1.0,1.0,False,main,False
8144,9,9,14.378843449181447,1.6211565508185524,0.8986777155738405,0.9854552376694636,-1.0,-1.0,True,main,False
7967,0,1,5.338777536919631,2.6612224630803687,0.6673471921149539,0.8993828336342115,45.0,15.0,False,main,True
7967,0,2,5.338777536919631,3.6612224630803687,0.5931975041021812,0.8364958553183838,79.0,22.0,False,main,False
7967,0,3,5.338777536919631,4.661222463080369,0.5338777536919631,0.7778496551141851,135.0,30.0,False,main,True
7967,0,4,5.338777536919631,5.661222463080369,0.48534341244723916,0.7248930735946029,229.0,40.0,False,main,True
7967,0,5,5.338777536919631,6.661222463080369,0.4448981280766359,0.6775833449485102,399.0,54.0,False,main,True
1677,0,1,5.3025297281400885,2.6974702718599115,0.6628162160175111,0.896491067678071,46.0,15.0,False,main,True
192,1,1,6.571165845069791,1.4288341549302093,0.8213957306337238,0.9774886184201728,16.0,8.0,False,main,True
9273,0,1,5.230391597683363,2.769608402316637,0.6537989497104204,0.8906496483457567,49.0,16.0,False,main,True
1706,1,1,6.571243761688068,1.4287562383119314,0.8214054702110085,0.9774920684165501,16.0,8.0,False,main,True
1706,2,2,7.571243761688068,1.4287562383119314,0.8412493068542298,0.9803591127746832,13.0,7.0,False,main,True
1706,3,3,8.571243761688068,1.4287562383119314,0.8571243761688068,0.9825779067186587,10.0,6.0,False,main,False
1706,4,4,9.571243761688068,1.4287562383119314,0.8701130692443698,0.9843460693776691,8.0,5.0,False,main,False
1706,5,5,10.571243761688068,1.4287562383119314,0.8809369801406723,0.9857882758061921,6.0,4.0,False,main,False
1706,6,6,11.571243761688068,1.4287562383119314,0.8900956739760052,0.9869870794427434,4.0,3.0,False,main,False
1706,7,7,12.571243761688068,1.4287562383119314,0.8979459829777191,0.9879993196931062,2.0,2.0,False,main,False
1706,8,8,13.571243761688068,1.4287562383119314,0.9047495841125379,0.988865412679134,1.0,1.0,False,main,False
1706,9,9,14.571243761688068,1.4287562383119314,0.9107027351055043,0.9896148844747588,-1.0,-1.0,True,main,False
7986,0,1,5.26676313750625,2.73323686249375,0.6583453921882813,0.8936091403101241,48.0,16.0,False,main,True
7986,0,2,5.26676313750625,3.73323686249375,0.5851959041673611,0.8303867288389591,84.0,22.0,False,main,False
7986,0,3,5.26676313750625,4.73323686249375,0.526676313750625,0.7717431413134279,144.0,31.0,False,main,True
7986,0,4,5.26676313750625,5.73323686249375,0.47879664886420453,0.7189319958657346,248.0,41.0,False,main,True
2534,1,1,6.155173722488963,1.8448262775110367,0.7693967153111204,0.9560343669609351,21.0,9.0,False,main,True
9993,1,1,6.189000049162809,1.8109999508371906,0.7736250061453511,0.9579905798291783,20.0,9.0,False,main,True
9993,2,2,7.189000049162809,1.8109999508371906,0.7987777832403121,0.9634409022342274,16.0,8.0,False,main,False
9993,3,3,8.189000049162809,1.8109999508371906,0.8189000049162809,0.9676376937690208,12.0,6.0,False,main,False
9993,4,4,9.189000049162809,1.8109999508371906,0.8353636408329826,0.9709692310640394,9.0,5.0,False,main,False
9993,5,5,10.189000049162809,1.8109999508371906,0.8490833374302341,0.9736783099599385,7.0,4.0,False,main,False
9993,6,6,11.189000049162809,1.8109999508371906,0.8606923114740622,0.9759245935960611,5.0,3.0,False,main,False
9993,7,7,12.189000049162809,1.8109999508371906,0.8706428606544864,0.9778174084850253,3.0,2.0,False,main,False
9993,8,8,13.189000049162809,1.8109999508371906,0.8792666699441872,0.9794341422626964,1.0,1.0,False,main,False
9993,9,9,14.189000049162809,1.8109999508371906,0.8868125030726756,0.9808311183702336,-1.0,-1.0,True,main,False
583,1,1,6.387809268800192,1.6121907311998083,0.798476158600024,0.9687552937583634,18.0,9.0,False,main,True
11630,0,1,5.391068356023405,2.6089316439765953,0.6738835445029256,0.9035025914175807,43.0,15.0,False,main,True
4828,1,1,6.544039736549758,1.4559602634502418,0.8180049670687197,0.9762736421639342,16.0,8.0,False,main,True
4008,1,1,6.510828104551936,1.489171895448064,0.813853513068992,0.974748820342661,17.0,8.0,False,main,True
8603,0,1,5.496167024381864,2.5038329756181357,0.687020878047733,0.9115941341943996,40.0,15.0,False,main,True
4668,1,1,6.311538202414457,1.6884617975855427,0.7889422753018072,0.9647775491835822,19.0,9.0,False,main,True
7165,1,1,6.422239026304922,1.577760973695078,0.8027798782881153,0.9704863175926016,18.0,9.0,False,main,True
3334,0,1,5.233887350090263,2.7661126499097373,0.6542359187612828,0.8909353471936634,49.0,16.0,False,main,True
7848,0,1,5.410372101775904,2.589627898224096,0.676296512721988,0.9050078074069161,43.0,15.0,False,main,True
7848,0,2,5.410372101775904,3.589627898224096,0.6011524557528782,0.8424931982301594,74.0,21.0,False,main,False
7848,0,3,5.410372101775904,4.589627898224096,0.5410372101775904,0.7838645935974754,126.0,29.0,False,main,True
7848,0,4,5.410372101775904,5.589627898224096,0.4918520092523549,0.7307755004246328,213.0,39.0,False,main,True
4489,1,1,6.3015349282919,1.6984650717080991,0.7876918660364876,0.9642415389766903,19.0,9.0,False,main,True
39,1,1,6.203541929858509,1.7964580701414907,0.7754427412323136,0.9588207535057048,20.0,9.0,False,main,True
7931,1,1,6.424645134217532,1.575354865782468,0.8030806417771915,0.9706057567331888,18.0,9.0,False,main,True
7931,2,2,7.424645134217532,1.575354865782468,0.8249605704686147,0.9743768547551963,14.0,7.0,False,main,False
7931,3,3,8.424645134217531,1.575354865782468,0.8424645134217531,0.9772896388455925,11.0,6.0,False,main,False
7931,4,4,9.424645134217531,1.575354865782468,0.8567859212925029,0.9796073803066973,8.0,5.0,False,main,False
7931,5,5,10.424645134217531,1.575354865782468,0.868720427851461,0.981495611865978,6.0,4.0,False,main,False
7931,6,6,11.424645134217531,1.575354865782468,0.8788188564782716,0.983063651536831,4.0,3.0,False,main,False
7931,7,7,12.424645134217531,1.575354865782468,0.8874746524441094,0.9843866070526581,2.0,2.0,False,main,False
7931,8,8,13.424645134217531,1.575354865782468,0.8949763422811687,0.9855177914469317,1.0,1.0,False,main,False
7931,9,9,14.424645134217531,1.575354865782468,0.9015403208885957,0.9864960960019649,-1.0,-1.0,True,main,False
5368,0,1,5.201882761049751,2.7981172389502493,0.6502353451312188,0.8883097805103665,50.0,16.0,False,main,True
9751,1,1,6.183017925748452,1.8169820742515488,0.7728772407185565,0.957647175974621,20.0,9.0,False,main,True
9751,2,2,7.183017925748452,1.8169820742515488,0.7981131028609391,0.9631435958856803,16.0,8.0,False,main,False
9751,3,3,8.183017925748452,1.8169820742515488,0.8183017925748451,0.967375550341939,12.0,6.0,False,main,False
9751,4,4,9.183017925748452,1.8169820742515488,0.8348198114316774,0.9707347998892176,9.0,5.0,False,main,False
9751,5,5,10.183017925748452,1.8169820742515488,0.8485848271457043,0.9734662845586348,7.0,4.0,False,main,False
9751,6,6,11.183017925748452,1.8169820742515488,0.8602321481344963,0.9757310600946937,5.0,3.0,False,main,False
9751,7,7,12.183017925748452,1.8169820742515488,0.8702155661248894,0.9776393970896192,3.0,2.0,False,main,False
9751,8,8,13.183017925748452,1.8169820742515488,0.8788678617165634,0.9792693459875828,1.0,1.0,False,main,False
9751,9,9,14.183017925748452,1.8169820742515488,0.8864386203592782,0.980677709324589,-1.0,-1.0,True,main,False
6758,0,1,5.312267576134233,2.6877324238657674,0.6640334470167791,0.8972708033596852,46.0,15.0,False,main,True
1957,1,1,6.38073457952487,1.6192654204751298,0.7975918224406088,0.9683945625054584,18.0,9.0,False,main,True
7299,1,1,6.410464442041907,1.589535557958093,0.8013080552552384,0.9698989281890418,18.0,9.0,False,main,True
11704,1,1,6.2429536864257065,1.757046313574294,0.7803692108032133,0.9610375875874244,20.0,9.0,False,main,True
12087,0,1,5.554898728712748,2.4451012712872524,0.6943623410890934,0.9160037847937479,38.0,14.0,False,main,True
7838,1,1,6.485110837277286,1.5148891627227137,0.8106388546596608,0.9735403469523853,17.0,8.0,False,main,True
7838,2,2,7.485110837277286,1.5148891627227137,0.8316789819196985,0.9769250187714716,13.0,7.0,False,main,False
7838,3,3,8.485110837277286,1.5148891627227137,0.8485110837277287,0.9795414154075555,11.0,6.0,False,main,False
7838,4,4,9.485110837277286,1.5148891627227137,0.8622828033888442,0.981624595415411,8.0,5.0,False,main,False
7838,5,5,10.485110837277286,1.5148891627227137,0.8737592364397738,0.9833225593017576,6.0,4.0,False,main,False
7838,6,6,11.485110837277286,1.5148891627227137,0.8834700644059451,0.9847331532724927,4.0,3.0,False,main,False
7838,7,7,12.485110837277286,1.5148891627227137,0.8917936312340918,0.9859236619949068,2.0,2.0,False,main,False
7838,8,8,13.485110837277286,1.5148891627227137,0.8990073891518191,0.986941879734278,1.0,1.0,False,main,False
7838,9,9,14.485110837277286,1.5148891627227137,0.9053194273298304,0.9878226927438339,-1.0,-1.0,True,main,False
2108,0,1,5.397586736573238,2.6024132634267616,0.6746983420716548,0.9040118124945613,43.0,15.0,False,main,True
3830,0,1,5.269461939610322,2.7305380603896783,0.6586827424512902,0.8938275823290353,48.0,16.0,False,main,True
12007,1,1,6.585667995345898,1.4143320046541015,0.8232084994182373,0.9781267781553985,16.0,8.0,False,main,True
9922,0,1,5.398354193315793,2.6016458066842074,0.6747942741644741,0.9040717032803517,43.0,15.0,False,main,True
9922,0,2,5.398354193315793,3.6016458066842074,0.5998171325906436,0.8414918138623183,75.0,21.0,False,main,False
9922,0,3,5.398354193315793,4.601645806684207,0.5398354193315793,0.7828588265214536,127.0,29.0,False,main,False
9922,0,4,5.398354193315793,5.601645806684207,0.49075947211961757,0.7297911266502126,215.0,39.0,False,main,True
9922,0,5,5.398354193315793,6.601645806684207,0.44986284944298277,0.6823173878877421,371.0,52.0,False,main,True
3536,0,1,5.219669133486374,2.7803308665136264,0.6524586416857967,0.8897716700855358,50.0,16.0,False,main,True
5086,1,1,6.388228717023218,1.6117712829767812,0.7985285896279023,0.9687766274049316,18.0,9.0,False,main,True
7691,1,1,6.297870913960637,1.702129086039363,0.7872338642450796,0.9640443909448404,19.0,9.0,False,main,True
7691,2,2,7.297870913960637,1.702129086039363,0.8108745459956263,0.9686853583699643,15.0,7.0,False,main,False
7691,3,3,8.297870913960637,1.702129086039363,0.8297870913960637,0.9722640534704902,12.0,6.0,False,main,False
7691,4,4,9.297870913960637,1.702129086039363,0.8452609921782397,0.9751080306400878,9.0,5.0,False,main,False
7691,5,5,10.297870913960637,1.702129086039363,0.8581559094967197,0.9774226363538353,7.0,4.0,False,main,False
7691,6,6,11.297870913960637,1.702129086039363,0.8690669933815874,0.9793431724851268,5.0,3.0,False,main,False
7691,7,7,12.297870913960637,1.702129086039363,0.8784193509971884,0.9809624296769225,3.0,2.0,False,main,False
7691,8,8,13.297870913960637,1.702129086039363,0.8865247275973758,0.9823461743990981,1.0,1.0,False,main,False
7691,9,9,14.297870913960637,1.702129086039363,0.8936169321225398,0.9835423229170647,-1.0,-1.0,True,main,False
3557,0,1,5.427682328961141,2.5723176710388596,0.6784602911201426,0.9063503467492359,42.0,15.0,False,main,True
4308,1,1,6.374406185599435,1.625593814400565,0.7968007731999294,0.9680704415353498,18.0,9.0,False,main,True
1734,1,1,6.228561583574535,1.7714384164254646,0.7785701979468169,0.9602337059717045,20.0,9.0,False,main,True
8715,0,1,5.3905423167089435,2.609457683291057,0.6738177895886179,0.9034614547251426,43.0,15.0,False,main,True
11712,0,1,5.296213845888014,2.7037861541119868,0.6620267307360017,0.8959842137973543,47.0,15.0,False,main,True
11527,0,1,5.532972565855859,2.4670274341441405,0.6916215707319824,0.9143670783635468,39.0,14.0,False,main,True
4634,1,1,6.210536333861999,1.7894636661380012,0.7763170417327498,0.9592177195336828,20.0,9.0,False,main,True
5392,0,1,5.433173859298692,2.566826140701308,0.6791467324123365,0.9067748221734989,42.0,15.0,False,main,True
4723,1,1,6.153151876333022,1.8468481236669771,0.7691439845416278,0.9559163377134134,21.0,9.0,False,main,True
8520,1,1,6.198879650640701,1.8011203493592989,0.7748599563300876,0.9585553033940606,20.0,9.0,False,main,True
8520,2,2,7.198879650640701,1.8011203493592989,0.7998755167378557,0.9639298618712209,16.0,8.0,False,main,True
8520,3,3,8.198879650640702,1.8011203493592989,0.8198879650640702,0.9680688515991135,12.0,6.0,False,main,False
8520,4,4,9.198879650640702,1.8011203493592989,0.836261786421882,0.9713548290592272,9.0,5.0,False,main,False
8520,5,5,10.198879650640702,1.8011203493592989,0.8499066375533918,0.9740270685743015,7.0,4.0,False,main,False
8520,6,6,11.198879650640702,1.8011203493592989,0.8614522808185155,0.976242945623321,5.0,3.0,False,main,False
8520,7,7,12.198879650640702,1.8011203493592989,0.8713485464743359,0.9781102355867889,3.0,2.0,False,main,False
8520,8,8,13.198879650640702,1.8011203493592989,0.8799253100427135,0.979705236944331,1.0,1.0,False,main,False
8520,9,9,14.198879650640702,1.8011203493592989,0.8874299781650439,0.9810834857740331,-1.0,-1.0,True,main,False
1344,1,1,6.268765750151386,1.731234249848614,0.7835957187689232,0.9624628887807216,19.0,9.0,False,main,True
1344,2,2,7.268765750151386,1.731234249848614,0.8076406389057095,0.9673146828885516,15.0,7.0,False,main,False
1344,3,3,8.268765750151385,1.731234249848614,0.8268765750151387,0.971054518434709,12.0,6.0,False,main,False
1344,4,4,9.268765750151385,1.731234249848614,0.8426150681955805,0.9740256847381916,9.0,5.0,False,main,False
1344,5,5,10.268765750151385,1.731234249848614,0.8557304791792821,0.9764432468505516,7.0,4.0,False,main,False
1344,6,6,11.268765750151385,1.731234249848614,0.8668281346270297,0.9784488358589534,5.0,3.0,False,main,False
1344,7,7,12.268765750151385,1.731234249848614,0.876340410725099,0.9801395423828674,3.0,2.0,False,main,False
1344,8,8,13.268765750151385,1.731234249848614,0.8845843833434257,0.9815841570497491,1.0,1.0,False,main,False
1344,9,9,14.268765750151385,1.731234249848614,0.8917978593844617,0.9828327852274521,-1.0,-1.0,True,main,False
444,1,1,6.366350669319877,1.6336493306801234,0.7957938336649846,0.9676558995941824,18.0,9.0,False,main,True
8841,1,1,6.284118333453478,1.7158816665465224,0.7855147916816847,0.963300520640201,19.0,9.0,False,main,True
4701,1,1,6.242487506908504,1.7575124930914956,0.780310938363563,0.961011651240198,20.0,9.0,False,main,True
4605,1,1,6.512555589836379,1.4874444101636217,0.8140694487295473,0.9748291336434712,17.0,8.0,False,main,True
10898,1,1,6.4794557190263244,1.520544280973676,0.8099319648782906,0.9732714011521449,17.0,8.0,False,main,True
10898,2,2,7.4794557190263244,1.520544280973676,0.8310506354473693,0.9766914172746897,13.0,7.0,False,main,False
10898,3,3,8.479455719026324,1.520544280973676,0.8479455719026324,0.9793349379922964,11.0,6.0,False,main,False
10898,4,4,9.479455719026324,1.520544280973676,0.8617687017296659,0.9814395931828707,8.0,5.0,False,main,False
10898,5,5,10.479455719026324,1.520544280973676,0.873287976585527,0.9831549828034778,6.0,4.0,False,main,False
10898,6,6,11.479455719026324,1.520544280973676,0.8830350553097173,0.9845800004130064,4.0,3.0,False,main,False
10898,7,7,12.479455719026324,1.520544280973676,0.891389694216166,0.9857826453387267,2.0,2.0,False,main,False
10898,8,8,13.479455719026324,1.520544280973676,0.8986303812684217,0.9868112162492696,1.0,1.0,False,main,False
10898,9,9,14.479455719026324,1.520544280973676,0.9049659824391453,0.9877009655984567,-1.0,-1.0,True,main,False
6095,0,1,5.412319023181032,2.5876809768189677,0.676539877897629,0.9051591478801135,43.0,15.0,False,main,True
9983,1,1,6.253855563393297,1.7461444366067034,0.7817319454241621,0.9616421597555487,20.0,9.0,False,main,True
9983,2,2,7.253855563393297,1.7461444366067034,0.8059839514881442,0.9666035354478641,15.0,8.0,False,main,False
9983,3,3,8.253855563393298,1.7461444366067034,0.8253855563393296,0.9704270893249302,12.0,6.0,False,main,False
9983,4,4,9.253855563393298,1.7461444366067034,0.8412595966721179,0.9734643124420689,9.0,5.0,False,main,False
9983,5,5,10.253855563393298,1.7461444366067034,0.854487963616108,0.9759353315691718,7.0,4.0,False,main,False
9983,6,6,11.253855563393298,1.7461444366067034,0.8656811971840997,0.9779850722169195,5.0,3.0,False,main,False
9983,7,7,12.253855563393298,1.7461444366067034,0.8752753973852354,0.9797128621038058,3.0,2.0,False,main,False
9983,8,8,13.253855563393298,1.7461444366067034,0.8835903708928864,0.9811890645813967,1.0,1.0,False,main,False
9983,9,9,14.253855563393298,1.7461444366067034,0.8908659727120811,0.9824649230969318,-1.0,-1.0,True,main,False
1611,1,1,6.365373328199038,1.6346266718009623,0.7956716660248797,0.9676054558504177,18.0,9.0,False,main,True
3260,1,1,6.500130898185006,1.499869101814994,0.8125163622731257,0.9742490669114758,17.0,8.0,False,main,True
7221,0,1,5.239079799586701,2.7609202004132993,0.6548849749483376,0.8913592210897496,49.0,16.0,False,main,True
5248,0,1,5.4150628294159375,2.584937170584063,0.6768828536769922,0.9053722858131301,43.0,15.0,False,main,True
4555,1,1,6.360318417754464,1.639681582245536,0.795039802219308,0.9673440416544221,18.0,9.0,False,main,True
4555,2,2,7.360318417754464,1.639681582245536,0.8178131575282738,0.9715465723490622,14.0,7.0,False,main,True
4555,3,3,8.360318417754463,1.639681582245536,0.8360318417754463,0.9747898457629031,11.0,6.0,False,main,False
4555,4,4,9.360318417754463,1.639681582245536,0.8509380379776785,0.9773688851526542,9.0,5.0,False,main,False
4555,5,5,10.360318417754463,1.639681582245536,0.8633598681462052,0.9794689113381655,6.0,4.0,False,main,False
4555,6,6,11.360318417754463,1.639681582245536,0.8738706475195741,0.9812121028119295,4.0,3.0,False,main,False
4555,7,7,12.360318417754463,1.639681582245536,0.8828798869824617,0.9826823254381062,3.0,2.0,False,main,False
4555,8,8,13.360318417754463,1.639681582245536,0.8906878945169642,0.9839390638036061,1.0,1.0,False,main,False
4555,9,9,14.360318417754463,1.639681582245536,0.897519901109654,0.9850256838208282,-1.0,-1.0,True,main,False
11973,1,1,6.188615218578364,1.8113847814216362,0.7735769023222955,0.9579685217657199,20.0,9.0,False,main,True
11973,2,2,7.188615218578364,1.8113847814216362,0.7987350242864849,0.9634218045875925,16.0,8.0,False,main,True
11973,3,3,8.188615218578363,1.8113847814216362,0.8188615218578363,0.9676208544431163,12.0,6.0,False,main,False
11973,4,4,9.188615218578363,1.8113847814216362,0.8353286562343967,0.9709541716214098,9.0,5.0,False,main,False
11973,5,5,10.188615218578363,1.8113847814216362,0.8490512682148635,0.9736646896289949,7.0,4.0,False,main,False
11973,6,6,11.188615218578363,1.8113847814216362,0.8606627091214125,0.9759121610232656,5.0,3.0,False,main,False
11973,7,7,12.188615218578363,1.8113847814216362,0.8706153727555973,0.9778059729392087,3.0,2.0,False,main,False
11973,8,8,13.188615218578363,1.8113847814216362,0.8792410145718909,0.9794235555758778,1.0,1.0,False,main,False
11973,9,9,14.188615218578363,1.8113847814216362,0.8867884511611477,0.9808212631414811,-1.0,-1.0,True,main,False
2899,1,1,6.211397337472876,1.7886026625271243,0.7764246671841095,0.9592664804487296,20.0,9.0,False,main,True
1306,0,1,5.3912945117887245,2.608705488211276,0.6739118139735906,0.9035202750474235,43.0,15.0,False,main,True
8418,1,1,6.479555690509816,1.5204443094901845,0.809944461313727,0.9732761655724521,17.0,8.0,False,main,True
8418,2,2,7.479555690509816,1.5204443094901845,0.8310617433899795,0.9766955554393791,13.0,7.0,False,main,False
8418,3,3,8.479555690509816,1.5204443094901845,0.8479555690509816,0.9793385955800238,11.0,6.0,False,main,False
8418,4,4,9.479555690509816,1.5204443094901845,0.8617777900463469,0.9814428702955269,8.0,5.0,False,main,False
8418,5,5,10.479555690509816,1.5204443094901845,0.8732963075424847,0.9831579511954158,6.0,4.0,False,main,False
8418,6,6,11.479555690509816,1.5204443094901845,0.883042745423832,0.9845827132774291,4.0,3.0,False,main,False
8418,7,7,12.479555690509816,1.5204443094901845,0.8913968350364154,0.9857851432044231,2.0,2.0,False,main,False
8418,8,8,13.479555690509816,1.5204443094901845,0.8986370460339878,0.9868135307069908,1.0,1.0,False,main,False
8418,9,9,14.479555690509816,1.5204443094901845,0.9049722306568635,0.987703121750138,-1.0,-1.0,True,main,False
10979,0,1,5.196652155296079,2.8033478447039206,0.6495815194120099,0.8878785656895006,50.0,16.0,False,main,True
10979,0,2,5.196652155296079,3.8033478447039206,0.5774057950328977,0.8243658660408468,89.0,23.0,False,main,False
10979,0,3,5.196652155296079,4.803347844703921,0.519665215529608,0.765743897343133,154.0,31.0,False,main,True
10979,0,4,5.196652155296079,5.803347844703921,0.47242292320873447,0.7130858487362473,269.0,43.0,False,main,True
2679,0,1,5.3763839213687366,2.6236160786312634,0.6720479901710921,0.9023519005159043,44.0,15.0,False,main,True
8995,1,1,6.432722110428605,1.5672778895713955,0.8040902638035756,0.9710052213945574,17.0,9.0,False,main,True
8388,0,1,5.50904420640304,2.4909557935969606,0.68863052580038,0.9125679305682636,40.0,15.0,False,main,True
8388,0,2,5.50904420640304,3.4909557935969606,0.6121160229336711,0.8506330007425777,69.0,21.0,False,main,False
8388,0,3,5.50904420640304,4.49095579359696,0.550904420640304,0.7920626578304105,115.0,28.0,False,main,True
8388,0,4,5.50904420640304,5.49095579359696,0.5008222005820945,0.7388110771048987,193.0,38.0,False,main,True
2163,1,1,6.1756701275447625,1.8243298724552373,0.7719587659430953,0.957223871806043,21.0,9.0,False,main,True
2230,0,1,5.569793654686686,2.430206345313314,0.6962242068358357,0.9171091034653089,38.0,14.0,False,main,True
5052,0,1,5.3951447801093355,2.6048552198906645,0.6743930975136669,0.9038211580062533,43.0,15.0,False,main,True
8979,0,1,5.350160008655818,2.649839991344182,0.6687700010819773,0.9002848474597044,45.0,15.0,False,main,True
7161,1,1,6.168897409970525,1.831102590029475,0.7711121762463157,0.9568322343865951,21.0,9.0,False,main,True
6875,0,1,5.16663957993998,2.8333604200600204,0.6458299474924974,0.8853929050763752,52.0,16.0,False,main,True
3302,1,1,6.3414071674786205,1.658592832521379,0.7926758959348276,0.9663584439440192,18.0,9.0,False,main,True
10307,1,1,6.151795012484839,1.8482049875151616,0.7689743765606049,0.9558370587237115,21.0,9.0,False,main,True
10307,2,2,7.151795012484839,1.8482049875151616,0.7946438902760932,0.9615767868445612,16.0,8.0,False,main,False
10307,3,3,8.15179501248484,1.8482049875151616,0.8151795012484838,0.9659942635348417,13.0,6.0,False,main,False
10307,4,4,9.15179501248484,1.8482049875151616,0.831981364771349,0.9694996823290967,10.0,5.0,False,main,False
10307,5,5,10.15179501248484,1.8482049875151616,0.8459829177070699,0.9723493201016284,7.0,4.0,False,main,False
10307,6,6,11.15179501248484,1.8482049875151616,0.8578303855757567,0.9747115917519287,5.0,3.0,False,main,False
10307,7,7,12.15179501248484,1.8482049875151616,0.8679853580346313,0.9767017547410085,3.0,2.0,False,main,False
10307,8,8,13.15179501248484,1.8482049875151616,0.8767863341656559,0.9784013594566611,1.0,1.0,False,main,False
10307,9,9,14.15179501248484,1.8482049875151616,0.8844871882803025,0.9798697375803452,-1.0,-1.0,True,main,False
5306,1,1,6.19117286871389,1.80882713128611,0.7738966085892363,0.9581150378273809,20.0,9.0,False,main,True
803,1,1,6.54510436247537,1.45489563752463,0.8181380453094212,0.97632184614102,16.0,8.0,False,main,True
803,2,2,7.54510436247537,1.45489563752463,0.83834492916393,0.979341837872643,13.0,7.0,False,main,True
803,3,3,8.54510436247537,1.45489563752463,0.8545104362475371,0.981678186530201,10.0,6.0,False,main,False
803,4,4,9.54510436247537,1.45489563752463,0.8677367602250338,0.9835395305044857,8.0,5.0,False,main,False
803,5,5,10.54510436247537,1.45489563752463,0.8787586968729476,0.9850574173601712,6.0,4.0,False,main,False
803,6,6,11.54510436247537,1.45489563752463,0.8880849509596439,0.986318910056788,4.0,3.0,False,main,False
803,7,7,12.54510436247537,1.45489563752463,0.8960788830339551,0.9873839301289562,2.0,2.0,False,main,False
803,8,8,13.54510436247537,1.45489563752463,0.903006957498358,0.9882950719776121,1.0,1.0,False,main,False
803,9,9,14.54510436247537,1.45489563752463,0.9090690226547107,0.989083444897897,-1.0,-1.0,True,main,False
739,0,1,5.472501957625094,2.527498042374906,0.6840627447031368,0.9097944286822577,41.0,15.0,False,main,True
706,1,1,6.544049405211114,1.4559505947888864,0.8180061756513892,0.9762740801301556,16.0,8.0,False,main,True
706,2,2,7.544049405211114,1.4559505947888864,0.8382277116901238,0.9793003209825674,13.0,7.0,False,main,True
706,3,3,8.544049405211114,1.4559505947888864,0.8544049405211114,0.981641471382545,10.0,6.0,False,main,False
706,4,4,9.544049405211114,1.4559505947888864,0.8676408550191922,0.9835066207290661,8.0,5.0,False,main,False
706,5,5,10.544049405211114,1.4559505947888864,0.8786707837675928,0.9850275977400309,6.0,4.0,False,main,False
706,6,6,11.544049405211114,1.4559505947888864,0.8880038004008549,0.9862916497911919,4.0,3.0,False,main,False
706,7,7,12.544049405211114,1.4559505947888864,0.896003528943651,0.9873588244234495,2.0,2.0,False,main,False
706,8,8,13.544049405211114,1.4559505947888864,0.9029366270140743,0.9882718050706659,1.0,1.0,False,main,False
706,9,9,14.544049405211114,1.4559505947888864,0.9090030878256946,0.9890617657261129,-1.0,-1.0,True,main,False
6084,1,1,6.4413594983347675,1.558640501665233,0.8051699372918459,0.9714298765348771,17.0,8.0,False,main,True
11044,1,1,6.1831545072334135,1.8168454927665865,0.7728943134041767,0.9576550287086841,20.0,9.0,False,main,True
11044,2,2,7.1831545072334135,1.8168454927665865,0.7981282785814904,0.9631503942724781,16.0,8.0,False,main,False
11044,3,3,8.183154507233414,1.8168454927665865,0.8183154507233414,0.967381544527257,12.0,6.0,False,main,False
11044,4,4,9.183154507233414,1.8168454927665865,0.8348322279303104,0.9707401603042257,9.0,5.0,False,main,False
11044,5,5,10.183154507233414,1.8168454927665865,0.8485962089361179,0.9734711325790875,7.0,4.0,False,main,False
11044,6,6,11.183154507233414,1.8168454927665865,0.8602426544025703,0.9757354852385416,5.0,3.0,False,main,False
11044,7,7,12.183154507233414,1.8168454927665865,0.8702253219452439,0.9776434672790677,3.0,2.0,False,main,False
11044,8,8,13.183154507233414,1.8168454927665865,0.8788769671488943,0.9792731139839491,1.0,1.0,False,main,False
11044,9,9,14.183154507233414,1.8168454927665865,0.8864471567020884,0.9806812169309884,-1.0,-1.0,True,main,False
3,1,1,6.296559698248192,1.703440301751808,0.787069962281024,0.9639737327217478,19.0,9.0,False,main,True
2304,1,1,6.5830300056164175,1.4169699943835825,0.8228787507020522,0.9780112896776922,16.0,8.0,False,main,True
8165,0,1,5.186156815050289,2.813843184949711,0.6482696018812861,0.8870115405011326,51.0,16.0,False,main,True
8165,0,2,5.186156815050289,3.813843184949711,0.5762396461166988,0.823458385066896,90.0,23.0,False,main,False
8165,0,3,5.186156815050289,4.813843184949711,0.5186156815050289,0.7648412435726608,156.0,32.0,False,main,True
8165,0,4,5.186156815050289,5.813843184949711,0.47146880136820807,0.7122070782140524,272.0,43.0,False,main,True
8165,0,5,5.186156815050289,6.813843184949711,0.43217973458752407,0.6653423951742885,488.0,57.0,False,main,True
5468,1,1,6.245111682997073,1.7548883170029268,0.7806389603746341,0.9611575601863795,20.0,9.0,False,main,True
10382,1,1,6.58047129189851,1.4195287081014898,0.8225589114873137,0.9778990186202534,16.0,8.0,False,main,True
10382,2,2,7.58047129189851,1.4195287081014898,0.8422745879887233,0.9807129431543277,13.0,7.0,False,main,False
10382,3,3,8.58047129189851,1.4195287081014898,0.858047129189851,0.9828908949012872,10.0,6.0,False,main,False
10382,4,4,9.58047129189851,1.4195287081014898,0.8709519356271372,0.9846266746185339,8.0,5.0,False,main,False
10382,5,5,10.58047129189851,1.4195287081014898,0.8817059409915425,0.9860425744470723,6.0,4.0,False,main,False
10382,6,6,11.58047129189851,1.4195287081014898,0.8908054839921931,0.9872195834849063,4.0,3.0,False,main,False
10382,7,7,12.58047129189851,1.4195287081014898,0.898605092278465,0.9882134715455043,2.0,2.0,False,main,False
10382,8,8,13.58047129189851,1.4195287081014898,0.905364752793234,0.9890638985840995,1.0,1.0,False,main,False
10382,9,9,14.58047129189851,1.4195287081014898,0.9112794557436569,0.9897998409319156,-1.0,-1.0,True,main,False
4481,0,1,5.3450086491035025,2.654991350896497,0.6681260811379378,0.8998769832513275,45.0,15.0,False,main,True
8798,1,1,6.4482259089690315,1.551774091030968,0.8060282386211289,0.9717655913167461,17.0,8.0,False,main,True
3684,1,1,6.584369343863997,1.4156306561360024,0.8230461679829997,0.9780699576743804,16.0,8.0,False,main,True
10161,1,1,6.388312883216784,1.611687116783216,0.798539110402098,0.9687809074761801,18.0,9.0,False,main,True
10161,2,2,7.388312883216784,1.611687116783216,0.8209236536907538,0.9727931362751269,14.0,7.0,False,main,False
10161,3,3,8.388312883216784,1.611687116783216,0.8388312883216784,0.9758906863338278,11.0,6.0,False,main,False
10161,4,4,9.388312883216784,1.611687116783216,0.853482989383344,0.9783545430537767,9.0,5.0,False,main,False
10161,5,5,10.388312883216784,1.611687116783216,0.8656927402680653,0.9803612284948878,6.0,4.0,False,main,False
10161,6,6,11.388312883216784,1.611687116783216,0.8760240679397526,0.9820272418198687,4.0,3.0,False,main,False
10161,7,7,12.388312883216784,1.611687116783216,0.8848794916583417,0.9834325827212019,3.0,2.0,False,main,False
10161,8,8,13.388312883216784,1.611687116783216,0.8925541922144523,0.9846340122981774,1.0,1.0,False,main,False
10161,9,9,14.388312883216784,1.611687116783216,0.899269555201049,0.9856729223470756,-1.0,-1.0,True,main,False
5707,0,1,5.408593255428275,2.5914067445717253,0.6760741569285343,0.9048694563166426,43.0,15.0,False,main,True
11853,1,1,6.358405299623949,1.641594700376051,0.7948006624529936,0.9672448806000176,18.0,9.0,False,main,True
6680,1,1,6.396002288609163,1.6039977113908361,0.7995002860761454,0.9691709118262563,18.0,9.0,False,main,True
2245,0,1,5.174606177820082,2.825393822179918,0.6468257722275103,0.8860545932038422,51.0,16.0,False,main,True
4290,0,1,5.4984889333313225,2.5015110666686775,0.6873111166664153,0.9117700085125433,40.0,15.0,False,main,True
12090,1,1,6.421749784652128,1.578250215347872,0.802718723081516,0.970462007000897,18.0,9.0,False,main,True
300,0,1,5.238623866257671,2.7613761337423286,0.6548279832822089,0.8913220255514424,49.0,16.0,False,main,True
1233,1,1,6.14882740976116,1.85117259023884,0.768603426220145,0.9556634732521253,21.0,9.0,False,main,True
2937,1,1,6.328886702464247,1.6711132975357537,0.7911108378080308,0.9656993546670674,19.0,9.0,False,main,True
7191,0,1,5.4980298333262745,2.5019701666737255,0.6872537291657843,0.9117352437333532,40.0,15.0,False,main,True
6283,1,1,6.406767146194302,1.5932328538056981,0.8008458932742878,0.9697134940444516,18.0,9.0,False,main,True
6283,2,2,7.406767146194302,1.5932328538056981,0.8229741273549225,0.9736024147094179,14.0,7.0,False,main,True
6283,3,3,8.406767146194301,1.5932328538056981,0.8406767146194302,0.9766054971668341,11.0,6.0,False,main,False
6283,4,4,9.406767146194301,1.5932328538056981,0.8551606496540274,0.9789946579583019,8.0,5.0,False,main,False
6283,5,5,10.406767146194301,1.5932328538056981,0.8672305955161917,0.9809407948443045,6.0,4.0,False,main,False
6283,6,6,11.406767146194301,1.5932328538056981,0.8774436266303309,0.9825567325951966,4.0,3.0,False,main,False
6283,7,7,12.406767146194301,1.5932328538056981,0.886197653299593,0.9839199683100379,2.0,2.0,False,main,False
6283,8,8,13.406767146194301,1.5932328538056981,0.8937844764129534,0.9850854994298276,1.0,1.0,False,main,False
6283,9,9,14.406767146194301,1.5932328538056981,0.9004229466371438,0.9860934389257117,-1.0,-1.0,True,main,False
7548,0,1,5.348802768304163,2.6511972316958374,0.6686003460380203,0.9001774443179917,45.0,15.0,False,main,True
6174,0,1,5.3218066383023075,2.678193361697692,0.6652258297877884,0.8980325784157523,46.0,15.0,False,main,True
4356,2,2,7.85277529567634,1.1472247043236603,0.8725305884084822,0.9898341052326922,11.0,7.0,False,main,True
4356,3,3,8.85277529567634,1.1472247043236603,0.885277529567634,0.9909682170892797,9.0,6.0,False,main,False
4356,4,4,9.85277529567634,1.1472247043236603,0.8957068450614855,0.9918746510774477,7.0,5.0,False,main,False
4356,5,5,10.85277529567634,1.1472247043236603,0.9043979413063616,0.9926157208340858,5.0,4.0,False,main,False
4356,6,6,11.85277529567634,1.1472247043236603,0.9117519458212568,0.9932328995252673,4.0,3.0,False,main,False
4356,7,7,12.85277529567634,1.1472247043236603,0.9180553782625956,0.9937548607058072,2.0,2.0,False,main,False
4356,8,8,13.85277529567634,1.1472247043236603,0.9235183530450893,0.9942020627680759,1.0,1.0,False,main,False
4356,9,9,14.85277529567634,1.1472247043236603,0.9282984559797712,0.9945894945773587,-1.0,-1.0,True,main,False
1957,2,2,7.38073457952487,1.6192654204751298,0.8200816199472079,0.9724579221463584,14.0,7.0,False,main,True
1957,3,3,8.38073457952487,1.6192654204751298,0.8380734579524869,0.9755946337215292,11.0,6.0,False,main,False
1957,4,4,9.38073457952487,1.6192654204751298,0.852794052684079,0.9780894493978934,9.0,5.0,False,main,False
1957,5,5,10.38073457952487,1.6192654204751298,0.8650612149604058,0.980121226218905,6.0,4.0,False,main,False
1957,6,6,11.38073457952487,1.6192654204751298,0.875441121501913,0.9818079882636284,4.0,3.0,False,main,False
1957,7,7,12.38073457952487,1.6192654204751298,0.8843381842517763,0.9832307735356122,3.0,2.0,False,main,False
1957,8,8,13.38073457952487,1.6192654204751298,0.8920489719683247,0.9844470746960987,1.0,1.0,False,main,False
1957,9,9,14.38073457952487,1.6192654204751298,0.8987959112203043,0.9854988138934839,-1.0,-1.0,True,main,False
9922,0,6,5.398354193315793,7.601645806684207,0.4152580148704456,0.6399643563902172,666.0,69.0,False,main,True
6084,2,2,7.4413594983347675,1.558640501665233,0.8268177220371964,0.9750922853414409,14.0,7.0,False,main,True
6084,3,3,8.441359498334768,1.558640501665233,0.8441359498334767,0.9779217416743174,11.0,6.0,False,main,True
6084,4,4,9.441359498334768,1.558640501665233,0.8583054089395243,0.9801735594462244,8.0,5.0,False,main,False
6084,5,5,10.441359498334768,1.558640501665233,0.8701132915278973,0.9820083301945487,6.0,4.0,False,main,False
6084,6,6,11.441359498334768,1.558640501665233,0.8801045767949821,0.9835321406847319,4.0,3.0,False,main,False
6084,7,7,12.441359498334768,1.558640501665233,0.8886685355953405,0.9848178961751893,2.0,2.0,False,main,False
6084,8,8,13.441359498334768,1.558640501665233,0.8960906332223179,0.985917356564603,1.0,1.0,False,main,False
6084,9,9,14.441359498334768,1.558640501665233,0.902584968645923,0.9868682863694154,-1.0,-1.0,True,main,False
10252,0,5,5.493660429614958,6.506339570385042,0.4578050358012465,0.6898391532995332,332.0,50.0,False,main,True
11549,2,2,7.168178712727952,1.8318212872720476,0.796464301414217,0.9624020835583591,16.0,8.0,False,main,True
11549,3,3,8.168178712727952,1.8318212872720476,0.8168178712727953,0.9667217942773635,12.0,6.0,False,main,True
11549,4,4,9.168178712727952,1.8318212872720476,0.8334707920661775,0.970150194138517,10.0,5.0,False,main,False
11549,5,5,10.168178712727952,1.8318212872720476,0.8473482260606627,0.9729375807594325,7.0,4.0,False,main,False
11549,6,6,11.168178712727952,1.8318212872720476,0.8590906702098425,0.9752484884975845,5.0,3.0,False,main,False
11549,7,7,12.168178712727952,1.8318212872720476,0.8691556223377109,0.9771955456307693,3.0,2.0,False,main,False
11549,8,8,13.168178712727952,1.8318212872720476,0.8778785808485302,0.9788584575481338,1.0,1.0,False,main,False
11549,9,9,14.168178712727952,1.8318212872720476,0.885511169545497,0.9802952228365345,-1.0,-1.0,True,main,False
66,2,2,7.41079264717253,1.5892073528274704,0.8234214052413922,0.9737776165340315,14.0,7.0,False,main,True
66,3,3,8.41079264717253,1.5892073528274704,0.8410792647172529,0.9767602619404525,11.0,6.0,False,main,False
66,4,4,9.41079264717253,1.5892073528274704,0.8555266042884118,0.9791332602595775,8.0,5.0,False,main,False
66,5,5,10.41079264717253,1.5892073528274704,0.8675660539310441,0.9810662940449163,6.0,4.0,False,main,False
66,6,6,11.41079264717253,1.5892073528274704,0.8777532805517331,0.9826713939188614,4.0,3.0,False,main,False
66,7,7,12.41079264717253,1.5892073528274704,0.8864851890837521,0.9840255159609176,2.0,2.0,False,main,False
66,8,8,13.41079264717253,1.5892073528274704,0.8940528431448354,0.9851832762617245,1.0,1.0,False,main,False
66,9,9,14.41079264717253,1.5892073528274704,0.9006745404482831,0.9861845112299704,-1.0,-1.0,True,main,False
3295,2,2,7.332732006961677,1.6672679930383234,0.8147480007735196,0.9702961837336441,15.0,7.0,False,main,True
3295,3,3,8.332732006961677,1.6672679930383234,0.8332732006961677,0.9736858806967426,11.0,6.0,False,main,True
3295,4,4,9.332732006961677,1.6672679930383234,0.8484301824510616,0.9763806064507685,9.0,5.0,False,main,False
3295,5,5,10.332732006961677,1.6672679930383234,0.8610610005801398,0.9785743498906008,6.0,4.0,False,main,False
3295,6,6,11.332732006961677,1.6672679930383234,0.8717486159201291,0.980395009714272,4.0,3.0,False,main,False
3295,7,7,12.332732006961677,1.6672679930383234,0.8809094290686913,0.9819303434147633,3.0,2.0,False,main,False
3295,8,8,13.332732006961677,1.6672679930383234,0.8888488004641119,0.9832425756415176,1.0,1.0,False,main,False
3295,9,9,14.332732006961677,1.6672679930383234,0.8957957504351048,0.9843770576204002,-1.0,-1.0,True,main,False
9528,0,5,5.802199367741659,6.197800632258341,0.4835166139784716,0.7137590780595278,239.0,45.0,False,main,True
6851,2,2,7.32462925254328,1.6753707474567194,0.8138476947270311,0.9699248174811215,15.0,7.0,False,main,True
6851,3,3,8.32462925254328,1.6753707474567194,0.8324629252543281,0.9733580505027556,11.0,6.0,False,main,True
6851,4,4,9.32462925254328,1.6753707474567194,0.8476935684130255,0.9760871637544246,9.0,5.0,False,main,False
6851,5,5,10.32462925254328,1.6753707474567194,0.8603857710452734,0.9783087583936539,7.0,4.0,False,main,False
6851,6,6,11.32462925254328,1.6753707474567194,0.8711253271187138,0.9801524364955225,4.0,3.0,False,main,False
6851,7,7,12.32462925254328,1.6753707474567194,0.8803306608959486,0.9817071139595221,3.0,2.0,False,main,False
6851,8,8,13.32462925254328,1.6753707474567194,0.8883086168362186,0.983035830800048,1.0,1.0,False,main,False
6851,9,9,14.32462925254328,1.6753707474567194,0.895289328283955,0.9841845288602118,-1.0,-1.0,True,main,False
9648,0,4,5.477255019730096,5.522744980269904,0.4979322745209178,0.7362313143150931,199.0,38.0,False,main,True
4611,2,2,7.715866610282433,1.2841333897175669,0.8573185122536037,0.9855767398891049,12.0,7.0,False,main,True
4611,3,3,8.715866610282433,1.2841333897175669,0.8715866610282432,0.9871957985503695,9.0,6.0,False,main,False
4611,4,4,9.715866610282433,1.2841333897175669,0.8832606009347667,0.9884879607631638,7.0,5.0,False,main,False
4611,5,5,10.715866610282433,1.2841333897175669,0.8929888841902027,0.9895431724246342,6.0,4.0,False,main,False
4611,6,6,11.715866610282433,1.2841333897175669,0.9012205084832641,0.9904211475037811,4.0,3.0,False,main,False
4611,7,7,12.715866610282433,1.2841333897175669,0.9082761864487452,0.9911630870755795,2.0,2.0,False,main,False
4611,8,8,13.715866610282433,1.2841333897175669,0.9143911073521622,0.9917983385638675,1.0,1.0,False,main,False
4611,9,9,14.715866610282433,1.2841333897175669,0.919741663142652,0.9923483731034884,-1.0,-1.0,True,main,False
9390,2,2,7.54147513754037,1.45852486245963,0.83794168194893,0.979198863835522,13.0,7.0,False,main,True
9390,3,3,8.54147513754037,1.45852486245963,0.8541475137540371,0.9815517498685246,10.0,6.0,False,main,False
9390,4,4,9.54147513754037,1.45852486245963,0.8674068306854882,0.9834261994234251,8.0,5.0,False,main,False
9390,5,5,10.54147513754037,1.45852486245963,0.8784562614616975,0.9849547285086078,6.0,4.0,False,main,False
9390,6,6,11.54147513754037,1.45852486245963,0.8878057798107977,0.9862250352906383,4.0,3.0,False,main,False
9390,7,7,12.54147513754037,1.45852486245963,0.895819652681455,0.9872974753106583,2.0,2.0,False,main,False
9390,8,8,13.54147513754037,1.45852486245963,0.902765009169358,0.9882149496208917,1.0,1.0,False,main,False
9390,9,9,14.54147513754037,1.45852486245963,0.9088421960962731,0.9890087903485034,-1.0,-1.0,True,main,False
5965,2,2,7.5908318522609255,1.4091681477390745,0.843425761362325,0.9811069058786669,13.0,7.0,False,main,True
5965,3,3,8.590831852260926,1.4091681477390745,0.8590831852260926,0.9832394112508092,10.0,6.0,False,main,False
5965,4,4,9.590831852260926,1.4091681477390745,0.8718938047509933,0.9849391520412671,8.0,5.0,False,main,False
5965,5,5,10.590831852260926,1.4091681477390745,0.8825693210217439,0.986325771804494,6.0,4.0,False,main,False
5965,6,6,11.590831852260926,1.4091681477390745,0.8916024501739174,0.9874785204289079,4.0,3.0,False,main,False
5965,7,7,12.590831852260926,1.4091681477390745,0.8993451323043519,0.9884519783199709,2.0,2.0,False,main,False
5965,8,8,13.590831852260926,1.4091681477390745,0.9060554568173951,0.9892849644145876,1.0,1.0,False,main,False
5965,9,9,14.590831852260926,1.4091681477390745,0.9119269907663079,0.9900058435244172,-1.0,-1.0,True,main,False
8386,0,5,5.82312837603825,6.17687162396175,0.4852606980031875,0.7153579274459498,234.0,45.0,False,main,True
512,2,2,7.173480279423162,1.8265197205768382,0.7970533643803512,0.9626676572274798,16.0,8.0,False,main,True
512,3,3,8.173480279423162,1.8265197205768382,0.8173480279423162,0.966955928695989,12.0,6.0,False,main,True
512,4,4,9.173480279423162,1.8265197205768382,0.8339527526748328,0.9703595568550867,9.0,5.0,False,main,False
512,5,5,10.173480279423162,1.8265197205768382,0.8477900232852634,0.9731269188971777,7.0,4.0,False,main,False
512,6,6,11.173480279423162,1.8265197205768382,0.8594984830325509,0.9754213024395448,5.0,3.0,False,main,False
512,7,7,12.173480279423162,1.8265197205768382,0.869534305673083,0.9773544908515219,3.0,2.0,False,main,False
512,8,8,13.173480279423162,1.8265197205768382,0.8782320186282108,0.9790055965013159,1.0,1.0,False,main,False
512,9,9,14.173480279423162,1.8265197205768382,0.8858425174639476,0.9804321894220402,-1.0,-1.0,True,main,False
12090,2,2,7.421749784652128,1.578250215347872,0.8246388649613476,0.9742520768315592,14.0,7.0,False,main,True
12090,3,3,8.421749784652128,1.578250215347872,0.8421749784652128,0.977179402982551,11.0,6.0,False,main,False
12090,4,4,9.421749784652128,1.578250215347872,0.856522707695648,0.9795086474715714,8.0,5.0,False,main,False
12090,5,5,10.421749784652128,1.578250215347872,0.8684791487210107,0.9814062063009633,6.0,4.0,False,main,False
12090,6,6,11.421749784652128,1.578250215347872,0.878596137280933,0.9829819618641876,4.0,3.0,False,main,False
12090,7,7,12.421749784652128,1.578250215347872,0.8872678417608663,0.984311406503928,2.0,2.0,False,main,False
12090,8,8,13.421749784652128,1.578250215347872,0.8947833189768085,0.9854481244241002,1.0,1.0,False,main,False
12090,9,9,14.421749784652128,1.578250215347872,0.901359361540758,0.9864312036068689,-1.0,-1.0,True,main,False
5145,2,2,7.912164077403297,1.087835922596703,0.8791293419336996,0.9914605240281543,11.0,7.0,False,main,False
5145,3,3,8.912164077403297,1.087835922596703,0.8912164077403297,0.9924105776624218,9.0,6.0,False,main,False
5145,4,4,9.912164077403297,1.087835922596703,0.9011058252184815,0.9931703858218146,7.0,5.0,False,main,False
5145,5,5,10.912164077403297,1.087835922596703,0.9093470064502748,0.9937918951394612,5.0,4.0,False,main,False
5145,6,6,11.912164077403297,1.087835922596703,0.9163203136464074,0.9943097169850875,4.0,3.0,False,main,False
5145,7,7,12.912164077403297,1.087835922596703,0.9222974341002355,0.9947478021787131,2.0,2.0,False,main,False
5145,8,8,13.912164077403297,1.087835922596703,0.9274776051602198,0.9951232520934477,1.0,1.0,False,main,False
5145,9,9,14.912164077403297,1.087835922596703,0.932010254837706,0.9954486038598989,-1.0,-1.0,True,main,False
5705,2,2,7.70283689286824,1.2971631071317598,0.8558707658742489,0.985136092963236,12.0,7.0,False,main,True
5705,3,3,8.702836892868241,1.2971631071317598,0.8702836892868241,0.9868055829661632,10.0,6.0,False,main,False
5705,4,4,9.702836892868241,1.2971631071317598,0.8820760811698402,0.9881378133261097,7.0,5.0,False,main,False
5705,5,5,10.702836892868241,1.2971631071317598,0.8919030744056867,0.9892256277773667,6.0,4.0,False,main,False
5705,6,6,11.702836892868241,1.2971631071317598,0.9002182225283263,0.9901306495053972,4.0,3.0,False,main,False
5705,7,7,12.702836892868241,1.2971631071317598,0.9073454923477315,0.9908953887479525,2.0,2.0,False,main,False
5705,8,8,13.702836892868241,1.2971631071317598,0.9135224595245494,0.9915501206564579,1.0,1.0,False,main,False
5705,9,9,14.702836892868241,1.2971631071317598,0.9189273058042651,0.9921169921708988,-1.0,-1.0,True,main,False
11247,0,6,5.5029924615718935,7.4970075384281065,0.4233071124286072,0.6479056478094796,575.0,66.0,False,main,True
5086,2,2,7.388228717023218,1.6117712829767812,0.8209143018914687,0.9727894224977134,14.0,7.0,False,main,True
5086,3,3,8.388228717023217,1.6117712829767812,0.838822871702322,0.975887406318387,11.0,6.0,False,main,False
5086,4,4,9.388228717023217,1.6117712829767812,0.8534753379112018,0.9783516059667423,9.0,5.0,False,main,False
5086,5,5,10.388228717023217,1.6117712829767812,0.8656857264186015,0.9803585693545347,6.0,4.0,False,main,False
5086,6,6,11.388228717023217,1.6117712829767812,0.8760175936171707,0.9820248125293688,4.0,3.0,False,main,False
5086,7,7,12.388228717023217,1.6117712829767812,0.8848734797873727,0.9834303466815462,3.0,2.0,False,main,False
5086,8,8,13.388228717023217,1.6117712829767812,0.8925485811348812,0.9846319410119071,1.0,1.0,False,main,False
5086,9,9,14.388228717023217,1.6117712829767812,0.8992642948139512,0.9856709931903461,-1.0,-1.0,True,main,False
11056,0,5,5.816436559381807,6.183563440618193,0.48470304661515057,0.714847039693127,236.0,45.0,False,main,True
1490,2,2,7.715578166382873,1.2844218336171274,0.8572864629314303,0.9855670500462015,12.0,7.0,False,main,True
1490,3,3,8.715578166382873,1.2844218336171274,0.8715578166382872,0.9871872172385086,9.0,6.0,False,main,False
1490,4,4,9.715578166382873,1.2844218336171274,0.8832343787620793,0.9884802602755736,7.0,5.0,False,main,False
1490,5,5,10.715578166382873,1.2844218336171274,0.8929648471985727,0.9895361887051854,6.0,4.0,False,main,False
1490,6,6,11.715578166382873,1.2844218336171274,0.9011983204909902,0.9904147584392285,4.0,3.0,False,main,False
1490,7,7,12.715578166382873,1.2844218336171274,0.9082555833130623,0.991157199317161,2.0,2.0,False,main,False
1490,8,8,13.715578166382873,1.2844218336171274,0.9143718777588582,0.9917928791488483,1.0,1.0,False,main,False
1490,9,9,14.715578166382873,1.2844218336171274,0.9197236353989295,0.992343283920788,-1.0,-1.0,True,main,False
1818,2,2,7.264056874985334,1.7359431250146664,0.807117430553926,0.9670907435976286,15.0,8.0,False,main,True
1818,3,3,8.264056874985334,1.7359431250146664,0.8264056874985334,0.9708569335872215,12.0,6.0,False,main,False
1818,4,4,9.264056874985334,1.7359431250146664,0.8421869886350304,0.9738488961607497,9.0,5.0,False,main,False
1818,5,5,10.264056874985334,1.7359431250146664,0.8553380729154445,0.9762832888722109,7.0,4.0,False,main,False
1818,6,6,11.264056874985334,1.7359431250146664,0.8664659134604104,0.9783027794380761,5.0,3.0,False,main,False
1818,7,7,12.264056874985334,1.7359431250146664,0.8760040624989525,0.980005162486971,3.0,2.0,False,main,False
1818,8,8,13.264056874985334,1.7359431250146664,0.8842704583323556,0.9814597236238533,1.0,1.0,False,main,False
1818,9,9,14.264056874985334,1.7359431250146664,0.8915035546865834,0.9827169264271842,-1.0,-1.0,True,main,False
11145,0,6,5.216856343446798,7.783143656553202,0.40129664180359986,0.6260370189454496,883.0,75.0,False,main,True
9848,0,5,5.444658019084381,6.555341980915619,0.45372150159036506,0.6859796664450928,351.0,51.0,False,main,True
6567,2,2,7.505227429027015,1.494772570972985,0.8339141587807795,0.9777479770606863,13.0,7.0,False,main,True
6567,3,3,8.505227429027016,1.494772570972985,0.8505227429027015,0.9802688951221616,10.0,6.0,False,main,False
6567,4,4,9.505227429027016,1.494772570972985,0.8641115844570013,0.9822764660817604,8.0,5.0,False,main,False
6567,5,5,10.505227429027016,1.494772570972985,0.8754356190855845,0.9839130684802825,6.0,4.0,False,main,False
6567,6,6,11.505227429027016,1.494772570972985,0.8850174945405396,0.9852728658582094,4.0,3.0,False,main,False
6567,7,7,12.505227429027016,1.494772570972985,0.8932305306447867,0.986420629319205,2.0,2.0,False,main,False
6567,8,8,13.505227429027016,1.494772570972985,0.9003484952684676,0.9874023786632868,1.0,1.0,False,main,False
6567,9,9,14.505227429027016,1.494772570972985,0.9065767143141885,0.9882517116237448,-1.0,-1.0,True,main,False
6331,2,2,7.435897048670379,1.5641029513296214,0.8262107831855976,0.9748593940058391,14.0,7.0,False,main,True
6331,3,3,8.435897048670379,1.5641029513296214,0.8435897048670379,0.9777159661226037,11.0,6.0,False,main,False
6331,4,4,9.435897048670379,1.5641029513296214,0.857808822606398,0.9799892380670506,8.0,5.0,False,main,False
6331,5,5,10.435897048670379,1.5641029513296214,0.8696580873891983,0.9818414082678173,6.0,4.0,False,main,False
6331,6,6,11.435897048670379,1.5641029513296214,0.8796843883592599,0.9833796144648375,4.0,3.0,False,main,False
6331,7,7,12.435897048670379,1.5641029513296214,0.8882783606193128,0.9846774783671434,2.0,2.0,False,main,False
6331,8,8,13.435897048670379,1.5641029513296214,0.8957264699113586,0.985787265148628,1.0,1.0,False,main,False
6331,9,9,14.435897048670379,1.5641029513296214,0.9022435655418987,0.9867471059226152,-1.0,-1.0,True,main,False
2111,2,2,7.3075831864373555,1.6924168135626445,0.8119536873819284,0.9691375440122094,15.0,7.0,False,main,True
2111,3,3,8.307583186437355,1.6924168135626445,0.8307583186437355,0.9726631429468238,12.0,6.0,False,main,False
2111,4,4,9.307583186437355,1.6924168135626445,0.8461439260397596,0.9754651983282375,9.0,5.0,False,main,False
2111,5,5,10.307583186437355,1.6924168135626445,0.8589652655364463,0.9777458613748777,7.0,4.0,False,main,False
2111,6,6,11.307583186437355,1.6924168135626445,0.869814091264412,0.9796383519273835,4.0,3.0,False,main,False
2111,7,7,12.307583186437355,1.6924168135626445,0.8791130847455254,0.9812340455194027,3.0,2.0,False,main,False
2111,8,8,13.307583186437355,1.6924168135626445,0.887172212429157,0.9825977130330501,1.0,1.0,False,main,False
2111,9,9,14.307583186437355,1.6924168135626445,0.8942239491523347,0.9837765498478191,-1.0,-1.0,True,main,False
3382,2,2,7.1857496059036645,1.814250394096336,0.7984166228781849,0.9632794737956203,16.0,8.0,False,main,True
3382,3,3,8.185749605903665,1.814250394096336,0.8185749605903665,0.9674953561337127,12.0,6.0,False,main,False
3382,4,4,9.185749605903665,1.814250394096336,0.8350681459912422,0.9708419394047585,9.0,5.0,False,main,False
3382,5,5,10.185749605903665,1.814250394096336,0.8488124671586387,0.9735631834021855,7.0,4.0,False,main,False
3382,6,6,11.185749605903665,1.814250394096336,0.8604422773772049,0.9758195072565387,5.0,3.0,False,main,False
3382,7,7,12.185749605903665,1.814250394096336,0.870410686135976,0.9777207500001555,3.0,2.0,False,main,False
3382,8,8,13.185749605903665,1.814250394096336,0.879049973726911,0.9793446591015899,1.0,1.0,False,main,False
3382,9,9,14.185749605903665,1.814250394096336,0.886609350368979,0.980747818103598,-1.0,-1.0,True,main,False
9709,0,9,5.4129716298954165,10.587028370104584,0.33831072686846353,0.5387708955417383,-1.0,151.0,False,main,True
3684,2,2,7.584369343863997,1.4156306561360024,0.8427077048737774,0.9808615799118474,13.0,7.0,False,main,True
3684,3,3,8.584369343863997,1.4156306561360024,0.8584369343863998,0.9830223818517785,10.0,6.0,False,main,False
3684,4,4,9.584369343863997,1.4156306561360024,0.8713063039876361,0.9847445624646188,8.0,5.0,False,main,False
3684,5,5,10.584369343863997,1.4156306561360024,0.8820307786553331,0.9861494140442064,6.0,4.0,False,main,False
3684,6,6,11.584369343863997,1.4156306561360024,0.8911053341433844,0.9873172691902309,4.0,3.0,False,main,False
3684,7,7,12.584369343863997,1.4156306561360024,0.898883524561714,0.9883034487823807,2.0,2.0,False,main,False
3684,8,8,13.584369343863997,1.4156306561360024,0.9056246229242665,0.9891472953575066,1.0,1.0,False,main,False
3684,9,9,14.584369343863997,1.4156306561360024,0.9115230839914998,0.9898775544572223,-1.0,-1.0,True,main,False
2324,2,2,7.219515318659981,1.7804846813400186,0.802168368739998,0.9649428764209111,16.0,8.0,False,main,True
2324,3,3,8.219515318659981,1.7804846813400186,0.8219515318659981,0.9689622263714488,12.0,6.0,False,main,False
2324,4,4,9.219515318659981,1.7804846813400186,0.8381377562418165,0.9721538803634747,9.0,5.0,False,main,False
2324,5,5,10.219515318659981,1.7804846813400186,0.8516262765549985,0.9747498363509507,7.0,4.0,False,main,False
2324,6,6,11.219515318659981,1.7804846813400186,0.8630396398969217,0.9769027408873086,5.0,3.0,False,main,False
2324,7,7,12.219515318659981,1.7804846813400186,0.8728225227614272,0.9787171618518691,3.0,2.0,False,main,False
2324,8,8,13.219515318659981,1.7804846813400186,0.8813010212439988,0.9802671448994249,1.0,1.0,False,main,False
2324,9,9,14.219515318659981,1.7804846813400186,0.8887197074162488,0.9816065971464549,-1.0,-1.0,True,main,False
5691,2,2,7.460863213238281,1.5391367867617192,0.8289848014709201,0.9759164873499105,14.0,7.0,False,main,True
5691,3,3,8.46086321323828,1.5391367867617192,0.846086321323828,0.9786500558732996,11.0,6.0,False,main,False
5691,4,4,9.46086321323828,1.5391367867617192,0.8600784739307528,0.9808259920505632,8.0,5.0,False,main,False
5691,5,5,10.46086321323828,1.5391367867617192,0.87173860110319,0.9825992130867117,6.0,4.0,False,main,False
5691,6,6,11.46086321323828,1.5391367867617192,0.8816048625567908,0.9840720932332632,4.0,3.0,False,main,False
5691,7,7,12.46086321323828,1.5391367867617192,0.8900616580884486,0.9853150062369271,2.0,2.0,False,main,False
5691,8,8,13.46086321323828,1.5391367867617192,0.897390880882552,0.9863779262580382,1.0,1.0,False,main,False
5691,9,9,14.46086321323828,1.5391367867617192,0.9038039508273925,0.9872973219514857,-1.0,-1.0,True,main,False
2218,0,9,5.148864611823842,10.851135388176157,0.3218040382389901,0.5209326401530558,-1.0,176.0,False,main,True
11853,2,2,7.358405299623949,1.641594700376051,0.8176005888471054,0.9714605584618272,14.0,7.0,False,main,True
11853,3,3,8.35840529962395,1.641594700376051,0.835840529962395,0.974713896244306,11.0,6.0,False,main,False
11853,4,4,9.35840529962395,1.641594700376051,0.8507641181476319,0.977300888879272,9.0,5.0,False,main,False
11853,5,5,10.35840529962395,1.641594700376051,0.8632004416353292,0.9794073589793466,6.0,4.0,False,main,False
11853,6,6,11.35840529962395,1.641594700376051,0.8737234845864577,0.9811558777802067,4.0,3.0,False,main,False
11853,7,7,12.35840529962395,1.641594700376051,0.882743235687425,0.9826305784165402,3.0,2.0,False,main,False
11853,8,8,13.35840529962395,1.641594700376051,0.8905603533082633,0.9838911337014088,1.0,1.0,False,main,False
11853,9,9,14.35840529962395,1.641594700376051,0.8974003312264969,0.9849810459525704,-1.0,-1.0,True,main,False
1744,2,2,7.237400806151019,1.7625991938489811,0.804155645127891,0.965811743114701,15.0,8.0,False,main,True
1744,3,3,8.237400806151019,1.7625991938489811,0.8237400806151018,0.9697285995531867,12.0,6.0,False,main,False
1744,4,4,9.237400806151019,1.7625991938489811,0.8397637096500926,0.9728394238150077,9.0,5.0,False,main,False
1744,5,5,10.237400806151019,1.7625991938489811,0.8531167338459182,0.9753699938826825,7.0,4.0,False,main,False
1744,6,6,11.237400806151019,1.7625991938489811,0.8644154466270014,0.9774689117528284,5.0,3.0,False,main,False
1744,7,7,12.237400806151019,1.7625991938489811,0.8741000575822157,0.9792380008192352,3.0,2.0,False,main,False
1744,8,8,13.237400806151019,1.7625991938489811,0.8824933870767346,0.9807493784479706,1.0,1.0,False,main,False
1744,9,9,14.237400806151019,1.7625991938489811,0.8898375503844387,0.9820555570581226,-1.0,-1.0,True,main,False
8185,0,5,5.562534910224699,6.437465089775301,0.4635445758520582,0.6952356548427006,307.0,49.0,False,main,True
7161,2,2,7.168897409970525,1.831102590029475,0.7965441566633917,0.9624381281634924,16.0,8.0,False,main,True
7161,3,3,8.168897409970526,1.831102590029475,0.8168897409970525,0.9667535712330394,12.0,6.0,False,main,True
7161,4,4,9.168897409970526,1.831102590029475,0.8335361281791386,0.9701786086365565,10.0,5.0,False,main,False
7161,5,5,10.168897409970526,1.831102590029475,0.8474081174975437,0.9729632772402602,7.0,4.0,False,main,False
7161,6,6,11.168897409970526,1.831102590029475,0.8591459546131173,0.9752719421327537,5.0,3.0,False,main,False
7161,7,7,12.168897409970526,1.831102590029475,0.8692069578550374,0.977217116885179,3.0,2.0,False,main,False
7161,8,8,13.168897409970526,1.831102590029475,0.877926493998035,0.9788784263801688,1.0,1.0,False,main,False
7161,9,9,14.168897409970526,1.831102590029475,0.8855560881231579,0.980313811027562,-1.0,-1.0,True,main,False
8964,2,2,7.250085404463693,1.749914595536307,0.8055650449404104,0.9664227620506577,15.0,8.0,False,main,True
8964,3,3,8.250085404463693,1.749914595536307,0.8250085404463693,0.9702676093822732,12.0,6.0,False,main,False
8964,4,4,9.250085404463693,1.749914595536307,0.8409168549512448,0.9733216313713546,9.0,5.0,False,main,False
8964,5,5,10.250085404463693,1.749914595536307,0.8541737837053077,0.975806243576882,7.0,4.0,False,main,False
8964,6,6,11.250085404463693,1.749914595536307,0.8653911849587457,0.9778672101006749,5.0,3.0,False,main,False
8964,7,7,12.250085404463693,1.749914595536307,0.8750061003188352,0.9796044279944396,3.0,2.0,False,main,False
8964,8,8,13.250085404463693,1.749914595536307,0.8833390269642462,0.9810886607950863,1.0,1.0,False,main,False
8964,9,9,14.250085404463693,1.749914595536307,0.8906303377789808,0.9823714414981495,-1.0,-1.0,True,main,False
5410,2,2,7.797962199888427,1.2020378001115737,0.8664402444320474,0.9882128443057187,11.0,7.0,False,main,False
5410,3,3,8.797962199888428,1.2020378001115737,0.8797962199888426,0.9895311187856053,9.0,6.0,False,main,False
5410,4,4,9.797962199888428,1.2020378001115737,0.8907238363534933,0.9905841326534901,7.0,5.0,False,main,False
5410,5,5,10.797962199888428,1.2020378001115737,0.8998301833240355,0.9914446414190129,5.0,4.0,False,main,False
5410,6,6,11.797962199888428,1.2020378001115737,0.9075355538375712,0.9921610190973806,4.0,3.0,False,main,False
5410,7,7,12.797962199888428,1.2020378001115737,0.9141401571348876,0.9927666830193563,2.0,2.0,False,main,False
5410,8,8,13.797962199888428,1.2020378001115737,0.9198641466592284,0.9932854601306285,1.0,1.0,False,main,False
5410,9,9,14.797962199888428,1.2020378001115737,0.9248726374930267,0.9937347973574224,-1.0,-1.0,True,main,False
104,2,2,7.374011367221994,1.6259886327780069,0.8193345963579993,0.972159136097773,14.0,7.0,False,main,True
104,3,3,8.374011367221993,1.6259886327780069,0.8374011367221993,0.9753307690287907,11.0,6.0,False,main,False
104,4,4,9.374011367221993,1.6259886327780069,0.8521828515656357,0.9778531885709166,9.0,5.0,False,main,False
104,5,5,10.374011367221993,1.6259886327780069,0.8645009472684994,0.9799073356190428,6.0,4.0,False,main,False
104,6,6,11.374011367221993,1.6259886327780069,0.8749239513247686,0.9816125948934964,4.0,3.0,False,main,False
104,7,7,12.374011367221993,1.6259886327780069,0.8838579548015709,0.9830509307096493,3.0,2.0,False,main,False
104,8,8,13.374011367221993,1.6259886327780069,0.8916007578147995,0.9842804882963547,1.0,1.0,False,main,False
104,9,9,14.374011367221993,1.6259886327780069,0.8983757104513745,0.9853436628364431,-1.0,-1.0,True,main,False
5392,0,2,5.433173859298692,3.566826140701308,0.6036859843665213,0.8443872010094335,73.0,21.0,False,main,True
3260,2,2,7.500130898185006,1.499869101814994,0.8333478775761117,0.977540669548974,13.0,7.0,False,main,True
3260,3,3,8.500130898185006,1.499869101814994,0.8500130898185005,0.9800856277613953,11.0,6.0,False,main,False
3260,4,4,9.500130898185006,1.499869101814994,0.8636482634713641,0.9821122382161637,8.0,5.0,False,main,False
3260,5,5,10.500130898185006,1.499869101814994,0.8750109081820838,0.9837642937753076,6.0,4.0,False,main,False
3260,6,6,11.500130898185006,1.499869101814994,0.8846254537065389,0.985136884619293,4.0,3.0,False,main,False
3260,7,7,12.500130898185006,1.499869101814994,0.8928664927275004,0.9862954144234081,2.0,2.0,False,main,False
3260,8,8,13.500130898185006,1.499869101814994,0.9000087265456671,0.9872863496151261,1.0,1.0,False,main,False
3260,9,9,14.500130898185006,1.499869101814994,0.9062581811365629,0.9881436122803876,-1.0,-1.0,True,main,False
8768,2,2,7.254813809239581,1.745186190760419,0.8060904232488423,0.9666494206526175,15.0,8.0,False,main,True
8768,3,3,8.25481380923958,1.745186190760419,0.8254813809239581,0.9704675704623749,12.0,6.0,False,main,False
8768,4,4,9.25481380923958,1.745186190760419,0.841346709930871,0.9735005300356501,9.0,5.0,False,main,False
8768,5,5,10.25481380923958,1.745186190760419,0.8545678174366317,0.9759680991479648,7.0,4.0,False,main,False
8768,6,6,11.25481380923958,1.745186190760419,0.8657549084030447,0.9780149905267816,5.0,3.0,False,main,False
8768,7,7,12.25481380923958,1.745186190760419,0.8753438435171129,0.9797403874210401,3.0,2.0,False,main,False
8768,8,8,13.25481380923958,1.745186190760419,0.8836542539493054,0.9812145516300862,1.0,1.0,False,main,False
8768,9,9,14.25481380923958,1.745186190760419,0.8909258630774738,0.9824886531219432,-1.0,-1.0,True,main,False
1664,2,2,7.180974449396062,1.8190255506039383,0.7978860499328957,0.9630418232223223,16.0,8.0,False,main,True
1664,3,3,8.18097444939606,1.8190255506039383,0.8180974449396061,0.9672858174802095,12.0,6.0,False,main,True
1664,4,4,9.18097444939606,1.8190255506039383,0.8346340408541874,0.9706545551207075,9.0,5.0,False,main,False
1664,5,5,10.18097444939606,1.8190255506039383,0.8484145374496718,0.9733937106804447,7.0,4.0,False,main,False
1664,6,6,11.18097444939606,1.8190255506039383,0.8600749576458508,0.9756648168953487,5.0,3.0,False,main,False
1664,7,7,12.18097444939606,1.8190255506039383,0.8700696035282901,0.9775784676924011,3.0,2.0,False,main,False
1664,8,8,13.18097444939606,1.8190255506039383,0.8787316299597374,0.979212940502414,1.0,1.0,False,main,False
1664,9,9,14.18097444939606,1.8190255506039383,0.8863109030872538,0.9806252019233488,-1.0,-1.0,True,main,False
10031,0,5,5.661592544816938,6.338407455183062,0.4717993787347448,0.7029396360161109,276.0,47.0,False,main,True
10525,0,6,5.496701432626302,7.503298567373698,0.42282318712510014,0.647430011100553,580.0,66.0,False,main,True
9606,0,5,5.828167632280723,6.171832367719277,0.4856806360233936,0.7157424476823508,233.0,44.0,False,main,True
8798,2,2,7.4482259089690315,1.551774091030968,0.8275806565521147,0.9753837618827619,14.0,7.0,False,main,True
8798,3,3,8.448225908969032,1.551774091030968,0.8448225908969033,0.9781792943935277,11.0,6.0,False,main,False
8798,4,4,9.448225908969032,1.551774091030968,0.8589296280880938,0.9804042688804187,8.0,5.0,False,main,False
8798,5,5,10.448225908969032,1.551774091030968,0.870685492414086,0.9822172679457065,6.0,4.0,False,main,False
8798,6,6,11.448225908969032,1.551774091030968,0.8806327622283872,0.9837230642056534,4.0,3.0,False,main,False
8798,7,7,12.448225908969032,1.551774091030968,0.889158993497788,0.9849936669413307,2.0,2.0,False,main,False
8798,8,8,13.448225908969032,1.551774091030968,0.8965483939312688,0.9860802040961619,1.0,1.0,False,main,False
8798,9,9,14.448225908969032,1.551774091030968,0.9030141193105645,0.9870199816366035,-1.0,-1.0,True,main,False
3975,2,2,7.4351942593461775,1.5648057406538225,0.8261326954829086,0.9748293656386327,14.0,7.0,False,main,True
3975,3,3,8.435194259346178,1.5648057406538225,0.8435194259346177,0.9776894346643824,11.0,6.0,False,main,False
3975,4,4,9.435194259346178,1.5648057406538225,0.8577449326678344,0.9799654732529394,8.0,5.0,False,main,False
3975,5,5,10.435194259346178,1.5648057406538225,0.8695995216121815,0.98181988713336,6.0,4.0,False,main,False
3975,6,6,11.435194259346178,1.5648057406538225,0.8796303276420137,0.9833599496173692,4.0,3.0,False,main,False
3975,7,7,12.435194259346178,1.5648057406538225,0.8882281613818698,0.9846593748272569,2.0,2.0,False,main,False
3975,8,8,13.435194259346178,1.5648057406538225,0.8956796172897452,0.9857704931075932,1.0,1.0,False,main,False
3975,9,9,14.435194259346178,1.5648057406538225,0.9021996412091361,0.9867314828534173,-1.0,-1.0,True,main,False
969,2,2,7.536021350547326,1.4639786494526739,0.8373357056163696,0.97898322115118,13.0,7.0,False,main,True
969,3,3,8.536021350547326,1.4639786494526739,0.8536021350547326,0.9813610570846564,10.0,6.0,False,main,False
969,4,4,9.536021350547326,1.4639786494526739,0.8669110318679387,0.9832552776171637,8.0,5.0,False,main,False
969,5,5,10.536021350547326,1.4639786494526739,0.8780017792122772,0.9847998606004549,6.0,4.0,False,main,False
969,6,6,11.536021350547326,1.4639786494526739,0.8873862577344097,0.9860834629135597,4.0,3.0,False,main,False
969,7,7,12.536021350547326,1.4639786494526739,0.8954300964676661,0.9871670950754519,2.0,2.0,False,main,False
969,8,8,13.536021350547326,1.4639786494526739,0.9024014233698218,0.988094120881675,1.0,1.0,False,main,False
969,9,9,14.536021350547326,1.4639786494526739,0.9085013344092079,0.9888962086950719,-1.0,-1.0,True,main,False
3085,2,2,7.7991605394354675,1.2008394605645325,0.8665733932706075,0.9882494962450009,11.0,7.0,False,main,False
3085,3,3,8.799160539435467,1.2008394605645325,0.8799160539435468,0.9895636001419951,9.0,6.0,False,main,False
3085,4,4,9.799160539435467,1.2008394605645325,0.8908327763123153,0.9906132958885445,7.0,5.0,False,main,False
3085,5,5,10.799160539435467,1.2008394605645325,0.8999300449529556,0.9914711017995472,5.0,4.0,False,main,False
3085,6,6,11.799160539435467,1.2008394605645325,0.9076277338027283,0.9921852352430354,4.0,3.0,False,main,False
3085,7,7,12.799160539435467,1.2008394605645325,0.9142257528168191,0.99278900592891,2.0,2.0,False,main,False
3085,8,8,13.799160539435467,1.2008394605645325,0.9199440359623645,0.9933061644172902,1.0,1.0,False,main,False
3085,9,9,14.799160539435467,1.2008394605645325,0.9249475337147167,0.9937541019172416,-1.0,-1.0,True,main,False
12007,2,2,7.585667995345898,1.4143320046541015,0.8428519994828776,0.9809109884644464,13.0,7.0,False,main,True
12007,3,3,8.585667995345897,1.4143320046541015,0.8585667995345899,0.9830660905535232,10.0,6.0,False,main,False
12007,4,4,9.585667995345897,1.4143320046541015,0.8714243632132636,0.9847837512341403,8.0,5.0,False,main,False
12007,5,5,10.585667995345897,1.4143320046541015,0.8821389996121582,0.9861849305927327,6.0,4.0,False,main,False
12007,6,6,11.585667995345897,1.4143320046541015,0.891205230411223,0.9873497430867583,4.0,3.0,False,main,False
12007,7,7,12.585667995345897,1.4143320046541015,0.8989762853818499,0.98833336041514,2.0,2.0,False,main,False
12007,8,8,13.585667995345897,1.4143320046541015,0.9057111996897266,0.9891750196316905,1.0,1.0,False,main,False
12007,9,9,14.585667995345897,1.4143320046541015,0.9116042497091187,0.9899033895801167,-1.0,-1.0,True,main,False
3362,2,2,7.750214601106953,1.2497853988930472,0.8611349556785504,0.9867093915069145,12.0,7.0,False,main,False
3362,3,3,8.750214601106954,1.2497853988930472,0.8750214601106953,0.9881990171497965,9.0,6.0,False,main,False
3362,4,4,9.750214601106954,1.2497853988930472,0.8863831455551775,0.9893883063393909,7.0,5.0,False,main,False
3362,5,5,10.750214601106954,1.2497853988930472,0.8958512167589127,0.9903597877518175,5.0,4.0,False,main,False
3362,6,6,11.750214601106954,1.2497853988930472,0.9038626616236117,0.9911682854940257,4.0,3.0,False,main,False
3362,7,7,12.750214601106954,1.2497853988930472,0.9107296143647823,0.9918516459237431,2.0,2.0,False,main,False
3362,8,8,13.750214601106954,1.2497853988930472,0.9166809734071302,0.992436838176596,1.0,1.0,False,main,False
3362,9,9,14.750214601106954,1.2497853988930472,0.9218884125691846,0.9929436003109757,-1.0,-1.0,True,main,False
3747,2,2,7.653158928613439,1.346841071386561,0.8503509920681599,0.9834016997071556,12.0,7.0,False,main,True
3747,3,3,8.65315892861344,1.346841071386561,0.865315892861344,0.9852700910581692,10.0,6.0,False,main,False
3747,4,4,9.65315892861344,1.346841071386561,0.8775599026012219,0.9867602736124514,8.0,5.0,False,main,False
3747,5,5,10.65315892861344,1.346841071386561,0.88776324405112,0.987976561619995,6.0,4.0,False,main,False
3747,6,6,11.65315892861344,1.346841071386561,0.8963968406625723,0.9889881291280339,4.0,3.0,False,main,False
3747,7,7,12.65315892861344,1.346841071386561,0.9037970663295314,0.9898426605276973,2.0,2.0,False,main,False
3747,8,8,13.65315892861344,1.346841071386561,0.910210595240896,0.9905740955404971,1.0,1.0,False,main,False
3747,9,9,14.65315892861344,1.346841071386561,0.91582243303834,0.9912072493202516,-1.0,-1.0,True,main,False
10477,0,6,5.688768702276686,7.311231297723314,0.43759759248282204,0.6618479442833405,453.0,61.0,False,main,True
10180,0,5,5.431700268233055,6.568299731766945,0.4526416890194212,0.6849563106532073,357.0,52.0,False,main,True
8028,0,5,5.66232052876338,6.33767947123662,0.471860044063615,0.7029960029971172,276.0,47.0,False,main,True
7634,0,6,5.747563890965708,7.252436109034292,0.4421202993050545,0.6662190310059514,422.0,59.0,False,main,True
3901,2,2,7.681380006094954,1.3186199939050467,0.8534866673438838,0.9843974668379565,12.0,7.0,False,main,True
3901,3,3,8.681380006094955,1.3186199939050467,0.8681380006094953,0.9861515853839367,10.0,6.0,False,main,False
3901,4,4,9.681380006094955,1.3186199939050467,0.8801254550995412,0.9875510360091603,8.0,5.0,False,main,False
3901,5,5,10.681380006094955,1.3186199939050467,0.8901150005079127,0.9886935349366324,6.0,4.0,False,main,False
3901,6,6,11.681380006094955,1.3186199939050467,0.8985676927765348,0.989643914066024,4.0,3.0,False,main,False
3901,7,7,12.681380006094955,1.3186199939050467,0.905812857578211,0.9904468830530546,2.0,2.0,False,main,False
3901,8,8,13.681380006094955,1.3186199939050467,0.9120920004063302,0.9911342751715677,1.0,1.0,False,main,False
3901,9,9,14.681380006094955,1.3186199939050467,0.9175862503809347,0.9917293720881984,-1.0,-1.0,True,main,False
4267,2,2,7.29863319794663,1.7013668020533692,0.8109592442162923,0.9687209435929437,15.0,7.0,False,main,True
4267,3,3,8.29863319794663,1.7013668020533692,0.829863319794663,0.9722954590764418,12.0,6.0,False,main,False
4267,4,4,9.29863319794663,1.7013668020533692,0.8453302907224209,0.975136136481171,9.0,5.0,False,main,False
4267,5,5,10.29863319794663,1.7013668020533692,0.8582194331622192,0.9774480706312425,7.0,4.0,False,main,False
4267,6,6,11.29863319794663,1.7013668020533692,0.8691256306112792,0.9793663994443309,5.0,3.0,False,main,False
4267,7,7,12.29863319794663,1.7013668020533692,0.8784737998533307,0.9809838021374624,3.0,2.0,False,main,False
4267,8,8,13.29863319794663,1.7013668020533692,0.8865755465297753,0.9823659667940405,1.0,1.0,False,main,False
4267,9,9,14.29863319794663,1.7013668020533692,0.8936645748716644,0.9835607529251037,-1.0,-1.0,True,main,False
5452,2,2,7.522339853734037,1.477660146265963,0.8358155393037818,0.978438100476958,13.0,7.0,False,main,True
5452,3,3,8.522339853734037,1.477660146265963,0.8522339853734037,0.9808790451413897,10.0,6.0,False,main,False
5452,4,4,9.522339853734037,1.477660146265963,0.865667259430367,0.9828232673730409,8.0,5.0,False,main,False
5452,5,5,10.522339853734037,1.477660146265963,0.8768616544778364,0.9844084466634979,6.0,4.0,False,main,False
5452,6,6,11.522339853734037,1.477660146265963,0.8863338349026182,0.9857256668876867,4.0,3.0,False,main,False
5452,7,7,12.522339853734037,1.477660146265963,0.8944528466952884,0.9868375963073278,2.0,2.0,False,main,False
5452,8,8,13.522339853734037,1.477660146265963,0.9014893235822691,0.9877887697180184,1.0,1.0,False,main,False
5452,9,9,14.522339853734037,1.477660146265963,0.9076462408583773,0.988611706226878,-1.0,-1.0,True,main,False
11223,0,4,5.251123524339357,5.7488764756606425,0.47737486584903244,0.7176315471631063,253.0,42.0,False,main,True
3,2,2,7.296559698248192,1.703440301751808,0.8107288553609102,0.9686241100609566,15.0,7.0,False,main,True
3,3,3,8.296559698248192,1.703440301751808,0.8296559698248192,0.9722099994660974,12.0,6.0,False,main,False
3,4,4,9.296559698248192,1.703440301751808,0.8451417907498356,0.9750596563741314,9.0,5.0,False,main,False
3,5,5,10.296559698248192,1.703440301751808,0.8580466415206827,0.9773788604735179,7.0,4.0,False,main,False
3,6,6,11.296559698248192,1.703440301751808,0.8689661306344763,0.9793031958768511,5.0,3.0,False,main,False
3,7,7,12.296559698248192,1.703440301751808,0.8783256927320137,0.9809256450352751,3.0,2.0,False,main,False
3,8,8,13.296559698248192,1.703440301751808,0.8864373132165462,0.9823121093503403,1.0,1.0,False,main,False
3,9,9,14.296559698248192,1.703440301751808,0.893534981140512,0.9835106027809056,-1.0,-1.0,True,main,False
6067,2,2,7.763652630575011,1.2363473694249891,0.8626280700638902,0.9871409584677729,12.0,7.0,False,main,True
6067,3,3,8.763652630575011,1.2363473694249891,0.8763652630575012,0.9885813435309809,9.0,6.0,False,main,False
6067,4,4,9.763652630575011,1.2363473694249891,0.8876047845977283,0.9897314819808499,7.0,5.0,False,main,False
6067,5,5,10.763652630575011,1.2363473694249891,0.8969710525479176,0.9906710885216342,5.0,4.0,False,main,False
6067,6,6,11.763652630575011,1.2363473694249891,0.9048963561980778,0.9914531309356477,4.0,3.0,False,main,False
6067,7,7,12.763652630575011,1.2363473694249891,0.9116894736125009,0.992114181379759,2.0,2.0,False,main,False
6067,8,8,13.763652630575011,1.2363473694249891,0.9175768420383341,0.9926803052747665,1.0,1.0,False,main,False
6067,9,9,14.763652630575011,1.2363473694249891,0.9227282894109382,0.9931705819002703,-1.0,-1.0,True,main,False
4159,2,2,7.421601974055933,1.5783980259440673,0.8246224415617703,0.974245700102266,14.0,7.0,False,main,True
4159,3,3,8.421601974055932,1.5783980259440673,0.8421601974055932,0.9771737694905468,11.0,6.0,False,main,False
4159,4,4,9.421601974055932,1.5783980259440673,0.856509270368721,0.9795036018796479,8.0,5.0,False,main,False
4159,5,5,10.421601974055932,1.5783980259440673,0.8684668311713276,0.9814016374010491,6.0,4.0,False,main,False
4159,6,6,11.421601974055932,1.5783980259440673,0.8785847672350717,0.9829777872971559,4.0,3.0,False,main,False
4159,7,7,12.421601974055932,1.5783980259440673,0.887257283861138,0.9843075635697517,2.0,2.0,False,main,False
4159,8,8,13.421601974055932,1.5783980259440673,0.8947734649370621,0.9854445642831108,1.0,1.0,False,main,False
4159,9,9,14.421601974055932,1.5783980259440673,0.9013501233784957,0.9864278874731084,-1.0,-1.0,True,main,False
9690,0,5,5.554266359459968,6.445733640540032,0.4628555299549973,0.6945895249737394,310.0,49.0,False,main,True
1117,1,1,5.913907275603639,2.0860927243963614,0.7392384094504548,0.9411076248840979,25.0,10.0,False,main,True
461,1,1,5.925592860982787,2.0744071390172123,0.7406991076228484,0.9418684287998732,24.0,9.0,False,main,True
11985,0,1,4.834956879075413,3.1650431209245866,0.6043696098844267,0.8566621406022918,69.0,18.0,False,main,True
288,0,1,5.1376852776821575,2.862314722317843,0.6422106597102697,0.8829765749222432,53.0,16.0,False,main,True
6639,1,1,5.909912821737048,2.0900871782629524,0.738739102717131,0.9408467088208397,25.0,10.0,False,main,True
9955,1,1,5.860109996665352,2.1398900033346484,0.732513749583169,0.9375574719739648,26.0,10.0,False,main,True
9955,2,2,6.860109996665352,2.1398900033346484,0.7622344440739279,0.9457833548868966,19.0,8.0,False,main,False
9955,3,3,7.860109996665352,2.1398900033346484,0.7860109996665352,0.9520899261194264,15.0,7.0,False,main,False
9955,4,4,8.86010999666535,2.1398900033346484,0.8054645451513955,0.957079844997179,11.0,5.0,False,main,False
9955,5,5,9.86010999666535,2.1398900033346484,0.8216758330554459,0.9611270193551831,8.0,4.0,False,main,False
9955,6,6,10.86010999666535,2.1398900033346484,0.8353930766665655,0.9644758594058068,5.0,3.0,False,main,False
9955,7,7,11.86010999666535,2.1398900033346484,0.8471507140475251,0.9672929278118978,3.0,2.0,False,main,False
9955,8,8,12.86010999666535,2.1398900033346484,0.8573406664443567,0.969695674148195,1.0,1.0,False,main,False
9955,9,9,13.86010999666535,2.1398900033346484,0.8662568747915844,0.9717693074111616,-1.0,-1.0,True,main,False
11415,0,1,4.908931317180912,3.091068682819088,0.613616414647614,0.8632665104150913,65.0,17.0,False,main,True
10240,1,1,6.093500635223629,1.9064993647763715,0.7616875794029536,0.9523789069129107,22.0,9.0,False,main,True
10240,2,2,7.093500635223629,1.9064993647763715,0.7881667372470699,0.958584955164461,17.0,8.0,False,main,False
10240,3,3,8.093500635223629,1.9064993647763715,0.8093500635223629,0.9633576675885891,13.0,6.0,False,main,False
10240,4,4,9.093500635223629,1.9064993647763715,0.8266818759294208,0.9671427723633705,10.0,5.0,False,main,False
10240,5,5,10.093500635223629,1.9064993647763715,0.8411250529353024,0.9702183647755477,7.0,4.0,False,main,False
10240,6,6,11.093500635223629,1.9064993647763715,0.8533462027095099,0.9727670048097041,5.0,3.0,False,main,False
10240,7,7,12.093500635223629,1.9064993647763715,0.8638214739445449,0.9749135255997536,3.0,2.0,False,main,False
10240,8,8,13.093500635223629,1.9064993647763715,0.8729000423482419,0.976746192589281,1.0,1.0,False,main,False
10240,9,9,14.093500635223629,1.9064993647763715,0.8808437897014768,0.9783291866719104,-1.0,-1.0,True,main,False
4839,0,1,4.868953265136621,3.131046734863379,0.6086191581420777,0.8597110795575,67.0,18.0,False,main,True
1390,0,1,5.018582257962736,2.981417742037264,0.627322782245342,0.8728502829472419,59.0,17.0,False,main,True
5521,1,1,6.011385054194617,1.9886149458053828,0.7514231317743272,0.9473385753754618,23.0,9.0,False,main,True
4176,0,1,5.049150588826897,2.9508494111731034,0.6311438236033621,0.8754776707229334,57.0,17.0,False,main,True
10108,1,1,5.935136163409062,2.0648638365909378,0.7418920204261328,0.9424869899720747,24.0,9.0,False,main,True
10108,2,2,6.935136163409062,2.0648638365909378,0.7705706848232291,0.9500373676865514,18.0,8.0,False,main,False
10108,3,3,7.935136163409062,2.0648638365909378,0.7935136163409062,0.9558318096675184,14.0,7.0,False,main,False
10108,4,4,8.935136163409062,2.0648638365909378,0.8122851057644602,0.9604199582409523,11.0,5.0,False,main,False
10108,5,5,9.935136163409062,2.0648638365909378,0.8279280136174219,0.9641434483310151,8.0,4.0,False,main,False
10108,6,6,10.935136163409062,2.0648638365909378,0.8411643202622355,0.9672259037252631,5.0,3.0,False,main,False
10108,7,7,11.935136163409062,2.0648638365909378,0.8525097259577902,0.9698198874693259,3.0,2.0,False,main,False
10108,8,8,12.935136163409062,2.0648638365909378,0.8623424108939375,0.9720330721930402,1.0,1.0,False,main,False
10108,9,9,13.935136163409062,2.0648638365909378,0.8709460102130664,0.973943630503497,-1.0,-1.0,True,main,False
6473,0,1,4.862063233156774,3.137936766843226,0.6077579041445967,0.8590950403881465,67.0,18.0,False,main,True
1753,1,1,5.9340565668027025,2.0659434331972975,0.7417570708503378,0.9424171397004023,24.0,9.0,False,main,True
62,0,1,5.038543620690284,2.9614563793097157,0.6298179525862855,0.874568197339277,58.0,17.0,False,main,True
7570,1,1,6.073911863145871,1.926088136854129,0.7592389828932339,0.9511942730428099,22.0,9.0,False,main,True
929,1,1,5.906607629932093,2.093392370067907,0.7383259537415117,0.9406304875801471,25.0,10.0,False,main,True
9165,1,1,5.996957325672105,2.0030426743278946,0.7496196657090132,0.946433041679028,23.0,9.0,False,main,True
9165,2,2,6.996957325672105,2.0030426743278946,0.7774397028524561,0.9534453251511734,18.0,8.0,False,main,False
9165,3,3,7.996957325672105,2.0030426743278946,0.7996957325672105,0.9588312119352541,14.0,7.0,False,main,False
9165,4,4,8.996957325672106,2.0030426743278946,0.8179052114247369,0.9630984924134317,10.0,5.0,False,main,False
9165,5,5,9.996957325672106,2.0030426743278946,0.8330797771393422,0.9665632568013708,8.0,4.0,False,main,False
9165,6,6,10.996957325672106,2.0030426743278946,0.8459197942824697,0.9694326427129809,5.0,3.0,False,main,False
9165,7,7,11.996957325672106,2.0030426743278946,0.8569255232622933,0.9718480922461629,3.0,2.0,False,main,False
9165,8,8,12.996957325672106,2.0030426743278946,0.8664638217114737,0.9739095016182816,1.0,1.0,False,main,False
9165,9,9,13.996957325672106,2.0030426743278946,0.8748098328545066,0.9756894409901519,-1.0,-1.0,True,main,False
11036,1,1,6.138292288947683,1.861707711052317,0.7672865361184604,0.9550450912411906,21.0,9.0,False,main,True
11036,2,2,7.138292288947683,1.861707711052317,0.7931435876608537,0.9608914419285375,16.0,8.0,False,main,False
11036,3,3,8.138292288947683,1.861707711052317,0.8138292288947684,0.9653901804107057,13.0,6.0,False,main,False
11036,4,4,9.138292288947683,1.861707711052317,0.8307538444497894,0.9689596013279886,10.0,5.0,False,main,False
11036,5,5,10.138292288947683,1.861707711052317,0.8448576907456403,0.9718609598580027,7.0,4.0,False,main,False
11036,6,6,11.138292288947683,1.861707711052317,0.8567917145344371,0.9742659004552411,5.0,3.0,False,main,False
11036,7,7,12.138292288947683,1.861707711052317,0.8670208777819773,0.9762918679702349,3.0,2.0,False,main,False
11036,8,8,13.138292288947683,1.861707711052317,0.8758861525965123,0.9780219473512397,1.0,1.0,False,main,False
11036,9,9,14.138292288947683,1.861707711052317,0.8836432680592302,0.9795165788214449,-1.0,-1.0,True,main,False
9790,1,1,5.9998707634771336,2.000129236522867,0.7499838454346417,0.9466163727328957,23.0,9.0,False,main,True
9790,2,2,6.9998707634771336,2.000129236522867,0.777763418164126,0.9536037147226933,18.0,8.0,False,main,False
9790,3,3,7.9998707634771336,2.000129236522867,0.7999870763477134,0.9589706511718171,14.0,7.0,False,main,False
9790,4,4,8.999870763477134,2.000129236522867,0.8181700694070121,0.9632230408445843,10.0,5.0,False,main,False
9790,5,5,9.999870763477134,2.000129236522867,0.8333225636230944,0.9666757934929339,8.0,4.0,False,main,False
9790,6,6,10.999870763477134,2.000129236522867,0.8461439048828564,0.9695352841520659,5.0,3.0,False,main,False
9790,7,7,11.999870763477134,2.000129236522867,0.8571336259626524,0.9719424401299742,3.0,2.0,False,main,False
9790,8,8,12.999870763477134,2.000129236522867,0.8666580508984756,0.9739967974573995,1.0,1.0,False,main,False
9790,9,9,13.999870763477134,2.000129236522867,0.8749919227173208,0.9757706666742514,-1.0,-1.0,True,main,False
1107,1,1,6.069817340778577,1.9301826592214224,0.7587271675973222,0.9509452389145685,22.0,9.0,False,main,True
1107,2,2,7.069817340778577,1.9301826592214224,0.7855352600865086,0.9573451768528295,17.0,8.0,False,main,True
1107,3,3,8.069817340778577,1.9301826592214224,0.8069817340778578,0.9622654650048645,13.0,6.0,False,main,False
1107,4,4,9.069817340778577,1.9301826592214224,0.8245288491616889,0.9661666850617168,10.0,5.0,False,main,False
1107,5,5,10.069817340778577,1.9301826592214224,0.8391514450648815,0.9693360384758527,7.0,4.0,False,main,False
1107,6,6,11.069817340778577,1.9301826592214224,0.8515244108291213,0.9719619819647061,5.0,3.0,False,main,False
1107,7,7,12.069817340778577,1.9301826592214224,0.8621298100556126,0.9741733368572847,3.0,2.0,False,main,False
1107,8,8,13.069817340778577,1.9301826592214224,0.8713211560519052,0.976061163293062,1.0,1.0,False,main,False
1107,9,9,14.069817340778577,1.9301826592214224,0.8793635837986611,0.9776916590937985,-1.0,-1.0,True,main,False
9684,0,1,5.032893515462669,2.9671064845373314,0.6291116894328336,0.8740827809473948,58.0,17.0,False,main,True
9684,0,2,5.032893515462669,3.9671064845373314,0.5592103906069632,0.8100244250991825,104.0,24.0,False,main,False
9684,0,3,5.032893515462669,4.967106484537331,0.5032893515462669,0.7515237628874434,183.0,33.0,False,main,True
9684,0,4,5.032893515462669,5.967106484537331,0.45753577413296986,0.6992665113836003,327.0,46.0,False,main,True
9684,0,5,5.032893515462669,6.967106484537331,0.4194077929552224,0.6528841280544275,610.0,61.0,False,main,True
651,0,1,4.89391480091822,3.1060851990817797,0.6117393501147775,0.8619348335573973,66.0,18.0,False,main,True
1563,0,1,4.90894556768265,3.0910544323173497,0.6136181959603313,0.8632677719788474,65.0,17.0,False,main,True
6490,1,1,5.8350699101954575,2.1649300898045425,0.7293837387744322,0.935878685727904,26.0,10.0,False,main,True
10224,1,1,5.945909967106115,2.0540900328938854,0.7432387458882643,0.9431823047571288,24.0,9.0,False,main,True
10224,2,2,6.945909967106115,2.0540900328938854,0.7717677741229017,0.9506376952567389,18.0,8.0,False,main,False
10224,3,3,7.945909967106115,2.0540900328938854,0.7945909967106115,0.9563600561903106,14.0,7.0,False,main,False
10224,4,4,8.945909967106115,2.0540900328938854,0.8132645424641922,0.9608916172580309,11.0,5.0,False,main,False
10224,5,5,9.945909967106115,2.0540900328938854,0.8288258305921762,0.9645694934647282,8.0,4.0,False,main,False
10224,6,6,10.945909967106115,2.0540900328938854,0.841993074392778,0.9676143936763026,5.0,3.0,False,main,False
10224,7,7,11.945909967106115,2.0540900328938854,0.8532792833647225,0.970176915786088,3.0,2.0,False,main,False
10224,8,8,12.945909967106115,2.0540900328938854,0.863060664473741,0.9723633589177684,1.0,1.0,False,main,False
10224,9,9,13.945909967106115,2.0540900328938854,0.8716193729441322,0.9742509065283564,-1.0,-1.0,True,main,False
4269,1,1,6.113958242865231,1.886041757134769,0.7642447803581539,0.9536040279554989,21.0,9.0,False,main,True
4269,2,2,7.113958242865231,1.886041757134769,0.7904398047628035,0.9596446512298173,17.0,8.0,False,main,False
4269,3,3,8.11395824286523,1.886041757134769,0.811395824286523,0.9642913949033278,13.0,6.0,False,main,False
4269,4,4,9.11395824286523,1.886041757134769,0.8285416584422937,0.9679773506372781,10.0,5.0,False,main,False
4269,5,5,10.11395824286523,1.886041757134769,0.8428298535721025,0.970972860281598,7.0,4.0,False,main,False
4269,6,6,11.11395824286523,1.886041757134769,0.854919864835787,0.9734554598792433,5.0,3.0,False,main,False
4269,7,7,12.11395824286523,1.886041757134769,0.8652827316332308,0.975546582982677,3.0,2.0,False,main,False
4269,8,8,13.11395824286523,1.886041757134769,0.874263882857682,0.9773321118494307,1.0,1.0,False,main,False
4269,9,9,14.11395824286523,1.886041757134769,0.8821223901790769,0.9788745068618212,-1.0,-1.0,True,main,False
2097,0,1,4.930379712928512,3.069620287071488,0.616297464116064,0.8651605934712423,63.0,17.0,False,main,True
5137,1,1,6.086806809489386,1.9131931905106145,0.7608508511861732,0.9519753616754404,22.0,9.0,False,main,True
9456,0,1,4.955145279992611,3.0448547200073888,0.6193931599990764,0.8673358963732106,62.0,17.0,False,main,True
9456,0,2,4.955145279992611,4.044854720007389,0.5505716977769568,0.8030801723419108,112.0,25.0,False,main,True
9456,0,3,4.955145279992611,5.044854720007389,0.4955145279992611,0.7446706735356061,200.0,35.0,False,main,True
724,0,1,4.994138782862011,3.005861217137989,0.6242673478577514,0.8707353434140064,60.0,17.0,False,main,True
724,0,2,4.994138782862011,4.005861217137989,0.5549043092068902,0.8065737976305318,108.0,24.0,False,main,True
724,0,3,4.994138782862011,5.005861217137989,0.4994138782862011,0.7481159316976975,191.0,34.0,False,main,True
9348,0,1,4.866833058773924,3.1331669412260763,0.6083541323467405,0.8595216138708769,67.0,18.0,False,main,True
2818,1,1,6.0894339951443595,1.9105660048556408,0.7611792493930449,0.9521339016170897,22.0,9.0,False,main,True
11376,1,1,5.888055338268295,2.1119446617317053,0.7360069172835368,0.9394113367123376,25.0,10.0,False,main,True
11376,2,2,6.888055338268295,2.1119446617317053,0.7653394820298105,0.9473827539284052,19.0,8.0,False,main,False
11376,3,3,7.888055338268295,2.1119446617317053,0.7888055338268295,0.9534965016296651,15.0,7.0,False,main,False
11376,4,4,8.888055338268295,2.1119446617317053,0.8080050307516632,0.958335205572854,11.0,5.0,False,main,False
11376,5,5,9.888055338268295,2.1119446617317053,0.8240046115223579,0.962260589803997,8.0,4.0,False,main,False
11376,6,6,10.888055338268295,2.1119446617317053,0.8375427183283304,0.9655092225992357,5.0,3.0,False,main,False
11376,7,7,11.888055338268295,2.1119446617317053,0.8491468098763068,0.9682423879467641,3.0,2.0,False,main,False
11376,8,8,12.888055338268295,2.1119446617317053,0.8592036892178864,0.970573850539647,1.0,1.0,False,main,False
11376,9,9,13.888055338268295,2.1119446617317053,0.8680034586417684,0.9725861683373376,-1.0,-1.0,True,main,False
11924,0,1,5.05428022717868,2.9457197728213207,0.631785028397335,0.8759166570687484,57.0,17.0,False,main,True
7493,1,1,5.893385286155753,2.1066147138442473,0.7366731607694691,0.9397625415545469,25.0,10.0,False,main,True
7493,2,2,6.893385286155753,2.1066147138442473,0.7659316984617504,0.947685809158567,19.0,8.0,False,main,True
7493,3,3,7.893385286155753,2.1066147138442473,0.7893385286155753,0.9537630578503083,14.0,7.0,False,main,True
7493,4,4,8.893385286155752,2.1066147138442473,0.8084895714687047,0.9585731310471655,11.0,5.0,False,main,False
7493,5,5,9.893385286155752,2.1066147138442473,0.8244487738463127,0.9624754509766984,8.0,4.0,False,main,False
7493,6,6,10.893385286155752,2.1066147138442473,0.8379527143196732,0.9657051036438332,5.0,3.0,False,main,False
7493,7,7,11.893385286155752,2.1066147138442473,0.8495275204396966,0.9684223748830142,3.0,2.0,False,main,False
7493,8,8,12.893385286155752,2.1066147138442473,0.8595590190770501,0.9707403323903258,1.0,1.0,False,main,False
7493,9,9,13.893385286155752,2.1066147138442473,0.8683365803847345,0.9727410325528612,-1.0,-1.0,True,main,False
8048,1,1,6.043103925926735,1.9568960740732657,0.7553879907408418,0.9493085586128284,23.0,9.0,False,main,True
8048,2,2,7.043103925926735,1.9568960740732657,0.7825671028807483,0.955930240143545,17.0,8.0,False,main,False
8048,3,3,8.043103925926735,1.9568960740732657,0.8043103925926735,0.9610192148391546,13.0,7.0,False,main,False
8048,4,4,9.043103925926735,1.9568960740732657,0.8221003569024304,0.9650531076704006,10.0,5.0,False,main,False
8048,5,5,10.043103925926735,1.9568960740732657,0.8369253271605612,0.9683295587745981,7.0,4.0,False,main,False
8048,6,6,11.043103925926735,1.9568960740732657,0.8494695327635949,0.9710437795853164,5.0,3.0,False,main,False
8048,7,7,12.043103925926735,1.9568960740732657,0.8602217089947668,0.9733291573144139,3.0,2.0,False,main,False
8048,8,8,13.043103925926735,1.9568960740732657,0.869540261728449,0.9752799501379505,1.0,1.0,False,main,False
8048,9,9,14.043103925926735,1.9568960740732657,0.8776939953704209,0.9769646630229947,-1.0,-1.0,True,main,False
4327,1,1,6.040004238981104,1.9599957610188958,0.755000529872638,0.9491173132782531,23.0,9.0,False,main,True
9391,1,1,5.860836665430623,2.1391633345693766,0.7326045831788279,0.9376059424926522,26.0,10.0,False,main,True
5736,0,1,5.07256677976012,2.92743322023988,0.634070847470015,0.8774771025765562,56.0,17.0,False,main,True
10450,0,1,5.045303642250832,2.954696357749168,0.630662955281354,0.875148093773023,57.0,17.0,False,main,True
10450,0,2,5.045303642250832,3.954696357749168,0.5605892935834258,0.8111248303715284,103.0,24.0,False,main,True
10450,0,3,5.045303642250832,4.954696357749167,0.5045303642250831,0.7526115855683029,181.0,33.0,False,main,True
665,1,1,6.021678412440977,1.9783215875590234,0.7527098015551221,0.9479810169590966,23.0,9.0,False,main,True
665,2,2,7.021678412440977,1.9783215875590234,0.7801864902712197,0.9547828679524742,18.0,8.0,False,main,True
665,3,3,8.021678412440977,1.9783215875590234,0.8021678412440977,0.9600088328121463,13.0,7.0,False,main,True
665,4,4,9.021678412440977,1.9783215875590234,0.8201525829491797,0.9641504279864637,10.0,5.0,False,main,False
665,5,5,10.021678412440977,1.9783215875590234,0.8351398677034148,0.967513794104274,7.0,4.0,False,main,False
665,6,6,11.021678412440977,1.9783215875590234,0.8478214163416136,0.9702996393221829,5.0,3.0,False,main,False
665,7,7,12.021678412440977,1.9783215875590234,0.8586913151743555,0.9726450643633153,3.0,2.0,False,main,False
665,8,8,13.021678412440977,1.9783215875590234,0.8681118941627318,0.9746469272791528,1.0,1.0,False,main,False
665,9,9,14.021678412440977,1.9783215875590234,0.8763549007775611,0.976375607974792,-1.0,-1.0,True,main,False
2456,1,1,5.944132568081346,2.055867431918654,0.7430165710101683,0.9430678157307287,24.0,9.0,False,main,True
8716,1,1,6.06956543694064,1.9304345630593602,0.75869567961758,0.9509299018549988,22.0,9.0,False,main,True
12015,1,1,5.998282491619891,2.001717508380109,0.7497853114524864,0.9465164587658222,23.0,9.0,False,main,True
11080,1,1,5.954810982531411,2.045189017468589,0.7443513728164264,0.9437543420229638,24.0,9.0,False,main,True
11080,2,2,6.954810982531411,2.045189017468589,0.7727567758368235,0.9511316412771466,18.0,8.0,False,main,False
11080,3,3,7.954810982531411,2.045189017468589,0.7954810982531411,0.9567947301260418,14.0,7.0,False,main,False
11080,4,4,8.954810982531411,2.045189017468589,0.8140737256846737,0.9612797520760569,11.0,5.0,False,main,False
11080,5,5,9.954810982531411,2.045189017468589,0.8295675818776176,0.9649201095958602,8.0,4.0,False,main,False
11080,6,6,10.954810982531411,2.045189017468589,0.8426777678870316,0.9679341166229973,5.0,3.0,False,main,False
11080,7,7,11.954810982531411,2.045189017468589,0.853915070180815,0.9704707560970177,3.0,2.0,False,main,False
11080,8,8,12.954810982531411,2.045189017468589,0.8636540655020941,0.9726351981949365,1.0,1.0,False,main,False
11080,9,9,13.954810982531411,2.045189017468589,0.8721756864082132,0.9745038132253758,-1.0,-1.0,True,main,False
9140,1,1,5.995182803197275,2.0048171968027253,0.7493978503996593,0.9463212608434344,23.0,9.0,False,main,True
2838,1,1,5.878158137893636,2.121841862106364,0.7347697672367045,0.938757157221618,25.0,10.0,False,main,True
3639,1,1,6.058064011278203,1.941935988721797,0.7572580014097754,0.9502276786680464,22.0,9.0,False,main,True
3639,2,2,7.058064011278203,1.941935988721797,0.784229334586467,0.95672478230949,17.0,8.0,False,main,True
3639,3,3,8.058064011278203,1.941935988721797,0.8058064011278203,0.9617189988479846,13.0,7.0,False,main,False
3639,4,4,9.058064011278203,1.941935988721797,0.8234603646616548,0.9656783708429277,10.0,5.0,False,main,False
3639,5,5,10.058064011278203,1.941935988721797,0.8381720009398502,0.9688946706878215,7.0,4.0,False,main,False
3639,6,6,11.058064011278203,1.941935988721797,0.8506203085598618,0.9715593135270911,5.0,3.0,False,main,False
3639,7,7,12.058064011278203,1.941935988721797,0.8612902865198716,0.9738031207924501,3.0,2.0,False,main,False
3639,8,8,13.058064011278203,1.941935988721797,0.8705376007518802,0.9757185537276312,1.0,1.0,False,main,False
3639,9,9,14.058064011278203,1.941935988721797,0.8786290007048877,0.9773728210608339,-1.0,-1.0,True,main,False
617,1,1,6.051565368529659,1.9484346314703407,0.7564456710662074,0.9498292074250559,22.0,9.0,False,main,True
3193,0,1,4.925757003960603,3.0742429960393967,0.6157196254950754,0.8647531622230491,64.0,17.0,False,main,True
448,1,1,6.057109447214103,1.9428905527858977,0.7571386809017628,0.9501692250688555,22.0,9.0,False,main,True
9554,1,1,5.881492888877289,2.118507111122711,0.7351866111096611,0.9389778693915855,25.0,10.0,False,main,True
9554,2,2,6.881492888877289,2.118507111122711,0.7646103209863654,0.9470087396071202,19.0,8.0,False,main,False
9554,3,3,7.881492888877289,2.118507111122711,0.7881492888877288,0.9531675488383532,15.0,7.0,False,main,False
9554,4,4,8.88149288887729,2.118507111122711,0.80740844444339,0.9580415967927048,11.0,5.0,False,main,False
9554,5,5,9.88149288887729,2.118507111122711,0.8234577407397742,0.9619954512746466,8.0,4.0,False,main,False
9554,6,6,10.88149288887729,2.118507111122711,0.8370379145290223,0.9652675114935027,5.0,3.0,False,main,False
9554,7,7,11.88149288887729,2.118507111122711,0.848678063491235,0.968020294208269,3.0,2.0,False,main,False
9554,8,8,12.88149288887729,2.118507111122711,0.8587661925918193,0.9703684248436086,1.0,1.0,False,main,False
9554,9,9,13.88149288887729,2.118507111122711,0.8675933055548306,0.9723950807017367,-1.0,-1.0,True,main,False
2380,1,1,5.931086967797777,2.0689130322022233,0.7413858709747221,0.9422248408133944,24.0,9.0,False,main,True
5658,0,1,4.923527268248722,3.076472731751278,0.6154409085310902,0.8645564839560047,64.0,17.0,False,main,True
6841,1,1,6.004863421324621,1.9951365786753792,0.7506079276655776,0.9469299839716483,23.0,9.0,False,main,True
6841,2,2,7.004863421324621,1.9951365786753792,0.7783181579249578,0.9538746724070539,18.0,8.0,False,main,True
6841,3,3,8.004863421324622,1.9951365786753792,0.8004863421324622,0.9592091983030109,14.0,7.0,False,main,True
6841,4,4,9.004863421324622,1.9951365786753792,0.8186239473931475,0.9634361187891193,10.0,5.0,False,main,False
6841,5,5,10.004863421324622,1.9951365786753792,0.8337386184437184,0.9668683255931265,8.0,4.0,False,main,False
6841,6,6,11.004863421324622,1.9951365786753792,0.8465279554865094,0.9697108899581713,5.0,3.0,False,main,False
6841,7,7,12.004863421324622,1.9951365786753792,0.8574902443803302,0.9721038589690261,3.0,2.0,False,main,False
6841,8,8,13.004863421324622,1.9951365786753792,0.8669908947549748,0.9741461527398648,1.0,1.0,False,main,False
6841,9,9,14.004863421324622,1.9951365786753792,0.8753039638327889,0.9759096378342126,-1.0,-1.0,True,main,False
4240,1,1,5.916909337776607,2.0830906622233933,0.7396136672220759,0.9413034328279172,25.0,10.0,False,main,True
11679,1,1,5.882460893026151,2.1175391069738487,0.7353076116282689,0.9390418813755932,25.0,10.0,False,main,True
6157,1,1,5.914770910274836,2.085229089725164,0.7393463637843545,0.941163980127062,25.0,10.0,False,main,True
4664,1,1,6.032390520749472,1.9676094792505274,0.754048815093684,0.9486463896837134,23.0,9.0,False,main,True
10313,0,1,5.107692449298489,2.8923075507015104,0.6384615561623112,0.8804547339193611,54.0,16.0,False,main,True
10313,0,2,5.107692449298489,3.8923075507015104,0.5675213832553877,0.8166232167507468,97.0,23.0,False,main,False
10313,0,3,5.107692449298489,4.89230755070151,0.5107692449298489,0.7580550577493876,169.0,33.0,False,main,True
10313,0,4,5.107692449298489,5.89230755070151,0.4643356772089536,0.7056073163850002,298.0,44.0,False,main,True
12131,1,1,6.103577787138221,1.8964222128617794,0.7629472233922776,0.9529839320647167,22.0,9.0,False,main,True
897,1,1,5.894148858945215,2.105851141054785,0.7367686073681519,0.9398127927709812,25.0,10.0,False,main,True
897,2,2,6.894148858945215,2.105851141054785,0.7660165398828016,0.9477291725196311,19.0,8.0,False,main,True
897,3,3,7.894148858945215,2.105851141054785,0.7894148858945215,0.9538011996420418,14.0,7.0,False,main,True
897,4,4,8.894148858945215,2.105851141054785,0.8085589871768377,0.9586071767064333,11.0,5.0,False,main,False
897,5,5,9.894148858945215,2.105851141054785,0.8245124049121012,0.9625061967561708,8.0,4.0,False,main,False
897,6,6,10.894148858945215,2.105851141054785,0.8380114506880935,0.9657331337966408,5.0,3.0,False,main,False
897,7,7,11.894148858945215,2.105851141054785,0.8495820613532297,0.9684481308928077,3.0,2.0,False,main,False
897,8,8,12.894148858945215,2.105851141054785,0.8596099239296809,0.9707641560411496,1.0,1.0,False,main,False
897,9,9,13.894148858945215,2.105851141054785,0.8683843036840759,0.9727631938796831,-1.0,-1.0,True,main,False
6171,0,1,5.078816411117245,2.921183588882755,0.6348520513896556,0.8780087913871972,56.0,16.0,False,main,True
1739,1,1,6.02244996076961,1.9775500392303904,0.7528062450962012,0.9480290503738359,23.0,9.0,False,main,True
1739,2,2,7.02244996076961,1.9775500392303904,0.7802722178632899,0.9548243776352585,17.0,8.0,False,main,True
1739,3,3,8.02244996076961,1.9775500392303904,0.802244996076961,0.9600453833211146,13.0,7.0,False,main,True
1739,4,4,9.02244996076961,1.9775500392303904,0.8202227237063281,0.9641830802064936,10.0,5.0,False,main,False
1739,5,5,10.02244996076961,1.9775500392303904,0.8352041633974675,0.9675433008329144,7.0,4.0,False,main,False
1739,6,6,11.02244996076961,1.9775500392303904,0.8478807662130469,0.9703265541960513,5.0,3.0,False,main,False
1739,7,7,12.02244996076961,1.9775500392303904,0.8587464257692579,0.9726698065001009,3.0,2.0,False,main,False
1739,8,8,13.02244996076961,1.9775500392303904,0.868163330717974,0.9746698216359287,1.0,1.0,False,main,False
1739,9,9,14.02244996076961,1.9775500392303904,0.8764031225481006,0.976396911613869,-1.0,-1.0,True,main,False
997,1,1,6.099262494488697,1.9007375055113032,0.7624078118110871,0.9527252116487943,22.0,9.0,False,main,True
8663,0,1,4.940883147780591,3.0591168522194088,0.6176103934725738,0.8660847071321559,63.0,17.0,False,main,True
10734,1,1,6.051118475741047,1.9488815242589528,0.7563898094676309,0.9498017608764484,22.0,9.0,False,main,True
10734,2,2,7.051118475741047,1.9488815242589528,0.7834576084156719,0.9563565770414391,17.0,8.0,False,main,False
10734,3,3,8.051118475741047,1.9488815242589528,0.8051118475741047,0.9613946954053011,13.0,7.0,False,main,False
10734,4,4,9.051118475741047,1.9488815242589528,0.8228289523400952,0.9653885953913347,10.0,5.0,False,main,False
10734,5,5,10.051118475741047,1.9488815242589528,0.8375932063117539,0.968632766699659,7.0,4.0,False,main,False
10734,6,6,11.051118475741047,1.9488815242589528,0.8500860365954652,0.9713203827103022,5.0,3.0,False,main,False
10734,7,7,12.051118475741047,1.9488815242589528,0.8607941768386462,0.9735834532935007,3.0,2.0,False,main,False
10734,8,8,13.051118475741047,1.9488815242589528,0.8700745650494032,0.9755152720714679,1.0,1.0,False,main,False
10734,9,9,14.051118475741047,1.9488815242589528,0.8781949047338155,0.9771836482549361,-1.0,-1.0,True,main,False
2602,1,1,5.867773711771617,2.1322262882283827,0.7334717139714522,0.9380679519631142,26.0,10.0,False,main,True
9959,1,1,6.054794652820991,1.945205347179009,0.7568493316026239,0.9500273670504943,22.0,9.0,False,main,True
9959,2,2,7.054794652820991,1.945205347179009,0.7838660725356656,0.956551609664312,17.0,8.0,False,main,False
9959,3,3,8.054794652820991,1.945205347179009,0.8054794652820991,0.9615664715789158,13.0,7.0,False,main,False
9959,4,4,9.054794652820991,1.945205347179009,0.8231631502564537,0.9655420812615073,10.0,5.0,False,main,False
9959,5,5,10.054794652820991,1.945205347179009,0.8378995544017492,0.9687714886851336,7.0,4.0,False,main,False
9959,6,6,11.054794652820991,1.945205347179009,0.8503688194477685,0.971446935696994,5.0,3.0,False,main,False
9959,7,7,12.054794652820991,1.945205347179009,0.8610567609157851,0.9736998025426129,3.0,2.0,False,main,False
9959,8,8,13.054794652820991,1.945205347179009,0.8703196435213995,0.9756229418702435,1.0,1.0,False,main,False
9959,9,9,14.054794652820991,1.945205347179009,0.878424665801312,0.9772838447773226,-1.0,-1.0,True,main,False
9193,1,1,5.979404950992139,2.020595049007861,0.7474256188740174,0.9453234915376825,24.0,9.0,False,main,True
9193,2,2,6.979404950992139,2.020595049007861,0.7754894389991266,0.952486835555984,18.0,8.0,False,main,False
9193,3,3,7.979404950992139,2.020595049007861,0.7979404950992139,0.9579874718151564,14.0,7.0,False,main,False
9193,4,4,8.979404950992139,2.020595049007861,0.8163095409992853,0.9623449054798966,10.0,5.0,False,main,False
9193,5,5,9.979404950992139,2.020595049007861,0.8316170792493449,0.9658823831626531,8.0,4.0,False,main,False
9193,6,6,10.979404950992139,2.020595049007861,0.84456961161478,0.9688116641242205,5.0,3.0,False,main,False
9193,7,7,11.979404950992139,2.020595049007861,0.8556717822137242,0.9712773096429467,3.0,2.0,False,main,False
9193,8,8,12.979404950992139,2.020595049007861,0.8652936633994759,0.9733813979439926,1.0,1.0,False,main,False
9193,9,9,13.979404950992139,2.020595049007861,0.8737128094370087,0.9751980717262438,-1.0,-1.0,True,main,False
819,0,1,5.092247766897254,2.907752233102746,0.6365309708621567,0.8791486832311433,55.0,16.0,False,main,True
8776,0,1,5.022495536080452,2.9775044639195474,0.6278119420100565,0.8731877215731172,58.0,17.0,False,main,True
6488,1,1,5.9233346464549435,2.076665353545056,0.7404168308068679,0.9417216953316598,25.0,10.0,False,main,True
11894,0,1,4.987929414290468,3.012070585709532,0.6234911767863085,0.8701961132798597,60.0,17.0,False,main,True
10849,1,1,6.0344046938302425,1.9655953061697575,0.7543005867287803,0.9487711318975006,23.0,9.0,False,main,True
10849,2,2,7.0344046938302425,1.9655953061697575,0.7816005215366936,0.9554657179551398,17.0,8.0,False,main,False
10849,3,3,8.034404693830243,1.9655953061697575,0.8034404693830244,0.9606101324250046,13.0,7.0,False,main,False
10849,4,4,9.034404693830243,1.9655953061697575,0.8213095176209312,0.9646876166931029,10.0,5.0,False,main,False
10849,5,5,10.034404693830243,1.9655953061697575,0.8362003911525203,0.96799924853722,7.0,4.0,False,main,False
10849,6,6,11.034404693830243,1.9655953061697575,0.8488003610638649,0.9707424627030344,5.0,3.0,False,main,False
10849,7,7,12.034404693830243,1.9655953061697575,0.8596003352735888,0.9730521486594108,3.0,2.0,False,main,False
10849,8,8,13.034404693830243,1.9655953061697575,0.8689603129220163,0.9750236164539899,1.0,1.0,False,main,False
10849,9,9,14.034404693830243,1.9655953061697575,0.8771502933643902,0.9767261296992188,-1.0,-1.0,True,main,False
3421,0,1,4.984910693082764,3.0150893069172358,0.6231138366353455,0.869933675253441,60.0,17.0,False,main,True
5017,1,1,6.06983308979822,1.9301669102017807,0.7587291362247774,0.9509461977256835,22.0,9.0,False,main,True
4228,0,1,4.949345022535837,3.0506549774641623,0.6186681278169797,0.8668275549224538,62.0,17.0,False,main,True
7928,0,1,4.857501229515927,3.142498770484073,0.6071876536894909,0.858686621977299,68.0,18.0,False,main,True
7928,0,2,4.857501229515927,4.142498770484073,0.539722358835103,0.7942364234110435,124.0,26.0,False,main,False
7928,0,3,4.857501229515927,5.142498770484073,0.4857501229515927,0.7359709985411191,224.0,36.0,False,main,True
7928,0,4,4.857501229515927,6.142498770484073,0.4415910208650843,0.6842082426227708,414.0,49.0,False,main,True
7928,0,5,4.857501229515927,7.142498770484073,0.40479176912632725,0.6384203772890368,812.0,66.0,False,main,True
7928,0,6,4.857501229515927,8.142498770484073,0.3736539407319944,0.5978764117627691,1775.0,89.0,False,main,True
8605,0,1,4.967505474601996,3.032494525398004,0.6209381843252495,0.868416850313739,61.0,17.0,False,main,True
8793,0,1,4.91716818405789,3.08283181594211,0.6146460230072363,0.8639950101269085,64.0,17.0,False,main,True
10784,1,1,6.07744671373953,1.9225532862604702,0.7596808392174412,0.9514088740253044,22.0,9.0,False,main,True
10784,2,2,7.07744671373953,1.9225532862604702,0.7863829681932811,0.957746073988597,17.0,8.0,False,main,False
10784,3,3,8.07744671373953,1.9225532862604702,0.807744671373953,0.9626186182802448,13.0,6.0,False,main,False
10784,4,4,9.07744671373953,1.9225532862604702,0.8252224285217754,0.9664822773434795,10.0,5.0,False,main,False
10784,5,5,10.07744671373953,1.9225532862604702,0.8397872261449608,0.9696213039135044,7.0,4.0,False,main,False
10784,6,6,11.07744671373953,1.9225532862604702,0.8521112856722716,0.9722222456925711,5.0,3.0,False,main,False
10784,7,7,12.07744671373953,1.9225532862604702,0.8626747652671093,0.9744126330997491,3.0,2.0,False,main,False
10784,8,8,13.07744671373953,1.9225532862604702,0.8718297809159686,0.9762826218114422,1.0,1.0,False,main,False
10784,9,9,14.07744671373953,1.9225532862604702,0.8798404196087206,0.9778977569780346,-1.0,-1.0,True,main,False
4027,0,1,4.851585081593347,3.148414918406653,0.6064481351991684,0.8581563455129817,68.0,18.0,False,main,True
4027,0,2,4.851585081593347,4.148414918406653,0.5390650090659275,0.7936962239868043,124.0,26.0,False,main,False
4027,0,3,4.851585081593347,5.148414918406653,0.4851585081593347,0.7354405683683093,225.0,36.0,False,main,False
4027,0,4,4.851585081593347,6.148414918406653,0.4410531892357588,0.6836956424268221,418.0,49.0,False,main,False
4027,0,5,4.851585081593347,7.148414918406653,0.4042987567994456,0.6379286127110537,821.0,67.0,False,main,True
4027,0,6,4.851585081593347,8.148414918406653,0.37319885243025747,0.5974061490751217,1799.0,89.0,False,main,True
4027,0,7,4.851585081593347,9.148414918406653,0.34654179154238196,0.5614077892956445,-1.0,120.0,False,main,True
4027,0,8,4.851585081593347,10.148414918406653,0.3234390054395565,0.529291879475054,-1.0,160.0,False,main,True
5668,1,1,6.004125112453798,1.9958748875462016,0.7505156390567248,0.9468836518380828,23.0,9.0,False,main,True
5668,2,2,7.004125112453798,1.9958748875462016,0.7782361236059776,0.953834640844192,18.0,8.0,False,main,True
5668,3,3,8.0041251124538,1.9958748875462016,0.8004125112453799,0.9591739544828016,14.0,7.0,False,main,True
5668,4,4,9.0041251124538,1.9958748875462016,0.8185568284048909,0.963404637448444,10.0,5.0,False,main,False
5668,5,5,10.0041251124538,1.9958748875462016,0.8336770927044833,0.9668398795025026,8.0,4.0,False,main,False
5668,6,6,11.0041251124538,1.9958748875462016,0.846471162496446,0.9696849444516851,5.0,3.0,False,main,False
5668,7,7,12.0041251124538,1.9958748875462016,0.8574375080324143,0.9720800093916401,3.0,2.0,False,main,False
5668,8,8,13.0041251124538,1.9958748875462016,0.8669416741635866,0.9741240854123057,1.0,1.0,False,main,False
5668,9,9,14.0041251124538,1.9958748875462016,0.8752578195283625,0.9758891046581479,-1.0,-1.0,True,main,False
175,0,1,4.861236422265211,3.1387635777347893,0.6076545527831514,0.8590210504725859,68.0,18.0,False,main,True
5158,0,1,4.937785331643305,3.0622146683566953,0.6172231664554131,0.865812389970446,63.0,17.0,False,main,True
4745,1,1,5.9520586722268725,2.047941327773128,0.7440073340283591,0.9435776942999139,24.0,9.0,False,main,True
4745,2,2,6.9520586722268725,2.047941327773128,0.7724509635807636,0.9509791031809787,18.0,8.0,False,main,True
4745,3,3,7.9520586722268725,2.047941327773128,0.7952058672226873,0.9566604927029858,14.0,7.0,False,main,True
4745,4,4,8.952058672226872,2.047941327773128,0.8138235156569884,0.9611598846411697,11.0,5.0,False,main,False
4745,5,5,9.952058672226872,2.047941327773128,0.8293382226855727,0.9648118273322762,8.0,4.0,False,main,False
4745,6,6,10.952058672226872,2.047941327773128,0.8424660517097594,0.9678353739713008,5.0,3.0,False,main,False
4745,7,7,11.952058672226872,2.047941327773128,0.8537184765876338,0.9703800060308798,3.0,2.0,False,main,False
4745,8,8,12.952058672226872,2.047941327773128,0.8634705781484582,0.9725512422114653,1.0,1.0,False,main,False
4745,9,9,13.952058672226872,2.047941327773128,0.8720036670141795,0.9744257038649736,-1.0,-1.0,True,main,False
2398,1,1,6.0523942034890865,1.947605796510913,0.7565492754361358,0.9498800962273917,22.0,9.0,False,main,True
1631,1,1,6.136661286597608,1.8633387134023918,0.767082660824701,0.9549490573699924,21.0,9.0,False,main,True
1105,0,1,5.033362820680889,2.966637179319111,0.6291703525851111,0.8741231256432691,58.0,17.0,False,main,True
1742,1,1,6.004724234661021,1.9952757653389792,0.7505905293326276,0.9469212505739609,23.0,9.0,False,main,True
8372,0,1,5.106464058964,2.8935359410360006,0.6383080073705,0.880351042097123,54.0,16.0,False,main,True
8372,0,2,5.106464058964,3.8935359410360006,0.5673848954404445,0.8165154999160806,97.0,23.0,False,main,False
8372,0,3,5.106464058964,4.893535941036001,0.5106464058964,0.7579482867978015,169.0,33.0,False,main,True
8372,0,4,5.106464058964,5.893535941036001,0.4642240053603636,0.7055035736270754,299.0,44.0,False,main,True
8372,0,5,5.106464058964,6.893535941036001,0.4255386715803333,0.6588852968380613,546.0,59.0,False,main,True
4811,1,1,6.023097707020119,1.976902292979881,0.7528872133775149,0.9480693632864231,23.0,9.0,False,main,True
1576,1,1,6.132564327654905,1.8674356723450942,0.7665705409568632,0.9547074750507105,21.0,9.0,False,main,True
1576,2,2,7.132564327654905,1.8674356723450942,0.7925071475172117,0.9605993101656876,16.0,8.0,False,main,True
1576,3,3,8.132564327654904,1.8674356723450942,0.8132564327654906,0.9651327073971934,13.0,6.0,False,main,False
1576,4,4,9.132564327654904,1.8674356723450942,0.8302331206959005,0.9687294215696272,10.0,5.0,False,main,False
1576,5,5,10.132564327654904,1.8674356723450942,0.8443803606379088,0.9716528334581008,7.0,4.0,False,main,False
1576,6,6,11.132564327654904,1.8674356723450942,0.8563511021273005,0.9740759660714635,5.0,3.0,False,main,False
1576,7,7,12.132564327654904,1.8674356723450942,0.8666117376896362,0.9761171977594212,3.0,2.0,False,main,False
1576,8,8,13.132564327654904,1.8674356723450942,0.875504288510327,0.9778602682515529,1.0,1.0,False,main,False
1576,9,9,14.132564327654904,1.8674356723450942,0.8832852704784316,0.9793660907066148,-1.0,-1.0,True,main,False
1113,1,1,5.99559621753872,2.00440378246128,0.74944952719234,0.9463473105888288,23.0,9.0,False,main,True
143,1,1,6.079612891172336,1.9203871088276645,0.759951611396542,0.9515402024636257,22.0,9.0,False,main,True
143,2,2,7.079612891172336,1.9203871088276645,0.786623654574704,0.9578596375946181,17.0,8.0,False,main,False
143,3,3,8.079612891172335,1.9203871088276645,0.8079612891172335,0.9627186613790304,13.0,6.0,False,main,False
143,4,4,9.079612891172335,1.9203871088276645,0.8254193537429395,0.9665716827811399,10.0,5.0,False,main,False
143,5,5,10.079612891172335,1.9203871088276645,0.8399677409310279,0.9697021199586765,7.0,4.0,False,main,False
143,6,6,11.079612891172335,1.9203871088276645,0.8522779147055642,0.9722959802280043,5.0,3.0,False,main,False
143,7,7,12.079612891172335,1.9203871088276645,0.8628294922265953,0.9744804285492515,3.0,2.0,False,main,False
143,8,8,13.079612891172335,1.9203871088276645,0.8719741927448224,0.9763453645208346,1.0,1.0,False,main,False
143,9,9,14.079612891172335,1.9203871088276645,0.8799758056982709,0.9779561484906086,-1.0,-1.0,True,main,False
9688,1,1,5.989587011199031,2.0104129888009687,0.7486983763998789,0.9459681902056448,23.0,9.0,False,main,True
9688,2,2,6.989587011199031,2.0104129888009687,0.7766207790221146,0.9530437381707569,18.0,8.0,False,main,False
9688,3,3,7.989587011199031,2.0104129888009687,0.7989587011199031,0.9584776875266615,14.0,7.0,False,main,False
9688,4,4,8.989587011199031,2.0104129888009687,0.8172351828362756,0.9627827315457068,10.0,5.0,False,main,False
9688,5,5,9.989587011199031,2.0104129888009687,0.8324655842665859,0.9662779561393637,8.0,4.0,False,main,False
9688,6,6,10.989587011199031,2.0104129888009687,0.8453528470153101,0.9691724338489894,5.0,3.0,False,main,False
9688,7,7,11.989587011199031,2.0104129888009687,0.8563990722285022,0.9716089128202201,3.0,2.0,False,main,False
9688,8,8,12.989587011199031,2.0104129888009687,0.8659724674132687,0.9736882029955709,1.0,1.0,False,main,False
9688,9,9,13.989587011199031,2.0104129888009687,0.8743491881999395,0.9754835330936995,-1.0,-1.0,True,main,False
747,0,1,4.943195854409061,3.056804145590939,0.6178994818011326,0.8662878800310848,63.0,17.0,False,main,True
8066,0,1,4.880738041546739,3.1192619584532606,0.6100922551933424,0.8607625287954244,66.0,18.0,False,main,True
8066,0,2,4.880738041546739,4.119261958453261,0.5423042268385266,0.7963533391854873,121.0,25.0,False,main,False
8066,0,3,4.880738041546739,5.119261958453261,0.48807380415467394,0.7380506855430293,217.0,36.0,False,main,True
8066,0,4,4.880738041546739,6.119261958453261,0.44370345832243085,0.6862186186361813,401.0,49.0,False,main,True
3117,0,1,4.921496111708648,3.078503888291352,0.615187013963581,0.864377233289255,64.0,17.0,False,main,True
11501,1,1,6.031839788133855,1.9681602118661452,0.7539799735167318,0.9486122613732417,23.0,9.0,False,main,True
161,1,1,6.0953668085766,1.9046331914234007,0.761920851072075,0.9524911765287525,22.0,9.0,False,main,True
10969,0,1,5.104525285834747,2.8954747141652537,0.6380656607293433,0.8801873198965479,54.0,16.0,False,main,True
10969,0,2,5.104525285834747,3.8954747141652537,0.5671694762038607,0.81634544562341,97.0,23.0,False,main,False
10969,0,3,5.104525285834747,4.895474714165253,0.5104525285834747,0.7577797365271662,170.0,33.0,False,main,True
10969,0,4,5.104525285834747,5.895474714165253,0.46404775325770425,0.7053398096038896,300.0,44.0,False,main,True
10969,0,5,5.104525285834747,6.895474714165253,0.42537710715289556,0.6587276459259632,548.0,59.0,False,main,True
6976,0,1,4.882153690974146,3.1178463090258544,0.6102692113717683,0.8608886448578581,66.0,18.0,False,main,True
12021,0,1,4.849724810060199,3.1502751899398014,0.6062156012575248,0.8579894593867596,68.0,18.0,False,main,True
10792,0,1,5.127366934413334,2.8726330655866663,0.6409208668016667,0.8821111508816384,53.0,16.0,False,main,True
10792,0,2,5.127366934413334,3.8726330655866663,0.5697074371570371,0.8183454850615968,95.0,23.0,False,main,False
10792,0,3,5.127366934413334,4.872633065586666,0.5127366934413333,0.759762923692131,166.0,32.0,False,main,True
10792,0,4,5.127366934413334,5.872633065586666,0.4661242667648485,0.7072671400437602,291.0,44.0,False,main,True
102,1,1,5.857545207527055,2.1424547924729445,0.7321931509408819,0.937386282246719,26.0,10.0,False,main,True
3780,1,1,5.947272604057278,2.052727395942722,0.7434090755071597,0.9432700184302791,24.0,9.0,False,main,True
4703,0,1,5.019287696807751,2.9807123031922482,0.6274109621009689,0.8729111358782683,59.0,17.0,False,main,True
6151,1,1,5.870483738883322,2.1295162611166782,0.7338104673604152,0.938248092037258,25.0,10.0,False,main,True
6151,2,2,6.870483738883322,2.1295162611166782,0.7633870820981469,0.9463791192853571,19.0,8.0,False,main,False
6151,3,3,7.870483738883322,2.1295162611166782,0.7870483738883322,0.9526138265548005,15.0,7.0,False,main,False
6151,4,4,8.870483738883323,2.1295162611166782,0.8064076126257566,0.9575473966827395,11.0,5.0,False,main,False
6151,5,5,9.870483738883323,2.1295162611166782,0.8225403115736102,0.9615491921157273,8.0,4.0,False,main,False
6151,6,6,10.870483738883323,2.1295162611166782,0.8361910568371786,0.9648606982503617,5.0,3.0,False,main,False
6151,7,7,11.870483738883323,2.1295162611166782,0.847891695634523,0.96764650935718,3.0,2.0,False,main,False
6151,8,8,12.870483738883323,2.1295162611166782,0.8580322492588882,0.9700227011605944,1.0,1.0,False,main,False
6151,9,9,13.870483738883323,2.1295162611166782,0.8669052336802077,0.9720734943916863,-1.0,-1.0,True,main,False
597,1,1,5.858366644674717,2.141633355325282,0.7322958305843397,0.9374411290255861,26.0,10.0,False,main,True
597,2,2,6.858366644674717,2.141633355325282,0.7620407382971908,0.9456829984170526,19.0,8.0,False,main,True
597,3,3,7.858366644674717,2.141633355325282,0.7858366644674717,0.9520016796260853,15.0,7.0,False,main,False
597,4,4,8.858366644674717,2.141633355325282,0.8053060586067925,0.9570010930419204,11.0,5.0,False,main,False
597,5,5,9.858366644674717,2.141633355325282,0.8215305537228931,0.9610559129884199,8.0,4.0,False,main,False
597,6,6,10.858366644674717,2.141633355325282,0.835258972667286,0.9644110428003698,5.0,3.0,False,main,False
597,7,7,11.858366644674717,2.141633355325282,0.847026188905337,0.967233376963736,3.0,2.0,False,main,False
597,8,8,12.858366644674717,2.141633355325282,0.8572244429783145,0.9696405966248761,1.0,1.0,False,main,False
597,9,9,13.858366644674717,2.141633355325282,0.8661479152921698,0.9717180773435478,-1.0,-1.0,True,main,False
6924,1,1,5.886957752760744,2.113042247239256,0.735869719095093,0.9393389188533973,25.0,10.0,False,main,True
10802,0,1,5.092947403804745,2.907052596195255,0.6366184254755931,0.8792079557299082,55.0,16.0,False,main,True
10802,0,2,5.092947403804745,3.907052596195255,0.5658830448671939,0.8153287915108836,98.0,24.0,False,main,False
10802,0,3,5.092947403804745,4.907052596195255,0.5092947403804745,0.7567723473097632,172.0,33.0,False,main,True
10802,0,4,5.092947403804745,5.907052596195255,0.4629952185277041,0.7043611767827236,304.0,44.0,False,main,True
10802,0,5,5.092947403804745,6.907052596195255,0.4244122836503954,0.6577856358148169,557.0,60.0,False,main,True
11185,1,1,5.852024095207096,2.1479759047929043,0.731503011900887,0.9370171765045505,26.0,10.0,False,main,True
11185,2,2,6.852024095207096,2.1479759047929043,0.7613360105785661,0.9453173173716705,19.0,8.0,False,main,False
11185,3,3,7.852024095207096,2.1479759047929043,0.7852024095207095,0.9516801361204262,15.0,7.0,False,main,False
11185,4,4,8.852024095207096,2.1479759047929043,0.8047294632006451,0.9567141522528668,11.0,5.0,False,main,False
11185,5,5,9.852024095207096,2.1479759047929043,0.8210020079339246,0.9607968350359003,8.0,4.0,False,main,False
11185,6,6,10.852024095207096,2.1479759047929043,0.8347710842466997,0.9641748857199022,5.0,3.0,False,main,False
11185,7,7,11.852024095207096,2.1479759047929043,0.8465731496576497,0.9670164084979377,3.0,2.0,False,main,False
11185,8,8,12.852024095207096,2.1479759047929043,0.8568016063471398,0.9694399286789755,1.0,1.0,False,main,False
11185,9,9,13.852024095207096,2.1479759047929043,0.8657515059504435,0.9715314289688843,-1.0,-1.0,True,main,False
5985,1,1,5.950370018339669,2.0496299816603316,0.7437962522924586,0.9434692101488927,24.0,9.0,False,main,True
7449,1,1,5.985958161457008,2.014041838542992,0.748244770182126,0.9457387551237157,23.0,9.0,False,main,True
2587,0,1,5.115967233334426,2.884032766665574,0.6394959041668032,0.881152398162795,54.0,16.0,False,main,True
191,1,1,6.012329013511841,1.9876709864881594,0.7515411266889801,0.9473976162210254,23.0,9.0,False,main,True
4534,1,1,6.133660404050765,1.8663395959492348,0.7667075505063456,0.9547721559032127,21.0,9.0,False,main,True
4059,1,1,5.855801626498735,2.1441983735012644,0.7319752033123419,0.9372698051582748,26.0,10.0,False,main,True
6558,0,1,4.851503401786909,3.148496598213091,0.6064379252233636,0.8581490194337952,68.0,18.0,False,main,True
6558,0,2,4.851503401786909,4.148496598213091,0.5390559335318788,0.793688762374088,124.0,26.0,False,main,False
6558,0,3,4.851503401786909,5.148496598213091,0.48515034017869085,0.7354332424558458,225.0,36.0,False,main,False
6558,0,4,4.851503401786909,6.148496598213091,0.4410457637988099,0.6836885631990204,418.0,49.0,False,main,False
6558,0,5,4.851503401786909,7.148496598213091,0.40429195014890906,0.637921821499781,821.0,67.0,False,main,True
6558,0,6,4.851503401786909,8.148496598213091,0.37319256936822376,0.5973996549807834,1799.0,89.0,False,main,True
6558,0,7,4.851503401786909,9.148496598213091,0.34653595727049347,0.5614015861748167,-1.0,120.0,False,main,True
6558,0,8,4.851503401786909,10.148496598213091,0.3234335601191273,0.5292859541497481,-1.0,160.0,False,main,True
6558,0,9,4.851503401786909,11.148496598213091,0.3032189626116818,0.5005027695077837,-1.0,215.0,False,main,True
7096,0,1,4.890993814022468,3.109006185977532,0.6113742267528085,0.8616752647765901,66.0,18.0,False,main,True
328,1,1,5.977786935796125,2.0222130642038745,0.7472233669745156,0.9452207762765,24.0,9.0,False,main,True
328,2,2,6.977786935796125,2.0222130642038745,0.7753096595329028,0.952398114111632,18.0,8.0,False,main,True
328,3,3,7.977786935796125,2.0222130642038745,0.7977786935796125,0.9579093782596314,14.0,7.0,False,main,True
328,4,4,8.977786935796125,2.0222130642038745,0.8161624487087387,0.9622751604743726,10.0,5.0,False,main,False
328,5,5,9.977786935796125,2.0222130642038745,0.8314822446496771,0.9658193709056436,8.0,4.0,False,main,False
328,6,6,10.977786935796125,2.0222130642038745,0.8444451489073942,0.9687541972112608,5.0,3.0,False,main,False
328,7,7,11.977786935796125,2.0222130642038745,0.8555562096997232,0.9712244897343505,3.0,2.0,False,main,False
328,8,8,12.977786935796125,2.0222130642038745,0.8651857957197416,0.9733325288783744,1.0,1.0,False,main,False
328,9,9,13.977786935796125,2.0222130642038745,0.8736116834872578,0.9751526030278056,-1.0,-1.0,True,main,False
9911,1,1,6.043109993885692,1.9568900061143077,0.7553887492357115,0.9493089327245979,23.0,9.0,False,main,True
9911,2,2,7.043109993885692,1.9568900061143077,0.7825677770984103,0.9559305635210255,17.0,8.0,False,main,False
9911,3,3,8.043109993885693,1.9568900061143077,0.8043109993885693,0.9610194996325143,13.0,7.0,False,main,False
9911,4,4,9.043109993885693,1.9568900061143077,0.822100908535063,0.9650533621235675,10.0,5.0,False,main,False
9911,5,5,10.043109993885693,1.9568900061143077,0.8369258328238077,0.9683297887402103,7.0,4.0,False,main,False
9911,6,6,11.043109993885693,1.9568900061143077,0.8494699995296687,0.9710439893692382,5.0,3.0,False,main,False
9911,7,7,12.043109993885693,1.9568900061143077,0.8602221424204066,0.9733293501772756,3.0,2.0,False,main,False
9911,8,8,13.043109993885693,1.9568900061143077,0.8695406662590462,0.9752801286084573,1.0,1.0,False,main,False
9911,9,9,14.043109993885693,1.9568900061143077,0.8776943746178558,0.976964829101928,-1.0,-1.0,True,main,False
6397,1,1,5.869386774190206,2.130613225809794,0.7336733467737757,0.9381751985634855,25.0,10.0,False,main,True
787,1,1,5.853177196691734,2.146822803308267,0.7316471495864667,0.9370943322189853,26.0,10.0,False,main,True
3255,0,1,4.851441334604742,3.148558665395258,0.6064301668255927,0.8581434523729351,68.0,18.0,False,main,True
2707,1,1,6.113772990469049,1.886227009530951,0.7642216238086311,0.9535929895678882,21.0,9.0,False,main,True
2707,2,2,7.113772990469049,1.886227009530951,0.7904192211632277,0.9596351022482329,17.0,8.0,False,main,True
2707,3,3,8.113772990469048,1.886227009530951,0.8113772990469048,0.9642829803246984,13.0,6.0,False,main,False
2707,4,4,9.113772990469048,1.886227009530951,0.828524817315368,0.9679698290813937,10.0,5.0,False,main,False
2707,5,5,10.113772990469048,1.886227009530951,0.8428144158724207,0.9709660601108201,7.0,4.0,False,main,False
2707,6,6,11.113772990469048,1.886227009530951,0.8549056146514652,0.9734492546596607,5.0,3.0,False,main,False
2707,7,7,12.113772990469048,1.886227009530951,0.8652694993192177,0.9755408768756478,3.0,2.0,False,main,False
2707,8,8,13.113772990469048,1.886227009530951,0.8742515326979365,0.9773268304682672,1.0,1.0,False,main,False
2707,9,9,14.113772990469048,1.886227009530951,0.8821108119043155,0.9788695913091614,-1.0,-1.0,True,main,False
12106,0,1,4.8936665045111365,3.106333495488863,0.6117083130638921,0.8619127758471496,66.0,18.0,False,main,True
4834,0,1,5.045663093617843,2.9543369063821574,0.6307078867022303,0.8751789019257505,57.0,17.0,False,main,True
2929,1,1,6.114417969586454,1.8855820304135458,0.7643022461983068,0.95363141667398,21.0,9.0,False,main,True
12054,0,1,4.929759836688324,3.0702401633116763,0.6162199795860405,0.8651059848860775,63.0,17.0,False,main,True
7384,0,1,5.079770764461736,2.920229235538264,0.634971345557717,0.87808991087467,56.0,16.0,False,main,True
7720,0,1,4.913222389885798,3.086777610114202,0.6141527987357247,0.863646201914848,64.0,17.0,False,main,True
7720,0,2,4.913222389885798,4.086777610114202,0.5459135988761997,0.799299826197565,117.0,25.0,False,main,True
7720,0,3,4.913222389885798,5.086777610114202,0.49132223898857974,0.7409481964543052,209.0,35.0,False,main,True
7720,0,4,4.913222389885798,6.086777610114202,0.44665658089870885,0.6890211649425682,383.0,48.0,False,main,True
884,1,1,6.03915047162679,1.9608495283732092,0.7548938089533488,0.949064588828927,23.0,9.0,False,main,True
884,2,2,7.03915047162679,1.9608495283732092,0.7821278301807545,0.95571936042645,17.0,8.0,False,main,True
884,3,3,8.03915047162679,1.9608495283732092,0.803915047162679,0.9608334995150206,13.0,7.0,False,main,False
884,4,4,9.03915047162679,1.9608495283732092,0.8217409519660719,0.9648871794645963,10.0,5.0,False,main,False
884,5,5,10.03915047162679,1.9608495283732092,0.8365958726355659,0.9681796003527824,7.0,4.0,False,main,False
884,6,6,11.03915047162679,1.9608495283732092,0.8491654208943685,0.9709069825820139,5.0,3.0,False,main,False
884,7,7,12.03915047162679,1.9608495283732092,0.8599393194019136,0.9732033951452722,3.0,2.0,False,main,False
884,8,8,13.03915047162679,1.9608495283732092,0.8692766981084527,0.9751635736185098,1.0,1.0,False,main,False
884,9,9,14.03915047162679,1.9608495283732092,0.8774469044766744,0.9768563672980606,-1.0,-1.0,True,main,False
2008,1,1,5.994046625227565,2.005953374772435,0.7492558281534456,0.9462496440972348,23.0,9.0,False,main,True
37,0,1,4.96810181531033,3.03189818468967,0.6210127269137913,0.8684689234176053,61.0,17.0,False,main,True
1123,1,1,6.095802885416873,1.904197114583127,0.7619753606771091,0.9525173962768115,22.0,9.0,False,main,True
1123,2,2,7.095802885416873,1.904197114583127,0.788422542824097,0.9587047325719377,17.0,8.0,False,main,True
1123,3,3,8.095802885416873,1.904197114583127,0.8095802885416873,0.9634631988184968,13.0,6.0,False,main,True
1123,4,4,9.095802885416873,1.904197114583127,0.8268911714015339,0.9672370921368385,10.0,5.0,False,main,False
1123,5,5,10.095802885416873,1.904197114583127,0.8413169071180727,0.9703036300523378,7.0,4.0,False,main,False
1123,6,6,11.095802885416873,1.904197114583127,0.853523298878221,0.9728448039397027,5.0,3.0,False,main,False
1123,7,7,12.095802885416873,1.904197114583127,0.8639859203869195,0.9749850622464866,3.0,2.0,False,main,False
1123,8,8,13.095802885416873,1.904197114583127,0.8730535256944582,0.976812400786515,1.0,1.0,False,main,False
1123,9,9,14.095802885416873,1.904197114583127,0.8809876803385546,0.978390805823997,-1.0,-1.0,True,main,False
10372,1,1,5.958923140978526,2.041076859021474,0.7448653926223158,0.9440178765051259,24.0,9.0,False,main,True
10372,2,2,6.958923140978526,2.041076859021474,0.7732136823309473,0.9513592162872639,18.0,8.0,False,main,False
10372,3,3,7.958923140978526,2.041076859021474,0.7958923140978527,0.9569950076981614,14.0,7.0,False,main,False
10372,4,4,8.958923140978527,2.041076859021474,0.8144475582707752,0.9614585940753627,11.0,5.0,False,main,False
10372,5,5,9.958923140978527,2.041076859021474,0.8299102617482106,0.9650816693719151,8.0,4.0,False,main,False
10372,6,6,10.958923140978527,2.041076859021474,0.842994087767579,0.9680814451645257,5.0,3.0,False,main,False
10372,7,7,11.958923140978527,2.041076859021474,0.8542087957841805,0.9706061609350339,3.0,2.0,False,main,False
10372,8,8,12.958923140978527,2.041076859021474,0.8639282093985685,0.9727604670778173,1.0,1.0,False,main,False
10372,9,9,13.958923140978527,2.041076859021474,0.8724326963111579,0.9746203594798165,-1.0,-1.0,True,main,False
5133,0,1,4.858366622001769,3.14163337799823,0.6072958277502212,0.8587641295519162,68.0,18.0,False,main,True
7395,1,1,5.996257978923179,2.0037420210768215,0.7495322473653974,0.9463889989701794,23.0,9.0,False,main,True
9023,0,1,5.053237273736741,2.9467627262632594,0.6316546592170926,0.875827447383397,57.0,17.0,False,main,True
7404,0,1,5.042757248497775,2.9572427515022253,0.6303446560622219,0.874929768018649,57.0,17.0,False,main,True
491,1,1,5.89413753688189,2.10586246311811,0.7367671921102362,0.939812047773547,25.0,10.0,False,main,True
10273,1,1,5.905858165372393,2.0941418346276066,0.7382322706715492,0.9405814174058156,25.0,10.0,False,main,True
10273,2,2,6.905858165372393,2.0941418346276066,0.7673175739302659,0.9483924900083484,19.0,8.0,False,main,False
10273,3,3,7.905858165372393,2.0941418346276066,0.7905858165372394,0.954384674732774,14.0,7.0,False,main,False
10273,4,4,8.905858165372393,2.0941418346276066,0.8096234695793085,0.9591280120289826,11.0,5.0,False,main,False
10273,5,5,9.905858165372393,2.0941418346276066,0.8254881804476994,0.9629765650237241,8.0,4.0,False,main,False
10273,6,6,10.905858165372393,2.0941418346276066,0.8389121665671072,0.9661619677819006,5.0,3.0,False,main,False
10273,7,7,11.905858165372393,2.0941418346276066,0.8504184403837424,0.9688421811402474,3.0,2.0,False,main,False
10273,8,8,12.905858165372393,2.0941418346276066,0.8603905443581595,0.9711286490126215,1.0,1.0,False,main,False
10273,9,9,13.905858165372393,2.0941418346276066,0.8691161353357746,0.9731022591229762,-1.0,-1.0,True,main,False
6482,1,1,5.853489728003234,2.1465102719967653,0.7316862160004043,0.9371152380736081,26.0,10.0,False,main,True
9828,1,1,5.912205321021556,2.087794678978444,0.7390256651276945,0.9409965069212399,25.0,10.0,False,main,True
9828,2,2,6.912205321021556,2.087794678978444,0.7680228134468395,0.9487507460326428,19.0,8.0,False,main,False
9828,3,3,7.912205321021556,2.087794678978444,0.7912205321021556,0.9546998319694578,14.0,7.0,False,main,False
9828,4,4,8.912205321021556,2.087794678978444,0.8102004837292324,0.9594093515081347,11.0,5.0,False,main,False
9828,5,5,9.912205321021556,2.087794678978444,0.8260171100851297,0.9632306554485673,8.0,4.0,False,main,False
9828,6,6,10.912205321021556,2.087794678978444,0.8394004093093504,0.966393630285762,5.0,3.0,False,main,False
9828,7,7,11.912205321021556,2.087794678978444,0.8508718086443968,0.9690550595528652,3.0,2.0,False,main,False
9828,8,8,12.912205321021556,2.087794678978444,0.8608136880681038,0.9713255647892345,1.0,1.0,False,main,False
9828,9,9,13.912205321021556,2.087794678978444,0.8695128325638473,0.9732854417573481,-1.0,-1.0,True,main,False
7212,0,1,4.9575032165539525,3.042496783446048,0.6196879020692441,0.8675423510422425,62.0,17.0,False,main,True
7677,0,1,4.960741126465621,3.0392588735343793,0.6200926408082026,0.867825667511699,62.0,17.0,False,main,True
7677,0,2,4.960741126465621,4.039258873534379,0.5511934584961801,0.8035828705058544,111.0,25.0,False,main,True
7677,0,3,4.960741126465621,5.039258873534379,0.4960741126465621,0.7451661058608252,198.0,34.0,False,main,True
11359,1,1,6.136799866116418,1.863200133883582,0.7670999832645522,0.9549572200769498,21.0,9.0,False,main,True
6516,0,1,5.126439692877587,2.873560307122413,0.6408049616096984,0.8820332699615161,53.0,16.0,False,main,True
3853,1,1,5.946985764127829,2.053014235872171,0.7433732205159786,0.9432515586431137,24.0,9.0,False,main,True
3853,2,2,6.946985764127829,2.053014235872171,0.7718873071253144,0.9506974923554574,18.0,8.0,False,main,True
3853,3,3,7.946985764127829,2.053014235872171,0.794698576412783,0.9564126760902574,14.0,7.0,False,main,True
3853,4,4,8.94698576412783,2.053014235872171,0.8133623421934391,0.9609386021346408,11.0,5.0,False,main,False
3853,5,5,9.94698576412783,2.053014235872171,0.8289154803439858,0.9646119357449181,8.0,4.0,False,main,False
3853,6,6,10.94698576412783,2.053014235872171,0.842075828009833,0.9676530956910148,5.0,3.0,False,main,False
3853,7,7,11.94698576412783,2.053014235872171,0.8533561260091307,0.9702124842656268,3.0,2.0,False,main,False
3853,8,8,12.94698576412783,2.053014235872171,0.8631323842751886,0.9723962638660792,1.0,1.0,False,main,False
3853,9,9,13.94698576412783,2.053014235872171,0.8716866102579893,0.9742815194750871,-1.0,-1.0,True,main,False
4697,1,1,6.098498277446131,1.901501722553869,0.7623122846807664,0.9526793362390052,22.0,9.0,False,main,True
10475,1,1,6.108905648729706,1.8910943512702936,0.7636132060912133,0.9533026007399448,22.0,9.0,False,main,True
10475,2,2,7.108905648729706,1.8910943512702936,0.7898784054144118,0.9593839025548571,17.0,8.0,False,main,False
10475,3,3,8.108905648729706,1.8910943512702936,0.8108905648729706,0.9640616273718896,13.0,6.0,False,main,False
10475,4,4,9.108905648729706,1.8910943512702936,0.8280823317027006,0.9677719710933945,10.0,5.0,False,main,False
10475,5,5,10.108905648729706,1.8910943512702936,0.8424088040608089,0.9707871808022703,7.0,4.0,False,main,False
10475,6,6,11.108905648729706,1.8910943512702936,0.8545312037484389,0.9732860273346341,5.0,3.0,False,main,False
10475,7,7,12.108905648729706,1.8910943512702936,0.8649218320521219,0.9753907799431123,3.0,2.0,False,main,False
10475,8,8,13.108905648729706,1.8910943512702936,0.8739270432486471,0.9771879068127451,1.0,1.0,False,main,False
10475,9,9,14.108905648729706,1.8910943512702936,0.8818066030456067,0.9787402913777903,-1.0,-1.0,True,main,False
5143,0,1,5.129056590317572,2.870943409682428,0.6411320737896965,0.8822530215261318,53.0,16.0,False,main,True
2905,1,1,5.9810495331869955,2.0189504668130045,0.7476311916483744,0.9454278183313534,24.0,9.0,False,main,True
11102,0,1,4.964499293143632,3.0355007068563675,0.620562411642954,0.8681542358058499,62.0,17.0,False,main,True
11102,0,2,4.964499293143632,4.035500706856368,0.5516110325715147,0.8039202307346436,111.0,25.0,False,main,False
11102,0,3,4.964499293143632,5.035500706856368,0.4964499293143632,0.7454986472757018,198.0,34.0,False,main,True
11102,0,4,4.964499293143632,6.035500706856368,0.451318117558512,0.6934263225528439,358.0,47.0,False,main,True
11102,0,5,4.964499293143632,7.035500706856368,0.413708274428636,0.6472704142572984,679.0,63.0,False,main,True
6679,0,1,4.88292591257807,3.1170740874219294,0.6103657390722588,0.8609574226683422,66.0,18.0,False,main,True
7162,1,1,6.126547274139094,1.873452725860906,0.7658184092673868,0.9543517602029329,21.0,9.0,False,main,True
7162,2,2,7.126547274139094,1.873452725860906,0.7918385860154549,0.9602915381190449,16.0,8.0,False,main,True
7162,3,3,8.126547274139094,1.873452725860906,0.8126547274139094,0.9648614628762013,13.0,6.0,False,main,True
7162,4,4,9.126547274139094,1.873452725860906,0.8296861158308267,0.9684869392827079,10.0,5.0,False,main,False
7162,5,5,10.126547274139094,1.873452725860906,0.8438789395115912,0.9714335898148002,7.0,4.0,False,main,False
7162,6,6,11.126547274139094,1.873452725860906,0.8558882518568534,0.9738758910918528,5.0,3.0,False,main,False
7162,7,7,12.126547274139094,1.873452725860906,0.8661819481527925,0.9759332056581164,3.0,2.0,False,main,False
7162,8,8,13.126547274139094,1.873452725860906,0.875103151609273,0.9776899635101439,1.0,1.0,False,main,False
7162,9,9,14.126547274139094,1.873452725860906,0.8829092046336934,0.9792075763290682,-1.0,-1.0,True,main,False
2705,1,1,5.875797148985638,2.124202851014362,0.7344746436232048,0.9386007138036699,25.0,10.0,False,main,True
10043,1,1,5.918435801330135,2.0815641986698648,0.7398044751662669,0.9414029015448718,25.0,10.0,False,main,True
10043,2,2,6.918435801330135,2.0815641986698648,0.7687150890366817,0.9491015227111645,19.0,8.0,False,main,False
10043,3,3,7.918435801330135,2.0815641986698648,0.7918435801330135,0.9550084259114431,14.0,7.0,False,main,False
10043,4,4,8.918435801330135,2.0815641986698648,0.8107668910300123,0.9596848431286203,11.0,5.0,False,main,False
10043,5,5,9.918435801330135,2.0815641986698648,0.8265363167775113,0.9634794723998278,8.0,4.0,False,main,False
10043,6,6,10.918435801330135,2.0815641986698648,0.839879677025395,0.9666204907095773,5.0,3.0,False,main,False
10043,7,7,11.918435801330135,2.0815641986698648,0.8513168429521525,0.9692635297599018,3.0,2.0,False,main,False
10043,8,8,12.918435801330135,2.0815641986698648,0.8612290534220091,0.9715184064149395,1.0,1.0,False,main,False
10043,9,9,13.918435801330135,2.0815641986698648,0.8699022375831335,0.973464837160573,-1.0,-1.0,True,main,False
9241,1,1,5.992987269495263,2.0070127305047367,0.7491234086869079,0.9461828369708409,23.0,9.0,False,main,True
2824,0,1,5.0758606550989045,2.9241393449010955,0.6344825818873631,0.8777574321850602,56.0,17.0,False,main,True
3558,1,1,6.014451473122766,1.985548526877234,0.7518064341403458,0.9475302751925333,23.0,9.0,False,main,True
3558,2,2,7.014451473122766,1.985548526877234,0.7793834970136406,0.9543933618651331,18.0,8.0,False,main,True
3558,3,3,8.014451473122765,1.985548526877234,0.8014451473122766,0.9596658725604597,14.0,7.0,False,main,True
3558,4,4,9.014451473122765,1.985548526877234,0.8194955884657059,0.9638440539858096,10.0,5.0,False,main,False
3558,5,5,10.014451473122765,1.985548526877234,0.8345376227602305,0.9672369397366102,7.0,4.0,False,main,False
3558,6,6,11.014451473122765,1.985548526877234,0.8472654979325204,0.9700471078908285,5.0,3.0,False,main,False
3558,7,7,12.014451473122765,1.985548526877234,0.8581751052230546,0.9724129220544475,3.0,2.0,False,main,False
3558,8,8,13.014451473122765,1.985548526877234,0.8676300982081844,0.9744321242074296,1.0,1.0,False,main,False
3558,9,9,14.014451473122765,1.985548526877234,0.8759032170701728,0.976175731575415,-1.0,-1.0,True,main,False
7835,1,1,6.129370218320759,1.8706297816792414,0.7661712772900948,0.9545187813291433,21.0,9.0,False,main,True
7835,2,2,7.129370218320759,1.8706297816792414,0.7921522464800843,0.9604360457845538,16.0,8.0,False,main,False
7835,3,3,8.129370218320759,1.8706297816792414,0.8129370218320758,0.9649888181526658,13.0,6.0,False,main,False
7835,4,4,9.129370218320759,1.8706297816792414,0.829942747120069,0.9686007888906867,10.0,5.0,False,main,False
7835,5,5,10.129370218320759,1.8706297816792414,0.8441141848600632,0.9715365276389459,7.0,4.0,False,main,False
7835,6,6,11.129370218320759,1.8706297816792414,0.8561054014092891,0.9739698283460188,5.0,3.0,False,main,False
7835,7,7,12.129370218320759,1.8706297816792414,0.8663835870229113,0.9760195913574893,3.0,2.0,False,main,False
7835,8,8,13.129370218320759,1.8706297816792414,0.8752913478880505,0.9777699225152477,1.0,1.0,False,main,False
7835,9,9,14.129370218320759,1.8706297816792414,0.8830856386450474,0.979281999396083,-1.0,-1.0,True,main,False
6889,1,1,5.988781395036869,2.0112186049631307,0.7485976743796087,0.945917286801738,23.0,9.0,False,main,True
2603,0,1,5.0312543470463975,2.968745652953602,0.6289067933807997,0.873941830743314,58.0,17.0,False,main,True
6059,0,1,5.073726682861616,2.926273317138384,0.634215835357702,0.8775758436892058,56.0,17.0,False,main,True
4722,1,1,5.953592404379158,2.046407595620842,0.7441990505473948,0.9436761575429878,24.0,9.0,False,main,True
11521,0,1,4.849832957253971,3.150167042746028,0.6062291196567464,0.8579991632532861,68.0,18.0,False,main,True
2989,1,1,5.924489342364241,2.0755106576357587,0.7405611677955302,0.9417967421551445,24.0,10.0,False,main,True
4982,1,1,6.096275244451,1.9037247555489998,0.762034405556375,0.9525457912236053,22.0,9.0,False,main,True
10850,0,1,4.875031974656179,3.1249680253438212,0.6093789968320223,0.8602537796544922,67.0,18.0,False,main,True
10850,0,2,4.875031974656179,4.124968025343821,0.541670219406242,0.7958342183780928,121.0,26.0,False,main,True
10850,0,3,4.875031974656179,5.124968025343821,0.4875031974656179,0.7375405377125184,219.0,36.0,False,main,True
10850,0,4,4.875031974656179,6.124968025343821,0.4431847249687435,0.685725384498617,404.0,49.0,False,main,True
10732,1,1,6.037608566753988,1.9623914332460122,0.7547010708442485,0.9489693154010479,23.0,9.0,False,main,True
10732,2,2,7.037608566753988,1.9623914332460122,0.7819565074171098,0.9556370116416689,17.0,8.0,False,main,False
10732,3,3,8.037608566753988,1.9623914332460122,0.8037608566753989,0.9607609791139065,13.0,7.0,False,main,False
10732,4,4,9.037608566753988,1.9623914332460122,0.8216007787958172,0.9648223869239981,10.0,5.0,False,main,False
10732,5,5,10.037608566753988,1.9623914332460122,0.8364673805628323,0.9681210446014777,7.0,4.0,False,main,False
10732,6,6,11.037608566753988,1.9623914332460122,0.8490468128272298,0.9708535667108118,5.0,3.0,False,main,False
10732,7,7,12.037608566753988,1.9623914332460122,0.8598291833395706,0.9731542885718235,3.0,2.0,False,main,False
10732,8,8,13.037608566753988,1.9623914332460122,0.8691739044502659,0.9751181322397001,1.0,1.0,False,main,False
10732,9,9,14.037608566753988,1.9623914332460122,0.8773505354221243,0.9768140815051581,-1.0,-1.0,True,main,False
10340,1,1,6.067795945693237,1.9322040543067633,0.7584744932116546,0.9508221150856808,22.0,9.0,False,main,True
10340,2,2,7.067795945693237,1.9322040543067633,0.7853106606325819,0.9572387195757954,17.0,8.0,False,main,False
10340,3,3,8.067795945693238,1.9322040543067633,0.8067795945693237,0.9621716897537331,13.0,6.0,False,main,False
10340,4,4,9.067795945693238,1.9322040543067633,0.8243450859721124,0.9660828862384631,10.0,5.0,False,main,False
10340,5,5,10.067795945693238,1.9322040543067633,0.8389829954744363,0.9692602941689605,7.0,4.0,False,main,False
10340,6,6,11.067795945693238,1.9322040543067633,0.8513689188994797,0.9718928775551833,5.0,3.0,False,main,False
10340,7,7,12.067795945693238,1.9322040543067633,0.861985424692374,0.9741098007289902,3.0,2.0,False,main,False
10340,8,8,13.067795945693238,1.9322040543067633,0.8711863963795491,0.9760023641302381,1.0,1.0,False,main,False
10340,9,9,14.067795945693238,1.9322040543067633,0.8792372466058274,0.9776369389717672,-1.0,-1.0,True,main,False
4072,1,1,5.894068224720037,2.105931775279963,0.7367585280900046,0.9398074869232389,25.0,10.0,False,main,True
8282,0,1,5.034853942409711,2.965146057590289,0.6293567428012139,0.8742512822034018,58.0,17.0,False,main,True
8282,0,2,5.034853942409711,3.965146057590289,0.5594282158233013,0.8101984033898413,104.0,24.0,False,main,False
8282,0,3,5.034853942409711,4.965146057590289,0.5034853942409712,0.7516957171654355,183.0,33.0,False,main,True
8282,0,4,5.034853942409711,5.965146057590289,0.4577139947645192,0.6994333156115196,327.0,46.0,False,main,True
5442,1,1,5.975757655230749,2.0242423447692506,0.7469697069038437,0.9450918495824957,24.0,9.0,False,main,True
5442,2,2,6.975757655230749,2.0242423447692506,0.7750841839145277,0.9522867545415121,18.0,8.0,False,main,True
5442,3,3,7.975757655230749,2.0242423447692506,0.797575765523075,0.9578113598785091,14.0,7.0,False,main,True
5442,4,4,8.97575765523075,2.0242423447692506,0.8159779686573408,0.9621876217230417,10.0,5.0,False,main,False
5442,5,5,9.97575765523075,2.0242423447692506,0.8313131379358958,0.9657402833368812,8.0,4.0,False,main,False
5442,6,6,10.97575765523075,2.0242423447692506,0.8442890504023653,0.9686820702280189,5.0,3.0,False,main,False
5442,7,7,11.97575765523075,2.0242423447692506,0.8554112610879107,0.9711581956437264,3.0,2.0,False,main,False
5442,8,8,12.97575765523075,2.0242423447692506,0.8650505103487166,0.9732711938021333,1.0,1.0,False,main,False
5442,9,9,13.97575765523075,2.0242423447692506,0.8734848534519218,0.9750955359763771,-1.0,-1.0,True,main,False
872,1,1,5.940395421436946,2.0596045785630532,0.7425494276796183,0.942826808244162,24.0,9.0,False,main,True
872,2,2,6.940395421436946,2.0596045785630532,0.7711550468263274,0.9503307541090731,18.0,8.0,False,main,True
872,3,3,7.940395421436946,2.0596045785630532,0.7940395421436947,0.9560899633701183,14.0,7.0,False,main,True
872,4,4,8.940395421436946,2.0596045785630532,0.8127632201306315,0.9606504535815934,11.0,5.0,False,main,False
872,5,5,9.940395421436946,2.0596045785630532,0.8283662851197455,0.9643516496655961,8.0,4.0,False,main,False
872,6,6,10.940395421436946,2.0596045785630532,0.8415688785720727,0.9674157502822592,5.0,3.0,False,main,False
872,7,7,11.940395421436946,2.0596045785630532,0.8528853872454961,0.9699943577601337,3.0,2.0,False,main,False
872,8,8,12.940395421436946,2.0596045785630532,0.8626930280957964,0.9721944732881342,1.0,1.0,False,main,False
872,9,9,13.940395421436946,2.0596045785630532,0.8712747138398091,0.9740937859457791,-1.0,-1.0,True,main,False
3297,0,1,5.069168648995922,2.9308313510040778,0.6336460811244903,0.8771876611191518,56.0,17.0,False,main,True
7892,0,1,4.929891559323717,3.0701084406762833,0.6162364449154646,0.8651175897745806,63.0,17.0,False,main,True
7892,0,2,4.929891559323717,4.070108440676283,0.5477657288137463,0.8008059554582279,115.0,25.0,False,main,False
7892,0,3,4.929891559323717,5.070108440676283,0.4929891559323717,0.7424305924350361,205.0,35.0,False,main,True
7892,0,4,4.929891559323717,6.070108440676283,0.4481719599385197,0.6904557078076191,375.0,48.0,False,main,True
4545,0,1,5.054754690640767,2.945245309359233,0.6318443363300958,0.8759572330621805,57.0,17.0,False,main,True
7936,0,1,5.017621926631265,2.982378073368735,0.6272027408289081,0.872767425711203,59.0,17.0,False,main,True
7936,0,2,5.017621926631265,3.982378073368735,0.5575135474034739,0.808667254943735,105.0,24.0,False,main,False
7936,0,3,5.017621926631265,4.982378073368735,0.5017621926631265,0.7501828251635428,186.0,34.0,False,main,True
7936,0,4,5.017621926631265,5.982378073368735,0.45614744787556954,0.697965980585427,334.0,46.0,False,main,True
5244,1,1,5.948858185203292,2.0511418147967078,0.7436072731504115,0.943372018691529,24.0,9.0,False,main,True
9633,0,1,4.953772941312071,3.046227058687929,0.6192216176640088,0.8672156854163611,62.0,17.0,False,main,True
9633,0,2,4.953772941312071,4.046227058687929,0.5504192157013412,0.8029568210468578,112.0,25.0,False,main,False
9633,0,3,4.953772941312071,5.046227058687929,0.49537729413120707,0.7445491206859185,200.0,35.0,False,main,True
9633,0,4,4.953772941312071,6.046227058687929,0.4503429946647337,0.6925067201890197,363.0,47.0,False,main,True
2410,1,1,5.944787215806862,2.0552127841931376,0.7430984019758577,0.9431099942020575,24.0,9.0,False,main,True
2410,2,2,6.944787215806862,2.0552127841931376,0.7716430239785402,0.950575259661048,18.0,8.0,False,main,True
2410,3,3,7.944787215806862,2.0552127841931376,0.7944787215806862,0.9563051149865897,14.0,7.0,False,main,True
2410,4,4,8.944787215806862,2.0552127841931376,0.8131624741642601,0.9608425600114133,11.0,5.0,False,main,False
2410,5,5,9.944787215806862,2.0552127841931376,0.8287322679839052,0.9645251794243995,8.0,4.0,False,main,False
2410,6,6,10.944787215806862,2.0552127841931376,0.8419067089082202,0.9675739850364156,5.0,3.0,False,main,False
2410,7,7,11.944787215806862,2.0552127841931376,0.8531990868433473,0.9701397789998556,3.0,2.0,False,main,False
2410,8,8,12.944787215806862,2.0552127841931376,0.8629858143871242,0.9723290032141682,1.0,1.0,False,main,False
2410,9,9,13.944787215806862,2.0552127841931376,0.8715492009879289,0.9742189439659068,-1.0,-1.0,True,main,False
4125,1,1,6.114798911684375,1.8852010883156254,0.7643498639605468,0.9536541069547898,21.0,9.0,False,main,True
1472,1,1,5.856090140033395,2.1439098599666053,0.7320112675041743,0.9372890844099584,26.0,10.0,False,main,True
11195,1,1,6.115148250801978,1.8848517491980217,0.7643935313502472,0.9536749110572668,21.0,9.0,False,main,True
11195,2,2,7.115148250801978,1.8848517491980217,0.7905720278668864,0.9597059705669868,17.0,8.0,False,main,False
11195,3,3,8.115148250801978,1.8848517491980217,0.8115148250801978,0.9643454299144468,13.0,6.0,False,main,False
11195,4,4,9.115148250801978,1.8848517491980217,0.828649840981998,0.9680256512316883,10.0,5.0,False,main,False
11195,5,5,10.115148250801978,1.8848517491980217,0.8429290209001649,0.9710165285665795,7.0,4.0,False,main,False
11195,6,6,11.115148250801978,1.8848517491980217,0.8550114039078445,0.9734953077129643,5.0,3.0,False,main,False
11195,7,7,12.115148250801978,1.8848517491980217,0.8653677322001413,0.9755832257707736,3.0,2.0,False,main,False
11195,8,8,13.115148250801978,1.8848517491980217,0.8743432167201318,0.977366027252602,1.0,1.0,False,main,False
11195,9,9,14.115148250801978,1.8848517491980217,0.8821967656751236,0.9789060730813872,-1.0,-1.0,True,main,False
6872,0,1,5.003531671551602,2.9964683284483984,0.6254414589439502,0.8715495173736774,59.0,17.0,False,main,True
568,1,1,6.078550476975357,1.9214495230246433,0.7598188096219196,0.9514758088092128,22.0,9.0,False,main,True
568,2,2,7.078550476975357,1.9214495230246433,0.7865056085528175,0.9578039541436353,17.0,8.0,False,main,True
568,3,3,8.078550476975357,1.9214495230246433,0.8078550476975357,0.9626696071906087,13.0,6.0,False,main,False
568,4,4,9.078550476975357,1.9214495230246433,0.8253227706341234,0.9665278444076543,10.0,5.0,False,main,False
568,5,5,10.078550476975357,1.9214495230246433,0.8398792064146131,0.9696624931299056,7.0,4.0,False,main,False
568,6,6,11.078550476975357,1.9214495230246433,0.8521961905365659,0.972259825618808,5.0,3.0,False,main,False
568,7,7,12.078550476975357,1.9214495230246433,0.8627536054982398,0.974447186017102,3.0,2.0,False,main,False
568,8,8,13.078550476975357,1.9214495230246433,0.8719033651316904,0.976314599478167,1.0,1.0,False,main,False
568,9,9,14.078550476975357,1.9214495230246433,0.8799094048109598,0.9779275169592352,-1.0,-1.0,True,main,False
10988,1,1,5.892853533027331,2.1071464669726687,0.7366066916284164,0.9397275372536696,25.0,10.0,False,main,True
10988,2,2,6.892853533027331,2.1071464669726687,0.7658726147808146,0.9476556030649556,19.0,8.0,False,main,False
10988,3,3,7.892853533027331,2.1071464669726687,0.7892853533027331,0.9537364891471922,14.0,7.0,False,main,False
10988,4,4,8.892853533027331,2.1071464669726687,0.808441230275212,0.9585494157156534,11.0,5.0,False,main,False
10988,5,5,9.892853533027331,2.1071464669726687,0.8244044610856109,0.9624540343275251,8.0,4.0,False,main,False
10988,6,6,10.892853533027331,2.1071464669726687,0.8379118102328716,0.9656855786765965,5.0,3.0,False,main,False
10988,7,7,11.892853533027331,2.1071464669726687,0.8494895380733808,0.9684044340557626,3.0,2.0,False,main,False
10988,8,8,12.892853533027331,2.1071464669726687,0.8595235688684888,0.97072373761467,1.0,1.0,False,main,False
10988,9,9,13.892853533027331,2.1071464669726687,0.8683033458142082,0.9727255957223526,-1.0,-1.0,True,main,False
6658,1,1,6.064974709617922,1.9350252903820784,0.7581218387022403,0.95065007406229,22.0,9.0,False,main,True
11418,1,1,6.089027847693283,1.9109721523067167,0.7611284809616604,0.9521094055157134,22.0,9.0,False,main,True
1897,1,1,5.868287852616442,2.1317121473835585,0.7335359815770552,0.9381021428407835,26.0,10.0,False,main,True
7568,1,1,5.848648043035796,2.151351956964204,0.7310810053794745,0.9367910772442878,26.0,10.0,False,main,True
6450,1,1,5.868706218478167,2.1312937815218334,0.7335882773097708,0.9381299593811168,25.0,10.0,False,main,True
7574,1,1,5.9222965817396345,2.0777034182603655,0.7402870727174543,0.9416541976189998,25.0,10.0,False,main,True
3450,0,1,4.865472804466914,3.134527195533086,0.6081841005583642,0.8594000110047891,67.0,18.0,False,main,True
9822,0,1,4.847011373994267,3.1529886260057336,0.6058764217492834,0.8577459100006845,68.0,18.0,False,main,True
9822,0,2,4.847011373994267,4.152988626005733,0.5385568193326963,0.7932782605576658,125.0,26.0,False,main,False
9822,0,3,4.847011373994267,5.152988626005733,0.48470113739942666,0.7350302380567529,226.0,36.0,False,main,True
9822,0,4,4.847011373994267,6.152988626005733,0.4406373976358424,0.6832991471408077,420.0,49.0,False,main,True
2494,1,1,5.958484631832007,2.0415153681679934,0.7448105789790008,0.9439897962258249,24.0,9.0,False,main,True
2494,2,2,6.958484631832007,2.0415153681679934,0.7731649590924452,0.9513349670791023,18.0,8.0,False,main,False
2494,3,3,7.958484631832007,2.0415153681679934,0.7958484631832007,0.9569736668350407,14.0,7.0,False,main,False
2494,4,4,8.958484631832007,2.0415153681679934,0.8144076938029098,0.9614395370850061,11.0,5.0,False,main,False
2494,5,5,9.958484631832007,2.0415153681679934,0.829873719319334,0.9650644537738019,8.0,4.0,False,main,False
2494,6,6,10.958484631832007,2.0415153681679934,0.8429603562947698,0.9680657459083756,5.0,3.0,False,main,False
2494,7,7,11.958484631832007,2.0415153681679934,0.8541774737022862,0.970591732171583,3.0,2.0,False,main,False
2494,8,8,12.958484631832007,2.0415153681679934,0.8638989754554671,0.9727471183324492,1.0,1.0,False,main,False
2494,9,9,13.958484631832007,2.0415153681679934,0.8724052894895005,0.9746079401677542,-1.0,-1.0,True,main,False
6044,1,1,6.107929820619221,1.892070179380779,0.7634912275774026,0.9532442976369729,22.0,9.0,False,main,True
11734,0,1,4.908754056890129,3.091245943109871,0.6135942571112661,0.8632508176279016,65.0,17.0,False,main,True
3109,0,1,5.1210348433291,2.8789651566709007,0.6401293554161375,0.881578941795923,54.0,16.0,False,main,True
10507,0,1,4.998700613620974,3.0012993863790265,0.6248375767026217,0.8711309904623085,60.0,17.0,False,main,True
10507,0,2,4.998700613620974,4.001299386379026,0.5554111792912193,0.8069810915249808,107.0,24.0,False,main,False
10507,0,3,4.998700613620974,5.001299386379026,0.4998700613620974,0.7485179137760473,190.0,34.0,False,main,True
10507,0,4,4.998700613620974,6.001299386379026,0.45442732851099765,0.6963518402047866,342.0,46.0,False,main,True
10635,1,1,6.12790364178314,1.8720963582168602,0.7659879552228925,0.9544320402253295,21.0,9.0,False,main,True
10635,2,2,7.12790364178314,1.8720963582168602,0.7919892935314601,0.9603609963030161,16.0,8.0,False,main,False
10635,3,3,8.12790364178314,1.8720963582168602,0.8127903641783141,0.9649226763242795,13.0,6.0,False,main,False
10635,4,4,9.12790364178314,1.8720963582168602,0.8298094219802855,0.9685416609595191,10.0,5.0,False,main,False
10635,5,5,10.12790364178314,1.8720963582168602,0.8439919701485951,0.9714830665702928,7.0,4.0,False,main,False
10635,6,6,11.12790364178314,1.8720963582168602,0.8559925878294723,0.9739210416122944,5.0,3.0,False,main,False
10635,7,7,12.12790364178314,1.8720963582168602,0.8662788315559385,0.9759747264519357,3.0,2.0,False,main,False
10635,8,8,13.12790364178314,1.8720963582168602,0.875193576118876,0.977728395267436,1.0,1.0,False,main,False
10635,9,9,14.12790364178314,1.8720963582168602,0.8829939776114463,0.9792433472092356,-1.0,-1.0,True,main,False
10860,1,1,5.9254721412640405,2.0745278587359595,0.7406840176580051,0.9418605882404562,24.0,9.0,False,main,True
10860,2,2,6.9254721412640405,2.0745278587359595,0.7694969045848934,0.9494966015218766,19.0,8.0,False,main,False
10860,3,3,7.9254721412640405,2.0745278587359595,0.792547214126404,0.9553560137459245,14.0,7.0,False,main,False
10860,4,4,8.925472141264041,2.0745278587359595,0.811406558296731,0.959995159098858,11.0,5.0,False,main,False
10860,5,5,9.925472141264041,2.0745278587359595,0.8271226784386702,0.9637597513042171,8.0,4.0,False,main,False
10860,6,6,10.925472141264041,2.0745278587359595,0.8404209339433878,0.966876043798845,5.0,3.0,False,main,False
10860,7,7,11.925472141264041,2.0745278587359595,0.8518194386617173,0.9694983720415679,3.0,2.0,False,main,False
10860,8,8,12.925472141264041,2.0745278587359595,0.8616981427509361,0.9717356472229468,1.0,1.0,False,main,False
10860,9,9,13.925472141264041,2.0745278587359595,0.8703420088290026,0.9736669337789463,-1.0,-1.0,True,main,False
5639,1,1,6.067277297818326,1.9327227021816737,0.7584096622272908,0.9507905049168586,22.0,9.0,False,main,True
5933,1,1,5.968560802480811,2.0314391975191888,0.7460701003101013,0.9446336845041086,24.0,9.0,False,main,True
5933,2,2,6.968560802480811,2.0314391975191888,0.774284533608979,0.9518910381140954,18.0,8.0,False,main,True
5933,3,3,7.968560802480811,2.0314391975191888,0.7968560802480811,0.9574630648134812,14.0,7.0,False,main,True
5933,4,4,8.96856080248081,2.0314391975191888,0.8153237093164374,0.961876573839725,10.0,5.0,False,main,False
5933,5,5,9.96856080248081,2.0314391975191888,0.8307134002067342,0.9654592713198096,8.0,4.0,False,main,False
5933,6,6,10.96856080248081,2.0314391975191888,0.8437354463446778,0.9684257953047911,5.0,3.0,False,main,False
5933,7,7,11.96856080248081,2.0314391975191888,0.8548972001772007,0.9709226493575495,3.0,2.0,False,main,False
5933,8,8,12.96856080248081,2.0314391975191888,0.8645707201653874,0.9730532700645315,1.0,1.0,False,main,False
5933,9,9,13.96856080248081,2.0314391975191888,0.8730350501550507,0.9748927788638801,-1.0,-1.0,True,main,False
9338,1,1,6.00486544788336,1.99513455211664,0.75060818098542,0.9469301111259313,23.0,9.0,False,main,True
3019,1,1,5.993683269795545,2.0063167302044547,0.7492104087244431,0.9462267330357524,23.0,9.0,False,main,True
6280,1,1,6.127503691906695,1.8724963080933046,0.7659379614883369,0.9544083739066562,21.0,9.0,False,main,True
6280,2,2,7.127503691906695,1.8724963080933046,0.7919448546562995,0.9603405201221988,16.0,8.0,False,main,False
6280,3,3,8.127503691906696,1.8724963080933046,0.8127503691906697,0.9649046306091698,13.0,6.0,False,main,False
6280,4,4,9.127503691906696,1.8724963080933046,0.8297730629006087,0.9685255289680643,10.0,5.0,False,main,False
6280,5,5,10.127503691906696,1.8724963080933046,0.8439586409922247,0.9714684807498914,7.0,4.0,False,main,False
6280,6,6,11.127503691906696,1.8724963080933046,0.8559618224543613,0.9739077311457841,5.0,3.0,False,main,False
6280,7,7,12.127503691906696,1.8724963080933046,0.8662502637076211,0.9759624860159992,3.0,2.0,False,main,False
6280,8,8,13.127503691906696,1.8724963080933046,0.8751669127937798,0.9777170654714664,1.0,1.0,False,main,False
6280,9,9,14.127503691906696,1.8724963080933046,0.8829689807441685,0.9792328018350808,-1.0,-1.0,True,main,False
3521,0,1,5.076144187942757,2.9238558120572433,0.6345180234928446,0.877781551954147,56.0,17.0,False,main,True
2920,0,1,5.002226572108472,2.997773427891528,0.625278321513559,0.8714365009739086,59.0,17.0,False,main,True
3798,1,1,6.046115596999027,1.9538844030009734,0.7557644496248783,0.9494941089010924,22.0,9.0,False,main,True
12049,1,1,6.081077393251526,1.918922606748474,0.7601346741564408,0.9516289128374317,22.0,9.0,False,main,True
312,0,1,4.893498981651523,3.106501018348477,0.6116873727064404,0.8618978930437274,66.0,18.0,False,main,True
9619,0,1,4.9154488674459795,3.084551132554021,0.6144311084307474,0.8638430616112334,64.0,17.0,False,main,True
9619,0,2,4.9154488674459795,4.0845511325540205,0.5461609852717755,0.7995012272953479,116.0,25.0,False,main,False
9619,0,3,4.9154488674459795,5.0845511325540205,0.49154488674459795,0.7411463724621585,209.0,35.0,False,main,True
9619,0,4,4.9154488674459795,6.0845511325540205,0.4468589879496345,0.6892129147670243,382.0,48.0,False,main,True
2836,0,1,5.0462196530254975,2.9537803469745025,0.6307774566281872,0.8752265986456678,57.0,17.0,False,main,True
8387,1,1,5.846735966987436,2.1532640330125643,0.7308419958734295,0.9366628887609011,26.0,10.0,False,main,True
8387,2,2,6.846735966987436,2.1532640330125643,0.7607484407763817,0.9450117461408811,20.0,8.0,False,main,False
8387,3,3,7.846735966987436,2.1532640330125643,0.7846735966987436,0.9514114603609327,15.0,7.0,False,main,False
8387,4,4,8.846735966987435,2.1532640330125643,0.804248724271585,0.9564743988838001,11.0,5.0,False,main,False
8387,5,5,9.846735966987435,2.1532640330125643,0.8205613305822862,0.9605803688921859,8.0,4.0,False,main,False
8387,6,6,10.846735966987435,2.1532640330125643,0.8343643051528796,0.9639775752960957,5.0,3.0,False,main,False
8387,7,7,11.846735966987435,2.1532640330125643,0.8461954262133882,0.966835133871628,3.0,2.0,False,main,False
8387,8,8,12.846735966987435,2.1532640330125643,0.856449064465829,0.9692722757579306,1.0,1.0,False,main,False
8387,9,9,13.846735966987435,2.1532640330125643,0.8654209979367147,0.9713754912691375,-1.0,-1.0,True,main,False
8455,1,1,5.916385126819067,2.083614873180933,0.7395481408523834,0.9412692591128721,25.0,10.0,False,main,True
8455,2,2,6.916385126819067,2.083614873180933,0.7684872363132297,0.9489861674417618,19.0,8.0,False,main,False
8455,3,3,7.916385126819067,2.083614873180933,0.7916385126819068,0.9549069409395284,14.0,7.0,False,main,False
8455,4,4,8.916385126819067,2.083614873180933,0.8105804660744607,0.9595942430477393,11.0,5.0,False,main,False
8455,5,5,9.916385126819067,2.083614873180933,0.8263654272349222,0.9633976438613234,8.0,4.0,False,main,False
8455,6,6,10.916385126819067,2.083614873180933,0.839721932832236,0.9665458823766664,5.0,3.0,False,main,False
8455,7,7,11.916385126819067,2.083614873180933,0.851170366201362,0.969194968985512,3.0,2.0,False,main,False
8455,8,8,12.916385126819067,2.083614873180933,0.8610923417879378,0.971454985116862,1.0,1.0,False,main,False
8455,9,9,13.916385126819067,2.083614873180933,0.8697740704261917,0.9734058377199106,-1.0,-1.0,True,main,False
7599,1,1,6.099905505181282,1.9000944948187177,0.7624881881476603,0.9527637977778084,22.0,9.0,False,main,True
7599,2,2,7.099905505181282,1.9000944948187177,0.7888783894645869,0.9589178491989481,17.0,8.0,False,main,True
7599,3,3,8.099905505181283,1.9000944948187177,0.8099905505181283,0.9636509726054557,13.0,6.0,False,main,True
7599,4,4,9.099905505181283,1.9000944948187177,0.8272641368346622,0.9674049206091674,10.0,5.0,False,main,False
7599,5,5,10.099905505181283,1.9000944948187177,0.8416587920984403,0.9704553498341232,7.0,4.0,False,main,False
7599,6,6,11.099905505181283,1.9000944948187177,0.8538388850139449,0.9729832404175459,5.0,3.0,False,main,False
7599,7,7,12.099905505181283,1.9000944948187177,0.8642789646558059,0.9751123566167895,3.0,2.0,False,main,False
7599,8,8,13.099905505181283,1.9000944948187177,0.8733270336787522,0.9769302146633658,1.0,1.0,False,main,False
7599,9,9,14.099905505181283,1.9000944948187177,0.8812440940738302,0.9785004546234072,-1.0,-1.0,True,main,False
9463,0,1,4.8352506173743395,3.1647493826256605,0.6044063271717924,0.8566885842208409,69.0,18.0,False,main,True
9463,0,2,4.8352506173743395,4.1647493826256605,0.5372500685971489,0.7922021500548148,126.0,26.0,False,main,True
9463,0,3,4.8352506173743395,5.1647493826256605,0.4835250617374339,0.7339740773753533,230.0,36.0,False,main,True
7923,1,1,5.851333525580339,2.1486664744196613,0.7314166906975423,0.9369709525965557,26.0,10.0,False,main,True
7923,2,2,6.851333525580339,2.1486664744196613,0.7612592806200377,0.9452774484559358,19.0,8.0,False,main,False
7923,3,3,7.851333525580339,2.1486664744196613,0.7851333525580338,0.9516450804029465,15.0,7.0,False,main,False
7923,4,4,8.851333525580339,2.1486664744196613,0.8046666841436672,0.9566828697462353,11.0,5.0,False,main,False
7923,5,5,9.851333525580339,2.1486664744196613,0.8209444604650282,0.9607685906646622,8.0,4.0,False,main,False
7923,6,6,10.851333525580339,2.1486664744196613,0.8347179635061799,0.9641491405300394,5.0,3.0,False,main,False
7923,7,7,11.851333525580339,2.1486664744196613,0.8465238232557385,0.966992755482694,3.0,2.0,False,main,False
7923,8,8,12.851333525580339,2.1486664744196613,0.8567555683720226,0.9694180529015097,1.0,1.0,False,main,False
7923,9,9,13.851333525580339,2.1486664744196613,0.8657083453487712,0.971511081708134,-1.0,-1.0,True,main,False
5386,1,1,6.10820666331627,1.89179333668373,0.7635258329145338,0.9532608411099385,22.0,9.0,False,main,True
1163,1,1,6.011064676743107,1.9889353232568925,0.7513830845928884,0.9473185313165181,23.0,9.0,False,main,True
3420,1,1,6.071804763911928,1.9281952360880719,0.758975595488991,0.9510661775526414,22.0,9.0,False,main,True
3420,2,2,7.071804763911928,1.9281952360880719,0.7857560848791031,0.9574497470768963,17.0,8.0,False,main,True
3420,3,3,8.071804763911928,1.9281952360880719,0.8071804763911927,0.9623575795376416,13.0,6.0,False,main,True
3420,4,4,9.071804763911928,1.9281952360880719,0.8247095239919934,0.9662490009042305,10.0,5.0,False,main,False
3420,5,5,10.071804763911928,1.9281952360880719,0.8393170636593273,0.9694104431043846,7.0,4.0,False,main,False
3420,6,6,11.071804763911928,1.9281952360880719,0.8516772895316868,0.9720298647014552,5.0,3.0,False,main,False
3420,7,7,12.071804763911928,1.9281952360880719,0.862271768850852,0.9742357501852538,3.0,2.0,False,main,False
3420,8,8,13.071804763911928,1.9281952360880719,0.8714536509274619,0.9761189237043737,1.0,1.0,False,main,False
3420,9,9,14.071804763911928,1.9281952360880719,0.8794877977444955,0.9777454127939356,-1.0,-1.0,True,main,False
3522,0,1,4.94788211593981,3.0521178840601904,0.6184852644924762,0.8666992349184395,62.0,17.0,False,main,True
11141,0,1,4.985944277418847,3.014055722581153,0.6232430346773559,0.8700235530003191,60.0,17.0,False,main,True
11141,0,2,4.985944277418847,4.014055722581153,0.5539938086020941,0.8058414182125239,109.0,24.0,False,main,False
11141,0,3,4.985944277418847,5.014055722581153,0.49859442774188467,0.7473932769208185,193.0,34.0,False,main,True
11141,0,4,4.985944277418847,6.014055722581153,0.45326766158353154,0.6952618724716155,348.0,46.0,False,main,True
9523,1,1,6.0828904408341025,1.9171095591658973,0.7603613051042628,0.951738648982749,22.0,9.0,False,main,True
9523,2,2,7.0828904408341025,1.9171095591658973,0.7869878267593448,0.958031245413371,17.0,8.0,False,main,False
9523,3,3,8.082890440834102,1.9171095591658973,0.8082890440834103,0.9628698415556064,13.0,6.0,False,main,False
9523,4,4,9.082890440834102,1.9171095591658973,0.8257173128031002,0.9667067902119046,10.0,5.0,False,main,False
9523,5,5,10.082890440834102,1.9171095591658973,0.8402408700695085,0.9698242489972456,7.0,4.0,False,main,False
9523,6,6,11.082890440834102,1.9171095591658973,0.8525300339103156,0.9724074089674208,5.0,3.0,False,main,False
9523,7,7,12.082890440834102,1.9171095591658973,0.8630636029167216,0.9745828830177365,3.0,2.0,False,main,False
9523,8,8,13.082890440834102,1.9171095591658973,0.8721926960556068,0.9764401838942531,1.0,1.0,False,main,False
9523,9,9,14.082890440834102,1.9171095591658973,0.8801806525521314,0.9780443927556081,-1.0,-1.0,True,main,False
7666,0,1,5.096324249210917,2.903675750789083,0.6370405311513646,0.8794938931537251,55.0,16.0,False,main,True
7666,0,2,5.096324249210917,3.903675750789083,0.5662582499123241,0.8156255125141397,98.0,24.0,False,main,False
7666,0,3,5.096324249210917,4.903675750789083,0.5096324249210917,0.7570663160127032,171.0,33.0,False,main,False
7666,0,4,5.096324249210917,5.903675750789083,0.4633022044737197,0.7046467275095758,303.0,44.0,False,main,False
7666,0,5,5.096324249210917,6.903675750789083,0.4246936874342431,0.6580604843929319,555.0,59.0,False,main,False
7666,0,6,5.096324249210917,7.903675750789083,0.3920249422469936,0.6166792707235187,1089.0,79.0,False,main,True
7666,0,7,5.096324249210917,8.903675750789084,0.3640231606579226,0.579832750434512,2424.0,104.0,False,main,True
7666,0,8,5.096324249210917,9.903675750789084,0.33975494994739447,0.5469028987986342,-1.0,138.0,False,main,True
7666,0,9,5.096324249210917,10.903675750789084,0.3185202655756823,0.5173500079040257,-1.0,182.0,False,main,True
7666,0,10,5.096324249210917,11.903675750789084,0.29978377936534806,0.4907134089898722,-1.0,242.0,False,main,True
1401,1,1,6.107443513793944,1.8925564862060558,0.763430439224243,0.9532152315796847,22.0,9.0,False,main,True
1401,2,2,7.107443513793944,1.8925564862060558,0.7897159459771049,0.9593083268739674,17.0,8.0,False,main,True
1401,3,3,8.107443513793944,1.8925564862060558,0.8107443513793944,0.9639950330981392,13.0,6.0,False,main,True
1401,4,4,9.107443513793944,1.8925564862060558,0.827949410344904,0.9677124465139102,10.0,5.0,False,main,False
1401,5,5,10.107443513793944,1.8925564862060558,0.8422869594828287,0.9707333667337996,7.0,4.0,False,main,False
1401,6,6,11.107443513793944,1.8925564862060558,0.8544187318303034,0.9732369226584857,5.0,3.0,False,main,False
1401,7,7,12.107443513793944,1.8925564862060558,0.8648173938424246,0.9753456258586839,3.0,2.0,False,main,False
1401,8,8,13.107443513793944,1.8925564862060558,0.873829567586263,0.9771461144038605,1.0,1.0,False,main,False
1401,9,9,14.107443513793944,1.8925564862060558,0.8817152196121215,0.9787013943824091,-1.0,-1.0,True,main,False
4755,0,1,4.848651236310779,3.151348763689221,0.6060814045388474,0.857893116600416,68.0,18.0,False,main,True
8457,1,1,6.045571901372679,1.9544280986273206,0.7556964876715849,0.9494606308988109,22.0,9.0,False,main,True
8457,2,2,7.045571901372679,1.9544280986273206,0.7828413223747421,0.9560616913151759,17.0,8.0,False,main,False
8457,3,3,8.045571901372679,1.9544280986273206,0.8045571901372679,0.9611349829626988,13.0,7.0,False,main,False
8457,4,4,9.045571901372679,1.9544280986273206,0.8223247183066071,0.9651565433634792,10.0,5.0,False,main,False
8457,5,5,10.045571901372679,1.9544280986273206,0.8371309917810565,0.9684230408182942,7.0,4.0,False,main,False
8457,6,6,11.045571901372679,1.9544280986273206,0.8496593770286676,0.9711290581188831,5.0,3.0,False,main,False
8457,7,7,12.045571901372679,1.9544280986273206,0.8603979929551914,0.9734075576598982,3.0,2.0,False,main,False
8457,8,8,13.045571901372679,1.9544280986273206,0.8697047934248452,0.9753525001324999,1.0,1.0,False,main,False
8457,9,9,14.045571901372679,1.9544280986273206,0.8778482438357924,0.9770321759295456,-1.0,-1.0,True,main,False
7114,0,1,4.867317787060581,3.132682212939419,0.6084147233825726,0.8595649381448589,67.0,18.0,False,main,True
6880,0,1,5.066619169404964,2.9333808305950364,0.6333273961756205,0.8769703456399232,56.0,17.0,False,main,True
695,1,1,5.887244981237418,2.1127550187625816,0.7359056226546773,0.9393578731003458,25.0,10.0,False,main,True
695,2,2,6.887244981237418,2.1127550187625816,0.7652494423597132,0.9473366217030382,19.0,8.0,False,main,True
695,3,3,7.887244981237418,2.1127550187625816,0.7887244981237418,0.9534559264690191,15.0,7.0,False,main,False
695,4,4,8.88724498123742,2.1127550187625816,0.8079313619306745,0.9582989892984531,11.0,5.0,False,main,False
695,5,5,9.88724498123742,2.1127550187625816,0.823937081769785,0.9622278848185327,8.0,4.0,False,main,False
695,6,6,10.88724498123742,2.1127550187625816,0.8374803831721092,0.9654794070438629,5.0,3.0,False,main,False
695,7,7,11.88724498123742,2.1127550187625816,0.8490889272312442,0.9682149919629277,3.0,2.0,False,main,False
695,8,8,12.88724498123742,2.1127550187625816,0.8591496654158279,0.9705485104024375,1.0,1.0,False,main,False
695,9,9,13.88724498123742,2.1127550187625816,0.8679528113273387,0.9725625966940739,-1.0,-1.0,True,main,False
36,1,1,5.860435417520793,2.139564582479207,0.7325544271900991,0.9375791800485934,26.0,10.0,False,main,True
5841,1,1,5.9093809870142735,2.0906190129857265,0.7386726233767842,0.9408119369106498,25.0,10.0,False,main,True
9182,1,1,5.87431151185101,2.1256884881489904,0.7342889389813763,0.9385021962905035,25.0,10.0,False,main,True
8629,1,1,6.079859755583018,1.9201402444169822,0.7599824694478773,0.9515551603606975,22.0,9.0,False,main,True
5978,0,1,5.0898814134180395,2.9101185865819605,0.6362351766772549,0.8789481316961735,55.0,16.0,False,main,True
10032,0,1,4.997754707989496,3.002245292010504,0.624719338498687,0.8710489876042262,60.0,17.0,False,main,True
10032,0,2,4.997754707989496,4.002245292010504,0.5553060786654995,0.8068966627701799,107.0,24.0,False,main,False
10032,0,3,4.997754707989496,5.002245292010504,0.4997754707989496,0.7484345804455939,190.0,34.0,False,main,True
10032,0,4,4.997754707989496,6.002245292010504,0.45434133708995417,0.6962710654930189,343.0,46.0,False,main,True
852,0,1,4.98406469922638,3.01593530077362,0.6230080874032975,0.8698600934426188,60.0,17.0,False,main,True
1409,1,1,6.043981149381611,1.9560188506183893,0.7554976436727013,0.9493626316450405,23.0,9.0,False,main,True
5221,1,1,5.955973747085576,2.044026252914424,0.744496718385697,0.9438289071825973,24.0,9.0,False,main,True
3139,1,1,5.917871001937302,2.0821289980626987,0.7397338752421627,0.9413661050020317,25.0,10.0,False,main,True
7128,0,1,4.993819863275221,3.0061801367247787,0.6242274829094027,0.8707076674370252,60.0,17.0,False,main,True
10445,0,1,4.994237830232991,3.005762169767009,0.6242797287791239,0.8707439383582922,60.0,17.0,False,main,True
10445,0,2,4.994237830232991,4.005762169767009,0.5549153144703323,0.8065826440458461,108.0,24.0,False,main,False
10445,0,3,4.994237830232991,5.005762169767009,0.4994237830232991,0.7481246620076553,191.0,34.0,False,main,True
10445,0,4,4.994237830232991,6.005762169767009,0.4540216209302719,0.695970677094053,344.0,46.0,False,main,True
6229,1,1,5.922432672260841,2.077567327739159,0.7403040840326052,0.9416630482594266,25.0,10.0,False,main,True
6229,2,2,6.922432672260841,2.077567327739159,0.7691591858067601,0.9493260795642336,19.0,8.0,False,main,False
6229,3,3,7.922432672260841,2.077567327739159,0.7922432672260842,0.955205987093894,14.0,7.0,False,main,False
6229,4,4,8.922432672260841,2.077567327739159,0.8111302429328038,0.9598612180880051,11.0,5.0,False,main,False
6229,5,5,9.922432672260841,2.077567327739159,0.8268693893550702,0.9636387738914785,8.0,4.0,False,main,False
6229,6,6,10.922432672260841,2.077567327739159,0.8401871286354493,0.9667657379301474,5.0,3.0,False,main,False
6229,7,7,11.922432672260841,2.077567327739159,0.8516023337329173,0.9693970050028875,3.0,2.0,False,main,False
6229,8,8,12.922432672260841,2.077567327739159,0.8614955114840561,0.9716418771206478,1.0,1.0,False,main,False
6229,9,9,13.922432672260841,2.077567327739159,0.8701520420163026,0.9735797001034969,-1.0,-1.0,True,main,False
468,1,1,6.108750794931157,1.891249205068843,0.7635938493663946,0.9532933505260092,22.0,9.0,False,main,True
7476,0,1,5.098639912278457,2.9013600877215433,0.6373299890348071,0.8796898347620808,55.0,16.0,False,main,True
11330,1,1,5.9015813488538855,2.0984186511461145,0.7376976686067357,0.9403011075235813,25.0,10.0,False,main,True
9362,1,1,6.105835622270652,1.8941643777293478,0.7632294527838315,0.9531190797034503,22.0,9.0,False,main,True
9737,1,1,5.958166667135813,2.0418333328641873,0.7447708333919766,0.9439694317734814,24.0,9.0,False,main,True
9737,2,2,6.958166667135813,2.0418333328641873,0.7731296296817569,0.9513173810811655,18.0,8.0,False,main,False
9737,3,3,7.958166667135813,2.0418333328641873,0.7958166667135813,0.9569581900744955,14.0,7.0,False,main,False
9737,4,4,8.958166667135814,2.0418333328641873,0.8143787879214376,0.961425716661865,11.0,5.0,False,main,False
9737,5,5,9.958166667135814,2.0418333328641873,0.8298472222613178,0.9650519687808156,8.0,4.0,False,main,False
9737,6,6,10.958166667135814,2.0418333328641873,0.8429358974719856,0.968054360605706,5.0,3.0,False,main,False
9737,7,7,11.958166667135814,2.0418333328641873,0.8541547619382724,0.9705812682601939,3.0,2.0,False,main,False
9737,8,8,12.958166667135814,2.0418333328641873,0.8638777778090543,0.9727374376736714,1.0,1.0,False,main,False
9737,9,9,13.958166667135814,2.0418333328641873,0.8723854166959883,0.9745989335527901,-1.0,-1.0,True,main,False
9556,1,1,6.1227711477368505,1.87722885226315,0.7653463934671063,0.9541279711759508,21.0,9.0,False,main,True
9556,2,2,7.1227711477368505,1.87722885226315,0.7914190164152056,0.9600979216320522,16.0,8.0,False,main,False
9556,3,3,8.12277114773685,1.87722885226315,0.812277114773685,0.9646908324343269,13.0,6.0,False,main,False
9556,4,4,9.12277114773685,1.87722885226315,0.8293428316124409,0.9683344069492126,10.0,5.0,False,main,False
9556,5,5,10.12277114773685,1.87722885226315,0.8435642623114042,0.9712956790945732,7.0,4.0,False,main,False
9556,6,6,11.12277114773685,1.87722885226315,0.8555977805951424,0.9737500405986698,5.0,3.0,False,main,False
9556,7,7,12.12277114773685,1.87722885226315,0.8659122248383465,0.9758174735295578,3.0,2.0,False,main,False
9556,8,8,13.12277114773685,1.87722885226315,0.8748514098491234,0.9775828423496002,1.0,1.0,False,main,False
9556,9,9,14.12277114773685,1.87722885226315,0.8826731967335532,0.9791078724954485,-1.0,-1.0,True,main,False
7205,0,1,5.0294793126285455,2.9705206873714545,0.6286849140785682,0.8737891343934869,58.0,17.0,False,main,True
5125,0,1,4.985305050895162,3.014694949104838,0.6231631313618953,0.8699679701661487,60.0,17.0,False,main,True
5431,0,1,5.0935793699622955,2.9064206300377045,0.6366974212452869,0.8792614863505863,55.0,16.0,False,main,True
4319,1,1,5.89091103746957,2.1090889625304303,0.7363638796836962,0.9395996016889725,25.0,10.0,False,main,True
10360,1,1,5.966789915619869,2.033210084380131,0.7458487394524836,0.9445207254241414,24.0,9.0,False,main,True
10360,2,2,6.966789915619869,2.033210084380131,0.7740877684022077,0.9517934804755229,18.0,8.0,False,main,False
10360,3,3,7.966789915619869,2.033210084380131,0.796678991561987,0.9573772013782044,14.0,7.0,False,main,False
10360,4,4,8.96678991561987,2.033210084380131,0.8151627196018064,0.961799894976526,11.0,5.0,False,main,False
10360,5,5,9.96678991561987,2.033210084380131,0.8305658263016559,0.9653899984203179,8.0,4.0,False,main,False
10360,6,6,10.96678991561987,2.033210084380131,0.8435992242784516,0.9683626215773641,5.0,3.0,False,main,False
10360,7,7,11.96678991561987,2.033210084380131,0.8547707082585622,0.9708645862935726,3.0,2.0,False,main,False
10360,8,8,12.96678991561987,2.033210084380131,0.8644526610413247,0.9729995517248238,1.0,1.0,False,main,False
10360,9,9,13.96678991561987,2.033210084380131,0.8729243697262419,0.9748427996617924,-1.0,-1.0,True,main,False
11736,1,1,5.909720281084983,2.0902797189150175,0.7387150351356229,0.940834121198279,25.0,10.0,False,main,True
1666,1,1,6.024458901023094,1.9755410989769064,0.7530573626278867,0.948154039118782,23.0,9.0,False,main,True
5752,1,1,5.841776447760726,2.1582235522392743,0.7302220559700907,0.9363299443882032,26.0,10.0,False,main,True
2816,1,1,6.021432193591399,1.9785678064086012,0.7526790241989249,0.9479656848209439,23.0,9.0,False,main,True
2816,2,2,7.021432193591399,1.9785678064086012,0.7801591326212666,0.9547696182478642,18.0,8.0,False,main,True
2816,3,3,8.021432193591398,1.9785678064086012,0.8021432193591398,0.959997166103027,13.0,7.0,False,main,True
2816,4,4,9.021432193591398,1.9785678064086012,0.8201301994173998,0.9641400056225011,10.0,5.0,False,main,False
2816,5,5,10.021432193591398,1.9785678064086012,0.8351193494659498,0.9675043757840031,7.0,4.0,False,main,False
2816,6,6,11.021432193591398,1.9785678064086012,0.8478024764301075,0.9702910483201497,5.0,3.0,False,main,False
2816,7,7,12.021432193591398,1.9785678064086012,0.8586737281136713,0.972637166894606,3.0,2.0,False,main,False
2816,8,8,13.021432193591398,1.9785678064086012,0.8680954795727599,0.9746396196161109,1.0,1.0,False,main,False
2816,9,9,14.021432193591398,1.9785678064086012,0.8763395120994624,0.97636880806246,-1.0,-1.0,True,main,False
116,1,1,5.900450133882672,2.0995498661173277,0.737556266735334,0.9402268829746206,25.0,10.0,False,main,True
2980,1,1,5.958843433743493,2.041156566256507,0.7448554292179366,0.9440127727856381,24.0,9.0,False,main,True
2980,2,2,6.958843433743493,2.041156566256507,0.7732048259714992,0.951354808873585,18.0,8.0,False,main,True
2980,3,3,7.958843433743493,2.041156566256507,0.7958843433743492,0.9569911288847801,14.0,7.0,False,main,True
2980,4,4,8.958843433743493,2.041156566256507,0.8144403121584993,0.9614551303637907,11.0,5.0,False,main,False
2980,5,5,9.958843433743493,2.041156566256507,0.8299036194786243,0.9650785403405242,8.0,4.0,False,main,False
2980,6,6,10.958843433743493,2.041156566256507,0.8429879564418071,0.9680785917346553,5.0,3.0,False,main,False
2980,7,7,11.958843433743493,2.041156566256507,0.8542031024102494,0.9706035384228813,3.0,2.0,False,main,False
2980,8,8,12.958843433743493,2.041156566256507,0.8639228955828995,0.9727580408640066,1.0,1.0,False,main,False
2980,9,9,13.958843433743493,2.041156566256507,0.8724277146089683,0.9746181021950311,-1.0,-1.0,True,main,False
567,1,1,5.865411025677164,2.1345889743228357,0.7331763782096455,0.9379107403312341,26.0,10.0,False,main,True
9462,1,1,5.882437037775217,2.1175629622247834,0.7353046297219021,0.9390403041825741,25.0,10.0,False,main,True
9462,2,2,6.882437037775217,2.1175629622247834,0.7647152264194685,0.9470626093170232,19.0,8.0,False,main,False
9462,3,3,7.882437037775217,2.1175629622247834,0.7882437037775217,0.9532149271668386,15.0,7.0,False,main,False
9462,4,4,8.882437037775217,2.1175629622247834,0.8074942761613834,0.9580838838369992,11.0,5.0,False,main,False
9462,5,5,9.882437037775217,2.1175629622247834,0.8235364198146015,0.9620336373394461,8.0,4.0,False,main,False
9462,6,6,10.882437037775217,2.1175629622247834,0.8371105413673244,0.9653023230636086,5.0,3.0,False,main,False
9462,7,7,11.882437037775217,2.1175629622247834,0.8487455026982298,0.9680522801496209,3.0,2.0,False,main,False
9462,8,8,12.882437037775217,2.1175629622247834,0.8588291358516812,0.970398010013548,1.0,1.0,False,main,False
9462,9,9,13.882437037775217,2.1175629622247834,0.8676523148609511,0.9724226007305583,-1.0,-1.0,True,main,False
11198,1,1,6.099116215779664,1.900883784220336,0.762389526972458,0.9527164319744598,22.0,9.0,False,main,True
11198,2,2,7.099116215779664,1.900883784220336,0.7887906906421849,0.9588768809961995,17.0,8.0,False,main,False
11198,3,3,8.099116215779663,1.900883784220336,0.8099116215779663,0.9636148756547966,13.0,6.0,False,main,False
11198,4,4,9.099116215779663,1.900883784220336,0.8271923832526966,0.9673726575300969,10.0,5.0,False,main,False
11198,5,5,10.099116215779663,1.900883784220336,0.8415930179816385,0.9704261832169687,7.0,4.0,False,main,False
11198,6,6,11.099116215779663,1.900883784220336,0.8537781704445895,0.9729566271993979,5.0,3.0,False,main,False
11198,7,7,12.099116215779663,1.900883784220336,0.8642225868414045,0.9750878852321487,3.0,2.0,False,main,False
11198,8,8,13.099116215779663,1.900883784220336,0.8732744143853108,0.9769075657224638,1.0,1.0,False,main,False
11198,9,9,14.099116215779663,1.900883784220336,0.8811947634862289,0.978479375277406,-1.0,-1.0,True,main,False
8106,1,1,5.937801635436233,2.062198364563767,0.7422252044295291,0.9426593099792452,24.0,9.0,False,main,True
8106,2,2,6.937801635436233,2.062198364563767,0.7708668483818036,0.9501861401704013,18.0,8.0,False,main,False
8106,3,3,7.937801635436233,2.062198364563767,0.7937801635436232,0.9559627146715756,14.0,7.0,False,main,False
8106,4,4,8.937801635436234,2.062198364563767,0.8125274214032939,0.9605368372217508,11.0,5.0,False,main,False
8106,5,5,9.937801635436234,2.062198364563767,0.8281501362863528,0.9642490218260068,8.0,4.0,False,main,False
8106,6,6,10.937801635436234,2.062198364563767,0.841369356572018,0.9673221694709587,5.0,3.0,False,main,False
8106,7,7,11.937801635436234,2.062198364563767,0.8527001168168739,0.969908355957038,3.0,2.0,False,main,False
8106,8,8,12.937801635436234,2.062198364563767,0.8625201090290823,0.972114913388724,1.0,1.0,False,main,False
8106,9,9,13.937801635436234,2.062198364563767,0.8711126022147646,0.9740197691539744,-1.0,-1.0,True,main,False
11462,0,1,4.945644158989077,3.0543558410109233,0.6182055198736346,0.86650284574164,63.0,17.0,False,main,True
11462,0,2,4.945644158989077,4.054355841010923,0.549516017665453,0.8022256212596333,113.0,25.0,False,main,False
11462,0,3,4.945644158989077,5.054355841010923,0.49456441589890765,0.7438287071397103,202.0,35.0,False,main,False
11462,0,4,4.945644158989077,6.054355841010923,0.4496040144535524,0.6918091497751658,367.0,47.0,False,main,False
11462,0,5,4.945644158989077,7.054355841010923,0.41213701324908975,0.6457168851839716,700.0,64.0,False,main,True
11462,0,6,4.945644158989077,8.054355841010924,0.3804341660760828,0.604856917062731,1463.0,85.0,False,main,True
11462,0,7,4.945644158989077,9.054355841010924,0.3532602970706483,0.5685269827520036,3626.0,113.0,False,main,True
11462,0,8,4.945644158989077,10.054355841010924,0.3297096105992718,0.5360939004930256,-1.0,151.0,False,main,True
11462,0,9,4.945644158989077,11.054355841010924,0.3091027599368173,0.5070112623236851,-1.0,201.0,False,main,True
6143,0,1,5.06934830597284,2.9306516940271603,0.633668538246605,0.8772029697776592,56.0,17.0,False,main,True
5195,0,1,5.127593279168893,2.8724067208311066,0.6409491598961117,0.8821301592657709,53.0,16.0,False,main,True
1426,1,1,5.904839031317916,2.0951609686820833,0.7381048789147395,0.9405146665660149,25.0,10.0,False,main,True
7171,1,1,6.12810313387585,1.8718968661241493,0.7660128917344813,0.9544438430250349,21.0,9.0,False,main,True
11627,0,1,5.037717299919648,2.962282700080352,0.629714662489956,0.874497247403494,58.0,17.0,False,main,True
10838,1,1,6.02296656123704,1.9770334387629598,0.75287082015463,0.9480612023078874,23.0,9.0,False,main,True
10838,2,2,7.02296656123704,1.9770334387629598,0.7803296179152267,0.9548521630058587,17.0,8.0,False,main,False
10838,3,3,8.022966561237041,1.9770334387629598,0.8022966561237042,0.9600698492966904,13.0,7.0,False,main,False
10838,4,4,9.022966561237041,1.9770334387629598,0.8202696873851856,0.964204936857654,10.0,5.0,False,main,False
10838,5,5,10.022966561237041,1.9770334387629598,0.83524721343642,0.9675630520288878,7.0,4.0,False,main,False
10838,6,6,11.022966561237041,1.9770334387629598,0.8479205047105416,0.9703445705061169,5.0,3.0,False,main,False
10838,7,7,12.022966561237041,1.9770334387629598,0.8587833258026458,0.972686368457662,3.0,2.0,False,main,False
10838,8,8,13.022966561237041,1.9770334387629598,0.8681977707491361,0.9746851467502946,1.0,1.0,False,main,False
10838,9,9,14.022966561237041,1.9770334387629598,0.8764354100773151,0.9764111719502179,-1.0,-1.0,True,main,False
6840,1,1,6.022220840105181,1.9777791598948193,0.7527776050131476,0.9480147880369685,23.0,9.0,False,main,True
4575,1,1,6.021057152869397,1.9789428471306034,0.7526321441086746,0.9479423275800434,23.0,9.0,False,main,True
4575,2,2,7.021057152869397,1.9789428471306034,0.780117461429933,0.9547494334921267,18.0,8.0,False,main,True
4575,3,3,8.021057152869396,1.9789428471306034,0.8021057152869396,0.95997939294721,13.0,7.0,False,main,True
4575,4,4,9.021057152869396,1.9789428471306034,0.8200961048063088,0.9641241281435119,10.0,5.0,False,main,False
4575,5,5,10.021057152869396,1.9789428471306034,0.8350880960724497,0.9674900278927325,7.0,4.0,False,main,False
4575,6,6,11.021057152869396,1.9789428471306034,0.8477736271437997,0.9702779607843351,5.0,3.0,False,main,False
4575,7,7,12.021057152869396,1.9789428471306034,0.8586469394906712,0.9726251359006207,3.0,2.0,False,main,False
4575,8,8,13.021057152869396,1.9789428471306034,0.8680704768579598,0.9746284871414052,1.0,1.0,False,main,False
4575,9,9,14.021057152869396,1.9789428471306034,0.8763160720543373,0.9763584491018539,-1.0,-1.0,True,main,False
7772,1,1,5.918188522126166,2.081811477873834,0.7397735652657708,0.9413867924342862,25.0,10.0,False,main,True
7772,2,2,6.918188522126166,2.081811477873834,0.768687613569574,0.9490876177725548,19.0,8.0,False,main,False
7772,3,3,7.918188522126166,2.081811477873834,0.7918188522126166,0.9549961928077522,14.0,7.0,False,main,False
7772,4,4,8.918188522126165,2.081811477873834,0.8107444111023786,0.9596739220375119,11.0,5.0,False,main,False
7772,5,5,9.918188522126165,2.081811477873834,0.8265157101771804,0.9634696086002374,8.0,4.0,False,main,False
7772,6,6,10.918188522126165,2.081811477873834,0.8398606555481666,0.9666114972164757,5.0,3.0,False,main,False
7772,7,7,11.918188522126165,2.081811477873834,0.8512991801518689,0.9692552652304868,3.0,2.0,False,main,False
7772,8,8,12.918188522126165,2.081811477873834,0.8612125681417443,0.9715107613940764,1.0,1.0,False,main,False
7772,9,9,13.918188522126165,2.081811477873834,0.8698867826328853,0.9734577251497432,-1.0,-1.0,True,main,False
8583,1,1,6.136764553368554,1.8632354466314462,0.7670955691710692,0.9549551401157357,21.0,9.0,False,main,True
1862,1,1,5.879413006647676,2.120586993352324,0.7349266258309595,0.9388402463283073,25.0,10.0,False,main,True
7510,1,1,5.992980559364639,2.0070194406353608,0.7491225699205799,0.9461824137030932,23.0,9.0,False,main,True
11648,1,1,5.961665344397656,2.038334655602344,0.745208168049707,0.9441933547780238,24.0,9.0,False,main,True
3744,0,1,4.866268069492378,3.1337319305076226,0.6082835086865472,0.8594711099857739,67.0,18.0,False,main,True
11419,0,1,5.136618946530003,2.8633810534699964,0.6420773683162504,0.8828872442505311,53.0,16.0,False,main,True
1162,1,1,6.01657861408673,1.98342138591327,0.7520723267608412,0.9476630984501647,23.0,9.0,False,main,True
1162,2,2,7.01657861408673,1.98342138591327,0.7796198460096366,0.9545081370894352,18.0,8.0,False,main,True
1162,3,3,8.016578614086729,1.98342138591327,0.8016578614086729,0.9597669300419717,14.0,7.0,False,main,True
1162,4,4,9.016578614086729,1.98342138591327,0.8196889649169754,0.9639343293973844,10.0,5.0,False,main,False
1162,5,5,10.016578614086729,1.98342138591327,0.8347148845072274,0.9673185159036416,7.0,4.0,False,main,False
1162,6,6,11.016578614086729,1.98342138591327,0.8474291241605176,0.9701215164260298,5.0,3.0,False,main,False
1162,7,7,12.016578614086729,1.98342138591327,0.8583270438633378,0.972481322321346,3.0,2.0,False,main,False
1162,8,8,13.016578614086729,1.98342138591327,0.8677719076057819,0.9744954150336711,1.0,1.0,False,main,False
1162,9,9,14.016578614086729,1.98342138591327,0.8760361633804206,0.9762346239470977,-1.0,-1.0,True,main,False
7955,1,1,6.023859271653147,1.976140728346853,0.7529824089566434,0.9481167444672155,23.0,9.0,False,main,True
7955,2,2,7.023859271653147,1.976140728346853,0.7804288079614607,0.9549001623479972,17.0,8.0,False,main,False
7955,3,3,8.023859271653148,1.976140728346853,0.8023859271653148,0.9601121146182823,13.0,7.0,False,main,False
7955,4,4,9.023859271653148,1.976140728346853,0.8203508428775589,0.9642426947050873,10.0,5.0,False,main,False
7955,5,5,10.023859271653148,1.976140728346853,0.8353216059710956,0.9675971727788251,7.0,4.0,False,main,False
7955,6,6,11.023859271653148,1.976140728346853,0.8479891747425499,0.970375694282757,5.0,3.0,False,main,False
7955,7,7,12.023859271653148,1.976140728346853,0.8588470908323677,0.9727149798614074,3.0,2.0,False,main,False
7955,8,8,13.023859271653148,1.976140728346853,0.8682572847768765,0.9747116215152462,1.0,1.0,False,main,False
7955,9,9,14.023859271653148,1.976140728346853,0.8764912044783217,0.9764358073105458,-1.0,-1.0,True,main,False
9127,0,1,5.01601750430359,2.9839824956964103,0.6270021880379487,0.872628953617568,59.0,17.0,False,main,True
3608,0,1,4.8448902256089,3.1551097743911005,0.6056112782011125,0.857555418942971,69.0,18.0,False,main,True
2740,1,1,6.01514304387557,1.9848569561244302,0.7518928804844462,0.9475734724560332,23.0,9.0,False,main,True
2740,2,2,7.01514304387557,1.9848569561244302,0.7794603382083967,0.9544306891807017,18.0,8.0,False,main,True
2740,3,3,8.01514304387557,1.9848569561244302,0.801514304387557,0.9596987383812096,14.0,7.0,False,main,True
2740,4,4,9.01514304387557,1.9848569561244302,0.8195584585341428,0.9638734131363259,10.0,5.0,False,main,False
2740,5,5,10.01514304387557,1.9848569561244302,0.8345952536562975,0.9672634696426478,7.0,4.0,False,main,False
2740,6,6,11.01514304387557,1.9848569561244302,0.8473186956827361,0.9700713066933618,5.0,3.0,False,main,False
2740,7,7,12.01514304387557,1.9848569561244302,0.8582245031339693,0.9724351668204517,3.0,2.0,False,main,False
2740,8,8,13.01514304387557,1.9848569561244302,0.867676202925038,0.9744527072657324,1.0,1.0,False,main,False
2740,9,9,14.01514304387557,1.9848569561244302,0.8759464402422231,0.9761948841608695,-1.0,-1.0,True,main,False
8281,1,1,5.9444541313803265,2.0555458686196735,0.7430567664225408,0.9430885352924008,24.0,9.0,False,main,True
8281,2,2,6.9444541313803265,2.0555458686196735,0.7716060145978141,0.9505567314009331,18.0,8.0,False,main,False
8281,3,3,7.9444541313803265,2.0555458686196735,0.7944454131380326,0.9562888108462549,14.0,7.0,False,main,False
8281,4,4,8.944454131380326,2.0555458686196735,0.8131321937618478,0.9608280020397831,11.0,5.0,False,main,False
8281,5,5,9.944454131380326,2.0555458686196735,0.8287045109483605,0.9645120290707168,8.0,4.0,False,main,False
8281,6,6,10.944454131380326,2.0555458686196735,0.8418810870292558,0.9675619936608343,5.0,3.0,False,main,False
8281,7,7,11.944454131380326,2.0555458686196735,0.8531752950985947,0.9701287585834774,3.0,2.0,False,main,False
8281,8,8,12.944454131380326,2.0555458686196735,0.8629636087586884,0.9723188081111758,1.0,1.0,False,main,False
8281,9,9,13.944454131380326,2.0555458686196735,0.8715283832112704,0.9742094590479619,-1.0,-1.0,True,main,False
10308,1,1,6.101168666818776,1.8988313331812248,0.762646083352347,0.9528395627196432,22.0,9.0,False,main,True
10308,2,2,7.101168666818776,1.8988313331812248,0.7890187407576418,0.9589833814767422,17.0,8.0,False,main,False
10308,3,3,8.101168666818776,1.8988313331812248,0.8101168666818775,0.9637087133746665,13.0,6.0,False,main,False
10308,4,4,9.101168666818776,1.8988313331812248,0.8273789697107978,0.9674565290481134,10.0,5.0,False,main,False
10308,5,5,10.101168666818776,1.8988313331812248,0.8417640555682313,0.9705020053773374,7.0,4.0,False,main,False
10308,6,6,11.101168666818776,1.8988313331812248,0.8539360512937519,0.9730258116713794,5.0,3.0,False,main,False
10308,7,7,12.101168666818776,1.8988313331812248,0.8643691904870554,0.9751515018725674,3.0,2.0,False,main,False
10308,8,8,13.101168666818776,1.8988313331812248,0.8734112444545851,0.9769664447851543,1.0,1.0,False,main,False
10308,9,9,14.101168666818776,1.8988313331812248,0.8813230416761735,0.9785341740470659,-1.0,-1.0,True,main,False
4899,0,1,4.989721613814355,3.010278386185645,0.6237152017267944,0.8703518322596577,60.0,17.0,False,main,True
1645,0,1,5.069525977481455,2.930474022518544,0.6336907471851819,0.8772181085864826,56.0,17.0,False,main,True
11438,1,1,6.0350763844538005,1.9649236155461993,0.7543845480567251,0.9488127053587758,23.0,9.0,False,main,True
11438,2,2,7.0350763844538005,1.9649236155461993,0.7816751538282001,0.9555016501609134,17.0,8.0,False,main,True
11438,3,3,8.0350763844538,1.9649236155461993,0.8035076384453801,0.9606417751392098,13.0,7.0,False,main,False
11438,4,4,9.0350763844538,1.9649236155461993,0.821370580404891,0.9647158868609991,10.0,5.0,False,main,False
11438,5,5,10.0350763844538,1.9649236155461993,0.83625636537115,0.9680247970051291,7.0,4.0,False,main,False
11438,6,6,11.0350763844538,1.9649236155461993,0.8488520295733692,0.9707657682363277,5.0,3.0,False,main,False
11438,7,7,12.0350763844538,1.9649236155461993,0.8596483131752715,0.9730735737616453,3.0,2.0,False,main,False
11438,8,8,13.0350763844538,1.9649236155461993,0.86900509229692,0.9750434422288485,1.0,1.0,False,main,False
11438,9,9,14.0350763844538,1.9649236155461993,0.8771922740283625,0.9767445785455826,-1.0,-1.0,True,main,False
6140,0,1,4.910821076115722,3.089178923884278,0.6138526345144653,0.8634337702314528,65.0,17.0,False,main,True
6406,1,1,6.140942949080396,1.8590570509196032,0.7676178686350495,0.9552009922682793,21.0,9.0,False,main,True
6406,2,2,7.140942949080396,1.8590570509196032,0.7934381054533773,0.9610263458894044,16.0,8.0,False,main,True
6406,3,3,8.140942949080397,1.8590570509196032,0.8140942949080398,0.965509083384225,13.0,6.0,False,main,False
6406,4,4,9.140942949080397,1.8590570509196032,0.8309948135527634,0.9690659029298182,10.0,5.0,False,main,False
6406,5,5,10.140942949080397,1.8590570509196032,0.8450785790900331,0.9719570788404485,7.0,4.0,False,main,False
6406,6,6,11.140942949080397,1.8590570509196032,0.8569956114677229,0.9743536193568169,5.0,3.0,False,main,False
6406,7,7,12.140942949080397,1.8590570509196032,0.8672102106485998,0.9763725384717323,3.0,2.0,False,main,False
6406,8,8,13.140942949080397,1.8590570509196032,0.8760628632720265,0.9780966188953705,1.0,1.0,False,main,False
6406,9,9,14.140942949080397,1.8590570509196032,0.8838089343175248,0.9795860825366757,-1.0,-1.0,True,main,False
763,1,1,6.088454785607749,1.911545214392251,0.7610568482009686,0.9520748339994856,22.0,9.0,False,main,True
48,1,1,6.014688926373513,1.9853110736264874,0.7518361157966891,0.9475451086557247,23.0,9.0,False,main,True
8056,1,1,5.898168696973755,2.1018313030262443,0.7372710871217194,0.9400770814940371,25.0,10.0,False,main,True
8056,2,2,6.898168696973755,2.1018313030262443,0.7664631885526395,0.9479572418084119,19.0,8.0,False,main,False
8056,3,3,7.898168696973755,2.1018313030262443,0.7898168696973755,0.95400181015145,14.0,7.0,False,main,False
8056,4,4,8.898168696973755,2.1018313030262443,0.8089244269976141,0.9587862459650219,11.0,5.0,False,main,False
8056,5,5,9.898168696973755,2.1018313030262443,0.8248473914144796,0.9626679116797668,8.0,4.0,False,main,False
8056,6,6,10.898168696973755,2.1018313030262443,0.8383206689979812,0.9658805666814833,5.0,3.0,False,main,False
8056,7,7,11.898168696973755,2.1018313030262443,0.8498691926409825,0.9685836033614473,3.0,2.0,False,main,False
8056,8,8,12.898168696973755,2.1018313030262443,0.8598779131315837,0.9708894654780623,1.0,1.0,False,main,False
8056,9,9,13.898168696973755,2.1018313030262443,0.8686355435608597,0.9728797603863278,-1.0,-1.0,True,main,False
6333,0,1,5.0538130941108665,2.9461869058891335,0.6317266367638583,0.8758767033619295,57.0,17.0,False,main,True
9651,0,1,5.00770296931311,2.9922970306868906,0.6259628711641387,0.8719104981532937,59.0,17.0,False,main,True
9651,0,2,5.00770296931311,3.9922970306868906,0.55641144103479,0.8077839728508165,106.0,24.0,False,main,True
9651,0,3,5.00770296931311,4.99229703068689,0.500770296931311,0.7493105268687905,188.0,34.0,False,main,True
1525,1,1,5.964330062416921,2.035669937583079,0.7455412578021151,0.9443636747704578,24.0,9.0,False,main,True
3036,0,1,4.866102984115358,3.133897015884642,0.6082628730144197,0.8594563519315517,67.0,18.0,False,main,True
924,0,1,5.123150533418628,2.8768494665813718,0.6403938166773285,0.8817568592806727,54.0,16.0,False,main,True
6413,1,1,6.06964212897262,1.9303578710273803,0.7587052661215775,0.9509345714127592,22.0,9.0,False,main,True
9270,1,1,6.097810649029617,1.9021893509703838,0.7622263311287021,0.9526380436671807,22.0,9.0,False,main,True
2270,0,1,5.090817809286142,2.9091821907138584,0.6363522261607677,0.879027506593561,55.0,16.0,False,main,True
9940,0,1,5.091856759366533,2.908143240633467,0.6364820949208166,0.8791155529853745,55.0,16.0,False,main,True
9940,0,2,5.091856759366533,3.908143240633467,0.565761862151837,0.815232922162586,98.0,24.0,False,main,False
9940,0,3,5.091856759366533,4.908143240633467,0.5091856759366533,0.7566773756892436,172.0,33.0,False,main,True
9940,0,4,5.091856759366533,5.908143240633467,0.4628960690333212,0.7042689293890585,304.0,44.0,False,main,True
9940,0,5,5.091856759366533,6.908143240633467,0.42432139661387774,0.6576968486020002,558.0,60.0,False,main,True
3845,0,1,5.088856441682744,2.9111435583172556,0.636107055210343,0.8788612273333118,55.0,16.0,False,main,True
4391,0,1,5.131073800868648,2.8689261991313524,0.641384225108581,0.8824223154929579,53.0,16.0,False,main,True
6935,0,1,4.982687977800495,3.0173120221995053,0.6228359972250619,0.8697403190446799,61.0,17.0,False,main,True
9370,0,1,4.963622354909308,3.0363776450906914,0.6204527943636635,0.8680775930215733,62.0,17.0,False,main,True
6250,0,1,4.925899452560026,3.0741005474399734,0.6157374315700033,0.8647657237295264,64.0,17.0,False,main,True
6708,1,1,5.878229835476596,2.1217701645234044,0.7347787294345745,0.9387619056978854,25.0,10.0,False,main,True
6708,2,2,6.878229835476596,2.1217701645234044,0.7642477594973995,0.9468224072385405,19.0,8.0,False,main,True
6708,3,3,7.878229835476596,2.1217701645234044,0.7878229835476596,0.9530036726994321,15.0,7.0,False,main,True
6708,4,4,8.878229835476596,2.1217701645234044,0.8071118032251451,0.9578953328003331,11.0,5.0,False,main,False
6708,5,5,9.878229835476596,2.1217701645234044,0.8231858196230496,0.9618633733214752,8.0,4.0,False,main,False
6708,6,6,10.878229835476596,2.1217701645234044,0.8367869104212766,0.9651471062920742,5.0,3.0,False,main,False
6708,7,7,11.878229835476596,2.1217701645234044,0.8484449882483283,0.9679096630044102,3.0,2.0,False,main,False
6708,8,8,12.878229835476596,2.1217701645234044,0.8585486556984397,0.9702660979165532,1.0,1.0,False,main,False
6708,9,9,13.878229835476596,2.1217701645234044,0.8673893647172872,0.9722998970202421,-1.0,-1.0,True,main,False
165,1,1,5.834249621163617,2.1657503788363828,0.7292812026454522,0.9358234100783731,26.0,10.0,False,main,True
9026,1,1,6.040595654187921,1.9594043458120782,0.7550744567734902,0.9491538238856806,23.0,9.0,False,main,True
9026,2,2,7.040595654187921,1.9594043458120782,0.7822884060208801,0.9557964912866055,17.0,8.0,False,main,True
9026,3,3,8.040595654187921,1.9594043458120782,0.8040595654187921,0.9609014255985671,13.0,7.0,False,main,False
9026,4,4,9.040595654187921,1.9594043458120782,0.821872332198902,0.9649478678458862,10.0,5.0,False,main,False
9026,5,5,10.040595654187921,1.9594043458120782,0.8367163045156601,0.9682344474207838,7.0,4.0,False,main,False
9026,6,6,11.040595654187921,1.9594043458120782,0.8492765887836863,0.9709570156199372,5.0,3.0,False,main,False
9026,7,7,12.040595654187921,1.9594043458120782,0.8600425467277086,0.973249392031025,3.0,2.0,False,main,False
9026,8,8,13.040595654187921,1.9594043458120782,0.8693730436125281,0.9752061375942799,1.0,1.0,False,main,False
9026,9,9,14.040595654187921,1.9594043458120782,0.8775372283867451,0.9768959756507181,-1.0,-1.0,True,main,False
11641,1,1,6.138060000575782,1.8619399994242176,0.7672575000719728,0.955031418918398,21.0,9.0,False,main,True
8544,0,1,4.837285402245071,3.1627145977549294,0.6046606752806338,0.8568717167890861,69.0,18.0,False,main,True
5762,1,1,5.8980157446562265,2.1019842553437735,0.7372519680820283,0.9400670334577899,25.0,10.0,False,main,True
9823,1,1,5.8871382270503725,2.1128617729496275,0.7358922783812966,0.9393508286358125,25.0,10.0,False,main,True
9823,2,2,6.8871382270503725,2.1128617729496275,0.7652375807833747,0.9473305432673335,19.0,8.0,False,main,False
9823,3,3,7.8871382270503725,2.1128617729496275,0.7887138227050372,0.9534505802592224,15.0,7.0,False,main,False
9823,4,4,8.887138227050372,2.1128617729496275,0.8079216570045792,0.9582942174324829,11.0,5.0,False,main,False
9823,5,5,9.887138227050372,2.1128617729496275,0.823928185587531,0.9622235756110233,8.0,4.0,False,main,False
9823,6,6,10.887138227050372,2.1128617729496275,0.837472171311567,0.9654754785550093,5.0,3.0,False,main,False
9823,7,7,11.887138227050372,2.1128617729496275,0.8490813019321694,0.9682113822817925,3.0,2.0,False,main,False
9823,8,8,12.887138227050372,2.1128617729496275,0.8591425484700248,0.9705451716030472,1.0,1.0,False,main,False
9823,9,9,13.887138227050372,2.1128617729496275,0.8679461391906482,0.9725594909137615,-1.0,-1.0,True,main,False
9874,0,1,5.025081682143758,2.974918317856242,0.6281352102679697,0.8734105478033288,58.0,17.0,False,main,True
9874,0,2,5.025081682143758,3.974918317856242,0.5583424091270842,0.8093306143705583,105.0,24.0,False,main,False
9874,0,3,5.025081682143758,4.9749183178562415,0.5025081682143757,0.7508381525087293,185.0,34.0,False,main,True
9874,0,4,5.025081682143758,5.9749183178562415,0.4568256074676143,0.6986015064261921,331.0,46.0,False,main,True
32,0,1,5.064040137860881,2.9359598621391187,0.6330050172326102,0.8767503723026838,56.0,17.0,False,main,True
10556,1,1,5.988623733966888,2.0113762660331123,0.748577966745861,0.9459073227483156,23.0,9.0,False,main,True
10556,2,2,6.988623733966888,2.0113762660331123,0.7765137482185431,0.9529911570049225,18.0,8.0,False,main,False
10556,3,3,7.988623733966888,2.0113762660331123,0.7988623733966888,0.9584314009671725,14.0,7.0,False,main,False
10556,4,4,8.988623733966888,2.0113762660331123,0.8171476121788079,0.9627413904320156,10.0,5.0,False,main,False
10556,5,5,9.988623733966888,2.0113762660331123,0.8323853111639073,0.9662406038344737,8.0,4.0,False,main,False
10556,6,6,10.988623733966888,2.0113762660331123,0.8452787487666836,0.9691383672170892,5.0,3.0,False,main,False
10556,7,7,11.988623733966888,2.0113762660331123,0.8563302667119206,0.9715775998188227,3.0,2.0,False,main,False
10556,8,8,12.988623733966888,2.0113762660331123,0.8659082489311258,0.9736592312717751,1.0,1.0,False,main,False
10556,9,9,13.988623733966888,2.0113762660331123,0.8742889833729305,0.975456576554195,-1.0,-1.0,True,main,False
2327,0,1,4.893102695102518,3.1068973048974824,0.6116378368878147,0.8618626845026188,66.0,18.0,False,main,True
1147,0,1,4.903404239965694,3.096595760034307,0.6129255299957117,0.8627768989230544,65.0,17.0,False,main,True
2267,0,1,4.862229631926717,3.1377703680732827,0.6077787039908397,0.8591099294617801,67.0,18.0,False,main,True
2871,0,1,4.982883692157959,3.017116307842041,0.6228604615197448,0.8697573485297432,61.0,17.0,False,main,True
10513,1,1,6.037314910309483,1.9626850896905164,0.7546643637886854,0.9489511628037676,23.0,9.0,False,main,True
10513,2,2,7.037314910309483,1.9626850896905164,0.7819238789232759,0.9556213217584587,17.0,8.0,False,main,False
10513,3,3,8.037314910309483,1.9626850896905164,0.8037314910309483,0.9607471619344847,13.0,7.0,False,main,False
10513,4,4,9.037314910309483,1.9626850896905164,0.8215740827554076,0.9648100421924896,10.0,5.0,False,main,False
10513,5,5,10.037314910309483,1.9626850896905164,0.8364429091924569,0.9681098881993339,7.0,4.0,False,main,False
10513,6,6,11.037314910309483,1.9626850896905164,0.8490242238699602,0.9708433896291171,5.0,3.0,False,main,False
10513,7,7,12.037314910309483,1.9626850896905164,0.8598082078792488,0.9731449325505768,3.0,2.0,False,main,False
10513,8,8,13.037314910309483,1.9626850896905164,0.8691543273539656,0.9751094745521559,1.0,1.0,False,main,False
10513,9,9,14.037314910309483,1.9626850896905164,0.8773321818943427,0.976806025051861,-1.0,-1.0,True,main,False
1310,1,1,6.010158517507939,1.989841482492061,0.7512698146884924,0.9472618227206167,23.0,9.0,False,main,True
7934,0,1,5.114735834332582,2.885264165667418,0.6393419792915728,0.8810486682981454,54.0,16.0,False,main,True
7934,0,2,5.114735834332582,3.885264165667418,0.5683039815925092,0.8172404256616118,96.0,23.0,False,main,False
7934,0,3,5.114735834332582,4.885264165667418,0.5114735834332582,0.7586669488551958,168.0,32.0,False,main,True
7934,0,4,5.114735834332582,5.885264165667418,0.4649759849393256,0.7062019092600647,296.0,44.0,False,main,True
7934,0,5,5.114735834332582,6.885264165667418,0.42622798619438185,0.6595576139247207,540.0,59.0,False,main,True
10509,1,1,5.84659827195204,2.1534017280479603,0.730824783994005,0.936653653741782,26.0,10.0,False,main,True
10509,2,2,6.84659827195204,2.1534017280479603,0.7607331413280044,0.9450037812349309,20.0,8.0,False,main,False
10509,3,3,7.84659827195204,2.1534017280479603,0.784659827195204,0.9514044573186224,15.0,7.0,False,main,False
10509,4,4,8.84659827195204,2.1534017280479603,0.8042362065410945,0.9564681498140161,11.0,5.0,False,main,False
10509,5,5,9.84659827195204,2.1534017280479603,0.8205498559960033,0.9605747268722485,8.0,4.0,False,main,False
10509,6,6,10.84659827195204,2.1534017280479603,0.83435371322708,0.9639724326127443,5.0,3.0,False,main,False
10509,7,7,11.84659827195204,2.1534017280479603,0.8461855908537171,0.9668304091879645,3.0,2.0,False,main,False
10509,8,8,12.84659827195204,2.1534017280479603,0.8564398847968027,0.9692679061401808,1.0,1.0,False,main,False
10509,9,9,13.84659827195204,2.1534017280479603,0.8654123919970025,0.9713714270178588,-1.0,-1.0,True,main,False
6472,1,1,6.010988786950994,1.9890112130490052,0.7513735983688743,0.9473137829298384,23.0,9.0,False,main,True
7739,1,1,5.862315162542967,2.1376848374570327,0.7327893953178709,0.9377045183542825,26.0,10.0,False,main,True
7739,2,2,6.862315162542967,2.1376848374570327,0.7624794625047742,0.945910198746531,19.0,8.0,False,main,False
7739,3,3,7.862315162542967,2.1376848374570327,0.7862315162542968,0.9522014656330015,15.0,7.0,False,main,False
7739,4,4,8.862315162542966,2.1376848374570327,0.8056650147766333,0.9571793851197106,11.0,5.0,False,main,False
7739,5,5,9.862315162542966,2.1376848374570327,0.8218595968785806,0.9612168965886064,8.0,4.0,False,main,False
7739,6,6,10.862315162542966,2.1376848374570327,0.8355627048109974,0.9645577871586668,5.0,3.0,False,main,False
7739,7,7,11.862315162542966,2.1376848374570327,0.8473082258959261,0.9673682001925864,3.0,2.0,False,main,False
7739,8,8,12.862315162542966,2.1376848374570327,0.8574876775028645,0.969765292634517,1.0,1.0,False,main,False
7739,9,9,13.862315162542966,2.1376848374570327,0.8663946976589354,0.9718340629931852,-1.0,-1.0,True,main,False
7327,1,1,5.941874652188971,2.0581253478110293,0.7427343315236213,0.9429222493466745,24.0,9.0,False,main,True
7327,2,2,6.941874652188971,2.0581253478110293,0.7713194057987746,0.9504131575416598,18.0,8.0,False,main,True
7327,3,3,7.941874652188971,2.0581253478110293,0.794187465218897,0.9561624730354626,14.0,7.0,False,main,True
7327,4,4,8.941874652188972,2.0581253478110293,0.8128976956535429,0.9607151960297625,11.0,5.0,False,main,False
7327,5,5,9.941874652188972,2.0581253478110293,0.828489554349081,0.9644101310912278,8.0,4.0,False,main,False
7327,6,6,10.941874652188972,2.0581253478110293,0.8416826655529979,0.9674690768019709,5.0,3.0,False,main,False
7327,7,7,11.941874652188972,2.0581253478110293,0.8529910465849265,0.9700433657661689,3.0,2.0,False,main,False
7327,8,8,12.941874652188972,2.0581253478110293,0.8627916434792647,0.9722398106518185,1.0,1.0,False,main,False
7327,9,9,13.941874652188972,2.0581253478110293,0.8713671657618107,0.9741359647711341,-1.0,-1.0,True,main,False
4979,1,1,5.996378563951328,2.0036214360486713,0.749547320493916,0.946396594027473,23.0,9.0,False,main,True
10078,1,1,5.980958131911422,2.0190418680885784,0.7476197664889277,0.9454220221254167,24.0,9.0,False,main,True
10078,2,2,6.980958131911422,2.0190418680885784,0.7756620146568246,0.9525719439634036,18.0,8.0,False,main,False
10078,3,3,7.980958131911422,2.0190418680885784,0.7980958131911422,0.9580623861290127,14.0,7.0,False,main,False
10078,4,4,8.980958131911422,2.0190418680885784,0.8164507392646747,0.9624118118012582,10.0,5.0,False,main,False
10078,5,5,9.980958131911422,2.0190418680885784,0.8317465109926184,0.9659428312539107,8.0,4.0,False,main,False
10078,6,6,10.980958131911422,2.0190418680885784,0.8446890870701094,0.968866792891882,5.0,3.0,False,main,False
10078,7,7,11.980958131911422,2.0190418680885784,0.8557827237079587,0.9713279807547289,3.0,2.0,False,main,False
10078,8,8,12.980958131911422,2.0190418680885784,0.8653972087940948,0.9734282791550116,1.0,1.0,False,main,False
10078,9,9,13.980958131911422,2.0190418680885784,0.8738098832444638,0.9752416910587743,-1.0,-1.0,True,main,False
189,1,1,6.094026996509771,1.9059730034902285,0.7617533745637214,0.9524105833647935,22.0,9.0,False,main,True
9129,1,1,6.1421437107762795,1.8578562892237207,0.7677679638470349,0.9552715466094375,21.0,9.0,False,main,True
9129,2,2,7.1421437107762795,1.8578562892237207,0.7935715234195866,0.9610873991344198,16.0,8.0,False,main,False
9129,3,3,8.14214371077628,1.8578562892237207,0.814214371077628,0.965562895949499,13.0,6.0,False,main,False
9129,4,4,9.14214371077628,1.8578562892237207,0.8311039737069345,0.9691140130184375,10.0,5.0,False,main,False
9129,5,5,10.14214371077628,1.8578562892237207,0.84517864256469,0.9720005808974884,7.0,4.0,False,main,False
9129,6,6,11.14214371077628,1.8578562892237207,0.8570879777520215,0.9743933199784822,5.0,3.0,False,main,False
9129,7,7,12.14214371077628,1.8578562892237207,0.8672959793411629,0.9764090493083504,3.0,2.0,False,main,False
9129,8,8,13.14214371077628,1.8578562892237207,0.8761429140517519,0.9781304148418637,1.0,1.0,False,main,False
9129,9,9,14.14214371077628,1.8578562892237207,0.8838839819235175,0.9796175397032199,-1.0,-1.0,True,main,False
2613,1,1,5.91683076932256,2.083169230677439,0.73960384616532,0.9412983113665956,25.0,10.0,False,main,True
11329,0,1,5.045997020948561,2.9540029790514386,0.6307496276185701,0.8752075200225566,57.0,17.0,False,main,True
10918,1,1,6.144478598569609,1.8555214014303907,0.7680598248212012,0.9554086156102616,21.0,9.0,False,main,True
10918,2,2,7.144478598569609,1.8555214014303907,0.7938309553966233,0.9612060122681348,16.0,8.0,False,main,False
10918,3,3,8.14447859856961,1.8555214014303907,0.8144478598569609,0.9656674435531749,13.0,6.0,False,main,False
10918,4,4,9.14447859856961,1.8555214014303907,0.8313162362336008,0.9692074828523471,10.0,5.0,False,main,False
10918,5,5,10.14447859856961,1.8555214014303907,0.8453732165474674,0.9720850988635065,7.0,4.0,False,main,False
10918,6,6,11.14447859856961,1.8555214014303907,0.8572675845053546,0.9744704528958109,5.0,3.0,False,main,False
10918,7,7,12.14447859856961,1.8555214014303907,0.8674627570406864,0.9764799853420271,3.0,2.0,False,main,False
10918,8,8,13.14447859856961,1.8555214014303907,0.876298573237974,0.9781960765208377,1.0,1.0,False,main,False
10918,9,9,14.14447859856961,1.8555214014303907,0.8840299124106006,0.9796786576701544,-1.0,-1.0,True,main,False
5355,0,1,4.869374160322694,3.130625839677306,0.6086717700403368,0.8597486807208488,67.0,18.0,False,main,True
5014,1,1,5.894261634368746,2.105738365631254,0.7367827042960933,0.9398202132615798,25.0,10.0,False,main,True
11204,0,1,4.898455204807774,3.1015447951922264,0.6123069006009717,0.8623379645973408,65.0,17.0,False,main,True
11204,0,2,4.898455204807774,4.101544795192226,0.544272800534197,0.7979622366257114,118.0,25.0,False,main,False
11204,0,3,4.898455204807774,5.101544795192226,0.48984552048077734,0.7396324258685865,213.0,35.0,False,main,True
11204,0,4,4.898455204807774,6.101544795192226,0.4453141095279794,0.6877482850270824,391.0,48.0,False,main,True
11204,0,5,4.898455204807774,7.101544795192226,0.4082046004006478,0.6418175795824494,757.0,65.0,False,main,True
10586,0,1,5.106908538403148,2.893091461596853,0.6383635673003935,0.8803885655239051,54.0,16.0,False,main,True
10586,0,2,5.106908538403148,3.893091461596853,0.5674342820447942,0.816554478579639,97.0,23.0,False,main,False
10586,0,3,5.106908538403148,4.893091461596853,0.5106908538403148,0.7579869225722515,169.0,33.0,False,main,True
5256,0,1,4.866710472414845,3.1332895275851547,0.6083388090518557,0.8595106565353768,67.0,18.0,False,main,True
5015,1,1,6.055442608077912,1.9445573919220878,0.756930326009739,0.950067091442662,22.0,9.0,False,main,True
5015,2,2,7.055442608077912,1.9445573919220878,0.7839380675642125,0.9565859515429092,17.0,8.0,False,main,True
5015,3,3,8.055442608077911,1.9445573919220878,0.8055442608077912,0.961596718942107,13.0,7.0,False,main,True
5015,4,4,9.055442608077911,1.9445573919220878,0.8232220552798102,0.965569108335431,10.0,5.0,False,main,False
5015,5,5,10.055442608077911,1.9445573919220878,0.8379535506731594,0.9687959162808811,7.0,4.0,False,main,False
5015,6,6,11.055442608077911,1.9445573919220878,0.8504186621598394,0.9714692206507258,5.0,3.0,False,main,False
5015,7,7,12.055442608077911,1.9445573919220878,0.8611030434341366,0.9737202908541134,3.0,2.0,False,main,False
5015,8,8,13.055442608077911,1.9445573919220878,0.8703628405385275,0.9756419019091088,1.0,1.0,False,main,False
5015,9,9,14.055442608077911,1.9445573919220878,0.8784651630048695,0.9773014889098472,-1.0,-1.0,True,main,False
11390,0,1,4.837417940621843,3.162582059378157,0.6046772425777304,0.8568836424734233,69.0,18.0,False,main,True
7485,0,1,4.953802048887887,3.046197951112113,0.6192252561109859,0.8672182355164413,62.0,17.0,False,main,True
4576,0,1,4.919151147246099,3.0808488527539013,0.6148938934057624,0.8641701840421638,64.0,17.0,False,main,True
10916,1,1,6.143537088386516,1.8564629116134836,0.7679421360483145,0.9553533642539693,21.0,9.0,False,main,True
10916,2,2,7.143537088386516,1.8564629116134836,0.7937263431540573,0.9611581999461175,16.0,8.0,False,main,False
10916,3,3,8.143537088386516,1.8564629116134836,0.8143537088386517,0.9656253007280816,13.0,6.0,False,main,False
10916,4,4,9.143537088386516,1.8564629116134836,0.8312306443987741,0.9691698052744726,10.0,5.0,False,main,False
10916,5,5,10.143537088386516,1.8564629116134836,0.845294757365543,0.9720510296513133,7.0,4.0,False,main,False
10916,6,6,11.143537088386516,1.8564629116134836,0.8571951606451166,0.9744393605079861,5.0,3.0,False,main,False
10916,7,7,12.143537088386516,1.8564629116134836,0.8673955063133226,0.9764513908575222,3.0,2.0,False,main,False
10916,8,8,13.143537088386516,1.8564629116134836,0.8762358058924344,0.9781696080871781,1.0,1.0,False,main,False
10916,9,9,14.143537088386516,1.8564629116134836,0.8839710680241573,0.9796540207782904,-1.0,-1.0,True,main,False
8859,1,1,6.105484766835298,1.8945152331647015,0.7631855958544123,0.9530980883844787,22.0,9.0,False,main,True
8859,2,2,7.105484766835298,1.8945152331647015,0.7894983074261442,0.9592069981200054,17.0,8.0,False,main,True
8859,3,3,8.105484766835298,1.8945152331647015,0.8105484766835298,0.9639057475110513,13.0,6.0,False,main,False
8859,4,4,9.105484766835298,1.8945152331647015,0.8277713424395725,0.9676326404228837,10.0,5.0,False,main,False
8859,5,5,10.105484766835298,1.8945152331647015,0.8421237305696082,0.9706612174987663,7.0,4.0,False,main,False
8859,6,6,11.105484766835298,1.8945152331647015,0.8542680589873306,0.973171087837869,5.0,3.0,False,main,False
8859,7,7,12.105484766835298,1.8945152331647015,0.8646774833453784,0.9752850879699229,3.0,2.0,False,main,False
8859,8,8,13.105484766835298,1.8945152331647015,0.8736989844556865,0.9770900837796653,1.0,1.0,False,main,False
8859,9,9,14.105484766835298,1.8945152331647015,0.8815927979272061,0.9786492458306588,-1.0,-1.0,True,main,False
1400,1,1,6.135093668956224,1.864906331043776,0.766886708619528,0.9548566803152325,21.0,9.0,False,main,True
8338,0,1,4.857096440809124,3.1429035591908763,0.6071370551011405,0.8586503624872488,68.0,18.0,False,main,True
8338,0,2,4.857096440809124,4.142903559190876,0.5396773823121248,0.7941994783041322,124.0,26.0,False,main,False
8338,0,3,4.857096440809124,5.142903559190876,0.4857096440809124,0.7359347181038615,224.0,36.0,False,main,True
8338,0,4,4.857096440809124,6.142903559190876,0.44155422189173854,0.6841731797633679,414.0,49.0,False,main,True
3873,0,1,4.968354429087745,3.031645570912256,0.6210443036359681,0.868490979711385,61.0,17.0,False,main,True
8460,0,1,5.0105840647891275,2.989415935210873,0.6263230080986409,0.8721596149887206,59.0,17.0,False,main,True
8460,0,2,5.0105840647891275,3.989415935210873,0.5567315627543475,0.8080406796628834,106.0,24.0,False,main,False
8460,0,3,5.0105840647891275,4.989415935210873,0.5010584064789128,0.7495640076001484,188.0,34.0,False,main,True
8460,0,4,5.0105840647891275,5.989415935210873,0.45550764225355705,0.69736595621151,337.0,46.0,False,main,True
11259,1,1,5.886538263683593,2.113461736316407,0.7358172829604491,0.9393112327252829,25.0,10.0,False,main,True
11259,2,2,6.886538263683593,2.113461736316407,0.7651709181870658,0.9472963774018746,19.0,8.0,False,main,False
11259,3,3,7.886538263683593,2.113461736316407,0.7886538263683593,0.9534205302017291,15.0,7.0,False,main,False
11259,4,4,8.886538263683594,2.113461736316407,0.8078671148803267,0.9582673957166603,11.0,5.0,False,main,False
11259,5,5,9.886538263683594,2.113461736316407,0.8238781886402995,0.9621993544507248,8.0,4.0,False,main,False
11259,6,6,10.886538263683594,2.113461736316407,0.8374260202833533,0.9654533973675423,5.0,3.0,False,main,False
11259,7,7,11.886538263683594,2.113461736316407,0.849038447405971,0.9681910930682679,3.0,2.0,False,main,False
11259,8,8,12.886538263683594,2.113461736316407,0.8591025509122396,0.9705264049746162,1.0,1.0,False,main,False
11259,9,9,13.886538263683594,2.113461736316407,0.8679086414802246,0.9725420340475174,-1.0,-1.0,True,main,False
8278,1,1,6.110532021551606,1.8894679784483945,0.7638165026939507,0.9533997094128202,22.0,9.0,False,main,True
8278,2,2,7.110532021551606,1.8894679784483945,0.790059113505734,0.9594679045094393,17.0,8.0,False,main,False
8278,3,3,8.110532021551606,1.8894679784483945,0.8110532021551606,0.9641356474897962,13.0,6.0,False,main,False
8278,4,4,9.110532021551606,1.8894679784483945,0.8282301837774187,0.9678381338400837,10.0,5.0,False,main,False
8278,5,5,10.110532021551606,1.8894679784483945,0.8425443351293005,0.9708469966755285,7.0,4.0,False,main,False
8278,6,6,11.110532021551606,1.8894679784483945,0.8546563093501235,0.9733406089354727,5.0,3.0,False,main,False
8278,7,7,12.110532021551606,1.8894679784483945,0.8650380015394005,0.9754409705888913,3.0,2.0,False,main,False
8278,8,8,13.110532021551606,1.8894679784483945,0.8740354681034403,0.977234361026083,1.0,1.0,False,main,False
8278,9,9,14.110532021551606,1.8894679784483945,0.8819082513469754,0.9787835273710391,-1.0,-1.0,True,main,False
7734,0,1,4.858721401896867,3.141278598103133,0.6073401752371084,0.8587959005010596,68.0,18.0,False,main,True
7734,0,2,4.858721401896867,4.141278598103133,0.5398579335440963,0.7943477745609476,123.0,26.0,False,main,False
7734,0,3,4.858721401896867,5.141278598103133,0.4858721401896867,0.7360803494850379,223.0,36.0,False,main,True
7734,0,4,4.858721401896867,6.141278598103133,0.4417019456269879,0.6843139254726661,413.0,49.0,False,main,True
5926,0,1,4.968179476682695,3.031820523317305,0.6210224345853369,0.8684757043518243,61.0,17.0,False,main,True
6771,1,1,6.11300262889624,1.8869973711037598,0.76412532861203,0.9535470761258698,21.0,9.0,False,main,True
6771,2,2,7.11300262889624,1.8869973711037598,0.7903336254329155,0.9595953841030941,17.0,8.0,False,main,True
6771,3,3,8.11300262889624,1.8869973711037598,0.811300262889624,0.9642479807671007,13.0,6.0,False,main,True
6771,4,4,9.11300262889624,1.8869973711037598,0.8284547844451127,0.9679385440542284,10.0,5.0,False,main,False
6771,5,5,10.11300262889624,1.8869973711037598,0.8427502190746866,0.9709377756693017,7.0,4.0,False,main,False
6771,6,6,11.11300262889624,1.8869973711037598,0.8548463560689415,0.973423444893077,5.0,3.0,False,main,False
6771,7,7,12.11300262889624,1.8869973711037598,0.8652144734925885,0.9755171431391472,3.0,2.0,False,main,False
6771,8,8,13.11300262889624,1.8869973711037598,0.8742001752597494,0.9773048633490229,1.0,1.0,False,main,False
6771,9,9,14.11300262889624,1.8869973711037598,0.882062664306015,0.978849145823626,-1.0,-1.0,True,main,False
4577,1,1,5.9961593086240725,2.003840691375928,0.7495199135780091,0.9463827839091546,23.0,9.0,False,main,True
7757,1,1,5.909141218352134,2.0908587816478663,0.7386426522940167,0.9407962580743262,25.0,10.0,False,main,True
7757,2,2,6.909141218352134,2.0908587816478663,0.7676823575946815,0.9485779117596894,19.0,8.0,False,main,False
7757,3,3,7.909141218352134,2.0908587816478663,0.7909141218352134,0.9545477878484966,14.0,7.0,False,main,False
7757,4,4,8.909141218352133,2.0908587816478663,0.8099219289411029,0.9592736209530596,11.0,5.0,False,main,False
7757,5,5,9.909141218352133,2.0908587816478663,0.8257617681960111,0.96310807000889,8.0,4.0,False,main,False
7757,6,6,10.909141218352133,2.0908587816478663,0.8391647091040102,0.9662818643923179,5.0,3.0,False,main,False
7757,7,7,11.909141218352133,2.0908587816478663,0.8506529441680095,0.9689523554906893,3.0,2.0,False,main,False
7757,8,8,12.909141218352133,2.0908587816478663,0.8606094145568088,0.9712305615150884,1.0,1.0,False,main,False
7757,9,9,13.909141218352133,2.0908587816478663,0.8693213261470083,0.9731970637673073,-1.0,-1.0,True,main,False
532,0,1,4.8366886885792955,3.1633113114207045,0.6045860860724119,0.8568180206420016,69.0,18.0,False,main,True
3982,1,1,6.048192636124751,1.9518073638752482,0.7560240795155939,0.9496219239853978,22.0,9.0,False,main,True
6751,1,1,6.04097217281702,1.95902782718298,0.7551215216021275,0.9491770627683025,23.0,9.0,False,main,True
150,1,1,6.063974337590859,1.9360256624091408,0.7579967921988574,0.9505890151204504,22.0,9.0,False,main,True
4451,0,1,5.00303872508818,2.9969612749118206,0.6253798406360225,0.8715068343299858,59.0,17.0,False,main,True
1804,1,1,6.145334172178911,1.8546658278210888,0.7681667715223639,0.9554588007119844,21.0,9.0,False,main,True
1804,2,2,7.145334172178911,1.8546658278210888,0.7939260191309901,0.961249440888445,16.0,8.0,False,main,True
1804,3,3,8.145334172178911,1.8546658278210888,0.8145334172178911,0.9657057227727213,13.0,6.0,False,main,False
1804,4,4,9.145334172178911,1.8546658278210888,0.8313940156526283,0.9692417063907391,10.0,5.0,False,main,False
1804,5,5,10.145334172178911,1.8546658278210888,0.8454445143482426,0.972116044970447,7.0,4.0,False,main,False
1804,6,6,11.145334172178911,1.8546658278210888,0.8573333978599162,0.9744986951681909,5.0,3.0,False,main,False
1804,7,7,12.145334172178911,1.8546658278210888,0.8675238694413508,0.9765059587650258,3.0,2.0,False,main,False
1804,8,8,13.145334172178911,1.8546658278210888,0.8763556114785941,0.9782201188369801,1.0,1.0,False,main,False
1804,9,9,14.145334172178911,1.8546658278210888,0.884083385761182,0.9797010363755744,-1.0,-1.0,True,main,False
6144,1,1,5.893570428504031,2.106429571495969,0.7366963035630039,0.9397747273353987,25.0,10.0,False,main,True
10412,0,1,4.909769929079237,3.090230070920763,0.6137212411349047,0.8633407437252192,65.0,17.0,False,main,True
10412,0,2,4.909769929079237,4.090230070920763,0.5455299921199153,0.7989873860977665,117.0,25.0,False,main,False
10412,0,3,4.909769929079237,5.090230070920763,0.49097699290792374,0.740640790813692,210.0,35.0,False,main,True
10412,0,4,4.909769929079237,6.090230070920763,0.44634272082538523,0.6887237450018195,385.0,48.0,False,main,True
10412,0,5,4.909769929079237,7.090230070920763,0.40914749408993645,0.6427540057353934,743.0,65.0,False,main,True
3814,0,1,4.862406115054026,3.137593884945974,0.6078007643817532,0.8591257202538845,67.0,18.0,False,main,True
9841,1,1,5.961700979928906,2.0382990200710944,0.7452126224911132,0.9441956337838275,24.0,9.0,False,main,True
9841,2,2,6.961700979928906,2.0382990200710944,0.7735223311032118,0.9515127244307698,18.0,8.0,False,main,False
9841,3,3,7.961700979928906,2.0382990200710944,0.7961700979928905,0.9571301065553632,14.0,7.0,False,main,False
9841,4,4,8.961700979928906,2.0382990200710944,0.814700089084446,0.9615792360684023,11.0,5.0,False,main,False
9841,5,5,9.961700979928906,2.0382990200710944,0.8301417483274088,0.9651906551605653,8.0,4.0,False,main,False
9841,6,6,10.961700979928906,2.0382990200710944,0.8432077676868389,0.9681808321984862,5.0,3.0,False,main,False
9841,7,7,11.961700979928906,2.0382990200710944,0.8544072128520648,0.9706975053862685,3.0,2.0,False,main,False
9841,8,8,12.961700979928906,2.0382990200710944,0.864113398661927,0.9728449746316145,1.0,1.0,False,main,False
9841,9,9,13.961700979928906,2.0382990200710944,0.8726063112455567,0.9746989833377354,-1.0,-1.0,True,main,False
8934,0,1,5.124266863781382,2.8757331362186176,0.6405333579726727,0.8818506979744041,54.0,16.0,False,main,True
2329,2,2,7.238722868038413,1.7612771319615868,0.804302540893157,0.9658756288381186,15.0,8.0,False,main,True
2329,3,3,8.238722868038412,1.7612771319615868,0.8238722868038414,0.9697849536479185,12.0,6.0,False,main,False
2329,4,4,9.238722868038412,1.7612771319615868,0.8398838970944013,0.9728898373304204,9.0,5.0,False,main,False
2329,5,5,10.238722868038412,1.7612771319615868,0.8532269056698678,0.9754156012974361,7.0,4.0,False,main,False
2329,6,6,11.238722868038412,1.7612771319615868,0.8645171436952626,0.9775105505789692,5.0,3.0,False,main,False
2329,7,7,12.238722868038412,1.7612771319615868,0.8741944905741724,0.9792763070153659,3.0,2.0,False,main,False
2329,8,8,13.238722868038412,1.7612771319615868,0.8825815245358942,0.9807848463357874,1.0,1.0,False,main,False
2329,9,9,14.238722868038412,1.7612771319615868,0.8899201792524009,0.982088578501175,-1.0,-1.0,True,main,False
787,2,2,6.853177196691734,2.146822803308267,0.7614641329657482,0.9453838662043678,19.0,8.0,False,main,True
787,3,3,7.853177196691734,2.146822803308267,0.7853177196691734,0.9517386512605587,15.0,7.0,False,main,True
787,4,4,8.853177196691734,2.146822803308267,0.8048342906083394,0.9567663694456737,11.0,5.0,False,main,False
787,5,5,9.853177196691734,2.146822803308267,0.8210980997243111,0.9608439811531854,8.0,4.0,False,main,False
787,6,6,10.853177196691734,2.146822803308267,0.8348597843609026,0.9642178603135825,5.0,3.0,False,main,False
787,7,7,11.853177196691734,2.146822803308267,0.8466555140494095,0.9670558908997813,3.0,2.0,False,main,False
787,8,8,12.853177196691734,2.146822803308267,0.8568784797794489,0.9694764445532972,1.0,1.0,False,main,False
787,9,9,13.853177196691734,2.146822803308267,0.8658235747932334,0.9715653934623163,-1.0,-1.0,True,main,False
2818,2,2,7.0894339951443595,1.9105660048556408,0.7877148883493733,0.9583730612220812,17.0,8.0,False,main,True
2818,3,3,8.08943399514436,1.9105660048556408,0.808943399514436,0.9631709809862053,13.0,6.0,False,main,True
2818,4,4,9.08943399514436,1.9105660048556408,0.82631218137676,0.9669759224361063,10.0,5.0,False,main,False
2818,5,5,10.08943399514436,1.9105660048556408,0.84078616626203,0.9700675345409688,7.0,4.0,False,main,False
2818,6,6,11.08943399514436,1.9105660048556408,0.8530333842418738,0.972629383662154,5.0,3.0,False,main,False
2818,7,7,12.08943399514436,1.9105660048556408,0.8635309996531685,0.974786983737183,3.0,2.0,False,main,False
2818,8,8,13.08943399514436,1.9105660048556408,0.872628933009624,0.9766290773627234,1.0,1.0,False,main,False
2818,9,9,14.08943399514436,1.9105660048556408,0.8805896246965225,0.9782201898439089,-1.0,-1.0,True,main,False
2673,2,2,7.800969658259842,1.1990303417401584,0.8667744064733157,0.9883047279921386,11.0,7.0,False,main,True
2673,3,3,8.800969658259842,1.1990303417401584,0.8800969658259842,0.9896125477465977,9.0,6.0,False,main,False
2673,4,4,9.800969658259842,1.1990303417401584,0.8909972416599856,0.9906572437050266,7.0,5.0,False,main,False
2673,5,5,10.800969658259842,1.1990303417401584,0.9000808048549868,0.9915109768446656,5.0,4.0,False,main,False
2673,6,6,11.800969658259842,1.1990303417401584,0.9077668967892186,0.9922217285326047,4.0,3.0,False,main,False
2673,7,7,12.800969658259842,1.1990303417401584,0.9143549755899887,0.9928226463344348,2.0,2.0,False,main,False
2673,8,8,13.800969658259842,1.1990303417401584,0.9200646438839895,0.9933373657227699,1.0,1.0,False,main,False
2673,9,9,14.800969658259842,1.1990303417401584,0.9250606036412401,0.9937831939576673,-1.0,-1.0,True,main,False
7171,2,2,7.12810313387585,1.8718968661241493,0.7920114593195389,0.9603712081601841,16.0,8.0,False,main,True
7171,3,3,8.12810313387585,1.8718968661241493,0.812810313387585,0.9649316760847634,13.0,6.0,False,main,True
7171,4,4,9.12810313387585,1.8718968661241493,0.8298275576250773,0.9685497063230653,10.0,5.0,False,main,False
7171,5,5,10.12810313387585,1.8718968661241493,0.8440085944896542,0.9714903408369597,7.0,4.0,False,main,False
7171,6,6,11.12810313387585,1.8718968661241493,0.8560079333750654,0.9739276798404738,5.0,3.0,False,main,False
7171,7,7,12.12810313387585,1.8718968661241493,0.8662930809911321,0.9759808310382192,3.0,2.0,False,main,False
7171,8,8,13.12810313387585,1.8718968661241493,0.8752068755917234,0.9777340457016355,1.0,1.0,False,main,False
7171,9,9,14.12810313387585,1.8718968661241493,0.8830064458672406,0.9792486064378854,-1.0,-1.0,True,main,False
11027,0,5,5.298264140640941,6.701735859359059,0.44152201172007843,0.6743499197388926,420.0,54.0,False,main,True
222,2,2,7.78142681634722,1.2185731836527804,0.8646029795941356,0.9877016635353648,11.0,7.0,False,main,True
222,3,3,8.78142681634722,1.2185731836527804,0.8781426816347219,0.9890781383955803,9.0,6.0,False,main,False
222,4,4,9.78142681634722,1.2185731836527804,0.889220619667929,0.9901774502150714,7.0,5.0,False,main,False
222,5,5,10.78142681634722,1.2185731836527804,0.8984522346956015,0.9910756679567038,5.0,4.0,False,main,False
222,6,6,11.78142681634722,1.2185731836527804,0.9062636012574784,0.9918233533728014,4.0,3.0,False,main,False
222,7,7,12.78142681634722,1.2185731836527804,0.9129590583105156,0.9924554265406239,2.0,2.0,False,main,False
222,8,8,13.78142681634722,1.2185731836527804,0.9187617877564813,0.9929967808347443,1.0,1.0,False,main,False
222,9,9,14.78142681634722,1.2185731836527804,0.9238391760217013,0.9934656409527429,-1.0,-1.0,True,main,False
5014,2,2,6.894261634368746,2.105738365631254,0.7660290704854162,0.9477355759271666,19.0,8.0,False,main,True
5014,3,3,7.894261634368746,2.105738365631254,0.7894261634368747,0.9538068320083812,14.0,7.0,False,main,True
5014,4,4,8.894261634368746,2.105738365631254,0.8085692394880678,0.9586122042145401,11.0,5.0,False,main,False
5014,5,5,9.894261634368746,2.105738365631254,0.8245218028640622,0.9625107369825868,8.0,4.0,False,main,False
5014,6,6,10.894261634368746,2.105738365631254,0.8380201257206727,0.9657372730142385,5.0,3.0,False,main,False
5014,7,7,11.894261634368746,2.105738365631254,0.8495901167406247,0.9684519342930274,3.0,2.0,False,main,False
5014,8,8,12.894261634368746,2.105738365631254,0.8596174422912497,0.9707676740936043,1.0,1.0,False,main,False
5014,9,9,13.894261634368746,2.105738365631254,0.8683913521480466,0.972766466459314,-1.0,-1.0,True,main,False
8968,2,2,7.40754644780712,1.5924535521928798,0.8230607164230134,0.9736363695408449,14.0,7.0,False,main,True
8968,3,3,8.407546447807121,1.5924535521928798,0.8407546447807122,0.9766354908126367,11.0,6.0,False,main,False
8968,4,4,9.407546447807121,1.5924535521928798,0.8552314952551928,0.9790215190117586,8.0,5.0,False,main,False
8968,5,5,10.407546447807121,1.5924535521928798,0.8672955373172601,0.9809651163194862,6.0,4.0,False,main,False
8968,6,6,11.407546447807121,1.5924535521928798,0.8775035729082401,0.9825789535600238,4.0,3.0,False,main,False
8968,7,7,12.407546447807121,1.5924535521928798,0.8862533177005086,0.9839404229591153,2.0,2.0,False,main,False
8968,8,8,13.407546447807121,1.5924535521928798,0.8938364298538081,0.98510444803747,1.0,1.0,False,main,False
8968,9,9,14.407546447807121,1.5924535521928798,0.9004716529879451,0.9861110881591351,-1.0,-1.0,True,main,False
