arm,s,n,post_a,post_b,q_mean,q_opt,m_mean,m_opt,confirmed,sel_kind,would_differ
12092,1,1,6.710007301254436,1.2899926987455643,0.8387509126568045,0.9832619791353975,15.0,8.0,False,main,True
6591,0,1,5.69021183943236,2.3097881605676402,0.711276479929045,0.9258476293672705,35.0,14.0,False,main,True
11990,0,1,5.704422121143534,2.2955778788564656,0.7130527651429418,0.9268552679752518,35.0,14.0,False,main,True
1165,1,1,6.799395090319308,1.2006049096806917,0.8499243862899135,0.9865648656174377,14.0,8.0,False,main,True
11582,1,1,6.897586164189833,1.1024138358101672,0.8621982705237291,0.989795645732325,13.0,8.0,False,main,True
11582,2,2,7.897586164189833,1.1024138358101672,0.8775095737988703,0.9910740604668636,11.0,7.0,False,main,False
11582,3,3,8.897586164189832,1.1024138358101672,0.8897586164189832,0.9920677835548822,9.0,6.0,False,main,False
11582,4,4,9.897586164189832,1.1024138358101672,0.8997805603808938,0.9928623922766405,7.0,5.0,False,main,False
11582,5,5,10.897586164189832,1.1024138358101672,0.9081321803491527,0.9935122863842518,5.0,4.0,False,main,False
11582,6,6,11.897586164189832,1.1024138358101672,0.9151989357069101,0.9940537019272683,4.0,3.0,False,main,False
11582,7,7,12.897586164189832,1.1024138358101672,0.921256154584988,0.9945117084876006,2.0,2.0,False,main,False
11582,8,8,13.897586164189832,1.1024138358101672,0.9265057442793221,0.9949042030018868,1.0,1.0,False,main,False
11582,9,9,14.897586164189832,1.1024138358101672,0.9310991352618645,0.9952443038242511,-1.0,-1.0,True,main,False
10926,0,1,5.714277812961755,2.2857221870382447,0.7142847266202194,0.9275511541861415,34.0,14.0,False,main,True
10926,0,2,5.714277812961755,3.2857221870382447,0.6349197569957505,0.8670876816733253,59.0,19.0,False,main,False
10926,0,3,5.714277812961755,4.285722187038244,0.5714277812961754,0.8087712542158877,97.0,26.0,False,main,False
10926,0,4,5.714277812961755,5.285722187038244,0.5194798011783414,0.7552590560905895,159.0,35.0,False,main,True
2230,0,1,5.672434094031251,2.3275659059687492,0.7090542617539064,0.9245799340865466,35.0,14.0,False,main,True
9823,1,1,6.684158365646758,1.3158416343532418,0.8355197957058448,0.9822450978089035,15.0,8.0,False,main,True
9823,2,2,7.684158365646758,1.3158416343532418,0.8537953739607509,0.9844940131615931,12.0,7.0,False,main,False
9823,3,3,8.68415836564676,1.3158416343532418,0.8684158365646759,0.9862370632422046,10.0,6.0,False,main,False
9823,4,4,9.68415836564676,1.3158416343532418,0.8803780332406145,0.9876277234672286,8.0,5.0,False,main,False
9823,5,5,10.68415836564676,1.3158416343532418,0.8903465304705632,0.9887630721132054,6.0,4.0,False,main,False
9823,6,6,11.68415836564676,1.3158416343532418,0.8987814127420584,0.9897075210731142,4.0,3.0,False,main,False
9823,7,7,12.68415836564676,1.3158416343532418,0.9060113118319114,0.9905054921661683,2.0,2.0,False,main,False
9823,8,8,13.68415836564676,1.3158416343532418,0.9122772243764506,0.9911886147892776,1.0,1.0,False,main,False
9823,9,9,14.68415836564676,1.3158416343532418,0.9177598978529224,0.9917800221530421,-1.0,-1.0,True,main,False
4518,0,1,5.636259619448846,2.363740380551154,0.7045324524311057,0.9219762618138447,36.0,14.0,False,main,True
8789,0,1,5.610985493197505,2.389014506802494,0.7013731866496882,0.920138108410201,37.0,14.0,False,main,True
1491,1,1,6.5955675452659985,1.4044324547340017,0.8244459431582498,0.9785577999916892,16.0,8.0,False,main,True
1491,2,2,7.5955675452659985,1.4044324547340017,0.8439519494739999,0.9812858086390421,13.0,7.0,False,main,True
1491,3,3,8.595567545265999,1.4044324547340017,0.8595567545265999,0.9833976862171256,10.0,6.0,False,main,False
1491,4,4,9.595567545265999,1.4044324547340017,0.8723243222969089,0.9850810672884479,8.0,5.0,False,main,False
1491,5,5,10.595567545265999,1.4044324547340017,0.8829639621054999,0.9864543942666323,6.0,4.0,False,main,False
1491,6,6,11.595567545265999,1.4044324547340017,0.8919667342512306,0.9875961281433673,4.0,3.0,False,main,False
1491,7,7,12.595567545265999,1.4044324547340017,0.8996833960904285,0.9885603097264981,2.0,2.0,False,main,False
1491,8,8,13.595567545265999,1.4044324547340017,0.9063711696843999,0.9893853763578401,1.0,1.0,False,main,False
1491,9,9,14.595567545265999,1.4044324547340017,0.9122229715791249,0.9900994153533733,-1.0,-1.0,True,main,False
3354,1,1,6.681976872651475,1.3180231273485252,0.8352471090814344,0.9821580394706,15.0,8.0,False,main,True
3173,0,1,5.721962528086409,2.278037471913591,0.7152453160108011,0.9280920575064624,34.0,14.0,False,main,True
7218,1,1,6.81463849925705,1.1853615007429492,0.8518298124071313,0.98709422096347,14.0,8.0,False,main,True
8099,1,1,6.731731968377677,1.268268031622323,0.8414664960472096,0.98409546012374,15.0,8.0,False,main,True
8099,2,2,7.731731968377677,1.268268031622323,0.8590813298197418,0.9861051589548636,12.0,7.0,False,main,False
8099,3,3,8.731731968377677,1.268268031622323,0.8731731968377676,0.9876637971585525,9.0,6.0,False,main,False
8099,4,4,9.731731968377677,1.268268031622323,0.8847029062161524,0.9889079441153701,7.0,5.0,False,main,False
8099,5,5,10.731731968377677,1.268268031622323,0.8943109973648063,0.989924079654324,6.0,4.0,False,main,False
8099,6,6,11.731731968377677,1.268268031622323,0.9024409206444367,0.9907696332704848,4.0,3.0,False,main,False
8099,7,7,12.731731968377677,1.268268031622323,0.9094094263126912,0.9914842390716951,2.0,2.0,False,main,False
8099,8,8,13.731731968377677,1.268268031622323,0.9154487978918451,0.9920961337787767,1.0,1.0,False,main,False
8099,9,9,14.731731968377677,1.268268031622323,0.9207332480236048,0.9926259792590246,-1.0,-1.0,True,main,False
2816,1,1,6.853535383359343,1.1464646166406562,0.8566919229199179,0.9883990452389793,14.0,8.0,False,main,True
5396,1,1,6.831757089991257,1.1682429100087428,0.8539696362489071,0.987676657219308,14.0,8.0,False,main,True
5396,2,2,7.831757089991257,1.1682429100087428,0.8701952322212507,0.9892258610649978,11.0,7.0,False,main,False
5396,3,3,8.831757089991257,1.1682429100087428,0.8831757089991257,0.9904289871305936,9.0,6.0,False,main,False
5396,4,4,9.831757089991257,1.1682429100087428,0.8937960990901143,0.9913903659104886,7.0,5.0,False,main,False
5396,5,5,10.831757089991257,1.1682429100087428,0.9026464241659381,0.9921762162948753,5.0,4.0,False,main,False
5396,6,6,11.831757089991257,1.1682429100087428,0.9101351607685582,0.9928305935481817,4.0,3.0,False,main,False
5396,7,7,12.831757089991257,1.1682429100087428,0.9165540778565183,0.9933839468676767,2.0,2.0,False,main,False
5396,8,8,13.831757089991257,1.1682429100087428,0.9221171393327504,0.9938579959146102,1.0,1.0,False,main,False
5396,9,9,14.831757089991257,1.1682429100087428,0.9269848181244535,0.9942686501489042,-1.0,-1.0,True,main,False
7575,1,1,6.707867475175783,1.2921325248242168,0.8384834343969729,0.9831788333721567,15.0,8.0,False,main,True
2384,1,1,6.832227354634043,1.1677726453659578,0.8540284193292553,0.9876924765118918,14.0,8.0,False,main,True
6424,1,1,6.608226458601759,1.3917735413982404,0.8260283073252199,0.9791034833302307,16.0,8.0,False,main,True
11056,0,1,5.768107344888232,2.2318926551117673,0.721013418111029,0.9313085600897609,33.0,14.0,False,main,True
11056,0,2,5.768107344888232,3.2318926551117673,0.6409008160986924,0.8712949666451147,57.0,19.0,False,main,False
11056,0,3,5.768107344888232,4.231892655111768,0.5768107344888233,0.813076332664703,93.0,26.0,False,main,True
11056,0,4,5.768107344888232,5.231892655111768,0.5243733949898393,0.7595136728715193,152.0,35.0,False,main,True
10211,1,1,6.899216636019531,1.1007833639804683,0.8624020795024414,0.9898456609983948,13.0,8.0,False,main,True
10211,2,2,7.899216636019531,1.1007833639804683,0.8776907373355035,0.991117700559315,11.0,7.0,False,main,False
10211,3,3,8.899216636019531,1.1007833639804683,0.8899216636019531,0.9921064903184715,9.0,6.0,False,main,False
10211,4,4,9.899216636019531,1.1007833639804683,0.8999287850926847,0.9928971680203788,7.0,5.0,False,main,False
10211,5,5,10.899216636019531,1.1007833639804683,0.9082680530016276,0.9935438560799424,5.0,4.0,False,main,False
10211,6,6,11.899216636019531,1.1007833639804683,0.915324356616887,0.9940826069002079,4.0,3.0,False,main,False
10211,7,7,12.899216636019531,1.1007833639804683,0.921372616858538,0.9945383636208718,2.0,2.0,False,main,False
10211,8,8,13.899216636019531,1.1007833639804683,0.9266144424013021,0.9949289332745114,1.0,1.0,False,main,False
10211,9,9,14.899216636019531,1.1007833639804683,0.9312010397512207,0.9952673685394169,-1.0,-1.0,True,main,False
9153,0,1,5.592378447018623,2.407621552981377,0.6990473058773279,0.9187749237515941,37.0,14.0,False,main,True
6064,1,1,6.783130370072915,1.2168696299270851,0.8478912962591144,0.9859890058809534,14.0,8.0,False,main,True
6064,2,2,7.783130370072915,1.2168696299270851,0.864792263341435,0.9877547947585265,11.0,7.0,False,main,False
6064,3,3,8.783130370072914,1.2168696299270851,0.8783130370072915,0.9891252174658354,9.0,6.0,False,main,False
6064,4,4,9.783130370072914,1.2168696299270851,0.8893754881884468,0.9902197153927449,7.0,5.0,False,main,False
6064,5,5,10.783130370072914,1.2168696299270851,0.8985941975060762,0.9911140126478529,5.0,4.0,False,main,False
6064,6,6,11.783130370072914,1.2168696299270851,0.9063946438517626,0.991858443335288,4.0,3.0,False,main,False
6064,7,7,12.783130370072914,1.2168696299270851,0.9130807407194939,0.9924877711867159,2.0,2.0,False,main,False
6064,8,8,13.783130370072914,1.2168696299270851,0.918875358004861,0.9930267786401186,1.0,1.0,False,main,False
6064,9,9,14.783130370072914,1.2168696299270851,0.9239456481295572,0.9934936094933516,-1.0,-1.0,True,main,False
9602,1,1,6.733281811317937,1.2667181886820624,0.8416602264147421,0.9841541756055175,15.0,8.0,False,main,True
9602,2,2,7.733281811317937,1.2667181886820624,0.8592535345908819,0.9861562974517786,12.0,7.0,False,main,False
9602,3,3,8.733281811317937,1.2667181886820624,0.8733281811317937,0.9877090916749337,9.0,6.0,False,main,False
9602,4,4,9.733281811317937,1.2667181886820624,0.8848438010289034,0.9889485938815789,7.0,5.0,False,main,False
9602,5,5,10.733281811317937,1.2667181886820624,0.8944401509431614,0.9899609489924744,6.0,4.0,False,main,False
9602,6,6,11.733281811317937,1.2667181886820624,0.902560139332149,0.9908033657141782,4.0,3.0,False,main,False
9602,7,7,12.733281811317937,1.2667181886820624,0.9095201293798526,0.9915153266826855,2.0,2.0,False,main,False
9602,8,8,13.733281811317937,1.2667181886820624,0.9155521207545292,0.992124961235388,1.0,1.0,False,main,False
9602,9,9,14.733281811317937,1.2667181886820624,0.9208301132073711,0.9926528529889569,-1.0,-1.0,True,main,False
5861,0,1,5.639135688588239,2.360864311411761,0.7048919610735299,0.922184445767676,36.0,14.0,False,main,True
529,1,1,6.848781085385063,1.1512189146149368,0.8560976356731329,0.9882431315739552,14.0,8.0,False,main,True
529,2,2,7.848781085385063,1.1512189146149368,0.872086787265007,0.9897198152423115,11.0,7.0,False,main,False
529,3,3,8.848781085385063,1.1512189146149368,0.8848781085385063,0.9908668876944529,9.0,6.0,False,main,False
529,4,4,9.848781085385063,1.1512189146149368,0.8953437350350057,0.9917836414613124,7.0,5.0,False,main,False
529,5,5,10.848781085385063,1.1512189146149368,0.9040650904487553,0.9925331228416023,5.0,4.0,False,main,False
529,6,6,11.848781085385063,1.1512189146149368,0.9114446988757741,0.993157289537773,4.0,3.0,False,main,False
529,7,7,12.848781085385063,1.1512189146149368,0.9177700775275045,0.9936851483693755,2.0,2.0,False,main,False
529,8,8,13.848781085385063,1.1512189146149368,0.9232520723590042,0.9941373944884638,1.0,1.0,False,main,False
529,9,9,14.848781085385063,1.1512189146149368,0.9280488178365665,0.9945291895923105,-1.0,-1.0,True,main,False
6308,1,1,6.597476843097583,1.4025231569024168,0.8246846053871979,0.9786404981673702,16.0,8.0,False,main,True
5729,1,1,6.6752651336274305,1.324734866372569,0.8344081417034288,0.9818889873680321,15.0,8.0,False,main,True
6433,1,1,6.702297313699118,1.297702686300882,0.8377871642123897,0.9829615193550716,15.0,8.0,False,main,True
5626,1,1,6.616594855877814,1.3834051441221864,0.8270743569847268,0.9794608201258472,16.0,8.0,False,main,True
1979,1,1,6.652073039321131,1.3479269606788693,0.8315091299151414,0.9809454086041245,15.0,8.0,False,main,True
8979,0,1,5.669715542295968,2.3302844577040314,0.708714442786996,0.9243853876688748,35.0,14.0,False,main,True
1624,1,1,6.727102552034427,1.2728974479655721,0.8408878190043034,0.9839194827029182,15.0,8.0,False,main,True
5933,1,1,6.655118245960268,1.344881754039732,0.8318897807450335,0.9810705256631855,15.0,8.0,False,main,True
4605,1,1,6.6052050541055225,1.3947949458944777,0.8256506317631903,0.9789738015796794,16.0,8.0,False,main,True
10918,1,1,6.751966273426242,1.248033726573758,0.8439957841782803,0.9848541593054488,14.0,8.0,False,main,True
10918,2,2,7.751966273426242,1.248033726573758,0.8613295859362491,0.9867660182968353,12.0,7.0,False,main,False
10918,3,3,8.751966273426241,1.248033726573758,0.8751966273426242,0.9882491805428615,9.0,6.0,False,main,False
10918,4,4,9.751966273426241,1.248033726573758,0.8865423884932947,0.9894333312050747,7.0,5.0,False,main,False
10918,5,5,10.751966273426241,1.248033726573758,0.8959971894521868,0.9904006293451659,5.0,4.0,False,main,False
10918,6,6,11.751966273426241,1.248033726573758,0.9039974056481724,0.9912056552803241,4.0,3.0,False,main,False
10918,7,7,12.751966273426241,1.248033726573758,0.9108547338161601,0.9918860880494176,2.0,2.0,False,main,False
10918,8,8,13.751966273426241,1.248033726573758,0.9167977515617494,0.9924687781310363,1.0,1.0,False,main,False
10918,9,9,14.751966273426241,1.248033726573758,0.9219978920891401,0.9929733770939387,-1.0,-1.0,True,main,False
8333,1,1,6.609087801805071,1.3909121981949293,0.8261359752256339,0.979140388470603,16.0,8.0,False,main,True
8333,2,2,7.609087801805071,1.3909121981949293,0.8454542002005634,0.9817924970302548,13.0,7.0,False,main,False
8333,3,3,8.609087801805071,1.3909121981949293,0.8609087801805071,0.983845986418684,10.0,6.0,False,main,False
8333,4,4,9.609087801805071,1.3909121981949293,0.8735534365277338,0.9854830538473669,8.0,5.0,False,main,False
8333,5,5,10.609087801805071,1.3909121981949293,0.8840906501504225,0.9868187453600086,6.0,4.0,False,main,False
8333,6,6,11.609087801805071,1.3909121981949293,0.8930067539850055,0.9879292907001669,4.0,3.0,False,main,False
8333,7,7,12.609087801805071,1.3909121981949293,0.9006491287003622,0.9888672042232477,2.0,2.0,False,main,False
8333,8,8,13.609087801805071,1.3909121981949293,0.9072725201203381,0.9896698436131226,1.0,1.0,False,main,False
8333,9,9,14.609087801805071,1.3909121981949293,0.9130679876128169,0.9903645109533575,-1.0,-1.0,True,main,False
8565,1,1,6.723391137963989,1.2766088620360114,0.8404238922454986,0.9837777607501426,15.0,8.0,False,main,True
8565,2,2,7.723391137963989,1.2766088620360114,0.8581545708848877,0.9858284722874974,12.0,7.0,False,main,True
8565,3,3,8.72339113796399,1.2766088620360114,0.8723391137963988,0.9874187396672103,9.0,6.0,False,main,False
8565,4,4,9.72339113796399,1.2766088620360114,0.8839446489058171,0.9886880233306969,7.0,5.0,False,main,False
8565,5,5,10.72339113796399,1.2766088620360114,0.8936159281636656,0.9897246167518853,6.0,4.0,False,main,False
8565,6,6,11.72339113796399,1.2766088620360114,0.9017993183049222,0.990587144914152,4.0,3.0,False,main,False
8565,7,7,12.72339113796399,1.2766088620360114,0.9088136527117134,0.9913160620019248,2.0,2.0,False,main,False
8565,8,8,13.72339113796399,1.2766088620360114,0.9148927425309326,0.9919401860645111,1.0,1.0,False,main,False
8565,9,9,14.72339113796399,1.2766088620360114,0.9202119461227494,0.9924806025538162,-1.0,-1.0,True,main,False
8185,0,1,5.6943425291674235,2.3056574708325765,0.7117928161459279,0.9261410534619652,35.0,14.0,False,main,True
8185,0,2,5.6943425291674235,3.3056574708325765,0.632704725463047,0.865517980635622,60.0,20.0,False,main,False
8185,0,3,5.6943425291674235,4.3056574708325765,0.5694342529167423,0.8071687141893076,99.0,27.0,False,main,True
8185,0,4,5.6943425291674235,5.3056574708325765,0.5176675026515839,0.7536771257506263,162.0,35.0,False,main,True
10802,0,1,5.6030671780871995,2.396932821912801,0.7003833972608999,0.9195590232354217,37.0,14.0,False,main,True
10802,0,2,5.6030671780871995,3.396932821912801,0.6225630197874666,0.858251908869011,64.0,20.0,False,main,False
10802,0,3,5.6030671780871995,4.3969328219128005,0.56030671780872,0.7997750488451901,107.0,27.0,False,main,False
10802,0,4,5.6030671780871995,5.3969328219128005,0.5093697434624727,0.7463908709078713,176.0,37.0,False,main,True
10802,0,5,5.6030671780871995,6.3969328219128005,0.46692226484059995,0.6983961394486622,294.0,48.0,False,main,True
4326,1,1,6.7096862522983045,1.2903137477016955,0.8387107815372881,0.983249516310263,15.0,8.0,False,main,True
3990,1,1,6.737400368333348,1.2625996316666517,0.8421750460416685,0.9843097214556641,15.0,8.0,False,main,True
11569,1,1,6.643361810223284,1.3566381897767164,0.8304202262779105,0.9805854672377112,15.0,8.0,False,main,True
11569,2,2,7.643361810223284,1.3566381897767164,0.8492624233581426,0.9830496360089018,12.0,7.0,False,main,False
11569,3,3,8.643361810223283,1.3566381897767164,0.8643361810223282,0.9849584787232656,10.0,6.0,False,main,False
11569,4,4,9.643361810223283,1.3566381897767164,0.8766692554748439,0.9864807700623034,8.0,5.0,False,main,False
11569,5,5,10.643361810223283,1.3566381897767164,0.8869468175186069,0.9877231649752242,6.0,4.0,False,main,False
11569,6,6,11.643361810223283,1.3566381897767164,0.8956432161710217,0.9887563771352041,4.0,3.0,False,main,False
11569,7,7,12.643361810223283,1.3566381897767164,0.9030972721588059,0.9896291452752662,2.0,2.0,False,main,False
11569,8,8,13.643361810223283,1.3566381897767164,0.9095574540148855,0.9903761554590492,1.0,1.0,False,main,False
11569,9,9,14.643361810223283,1.3566381897767164,0.9152101131389552,0.9910227660224848,-1.0,-1.0,True,main,False
9753,1,1,6.803469754588238,1.1965302454117623,0.8504337193235297,0.9867073496332325,14.0,8.0,False,main,True
9753,2,2,7.803469754588238,1.1965302454117623,0.8670521949542487,0.988380854344706,11.0,7.0,False,main,False
9753,3,3,8.803469754588239,1.1965302454117623,0.8803469754588237,0.9896800138321801,9.0,6.0,False,main,False
9753,4,4,9.803469754588239,1.1965302454117623,0.8912245231443852,0.9907178192819915,7.0,5.0,False,main,False
9753,5,5,10.803469754588239,1.1965302454117623,0.9002891462156865,0.9915659393419608,5.0,4.0,False,main,False
9753,6,6,11.803469754588239,1.1965302454117623,0.9079592118914028,0.9922720302052456,4.0,3.0,False,main,False
9753,7,7,12.803469754588239,1.1965302454117623,0.9145335538991598,0.9928690160164975,2.0,2.0,False,main,False
9753,8,8,13.803469754588239,1.1965302454117623,0.9202313169725491,0.9933803736615539,1.0,1.0,False,main,False
9753,9,9,14.803469754588239,1.1965302454117623,0.9252168596617649,0.9938232947177991,-1.0,-1.0,True,main,False
11243,1,1,6.85706297646706,1.1429370235329404,0.8571328720583825,0.9885140821658762,14.0,8.0,False,main,True
11243,2,2,7.85706297646706,1.1429370235329404,0.8730069973852289,0.9899561114560386,11.0,7.0,False,main,False
11243,3,3,8.85706297646706,1.1429370235329404,0.8857062976467059,0.9910763914498693,9.0,6.0,False,main,False
11243,4,4,9.85706297646706,1.1429370235329404,0.8960966342242781,0.991971811214849,7.0,5.0,False,main,False
11243,5,5,10.85706297646706,1.1429370235329404,0.9047552480389216,0.9927039028497502,5.0,4.0,False,main,False
11243,6,6,11.85706297646706,1.1429370235329404,0.912081767420543,0.9933136226034635,4.0,3.0,False,main,False
11243,7,7,12.85706297646706,1.1429370235329404,0.9183616411762185,0.9938292884627448,2.0,2.0,False,main,False
11243,8,8,13.85706297646706,1.1429370235329404,0.9238041984311373,0.9942711061968027,1.0,1.0,False,main,False
11243,9,9,14.85706297646706,1.1429370235329404,0.9285664360291912,0.9946538802473436,-1.0,-1.0,True,main,False
10994,0,1,5.731640052818965,2.2683599471810356,0.7164550066023706,0.9287711080223331,34.0,14.0,False,main,True
10994,0,2,5.731640052818965,3.2683599471810356,0.6368488947576627,0.8684496980365618,58.0,19.0,False,main,False
10994,0,3,5.731640052818965,4.268359947181036,0.5731640052818965,0.8101633505234174,96.0,26.0,False,main,True
10994,0,4,5.731640052818965,5.268359947181036,0.5210581866199059,0.7566340458867272,156.0,35.0,False,main,True
2893,1,1,6.7842709851667475,1.2157290148332525,0.8480338731458434,0.9860297593411959,14.0,8.0,False,main,True
6266,1,1,6.639516695136963,1.3604833048630374,0.8299395868921203,0.9804256372978012,15.0,8.0,False,main,True
6266,2,2,7.639516695136963,1.3604833048630374,0.8488351883485514,0.9829105695740407,12.0,7.0,False,main,False
6266,3,3,8.639516695136962,1.3604833048630374,0.8639516695136962,0.9848353976834741,10.0,6.0,False,main,False
6266,4,4,9.639516695136962,1.3604833048630374,0.8763196995579056,0.9863703763039214,8.0,5.0,False,main,False
6266,5,5,10.639516695136962,1.3604833048630374,0.8866263912614135,0.9876230860926568,6.0,4.0,False,main,False
6266,6,6,11.639516695136962,1.3604833048630374,0.8953474380874586,0.9886648495081428,4.0,3.0,False,main,False
6266,7,7,12.639516695136962,1.3604833048630374,0.9028226210812116,0.9895448221206513,2.0,2.0,False,main,False
6266,8,8,13.639516695136962,1.3604833048630374,0.9093011130091307,0.9902979850268009,1.0,1.0,False,main,False
6266,9,9,14.639516695136962,1.3604833048630374,0.9149697934460601,0.9909499112635992,-1.0,-1.0,True,main,False
3198,0,1,5.789429255050129,2.2105707449498717,0.7236786568812661,0.9327763882448841,33.0,14.0,False,main,True
417,1,1,6.863908185971027,1.136091814028973,0.8579885232463784,0.9887357298201068,13.0,8.0,False,main,True
6758,0,1,5.644960098430585,2.3550399015694152,0.7056200123038231,0.9226054238177537,36.0,14.0,False,main,True
6598,0,1,5.720011633870457,2.2799883661295426,0.7150014542338071,0.9279548810720443,34.0,14.0,False,main,True
9922,0,1,5.606809582828018,2.393190417171982,0.7008511978535023,0.9198329036299819,37.0,14.0,False,main,True
9922,0,2,5.606809582828018,3.393190417171982,0.6229788425364464,0.858552362410361,64.0,20.0,False,main,False
9922,0,3,5.606809582828018,4.393190417171982,0.5606809582828018,0.8000800105391559,106.0,27.0,False,main,False
9922,0,4,5.606809582828018,5.393190417171982,0.5097099620752744,0.7466910119982277,175.0,37.0,False,main,True
9922,0,5,5.606809582828018,6.393190417171982,0.4672341319023348,0.698687379918677,292.0,48.0,False,main,True
4575,1,1,6.733620714521741,1.2663792854782594,0.8417025893152176,0.9841670015998618,15.0,8.0,False,main,True
4575,2,2,7.733620714521741,1.2663792854782594,0.8592911905024156,0.9861674684208478,12.0,7.0,False,main,False
4575,3,3,8.733620714521741,1.2663792854782594,0.8733620714521741,0.9877189861312655,9.0,6.0,False,main,False
4575,4,4,9.733620714521741,1.2663792854782594,0.8848746104110674,0.988957473760786,7.0,5.0,False,main,False
4575,5,5,10.733620714521741,1.2663792854782594,0.8944683928768118,0.9899690030834174,6.0,4.0,False,main,False
4575,6,6,11.733620714521741,1.2663792854782594,0.9025862088093647,0.9908107345824473,4.0,3.0,False,main,False
4575,7,7,12.733620714521741,1.2663792854782594,0.909544336751553,0.9915221178096474,2.0,2.0,False,main,False
4575,8,8,13.733620714521741,1.2663792854782594,0.9155747143014494,0.9921312586475094,1.0,1.0,False,main,False
4575,9,9,14.733620714521741,1.2663792854782594,0.9208512946576088,0.9926587236208095,-1.0,-1.0,True,main,False
4254,0,1,5.705031653466333,2.2949683465336674,0.7131289566832916,0.9268983763055495,35.0,14.0,False,main,True
5126,1,1,6.747765692969438,1.2522343070305628,0.8434707116211797,0.9846980620927889,14.0,8.0,False,main,True
5126,2,2,7.747765692969438,1.2522343070305628,0.860862854774382,0.9866300390200413,12.0,7.0,False,main,False
5126,3,3,8.747765692969438,1.2522343070305628,0.8747765692969438,0.9881287232086206,9.0,6.0,False,main,False
5126,4,4,9.747765692969438,1.2522343070305628,0.8861605175426761,0.9893252138869313,7.0,5.0,False,main,False
5126,5,5,10.747765692969438,1.2522343070305628,0.8956471410807865,0.9903025578765012,5.0,4.0,False,main,False
5126,6,6,11.747765692969438,1.2522343070305628,0.9036742840745722,0.9911159210226922,4.0,3.0,False,main,False
5126,7,7,12.747765692969438,1.2522343070305628,0.9105546923549598,0.99180338421602,2.0,2.0,False,main,False
5126,8,8,13.747765692969438,1.2522343070305628,0.9165177128646291,0.9923920829088544,1.0,1.0,False,main,False
5126,9,9,14.747765692969438,1.2522343070305628,0.9217353558105899,0.9929018763848,-1.0,-1.0,True,main,False
10894,1,1,6.647076844241309,1.352923155758691,0.8308846055301636,0.9807393364113369,15.0,8.0,False,main,True
10894,2,2,7.647076844241309,1.352923155758691,0.849675204915701,0.9831835215549574,12.0,7.0,False,main,False
10894,3,3,8.647076844241308,1.352923155758691,0.8647076844241308,0.9850769781231674,10.0,6.0,False,main,False
10894,4,4,9.647076844241308,1.352923155758691,0.8770069858401189,0.9865870570825737,8.0,5.0,False,main,False
10894,5,5,10.647076844241308,1.352923155758691,0.8872564036867757,0.9878195227614242,6.0,4.0,False,main,False
10894,6,6,11.647076844241308,1.352923155758691,0.8959289880185621,0.9888445030628902,4.0,3.0,False,main,False
10894,7,7,12.647076844241308,1.352923155758691,0.903362631731522,0.9897103356086566,2.0,2.0,False,main,False
10894,8,8,13.647076844241308,1.352923155758691,0.9098051229494205,0.9904514225409943,1.0,1.0,False,main,False
10894,9,9,14.647076844241308,1.352923155758691,0.9154423027650818,0.9910929155693158,-1.0,-1.0,True,main,False
4683,1,1,6.636722848819843,1.3632771511801574,0.8295903561024803,0.9803091405285245,15.0,8.0,False,main,True
10031,0,1,5.648126406104936,2.3518735938950646,0.706015800763117,0.9228339294870676,36.0,14.0,False,main,True
10031,0,2,5.648126406104936,3.3518735938950646,0.6275696006783262,0.861855053284293,62.0,20.0,False,main,False
10031,0,3,5.648126406104936,4.351873593895064,0.5648126406104936,0.8034365560500998,103.0,27.0,False,main,True
10031,0,4,5.648126406104936,5.351873593895064,0.5134660369186306,0.7499966943208536,169.0,36.0,False,main,True
1271,1,1,6.750783781754584,1.249216218245416,0.843847972719323,0.984810291683635,14.0,8.0,False,main,True
8992,1,1,6.8813414037330185,1.1186585962669817,0.8601676754666273,0.9892907605875483,13.0,8.0,False,main,True
3440,1,1,6.640957588382971,1.3590424116170288,0.8301196985478714,0.9804855991355385,15.0,8.0,False,main,True
230,1,1,6.907017006273539,1.0929829937264615,0.8633771257841923,0.9900832679823397,13.0,8.0,False,main,False
2604,0,1,5.604305237762562,2.3956947622374383,0.7005381547203202,0.9196496657121646,37.0,14.0,False,main,True
6137,0,1,5.637661485683654,2.3623385143163462,0.7047076857104567,0.9220777610636244,36.0,14.0,False,main,True
11371,1,1,6.736889712939899,1.2631102870601016,0.8421112141174873,0.984290473795185,15.0,8.0,False,main,True
11371,2,2,7.736889712939899,1.2631102870601016,0.8596544125488776,0.9862750102743548,12.0,7.0,False,main,True
11371,3,3,8.736889712939899,1.2631102870601016,0.8736889712939899,0.9878142405498338,9.0,6.0,False,main,False
11371,4,4,9.736889712939899,1.2631102870601016,0.8851717920854454,0.989042961808807,7.0,5.0,False,main,False
11371,5,5,10.736889712939899,1.2631102870601016,0.8947408094116582,0.9900465418765138,6.0,4.0,False,main,False
11371,6,6,11.736889712939899,1.2631102870601016,0.902837670226146,0.9908816771233675,4.0,3.0,False,main,False
11371,7,7,12.736889712939899,1.2631102870601016,0.9097778366385642,0.9915874986778782,2.0,2.0,False,main,False
11371,8,8,13.736889712939899,1.2631102870601016,0.9157926475293265,0.9921918866706895,1.0,1.0,False,main,False
11371,9,9,14.736889712939899,1.2631102870601016,0.9210556070587437,0.9927152431138182,-1.0,-1.0,True,main,False
11,1,1,6.6940183211318915,1.3059816788681085,0.8367522901414864,0.9826361860526601,15.0,8.0,False,main,True
2859,0,1,5.6353286330134225,2.3646713669865775,0.7044160791266778,0.9219088290590602,36.0,14.0,False,main,True
9559,1,1,6.798066043397229,1.2019339566027711,0.8497582554246537,0.9865182363408379,14.0,8.0,False,main,True
9559,2,2,7.798066043397229,1.2019339566027711,0.8664517825996921,0.9882160225359736,11.0,7.0,False,main,False
9559,3,3,8.79806604339723,1.2019339566027711,0.8798066043397229,0.9895339353557265,9.0,6.0,False,main,False
9559,4,4,9.79806604339723,1.2019339566027711,0.8907332766724754,0.9905866614887515,7.0,5.0,False,main,False
9559,5,5,10.79806604339723,1.2019339566027711,0.8998388369497691,0.9914469358745875,5.0,4.0,False,main,False
9559,6,6,11.79806604339723,1.2019339566027711,0.9075435417997869,0.9921631189438187,4.0,3.0,False,main,False
9559,7,7,12.79806604339723,1.2019339566027711,0.9141475745283735,0.9927686186943133,2.0,2.0,False,main,False
9559,8,8,13.79806604339723,1.2019339566027711,0.9198710695598152,0.9932872554476582,1.0,1.0,False,main,False
9559,9,9,14.79806604339723,1.2019339566027711,0.9248791277123268,0.9937364712983661,-1.0,-1.0,True,main,False
3656,1,1,6.6256605645737965,1.3743394354262035,0.8282075705717246,0.9798448639884202,15.0,8.0,False,main,True
8571,1,1,6.688197578067127,1.311802421932873,0.8360246972583909,0.9824057861283231,15.0,8.0,False,main,True
3684,1,1,6.648817624304982,1.3511823756950179,0.8311022030381228,0.9808112484270459,15.0,8.0,False,main,True
7838,1,1,6.708670187536123,1.2913298124638768,0.8385837734420154,0.983210045790343,15.0,8.0,False,main,True
7838,2,2,7.708670187536123,1.2913298124638768,0.8565189097262359,0.9853341074945127,12.0,7.0,False,main,False
7838,3,3,8.708670187536123,1.2913298124638768,0.8708670187536123,0.9869809298141808,10.0,6.0,False,main,False
7838,4,4,9.708670187536123,1.2913298124638768,0.8826063806851021,0.9882951514928253,7.0,5.0,False,main,False
7838,5,5,10.708670187536123,1.2913298124638768,0.8923891822946769,0.9893683132199619,6.0,4.0,False,main,False
7838,6,6,11.708670187536123,1.2913298124638768,0.9006669375027787,0.9902611797630141,4.0,3.0,False,main,False
7838,7,7,12.708670187536123,1.2913298124638768,0.9077621562525803,0.9910156727821134,2.0,2.0,False,main,False
7838,8,8,13.708670187536123,1.2913298124638768,0.9139113458357415,0.9916616503644474,1.0,1.0,False,main,False
7838,9,9,14.708670187536123,1.2913298124638768,0.9192918867210077,0.9922209556548424,-1.0,-1.0,True,main,False
1459,1,1,6.766918938307664,1.2330810616923362,0.845864867288458,0.9854037930019351,14.0,8.0,False,main,True
6870,1,1,6.7669063687881055,1.2330936312118947,0.8458632960985132,0.9854033349302488,14.0,8.0,False,main,True
6735,0,1,5.632419909398594,2.3675800906014053,0.7040524886748243,0.9216980091480854,36.0,14.0,False,main,True
5753,1,1,6.83462068642358,1.1653793135764197,0.8543275858029475,0.9877728357538154,14.0,8.0,False,main,True
2410,1,1,6.761548324742772,1.2384516752572285,0.8451935405928465,0.985207463265737,14.0,8.0,False,main,True
4139,0,1,5.682550770608148,2.317449229391852,0.7103188463260185,0.9253022978867832,35.0,14.0,False,main,True
1007,1,1,6.915482296839419,1.0845177031605808,0.8644352871049273,0.990337990404322,13.0,8.0,False,main,False
1007,2,2,7.915482296839419,1.0845177031605808,0.8794980329821577,0.9915473174226185,11.0,7.0,False,main,False
1007,3,3,8.915482296839418,1.0845177031605808,0.891548229683942,0.9924875694359502,9.0,6.0,False,main,False
1007,4,4,9.915482296839418,1.0845177031605808,0.9014074815308563,0.9932395655142963,7.0,5.0,False,main,False
1007,5,5,10.915482296839418,1.0845177031605808,0.9096235247366183,0.9938547022652487,5.0,4.0,False,main,False
1007,6,6,11.915482296839418,1.0845177031605808,0.91657556129534,0.9943672266940976,4.0,3.0,False,main,False
1007,7,7,12.915482296839418,1.0845177031605808,0.9225344497742443,0.9948008386692095,2.0,2.0,False,main,False
1007,8,8,13.915482296839418,1.0845177031605808,0.9276988197892946,0.9951724610806851,1.0,1.0,False,main,False
1007,9,9,14.915482296839418,1.0845177031605808,0.9322176435524637,0.9954945006452774,-1.0,-1.0,True,main,False
8869,0,1,5.804871389656302,2.1951286103436978,0.7256089237070378,0.9338321053951648,32.0,14.0,False,main,True
9289,1,1,6.717080002023973,1.2829199979760266,0.8396350002529966,0.9835354623104631,15.0,8.0,False,main,True
8733,1,1,6.640542491594856,1.3594575084051437,0.830067811449357,0.9804683335317933,15.0,8.0,False,main,True
8733,2,2,7.640542491594856,1.3594575084051437,0.8489491657327618,0.9829477185707722,12.0,7.0,False,main,False
8733,3,3,8.640542491594857,1.3594575084051437,0.8640542491594857,0.9848682760967046,10.0,6.0,False,main,False
8733,4,4,9.640542491594857,1.3594575084051437,0.8764129537813506,0.986399865315705,8.0,5.0,False,main,False
8733,5,5,10.640542491594857,1.3594575084051437,0.8867118742995714,0.9876498195373995,6.0,4.0,False,main,False
8733,6,6,11.640542491594857,1.3594575084051437,0.8954263455072967,0.9886892985599967,4.0,3.0,False,main,False
8733,7,7,12.640542491594857,1.3594575084051437,0.9028958922567755,0.9895673465831538,2.0,2.0,False,main,False
8733,8,8,13.640542491594857,1.3594575084051437,0.9093694994396572,0.9903188658785185,1.0,1.0,False,main,False
8733,9,9,14.640542491594857,1.3594575084051437,0.9150339057246786,0.990969372121874,-1.0,-1.0,True,main,False
4611,1,1,6.625434277214527,1.3745657227854733,0.8281792846518159,0.979835316909597,16.0,8.0,False,main,True
8834,1,1,6.604409194372703,1.3955908056272968,0.8255511492965879,0.9789395838554953,16.0,8.0,False,main,True
8400,1,1,6.725939358013149,1.2740606419868508,0.8407424197516437,0.9838751268903454,15.0,8.0,False,main,True
8400,2,2,7.725939358013149,1.2740606419868508,0.8584377064459054,0.9859132664850747,12.0,7.0,False,main,False
8400,3,3,8.72593935801315,1.2740606419868508,0.8725939358013151,0.9874938388872769,9.0,6.0,False,main,False
8400,4,4,9.72593935801315,1.2740606419868508,0.8841763052739228,0.9887554179882189,7.0,5.0,False,main,False
8400,5,5,10.72593935801315,1.2740606419868508,0.8938282798344291,0.9897857411585055,6.0,4.0,False,main,False
8400,6,6,11.72593935801315,1.2740606419868508,0.9019953352317808,0.9906430668469233,4.0,3.0,False,main,False
8400,7,7,12.72593935801315,1.2740606419868508,0.9089956684295107,0.9913675978195411,2.0,2.0,False,main,False
8400,8,8,13.72593935801315,1.2740606419868508,0.9150626238675433,0.9919879739116291,1.0,1.0,False,main,False
8400,9,9,14.72593935801315,1.2740606419868508,0.9203712098758219,0.992525150725131,-1.0,-1.0,True,main,False
4377,1,1,6.627290031990187,1.3727099680098134,0.8284112539987734,0.9799135523026553,15.0,8.0,False,main,True
871,1,1,6.706123626090944,1.2938763739090562,0.838265453261368,0.9831109352479384,15.0,8.0,False,main,True
871,2,2,7.706123626090944,1.2938763739090562,0.8562359584545494,0.9852478103852189,12.0,7.0,False,main,False
871,3,3,8.706123626090944,1.2938763739090562,0.8706123626090945,0.9869045105067215,10.0,6.0,False,main,False
871,4,4,9.706123626090944,1.2938763739090562,0.8823748750991768,0.9882265799520671,7.0,5.0,False,main,False
871,5,5,10.706123626090944,1.2938763739090562,0.892176968840912,0.9893061271258919,6.0,4.0,False,main,False
871,6,6,11.706123626090944,1.2938763739090562,0.9004710481608419,0.9902042908106972,4.0,3.0,False,main,False
871,7,7,12.706123626090944,1.2938763739090562,0.907580259006496,0.9909632491205882,2.0,2.0,False,main,False
871,8,8,13.706123626090944,1.2938763739090562,0.9137415750727296,0.991613041870532,1.0,1.0,False,main,False
871,9,9,14.706123626090944,1.2938763739090562,0.919132726630684,0.992175644581531,-1.0,-1.0,True,main,False
6084,1,1,6.6425567430469865,1.357443256953014,0.8303195928808733,0.980552051208246,15.0,8.0,False,main,True
7379,1,1,6.83701808843991,1.1629819115600895,0.8546272610549888,0.987853079456922,14.0,8.0,False,main,True
222,1,1,6.8187543251925655,1.181245674807435,0.8523442906490707,0.9872354232330938,14.0,8.0,False,main,True
8746,0,1,5.684141912360976,2.315858087639023,0.710517739045122,0.9254156790891277,35.0,14.0,False,main,True
11853,1,1,6.730869350690638,1.269130649309362,0.8413586688363297,0.9840627368647012,15.0,8.0,False,main,True
4045,1,1,6.6564764508221606,1.3435235491778394,0.8320595563527701,0.9811262109576216,15.0,8.0,False,main,True
5442,1,1,6.756474434006136,1.243525565993864,0.844559304250767,0.985020862783008,14.0,8.0,False,main,True
2643,1,1,6.629290762967728,1.3707092370322718,0.828661345370966,0.9799977489263361,15.0,8.0,False,main,True
1315,1,1,6.69656127324766,1.3034387267523397,0.8370701591559575,0.9827364111937809,15.0,8.0,False,main,True
260,0,1,5.597745662468904,2.402254337531096,0.699718207808613,0.9191689949004788,37.0,14.0,False,main,True
4059,1,1,6.607222480173752,1.3927775198262484,0.825902810021719,0.979060430656668,16.0,8.0,False,main,True
11911,1,1,6.6607688587374865,1.339231141262513,0.8325961073421858,0.9813017141295592,15.0,8.0,False,main,True
11911,2,2,7.6607688587374865,1.339231141262513,0.8511965398597208,0.9836729072830891,12.0,7.0,False,main,False
11911,3,3,8.660768858737487,1.339231141262513,0.8660768858737488,0.9855101548138395,10.0,6.0,False,main,False
11911,4,4,9.660768858737487,1.339231141262513,0.8782517144306806,0.9869756132542298,8.0,5.0,False,main,False
11911,5,5,10.660768858737487,1.339231141262513,0.8883974048947906,0.9881717965249844,6.0,4.0,False,main,False
11911,6,6,11.660768858737487,1.339231141262513,0.8969822199028836,0.9891666942059203,4.0,3.0,False,main,False
11911,7,7,12.660768858737487,1.339231141262513,0.9043406327669634,0.9900071794078024,2.0,2.0,False,main,False
11911,8,8,13.660768858737487,1.339231141262513,0.9107179239158325,0.990726617478531,1.0,1.0,False,main,False
11911,9,9,14.660768858737487,1.339231141262513,0.916298053671093,0.9913494054932406,-1.0,-1.0,True,main,False
11523,1,1,6.834680922874497,1.1653190771255026,0.8543351153593122,0.9877748550273526,14.0,8.0,False,main,True
11523,2,2,7.834680922874497,1.1653190771255026,0.8705201025416108,0.9893114809917581,11.0,7.0,False,main,False
11523,3,3,8.834680922874497,1.1653190771255026,0.8834680922874497,0.990504886491856,9.0,6.0,False,main,False
11523,4,4,9.834680922874497,1.1653190771255026,0.8940619020794998,0.9914585274411059,7.0,5.0,False,main,False
11523,5,5,10.834680922874497,1.1653190771255026,0.9028900769062081,0.9922380721047299,5.0,4.0,False,main,False
11523,6,6,11.834680922874497,1.1653190771255026,0.910360070990346,0.9928872117690639,4.0,3.0,False,main,False
11523,7,7,12.834680922874497,1.1653190771255026,0.9167629230624641,0.9934361453815869,2.0,2.0,False,main,False
11523,8,8,13.834680922874497,1.1653190771255026,0.9223120615249665,0.9939064148753561,1.0,1.0,False,main,False
11523,9,9,14.834680922874497,1.1653190771255026,0.9271675576796561,0.9943138000047088,-1.0,-1.0,True,main,False
10616,0,1,5.601449281344291,2.39855071865571,0.7001811601680363,0.9194405156798934,37.0,14.0,False,main,True
10616,0,2,5.601449281344291,3.39855071865571,0.622383253482699,0.8581219516087291,64.0,20.0,False,main,False
10616,0,3,5.601449281344291,4.398550718655709,0.5601449281344291,0.7996431615432018,107.0,27.0,False,main,False
10616,0,4,5.601449281344291,5.398550718655709,0.50922266194039,0.7462610785550134,176.0,37.0,False,main,True
10616,0,5,5.601449281344291,6.398550718655709,0.4667874401120242,0.6982702019883793,294.0,48.0,False,main,True
3205,0,1,5.664288408504211,2.3357115914957887,0.7080360510630264,0.9239964609561359,36.0,14.0,False,main,True
508,0,1,5.610098591021435,2.3899014089785653,0.7012623238776794,0.9200733227770221,37.0,14.0,False,main,True
8603,0,1,5.823786316754271,2.176213683245729,0.7279732895942839,0.9351167820246742,32.0,13.0,False,main,True
7747,0,1,5.760154461765809,2.2398455382341913,0.7200193077207261,0.9307580802200964,33.0,14.0,False,main,True
7747,0,2,5.760154461765809,3.2398455382341913,0.6400171624184232,0.8706762568462,57.0,19.0,False,main,False
7747,0,3,5.760154461765809,4.239845538234191,0.5760154461765808,0.8124423283131215,94.0,26.0,False,main,True
7747,0,4,5.760154461765809,5.239845538234191,0.5236504056150735,0.7588866438241997,153.0,35.0,False,main,True
9770,1,1,6.788194778390685,1.2118052216093154,0.8485243472988356,0.9861695292845108,14.0,8.0,False,main,True
9770,2,2,7.788194778390685,1.2118052216093154,0.8653549753767428,0.9879121136271162,11.0,7.0,False,main,False
9770,3,3,8.788194778390686,1.2118052216093154,0.8788194778390684,0.9892646201559177,9.0,6.0,False,main,False
9770,4,4,9.788194778390686,1.2118052216093154,0.8898358889446076,0.9903448667816708,7.0,5.0,False,main,False
9770,5,5,10.788194778390686,1.2118052216093154,0.899016231532557,0.991227557140168,5.0,4.0,False,main,False
9770,6,6,11.788194778390686,1.2118052216093154,0.9067842137223603,0.991962351631303,4.0,3.0,False,main,False
9770,7,7,12.788194778390686,1.2118052216093154,0.9134424841707631,0.9925835512623703,2.0,2.0,False,main,False
9770,8,8,13.788194778390686,1.2118052216093154,0.9192129852260457,0.993115610120886,1.0,1.0,False,main,False
9770,9,9,14.788194778390686,1.2118052216093154,0.9242621736494179,0.9935764325453809,-1.0,-1.0,True,main,False
5471,1,1,6.783333870287488,1.2166661297125123,0.847916733785936,0.985996280887953,14.0,8.0,False,main,True
7015,1,1,6.624256705382414,1.3757432946175858,0.8280320881728017,0.9797856028253469,16.0,8.0,False,main,True
7599,1,1,6.693323046450728,1.306676953549272,0.836665380806341,0.9826087375403828,15.0,8.0,False,main,True
10691,1,1,6.732004609494772,1.267995390505228,0.8415005761868465,0.9841057963008409,15.0,8.0,False,main,True
10691,2,2,7.732004609494772,1.267995390505228,0.8591116232771969,0.9861141612292857,12.0,7.0,False,main,False
10691,3,3,8.732004609494773,1.267995390505228,0.8732004609494772,0.987671770632972,9.0,6.0,False,main,False
10691,4,4,9.732004609494773,1.267995390505228,0.8847276917722521,0.9889150999156022,7.0,5.0,False,main,False
10691,5,5,10.732004609494773,1.267995390505228,0.8943337174578977,0.9899305699431359,6.0,4.0,False,main,False
10691,6,6,11.732004609494773,1.267995390505228,0.9024618930380595,0.990775571339874,4.0,3.0,False,main,False
10691,7,7,12.732004609494773,1.267995390505228,0.909428900678198,0.9914897115467547,2.0,2.0,False,main,False
10691,8,8,13.732004609494773,1.267995390505228,0.9154669739663182,0.9921012083797581,1.0,1.0,False,main,False
10691,9,9,14.732004609494773,1.267995390505228,0.9207502880934233,0.992630709930296,-1.0,-1.0,True,main,False
5622,1,1,6.774978252791066,1.2250217472089338,0.8468722815988833,0.9856961206838093,14.0,8.0,False,main,True
9390,1,1,6.618634091681112,1.3813659083188887,0.827329261460139,0.9795474855042036,16.0,8.0,False,main,True
8028,0,1,5.871900718950507,2.1280992810494923,0.7339875898688134,0.9383422030051987,31.0,13.0,False,main,True
8028,0,2,5.871900718950507,3.1280992810494923,0.652433413216723,0.8792771556192209,53.0,19.0,False,main,False
8028,0,3,5.871900718950507,4.128099281049492,0.5871900718950507,0.8212856907197226,86.0,25.0,False,main,False
8028,0,4,5.871900718950507,5.128099281049492,0.5338091562682279,0.767647509439948,139.0,33.0,False,main,True
4926,1,1,6.95439584789641,1.0456041521035906,0.8692994809870512,0.9914665093697597,13.0,8.0,False,main,False
4926,2,2,7.95439584789641,1.0456041521035906,0.8838217608773788,0.9925323829628029,11.0,7.0,False,main,False
4926,3,3,8.95439584789641,1.0456041521035906,0.8954395847896409,0.9933615453717223,9.0,6.0,False,main,False
4926,4,4,9.95439584789641,1.0456041521035906,0.9049450770814917,0.9940249722008947,7.0,5.0,False,main,False
4926,5,5,10.95439584789641,1.0456041521035906,0.9128663206580341,0.9945678414320922,5.0,4.0,False,main,False
4926,6,6,11.95439584789641,1.0456041521035906,0.9195689113766469,0.9950202782455866,4.0,3.0,False,main,False
4926,7,7,12.95439584789641,1.0456041521035906,0.9253139891354578,0.9954031423694397,2.0,2.0,False,main,False
4926,8,8,13.95439584789641,1.0456041521035906,0.9302930565264272,0.9957313359608911,1.0,1.0,False,main,False
4926,9,9,14.95439584789641,1.0456041521035906,0.9346497404935257,0.9960157887646238,-1.0,-1.0,True,main,False
4495,0,1,5.593111120227193,2.406888879772807,0.6991388900283991,0.9188287590034947,37.0,14.0,False,main,True
2698,0,1,5.6184619050820235,2.3815380949179765,0.7023077381352529,0.9206834790409771,37.0,14.0,False,main,True
6283,1,1,6.691158874370523,1.3088411256294772,0.8363948592963154,0.9825231734078808,15.0,8.0,False,main,True
6283,2,2,7.691158874370523,1.3088411256294772,0.8545732082633914,0.9847360858561357,12.0,7.0,False,main,False
6283,3,3,8.691158874370522,1.3088411256294772,0.8691158874370523,0.9864513924385998,10.0,6.0,False,main,False
6283,4,4,9.691158874370522,1.3088411256294772,0.881014443124593,0.987820017560126,7.0,5.0,False,main,False
6283,5,5,10.691158874370522,1.3088411256294772,0.8909299061975435,0.9889374413570677,6.0,4.0,False,main,False
6283,6,6,11.691158874370522,1.3088411256294772,0.8993199134131171,0.989867023412303,4.0,3.0,False,main,False
6283,7,7,12.691158874370522,1.3088411256294772,0.906511348169323,0.9906524643061071,2.0,2.0,False,main,False
6283,8,8,13.691158874370522,1.3088411256294772,0.9127439249580348,0.9913248825317407,1.0,1.0,False,main,False
6283,9,9,14.691158874370522,1.3088411256294772,0.9181974296481576,0.9919070392507123,-1.0,-1.0,True,main,False
1818,1,1,6.604882063307524,1.3951179366924769,0.8256102579134404,0.9789599176428371,16.0,8.0,False,main,True
6110,0,1,5.601415806162971,2.3985841938370287,0.7001769757703714,0.9194380630237711,37.0,14.0,False,main,True
6341,1,1,6.627442679769789,1.3725573202302108,0.8284303349712236,0.9799199816811764,15.0,8.0,False,main,True
8262,1,1,6.831622034971347,1.1683779650286532,0.8539527543714184,0.9876721122936852,14.0,8.0,False,main,True
8262,2,2,7.831622034971347,1.1683779650286532,0.8701802261079274,0.9892218983523815,11.0,7.0,False,main,False
8262,3,3,8.831622034971346,1.1683779650286532,0.8831622034971346,0.9904254743560233,9.0,6.0,False,main,False
8262,4,4,9.831622034971346,1.1683779650286532,0.8937838213610315,0.9913872112902117,7.0,5.0,False,main,False
8262,5,5,10.831622034971346,1.1683779650286532,0.9026351695809455,0.9921733535365646,5.0,4.0,False,main,False
8262,6,6,11.831622034971346,1.1683779650286532,0.9101247719208728,0.9928279732093488,4.0,3.0,False,main,False
8262,7,7,12.831622034971346,1.1683779650286532,0.9165444310693819,0.993381531090403,2.0,2.0,False,main,False
8262,8,8,13.831622034971346,1.1683779650286532,0.9221081356647564,0.9938557550681515,1.0,1.0,False,main,False
8262,9,9,14.831622034971346,1.1683779650286532,0.9269763771857091,0.9942665606065502,-1.0,-1.0,True,main,False
3394,1,1,6.801147136446289,1.1988528635537112,0.8501433920557862,0.9866262194180713,14.0,8.0,False,main,True
3394,2,2,7.801147136446289,1.1988528635537112,0.86679412627181,0.9883101397724207,11.0,7.0,False,main,False
3394,3,3,8.80114713644629,1.1988528635537112,0.8801147136446289,0.9896173438267071,9.0,6.0,False,main,False
3394,4,4,9.80114713644629,1.1988528635537112,0.8910133760405717,0.9906615499143931,7.0,5.0,False,main,False
3394,5,5,10.80114713644629,1.1988528635537112,0.9000955947038575,0.9915148840059438,5.0,4.0,False,main,False
3394,6,6,11.80114713644629,1.1988528635537112,0.9077805489574069,0.9922253043478767,4.0,3.0,False,main,False
3394,7,7,12.80114713644629,1.1988528635537112,0.9143676526033063,0.9928259426204665,2.0,2.0,False,main,False
3394,8,8,13.80114713644629,1.1988528635537112,0.9200764757630859,0.9933404230209779,1.0,1.0,False,main,False
3394,9,9,14.80114713644629,1.1988528635537112,0.9250716960278931,0.9937860445846973,-1.0,-1.0,True,main,False
11630,0,1,5.711304491907307,2.288695508092693,0.7139130614884134,0.9273414723635265,34.0,14.0,False,main,True
560,0,1,5.801888117933356,2.198111882066643,0.7252360147416695,0.9336286335930597,32.0,14.0,False,main,True
8320,1,1,6.924303219414001,1.0756967805859992,0.8655379024267501,0.9905999239814112,13.0,8.0,False,main,True
8320,2,2,7.924303219414001,1.0756967805859992,0.8804781354904445,0.9917759176172507,11.0,7.0,False,main,False
8320,3,3,8.924303219414,1.0756967805859992,0.8924303219414,0.9926903640667735,9.0,6.0,False,main,False
8320,4,4,9.924303219414,1.0756967805859992,0.9022093835830909,0.9934217906821374,7.0,5.0,False,main,False
8320,5,5,10.924303219414,1.0756967805859992,0.9103586016178333,0.9940201469988645,5.0,4.0,False,main,False
8320,6,6,11.924303219414,1.0756967805859992,0.9172540938010769,0.9945187212543752,4.0,3.0,False,main,False
8320,7,7,12.924303219414,1.0756967805859992,0.9231645156724285,0.9949405528906489,2.0,2.0,False,main,False
8320,8,8,13.924303219414,1.0756967805859992,0.9282868812942666,0.9953020950353709,1.0,1.0,False,main,False
8320,9,9,14.924303219414,1.0756967805859992,0.932768951213375,0.9956154111283223,-1.0,-1.0,True,main,False
10706,0,1,5.784275719774777,2.2157242802252233,0.7230344649718471,0.9324226865701593,33.0,14.0,False,main,True
10706,0,2,5.784275719774777,3.2157242802252233,0.6426973021971975,0.8725497206288622,56.0,19.0,False,main,False
10706,0,3,5.784275719774777,4.215724280225223,0.5784275719774776,0.8143630950467641,92.0,26.0,False,main,False
10706,0,4,5.784275719774777,5.215724280225223,0.5258432472522524,0.7607867711371336,149.0,34.0,False,main,False
10706,0,5,5.784275719774777,6.215724280225223,0.48202297664789806,0.71238743305438,243.0,45.0,False,main,False
10706,0,6,5.784275719774777,7.215724280225223,0.44494428613652126,0.6689383080937106,405.0,59.0,False,main,False
10706,0,7,5.784275719774777,8.215724280225224,0.41316255141248404,0.6299641549624105,700.0,76.0,False,main,False
10706,0,8,5.784275719774777,9.215724280225224,0.38561838131831844,0.5949436316804715,-1.0,97.0,False,main,True
10706,0,9,5.784275719774777,10.215724280225224,0.36151723248592355,0.5633840526125251,-1.0,124.0,False,main,True
10706,0,10,5.784275719774777,11.215724280225224,0.34025151292792805,0.5348457779753937,-1.0,159.0,False,main,True
10706,0,11,5.784275719774777,12.215724280225224,0.3213486510985987,0.5089463850096152,-1.0,205.0,False,main,True
10706,0,12,5.784275719774777,13.215724280225224,0.30443556419867246,0.48535701934929065,-1.0,265.0,False,main,True
10778,1,1,6.606744440028018,1.3932555599719816,0.8258430550035023,0.9790399176248576,16.0,8.0,False,main,True
10778,2,2,7.606744440028018,1.3932555599719816,0.8451938266697798,0.9817051102728422,13.0,7.0,False,main,False
10778,3,3,8.606744440028018,1.3932555599719816,0.8606744440028018,0.9837686660783181,10.0,6.0,False,main,False
10778,4,4,9.606744440028018,1.3932555599719816,0.8733404036389107,0.985413718899388,8.0,5.0,False,main,False
10778,5,5,10.606744440028018,1.3932555599719816,0.8838953700023349,0.9867558999570331,6.0,4.0,False,main,False
10778,6,6,11.606744440028018,1.3932555599719816,0.8928264953867706,0.9878718234855599,4.0,3.0,False,main,False
10778,7,7,12.606744440028018,1.3932555599719816,0.900481745716287,0.9888142669119258,2.0,2.0,False,main,False
10778,8,8,13.606744440028018,1.3932555599719816,0.9071162960018679,0.9896207740086664,1.0,1.0,False,main,False
10778,9,9,14.606744440028018,1.3932555599719816,0.9129215275017512,0.9903187822123746,-1.0,-1.0,True,main,False
12024,0,1,5.776390613573628,2.223609386426373,0.7220488266967034,0.9318801823871187,33.0,14.0,False,main,True
484,0,1,5.601648937493511,2.3983510625064883,0.7002061171866889,0.9194551435027323,37.0,14.0,False,main,True
1220,1,1,6.717020101909609,1.2829798980903901,0.8396275127387012,0.9835331547546419,15.0,8.0,False,main,True
1220,2,2,7.717020101909609,1.2829798980903901,0.8574466779899566,0.98561546025299,12.0,7.0,False,main,False
1220,3,3,8.71702010190961,1.2829798980903901,0.8717020101909609,0.9872300894584363,9.0,6.0,False,main,False
1220,4,4,9.71702010190961,1.2829798980903901,0.8833654638099645,0.9885187320445167,7.0,5.0,False,main,False
1220,5,5,10.71702010190961,1.2829798980903901,0.8930850084924674,0.9895710795949189,6.0,4.0,False,main,False
1220,6,6,11.71702010190961,1.2829798980903901,0.9013092386084315,0.9904466784943838,4.0,3.0,False,main,False
1220,7,7,12.71702010190961,1.2829798980903901,0.9083585787078292,0.9911866148866008,2.0,2.0,False,main,False
1220,8,8,13.71702010190961,1.2829798980903901,0.914468006793974,0.9918201547400144,1.0,1.0,False,main,False
1220,9,9,14.71702010190961,1.2829798980903901,0.9198137563693506,0.9923687098468492,-1.0,-1.0,True,main,False
1306,0,1,5.6238016204485275,2.3761983795514725,0.7029752025560659,0.9210721546522479,37.0,14.0,False,main,True
10477,0,1,5.709288413292582,2.2907115867074177,0.7136610516615728,0.9271991698713896,35.0,14.0,False,main,True
10477,0,2,5.709288413292582,3.2907115867074177,0.6343653792547314,0.866695401732777,59.0,19.0,False,main,False
10477,0,3,5.709288413292582,4.290711586707418,0.5709288413292583,0.8083705855294308,98.0,26.0,False,main,False
10477,0,4,5.709288413292582,5.290711586707418,0.5190262193902347,0.7548634487268922,160.0,35.0,False,main,True
10477,0,5,5.709288413292582,6.290711586707418,0.47577403444104854,0.7066249682087752,262.0,46.0,False,main,True
191,1,1,6.601504850573338,1.3984951494266613,0.8251881063216673,0.9788145054797068,16.0,8.0,False,main,True
7476,0,1,5.667780130441577,2.332219869558423,0.7084725163051971,0.9242467731515137,35.0,14.0,False,main,True
2530,1,1,6.777837523426504,1.2221624765734964,0.847229690428313,0.9857991694083484,14.0,8.0,False,main,True
2679,0,1,5.688209986560033,2.3117900134399667,0.7110262483200042,0.9257052743023318,35.0,14.0,False,main,True
4544,1,1,6.655628198318312,1.3443718016816877,0.831953524789789,0.9810914418837962,15.0,8.0,False,main,True
9542,0,1,5.60607924968038,2.3939207503196203,0.7007599062100475,0.9197794823149807,37.0,14.0,False,main,True
9542,0,2,5.60607924968038,3.3939207503196203,0.6228976944089311,0.8584937456117036,64.0,20.0,False,main,False
9542,0,3,5.60607924968038,4.39392075031962,0.560607924968038,0.8000205091740711,106.0,27.0,False,main,True
10509,1,1,6.605911915662151,1.3940880843378487,0.8257389894577689,0.9790041723714039,16.0,8.0,False,main,True
10509,2,2,7.605911915662151,1.3940880843378487,0.8451013239624613,0.9816740205796958,13.0,7.0,False,main,False
10509,3,3,8.605911915662151,1.3940880843378487,0.8605911915662151,0.9837411580884569,10.0,6.0,False,main,False
10509,4,4,9.605911915662151,1.3940880843378487,0.8732647196056501,0.9853890520999755,8.0,5.0,False,main,False
10509,5,5,10.605911915662151,1.3940880843378487,0.8838259929718459,0.9867335420831949,6.0,4.0,False,main,False
10509,6,6,11.605911915662151,1.3940880843378487,0.8927624550509348,0.9878513790959026,4.0,3.0,False,main,False
10509,7,7,12.605911915662151,1.3940880843378487,0.9004222796901536,0.9887954341775309,2.0,2.0,False,main,False
10509,8,8,13.605911915662151,1.3940880843378487,0.9070607943774768,0.9896033173173177,1.0,1.0,False,main,False
10509,9,9,14.605911915662151,1.3940880843378487,0.9128694947288845,0.9903025141139525,-1.0,-1.0,True,main,False
9419,1,1,6.7428278490612295,1.257172150938771,0.8428534811326537,0.9845136232629782,14.0,8.0,False,main,True
4356,1,1,6.735534081520572,1.264465918479428,0.8419417601900715,0.9842393246202177,15.0,8.0,False,main,True
11073,1,1,6.619957846571883,1.3800421534281169,0.8274947308214854,0.9796036571849976,16.0,8.0,False,main,True
11073,2,2,7.619957846571883,1.3800421534281169,0.8466619829524314,0.9821954642869345,12.0,7.0,False,main,False
11073,3,3,8.619957846571882,1.3800421534281169,0.8619957846571882,0.9842025538213696,10.0,6.0,False,main,False
11073,4,4,9.619957846571882,1.3800421534281169,0.8745416224156256,0.9858028098771601,8.0,5.0,False,main,False
11073,5,5,10.619957846571882,1.3800421534281169,0.8849964872143236,0.9871085832275918,6.0,4.0,False,main,False
11073,6,6,11.619957846571882,1.3800421534281169,0.8938429112747601,0.9881943323741482,4.0,3.0,False,main,False
11073,7,7,12.619957846571882,1.3800421534281169,0.9014255604694201,0.9891113596019633,2.0,2.0,False,main,False
11073,8,8,13.619957846571882,1.3800421534281169,0.9079971897714588,0.989896165113706,1.0,1.0,False,main,False
11073,9,9,14.619957846571882,1.3800421534281169,0.9137473654107426,0.9905754272364494,-1.0,-1.0,True,main,False
3716,1,1,6.5933242240671825,1.4066757759328177,0.8241655280083978,0.9784604554714166,16.0,8.0,False,main,True
5010,1,1,6.616895057299787,1.3831049427002131,0.8271118821624733,0.9794735885099378,16.0,8.0,False,main,True
9649,1,1,6.706094697831261,1.2939053021687381,0.8382618372289077,0.9831098078550891,15.0,8.0,False,main,True
9649,2,2,7.706094697831261,1.2939053021687381,0.8562327442034735,0.9852468287602968,12.0,7.0,False,main,False
9649,3,3,8.706094697831261,1.2939053021687381,0.8706094697831261,0.9869036412505694,10.0,6.0,False,main,False
9649,4,4,9.706094697831261,1.2939053021687381,0.8823722452573874,0.9882257999694642,7.0,5.0,False,main,False
9649,5,5,10.706094697831261,1.2939053021687381,0.8921745581526052,0.9893054197808354,6.0,4.0,False,main,False
9649,6,6,11.706094697831261,1.2939053021687381,0.900468822910097,0.99020364372242,4.0,3.0,False,main,False
9649,7,7,12.706094697831261,1.2939053021687381,0.9075781927022329,0.9909626528259643,2.0,2.0,False,main,False
9649,8,8,13.706094697831261,1.2939053021687381,0.9137396465220841,0.9916124889738801,1.0,1.0,False,main,False
9649,9,9,14.706094697831261,1.2939053021687381,0.9191309186144538,0.9921751291931318,-1.0,-1.0,True,main,False
3452,1,1,6.852614536872125,1.1473854631278742,0.8565768171090157,0.988368924982882,14.0,8.0,False,main,True
3452,2,2,7.852614536872125,1.1473854631278742,0.872512726319125,0.9898295171046687,11.0,7.0,False,main,False
3452,3,3,8.852614536872125,1.1473854631278742,0.8852614536872127,0.9909641491938904,9.0,6.0,False,main,False
3452,4,4,9.852614536872125,1.1473854631278742,0.8956922306247387,0.9918709974257344,7.0,5.0,False,main,False
3452,5,5,10.852614536872125,1.1473854631278742,0.9043845447393438,0.9926124048392553,5.0,4.0,False,main,False
3452,6,6,11.852614536872125,1.1473854631278742,0.9117395797593943,0.993229864046262,4.0,3.0,False,main,False
3452,7,7,12.852614536872125,1.1473854631278742,0.9180438954908662,0.9937520619769247,2.0,2.0,False,main,False
3452,8,8,13.852614536872125,1.1473854631278742,0.9235076357914751,0.9941994665261287,1.0,1.0,False,main,False
3452,9,9,14.852614536872125,1.1473854631278742,0.9282884085545079,0.9945870734960904,-1.0,-1.0,True,main,False
1681,1,1,6.596418897235481,1.4035811027645186,0.8245523621544352,0.978594692221606,16.0,8.0,False,main,True
6739,0,1,5.885739837563418,2.1142601624365818,0.7357174796954272,0.9392585238175324,31.0,13.0,False,main,False
4664,1,1,6.641872217713771,1.3581277822862294,0.8302340272142213,0.9805236184319004,15.0,8.0,False,main,True
7877,1,1,6.654422445299666,1.3455775547003337,0.8318028056624582,0.981041970031926,15.0,8.0,False,main,True
7877,2,2,7.654422445299666,1.3455775547003337,0.850491382811074,0.9834468667519795,12.0,7.0,False,main,False
7877,3,3,8.654422445299666,1.3455775547003337,0.8654422445299665,0.9853100703439366,10.0,6.0,False,main,False
7877,4,4,9.654422445299666,1.3455775547003337,0.877674767754515,0.9867961346977079,8.0,5.0,False,main,False
7877,5,5,10.654422445299666,1.3455775547003337,0.8878685371083055,0.9880090740660701,6.0,4.0,False,main,False
7877,6,6,11.654422445299666,1.3455775547003337,0.8964940342538205,0.9890178651397477,4.0,3.0,False,main,False
7877,7,7,12.654422445299666,1.3455775547003337,0.9038873175214047,0.9898700571432005,2.0,2.0,False,main,False
7877,8,8,13.654422445299666,1.3455775547003337,0.9102948296866444,0.9905994941074594,1.0,1.0,False,main,False
7877,9,9,14.654422445299666,1.3455775547003337,0.9159014028312291,0.9912309215378229,-1.0,-1.0,True,main,False
4899,0,1,5.602874634270767,2.397125365729232,0.7003593292838459,0.9195449231252897,37.0,14.0,False,main,True
11059,1,1,6.684924964864732,1.3150750351352682,0.8356156206080915,0.982275645409707,15.0,8.0,False,main,True
11059,2,2,7.684924964864732,1.3150750351352682,0.8538805516516369,0.9845206048120407,12.0,7.0,False,main,False
11059,3,3,8.68492496486473,1.3150750351352682,0.8684924964864731,0.9862606066640897,10.0,6.0,False,main,False
11059,4,4,9.68492496486473,1.3150750351352682,0.8804477240786119,0.9876488459681585,8.0,5.0,False,main,False
11059,5,5,10.68492496486473,1.3150750351352682,0.8904104137387275,0.9887822253475701,6.0,4.0,False,main,False
11059,6,6,11.68492496486473,1.3150750351352682,0.8988403819126716,0.9897250410444786,4.0,3.0,False,main,False
11059,7,7,12.68492496486473,1.3150750351352682,0.9060660689189094,0.9905216356179253,2.0,2.0,False,main,False
11059,8,8,13.68492496486473,1.3150750351352682,0.9123283309909821,0.9912035823224318,1.0,1.0,False,main,False
11059,9,9,14.68492496486473,1.3150750351352682,0.9178078103040457,0.9917939734866046,-1.0,-1.0,True,main,False
193,1,1,6.7724542399981384,1.2275457600018616,0.8465567799997673,0.9856048659474876,14.0,8.0,False,main,True
189,1,1,6.691164590635852,1.308835409364148,0.8363955738294815,0.9825233996600368,15.0,8.0,False,main,True
625,1,1,6.730393469828233,1.2696065301717676,0.8412991837285291,0.9840446711982523,15.0,8.0,False,main,True
11618,1,1,6.816080937191979,1.1839190628080212,0.8520101171489973,0.9871437907534832,14.0,8.0,False,main,True
6901,1,1,6.602634211335953,1.397365788664047,0.8253292764169942,0.9788631811019076,16.0,8.0,False,main,True
8841,1,1,6.794480062679553,1.2055199373204468,0.8493100078349441,0.9863920438668077,14.0,8.0,False,main,True
1625,1,1,6.7840842857935755,1.215915714206425,0.8480105357241969,0.9860230924935356,14.0,8.0,False,main,True
11027,0,1,5.679037443386096,2.320962556613904,0.709879680423262,0.9250517229905364,35.0,14.0,False,main,True
11027,0,2,5.679037443386096,3.320962556613904,0.6310041603762329,0.8643086403388586,60.0,20.0,False,main,False
11027,0,3,5.679037443386096,4.320962556613904,0.5679037443386096,0.8059353849041675,100.0,27.0,False,main,True
11027,0,4,5.679037443386096,5.320962556613904,0.5162761312169178,0.7524603178047937,164.0,36.0,False,main,True
11274,1,1,6.856088444402788,1.143911555597212,0.8570110555503485,0.988482357335403,14.0,8.0,False,main,True
10116,1,1,6.743056593588617,1.2569434064113834,0.8428820741985771,0.9845221898542249,14.0,8.0,False,main,True
10116,2,2,7.743056593588617,1.2569434064113834,0.8603396215098463,0.9864768407869495,12.0,7.0,False,main,False
10116,3,3,8.743056593588616,1.2569434064113834,0.8743056593588616,0.9879930174932441,9.0,6.0,False,main,False
10116,4,4,9.743056593588616,1.2569434064113834,0.885732417598965,0.9892034138500555,7.0,5.0,False,main,False
10116,5,5,10.743056593588616,1.2569434064113834,0.8952547161323846,0.9901920776569988,6.0,4.0,False,main,False
10116,6,6,11.743056593588616,1.2569434064113834,0.9033120456606627,0.9910148348828226,4.0,3.0,False,main,False
10116,7,7,12.743056593588616,1.2569434064113834,0.9102183281134726,0.9917102194213417,2.0,2.0,False,main,False
10116,8,8,13.743056593588616,1.2569434064113834,0.9162037729059077,0.99230568794758,1.0,1.0,False,main,False
10116,9,9,14.743056593588616,1.2569434064113834,0.9214410370992885,0.9928213338659527,-1.0,-1.0,True,main,False
4301,1,1,6.707809613543935,1.2921903864560655,0.8384762016929919,0.9831765824795509,15.0,8.0,False,main,True
4828,1,1,6.6595533103861655,1.3404466896138347,0.8324441637982707,0.9812520885455668,15.0,8.0,False,main,True
2608,1,1,6.800251106114119,1.199748893885881,0.8500313882642648,0.9865948584266578,14.0,8.0,False,main,True
3784,1,1,6.858999610403061,1.1410003895969387,0.8573749513003827,0.9885770018722707,14.0,8.0,False,main,True
11095,1,1,6.896681914909638,1.103318085090362,0.8620852393637047,0.9897678555802111,13.0,8.0,False,main,True
11095,2,2,7.896681914909638,1.103318085090362,0.8774091016566264,0.991049812911011,11.0,7.0,False,main,False
11095,3,3,8.896681914909639,1.103318085090362,0.8896681914909639,0.9920462773127814,9.0,6.0,False,main,False
11095,4,4,9.896681914909639,1.103318085090362,0.8996983559008762,0.992843070350199,7.0,5.0,False,main,False
11095,5,5,10.896681914909639,1.103318085090362,0.9080568262424699,0.993494745906772,5.0,4.0,False,main,False
11095,6,6,11.896681914909639,1.103318085090362,0.9151293780699722,0.9940376420909716,4.0,3.0,False,main,False
11095,7,7,12.896681914909639,1.103318085090362,0.9211915653506885,0.9944968987512374,2.0,2.0,False,main,False
11095,8,8,13.896681914909639,1.103318085090362,0.926445460993976,0.9948904627846062,1.0,1.0,False,main,False
11095,9,9,14.896681914909639,1.103318085090362,0.9310426196818524,0.9952314890410894,-1.0,-1.0,True,main,False
10531,1,1,6.780559139164044,1.219440860835956,0.8475698923955055,0.9858969337194391,14.0,8.0,False,main,True
10531,2,2,7.780559139164044,1.219440860835956,0.8645065710182271,0.9876745609256016,11.0,7.0,False,main,False
10531,3,3,8.780559139164044,1.219440860835956,0.8780559139164044,0.9890541232894818,9.0,6.0,False,main,False
10531,4,4,9.780559139164044,1.219440860835956,0.889141739924004,0.9901558908659256,7.0,5.0,False,main,False
10531,5,5,10.780559139164044,1.219440860835956,0.8983799282636703,0.991056108571202,5.0,4.0,False,main,False
10531,6,6,11.780559139164044,1.219440860835956,0.9061968568587726,0.991805454305535,4.0,3.0,False,main,False
10531,7,7,12.780559139164044,1.219440860835956,0.9128970813688603,0.9924389279127263,2.0,2.0,False,main,False
10531,8,8,13.780559139164044,1.219440860835956,0.9187039426109362,0.9929814793652086,1.0,1.0,False,main,False
10531,9,9,14.780559139164044,1.219440860835956,0.9237849461977528,0.9934513746333615,-1.0,-1.0,True,main,False
10757,1,1,6.8185328398501035,1.181467160149897,0.8523166049812629,0.9872278434654621,14.0,8.0,False,main,True
10757,2,2,7.8185328398501035,1.181467160149897,0.868725871094456,0.9888345692338482,11.0,7.0,False,main,False
10757,3,3,8.818532839850103,1.181467160149897,0.8818532839850104,0.990082142806952,9.0,6.0,False,main,False
10757,4,4,9.818532839850103,1.181467160149897,0.8925938945318276,0.9910788985755885,7.0,5.0,False,main,False
10757,5,5,10.818532839850103,1.181467160149897,0.901544403320842,0.9918935755401207,5.0,4.0,False,main,False
10757,6,6,11.818532839850103,1.181467160149897,0.9091179107577003,0.9925718944665418,4.0,3.0,False,main,False
10757,7,7,12.818532839850103,1.181467160149897,0.9156094885607217,0.9931454494525274,2.0,2.0,False,main,False
10757,8,8,13.818532839850103,1.181467160149897,0.9212355226566735,0.9936367731541056,1.0,1.0,False,main,False
10757,9,9,14.818532839850103,1.181467160149897,0.9261583024906315,0.9940623682809943,-1.0,-1.0,True,main,False
10518,1,1,6.884815008992847,1.1151849910071534,0.8606018761241059,0.9893997213701714,13.0,8.0,False,main,True
10518,2,2,7.884815008992847,1.1151849910071534,0.8760905565547608,0.9907286297713742,11.0,7.0,False,main,False
10518,3,3,8.884815008992847,1.1151849910071534,0.8884815008992847,0.9917614209754172,9.0,6.0,False,main,False
10518,4,4,9.884815008992847,1.1151849910071534,0.898619546272077,0.9925871568301147,7.0,5.0,False,main,False
10518,5,5,10.884815008992847,1.1151849910071534,0.9070679174160706,0.99326243523498,5.0,4.0,False,main,False
10518,6,6,11.884815008992847,1.1151849910071534,0.9142165391532959,0.9938249475233525,4.0,3.0,False,main,False
10518,7,7,12.884815008992847,1.1151849910071534,0.9203439292137748,0.9943007650964142,2.0,2.0,False,main,False
10518,8,8,13.884815008992847,1.1151849910071534,0.9256543339328565,0.9947084971213893,1.0,1.0,False,main,False
10518,9,9,14.884815008992847,1.1151849910071534,0.9303009380620529,0.995061782187743,-1.0,-1.0,True,main,False
6312,1,1,6.7390214296076705,1.2609785703923295,0.8423776787009588,0.9843707507015671,14.0,8.0,False,main,True
3388,1,1,6.703216380153714,1.2967836198462859,0.8379020475192143,0.9829974630548195,15.0,8.0,False,main,True
3558,1,1,6.6968226452322845,1.3031773547677152,0.8371028306540356,0.9827466977316469,15.0,8.0,False,main,True
3956,1,1,6.662129749738973,1.3378702502610271,0.8327662187173717,0.9813572036040885,15.0,8.0,False,main,True
5410,1,1,6.624818938138957,1.375181061861043,0.8281023672673696,0.9798093456087326,16.0,8.0,False,main,True
4002,0,1,5.707812399120941,2.292187600879059,0.7134765498901177,0.9270949224393363,35.0,14.0,False,main,True
1167,0,1,5.642145862046412,2.3578541379535882,0.7052682327558015,0.9224021197051655,36.0,14.0,False,main,True
11037,1,1,6.682520176275623,1.3174798237243777,0.8353150220344528,0.9821797394112904,15.0,8.0,False,main,True
11037,2,2,7.682520176275623,1.3174798237243777,0.8536133529195137,0.9844371194993792,12.0,7.0,False,main,False
11037,3,3,8.682520176275624,1.3174798237243777,0.8682520176275622,0.9861866918632305,10.0,6.0,False,main,False
11037,4,4,9.682520176275624,1.3174798237243777,0.8802291069341475,0.9875825320279398,8.0,5.0,False,main,False
11037,5,5,10.682520176275624,1.3174798237243777,0.8902100146896351,0.9887220941663781,6.0,4.0,False,main,False
11037,6,6,11.682520176275624,1.3174798237243777,0.8986553981750478,0.9896700376552855,4.0,3.0,False,main,False
11037,7,7,12.682520176275624,1.3174798237243777,0.9058942983054016,0.9904709539200718,2.0,2.0,False,main,False
11037,8,8,13.682520176275624,1.3174798237243777,0.9121680117517081,0.991156592492308,1.0,1.0,False,main,False
11037,9,9,14.682520176275624,1.3174798237243777,0.9176575110172265,0.9917501740611833,-1.0,-1.0,True,main,False
4144,1,1,6.8545853701317405,1.1454146298682595,0.8568231712664676,0.9884333436850191,14.0,8.0,False,main,True
4144,2,2,7.8545853701317405,1.1454146298682595,0.8727317077924156,0.9898856971242592,11.0,7.0,False,main,False
4144,3,3,8.85458537013174,1.1454146298682595,0.885458537013174,0.9910139595255778,9.0,6.0,False,main,False
4144,4,4,9.85458537013174,1.1454146298682595,0.8958713972847037,0.9919157357192103,7.0,5.0,False,main,False
4144,5,5,10.85458537013174,1.1454146298682595,0.9045487808443117,0.9926530087842551,5.0,4.0,False,main,False
4144,6,6,11.85458537013174,1.1454146298682595,0.9118911823178262,0.9932670332597477,4.0,3.0,False,main,False
4144,7,7,12.85458537013174,1.1454146298682595,0.9181846692951243,0.9937863323191278,2.0,2.0,False,main,False
4144,8,8,13.85458537013174,1.1454146298682595,0.9236390246754493,0.9942312575145131,1.0,1.0,False,main,False
4144,9,9,14.85458537013174,1.1454146298682595,0.9284115856332338,0.994616719715581,-1.0,-1.0,True,main,False
739,0,1,5.600033591452914,2.399966408547086,0.7000041989316143,0.9193367673846606,37.0,14.0,False,main,True
11634,0,1,5.70192950842103,2.2980704915789696,0.7127411885526288,0.9266788844633864,35.0,14.0,False,main,True
37,0,1,5.699707952211318,2.3002920477886817,0.7124634940264147,0.9265215503964498,35.0,14.0,False,main,True
7309,1,1,6.8941863498704326,1.105813650129567,0.8617732937338041,0.989690967422531,13.0,8.0,False,main,False
3157,1,1,6.775242867959916,1.2247571320400843,0.8469053584949895,0.985705672070674,14.0,8.0,False,main,True
2818,1,1,6.643855005401263,1.3561449945987372,0.8304818756751579,0.9806059257327925,15.0,8.0,False,main,True
4059,2,2,7.607222480173752,1.3927775198262484,0.845246942241528,0.9817229517582451,13.0,7.0,False,main,True
4059,3,3,8.607222480173752,1.3927775198262484,0.8607222480173752,0.9837844522123876,10.0,6.0,False,main,False
4059,4,4,9.607222480173752,1.3927775198262484,0.8733838618339774,0.9854278746071059,8.0,5.0,False,main,False
4059,5,5,10.607222480173752,1.3927775198262484,0.883935206681146,0.9867687306697461,6.0,4.0,False,main,False
4059,6,6,11.607222480173752,1.3927775198262484,0.8928632677056731,0.9878835561232896,4.0,3.0,False,main,False
4059,7,7,12.607222480173752,1.3927775198262484,0.9005158914409822,0.9888250746777175,2.0,2.0,False,main,False
4059,8,8,13.607222480173752,1.3927775198262484,0.9071481653449168,0.9896307921084692,1.0,1.0,False,main,False
4059,9,9,14.607222480173752,1.3927775198262484,0.9129514050108595,0.9903281182150371,-1.0,-1.0,True,main,False
9542,0,4,5.60607924968038,5.39392075031962,0.5096435681527618,0.7466324486036451,175.0,37.0,False,main,True
3990,2,2,7.737400368333348,1.2625996316666517,0.8597111520370386,0.9862917749538519,12.0,7.0,False,main,True
3990,3,3,8.737400368333347,1.2625996316666517,0.8737400368333349,0.9878290899774148,9.0,6.0,False,main,False
3990,4,4,9.737400368333347,1.2625996316666517,0.8852182153030317,0.9890562889004041,7.0,5.0,False,main,False
3990,5,5,10.737400368333347,1.2625996316666517,0.894783364027779,0.9900586298468919,6.0,4.0,False,main,False
3990,6,6,11.737400368333347,1.2625996316666517,0.9028769514102576,0.9908927368577379,4.0,3.0,False,main,False
3990,7,7,12.737400368333347,1.2625996316666517,0.9098143120238106,0.9915976914348371,2.0,2.0,False,main,False
3990,8,8,13.737400368333347,1.2625996316666517,0.9158266912222233,0.9922013385239778,1.0,1.0,False,main,False
3990,9,9,14.737400368333347,1.2625996316666517,0.9210875230208343,0.9927240544961017,-1.0,-1.0,True,main,False
1459,2,2,7.766918938307664,1.2330810616923362,0.862990993145296,0.987244864699578,12.0,7.0,False,main,False
1459,3,3,8.766918938307665,1.2330810616923362,0.8766918938307663,0.9886734007829847,9.0,6.0,False,main,False
1459,4,4,9.766918938307665,1.2330810616923362,0.887901721664333,0.9898141170017052,7.0,5.0,False,main,False
1459,5,5,10.766918938307665,1.2330810616923362,0.8972432448589719,0.9907460515744887,5.0,4.0,False,main,False
1459,6,6,11.766918938307665,1.2330810616923362,0.905147610639051,0.9915217259189261,4.0,3.0,False,main,False
1459,7,7,12.766918938307665,1.2330810616923362,0.9119227813076902,0.9921774057471294,2.0,2.0,False,main,False
1459,8,8,13.766918938307665,1.2330810616923362,0.9177945958871776,0.9927389391045649,1.0,1.0,False,main,False
1459,9,9,14.766918938307665,1.2330810616923362,0.922932433644229,0.9932252467915268,-1.0,-1.0,True,main,False
1818,2,2,7.604882063307524,1.3951179366924769,0.8449868959230582,0.9816355300994277,13.0,7.0,False,main,True
1818,3,3,8.604882063307524,1.3951179366924769,0.8604882063307523,0.9837071021855086,10.0,6.0,False,main,False
1818,4,4,9.604882063307524,1.3951179366924769,0.8731710966643202,0.9853585138804625,8.0,5.0,False,main,False
1818,5,5,10.604882063307524,1.3951179366924769,0.8837401719422936,0.9867058625165113,6.0,4.0,False,main,False
1818,6,6,11.604882063307524,1.3951179366924769,0.8926832356390402,0.9878260685690258,4.0,3.0,False,main,False
1818,7,7,12.604882063307524,1.3951179366924769,0.9003487188076802,0.9887721189879543,2.0,2.0,False,main,False
1818,8,8,13.604882063307524,1.3951179366924769,0.9069921375538349,0.9895817057503823,1.0,1.0,False,main,False
1818,9,9,14.604882063307524,1.3951179366924769,0.9128051289567203,0.9902823740872706,-1.0,-1.0,True,main,False
1681,2,2,7.596418897235481,1.4035811027645186,0.8440465441372758,0.9813178923105146,13.0,7.0,False,main,True
1681,3,3,8.59641889723548,1.4035811027645186,0.859641889723548,0.9834260712434598,10.0,6.0,False,main,False
1681,4,4,9.59641889723548,1.4035811027645186,0.8724017179304983,0.985106518826289,8.0,5.0,False,main,False
1681,5,5,10.59641889723548,1.4035811027645186,0.8830349081029567,0.9864774621719098,6.0,4.0,False,main,False
1681,6,6,11.59641889723548,1.4035811027645186,0.8920322228642678,0.9876172208540982,4.0,3.0,False,main,False
1681,7,7,12.59641889723548,1.4035811027645186,0.8997442069453915,0.988579738946392,2.0,2.0,False,main,False
1681,8,8,13.59641889723548,1.4035811027645186,0.9064279264823654,0.9894033853782109,1.0,1.0,False,main,False
1681,9,9,14.59641889723548,1.4035811027645186,0.9122761810772175,0.9901161977140316,-1.0,-1.0,True,main,False
5933,2,2,7.655118245960268,1.344881754039732,0.8505686939955853,0.9834717163313104,12.0,7.0,False,main,True
5933,3,3,8.655118245960267,1.344881754039732,0.8655118245960267,0.9853320659497378,10.0,6.0,False,main,False
5933,4,4,9.655118245960267,1.344881754039732,0.8777380223600243,0.9868158646986116,8.0,5.0,False,main,False
5933,5,5,10.655118245960267,1.344881754039732,0.887926520496689,0.9880269618099013,6.0,4.0,False,main,False
5933,6,6,11.655118245960267,1.344881754039732,0.896547557381559,0.9890342254106993,4.0,3.0,False,main,False
5933,7,7,12.655118245960267,1.344881754039732,0.9039370175685905,0.9898851303702039,2.0,2.0,False,main,False
5933,8,8,13.655118245960267,1.344881754039732,0.9103412163973511,0.9906134680791437,1.0,1.0,False,main,False
5933,9,9,14.655118245960267,1.344881754039732,0.9159448903725167,0.9912439457279058,-1.0,-1.0,True,main,False
9922,0,6,5.606809582828018,7.393190417171982,0.43129304483292447,0.6557215986160808,502.0,63.0,False,main,True
11853,2,2,7.730869350690638,1.269130649309362,0.8589854834100709,0.9860766588691231,12.0,7.0,False,main,True
11853,3,3,8.730869350690638,1.269130649309362,0.8730869350690638,0.9876385542456027,9.0,6.0,False,main,False
11853,4,4,9.730869350690638,1.269130649309362,0.8846244864264216,0.9888852899299047,7.0,5.0,False,main,False
11853,5,5,10.730869350690638,1.269130649309362,0.8942391125575532,0.9899035324397757,6.0,4.0,False,main,False
11853,6,6,11.730869350690638,1.269130649309362,0.9023745654377413,0.9907508343410051,4.0,3.0,False,main,False
11853,7,7,12.730869350690638,1.269130649309362,0.9093478107636169,0.9914669141718441,2.0,2.0,False,main,False
11853,8,8,13.730869350690638,1.269130649309362,0.9153912900460425,0.9920800685073587,1.0,1.0,False,main,False
11853,9,9,14.730869350690638,1.269130649309362,0.9206793344181649,0.9926110028300268,-1.0,-1.0,True,main,False
10926,0,5,5.714277812961755,6.285722187038244,0.4761898177468129,0.7070095821121125,261.0,46.0,False,main,True
2816,2,2,7.853535383359343,1.1464646166406562,0.8726150425954826,0.9898557850486576,11.0,7.0,False,main,False
2816,3,3,8.853535383359343,1.1464646166406562,0.8853535383359343,0.9909874387770521,9.0,6.0,False,main,False
2816,4,4,9.853535383359343,1.1464646166406562,0.8957759439417585,0.9918919154268445,7.0,5.0,False,main,False
2816,5,5,10.853535383359343,1.1464646166406562,0.9044612819466119,0.992631389715492,5.0,4.0,False,main,False
2816,6,6,11.853535383359343,1.1464646166406562,0.9118104141045649,0.9932472429306743,4.0,3.0,False,main,False
2816,7,7,12.853535383359343,1.1464646166406562,0.918109670239953,0.9937680854298867,2.0,2.0,False,main,False
2816,8,8,13.853535383359343,1.1464646166406562,0.9235690255572896,0.9942143307066252,1.0,1.0,False,main,False
2816,9,9,14.853535383359343,1.1464646166406562,0.928345961459959,0.9946009348493198,-1.0,-1.0,True,main,False
5626,2,2,7.616594855877814,1.3834051441221864,0.8462883173197571,0.9820712145480625,12.0,7.0,False,main,True
5626,3,3,8.616594855877814,1.3834051441221864,0.8616594855877814,0.9840926074495963,10.0,6.0,False,main,False
5626,4,4,9.616594855877814,1.3834051441221864,0.8742358959888922,0.9857042117531228,8.0,5.0,False,main,False
5626,5,5,10.616594855877814,1.3834051441221864,0.8847162379898178,0.9870192087280177,6.0,4.0,False,main,False
5626,6,6,11.616594855877814,1.3834051441221864,0.8935842196829088,0.988112602705457,4.0,3.0,False,main,False
5626,7,7,12.616594855877814,1.3834051441221864,0.9011853468484153,0.9890360695150638,2.0,2.0,False,main,False
5626,8,8,13.616594855877814,1.3834051441221864,0.9077729903918542,0.989826373641822,1.0,1.0,False,main,False
5626,9,9,14.616594855877814,1.3834051441221864,0.9135371784923634,0.9905103856700721,-1.0,-1.0,True,main,False
3558,2,2,7.6968226452322845,1.3031773547677152,0.8552025161369206,0.9849306835536601,12.0,7.0,False,main,True
3558,3,3,8.696822645232285,1.3031773547677152,0.8696822645232285,0.9866236967327245,10.0,6.0,False,main,False
3558,4,4,9.696822645232285,1.3031773547677152,0.8815293313847531,0.9879746137299571,7.0,5.0,False,main,False
3558,5,5,10.696822645232285,1.3031773547677152,0.8914018871026904,0.9890776314217096,6.0,4.0,False,main,False
3558,6,6,11.696822645232285,1.3031773547677152,0.8997555880947912,0.9899952642730288,4.0,3.0,False,main,False
3558,7,7,12.696822645232285,1.3031773547677152,0.9069159032308775,0.9907706335528695,2.0,2.0,False,main,False
3558,8,8,13.696822645232285,1.3031773547677152,0.9131215096821523,0.9914344473419469,1.0,1.0,False,main,False
3558,9,9,14.696822645232285,1.3031773547677152,0.9185514153270178,0.9920091679039871,-1.0,-1.0,True,main,False
5442,2,2,7.756474434006136,1.243525565993864,0.8618304926673485,0.9869112437951004,12.0,7.0,False,main,False
5442,3,3,8.756474434006137,1.243525565993864,0.8756474434006136,0.9883778333219936,9.0,6.0,False,main,False
5442,4,4,9.756474434006137,1.243525565993864,0.8869522212732851,0.9895488077124469,7.0,5.0,False,main,False
5442,5,5,10.756474434006137,1.243525565993864,0.8963728695005114,0.990505378645677,5.0,4.0,False,main,False
5442,6,6,11.756474434006137,1.243525565993864,0.9043441872312413,0.9913015015134138,4.0,3.0,False,main,False
5442,7,7,12.756474434006137,1.243525565993864,0.9111767452861527,0.9919744264240141,2.0,2.0,False,main,False
5442,8,8,13.756474434006137,1.243525565993864,0.9170982956004091,0.992550699655752,1.0,1.0,False,main,False
5442,9,9,14.756474434006137,1.243525565993864,0.9222796521253835,0.9930497510341245,-1.0,-1.0,True,main,False
1271,2,2,7.750783781754584,1.249216218245416,0.8611981979727316,0.9867278037398943,12.0,7.0,False,main,False
1271,3,3,8.750783781754585,1.249216218245416,0.8750783781754585,0.9882153277251932,9.0,6.0,False,main,False
1271,4,4,9.750783781754585,1.249216218245416,0.8864348892504168,0.9894029460709572,7.0,5.0,False,main,False
1271,5,5,10.750783781754585,1.249216218245416,0.8958986484795487,0.9903730672601837,5.0,4.0,False,main,False
1271,6,6,11.750783781754585,1.249216218245416,0.9039064447503526,0.9911804361242659,4.0,3.0,False,main,False
1271,7,7,12.750783781754585,1.249216218245416,0.9107702701253275,0.9918628446128763,2.0,2.0,False,main,False
1271,8,8,13.750783781754585,1.249216218245416,0.916718918783639,0.9924472232776419,1.0,1.0,False,main,False
1271,9,9,14.750783781754585,1.249216218245416,0.9219239863596616,0.9929532820531548,-1.0,-1.0,True,main,False
3956,2,2,7.662129749738973,1.3378702502610271,0.851347749970997,0.9837211986497418,12.0,7.0,False,main,True
3956,3,3,8.662129749738973,1.3378702502610271,0.8662129749738974,0.9855529022886503,10.0,6.0,False,main,False
3956,4,4,9.662129749738973,1.3378702502610271,0.8783754317944521,0.9870139593011833,8.0,5.0,False,main,False
3956,5,5,10.662129749738973,1.3378702502610271,0.8885108124782478,0.9882065632971673,6.0,4.0,False,main,False
3956,6,6,11.662129749738973,1.3378702502610271,0.8970869038260749,0.9891984930929895,4.0,3.0,False,main,False
3956,7,7,12.662129749738973,1.3378702502610271,0.9044378392670696,0.9900364774266797,2.0,2.0,False,main,False
3956,8,8,13.662129749738973,1.3378702502610271,0.9108086499825983,0.9907537794243991,1.0,1.0,False,main,False
3956,9,9,14.662129749738973,1.3378702502610271,0.9163831093586858,0.9913747217505255,-1.0,-1.0,True,main,False
2410,2,2,7.761548324742772,1.2384516752572285,0.8623942583047524,0.987073811279688,12.0,7.0,False,main,False
2410,3,3,8.761548324742773,1.2384516752572285,0.8761548324742771,0.9885218548269948,9.0,6.0,False,main,False
2410,4,4,9.761548324742773,1.2384516752572285,0.8874134840675246,0.9896780830014364,7.0,5.0,False,main,False
2410,5,5,10.761548324742773,1.2384516752572285,0.8967956937285643,0.9906226478831249,5.0,4.0,False,main,False
2410,6,6,11.761548324742773,1.2384516752572285,0.9047344865186747,0.9914088058269188,4.0,3.0,False,main,False
2410,7,7,12.761548324742773,1.2384516752572285,0.9115391660530551,0.9920733270932122,2.0,2.0,False,main,False
2410,8,8,13.761548324742773,1.2384516752572285,0.9174365549828514,0.992642417620027,1.0,1.0,False,main,False
2410,9,9,14.761548324742773,1.2384516752572285,0.9225967702964233,0.9931352591281286,-1.0,-1.0,True,main,False
3440,2,2,7.640957588382971,1.3590424116170288,0.8489952875981079,0.9829627410875733,12.0,7.0,False,main,True
3440,3,3,8.640957588382971,1.3590424116170288,0.8640957588382971,0.9848815717307993,10.0,6.0,False,main,False
3440,4,4,9.640957588382971,1.3590424116170288,0.8764506898529973,0.9864117903727838,8.0,5.0,False,main,False
3440,5,5,10.640957588382971,1.3590424116170288,0.886746465698581,0.9876606303121794,6.0,4.0,False,main,False
3440,6,6,11.640957588382971,1.3590424116170288,0.8954582760294593,0.9886991855769096,4.0,3.0,False,main,False
3440,7,7,12.640957588382971,1.3590424116170288,0.9029255420273551,0.9895764553341742,2.0,2.0,False,main,False
3440,8,8,13.640957588382971,1.3590424116170288,0.9093971725588648,0.9903273099825136,1.0,1.0,False,main,False
3440,9,9,14.640957588382971,1.3590424116170288,0.9150598492739357,0.9909772420032852,-1.0,-1.0,True,main,False
10802,0,6,5.6030671780871995,7.3969328219128005,0.4310051675451692,0.6554409335975251,504.0,63.0,False,main,True
5753,2,2,7.83462068642358,1.1653793135764197,0.87051340960262,0.9893097203337007,11.0,7.0,False,main,False
5753,3,3,8.83462068642358,1.1653793135764197,0.883462068642358,0.9905033257053358,9.0,6.0,False,main,False
5753,4,4,9.83462068642358,1.1653793135764197,0.8940564260385073,0.9914571257612046,7.0,5.0,False,main,False
5753,5,5,10.83462068642358,1.1653793135764197,0.902885057201965,0.9922368000864424,5.0,4.0,False,main,False
5753,6,6,11.83462068642358,1.1653793135764197,0.9103554374171985,0.992886047450442,4.0,3.0,False,main,False
5753,7,7,12.83462068642358,1.1653793135764197,0.9167586204588272,0.9934350719457483,2.0,2.0,False,main,False
5753,8,8,13.83462068642358,1.1653793135764197,0.922308045761572,0.9939054191595542,1.0,1.0,False,main,False
5753,9,9,14.83462068642358,1.1653793135764197,0.9271637929014738,0.9943128715130324,-1.0,-1.0,True,main,False
7599,2,2,7.693323046450728,1.306676953549272,0.8548136718278587,0.9848105755837168,12.0,7.0,False,main,False
7599,3,3,8.693323046450729,1.306676953549272,0.8693323046450729,0.986517347552989,10.0,6.0,False,main,False
7599,4,4,9.693323046450729,1.306676953549272,0.8812111860409754,0.9878791936320264,7.0,5.0,False,main,False
7599,5,5,10.693323046450729,1.306676953549272,0.891110253870894,0.9889911025866113,6.0,4.0,False,main,False
7599,6,6,11.693323046450729,1.306676953549272,0.8994863881885176,0.9899161104123642,4.0,3.0,False,main,False
7599,7,7,12.693323046450729,1.306676953549272,0.9066659318893378,0.9906976958853434,2.0,2.0,False,main,False
7599,8,8,13.693323046450729,1.306676953549272,0.9128882030967153,0.9913668203666952,1.0,1.0,False,main,False
7599,9,9,14.693323046450729,1.306676953549272,0.9183326904031706,0.9919461305837489,-1.0,-1.0,True,main,False
11027,0,5,5.679037443386096,6.320962556613904,0.47325312028217464,0.704289371529052,271.0,47.0,False,main,True
3656,2,2,7.6256605645737965,1.3743394354262035,0.8472956182859774,0.9824052933193862,12.0,7.0,False,main,False
3656,3,3,8.625660564573796,1.3743394354262035,0.8625660564573796,0.9843882347538414,10.0,6.0,False,main,False
3656,4,4,9.625660564573796,1.3743394354262035,0.8750600513248905,0.9859693304460367,8.0,5.0,False,main,False
3656,5,5,10.625660564573796,1.3743394354262035,0.885471713714483,0.9872595297834897,6.0,4.0,False,main,False
3656,6,6,11.625660564573796,1.3743394354262035,0.8942815818902919,0.9883323701179794,4.0,3.0,False,main,False
3656,7,7,12.625660564573796,1.3743394354262035,0.9018328974695569,0.9892385232741259,2.0,2.0,False,main,False
3656,8,8,13.625660564573796,1.3743394354262035,0.9083773709715863,0.9900140433686606,1.0,1.0,False,main,False
3656,9,9,14.625660564573796,1.3743394354262035,0.9141037852858622,0.9906852841930629,-1.0,-1.0,True,main,False
2818,2,2,7.643855005401263,1.3561449945987372,0.8493172228223625,0.9830674371621456,12.0,7.0,False,main,False
2818,3,3,8.643855005401264,1.3561449945987372,0.8643855005401264,0.9849742339549645,10.0,6.0,False,main,False
2818,4,4,9.643855005401264,1.3561449945987372,0.8767140914001149,0.986494901433688,8.0,5.0,False,main,False
2818,5,5,10.643855005401264,1.3561449945987372,0.8869879171167719,0.9877359760983787,6.0,4.0,False,main,False
2818,6,6,11.643855005401264,1.3561449945987372,0.8956811542616356,0.9887680937204355,4.0,3.0,False,main,False
2818,7,7,12.643855005401264,1.3561449945987372,0.9031325003858045,0.989639939690784,2.0,2.0,False,main,False
2818,8,8,13.643855005401264,1.3561449945987372,0.9095903336934176,0.9903861623166405,1.0,1.0,False,main,False
2818,9,9,14.643855005401264,1.3561449945987372,0.915240937837579,0.9910320924569905,-1.0,-1.0,True,main,False
2643,2,2,7.629290762967728,1.3707092370322718,0.8476989736630809,0.9825382967408517,12.0,7.0,False,main,False
2643,3,3,8.629290762967727,1.3707092370322718,0.8629290762967727,0.9845059360786714,10.0,6.0,False,main,False
2643,4,4,9.629290762967727,1.3707092370322718,0.8753900693607025,0.9860748894167864,8.0,5.0,False,main,False
2643,5,5,10.629290762967727,1.3707092370322718,0.8857742302473106,0.9873552185897986,6.0,4.0,False,main,False
2643,6,6,11.629290762967727,1.3707092370322718,0.8945608279205944,0.9884198774757544,4.0,3.0,False,main,False
2643,7,7,12.629290762967727,1.3707092370322718,0.9020921973548377,0.9893191385133433,2.0,2.0,False,main,False
2643,8,8,13.629290762967727,1.3707092370322718,0.9086193841978485,0.9900887732081209,1.0,1.0,False,main,False
2643,9,9,14.629290762967727,1.3707092370322718,0.914330672685483,0.9907549297326065,-1.0,-1.0,True,main,False
8028,0,5,5.871900718950507,6.128099281049492,0.48932505991254227,0.7190721937251101,224.0,44.0,False,main,True
3716,2,2,7.5933242240671825,1.4066757759328177,0.8437026915630202,0.981201153497462,13.0,7.0,False,main,True
3716,3,3,8.593324224067182,1.4066757759328177,0.8593324224067181,0.9833227911843974,10.0,6.0,False,main,False
3716,4,4,9.593324224067182,1.4066757759328177,0.8721203840061075,0.985013913059328,8.0,5.0,False,main,False
3716,5,5,10.593324224067182,1.4066757759328177,0.8827770186722651,0.9863935297788384,6.0,4.0,False,main,False
3716,6,6,11.593324224067182,1.4066757759328177,0.8917941710820909,0.9875404755632015,4.0,3.0,False,main,False
3716,7,7,12.593324224067182,1.4066757759328177,0.8995231588619416,0.9885090465118334,2.0,2.0,False,main,False
3716,8,8,13.593324224067182,1.4066757759328177,0.9062216149378121,0.989337860508792,1.0,1.0,False,main,False
3716,9,9,14.593324224067182,1.4066757759328177,0.9120827640041989,0.990055136162673,-1.0,-1.0,True,main,False
8185,0,5,5.6943425291674235,6.3056574708325765,0.4745285440972853,0.7054718227574697,267.0,47.0,False,main,True
3194,0,1,5.239808477842135,2.7601915221578652,0.6549760597302668,0.8914186580388409,49.0,16.0,False,main,True
10597,0,1,5.292026915120536,2.7079730848794648,0.661503364390067,0.8956477230083654,47.0,15.0,False,main,True
10597,0,2,5.292026915120536,3.7079730848794648,0.5880029905689484,0.8325386140897896,82.0,22.0,False,main,False
10597,0,3,5.292026915120536,4.707973084879464,0.5292026915120536,0.7738918235197714,141.0,30.0,False,main,True
10597,0,4,5.292026915120536,5.707973084879464,0.4810933559200487,0.7210282828860155,241.0,41.0,False,main,True
3871,1,1,6.486117780662854,1.5138822193371468,0.8107647225828567,0.9735881143860392,17.0,8.0,False,main,True
3871,2,2,7.486117780662854,1.5138822193371468,0.8317908645180948,0.9769665102159216,13.0,7.0,False,main,False
3871,3,3,8.486117780662854,1.5138822193371468,0.8486117780662854,0.9795780901810245,11.0,6.0,False,main,False
3871,4,4,9.486117780662854,1.5138822193371468,0.862374343696623,0.9816574564486777,8.0,5.0,False,main,False
3871,5,5,10.486117780662854,1.5138822193371468,0.8738431483885711,0.9833523256039352,6.0,4.0,False,main,False
3871,6,6,11.486117780662854,1.5138822193371468,0.8835475215894503,0.984760357918095,4.0,3.0,False,main,False
3871,7,7,12.486117780662854,1.5138822193371468,0.8918655557616324,0.9859487111770262,2.0,2.0,False,main,False
3871,8,8,13.486117780662854,1.5138822193371468,0.8990745187108569,0.9869650900884501,1.0,1.0,False,main,False
3871,9,9,14.486117780662854,1.5138822193371468,0.9053823612914284,0.9878443158829366,-1.0,-1.0,True,main,False
11052,0,1,5.189306467632841,2.8106935323671594,0.6486633084541051,0.8872719843895045,51.0,16.0,False,main,True
11052,0,2,5.189306467632841,3.8106935323671594,0.5765896075147601,0.8237308887972392,90.0,23.0,False,main,False
11052,0,3,5.189306467632841,4.810693532367159,0.5189306467632842,0.7651122555320217,156.0,32.0,False,main,True
997,1,1,6.289136925640589,1.7108630743594113,0.7861421157050736,0.963572684369022,19.0,9.0,False,main,True
568,1,1,6.537460057031324,1.462539942968676,0.8171825071289155,0.9759747927342823,16.0,8.0,False,main,True
568,2,2,7.537460057031324,1.462539942968676,0.8374955618923693,0.9790401995341371,13.0,7.0,False,main,False
568,3,3,8.537460057031325,1.462539942968676,0.8537460057031325,0.9814114422221851,10.0,6.0,False,main,False
568,4,4,9.537460057031325,1.462539942968676,0.867041823366484,0.9833004382494688,8.0,5.0,False,main,False
568,5,5,10.537460057031325,1.462539942968676,0.8781216714192771,0.9848407790738591,6.0,4.0,False,main,False
568,6,6,11.537460057031325,1.462539942968676,0.887496927463948,0.9861208681816257,4.0,3.0,False,main,False
568,7,7,12.537460057031325,1.462539942968676,0.8955328612165232,0.987201542985166,2.0,2.0,False,main,False
568,8,8,13.537460057031325,1.462539942968676,0.9024973371354217,0.9881260449841849,1.0,1.0,False,main,False
568,9,9,14.537460057031325,1.462539942968676,0.9085912535644578,0.9889259536823173,-1.0,-1.0,True,main,False
11627,0,1,5.299095390274963,2.700904609725037,0.6623869237843704,0.8962155693102337,47.0,15.0,False,main,True
11973,1,1,6.521755820792881,1.4782441792071186,0.8152194775991102,0.975255024081962,17.0,8.0,False,main,True
11973,2,2,7.521755820792881,1.4782441792071186,0.8357506467547646,0.9784146987845626,13.0,7.0,False,main,False
11973,3,3,8.521755820792881,1.4782441792071186,0.8521755820792881,0.9808583538853362,10.0,6.0,False,main,False
11973,4,4,9.521755820792881,1.4782441792071186,0.8656141655266256,0.9828047233884141,8.0,5.0,False,main,False
11973,5,5,10.521755820792881,1.4782441792071186,0.8768129850660734,0.9843916458945046,6.0,4.0,False,main,False
11973,6,6,11.521755820792881,1.4782441792071186,0.8862889092917601,0.985710309578993,4.0,3.0,False,main,False
11973,7,7,12.521755820792881,1.4782441792071186,0.8944111300566344,0.9868234539343178,2.0,2.0,False,main,False
11973,8,8,13.521755820792881,1.4782441792071186,0.9014503880528587,0.9877756640658393,1.0,1.0,False,main,False
11973,9,9,14.521755820792881,1.4782441792071186,0.9076097387995551,0.9885994956274197,-1.0,-1.0,True,main,False
11060,1,1,6.393731060671183,1.6062689393288174,0.7992163825838978,0.9690559264427996,18.0,9.0,False,main,True
11060,2,2,7.393731060671183,1.6062689393288174,0.8215256734079092,0.9730317748136741,14.0,7.0,False,main,False
11060,3,3,8.393731060671183,1.6062689393288174,0.8393731060671182,0.9761014571361752,11.0,6.0,False,main,False
11060,4,4,9.393731060671183,1.6062689393288174,0.8539755509701075,0.9785432809325584,9.0,5.0,False,main,False
11060,5,5,10.393731060671183,1.6062689393288174,0.8661442550559318,0.9805321078862079,6.0,4.0,False,main,False
11060,6,6,11.393731060671183,1.6062689393288174,0.8764408508208602,0.9821833526180396,4.0,3.0,False,main,False
11060,7,7,12.393731060671183,1.6062689393288174,0.885266504333656,0.9835762762543162,2.0,2.0,False,main,False
11060,8,8,13.393731060671183,1.6062689393288174,0.8929154040447455,0.9847671194631034,1.0,1.0,False,main,False
11060,9,9,14.393731060671183,1.6062689393288174,0.8996081912919489,0.9857968967133085,-1.0,-1.0,True,main,False
8715,0,1,5.578860865125597,2.4211391348744034,0.6973576081406996,0.9177793601648012,38.0,14.0,False,main,True
2265,1,1,6.449618030198415,1.550381969801585,0.8062022537748019,0.9718334527025139,17.0,8.0,False,main,True
678,0,1,5.263064869331029,2.73693513066897,0.6578831086663787,0.8933095412959183,48.0,16.0,False,main,True
6771,1,1,6.551144911382316,1.4488550886176839,0.8188931139227895,0.9765945487419251,16.0,8.0,False,main,True
6771,2,2,7.551144911382316,1.4488550886176839,0.8390161012647018,0.9795788725581459,13.0,7.0,False,main,True
6771,3,3,8.551144911382316,1.4488550886176839,0.8551144911382316,0.9818878125064975,10.0,6.0,False,main,False
6771,4,4,9.551144911382316,1.4488550886176839,0.868285901034756,0.9837274339432979,8.0,5.0,False,main,False
6771,5,5,10.551144911382316,1.4488550886176839,0.8792620759485263,0.9852276802359593,6.0,4.0,False,main,False
6771,6,6,11.551144911382316,1.4488550886176839,0.8885496085678705,0.9864745620055111,4.0,3.0,False,main,False
6771,7,7,12.551144911382316,1.4488550886176839,0.8965103508130225,0.9875272816988695,2.0,2.0,False,main,False
6771,8,8,13.551144911382316,1.4488550886176839,0.9034096607588211,0.9884279255954189,1.0,1.0,False,main,False
6771,9,9,14.551144911382316,1.4488550886176839,0.9094465569613948,0.9892072337309791,-1.0,-1.0,True,main,False
380,0,1,5.242176965077769,2.7578230349222306,0.6552721206347212,0.8916117711425975,49.0,16.0,False,main,True
9604,1,1,6.237489712690216,1.7625102873097838,0.779686214086277,0.9607331625165971,20.0,9.0,False,main,True
9604,2,2,7.237489712690216,1.7625102873097838,0.8041655236322462,0.9658160407965795,15.0,8.0,False,main,False
9604,3,3,8.237489712690216,1.7625102873097838,0.8237489712690216,0.9697323905525729,12.0,6.0,False,main,False
9604,4,4,9.237489712690216,1.7625102873097838,0.8397717920627469,0.9728428151719342,9.0,5.0,False,main,False
9604,5,5,10.237489712690216,1.7625102873097838,0.8531241427241847,0.9753730619197194,7.0,4.0,False,main,False
9604,6,6,11.237489712690216,1.7625102873097838,0.8644222855915551,0.9774717128133766,5.0,3.0,False,main,False
9604,7,7,12.237489712690216,1.7625102873097838,0.8741064080493012,0.97924057768687,3.0,2.0,False,main,False
9604,8,8,13.237489712690216,1.7625102873097838,0.8824993141793478,0.9807517643775271,1.0,1.0,False,main,False
9604,9,9,14.237489712690216,1.7625102873097838,0.8898431070431385,0.9820577784115421,-1.0,-1.0,True,main,False
5656,0,1,5.331496882300164,2.6685031176998364,0.6664371102875205,0.8988043508418125,45.0,15.0,False,main,True
4718,1,1,6.400564022236125,1.5994359777638754,0.8000705027795156,0.9694013238926822,18.0,9.0,False,main,True
1490,1,1,6.42664016256427,1.5733598374357296,0.8033300203205338,0.970704636978367,18.0,9.0,False,main,True
4701,1,1,6.476411014869326,1.523588985130674,0.8095513768586657,0.9731261254546913,17.0,8.0,False,main,True
1419,0,1,5.173164784966799,2.826835215033201,0.6466455981208499,0.8859349752794634,51.0,16.0,False,main,True
10690,1,1,6.216973672831556,1.783026327168444,0.7771217091039445,0.9595817236344012,20.0,9.0,False,main,True
10690,2,2,7.216973672831556,1.783026327168444,0.8018859636479507,0.964818713736401,16.0,8.0,False,main,False
10690,3,3,8.216973672831557,1.783026327168444,0.8216973672831557,0.9688527194323461,12.0,6.0,False,main,False
10690,4,4,9.216973672831557,1.783026327168444,0.8379066975301416,0.9720559295850554,9.0,5.0,False,main,False
10690,5,5,10.216973672831557,1.783026327168444,0.851414472735963,0.9746612325811909,7.0,4.0,False,main,False
10690,6,6,11.216973672831557,1.783026327168444,0.8628441286793506,0.9768218538155063,5.0,3.0,False,main,False
10690,7,7,12.216973672831557,1.783026327168444,0.8726409766308255,0.978642753858682,3.0,2.0,False,main,False
10690,8,8,13.216973672831557,1.783026327168444,0.8811315781887704,0.9801982542217673,1.0,1.0,False,main,False
10690,9,9,14.216973672831557,1.783026327168444,0.8885608545519723,0.9815424615129684,-1.0,-1.0,True,main,False
3036,0,1,5.227025278776809,2.772974721223191,0.6533781598471011,0.8903742762668819,49.0,16.0,False,main,True
6095,0,1,5.415990206703446,2.584009793296554,0.6769987758379308,0.9054442852678409,43.0,15.0,False,main,True
10838,1,1,6.402963717746367,1.597036282253633,0.8003704647182959,0.9695222449014016,18.0,9.0,False,main,True
10838,2,2,7.402963717746367,1.597036282253633,0.8225515241940408,0.9734364395148145,14.0,7.0,False,main,False
10838,3,3,8.402963717746367,1.597036282253633,0.8402963717746367,0.9764588874840429,11.0,6.0,False,main,False
10838,4,4,9.402963717746367,1.597036282253633,0.8548148834314879,0.9788633624042857,9.0,5.0,False,main,False
10838,5,5,10.402963717746367,1.597036282253633,0.8669136431455305,0.9808219140385285,6.0,4.0,False,main,False
10838,6,6,11.402963717746367,1.597036282253633,0.877151055211259,0.9824481199197007,4.0,3.0,False,main,False
10838,7,7,12.402963717746367,1.597036282253633,0.8859259798390262,0.9838199899284931,2.0,2.0,False,main,False
10838,8,8,13.402963717746367,1.597036282253633,0.8935309145164244,0.9849928829269214,1.0,1.0,False,main,False
10838,9,9,14.402963717746367,1.597036282253633,0.9001852323591479,0.9860071739802788,-1.0,-1.0,True,main,False
1463,0,1,5.270454099331412,2.7295459006685876,0.6588067624164266,0.8939078478492046,48.0,16.0,False,main,True
7316,1,1,6.442718738190029,1.5572812618099703,0.8053398422737537,0.9714964647137888,17.0,8.0,False,main,True
10898,1,1,6.298049172634832,1.7019508273651676,0.787256146579354,0.9640539925508481,19.0,9.0,False,main,True
10898,2,2,7.298049172634832,1.7019508273651676,0.8108943525149814,0.9686936813494844,15.0,7.0,False,main,False
10898,3,3,8.298049172634833,1.7019508273651676,0.8298049172634834,0.9722713988673547,12.0,6.0,False,main,False
10898,4,4,9.298049172634833,1.7019508273651676,0.8452771975122576,0.9751146042489491,9.0,5.0,False,main,False
10898,5,5,10.298049172634833,1.7019508273651676,0.8581707643862361,0.9774285851080332,7.0,4.0,False,main,False
10898,6,6,11.298049172634833,1.7019508273651676,0.8690807055872949,0.9793486049689702,5.0,3.0,False,main,False
10898,7,7,12.298049172634833,1.7019508273651676,0.878432083759631,0.9809674284125063,3.0,2.0,False,main,False
10898,8,8,13.298049172634833,1.7019508273651676,0.8865366115089889,0.9823508035742361,1.0,1.0,False,main,False
10898,9,9,14.298049172634833,1.7019508273651676,0.8936280732896771,0.9835466334450086,-1.0,-1.0,True,main,False
11763,1,1,6.390104875451369,1.6098951245486306,0.7987631094314211,0.9688719775473333,18.0,9.0,False,main,True
276,1,1,6.446979032210007,1.5530209677899933,0.8058723790262509,0.9717047520641897,17.0,8.0,False,main,True
10204,1,1,6.169973214251121,1.8300267857488786,0.7712466517813902,0.9568945371546194,21.0,9.0,False,main,True
10204,2,2,7.169973214251121,1.8300267857488786,0.7966636904723469,0.962492057699403,16.0,8.0,False,main,False
10204,3,3,8.169973214251122,1.8300267857488786,0.8169973214251123,0.9668011159125074,12.0,6.0,False,main,False
10204,4,4,9.169973214251122,1.8300267857488786,0.8336339285682839,0.970221122651879,10.0,5.0,False,main,False
10204,5,5,10.169973214251122,1.8300267857488786,0.8474977678542602,0.9730017247116354,7.0,4.0,False,main,False
10204,6,6,11.169973214251122,1.8300267857488786,0.8592287087885478,0.9753070339555097,5.0,3.0,False,main,False
10204,7,7,12.169973214251122,1.8300267857488786,0.8692838010179373,0.9772493923509764,3.0,2.0,False,main,False
10204,8,8,13.169973214251122,1.8300267857488786,0.8779982142834082,0.978908304339208,1.0,1.0,False,main,False
10204,9,9,14.169973214251122,1.8300267857488786,0.8856233258906951,0.9803416232933759,-1.0,-1.0,True,main,False
11195,1,1,6.409819463966981,1.5901805360330186,0.8012274329958726,0.9698666139599331,18.0,9.0,False,main,True
11195,2,2,7.409819463966981,1.5901805360330186,0.823313273774109,0.9737353045090348,14.0,7.0,False,main,False
11195,3,3,8.409819463966981,1.5901805360330186,0.8409819463966981,0.9767228850839071,11.0,6.0,False,main,False
11195,4,4,9.409819463966981,1.5901805360330186,0.8554381330879074,0.9790997864321144,8.0,5.0,False,main,False
11195,5,5,10.409819463966981,1.5901805360330186,0.8674849553305818,0.98103598450637,6.0,4.0,False,main,False
11195,6,6,11.409819463966981,1.5901805360330186,0.8776784203051524,0.9826437016759311,4.0,3.0,False,main,False
11195,7,7,12.409819463966981,1.5901805360330186,0.8864156759976415,0.9840000246537172,2.0,2.0,False,main,False
11195,8,8,13.409819463966981,1.5901805360330186,0.8939879642644654,0.9851596616129055,1.0,1.0,False,main,False
11195,9,9,14.409819463966981,1.5901805360330186,0.9006137164979363,0.9861625157436821,-1.0,-1.0,True,main,False
4660,1,1,6.248037808832798,1.7519621911672014,0.7810047261040998,0.9613200008357339,20.0,9.0,False,main,True
11166,1,1,6.23432580122046,1.7656741987795401,0.7792907251525575,0.9605564544493418,20.0,9.0,False,main,True
11166,2,2,7.23432580122046,1.7656741987795401,0.8038139779133844,0.9656629691541314,15.0,8.0,False,main,False
11166,3,3,8.23432580122046,1.7656741987795401,0.8234325801220461,0.9695973672665045,12.0,6.0,False,main,False
11166,4,4,9.23432580122046,1.7656741987795401,0.8394841637473146,0.9727220270661309,9.0,5.0,False,main,False
11166,5,5,10.23432580122046,1.7656741987795401,0.8528604834350384,0.9752637901842992,7.0,4.0,False,main,False
11166,6,6,11.23432580122046,1.7656741987795401,0.8641789077861893,0.977371950402559,5.0,3.0,False,main,False
11166,7,7,12.23432580122046,1.7656741987795401,0.8738804143728901,0.9791488006114013,3.0,2.0,False,main,False
11166,8,8,13.23432580122046,1.7656741987795401,0.8822883867480307,0.9806667880915422,1.0,1.0,False,main,False
11166,9,9,14.23432580122046,1.7656741987795401,0.8896453625762788,0.9819786639098848,-1.0,-1.0,True,main,False
11481,1,1,6.483387470062831,1.5166125299371693,0.8104234337578539,0.9734585090270875,17.0,8.0,False,main,True
11481,2,2,7.483387470062831,1.5166125299371693,0.8314874966736479,0.9768539342919521,13.0,7.0,False,main,True
11481,3,3,8.48338747006283,1.5166125299371693,0.848338747006283,0.9794785837122905,11.0,6.0,False,main,False
11481,4,4,9.48338747006283,1.5166125299371693,0.8621261336420755,0.9815682979661747,8.0,5.0,False,main,False
11481,5,5,10.48338747006283,1.5166125299371693,0.8736156225052358,0.9832715641011528,6.0,4.0,False,main,False
11481,6,6,11.48338747006283,1.5166125299371693,0.8833374976971408,0.9846865469371168,4.0,3.0,False,main,False
11481,7,7,12.48338747006283,1.5166125299371693,0.8916705335759164,0.9858807485565035,2.0,2.0,False,main,False
11481,8,8,13.48338747006283,1.5166125299371693,0.8988924980041887,0.9869021166804487,1.0,1.0,False,main,False
11481,9,9,14.48338747006283,1.5166125299371693,0.9052117168789269,0.9877856489755175,-1.0,-1.0,True,main,False
5762,1,1,6.321067581344515,1.678932418655485,0.7901334476680644,0.9652851158778203,19.0,9.0,False,main,True
5762,2,2,7.321067581344515,1.678932418655485,0.8134519534827239,0.9697609940816434,15.0,7.0,False,main,True
5762,3,3,8.321067581344515,1.678932418655485,0.8321067581344515,0.9732134394255045,11.0,6.0,False,main,False
5762,4,4,9.321067581344515,1.678932418655485,0.8473697801222286,0.9759577263978663,9.0,5.0,False,main,False
5762,5,5,10.321067581344515,1.678932418655485,0.8600889651120429,0.9781916096995535,7.0,4.0,False,main,False
5762,6,6,11.321067581344515,1.678932418655485,0.8708513524111166,0.9800454434749195,4.0,3.0,False,main,False
5762,7,7,12.321067581344515,1.678932418655485,0.8800762558103224,0.9816086550137184,3.0,2.0,False,main,False
5762,8,8,13.321067581344515,1.678932418655485,0.8880711720896344,0.9829446442439636,1.0,1.0,False,main,False
5762,9,9,14.321067581344515,1.678932418655485,0.8950667238340322,0.9840996136930522,-1.0,-1.0,True,main,False
9468,0,1,5.539757913742696,2.4602420862573036,0.692469739217837,0.9148747990339845,39.0,14.0,False,main,True
9468,0,2,5.539757913742696,3.4602420862573036,0.6155286570825218,0.8531366470033226,67.0,20.0,False,main,False
9468,0,3,5.539757913742696,4.460242086257304,0.5539757913742697,0.7945926958976673,112.0,28.0,False,main,True
9468,0,4,5.539757913742696,5.460242086257304,0.5036143557947906,0.7412953862810494,187.0,37.0,False,main,True
7955,1,1,6.543035644533995,1.4569643554660052,0.8178794555667493,0.9762281403502445,16.0,8.0,False,main,True
7955,2,2,7.543035644533995,1.4569643554660052,0.8381150716148883,0.9792603918518402,13.0,7.0,False,main,False
7955,3,3,8.543035644533994,1.4569643554660052,0.8543035644533994,0.9816061606598483,10.0,6.0,False,main,False
7955,4,4,9.543035644533994,1.4569643554660052,0.8675486949576358,0.9834749700281893,8.0,5.0,False,main,False
7955,5,5,10.543035644533994,1.4569643554660052,0.8785863037111662,0.9849989191251284,6.0,4.0,False,main,False
7955,6,6,11.543035644533994,1.4569643554660052,0.8879258188103072,0.9862654327173732,4.0,3.0,False,main,False
7955,7,7,12.543035644533994,1.4569643554660052,0.8959311174667138,0.987334679549227,2.0,2.0,False,main,False
7955,8,8,13.543035644533994,1.4569643554660052,0.9028690429689329,0.9882494286923135,1.0,1.0,False,main,False
7955,9,9,14.543035644533994,1.4569643554660052,0.9089397277833746,0.989040916369896,-1.0,-1.0,True,main,False
6406,1,1,6.433856778823787,1.5661432211762123,0.8042320973529734,0.971061156298836,17.0,9.0,False,main,True
695,1,1,6.215617732096671,1.7843822679033292,0.7769522165120839,0.959505158419134,20.0,9.0,False,main,True
695,2,2,7.215617732096671,1.7843822679033292,0.8017353035662969,0.9647524042136268,16.0,8.0,False,main,False
695,3,3,8.215617732096671,1.7843822679033292,0.8215617732096672,0.9687942378043148,12.0,6.0,False,main,False
695,4,4,9.215617732096671,1.7843822679033292,0.8377834301906065,0.9720036201206079,9.0,5.0,False,main,False
695,5,5,10.215617732096671,1.7843822679033292,0.8513014776747226,0.9746139152500481,7.0,4.0,False,main,False
695,6,6,11.215617732096671,1.7843822679033292,0.8627398255458978,0.9767786578081414,5.0,3.0,False,main,False
695,7,7,12.215617732096671,1.7843822679033292,0.8725441237211908,0.9786030181347439,3.0,2.0,False,main,False
695,8,8,13.215617732096671,1.7843822679033292,0.8810411821397781,0.9801614650935518,1.0,1.0,False,main,False
695,9,9,14.215617732096671,1.7843822679033292,0.888476108256042,0.9815082118511,-1.0,-1.0,True,main,False
3522,0,1,5.317227724594586,2.6827722754054144,0.6646534655743233,0.8976671659999044,46.0,15.0,False,main,True
5663,0,1,5.4121942895857575,2.5878057104142425,0.6765242861982197,0.9051494545305573,43.0,15.0,False,main,True
10798,0,1,5.444633797024848,2.5553662029751516,0.680579224628106,0.9076584012500825,42.0,15.0,False,main,True
10798,0,2,5.444633797024848,3.5553662029751516,0.6049593107805387,0.845336164930832,72.0,21.0,False,main,False
10798,0,3,5.444633797024848,4.555366202975152,0.5444633797024848,0.7867232622602804,122.0,29.0,False,main,False
10798,0,4,5.444633797024848,5.555366202975152,0.49496670882044075,0.733575079057272,205.0,39.0,False,main,True
10798,0,5,5.444633797024848,6.555366202975152,0.45371948308540405,0.6859777545643138,351.0,51.0,False,main,True
10798,0,6,5.444633797024848,7.555366202975152,0.4188179843865268,0.643484545313898,623.0,67.0,False,main,True
8460,0,1,5.199598168853519,2.800401831146482,0.6499497711066898,0.8881215098619177,50.0,16.0,False,main,True
8460,0,2,5.199598168853519,3.800401831146482,0.5777331298726132,0.8246203048199762,89.0,23.0,False,main,False
8460,0,3,5.199598168853519,4.800401831146482,0.5199598168853519,0.765997055037537,154.0,31.0,False,main,True
8460,0,4,5.199598168853519,5.800401831146482,0.47269074262304717,0.7133323474182482,268.0,43.0,False,main,True
6168,1,1,6.2136485280690765,1.7863514719309235,0.7767060660086346,0.9593938622035982,20.0,9.0,False,main,True
11359,1,1,6.433395051890595,1.5666049481094055,0.8041743814863244,0.9710384003270964,17.0,9.0,False,main,True
4290,0,1,5.513783345118231,2.486216654881769,0.6892229181397789,0.9129253329625209,40.0,15.0,False,main,True
6631,1,1,6.375196816314814,1.6248031836851864,0.7968996020393517,0.9681110095158242,18.0,9.0,False,main,True
2718,1,1,6.271982164365319,1.7280178356346805,0.7839977705456649,0.9626390030376467,19.0,9.0,False,main,True
8848,1,1,6.507286393441198,1.4927136065588016,0.8134107991801498,0.9745838201247947,17.0,8.0,False,main,True
10348,0,1,5.222149747344211,2.777850252655789,0.6527687184180264,0.8899750102964608,49.0,16.0,False,main,True
10348,0,2,5.222149747344211,3.777850252655789,0.5802388608160235,0.8265638234255388,87.0,23.0,False,main,False
10348,0,3,5.222149747344211,4.777850252655789,0.5222149747344211,0.7679318444752348,151.0,31.0,False,main,True
10348,0,4,5.222149747344211,5.777850252655789,0.47474088612220106,0.7152168169695323,261.0,42.0,False,main,True
7618,1,1,6.4082367898017925,1.591763210198208,0.8010295987252241,0.9697872590552109,18.0,9.0,False,main,True
7618,2,2,7.4082367898017925,1.591763210198208,0.823137421089088,0.9736664333755004,14.0,7.0,False,main,False
7618,3,3,8.408236789801792,1.591763210198208,0.8408236789801793,0.9766620475480601,11.0,6.0,False,main,False
7618,4,4,9.408236789801792,1.591763210198208,0.8552942536183448,0.9790453022248297,8.0,5.0,False,main,False
7618,5,5,10.408236789801792,1.591763210198208,0.867353065816816,0.9809866510306018,6.0,4.0,False,main,False
7618,6,6,11.408236789801792,1.591763210198208,0.8775566761385994,0.9825986284994797,4.0,3.0,False,main,False
7618,7,7,12.408236789801792,1.591763210198208,0.8863026278429852,0.9839585340102999,2.0,2.0,False,main,False
7618,8,8,13.408236789801792,1.591763210198208,0.8938824526534528,0.985121225639478,1.0,1.0,False,main,False
