arm,s,n,post_a,post_b,q_mean,q_opt,m_mean,m_opt,confirmed,sel_kind,would_differ
5386,1,1,6.603626079102938,1.3963739208970622,0.8254532598878672,0.9789058902386345,16.0,8.0,False,main,True
2824,0,1,5.6702927462523744,2.3297072537476256,0.7087865932815468,0.9244267091530004,35.0,14.0,False,main,True
6366,0,1,5.720634638176769,2.2793653618232312,0.7150793297720961,0.9279986978325934,34.0,14.0,False,main,True
3362,1,1,6.833307949474683,1.1666920505253167,0.8541634936843354,0.9877287900240482,14.0,8.0,False,main,True
2673,1,1,6.686711902430508,1.3132880975694918,0.8358389878038135,0.9823467595076351,15.0,8.0,False,main,True
8176,1,1,6.754562467544536,1.2454375324554636,0.844320308443067,0.9849502660577295,14.0,8.0,False,main,True
8176,2,2,7.754562467544536,1.2454375324554636,0.8616180519493929,0.9868497418385688,12.0,7.0,False,main,False
8176,3,3,8.754562467544536,1.2454375324554636,0.8754562467544537,0.9883233492022657,9.0,6.0,False,main,False
8176,4,4,9.754562467544536,1.2454375324554636,0.8867784061404124,0.9894999032911984,7.0,5.0,False,main,False
8176,5,5,10.754562467544536,1.2454375324554636,0.8962135389620447,0.990461016900407,5.0,4.0,False,main,False
8176,6,6,11.754562467544536,1.2454375324554636,0.9041971128880413,0.9912609100203557,4.0,3.0,False,main,False
8176,7,7,12.754562467544536,1.2454375324554636,0.9110401762531811,0.9919370143773034,2.0,2.0,False,main,False
8176,8,8,13.754562467544536,1.2454375324554636,0.9169708311696357,0.9925160050570974,1.0,1.0,False,main,False
8176,9,9,14.754562467544536,1.2454375324554636,0.9221601542215335,0.9930174057798241,-1.0,-1.0,True,main,False
7575,1,1,6.832493477727736,1.1675065222722638,0.854061684715967,0.9877014243631976,14.0,8.0,False,main,True
8320,1,1,6.658589971939474,1.3414100280605266,0.8323237464924342,0.9812127178315964,15.0,8.0,False,main,True
8320,2,2,7.658589971939474,1.3414100280605266,0.8509544413266082,0.9835954571001371,12.0,7.0,False,main,False
8320,3,3,8.658589971939474,1.3414100280605266,0.8658589971939474,0.985441596988449,10.0,6.0,False,main,False
8320,4,4,9.658589971939474,1.3414100280605266,0.8780536338126794,0.9869141150912568,8.0,5.0,False,main,False
8320,5,5,10.658589971939474,1.3414100280605266,0.8882158309949562,0.9881160392094293,6.0,4.0,False,main,False
8320,6,6,11.658589971939474,1.3414100280605266,0.8968146132261133,0.9891156970380177,4.0,3.0,False,main,False
8320,7,7,12.658589971939474,1.3414100280605266,0.9041849979956768,0.9899601932875334,2.0,2.0,False,main,False
8320,8,8,13.658589971939474,1.3414100280605266,0.9105726647959649,0.9906830572827247,1.0,1.0,False,main,False
8320,9,9,14.658589971939474,1.3414100280605266,0.9161618732462171,0.9913088054600402,-1.0,-1.0,True,main,False
9602,1,1,6.695335265515644,1.3046647344843563,0.8369169081894555,0.9826881234578821,15.0,8.0,False,main,True
9602,2,2,7.695335265515644,1.3046647344843563,0.8550372517239605,0.9848796883043833,12.0,7.0,False,main,False
9602,3,3,8.695335265515645,1.3046647344843563,0.8695335265515644,0.9865785427903652,10.0,6.0,False,main,False
9602,4,4,9.695335265515645,1.3046647344843563,0.8813941150468767,0.9879340998111138,7.0,5.0,False,main,False
9602,5,5,10.695335265515645,1.3046647344843563,0.8912779387929702,0.9890408924015325,6.0,4.0,False,main,False
9602,6,6,11.695335265515645,1.3046647344843563,0.8996411742704341,0.9899616564233524,4.0,3.0,False,main,False
9602,7,7,12.695335265515645,1.3046647344843563,0.906809661822546,0.9907396649153584,2.0,2.0,False,main,False
9602,8,8,13.695335265515645,1.3046647344843563,0.9130223510343762,0.9914057334834417,1.0,1.0,False,main,False
9602,9,9,14.695335265515645,1.3046647344843563,0.9184584540947278,0.9919824027028584,-1.0,-1.0,True,main,False
11990,0,1,5.812528724122065,2.187471275877935,0.7265660905152581,0.9343533070844907,32.0,14.0,False,main,True
11438,1,1,6.62830114551179,1.3716988544882098,0.8285376431889737,0.9799561224791703,15.0,8.0,False,main,True
11438,2,2,7.62830114551179,1.3716988544882098,0.8475890161679767,0.9825020829733603,12.0,7.0,False,main,False
11438,3,3,8.62830114551179,1.3716988544882098,0.862830114551179,0.98447388836847,10.0,6.0,False,main,False
11438,4,4,9.62830114551179,1.3716988544882098,0.8753001041374354,0.9860461475784312,8.0,5.0,False,main,False
11438,5,5,10.62830114551179,1.3716988544882098,0.8856917621259824,0.9873291640412424,6.0,4.0,False,main,False
11438,6,6,11.62830114551179,1.3716988544882098,0.8944847035009069,0.9883960504697009,4.0,3.0,False,main,False
11438,7,7,12.62830114551179,1.3716988544882098,0.9020215103936993,0.989297188027484,2.0,2.0,False,main,False
11438,8,8,13.62830114551179,1.3716988544882098,0.908553409700786,0.9900684251573002,1.0,1.0,False,main,False
11438,9,9,14.62830114551179,1.3716988544882098,0.9142688215944869,0.990735966009805,-1.0,-1.0,True,main,False
8776,0,1,5.833243671547137,2.1667563284528626,0.7291554589433922,0.9357555993999076,32.0,13.0,False,main,True
11569,1,1,6.599305887545261,1.4006941124547398,0.8249132359431576,0.978719589013168,16.0,8.0,False,main,True
11569,2,2,7.599305887545261,1.4006941124547398,0.8443673208383623,0.9814265121802637,13.0,7.0,False,main,True
11569,3,3,8.59930588754526,1.4006941124547398,0.859930588754526,0.9835221707681675,10.0,6.0,False,main,False
11569,4,4,9.59930588754526,1.4006941124547398,0.8726641715950236,0.9851926878650831,8.0,5.0,False,main,False
11569,5,5,10.59930588754526,1.4006941124547398,0.8832754906287716,0.9865555619210814,6.0,4.0,False,main,False
11569,6,6,11.59930588754526,1.4006941124547398,0.8922542990419431,0.9876886338716492,4.0,3.0,False,main,False
11569,7,7,12.59930588754526,1.4006941124547398,0.8999504205389471,0.9886455203734327,2.0,2.0,False,main,False
11569,8,8,13.59930588754526,1.4006941124547398,0.9066203925030173,0.9894643587925505,1.0,1.0,False,main,False
11569,9,9,14.59930588754526,1.4006941124547398,0.9124566179715787,0.9901730182891872,-1.0,-1.0,True,main,False
4611,1,1,6.7580160625778785,1.241983937422121,0.8447520078222348,0.9850776733217518,14.0,8.0,False,main,True
5126,1,1,6.899928842357204,1.1000711576427964,0.8624911052946505,0.9898674702879945,13.0,8.0,False,main,True
5126,2,2,7.899928842357204,1.1000711576427964,0.8777698713730226,0.991136730182,11.0,7.0,False,main,False
5126,3,3,8.899928842357204,1.1000711576427964,0.8899928842357203,0.9921233688889668,9.0,6.0,False,main,False
5126,4,4,9.899928842357204,1.1000711576427964,0.8999935311233821,0.9929123325388814,7.0,5.0,False,main,False
5126,5,5,10.899928842357204,1.1000711576427964,0.9083274035297669,0.993557622637389,5.0,4.0,False,main,False
5126,6,6,11.899928842357204,1.1000711576427964,0.9153791417197849,0.9940952115216204,4.0,3.0,False,main,False
5126,7,7,12.899928842357204,1.1000711576427964,0.9214234887398003,0.9945499872038003,2.0,2.0,False,main,False
5126,8,8,13.899928842357204,1.1000711576427964,0.9266619228238135,0.9949397175184632,1.0,1.0,False,main,False
5126,9,9,14.899928842357204,1.1000711576427964,0.9312455526473252,0.9952774265088261,-1.0,-1.0,True,main,False
4683,1,1,6.8199336041309735,1.180066395869027,0.8524917005163717,0.9872757450592279,14.0,8.0,False,main,True
8388,0,1,5.635106180927908,2.3648938190720923,0.7043882726159885,0.9218927133776527,36.0,14.0,False,main,True
8388,0,2,5.635106180927908,3.3648938190720923,0.6261229089919897,0.8608171210374495,62.0,20.0,False,main,False
8388,0,3,5.635106180927908,4.364893819072092,0.5635106180927908,0.802380840677983,104.0,27.0,False,main,True
8388,0,4,5.635106180927908,5.364893819072092,0.5122823800843552,0.7489565396125025,171.0,36.0,False,main,True
6174,0,1,5.598032304364416,2.4019676956355838,0.699754038045552,0.9191900211168348,37.0,14.0,False,main,True
5841,1,1,6.673233594078663,1.326766405921337,0.8341541992598329,0.9818071924781054,15.0,8.0,False,main,True
1561,1,1,6.855518347813174,1.1444816521868257,0.8569397934766467,0.9884637789021236,14.0,8.0,False,main,True
5471,1,1,6.640242850904301,1.3597571490956986,0.8300303563630377,0.9804558660125318,15.0,8.0,False,main,True
10926,0,1,5.720964906896991,2.279035093103009,0.7151206133621238,0.9280219221213595,34.0,14.0,False,main,True
10926,0,2,5.720964906896991,3.279035093103009,0.635662767432999,0.8676128257492554,59.0,19.0,False,main,False
10926,0,3,5.720964906896991,4.279035093103008,0.572096490689699,0.8093078198957548,97.0,26.0,False,main,False
10926,0,4,5.720964906896991,5.279035093103008,0.5200877188088173,0.755788939980914,158.0,35.0,False,main,True
3990,1,1,6.752673023764741,1.2473269762352592,0.8440841279705926,0.9848803500493338,14.0,8.0,False,main,True
1625,1,1,6.853494712828049,1.1465052871719519,0.8566868391035061,0.9883977157276996,14.0,8.0,False,main,True
11059,1,1,6.618711340927582,1.3812886590724174,0.8273389176159478,0.9795507653395344,16.0,8.0,False,main,True
11059,2,2,7.618711340927582,1.3812886590724174,0.846523482325287,0.9821494547019629,12.0,7.0,False,main,False
11059,3,3,8.618711340927582,1.3812886590724174,0.8618711340927583,0.9841618404051279,10.0,6.0,False,main,False
11059,4,4,9.618711340927582,1.3812886590724174,0.8744283037206894,0.9857662984934242,8.0,5.0,False,main,False
11059,5,5,10.618711340927582,1.3812886590724174,0.8848926117439652,0.9870754872143068,6.0,4.0,False,main,False
11059,6,6,11.618711340927582,1.3812886590724174,0.8937470262251986,0.9881640671572843,4.0,3.0,False,main,False
11059,7,7,12.618711340927582,1.3812886590724174,0.9013365243519702,0.9890834789117935,2.0,2.0,False,main,False
11059,8,8,13.618711340927582,1.3812886590724174,0.9079140893951722,0.9898703205324814,1.0,1.0,False,main,False
11059,9,9,14.618711340927582,1.3812886590724174,0.9136694588079739,0.9905513415318464,-1.0,-1.0,True,main,False
2530,1,1,6.672288071700126,1.3277119282998742,0.8340360089625157,0.9817690669023353,15.0,8.0,False,main,True
3394,1,1,6.871353109685646,1.1286468903143534,0.8589191387107058,0.9889744233632899,13.0,8.0,False,main,True
3394,2,2,7.871353109685646,1.1286468903143534,0.8745947899650718,0.9903576248991133,11.0,7.0,False,main,False
3394,3,3,8.871353109685646,1.1286468903143534,0.8871353109685647,0.9914324129767286,9.0,6.0,False,main,False
3394,4,4,9.871353109685646,1.1286468903143534,0.8973957372441497,0.9922916026351063,7.0,5.0,False,main,False
3394,5,5,10.871353109685646,1.1286468903143534,0.9059460924738039,0.9929941583253407,5.0,4.0,False,main,False
3394,6,6,11.871353109685646,1.1286468903143534,0.9131810084373574,0.9935793376084717,4.0,3.0,False,main,False
3394,7,7,12.871353109685646,1.1286468903143534,0.9193823649775462,0.9940742897735707,2.0,2.0,False,main,False
3394,8,8,13.871353109685646,1.1286468903143534,0.924756873979043,0.9944983901191349,1.0,1.0,False,main,False
3394,9,9,14.871353109685646,1.1286468903143534,0.9294595693553529,0.994865836730647,-1.0,-1.0,True,main,False
8300,1,1,6.6547197587027025,1.345280241297297,0.8318399698378378,0.9810541741131179,15.0,8.0,False,main,True
8300,2,2,7.6547197587027025,1.345280241297297,0.8505244176336336,0.9834574869208232,12.0,7.0,False,main,False
8300,3,3,8.654719758702702,1.345280241297297,0.8654719758702702,0.9853194707711235,10.0,6.0,False,main,False
8300,4,4,9.654719758702702,1.345280241297297,0.8777017962457002,0.9868045668453446,8.0,5.0,False,main,False
8300,5,5,10.654719758702702,1.345280241297297,0.8878933132252252,0.9880167188674593,6.0,4.0,False,main,False
8300,6,6,11.654719758702702,1.345280241297297,0.8965169045155925,0.989024857129061,4.0,3.0,False,main,False
8300,7,7,12.654719758702702,1.345280241297297,0.9039085541930502,0.9898764990759681,2.0,2.0,False,main,False
8300,8,8,13.654719758702702,1.345280241297297,0.9103146505801801,0.9906054662413903,1.0,1.0,False,main,False
8300,9,9,14.654719758702702,1.345280241297297,0.9159199849189189,0.99123648775535,-1.0,-1.0,True,main,False
4878,0,1,5.869391962658499,2.1306080373415015,0.7336739953323124,0.938175543413639,31.0,13.0,False,main,True
5246,0,1,5.736986916226472,2.263013083773527,0.717123364528309,0.9291452689796522,34.0,14.0,False,main,True
1818,1,1,6.7699405458306074,1.230059454169393,0.8462425682288259,0.985513715539705,14.0,8.0,False,main,True
1278,0,1,5.816821102217493,2.183178897782507,0.7271026377771866,0.9346448014883141,32.0,14.0,False,main,True
444,1,1,6.816563059036575,1.183436940963425,0.8520703823795719,0.9871603388396962,14.0,8.0,False,main,True
2384,1,1,6.653570914509416,1.3464290854905838,0.831696364313677,0.9810069971016561,15.0,8.0,False,main,True
3375,0,1,5.667011255846249,2.332988744153751,0.7083764069807811,0.9241916804883833,36.0,14.0,False,main,True
2653,1,1,6.695561803935143,1.3044381960648568,0.8369452254918929,0.9826970505365673,15.0,8.0,False,main,True
7564,1,1,6.836250656218529,1.1637493437814708,0.8545313320273161,0.9878274201373743,14.0,8.0,False,main,True
3440,1,1,6.782956190379276,1.217043809620724,0.8478695237974095,0.9859827776600604,14.0,8.0,False,main,True
7634,0,1,5.850988197513757,2.149011802486243,0.7313735246892197,0.9369478330060749,31.0,13.0,False,main,True
7634,0,2,5.850988197513757,3.149011802486243,0.6501097997237508,0.8776828131326656,53.0,19.0,False,main,False
7634,0,3,5.850988197513757,4.149011802486243,0.5850988197513758,0.8196414011765714,88.0,25.0,False,main,False
7634,0,4,5.850988197513757,5.149011802486243,0.5319080179557961,0.7660160953308548,141.0,34.0,False,main,True
7634,0,5,5.850988197513757,6.149011802486243,0.4875823497928131,0.7174815921661741,228.0,44.0,False,main,True
8099,1,1,6.590516296878017,1.4094837031219827,0.8238145371097522,0.9783383393295721,16.0,8.0,False,main,True
8099,2,2,7.590516296878017,1.4094837031219827,0.8433906996531131,0.9810949587700389,13.0,7.0,False,main,False
8099,3,3,8.590516296878018,1.4094837031219827,0.8590516296878018,0.9832288418851358,10.0,6.0,False,main,False
8099,4,4,9.590516296878018,1.4094837031219827,0.8718651178980017,0.9849296753088126,8.0,5.0,False,main,False
8099,5,5,10.590516296878018,1.4094837031219827,0.8825430247398348,0.9863171828435239,6.0,4.0,False,main,False
8099,6,6,11.590516296878018,1.4094837031219827,0.8915781766829245,0.9874706670801502,4.0,3.0,False,main,False
8099,7,7,12.590516296878018,1.4094837031219827,0.8993225926341442,0.9884447444701536,2.0,2.0,False,main,False
8099,8,8,13.590516296878018,1.4094837031219827,0.9060344197918678,0.9892782594404729,1.0,1.0,False,main,False
8099,9,9,14.590516296878018,1.4094837031219827,0.9119072685548761,0.9899995953384093,-1.0,-1.0,True,main,False
3452,1,1,6.8845819387307605,1.1154180612692395,0.8605727423413451,0.9893924273875392,13.0,8.0,False,main,True
3452,2,2,7.8845819387307605,1.1154180612692395,0.8760646598589734,0.9907222664688914,11.0,7.0,False,main,False
3452,3,3,8.884581938730761,1.1154180612692395,0.8884581938730761,0.9917557776686702,9.0,6.0,False,main,False
3452,4,4,9.884581938730761,1.1154180612692395,0.8985983580664328,0.9925820871152999,7.0,5.0,False,main,False
3452,5,5,10.884581938730761,1.1154180612692395,0.9070484948942301,0.9932578332491375,5.0,4.0,False,main,False
3452,6,6,11.884581938730761,1.1154180612692395,0.914198610671597,0.9938207342389548,4.0,3.0,False,main,False
3452,7,7,12.884581938730761,1.1154180612692395,0.9203272813379115,0.9942968799568966,2.0,2.0,False,main,False
3452,8,8,13.884581938730761,1.1154180612692395,0.9256387959153841,0.994704892700363,1.0,1.0,False,main,False
3452,9,9,14.884581938730761,1.1154180612692395,0.9302863711706726,0.9950584206485751,-1.0,-1.0,True,main,False
7877,1,1,6.855962682851163,1.144037317148837,0.8569953353563954,0.988478260231209,14.0,8.0,False,main,True
7877,2,2,7.855962682851163,1.144037317148837,0.8728847425390182,0.989924869889474,11.0,7.0,False,main,False
7877,3,3,8.855962682851164,1.144037317148837,0.8855962682851164,0.9910486913729157,9.0,6.0,False,main,False
7877,4,4,9.855962682851164,1.144037317148837,0.895996607531924,0.9919469312727673,7.0,5.0,False,main,False
7877,5,5,10.855962682851164,1.144037317148837,0.9046635569042637,0.9926813217545224,5.0,4.0,False,main,False
7877,6,6,11.855962682851164,1.144037317148837,0.9119971294500895,0.9932929513988502,4.0,3.0,False,main,False
7877,7,7,12.855962682851164,1.144037317148837,0.9182830487750832,0.9938102292217382,2.0,2.0,False,main,False
7877,8,8,13.855962682851164,1.144037317148837,0.9237308455234109,0.9942534256684693,1.0,1.0,False,main,False
7877,9,9,14.855962682851164,1.144037317148837,0.9284976676781977,0.9946373923976309,-1.0,-1.0,True,main,False
4585,1,1,6.69517885176193,1.3048211482380703,0.8368973564702412,0.9826819585277903,15.0,8.0,False,main,True
3901,1,1,6.652096107198404,1.3479038928015958,0.8315120133998005,0.9809463577658936,15.0,8.0,False,main,True
6185,0,1,5.833461929839806,2.166538070160194,0.7291827412299757,0.9357703143704982,32.0,13.0,False,main,True
9251,1,1,6.61670618458922,1.3832938154107801,0.8270882730736525,0.9794655556473759,16.0,8.0,False,main,True
11523,1,1,6.944487271768069,1.0555127282319312,0.8680609089710086,0.9911858019125891,13.0,8.0,False,main,True
11523,2,2,7.944487271768069,1.0555127282319312,0.8827208079742299,0.9922873185307994,11.0,7.0,False,main,False
11523,3,3,8.944487271768068,1.0555127282319312,0.8944487271768068,0.9931440908057902,9.0,6.0,False,main,False
11523,4,4,9.944487271768068,1.0555127282319312,0.9040442974334607,0.9938295353769919,7.0,5.0,False,main,False
11523,5,5,10.944487271768068,1.0555127282319312,0.9120406059806724,0.9943903731197712,5.0,4.0,False,main,False
11523,6,6,11.944487271768068,1.0555127282319312,0.9188067132129283,0.994857752275191,4.0,3.0,False,main,False
11523,7,7,12.944487271768068,1.0555127282319312,0.9246062336977191,0.9952532377347082,2.0,2.0,False,main,False
11523,8,8,13.944487271768068,1.0555127282319312,0.9296324847845379,0.9955922335046036,1.0,1.0,False,main,False
11523,9,9,14.944487271768068,1.0555127282319312,0.9340304544855043,0.9958860362167712,-1.0,-1.0,True,main,False
3168,1,1,6.760260252684487,1.2397397473155127,0.8450325315855609,0.985160195078578,14.0,8.0,False,main,True
3168,2,2,7.760260252684487,1.2397397473155127,0.8622511391871652,0.9870326300933527,12.0,7.0,False,main,False
3168,3,3,8.760260252684487,1.2397397473155127,0.8760260252684487,0.988485371084465,9.0,6.0,False,main,False
3168,4,4,9.760260252684487,1.2397397473155127,0.8872963866076806,0.9896453343834273,7.0,5.0,False,main,False
3168,5,5,10.760260252684487,1.2397397473155127,0.896688354390374,0.9905929403937258,5.0,4.0,False,main,False
3168,6,6,11.760260252684487,1.2397397473155127,0.9046354040526529,0.9913816224970182,4.0,3.0,False,main,False
3168,7,7,12.760260252684487,1.2397397473155127,0.9114471609060348,0.9920482724772174,2.0,2.0,False,main,False
3168,8,8,13.760260252684487,1.2397397473155127,0.9173506835122992,0.9926191824678489,1.0,1.0,False,main,False
3168,9,9,14.760260252684487,1.2397397473155127,0.9225162657927805,0.9931135970271344,-1.0,-1.0,True,main,False
7793,1,1,6.630837150254503,1.3691628497454973,0.8288546437818128,0.9800627181809551,15.0,8.0,False,main,True
7793,2,2,7.630837150254503,1.3691628497454973,0.8478707944727225,0.9825948188354018,12.0,7.0,False,main,False
7793,3,3,8.630837150254504,1.3691628497454973,0.8630837150254503,0.9845559563576024,10.0,6.0,False,main,False
7793,4,4,9.630837150254504,1.3691628497454973,0.8755306500231367,0.9861197502399665,8.0,5.0,False,main,False
7793,5,5,10.630837150254504,1.3691628497454973,0.885903095854542,0.9873958853099561,6.0,4.0,False,main,False
7793,6,6,11.630837150254504,1.3691628497454973,0.8946797807888079,0.988457067585374,4.0,3.0,False,main,False
7793,7,7,12.630837150254504,1.3691628497454973,0.9022026535896074,0.9893533998358678,2.0,2.0,False,main,False
7793,8,8,13.630837150254504,1.3691628497454973,0.9087224766836336,0.9901205335012526,1.0,1.0,False,main,False
7793,9,9,14.630837150254504,1.3691628497454973,0.9144273218909065,0.9907845293946592,-1.0,-1.0,True,main,False
6433,1,1,6.694336344447359,1.3056636555526404,0.8367920430559199,0.9826487346464557,15.0,8.0,False,main,True
9753,1,1,6.907390141794032,1.092609858205968,0.863423767724254,0.9900945646305638,13.0,8.0,False,main,True
9753,2,2,7.907390141794032,1.092609858205968,0.8785989046437813,0.9913348894570818,11.0,7.0,False,main,False
9753,3,3,8.907390141794032,1.092609858205968,0.8907390141794032,0.9922991348693695,9.0,6.0,False,main,False
9753,4,4,9.907390141794032,1.092609858205968,0.9006718310721847,0.9930702534408884,7.0,5.0,False,main,False
9753,5,5,10.907390141794032,1.092609858205968,0.908949178482836,0.9937009885646138,5.0,4.0,False,main,False
9753,6,6,11.907390141794032,1.092609858205968,0.9159530878303102,0.9942264793668919,4.0,3.0,False,main,False
9753,7,7,12.907390141794032,1.092609858205968,0.9219564386995737,0.994671040122027,2.0,2.0,False,main,False
9753,8,8,13.907390141794032,1.092609858205968,0.9271593427862688,0.9950520306820965,1.0,1.0,False,main,False
9753,9,9,14.907390141794032,1.092609858205968,0.931711883862127,0.9953821770314759,-1.0,-1.0,True,main,False
8979,0,1,5.624464445204796,2.3755355547952037,0.7030580556505995,0.9211203529049046,37.0,14.0,False,main,True
9649,1,1,6.762247523787905,1.2377524762120946,0.8452809404734881,0.9852330923637574,14.0,8.0,False,main,True
9649,2,2,7.762247523787905,1.2377524762120946,0.862471947087545,0.9870961402111211,12.0,7.0,False,main,False
9649,3,3,8.762247523787906,1.2377524762120946,0.8762247523787906,0.9885416369123493,9.0,6.0,False,main,False
9649,4,4,9.762247523787906,1.2377524762120946,0.8874770476170823,0.9896958399571166,7.0,5.0,False,main,False
9649,5,5,10.762247523787906,1.2377524762120946,0.8968539603156588,0.9906387559634353,5.0,4.0,False,main,False
9649,6,6,11.762247523787906,1.2377524762120946,0.9047882710606081,0.9914235453147483,4.0,3.0,False,main,False
9649,7,7,12.762247523787906,1.2377524762120946,0.9115891088419933,0.9920869123885777,2.0,2.0,False,main,False
9649,8,8,13.762247523787906,1.2377524762120946,0.9174831682525271,0.992655016392011,1.0,1.0,False,main,False
9649,9,9,14.762247523787906,1.2377524762120946,0.9226404702367441,0.993147004977952,-1.0,-1.0,True,main,False
7986,0,1,5.629939673981919,2.37006032601808,0.7037424592477399,0.921518081985178,36.0,14.0,False,main,True
7986,0,2,5.629939673981919,3.37006032601808,0.6255488526646578,0.8604045354306643,63.0,20.0,False,main,False
7986,0,3,5.629939673981919,4.370060326018081,0.562993967398192,0.8019614063417158,104.0,27.0,False,main,True
7986,0,4,5.629939673981919,5.370060326018081,0.5118126976347199,0.7485433994484432,172.0,36.0,False,main,True
5396,1,1,6.616775150432168,1.3832248495678325,0.827096893804021,0.9794684889639995,16.0,8.0,False,main,True
5396,2,2,7.616775150432168,1.3832248495678325,0.8463083500480186,0.9820778853282675,12.0,7.0,False,main,True
5396,3,3,8.616775150432169,1.3832248495678325,0.8616775150432167,0.9840985102258792,10.0,6.0,False,main,False
5396,4,4,9.616775150432169,1.3832248495678325,0.8742522864029243,0.9857095052123426,8.0,5.0,False,main,False
5396,5,5,10.616775150432169,1.3832248495678325,0.8847312625360139,0.9870240069563454,6.0,4.0,False,main,False
5396,6,6,11.616775150432169,1.3832248495678325,0.8935980884947821,0.9881169904772608,4.0,3.0,False,main,False
5396,7,7,12.616775150432169,1.3832248495678325,0.9011982250308691,0.9890401115455498,2.0,2.0,False,main,False
5396,8,8,13.616775150432169,1.3832248495678325,0.9077850100288112,0.989830120454761,1.0,1.0,False,main,False
5396,9,9,14.616775150432169,1.3832248495678325,0.9135484469020105,0.9905138774656447,-1.0,-1.0,True,main,False
859,1,1,6.76073927962773,1.23926072037227,0.8450924099534662,0.9851777820296799,14.0,8.0,False,main,True
859,2,2,7.76073927962773,1.23926072037227,0.8623043644030811,0.9870479522023018,12.0,7.0,False,main,False
859,3,3,8.76073927962773,1.23926072037227,0.876073927962773,0.9884989453896447,9.0,6.0,False,main,False
859,4,4,9.76073927962773,1.23926072037227,0.8873399345116119,0.989657518948926,7.0,5.0,False,main,False
859,5,5,10.76073927962773,1.23926072037227,0.8967282733023109,0.9906039934424226,5.0,4.0,False,main,False
859,6,6,11.76073927962773,1.23926072037227,0.9046722522790561,0.9913917363820982,4.0,3.0,False,main,False
859,7,7,12.76073927962773,1.23926072037227,0.9114813771162664,0.9920575943347161,2.0,2.0,False,main,False
859,8,8,13.76073927962773,1.23926072037227,0.9173826186418487,0.992627827361928,1.0,1.0,False,main,False
859,9,9,14.76073927962773,1.23926072037227,0.9225462049767331,0.9931216566413525,-1.0,-1.0,True,main,False
7366,1,1,6.753776177002998,1.2462238229970022,0.8442220221253748,0.9849211887802798,14.0,8.0,False,main,True
1007,1,1,6.934319486637903,1.0656805133620968,0.8667899358297378,0.9908930156331464,13.0,8.0,False,main,True
1007,2,2,7.934319486637903,1.0656805133620968,0.8815910540708781,0.9920317371824225,11.0,7.0,False,main,False
1007,3,3,8.934319486637904,1.0656805133620968,0.8934319486637904,0.9929173234428144,9.0,6.0,False,main,False
1007,4,4,9.934319486637904,1.0656805133620968,0.9031199533307185,0.9936257424155786,7.0,5.0,False,main,False
1007,5,5,10.934319486637904,1.0656805133620968,0.9111932905531587,0.9942053270574701,5.0,4.0,False,main,False
1007,6,6,11.934319486637904,1.0656805133620968,0.9180245758952233,0.9946882942612337,4.0,3.0,False,main,False
1007,7,7,12.934319486637904,1.0656805133620968,0.9238799633312789,0.9950969453462074,2.0,2.0,False,main,False
1007,8,8,13.934319486637904,1.0656805133620968,0.928954632442527,0.9954472083238117,1.0,1.0,False,main,False
1007,9,9,14.934319486637904,1.0656805133620968,0.933394967914869,0.9957507628529286,-1.0,-1.0,True,main,False
1167,0,1,5.8246711584336754,2.1753288415663246,0.7280838948042094,0.9351766501395454,32.0,13.0,False,main,True
7599,1,1,6.664055001111229,1.3359449988887713,0.8330068751389036,0.9814355784235783,15.0,8.0,False,main,True
2816,1,1,6.627717098302966,1.3722829016970337,0.8284646372878708,0.9799315376380271,15.0,8.0,False,main,True
5010,1,1,6.604702671321369,1.395297328678631,0.8255878339151711,0.9789522046419452,16.0,8.0,False,main,True
4139,0,1,5.66253709829186,2.3374629017081396,0.7078171372864825,0.9238708006889235,36.0,14.0,False,main,True
1090,1,1,6.659361881100593,1.3406381188994068,0.8324202351375741,0.9812442679548765,15.0,8.0,False,main,True
1165,1,1,6.770652042458474,1.2293479575415258,0.8463315053073093,0.9855395426891167,14.0,8.0,False,main,True
417,1,1,6.64212138568157,1.3578786143184298,0.8302651732101962,0.9805339701305921,15.0,8.0,False,main,True
5705,1,1,6.607842072198133,1.3921579278018679,0.8259802590247666,0.9790870046453969,16.0,8.0,False,main,True
12090,1,1,6.5937424176388895,1.4062575823611103,0.8242178022048612,0.9784786167880797,16.0,8.0,False,main,True
1220,1,1,6.590920441580696,1.4090795584193034,0.823865055197587,0.9783559340844904,16.0,8.0,False,main,True
1220,2,2,7.590920441580696,1.4090795584193034,0.8434356046200774,0.9811102593332487,13.0,7.0,False,main,False
1220,3,3,8.590920441580696,1.4090795584193034,0.8590920441580696,0.9832423779893025,10.0,6.0,False,main,False
1220,4,4,9.590920441580696,1.4090795584193034,0.8719018583255178,0.9849418120896366,8.0,5.0,False,main,False
1220,5,5,10.590920441580696,1.4090795584193034,0.882576703465058,0.9863281826645615,6.0,4.0,False,main,False
1220,6,6,11.590920441580696,1.4090795584193034,0.8916092647369767,0.9874807248098,4.0,3.0,False,main,False
1220,7,7,12.590920441580696,1.4090795584193034,0.8993514601129069,0.9884540088132633,2.0,2.0,False,main,False
1220,8,8,13.590920441580696,1.4090795584193034,0.9060613627720464,0.9892868464571751,1.0,1.0,False,main,False
1220,9,9,14.590920441580696,1.4090795584193034,0.9119325275987935,0.9900075973504947,-1.0,-1.0,True,main,False
4301,1,1,6.908371481971073,1.0916285180289274,0.8635464352463841,0.9901242443222461,13.0,8.0,False,main,True
10591,1,1,6.642973566307106,1.357026433692894,0.8303716957883882,0.980569355535887,15.0,8.0,False,main,True
10591,2,2,7.642973566307106,1.357026433692894,0.8492192851452339,0.9830356171138261,12.0,7.0,False,main,False
10591,3,3,8.642973566307106,1.357026433692894,0.8642973566307106,0.9849460710927371,10.0,6.0,False,main,False
10591,4,4,9.642973566307106,1.357026433692894,0.8766339605733733,0.9864696412935328,8.0,5.0,False,main,False
10591,5,5,10.642973566307106,1.357026433692894,0.8869144638589255,0.9877130759546895,6.0,4.0,False,main,False
10591,6,6,11.642973566307106,1.357026433692894,0.8956133512543928,0.9887471501032551,4.0,3.0,False,main,False
10591,7,7,12.642973566307106,1.357026433692894,0.9030695404505076,0.9896206444830147,2.0,2.0,False,main,False
10591,8,8,13.642973566307106,1.357026433692894,0.9095315710871403,0.9903682748932903,1.0,1.0,False,main,False
10591,9,9,14.642973566307106,1.357026433692894,0.9151858478941941,0.9910154213097866,-1.0,-1.0,True,main,False
11973,1,1,6.7101860150961645,1.2898139849038355,0.8387732518870206,0.9832689148128656,15.0,8.0,False,main,True
11973,2,2,7.7101860150961645,1.2898139849038355,0.856687335010685,0.9853853668145176,12.0,7.0,False,main,False
11973,3,3,8.710186015096165,1.2898139849038355,0.8710186015096164,0.9870263226205132,10.0,6.0,False,main,False
11973,4,4,9.710186015096165,1.2898139849038355,0.8827441831905604,0.9883358832955704,7.0,5.0,False,main,False
11973,5,5,10.710186015096165,1.2898139849038355,0.8925155012580137,0.9894052524368151,6.0,4.0,False,main,False
11973,6,6,11.710186015096165,1.2898139849038355,0.9007835396227819,0.9902949727205312,4.0,3.0,False,main,False
11973,7,7,12.710186015096165,1.2898139849038355,0.9078704296497261,0.9910468135171331,2.0,2.0,False,main,False
11973,8,8,13.710186015096165,1.2898139849038355,0.914012401006411,0.9916905249947576,1.0,1.0,False,main,False
11973,9,9,14.710186015096165,1.2898139849038355,0.9193866259435103,0.9922478716842608,-1.0,-1.0,True,main,False
12132,1,1,6.737110869931916,1.2628891300680842,0.8421388587414895,0.9842988109926354,15.0,8.0,False,main,True
1681,1,1,6.60584871129971,1.3941512887002903,0.8257310889124637,0.9790014575374039,16.0,8.0,False,main,True
11618,1,1,6.718227560435666,1.2817724395643344,0.8397784450544582,0.9835796416534794,15.0,8.0,False,main,True
10348,0,1,5.7826181210989835,2.217381878901017,0.7228272651373729,0.9323087750459633,33.0,14.0,False,main,True
10348,0,2,5.7826181210989835,3.217381878901017,0.6425131245665537,0.8724212731532345,56.0,19.0,False,main,False
10348,0,3,5.7826181210989835,4.217381878901017,0.5782618121098984,0.8142313094581299,92.0,26.0,False,main,False
10348,0,4,5.7826181210989835,5.217381878901017,0.525692556463544,0.760656354458635,150.0,34.0,False,main,True
10348,0,5,5.7826181210989835,6.217381878901017,0.4818848434249153,0.7122604705282873,244.0,45.0,False,main,True
10116,1,1,6.8781087356175,1.1218912643824999,0.8597635919521875,0.9891888697264677,13.0,8.0,False,main,True
10116,2,2,7.8781087356175,1.1218912643824999,0.8753454150686112,0.990544688406158,11.0,7.0,False,main,False
10116,3,3,8.8781087356175,1.1218912643824999,0.88781087356175,0.991598296680577,9.0,6.0,False,main,False
10116,4,4,9.8781087356175,1.1218912643824999,0.8980098850561364,0.9924406158348521,7.0,5.0,False,main,False
10116,5,5,10.8781087356175,1.1218912643824999,0.9065090613014584,0.9931294163599246,5.0,4.0,False,main,False
10116,6,6,11.8781087356175,1.1218912643824999,0.9137006719705769,0.9937031657021671,4.0,3.0,False,main,False
10116,7,7,12.8781087356175,1.1218912643824999,0.9198649096869643,0.9941884694278497,2.0,2.0,False,main,False
10116,8,8,13.8781087356175,1.1218912643824999,0.9252072490411667,0.994604316396152,1.0,1.0,False,main,False
10116,9,9,14.8781087356175,1.1218912643824999,0.9298817959760938,0.9949646224949004,-1.0,-1.0,True,main,False
10525,0,1,5.690191216418028,2.3098087835819725,0.7112739020522535,0.92584616334022,35.0,14.0,False,main,True
10525,0,2,5.690191216418028,3.3098087835819725,0.632243468490892,0.8651903240020097,60.0,20.0,False,main,False
10525,0,3,5.690191216418028,4.309808783581973,0.5690191216418028,0.806834446239868,99.0,27.0,False,main,False
10525,0,4,5.690191216418028,5.309808783581973,0.5172901105834571,0.7533472791882732,162.0,36.0,False,main,True
10525,0,5,5.690191216418028,6.309808783581973,0.474182601368169,0.7051512568894531,268.0,47.0,False,main,True
8207,1,1,6.745911315729955,1.2540886842700458,0.8432389144662443,0.9846289167287744,14.0,8.0,False,main,True
8207,2,2,7.745911315729955,1.2540886842700458,0.8606568128588838,0.9865698071558927,12.0,7.0,False,main,False
8207,3,3,8.745911315729956,1.2540886842700458,0.8745911315729954,0.9880753681178597,9.0,6.0,False,main,False
8207,4,4,9.745911315729956,1.2540886842700458,0.8859919377936322,0.9892773256080766,7.0,5.0,False,main,False
8207,5,5,10.745911315729956,1.2540886842700458,0.8954926096441628,0.9902591198943924,5.0,4.0,False,main,False
8207,6,6,11.745911315729956,1.2540886842700458,0.9035316396715349,0.9910761763014242,4.0,3.0,False,main,False
8207,7,7,12.745911315729956,1.2540886842700458,0.9104222368378538,0.9917667537903075,2.0,2.0,False,main,False
8207,8,8,13.745911315729956,1.2540886842700458,0.9163940877153303,0.9923581140857118,1.0,1.0,False,main,False
8207,9,9,14.745911315729956,1.2540886842700458,0.9216194572331222,0.9928702085058515,-1.0,-1.0,True,main,False
7955,1,1,6.612485979113135,1.387514020886865,0.8265607473891419,0.9792857069749402,16.0,8.0,False,main,True
7955,2,2,7.612485979113135,1.387514020886865,0.845831775457015,0.9819188949909086,13.0,7.0,False,main,False
7955,3,3,8.612485979113135,1.387514020886865,0.8612485979113135,0.9839578267714697,10.0,6.0,False,main,False
7955,4,4,9.612485979113135,1.387514020886865,0.8738623617375577,0.9855833455685805,8.0,5.0,False,main,False
7955,5,5,10.612485979113135,1.387514020886865,0.8843738315927613,0.98690965144538,6.0,4.0,False,main,False
7955,6,6,11.612485979113135,1.387514020886865,0.8932681522394719,0.9880124182509035,4.0,3.0,False,main,False
7955,7,7,12.612485979113135,1.387514020886865,0.9008918556509382,0.9889437799696306,2.0,2.0,False,main,False
7955,8,8,13.612485979113135,1.387514020886865,0.907499065274209,0.9897408252091383,1.0,1.0,False,main,False
7955,9,9,14.612485979113135,1.387514020886865,0.9132803736945709,0.9904306603299556,-1.0,-1.0,True,main,False
11095,1,1,6.805000572670386,1.1949994273296136,0.8506250715837983,0.9867606945354974,14.0,8.0,False,main,True
11095,2,2,7.805000572670386,1.1949994273296136,0.8672222858522651,0.9884273517116857,11.0,7.0,False,main,False
11095,3,3,8.805000572670387,1.1949994273296136,0.8805000572670387,0.9897212222726012,9.0,6.0,False,main,False
11095,4,4,9.805000572670387,1.1949994273296136,0.8913636884245807,0.9907548194772235,7.0,5.0,False,main,False
11095,5,5,10.805000572670387,1.1949994273296136,0.9004167143891989,0.991599511372162,5.0,4.0,False,main,False
11095,6,6,11.805000572670387,1.1949994273296136,0.9080769671284913,0.9923027555986772,4.0,3.0,False,main,False
11095,7,7,12.805000572670387,1.1949994273296136,0.9146428980478848,0.992897339874188,2.0,2.0,False,main,False
11095,8,8,13.805000572670387,1.1949994273296136,0.9203333715113592,0.993406644243428,1.0,1.0,False,main,False
11095,9,9,14.805000572670387,1.1949994273296136,0.9253125357918992,0.9938477896399667,-1.0,-1.0,True,main,False
7015,1,1,6.730252075017213,1.2697479249827872,0.8412815093771516,0.9840393016772259,15.0,8.0,False,main,True
4179,0,1,5.816250846140073,2.183749153859927,0.7270313557675091,0.9346061032646206,32.0,14.0,False,main,True
7747,0,1,5.611015812525449,2.3889841874745508,0.7013769765656811,0.9201403228116726,37.0,14.0,False,main,True
7747,0,2,5.611015812525449,3.3889841874745508,0.6234462013917166,0.8588897959368674,64.0,20.0,False,main,False
7747,0,3,5.611015812525449,4.38898418747455,0.5611015812525448,0.8004225839055674,106.0,27.0,False,main,True
7747,0,4,5.611015812525449,5.38898418747455,0.5100923465932227,0.7470282094867173,175.0,37.0,False,main,True
4002,0,1,5.79889004679265,2.20110995320735,0.7248612558490812,0.9334239192932049,32.0,14.0,False,main,True
6763,1,1,6.613142570694266,1.386857429305734,0.8266428213367832,0.9793137337011795,16.0,8.0,False,main,True
8262,1,1,6.692662088605151,1.307337911394849,0.8365827610756439,0.9825826256232815,15.0,8.0,False,main,True
8262,2,2,7.692662088605151,1.307337911394849,0.854740232067239,0.9847878430966422,12.0,7.0,False,main,False
8262,3,3,8.69266208860515,1.307337911394849,0.869266208860515,0.9864972195003046,10.0,6.0,False,main,False
8262,4,4,9.69266208860515,1.307337911394849,0.8811510989641046,0.9878611343052734,7.0,5.0,False,main,False
8262,5,5,10.69266208860515,1.307337911394849,0.8910551740504292,0.9889747262117264,6.0,4.0,False,main,False
8262,6,6,11.69266208860515,1.307337911394849,0.8994355452773193,0.9899011299550963,4.0,3.0,False,main,False
8262,7,7,12.69266208860515,1.307337911394849,0.9066187206146535,0.9906838919941491,2.0,2.0,False,main,False
8262,8,8,13.69266208860515,1.307337911394849,0.9128441392403434,0.9913540216389339,1.0,1.0,False,main,False
8262,9,9,14.69266208860515,1.307337911394849,0.9182913805378219,0.9919342005367875,-1.0,-1.0,True,main,False
3237,0,1,5.744546845462999,2.255453154537001,0.7180683556828749,0.9296730568702504,34.0,14.0,False,main,True
11538,1,1,6.703442212709569,1.2965577872904306,0.8379302765886961,0.983006289848003,15.0,8.0,False,main,True
11538,2,2,7.703442212709569,1.2965577872904306,0.8559380236343965,0.9851566965853478,12.0,7.0,False,main,False
11538,3,3,8.703442212709568,1.2965577872904306,0.870344221270957,0.9868238275953564,10.0,6.0,False,main,False
11538,4,4,9.703442212709568,1.2965577872904306,0.8821311102463245,0.9881541838932438,7.0,5.0,False,main,False
11538,5,5,10.703442212709568,1.2965577872904306,0.8919535177257975,0.989240473566682,6.0,4.0,False,main,False
11538,6,6,11.703442212709568,1.2965577872904306,0.9002647855930438,0.9901442304462916,4.0,3.0,False,main,False
11538,7,7,12.703442212709568,1.2965577872904306,0.907388729479255,0.9909079035067823,2.0,2.0,False,main,False
11538,8,8,13.703442212709568,1.2965577872904306,0.913562814180638,0.9915617244907917,1.0,1.0,False,main,False
11538,9,9,14.703442212709568,1.2965577872904306,0.9189651382943481,0.9921278087199913,-1.0,-1.0,True,main,False
1491,1,1,6.807908040725463,1.1920919592745367,0.8509885050906829,0.98686173308677,14.0,8.0,False,main,True
1491,2,2,7.807908040725463,1.1920919592745367,0.8675453378583848,0.988515422742037,11.0,7.0,False,main,False
1491,3,3,8.807908040725463,1.1920919592745367,0.8807908040725463,0.9897992769547899,9.0,6.0,False,main,False
1491,4,4,9.807908040725463,1.1920919592745367,0.8916280037023149,0.990824904169553,7.0,5.0,False,main,False
1491,5,5,10.807908040725463,1.1920919592745367,0.9006590033937886,0.9916631032903533,5.0,4.0,False,main,False
1491,6,6,11.807908040725463,1.1920919592745367,0.9083006185173433,0.9923609560084229,4.0,3.0,False,main,False
1491,7,7,12.807908040725463,1.1920919592745367,0.9148505743375331,0.9929509917093484,2.0,2.0,False,main,False
1491,8,8,13.807908040725463,1.1920919592745367,0.9205272027150309,0.9934564070571227,1.0,1.0,False,main,False
1491,9,9,14.807908040725463,1.1920919592745367,0.9254942525453415,0.9938941892079922,-1.0,-1.0,True,main,False
7618,1,1,6.756832612753637,1.2431673872463624,0.8446040765942047,0.9850340709427884,14.0,8.0,False,main,True
7618,2,2,7.756832612753637,1.2431673872463624,0.8618702903059597,0.9869227505290463,12.0,7.0,False,main,False
7618,3,3,8.756832612753637,1.2431673872463624,0.8756832612753638,0.9883880271474489,9.0,6.0,False,main,False
7618,4,4,9.756832612753637,1.2431673872463624,0.8869847829776034,0.9895579576604496,7.0,5.0,False,main,False
7618,5,5,10.756832612753637,1.2431673872463624,0.8964027177294698,0.9905136787156736,5.0,4.0,False,main,False
7618,6,6,11.756832612753637,1.2431673872463624,0.9043717394425875,0.9913090962082569,4.0,3.0,False,main,False
7618,7,7,12.756832612753637,1.2431673872463624,0.9112023294824027,0.991981426271762,2.0,2.0,False,main,False
7618,8,8,13.756832612753637,1.2431673872463624,0.9171221741835758,0.9925571910882756,1.0,1.0,False,main,False
7618,9,9,14.756832612753637,1.2431673872463624,0.9223020382971023,0.9930558029180241,-1.0,-1.0,True,main,False
11287,1,1,6.588771007548432,1.4112289924515684,0.823596375943554,0.9782622850743781,16.0,8.0,False,main,True
11287,2,2,7.588771007548432,1.4112289924515684,0.8431967786164924,0.9810288220539457,13.0,7.0,False,main,True
11287,3,3,8.58877100754843,1.4112289924515684,0.858877100754843,0.9831703325676661,10.0,6.0,False,main,False
11287,4,4,9.58877100754843,1.4112289924515684,0.8717064552316756,0.9848772148823913,8.0,5.0,False,main,False
11287,5,5,10.58877100754843,1.4112289924515684,0.8823975839623692,0.9862696371181244,6.0,4.0,False,main,False
11287,6,6,11.58877100754843,1.4112289924515684,0.8914439236575716,0.9874271936609007,4.0,3.0,False,main,False
11287,7,7,12.58877100754843,1.4112289924515684,0.8991979291106021,0.9884047005318697,2.0,2.0,False,main,False
11287,8,8,13.58877100754843,1.4112289924515684,0.9059180671698954,0.989241143281676,1.0,1.0,False,main,False
11287,9,9,14.58877100754843,1.4112289924515684,0.9117981879717769,0.9899650078772826,-1.0,-1.0,True,main,False
1327,0,1,5.624483212326781,2.3755167876732197,0.7030604015408476,0.9211217174271225,37.0,14.0,False,main,True
9465,1,1,6.630849088978467,1.3691509110215336,0.8288561361223084,0.9800632194053728,15.0,8.0,False,main,True
9465,2,2,7.630849088978467,1.3691509110215336,0.8478721209976074,0.982595254895422,12.0,7.0,False,main,False
9465,3,3,8.630849088978467,1.3691509110215336,0.8630849088978467,0.9845563422595224,10.0,6.0,False,main,False
9465,4,4,9.630849088978467,1.3691509110215336,0.8755317353616788,0.9861200963389122,8.0,5.0,False,main,False
9465,5,5,10.630849088978467,1.3691509110215336,0.8859040907482055,0.9873961990528999,6.0,4.0,False,main,False
9465,6,6,11.630849088978467,1.3691509110215336,0.8946806991521897,0.9884573545073061,4.0,3.0,False,main,False
9465,7,7,12.630849088978467,1.3691509110215336,0.9022035063556048,0.989353664162938,2.0,2.0,False,main,False
9465,8,8,13.630849088978467,1.3691509110215336,0.9087232725985644,0.9901207785334011,1.0,1.0,False,main,False
9465,9,9,14.630849088978467,1.3691509110215336,0.9144280680611542,0.9907847577579115,-1.0,-1.0,True,main,False
2893,1,1,6.714902140969421,1.2850978590305786,0.8393627676211777,0.9834514688797568,15.0,8.0,False,main,True
10062,0,1,5.662919033690179,2.3370809663098213,0.7078648792112724,0.9238982118364953,36.0,14.0,False,main,True
10062,0,2,5.662919033690179,3.3370809663098213,0.6292132259655755,0.863031084003439,61.0,20.0,False,main,False
10062,0,3,5.662919033690179,4.337080966309822,0.5662919033690179,0.8046337045021463,101.0,27.0,False,main,False
10062,0,4,5.662919033690179,5.337080966309822,0.5148108212445618,0.7511766892742535,166.0,36.0,False,main,True
10062,0,5,5.662919033690179,6.337080966309822,0.4719099194741816,0.7030423418305478,275.0,47.0,False,main,True
8400,1,1,6.710632719049354,1.2893672809506458,0.8388290898811692,0.9832862451529479,15.0,8.0,False,main,True
8400,2,2,7.710632719049354,1.2893672809506458,0.8567369687832616,0.9854004571101778,12.0,7.0,False,main,False
8400,3,3,8.710632719049354,1.2893672809506458,0.8710632719049354,0.9870396859750031,10.0,6.0,False,main,False
8400,4,4,9.710632719049354,1.2893672809506458,0.8827847926408503,0.9883478745573672,7.0,5.0,False,main,False
8400,5,5,10.710632719049354,1.2893672809506458,0.8925527265874461,0.9894161272347971,6.0,4.0,False,main,False
8400,6,6,11.710632719049354,1.2893672809506458,0.9008179014653349,0.9903049213116681,4.0,3.0,False,main,False
8400,7,7,12.710632719049354,1.2893672809506458,0.9079023370749538,0.9910559813313914,2.0,2.0,False,main,False
8400,8,8,13.710632719049354,1.2893672809506458,0.914042181269957,0.9916990256952064,1.0,1.0,False,main,False
8400,9,9,14.710632719049354,1.2893672809506458,0.9194145449405846,0.9922557957929361,-1.0,-1.0,True,main,False
484,0,1,5.755195876822796,2.244804123177204,0.7193994846028495,0.9304140391054789,33.0,14.0,False,main,True
2410,1,1,6.621659923033245,1.3783400769667549,0.8277074903791556,0.9796757822302435,16.0,8.0,False,main,True
230,1,1,6.846592135408405,1.1534078645915953,0.8558240169260506,0.9881710101729569,14.0,8.0,False,main,True
529,1,1,6.625016318354397,1.3749836816456031,0.8281270397942996,0.9798176779436236,16.0,8.0,False,main,True
529,2,2,7.625016318354397,1.3749836816456031,0.8472240353727107,0.9823816431621709,12.0,7.0,False,main,True
529,3,3,8.625016318354398,1.3749836816456031,0.8625016318354397,0.9843673059273441,10.0,6.0,False,main,False
529,4,4,9.625016318354398,1.3749836816456031,0.8750014834867634,0.9859505609495057,8.0,5.0,False,main,False
529,5,5,10.625016318354398,1.3749836816456031,0.8854180265295332,0.9872425154974203,6.0,4.0,False,main,False
529,6,6,11.625016318354398,1.3749836816456031,0.8942320244887998,0.9883168107074028,4.0,3.0,False,main,False
529,7,7,12.625016318354398,1.3749836816456031,0.901786879882457,0.9892241894409847,2.0,2.0,False,main,False
529,8,8,13.625016318354398,1.3749836816456031,0.9083344212236265,0.9900007560797252,1.0,1.0,False,main,False
529,9,9,14.625016318354398,1.3749836816456031,0.9140635198971498,0.9906729009850466,-1.0,-1.0,True,main,False
5086,1,1,6.653792018836976,1.3462079811630248,0.831724002354622,0.9810160807667258,15.0,8.0,False,main,True
5626,1,1,6.741396839091665,1.2586031609083346,0.8426746048864582,0.9844599817008698,14.0,8.0,False,main,True
9528,0,1,5.663952577286895,2.336047422713105,0.7079940721608619,0.9239723702201161,36.0,14.0,False,main,True
9528,0,2,5.663952577286895,3.336047422713105,0.6293280641429884,0.8631131247750642,61.0,20.0,False,main,False
9528,0,3,5.663952577286895,4.336047422713105,0.5663952577286895,0.8047172572272088,101.0,27.0,False,main,True
9528,0,4,5.663952577286895,5.336047422713105,0.514904779753354,0.7512590644515077,166.0,36.0,False,main,True
6283,1,1,6.830383465131354,1.1696165348686458,0.8537979331414193,0.9876303941539393,14.0,8.0,False,main,True
6283,2,2,7.830383465131354,1.1696165348686458,0.8700426072368171,0.9891855246533973,11.0,7.0,False,main,False
6283,3,3,8.830383465131355,1.1696165348686458,0.8830383465131355,0.9903932308195322,9.0,6.0,False,main,False
6283,4,4,9.830383465131355,1.1696165348686458,0.8936712241028505,0.9913582553613322,7.0,5.0,False,main,False
6283,5,5,10.830383465131355,1.1696165348686458,0.9025319554276129,0.9921470766751285,5.0,4.0,False,main,False
6283,6,6,11.830383465131355,1.1696165348686458,0.9100294973177966,0.9928039215561374,4.0,3.0,False,main,False
6283,7,7,12.830383465131355,1.1696165348686458,0.9164559617950968,0.9933593571305797,2.0,2.0,False,main,False
6283,8,8,13.830383465131355,1.1696165348686458,0.9220255643420904,0.9938351868100181,1.0,1.0,False,main,False
6283,9,9,14.830383465131355,1.1696165348686458,0.9268989665707097,0.9942473811731791,-1.0,-1.0,True,main,False
4356,1,1,6.830842152733873,1.169157847266127,0.8538552690917341,0.9876458517428456,14.0,8.0,False,main,True
9808,0,1,5.67565433140069,2.3243456685993102,0.7094567914250862,0.9248101453031935,35.0,14.0,False,main,True
9808,0,2,5.67565433140069,3.3243456685993102,0.6306282590445211,0.8640408282268495,61.0,20.0,False,main,False
9808,0,3,5.67565433140069,4.32434566859931,0.567565433140069,0.8056624126765893,100.0,27.0,False,main,False
9808,0,4,5.67565433140069,5.32434566859931,0.5159685755818809,0.7521910790978054,165.0,36.0,False,main,False
9808,0,5,5.67565433140069,6.32434566859931,0.4729711942833908,0.7040277792205503,272.0,47.0,False,main,True
9808,0,6,5.67565433140069,7.32434566859931,0.43658879472313,0.6608702596434001,460.0,61.0,False,main,True
9808,0,7,5.67565433140069,8.32434566859931,0.405403880814335,0.6222064995523604,817.0,79.0,False,main,True
2718,1,1,6.762527483045732,1.2374725169542686,0.8453159353807165,0.9852433484694074,14.0,8.0,False,main,True
9289,1,1,6.847402703802376,1.1525972961976234,0.855925337975297,0.9881977414388725,14.0,8.0,False,main,True
9419,1,1,6.791436235723871,1.2085637642761289,0.8489295294654838,0.9862844964781684,14.0,8.0,False,main,True
11274,1,1,6.673773023129284,1.326226976870716,0.8342216278911605,0.9818289273988786,15.0,8.0,False,main,True
2431,1,1,6.601643189078372,1.3983568109216284,0.8252053986347965,0.9788204705295677,16.0,8.0,False,main,True
8144,1,1,6.640715460486968,1.3592845395130322,0.830089432560871,0.9804755288526005,15.0,8.0,False,main,True
8144,2,2,7.640715460486968,1.3592845395130322,0.8489683844985519,0.9829539790923699,12.0,7.0,False,main,False
8144,3,3,8.640715460486968,1.3592845395130322,0.8640715460486967,0.9848738169472766,10.0,6.0,False,main,False
8144,4,4,9.640715460486968,1.3592845395130322,0.8764286782260879,0.9864048349851962,8.0,5.0,False,main,False
8144,5,5,10.640715460486968,1.3592845395130322,0.886726288373914,0.9876543248360301,6.0,4.0,False,main,False
8144,6,6,11.640715460486968,1.3592845395130322,0.8954396508066899,0.9886934188882104,4.0,3.0,False,main,False
8144,7,7,12.640715460486968,1.3592845395130322,0.9029082471776405,0.9895711425741597,2.0,2.0,False,main,False
8144,8,8,13.640715460486968,1.3592845395130322,0.9093810306991312,0.9903223848824663,1.0,1.0,False,main,False
8144,9,9,14.640715460486968,1.3592845395130322,0.9150447162804355,0.9909726518226962,-1.0,-1.0,True,main,False
3522,0,1,5.606534363228791,2.3934656367712086,0.7008167954035989,0.9198127737972486,37.0,14.0,False,main,True
1653,0,1,5.734555513859551,2.2654444861404492,0.7168194392324438,0.9289752149915365,34.0,14.0,False,main,True
11243,1,1,6.6886033151463185,1.311396684853682,0.8360754143932898,0.9824218907399953,15.0,8.0,False,main,True
11243,2,2,7.6886033151463185,1.311396684853682,0.8542892572384798,0.9846479142820795,12.0,7.0,False,main,False
11243,3,3,8.688603315146318,1.311396684853682,0.8688603315146318,0.9863733245986716,10.0,6.0,False,main,False
11243,4,4,9.688603315146318,1.311396684853682,0.8807821195587562,0.9877499748239604,8.0,5.0,False,main,False
11243,5,5,10.688603315146318,1.311396684853682,0.8907169429288598,0.9888739269626335,6.0,4.0,False,main,False
11243,6,6,11.688603315146318,1.311396684853682,0.8991233319343321,0.9898089237569978,4.0,3.0,False,main,False
11243,7,7,12.688603315146318,1.311396684853682,0.906328808224737,0.9905989284121663,2.0,2.0,False,main,False
11243,8,8,13.688603315146318,1.311396684853682,0.9125735543430878,0.9912752454641636,1.0,1.0,False,main,False
11243,9,9,14.688603315146318,1.311396684853682,0.9180377071966449,0.9918607715586114,-1.0,-1.0,True,main,False
11329,0,1,5.6037243122696685,2.3962756877303315,0.7004655390337086,0.9196071388427591,37.0,14.0,False,main,True
7299,1,1,6.596603547188936,1.403396452811064,0.824575443398617,0.9786026901167838,16.0,8.0,False,main,True
10148,1,1,6.7455895056948325,1.2544104943051673,0.8431986882118541,0.9846169025439853,14.0,8.0,False,main,True
10148,2,2,7.7455895056948325,1.2544104943051673,0.8606210561883147,0.9865593418388464,12.0,7.0,False,main,False
10148,3,3,8.745589505694833,1.2544104943051673,0.8745589505694833,0.9880660977277936,9.0,6.0,False,main,False
10148,4,4,9.745589505694833,1.2544104943051673,0.8859626823358938,0.9892690051303118,7.0,5.0,False,main,False
10148,5,5,10.745589505694833,1.2544104943051673,0.895465792141236,0.9902515726891243,5.0,4.0,False,main,False
10148,6,6,11.745589505694833,1.2544104943051673,0.9035068850534487,0.9910692708210103,4.0,3.0,False,main,False
10148,7,7,12.745589505694833,1.2544104943051673,0.9103992504067737,0.9917603894313936,2.0,2.0,False,main,False
10148,8,8,13.745589505694833,1.2544104943051673,0.9163726337129888,0.992352212187536,1.0,1.0,False,main,False
10148,9,9,14.745589505694833,1.2544104943051673,0.921599344105927,0.9928647064004332,-1.0,-1.0,True,main,False
9690,0,1,5.62625429528685,2.3737457047131496,0.7032817869108563,0.921250450882422,37.0,14.0,False,main,True
9690,0,2,5.62625429528685,3.3737457047131496,0.6251393661429834,0.8601099770992233,63.0,20.0,False,main,False
9690,0,3,5.62625429528685,4.37374570471315,0.562625429528685,0.8016620345632451,105.0,27.0,False,main,True
9690,0,4,5.62625429528685,5.37374570471315,0.5114776632078954,0.748248558872945,172.0,36.0,False,main,True
1610,1,1,6.838786096204751,1.1612139037952494,0.8548482620255938,0.9879120947332678,14.0,8.0,False,main,True
10211,1,1,6.779668665691302,1.2203313343086983,0.8474585832114128,0.9858649813824373,14.0,8.0,False,main,True
10211,2,2,7.779668665691302,1.2203313343086983,0.8644076295212558,0.9876467174386891,11.0,7.0,False,main,False
10211,3,3,8.779668665691302,1.2203313343086983,0.8779668665691303,0.9890294518875099,9.0,6.0,False,main,False
10211,4,4,9.779668665691302,1.2203313343086983,0.8890607877901183,0.9901337424614847,7.0,5.0,False,main,False
10211,5,5,10.779668665691302,1.2203313343086983,0.8983057221409418,0.9910360148688321,5.0,4.0,False,main,False
10211,6,6,11.779668665691302,1.2203313343086983,0.906128358899331,0.9917870663488272,4.0,3.0,False,main,False
10211,7,7,12.779668665691302,1.2203313343086983,0.9128334761208073,0.9924219787018367,2.0,2.0,False,main,False
10211,8,8,13.779668665691302,1.2203313343086983,0.9186445777127534,0.9929657600511632,1.0,1.0,False,main,False
10211,9,9,14.779668665691302,1.2203313343086983,0.9237292916057064,0.9934367187719294,-1.0,-1.0,True,main,False
4078,1,1,6.71313485852734,1.2868651414726604,0.8391418573159175,0.9833831669794469,15.0,8.0,False,main,True
8028,0,1,5.758030829369504,2.2419691706304956,0.719753853671188,0.9306108133660209,33.0,14.0,False,main,True
8028,0,2,5.758030829369504,3.2419691706304956,0.6397812032632783,0.8705108752240862,57.0,19.0,False,main,False
8028,0,3,5.758030829369504,4.241969170630496,0.5758030829369505,0.8122729126017338,94.0,26.0,False,main,True
8028,0,4,5.758030829369504,5.241969170630496,0.5234573481245004,0.7587191189853032,153.0,35.0,False,main,True
12070,0,1,5.654672463542159,2.345327536457841,0.7068340579427699,0.9233055626453812,36.0,14.0,False,main,True
2265,1,1,6.59750569745717,1.4024943025428296,0.8246882121821463,0.9786417468743284,16.0,8.0,False,main,True
1459,1,1,6.616712186135257,1.3832878138647429,0.8270890232669071,0.9794658109178107,16.0,8.0,False,main,True
4534,1,1,6.602170355872817,1.3978296441271834,0.8252712944841021,0.9788431948031923,16.0,8.0,False,main,True
4926,1,1,6.706006423057163,1.293993576942837,0.8382508028821454,0.9831063673969653,15.0,8.0,False,main,True
4926,2,2,7.706006423057163,1.293993576942837,0.8562229358952403,0.9852438331432128,12.0,7.0,False,main,False
4926,3,3,8.706006423057163,1.293993576942837,0.8706006423057163,0.9869009885496743,10.0,6.0,False,main,False
4926,4,4,9.706006423057163,1.293993576942837,0.8823642202779239,0.9882234197047419,7.0,5.0,False,main,False
4926,5,5,10.706006423057163,1.293993576942837,0.8921672019214303,0.9893032611840219,6.0,4.0,False,main,False
4926,6,6,11.706006423057163,1.293993576942837,0.9004620325428587,0.9902016690110363,4.0,3.0,False,main,False
4926,7,7,12.706006423057163,1.293993576942837,0.907571887361226,0.9909608331213433,2.0,2.0,False,main,False
4926,8,8,13.706006423057163,1.293993576942837,0.9137337615371443,0.9916108017066001,1.0,1.0,False,main,False
4926,9,9,14.706006423057163,1.293993576942837,0.9191254014410727,0.9921735563895309,-1.0,-1.0,True,main,False
2859,0,1,5.864797942562617,2.135202057437383,0.7330997428203271,0.9378699218486062,31.0,13.0,False,main,True
7931,1,1,6.661186825483352,1.3388131745166478,0.832648353185419,0.9813187643112633,15.0,8.0,False,main,True
7931,2,2,7.661186825483352,1.3388131745166478,0.8512429806092613,0.9836877456349403,12.0,7.0,False,main,False
7931,3,3,8.661186825483352,1.3388131745166478,0.8661186825483351,0.9855232896582939,10.0,6.0,False,main,False
7931,4,4,9.661186825483352,1.3388131745166478,0.8782897114075774,0.9869873956533659,8.0,5.0,False,main,False
7931,5,5,10.661186825483352,1.3388131745166478,0.8884322354569459,0.988182479111578,6.0,4.0,False,main,False
7931,6,6,11.661186825483352,1.3388131745166478,0.897014371191027,0.9891764648474357,4.0,3.0,False,main,False
7931,7,7,12.661186825483352,1.3388131745166478,0.9043704875345251,0.9900161816079831,2.0,2.0,False,main,False
7931,8,8,13.661186825483352,1.3388131745166478,0.9107457883655568,0.9907349633300727,1.0,1.0,False,main,False
7931,9,9,14.661186825483352,1.3388131745166478,0.9163241765927095,0.9913571842238057,-1.0,-1.0,True,main,False
222,1,1,6.82012021408803,1.1798797859119694,0.8525150267610038,0.9872821200625064,14.0,8.0,False,main,True
6266,1,1,6.619792745379924,1.3802072546200757,0.8274740931724905,0.9795966550673435,16.0,8.0,False,main,True
6266,2,2,7.619792745379924,1.3802072546200757,0.8466436383755471,0.9821893732454398,12.0,7.0,False,main,False
6266,3,3,8.619792745379925,1.3802072546200757,0.8619792745379925,0.9841971638962144,10.0,6.0,False,main,False
6266,4,4,9.619792745379925,1.3802072546200757,0.8745266132163568,0.9857979762292496,8.0,5.0,False,main,False
6266,5,5,10.619792745379925,1.3802072546200757,0.8849827287816604,0.9871042017193025,6.0,4.0,False,main,False
6266,6,6,11.619792745379925,1.3802072546200757,0.8938302111830712,0.988190325619371,4.0,3.0,False,main,False
6266,7,7,12.619792745379925,1.3802072546200757,0.9014137675271375,0.989107668522912,2.0,2.0,False,main,False
6266,8,8,13.619792745379925,1.3802072546200757,0.9079861830253283,0.9898927435860795,1.0,1.0,False,main,False
6266,9,9,14.619792745379925,1.3802072546200757,0.9137370465862453,0.9905722385594325,-1.0,-1.0,True,main,False
3388,1,1,6.635724377703418,1.3642756222965826,0.8294655472129272,0.9802674322604447,15.0,8.0,False,main,True
2818,1,1,6.609176288995702,1.3908237110042978,0.8261470361244627,0.9791441781714756,16.0,8.0,False,main,True
636,1,1,6.653216007200546,1.3467839927994536,0.8316520009000683,0.9809924123330694,15.0,8.0,False,main,True
5736,0,1,5.614024900526554,2.3859750994734457,0.7017531125658193,0.9203599834069458,37.0,14.0,False,main,True
8571,1,1,6.600612718192807,1.3993872818071926,0.8250765897741009,0.9787760197284352,16.0,8.0,False,main,True
3109,0,1,5.627275119560038,2.3727248804399617,0.7034093899450048,0.9213246160430475,37.0,14.0,False,main,True
678,0,1,5.670320480089458,2.329679519910542,0.7087900600111823,0.9244286943842974,35.0,14.0,False,main,True
5095,1,1,6.771621060441686,1.228378939558314,0.8464526325552107,0.9855746832738287,14.0,8.0,False,main,True
6064,1,1,6.870110389787619,1.1298896102123814,0.8587637987234523,0.9889347525070582,13.0,8.0,False,main,True
6064,2,2,7.870110389787619,1.1298896102123814,0.874456709976402,0.9903230211655111,11.0,7.0,False,main,False
6064,3,3,8.87011038978762,1.1298896102123814,0.887011038978762,0.9914017281959328,9.0,6.0,False,main,False
6064,4,4,9.87011038978762,1.1298896102123814,0.8972827627079654,0.9922640392538441,7.0,5.0,False,main,False
6064,5,5,10.87011038978762,1.1298896102123814,0.9058425324823016,0.9929691398146516,5.0,4.0,False,main,False
6064,6,6,11.87011038978762,1.1298896102123814,0.9130854145990477,0.9935564336887908,4.0,3.0,False,main,False
6064,7,7,12.87011038978762,1.1298896102123814,0.9192935992705442,0.9940531707991775,2.0,2.0,False,main,False
6064,8,8,13.87011038978762,1.1298896102123814,0.9246740259858413,0.9944787979625628,1.0,1.0,False,main,False
6064,9,9,14.87011038978762,1.1298896102123814,0.9293818993617262,0.9948475654875731,-1.0,-1.0,True,main,False
10252,0,1,5.722590004389506,2.2774099956104936,0.7153237505486882,0.9281361578703023,34.0,14.0,False,main,True
10252,0,2,5.722590004389506,3.2774099956104936,0.6358433338210562,0.8677403400973623,59.0,19.0,False,main,False
10252,0,3,5.722590004389506,4.277409995610494,0.5722590004389506,0.8094381408633075,97.0,26.0,False,main,False
10252,0,4,5.722590004389506,5.277409995610494,0.5202354549445005,0.7559176547578683,158.0,35.0,False,main,True
8789,0,1,5.617269893754693,2.3827301062453072,0.7021587367193366,0.9205966182487928,37.0,14.0,False,main,True
11839,1,1,6.754599307160417,1.245400692839583,0.8443249133950521,0.9849516277615923,14.0,8.0,False,main,True
11839,2,2,7.754599307160417,1.245400692839583,0.8616221452400463,0.9868509281059885,12.0,7.0,False,main,False
11839,3,3,8.754599307160417,1.245400692839583,0.8754599307160417,0.9883244000994129,9.0,6.0,False,main,False
11839,4,4,9.754599307160417,1.245400692839583,0.8867817551964016,0.989500846560536,7.0,5.0,False,main,False
11839,5,5,10.754599307160417,1.245400692839583,0.8962166089300347,0.9904618725462555,5.0,4.0,False,main,False
11839,6,6,11.754599307160417,1.245400692839583,0.9041999467046474,0.9912616929426458,4.0,3.0,False,main,False
11839,7,7,12.754599307160417,1.245400692839583,0.9110428076543154,0.9919377359724351,2.0,2.0,False,main,False
11839,8,8,13.754599307160417,1.245400692839583,0.9169732871440278,0.9925166742367276,1.0,1.0,False,main,False
11839,9,9,14.754599307160417,1.245400692839583,0.9221624566975261,0.9930180296443759,-1.0,-1.0,True,main,False
1755,0,1,5.638118623781419,2.361881376218581,0.7047648279726774,0.9221108488019683,36.0,14.0,False,main,True
2608,1,1,6.7546505165968584,1.2453494834031416,0.8443313145746073,0.984953520522845,14.0,8.0,False,main,True
3784,1,1,6.810878013957488,1.1891219860425113,0.851359751744686,0.9869645659812349,14.0,8.0,False,main,True
5145,1,1,6.783920198496415,1.2160798015035847,0.8479900248120519,0.9860172318709893,14.0,8.0,False,main,True
10732,1,1,6.592237406019572,1.4077625939804286,0.8240296757524465,0.9784132257941378,16.0,8.0,False,main,True
10732,2,2,7.592237406019572,1.4077625939804286,0.8435819340021746,0.9811600812061112,13.0,7.0,False,main,False
10732,3,3,8.59223740601957,1.4077625939804286,0.859223740601957,0.9832864547240318,10.0,6.0,False,main,False
10732,4,4,9.59223740601957,1.4077625939804286,0.8720215823654155,0.9849813325200985,8.0,5.0,False,main,False
10732,5,5,10.59223740601957,1.4077625939804286,0.8826864505016309,0.9863640010278576,6.0,4.0,False,main,False
10732,6,6,11.59223740601957,1.4077625939804286,0.8917105696938131,0.9875134755929681,4.0,3.0,False,main,False
10732,7,7,12.59223740601957,1.4077625939804286,0.899445529001398,0.9884841762017156,2.0,2.0,False,main,False
10732,8,8,13.59223740601957,1.4077625939804286,0.9061491604013047,0.9893148083483885,1.0,1.0,False,main,False
10732,9,9,14.59223740601957,1.4077625939804286,0.9120148378762232,0.9900336543512861,-1.0,-1.0,True,main,False
10597,0,1,5.674300116991167,2.3256998830088333,0.7092875146238958,0.9247133653538714,35.0,14.0,False,main,True
10597,0,2,5.674300116991167,3.3256998830088333,0.6304777907767963,0.8639335766071524,61.0,20.0,False,main,False
10597,0,3,5.674300116991167,4.325699883008833,0.5674300116991167,0.8055531099521382,100.0,27.0,False,main,True
10597,0,4,5.674300116991167,5.325699883008833,0.5158454651810152,0.7520832791112025,165.0,36.0,False,main,True
4254,0,1,5.792630137493261,2.207369862506739,0.7240787671866576,0.9329957279535892,33.0,14.0,False,main,True
3656,1,1,6.653875693157272,1.3461243068427278,0.831734461644659,0.9810195178666713,15.0,8.0,False,main,True
3036,0,1,5.816034870231275,2.1839651297687257,0.7270043587789093,0.9345914446748744,32.0,14.0,False,main,True
8386,0,1,5.702620412251374,2.297379587748626,0.7128275515314217,0.9267277901458537,35.0,14.0,False,main,True
8386,0,2,5.702620412251374,3.297379587748626,0.6336244902501527,0.8661705359883444,59.0,19.0,False,main,False
8386,0,3,5.702620412251374,4.297379587748626,0.5702620412251374,0.807834686004792,98.0,27.0,False,main,True
8386,0,4,5.702620412251374,5.297379587748626,0.5184200374773976,0.7543344143798438,161.0,35.0,False,main,True
2918,0,1,5.74274469147257,2.2572553085274305,0.7178430864340712,0.9295473733879304,34.0,14.0,False,main,True
12092,1,1,6.598033484582275,1.4019665154177254,0.8247541855727843,0.9786645818525714,16.0,8.0,False,main,True
11261,1,1,6.693710238500413,1.3062897614995874,0.8367137798125516,0.9826240257841319,15.0,8.0,False,main,True
11261,2,2,7.693710238500413,1.3062897614995874,0.8548566931667125,0.9848238852839476,12.0,7.0,False,main,False
11261,3,3,8.693710238500412,1.3062897614995874,0.8693710238500412,0.9865291324278358,10.0,6.0,False,main,False
11261,4,4,9.693710238500412,1.3062897614995874,0.8812463853182192,0.9878897673144326,7.0,5.0,False,main,False
11261,5,5,10.693710238500412,1.3062897614995874,0.8911425198750343,0.9890006909322921,6.0,4.0,False,main,False
11261,6,6,11.693710238500412,1.3062897614995874,0.8995161721923394,0.9899248814702271,4.0,3.0,False,main,False
11261,7,7,12.693710238500412,1.3062897614995874,0.9066935884643151,0.9907057780792912,2.0,2.0,False,main,False
11261,8,8,13.693710238500412,1.3062897614995874,0.9129140159000274,0.9913743140485685,1.0,1.0,False,main,False
11261,9,9,14.693710238500412,1.3062897614995874,0.9183568899062757,0.991953115661037,-1.0,-1.0,True,main,False
11582,1,1,6.840833700558606,1.1591662994413945,0.8551042125698257,0.9879802708623913,14.0,8.0,False,main,True
11582,2,2,7.840833700558606,1.1591662994413945,0.8712037445065117,0.9894905945756401,11.0,7.0,False,main,False
11582,3,3,8.840833700558605,1.1591662994413945,0.8840833700558605,0.9906636710672428,9.0,6.0,False,main,False
11582,4,4,9.840833700558605,1.1591662994413945,0.8946212455053277,0.9916011284480495,7.0,5.0,False,main,False
11582,5,5,10.840833700558605,1.1591662994413945,0.9034028083798837,0.9923674840452504,5.0,4.0,False,main,False
11582,6,6,11.840833700558605,1.1591662994413945,0.9108333615814311,0.9930056682517379,4.0,3.0,False,main,False
11582,7,7,12.840833700558605,1.1591662994413945,0.9172024071827575,0.9935453568185281,2.0,2.0,False,main,False
11582,8,8,13.840833700558605,1.1591662994413945,0.922722246703907,0.9940077200728964,1.0,1.0,False,main,False
11582,9,9,14.840833700558605,1.1591662994413945,0.9275521062849128,0.9944082665538378,-1.0,-1.0,True,main,False
9988,0,1,5.762046243616157,2.2379537563838423,0.7202557804520197,0.9308891718113097,33.0,14.0,False,main,True
9988,0,2,5.762046243616157,3.2379537563838423,0.6402273604017953,0.870823522528033,57.0,19.0,False,main,False
9988,0,3,5.762046243616157,4.237953756383842,0.5762046243616157,0.8125932053776023,94.0,26.0,False,main,True
9988,0,4,5.762046243616157,5.237953756383842,0.523822385783287,0.7590358464874676,152.0,35.0,False,main,True
11634,0,1,5.857973208720691,2.142026791279309,0.7322466510900864,0.9374148618221492,31.0,13.0,False,main,True
3837,0,1,5.751642882908065,2.248357117091935,0.7189553603635082,0.9301671356864329,34.0,14.0,False,main,True
872,1,1,6.594292904196571,1.4057070958034288,0.8242866130245714,0.9785025131096144,16.0,8.0,False,main,True
872,2,2,7.594292904196571,1.4057070958034288,0.8438103226885079,0.9812377284438066,13.0,7.0,False,main,True
872,3,3,8.594292904196571,1.4057070958034288,0.8594292904196571,0.9833551491404714,10.0,6.0,False,main,False
872,4,4,9.594292904196571,1.4057070958034288,0.872208445836052,0.9850429265267029,8.0,5.0,False,main,False
872,5,5,10.594292904196571,1.4057070958034288,0.8828577420163809,0.9864198257240191,6.0,4.0,False,main,False
872,6,6,11.594292904196571,1.4057070958034288,0.8918686849381978,0.9875645196851743,4.0,3.0,False,main,False
872,7,7,12.594292904196571,1.4057070958034288,0.899592350299755,0.9885311942027303,2.0,2.0,False,main,False
872,8,8,13.594292904196571,1.4057070958034288,0.9062861936131047,0.9893583891525989,1.0,1.0,False,main,False
872,9,9,14.594292904196571,1.4057070958034288,0.9121433065122857,0.9900742664153944,-1.0,-1.0,True,main,False
5452,1,1,6.71603773088583,1.2839622691141703,0.8395047163607288,0.9834952894327715,15.0,8.0,False,main,True
1558,1,1,6.8069546102280025,1.1930453897719975,0.8508693262785003,0.9868286403463989,14.0,8.0,False,main,True
6430,0,1,5.747595784465738,2.252404215534262,0.7184494730582173,0.9298855038187027,34.0,14.0,False,main,True
6084,1,1,6.647228696333287,1.3527713036667128,0.8309035870416609,0.9807456142240056,15.0,8.0,False,main,True
8733,1,1,6.603187088729751,1.3968129112702496,0.8253983860912188,0.9788869922935769,16.0,8.0,False,main,True
8733,2,2,7.603187088729751,1.3968129112702496,0.8447985654144168,0.9815721043336443,13.0,7.0,False,main,False
8733,3,3,8.60318708872975,1.3968129112702496,0.8603187088729751,0.9836509844824575,10.0,6.0,False,main,False
8733,4,4,9.60318708872975,1.3968129112702496,0.873017008066341,0.9853081931025212,8.0,5.0,False,main,False
8733,5,5,10.60318708872975,1.3968129112702496,0.8835989240608125,0.9866602525437456,6.0,4.0,False,main,False
8733,6,6,11.60318708872975,1.3968129112702496,0.8925528529792116,0.9877843625101973,4.0,3.0,False,main,False
8733,7,7,12.60318708872975,1.3968129112702496,0.9002276491949822,0.9887337009862422,2.0,2.0,False,main,False
8733,8,8,13.60318708872975,1.3968129112702496,0.90687913924865,0.9895460950714995,1.0,1.0,False,main,False
8733,9,9,14.60318708872975,1.3968129112702496,0.9126991930456094,0.9902491882737011,-1.0,-1.0,True,main,False
9993,1,1,6.640297924155587,1.359702075844413,0.8300372405194484,0.9804581577782037,15.0,8.0,False,main,True
9993,2,2,7.640297924155587,1.359702075844413,0.848921991572843,0.9829388648473711,12.0,7.0,False,main,False
9993,3,3,8.640297924155586,1.359702075844413,0.8640297924155587,0.9848604401564176,10.0,6.0,False,main,False
9993,4,4,9.640297924155586,1.359702075844413,0.8763907203777805,0.9863928371564351,8.0,5.0,False,main,False
9993,5,5,10.640297924155586,1.359702075844413,0.8866914936796322,0.987643448103332,6.0,4.0,False,main,False
9993,6,6,11.640297924155586,1.359702075844413,0.8954075326273527,0.9886834715598579,4.0,3.0,False,main,False
9993,7,7,12.640297924155586,1.359702075844413,0.9028784231539705,0.9895619782672931,2.0,2.0,False,main,False
9993,8,8,13.640297924155586,1.359702075844413,0.9093531949437057,0.9903138892828249,1.0,1.0,False,main,False
9993,9,9,14.640297924155586,1.359702075844413,0.9150186202597241,0.9909647339526235,-1.0,-1.0,True,main,False
11521,0,1,5.601731914895632,2.398268085104368,0.700216489361954,0.9194612225645572,37.0,14.0,False,main,True
10462,0,1,5.6151773383699215,2.3848226616300785,0.7018971672962402,0.9204440520211079,37.0,14.0,False,main,True
10462,0,2,5.6151773383699215,3.3848226616300785,0.6239085931522135,0.8592233748059446,63.0,20.0,False,main,False
10462,0,3,5.6151773383699215,4.3848226616300785,0.5615177338369921,0.8007613241053804,105.0,27.0,False,main,True
10462,0,4,5.6151773383699215,5.3848226616300785,0.5104706671245384,0.7473616749267995,174.0,36.0,False,main,True
890,1,1,6.662744687335117,1.3372553126648836,0.8328430859168896,0.9813822530878931,15.0,8.0,False,main,True
890,2,2,7.662744687335117,1.3372553126648836,0.8514160763705685,0.9837429989432547,12.0,7.0,False,main,True
890,3,3,8.662744687335117,1.3372553126648836,0.8662744687335117,0.9855722000474081,10.0,6.0,False,main,False
890,4,4,9.662744687335117,1.3372553126648836,0.8784313352122833,0.9870312702077688,8.0,5.0,False,main,False
890,5,5,10.662744687335117,1.3372553126648836,0.8885620572779264,0.9882222584608997,6.0,4.0,False,main,False
890,6,6,11.662744687335117,1.3372553126648836,0.8971342067180859,0.989212848491972,4.0,3.0,False,main,False
890,7,7,12.662744687335117,1.3372553126648836,0.9044817633810798,0.99004970387284,2.0,2.0,False,main,False
890,8,8,13.662744687335117,1.3372553126648836,0.9108496458223411,0.9907660415885674,1.0,1.0,False,main,False
890,9,9,14.662744687335117,1.3372553126648836,0.9164215429584448,0.9913861507153314,-1.0,-1.0,True,main,False
871,1,1,6.938697121895902,1.061302878104098,0.8673371402369877,0.9910196583609114,13.0,8.0,False,main,True
871,2,2,7.938697121895902,1.061302878104098,0.8820774579884335,0.9921422836668644,11.0,7.0,False,main,False
871,3,3,8.938697121895903,1.061302878104098,0.8938697121895902,0.993015404637051,9.0,6.0,False,main,False
871,4,4,9.938697121895903,1.061302878104098,0.9035179201723548,0.993713885040832,7.0,5.0,False,main,False
871,5,5,10.938697121895903,1.061302878104098,0.9115580934913252,0.9942853601924022,5.0,4.0,False,main,False
871,6,6,11.938697121895903,1.061302878104098,0.9183613170689156,0.9947615845515324,4.0,3.0,False,main,False
871,7,7,12.938697121895903,1.061302878104098,0.924192651563993,0.9951645407862016,2.0,2.0,False,main,False
871,8,8,13.938697121895903,1.061302878104098,0.9292464747930602,0.9955099301832008,1.0,1.0,False,main,False
871,9,9,14.938697121895903,1.061302878104098,0.9336685701184939,0.9958092666818856,-1.0,-1.0,True,main,False
5845,1,1,6.809500320106496,1.1904996798935037,0.851187540013312,0.9869169119751524,14.0,8.0,False,main,True
10477,0,1,5.744114213310489,2.255885786689511,0.7180142766638111,0.9296428923363684,34.0,14.0,False,main,True
10477,0,2,5.744114213310489,3.255885786689511,0.6382349125900544,0.8694253280869988,58.0,19.0,False,main,False
10477,0,3,5.744114213310489,4.255885786689511,0.5744114213310489,0.8111614485596002,95.0,26.0,False,main,False
10477,0,4,5.744114213310489,5.255885786689511,0.5221922012100445,0.7576203405079711,155.0,35.0,False,main,True
10477,0,5,5.744114213310489,6.255885786689511,0.47867618444254073,0.7093059880752709,253.0,46.0,False,main,True
5965,1,1,6.6248006114008335,1.375199388599166,0.8281000764251042,0.9798085718749568,16.0,8.0,False,main,True
1763,0,1,5.791334419499376,2.2086655805006243,0.723916802437422,0.9329069711443069,33.0,14.0,False,main,True
10504,1,1,6.6352492651102795,1.3647507348897205,0.8294061581387849,0.9802475720509964,15.0,8.0,False,main,True
10504,2,2,7.6352492651102795,1.3647507348897205,0.8483610294566977,0.9827556436284421,12.0,7.0,False,main,False
10504,3,3,8.635249265110279,1.3647507348897205,0.8635249265110279,0.984698284764656,10.0,6.0,False,main,False
10504,4,4,9.635249265110279,1.3647507348897205,0.8759317513736616,0.9862474003386257,8.0,5.0,False,main,False
10504,5,5,10.635249265110279,1.3647507348897205,0.8862707720925233,0.987511603031341,6.0,4.0,False,main,False
10504,6,6,11.635249265110279,1.3647507348897205,0.8950191742392521,0.9885628939302787,4.0,3.0,False,main,False
10504,7,7,12.635249265110279,1.3647507348897205,0.9025178046507342,0.9894508932244989,2.0,2.0,False,main,False
10504,8,8,13.635249265110279,1.3647507348897205,0.9090166176740185,0.9902109108392236,1.0,1.0,False,main,False
10504,9,9,14.635249265110279,1.3647507348897205,0.9147030790693924,0.9908687590918703,-1.0,-1.0,True,main,False
10531,1,1,6.929637650368864,1.0703623496311356,0.866204706296108,0.9907565931615419,13.0,8.0,False,main,True
10531,2,2,7.929637650368864,1.0703623496311356,0.881070850040985,0.9919126598798228,11.0,7.0,False,main,False
10531,3,3,8.929637650368864,1.0703623496311356,0.8929637650368865,0.9928116774134467,9.0,6.0,False,main,False
10531,4,4,9.929637650368864,1.0703623496311356,0.9026943318517149,0.9935308043810748,7.0,5.0,False,main,False
10531,5,5,10.929637650368864,1.0703623496311356,0.9108031375307387,0.9941191258445443,5.0,4.0,False,main,False
10531,6,6,11.929637650368864,1.0703623496311356,0.9176644346437588,0.9946093571698855,4.0,3.0,False,main,False
10531,7,7,12.929637650368864,1.0703623496311356,0.9235455464549188,0.9950241431286666,2.0,2.0,False,main,False
10531,8,8,13.929637650368864,1.0703623496311356,0.928642510024591,0.9953796560832855,1.0,1.0,False,main,False
10531,9,9,14.929637650368864,1.0703623496311356,0.933102353148054,0.9956877542835798,-1.0,-1.0,True,main,False
8603,0,1,5.602175271668006,2.3978247283319942,0.7002719089585008,0.9194937007914321,37.0,14.0,False,main,True
9390,1,1,6.657617553339149,1.3423824466608516,0.8322021941673936,0.9811729385842428,15.0,8.0,False,main,True
9129,1,1,6.823518060516961,1.1764819394830393,0.8529397575646201,0.9873979323964807,14.0,8.0,False,main,True
9129,2,2,7.823518060516961,1.1764819394830393,0.8692797845018846,0.9889828521736195,11.0,7.0,False,main,False
9129,3,3,8.82351806051696,1.1764819394830393,0.882351806051696,0.9902135775139622,9.0,6.0,False,main,False
9129,4,4,9.82351806051696,1.1764819394830393,0.8930470964106327,0.9911969241615719,7.0,5.0,False,main,False
9129,5,5,10.82351806051696,1.1764819394830393,0.9019598383764134,0.9920006753915812,5.0,4.0,False,main,False
9129,6,6,11.82351806051696,1.1764819394830393,0.9095013892705354,0.9926699204152081,4.0,3.0,False,main,False
9129,7,7,12.82351806051696,1.1764819394830393,0.9159655757512114,0.9932358192246469,2.0,2.0,False,main,False
9129,8,8,13.82351806051696,1.1764819394830393,0.9215678707011307,0.9937205962397451,1.0,1.0,False,main,False
9129,9,9,14.82351806051696,1.1764819394830393,0.92646987878231,0.9941405292612144,-1.0,-1.0,True,main,False
4144,1,1,6.8656643213134885,1.1343356786865113,0.8582080401641861,0.9887922568598024,13.0,8.0,False,main,True
4144,2,2,7.8656643213134885,1.1343356786865113,0.8739627023681654,0.9901987302335722,11.0,7.0,False,main,False
4144,3,3,8.865664321313488,1.1343356786865113,0.8865664321313489,0.9912915161366288,9.0,6.0,False,main,False
4144,4,4,9.865664321313488,1.1343356786865113,0.8968785746648625,0.9921650403566439,7.0,5.0,False,main,False
4144,5,5,10.865664321313488,1.1343356786865113,0.905472026776124,0.9928792826641465,5.0,4.0,False,main,False
4144,6,6,11.865664321313488,1.1343356786865113,0.9127434093318068,0.9934741724061468,4.0,3.0,False,main,False
4144,7,7,12.865664321313488,1.1343356786865113,0.9189760229509635,0.9939773211037533,2.0,2.0,False,main,False
4144,8,8,13.865664321313488,1.1343356786865113,0.9243776214208992,0.9944084325405348,1.0,1.0,False,main,False
4144,9,9,14.865664321313488,1.1343356786865113,0.929104020082093,0.9947819446561377,-1.0,-1.0,True,main,False
5753,1,1,6.823278412598445,1.1767215874015542,0.8529098015748057,0.9873897807367582,14.0,8.0,False,main,True
4629,0,1,5.64459648870443,2.3554035112955707,0.7055745610880537,0.9225791671139277,36.0,14.0,False,main,True
12087,0,1,5.618087497981847,2.3819125020181535,0.7022609372477309,0.9206562000573257,37.0,14.0,False,main,True
7218,1,1,6.82576409141379,1.17423590858621,0.8532205114267237,0.987474209566692,14.0,8.0,False,main,True
10920,1,1,6.670534738674346,1.3294652613256543,0.8338168423342932,0.9816982737560415,15.0,8.0,False,main,True
10920,2,2,7.670534738674346,1.3294652613256543,0.8522816376304828,0.9840180408775232,12.0,7.0,False,main,False
10920,3,3,8.670534738674345,1.3294652613256543,0.8670534738674345,0.9858156774085163,10.0,6.0,False,main,False
10920,4,4,9.670534738674345,1.3294652613256543,0.8791395216976677,0.9872496857035444,8.0,5.0,False,main,False
10920,5,5,10.670534738674345,1.3294652613256543,0.889211228222862,0.9884202921663481,6.0,4.0,False,main,False
10920,6,6,11.670534738674345,1.3294652613256543,0.897733441436488,0.9893939810292769,4.0,3.0,False,main,False
10920,7,7,12.670534738674345,1.3294652613256543,0.9050381956195961,0.9902165941483037,2.0,2.0,False,main,False
10920,8,8,13.670534738674345,1.3294652613256543,0.9113689825782897,0.9909207666469162,1.0,1.0,False,main,False
10920,9,9,14.670534738674345,1.3294652613256543,0.9169084211671465,0.9915303640114662,-1.0,-1.0,True,main,False
8309,1,1,6.780433345070724,1.2195666549292756,0.8475541681338405,0.9858924219740623,14.0,8.0,False,main,True
8309,2,2,7.780433345070724,1.2195666549292756,0.8644925938967472,0.9876706293431328,11.0,7.0,False,main,False
8309,3,3,8.780433345070724,1.2195666549292756,0.8780433345070724,0.9890506396036284,9.0,6.0,False,main,False
8309,4,4,9.780433345070724,1.2195666549292756,0.8891303040973386,0.9901527634280087,7.0,5.0,False,main,False
8309,5,5,10.780433345070724,1.2195666549292756,0.8983694454225604,0.9910532712591371,5.0,4.0,False,main,False
8309,6,6,11.780433345070724,1.2195666549292756,0.9061871803900557,0.9918028578472728,4.0,3.0,False,main,False
8309,7,7,12.780433345070724,1.2195666549292756,0.9128880960764804,0.992436534608141,2.0,2.0,False,main,False
8309,8,8,13.780433345070724,1.2195666549292756,0.9186955563380483,0.9929792597248894,1.0,1.0,False,main,False
8309,9,9,14.780433345070724,1.2195666549292756,0.9237770840669203,0.9934493051553447,-1.0,-1.0,True,main,False
6331,1,1,6.80172272850463,1.1982772714953702,0.8502153410630787,0.986646346831363,14.0,8.0,False,main,True
5656,0,1,5.6456807442429415,2.3543192557570585,0.7057100930303677,0.9226574529398149,36.0,14.0,False,main,True
1090,2,2,7.659361881100593,1.3406381188994068,0.851040209011177,0.9836229137938706,12.0,7.0,False,main,True
1090,3,3,8.659361881100594,1.3406381188994068,0.8659361881100593,0.9854659011301965,10.0,6.0,False,main,False
1090,4,4,9.659361881100594,1.3406381188994068,0.8781238073727813,0.9869359164420434,8.0,5.0,False,main,False
1090,5,5,10.659361881100594,1.3406381188994068,0.8882801567583828,0.9881358053329072,6.0,4.0,False,main,False
1090,6,6,11.659361881100594,1.3406381188994068,0.8968739908538919,0.9891337756205778,4.0,3.0,False,main,False
1090,7,7,12.659361881100594,1.3406381188994068,0.9042401343643282,0.9899768499041456,2.0,2.0,False,main,False
1090,8,8,13.659361881100594,1.3406381188994068,0.9106241254067062,0.9906984993726992,1.0,1.0,False,main,False
1090,9,9,14.659361881100594,1.3406381188994068,0.9162101175687871,0.9913231981452711,-1.0,-1.0,True,main,False
12090,2,2,7.5937424176388895,1.4062575823611103,0.8437491575154321,0.9812169472324275,13.0,7.0,False,main,True
12090,3,3,8.59374241763889,1.4062575823611103,0.859374241763889,0.9833367639135113,10.0,6.0,False,main,False
12090,4,4,9.59374241763889,1.4062575823611103,0.8721584016035354,0.9850264415575263,8.0,5.0,False,main,False
12090,5,5,10.59374241763889,1.4062575823611103,0.8828118681365741,0.9864048847893176,6.0,4.0,False,main,False
12090,6,6,11.59374241763889,1.4062575823611103,0.8918263398183761,0.9875508581879907,4.0,3.0,False,main,False
12090,7,7,12.59374241763889,1.4062575823611103,0.8995530298313492,0.988518610218742,2.0,2.0,False,main,False
12090,8,8,13.59374241763889,1.4062575823611103,0.9062494945092593,0.9893467250792456,1.0,1.0,False,main,False
12090,9,9,14.59374241763889,1.4062575823611103,0.9121089011024306,0.9900633968812609,-1.0,-1.0,True,main,False
5086,2,2,7.653792018836976,1.3462079811630248,0.8504213354263306,0.9834243376509774,12.0,7.0,False,main,True
5086,3,3,8.653792018836976,1.3462079811630248,0.8653792018836975,0.985290128819359,10.0,6.0,False,main,False
5086,4,4,9.653792018836976,1.3462079811630248,0.8776174562579069,0.9867782472797928,8.0,5.0,False,main,False
5086,5,5,10.653792018836976,1.3462079811630248,0.8878160015697479,0.9879928569137496,6.0,4.0,False,main,False
5086,6,6,11.653792018836976,1.3462079811630248,0.8964455399105365,0.9890030328476941,4.0,3.0,False,main,False
5086,7,7,12.653792018836976,1.3462079811630248,0.903842287059784,0.9898563917237867,2.0,2.0,False,main,False
5086,8,8,13.653792018836976,1.3462079811630248,0.9102528012557983,0.9905868253013066,1.0,1.0,False,main,False
5086,9,9,14.653792018836976,1.3462079811630248,0.915862001177311,0.9912191138248226,-1.0,-1.0,True,main,False
3990,2,2,7.752673023764741,1.2473269762352592,0.8614081137516378,0.986788834167652,12.0,7.0,False,main,False
3990,3,3,8.752673023764741,1.2473269762352592,0.8752673023764741,0.9882693924114281,9.0,6.0,False,main,False
3990,4,4,9.752673023764741,1.2473269762352592,0.8866066385240674,0.9894514728015398,7.0,5.0,False,main,False
3990,5,5,10.752673023764741,1.2473269762352592,0.8960560853137284,0.990417085508852,5.0,4.0,False,main,False
3990,6,6,11.752673023764741,1.2473269762352592,0.9040517710588263,0.9912207126421256,4.0,3.0,False,main,False
3990,7,7,12.752673023764741,1.2473269762352592,0.9109052159831957,0.9918999658356022,2.0,2.0,False,main,False
3990,8,8,13.752673023764741,1.2473269762352592,0.9168448682509828,0.9924816477656826,1.0,1.0,False,main,False
3990,9,9,14.752673023764741,1.2473269762352592,0.9220420639852963,0.9929853751572627,-1.0,-1.0,True,main,False
1459,2,2,7.616712186135257,1.3832878138647429,0.8463013540150286,0.9820755558138653,12.0,7.0,False,main,True
1459,3,3,8.616712186135256,1.3832878138647429,0.8616712186135256,0.9840964489064192,10.0,6.0,False,main,False
1459,4,4,9.616712186135256,1.3832878138647429,0.8742465623759323,0.9857076566729183,8.0,5.0,False,main,False
1459,5,5,10.616712186135256,1.3832878138647429,0.8847260155112714,0.9870223313569692,6.0,4.0,False,main,False
1459,6,6,11.616712186135256,1.3832878138647429,0.8935932450873274,0.9881154582138786,4.0,3.0,False,main,False
1459,7,7,12.616712186135256,1.3832878138647429,0.9011937275810897,0.9890387000189482,2.0,2.0,False,main,False
1459,8,8,13.616712186135256,1.3832878138647429,0.9077808124090171,0.9898288120215093,1.0,1.0,False,main,False
1459,9,9,14.616712186135256,1.3832878138647429,0.9135445116334535,0.99051265808741,-1.0,-1.0,True,main,False
1818,2,2,7.7699405458306074,1.230059454169393,0.863326727314512,0.98734063973655,12.0,7.0,False,main,False
1818,3,3,8.769940545830607,1.230059454169393,0.8769940545830608,0.9887582563112693,9.0,6.0,False,main,False
1818,4,4,9.769940545830607,1.230059454169393,0.888176413257328,0.9898902889876238,7.0,5.0,False,main,False
1818,5,5,10.769940545830607,1.230059454169393,0.897495045485884,0.9908151527905573,5.0,4.0,False,main,False
1818,6,6,11.769940545830607,1.230059454169393,0.9053800419869698,0.991584957901783,4.0,3.0,False,main,False
1818,7,7,12.769940545830607,1.230059454169393,0.9121386104164719,0.9922356876866825,2.0,2.0,False,main,False
1818,8,8,13.769940545830607,1.230059454169393,0.9179960363887072,0.9927929898980413,1.0,1.0,False,main,False
1818,9,9,14.769940545830607,1.230059454169393,0.923121284114413,0.9932756393042612,-1.0,-1.0,True,main,False
1681,2,2,7.60584871129971,1.3941512887002903,0.8450943012555233,0.9816716593446768,13.0,7.0,False,main,True
1681,3,3,8.60584871129971,1.3941512887002903,0.8605848711299711,0.9837390688884227,10.0,6.0,False,main,False
1681,4,4,9.60584871129971,1.3941512887002903,0.8732589737545191,0.9853871786905352,8.0,5.0,False,main,False
1681,5,5,10.60584871129971,1.3941512887002903,0.8838207259416425,0.9867318440374663,6.0,4.0,False,main,False
1681,6,6,11.60584871129971,1.3941512887002903,0.8927575931769008,0.9878498263793288,4.0,3.0,False,main,False
1681,7,7,12.60584871129971,1.3941512887002903,0.9004177650928364,0.9887940038657519,2.0,2.0,False,main,False
1681,8,8,13.60584871129971,1.3941512887002903,0.9070565807533141,0.9896019915153247,1.0,1.0,False,main,False
1681,9,9,14.60584871129971,1.3941512887002903,0.9128655444562319,0.9903012785847645,-1.0,-1.0,True,main,False
6331,2,2,7.80172272850463,1.1982772714953702,0.8668580809449589,0.9883276830248483,11.0,7.0,False,main,False
6331,3,3,8.801722728504629,1.1982772714953702,0.8801722728504628,0.9896328912260336,9.0,6.0,False,main,False
6331,4,4,9.801722728504629,1.1982772714953702,0.8910657025913299,0.9906755093399614,7.0,5.0,False,main,False
6331,5,5,10.801722728504629,1.1982772714953702,0.900143560708719,0.9915275498641097,5.0,4.0,False,main,False
6331,6,6,11.801722728504629,1.1982772714953702,0.9078248252695869,0.9922368960998823,4.0,3.0,False,main,False
6331,7,7,12.801722728504629,1.1982772714953702,0.9144087663217592,0.992836628235035,2.0,2.0,False,main,False
6331,8,8,13.801722728504629,1.1982772714953702,0.9201148485669752,0.9933503339173547,1.0,1.0,False,main,False
6331,9,9,14.801722728504629,1.1982772714953702,0.9251076705315393,0.993795285521066,-1.0,-1.0,True,main,False
10252,0,5,5.722590004389506,6.277409995610494,0.47688250036579216,0.7076499575839268,259.0,46.0,False,main,True
10926,0,5,5.720964906896991,6.279035093103008,0.4767470755747492,0.707524796573412,259.0,46.0,False,main,True
2816,2,2,7.627717098302966,1.3722829016970337,0.8475241220336629,0.9824806950781703,12.0,7.0,False,main,True
2816,3,3,8.627717098302966,1.3722829016970337,0.8627717098302966,0.9844549610752725,10.0,6.0,False,main,False
2816,4,4,9.627717098302966,1.3722829016970337,0.8752470089366333,0.9860291728115381,8.0,5.0,False,main,False
2816,5,5,10.627717098302966,1.3722829016970337,0.8856430915252472,0.9873137764362065,6.0,4.0,False,main,False
2816,6,6,11.627717098302966,1.3722829016970337,0.8944397767925358,0.9883819784812221,4.0,3.0,False,main,False
2816,7,7,12.627717098302966,1.3722829016970337,0.9019797927359262,0.9892842243299144,2.0,2.0,False,main,False
2816,8,8,13.627717098302966,1.3722829016970337,0.9085144732201977,0.990056407868163,1.0,1.0,False,main,False
2816,9,9,14.627717098302966,1.3722829016970337,0.9142323186439354,0.9907247663099004,-1.0,-1.0,True,main,False
5626,2,2,7.741396839091665,1.2586031609083346,0.8601552043435183,0.9864226545873029,12.0,7.0,False,main,False
5626,3,3,8.741396839091665,1.2586031609083346,0.8741396839091665,0.9879450196692476,9.0,6.0,False,main,False
5626,4,4,9.741396839091665,1.2586031609083346,0.885581530826515,0.9891603352347837,7.0,5.0,False,main,False
5626,5,5,10.741396839091665,1.2586031609083346,0.8951164032576387,0.9901530033320389,6.0,4.0,False,main,False
5626,6,6,11.741396839091665,1.2586031609083346,0.9031843722378204,0.9909790835291031,4.0,3.0,False,main,False
5626,7,7,12.741396839091665,1.2586031609083346,0.9100997742208332,0.9916772700140853,2.0,2.0,False,main,False
5626,8,8,13.741396839091665,1.2586031609083346,0.916093122606111,0.9922751331195705,1.0,1.0,False,main,False
5626,9,9,14.741396839091665,1.2586031609083346,0.9213373024432291,0.9927928490845452,-1.0,-1.0,True,main,False
12132,2,2,7.737110869931916,1.2628891300680842,0.8596789855479907,0.9862822719476693,12.0,7.0,False,main,True
12132,3,3,8.737110869931916,1.2628891300680842,0.8737110869931917,0.9878206726180357,9.0,6.0,False,main,False
12132,4,4,9.737110869931916,1.2628891300680842,0.8851918972665378,0.9890487344677212,7.0,5.0,False,main,False
12132,5,5,10.737110869931916,1.2628891300680842,0.894759239160993,0.9900517778033262,6.0,4.0,False,main,False
12132,6,6,11.737110869931916,1.2628891300680842,0.9028546823024551,0.9908864676647984,4.0,3.0,False,main,False
12132,7,7,12.737110869931916,1.2628891300680842,0.9097936335665654,0.9915919136843154,2.0,2.0,False,main,False
12132,8,8,13.737110869931916,1.2628891300680842,0.9158073913287944,0.9921959807518405,1.0,1.0,False,main,False
12132,9,9,14.737110869931916,1.2628891300680842,0.9210694293707448,0.9927190597727198,-1.0,-1.0,True,main,False
5845,2,2,7.809500320106496,1.1904996798935037,0.8677222577896107,0.9885635210275483,11.0,7.0,False,main,False
5845,3,3,8.809500320106496,1.1904996798935037,0.8809500320106496,0.989841905809079,9.0,6.0,False,main,False
5845,4,4,9.809500320106496,1.1904996798935037,0.8917727563733178,0.9908631808564027,7.0,5.0,False,main,False
5845,5,5,10.809500320106496,1.1904996798935037,0.900791693342208,0.991697834373958,5.0,4.0,False,main,False
5845,6,6,11.809500320106496,1.1904996798935037,0.9084231015466535,0.9923927428064495,4.0,3.0,False,main,False
5845,7,7,12.809500320106496,1.1904996798935037,0.9149643085790354,0.9929802944986855,2.0,2.0,False,main,False
5845,8,8,13.809500320106496,1.1904996798935037,0.9206333546737664,0.9934835859907317,1.0,1.0,False,main,False
5845,9,9,14.809500320106496,1.1904996798935037,0.925593770006656,0.993919531395391,-1.0,-1.0,True,main,False
1561,2,2,7.855518347813174,1.1444816521868257,0.8728353719792415,0.9899122403208527,11.0,7.0,False,main,False
1561,3,3,8.855518347813174,1.1444816521868257,0.8855518347813174,0.991037493542838,9.0,6.0,False,main,False
1561,4,4,9.855518347813174,1.1444816521868257,0.8959562134375613,0.9919368735413694,7.0,5.0,False,main,False
1561,5,5,10.855518347813174,1.1444816521868257,0.9046265289844312,0.9926721933713394,5.0,4.0,False,main,False
1561,6,6,11.855518347813174,1.1444816521868257,0.9119629498317826,0.9932845951156565,4.0,3.0,False,main,False
1561,7,7,12.855518347813174,1.1444816521868257,0.9182513105580838,0.9938025245931577,2.0,2.0,False,main,False
1561,8,8,13.855518347813174,1.1444816521868257,0.9237012231875449,0.994246278397112,1.0,1.0,False,main,False
1561,9,9,14.855518347813174,1.1444816521868257,0.9284698967383234,0.9946307272752698,-1.0,-1.0,True,main,False
2410,2,2,7.621659923033245,1.3783400769667549,0.8468511025592494,0.9822582054650404,12.0,7.0,False,main,True
2410,3,3,8.621659923033246,1.3783400769667549,0.8621659923033246,0.9842580735335397,10.0,6.0,False,main,False
2410,4,4,9.621659923033246,1.3783400769667549,0.8746963566393859,0.9858525998771569,8.0,5.0,False,main,False
2410,5,5,10.621659923033246,1.3783400769667549,0.8851383269194372,0.9871537160905524,6.0,4.0,False,main,False
2410,6,6,11.621659923033246,1.3783400769667549,0.8939738402333266,0.9882356051582728,4.0,3.0,False,main,False
2410,7,7,12.621659923033246,1.3783400769667549,0.9015471373595175,0.9891493808021221,2.0,2.0,False,main,False
2410,8,8,13.621659923033246,1.3783400769667549,0.9081106615355498,0.9899314098104319,1.0,1.0,False,main,False
2410,9,9,14.621659923033246,1.3783400769667549,0.9138537451895778,0.9906082734518011,-1.0,-1.0,True,main,False
3440,2,2,7.782956190379276,1.217043809620724,0.8647729100421419,0.9877493672702273,11.0,7.0,False,main,False
3440,3,3,8.782956190379277,1.217043809620724,0.8782956190379275,0.9891204081894537,9.0,6.0,False,main,False
3440,4,4,9.782956190379277,1.217043809620724,0.8893596536708432,0.990215397848957,7.0,5.0,False,main,False
3440,5,5,10.782956190379277,1.217043809620724,0.8985796825316062,0.9911100955802029,5.0,4.0,False,main,False
3440,6,6,11.782956190379277,1.217043809620724,0.9063812454137904,0.9918548587394206,4.0,3.0,False,main,False
3440,7,7,12.782956190379277,1.217043809620724,0.9130682993128054,0.9924844670277562,2.0,2.0,False,main,False
3440,8,8,13.782956190379277,1.217043809620724,0.9188637460252851,0.9930237142146517,1.0,1.0,False,main,False
3440,9,9,14.782956190379277,1.217043809620724,0.9239347618987048,0.9934907523614439,-1.0,-1.0,True,main,False
5753,2,2,7.823278412598445,1.1767215874015542,0.8692531569553829,0.9889757454003758,11.0,7.0,False,main,False
5753,3,3,8.823278412598444,1.1767215874015542,0.8823278412598446,0.9902072781024945,9.0,6.0,False,main,False
5753,4,4,9.823278412598444,1.1767215874015542,0.8930253102362223,0.991191267334328,7.0,5.0,False,main,False
5753,5,5,10.823278412598444,1.1767215874015542,0.9019398677165372,0.9919955421564361,5.0,4.0,False,main,False
5753,6,6,11.823278412598444,1.1767215874015542,0.9094829548152651,0.9926652220375193,4.0,3.0,False,main,False
5753,7,7,12.823278412598444,1.1767215874015542,0.9159484580427462,0.9932314877686198,2.0,2.0,False,main,False
5753,8,8,13.823278412598444,1.1767215874015542,0.9215518941732297,0.9937165785384114,1.0,1.0,False,main,False
5753,9,9,14.823278412598444,1.1767215874015542,0.9264549007874029,0.9941367829242774,-1.0,-1.0,True,main,False
7599,2,2,7.664055001111229,1.3359449988887713,0.8515616667901366,0.9837894078901392,12.0,7.0,False,main,True
7599,3,3,8.66405500111123,1.3359449988887713,0.8664055001111229,0.985613281871339,10.0,6.0,False,main,False
7599,4,4,9.66405500111123,1.3359449988887713,0.8785504546464754,0.9870681225749629,8.0,5.0,False,main,False
7599,5,5,10.66405500111123,1.3359449988887713,0.8886712500926025,0.9882556713196758,6.0,4.0,False,main,False
7599,6,6,11.66405500111123,1.3359449988887713,0.8972350000854792,0.9892434093027664,4.0,3.0,False,main,False
7599,7,7,12.66405500111123,1.3359449988887713,0.9045753572222307,0.9900778613862574,2.0,2.0,False,main,False
7599,8,8,13.66405500111123,1.3359449988887713,0.910937000074082,0.9907921463396423,1.0,1.0,False,main,False
7599,9,9,14.66405500111123,1.3359449988887713,0.9165034375694519,0.9914104817425042,-1.0,-1.0,True,main,False
3656,2,2,7.653875693157272,1.3461243068427278,0.8504306325730302,0.983427328641281,12.0,7.0,False,main,True
3656,3,3,8.653875693157271,1.3461243068427278,0.8653875693157271,0.985292776273925,10.0,6.0,False,main,False
3656,4,4,9.653875693157271,1.3461243068427278,0.8776250630142974,0.9867806220250873,8.0,5.0,False,main,False
3656,5,5,10.653875693157271,1.3461243068427278,0.8878229744297726,0.9879950099103868,6.0,4.0,False,main,False
3656,6,6,11.653875693157271,1.3461243068427278,0.8964519763967131,0.9890050019873009,4.0,3.0,False,main,False
3656,7,7,12.653875693157271,1.3461243068427278,0.9038482637969479,0.9898582059472176,2.0,2.0,False,main,False
3656,8,8,13.653875693157271,1.3461243068427278,0.910258379543818,0.9905885072127631,1.0,1.0,False,main,False
3656,9,9,14.653875693157271,1.3461243068427278,0.9158672308223295,0.9912206814163563,-1.0,-1.0,True,main,False
5841,2,2,7.673233594078663,1.326766405921337,0.8525815104531849,0.9841128414165294,12.0,7.0,False,main,True
5841,3,3,8.673233594078663,1.326766405921337,0.8673233594078663,0.9858996020344288,10.0,6.0,False,main,False
5841,4,4,9.673233594078663,1.326766405921337,0.8793848721889694,0.9873249742971475,8.0,5.0,False,main,False
5841,5,5,10.673233594078663,1.326766405921337,0.8894361328398886,0.9884885569779513,6.0,4.0,False,main,False
5841,6,6,11.673233594078663,1.326766405921337,0.8979410456983588,0.9894564212149034,4.0,3.0,False,main,False
5841,7,7,12.673233594078663,1.326766405921337,0.9052309710056188,0.9902741258311019,2.0,2.0,False,main,False
5841,8,8,13.673233594078663,1.326766405921337,0.9115489062719109,0.9909741055142346,1.0,1.0,False,main,False
5841,9,9,14.673233594078663,1.326766405921337,0.9170770996299165,0.991580079823894,-1.0,-1.0,True,main,False
2818,2,2,7.609176288995702,1.3908237110042978,0.8454640321106335,0.9817957932507352,13.0,7.0,False,main,True
2818,3,3,8.609176288995702,1.3908237110042978,0.8609176288995701,0.9838489029642287,10.0,6.0,False,main,False
2818,4,4,9.609176288995702,1.3908237110042978,0.8735614808177911,0.9854856692023257,8.0,5.0,False,main,False
2818,5,5,10.609176288995702,1.3908237110042978,0.8840980240829751,0.9868211159406683,6.0,4.0,False,main,False
2818,6,6,11.609176288995702,1.3908237110042978,0.893013560691977,0.9879314584225177,4.0,3.0,False,main,False
2818,7,7,12.609176288995702,1.3908237110042978,0.9006554492139787,0.9888692010818039,2.0,2.0,False,main,False
2818,8,8,13.609176288995702,1.3908237110042978,0.9072784192663801,0.9896716945841021,1.0,1.0,False,main,False
2818,9,9,14.609176288995702,1.3908237110042978,0.9130735180622314,0.9903662359080745,-1.0,-1.0,True,main,False
9988,0,5,5.762046243616157,6.237953756383842,0.48017052030134644,0.7106832145685862,249.0,45.0,False,main,True
7299,2,2,7.596603547188936,1.403396452811064,0.8440670607987707,0.98132484779383,13.0,7.0,False,main,True
7299,3,3,8.596603547188936,1.403396452811064,0.8596603547188936,0.9834322249164993,10.0,6.0,False,main,False
7299,4,4,9.596603547188936,1.403396452811064,0.8724185042899033,0.9851120365583641,8.0,5.0,False,main,False
7299,5,5,10.596603547188936,1.403396452811064,0.883050295599078,0.986482463161152,6.0,4.0,False,main,False
7299,6,6,11.596603547188936,1.403396452811064,0.8920464267068412,0.9876217936427582,4.0,3.0,False,main,False
7299,7,7,12.596603547188936,1.403396452811064,0.8997573962277812,0.9885839511068973,2.0,2.0,False,main,False
7299,8,8,13.596603547188936,1.403396452811064,0.9064402364792624,0.9894072896525837,1.0,1.0,False,main,False
7299,9,9,14.596603547188936,1.403396452811064,0.9122877216993085,0.990119836059105,-1.0,-1.0,True,main,False
2431,2,2,7.601643189078372,1.3983568109216284,0.844627021008708,0.9815142490140976,13.0,7.0,False,main,True
2431,3,3,8.601643189078372,1.3983568109216284,0.8601643189078372,0.9835997960727068,10.0,6.0,False,main,False
2431,4,4,9.601643189078372,1.3983568109216284,0.8728766535525793,0.9852622929087955,8.0,5.0,False,main,False
2431,5,5,10.601643189078372,1.3983568109216284,0.883470265756531,0.9866186496737863,6.0,4.0,False,main,False
2431,6,6,11.601643189078372,1.3983568109216284,0.892434091467567,0.9877463208389934,4.0,3.0,False,main,False
2431,7,7,12.601643189078372,1.3983568109216284,0.9001173706484551,0.9886986586817926,2.0,2.0,False,main,False
2431,8,8,13.601643189078372,1.3983568109216284,0.9067762126052248,0.98951361357926,1.0,1.0,False,main,False
2431,9,9,14.601643189078372,1.3983568109216284,0.9126026993173982,0.9902189186986372,-1.0,-1.0,True,main,False
10525,0,6,5.690191216418028,7.309808783581973,0.43770701664754064,0.6619539342012004,452.0,61.0,False,main,True
4356,2,2,7.830842152733873,1.169157847266127,0.870093572525986,0.9891990019391097,11.0,7.0,False,main,False
4356,3,3,8.830842152733872,1.169157847266127,0.8830842152733872,0.9904051777467234,9.0,6.0,False,main,False
4356,4,4,9.830842152733872,1.169157847266127,0.8937129229758066,0.9913689841311109,7.0,5.0,False,main,False
4356,5,5,10.830842152733872,1.169157847266127,0.9025701793944894,0.9921568127746768,5.0,4.0,False,main,False
4356,6,6,11.830842152733872,1.169157847266127,0.9100647809795286,0.9928128331563567,4.0,3.0,False,main,False
4356,7,7,12.830842152733872,1.169157847266127,0.9164887251952766,0.993367572997304,2.0,2.0,False,main,False
4356,8,8,13.830842152733872,1.169157847266127,0.9220561435155915,0.9938428077247758,1.0,1.0,False,main,False
4356,9,9,14.830842152733872,1.169157847266127,0.926927634545867,0.9942544874954181,-1.0,-1.0,True,main,False
1536,0,1,5.301468070378133,2.6985319296218666,0.6626835087972667,0.8964059307057621,46.0,15.0,False,main,True
11853,1,1,6.203425601470655,1.7965743985293456,0.7754282001838319,0.9588141384647876,20.0,9.0,False,main,True
10509,1,1,6.234788782345761,1.7652112176542398,0.7793485977932201,0.960582332184215,20.0,9.0,False,main,True
10509,2,2,7.234788782345761,1.7652112176542398,0.8038654202606401,0.9656853851562882,15.0,8.0,False,main,False
10509,3,3,8.23478878234576,1.7652112176542398,0.823478878234576,0.9696171400243251,12.0,6.0,False,main,False
10509,4,4,9.23478878234576,1.7652112176542398,0.8395262529405236,0.9727397150763439,9.0,5.0,False,main,False
10509,5,5,10.23478878234576,1.7652112176542398,0.85289906519548,0.9752797916454214,7.0,4.0,False,main,False
10509,6,6,11.23478878234576,1.7652112176542398,0.8642145217189046,0.9773865592608024,5.0,3.0,False,main,False
10509,7,7,12.23478878234576,1.7652112176542398,0.8739134844532686,0.9791622400616565,3.0,2.0,False,main,False
10509,8,8,13.23478878234576,1.7652112176542398,0.882319252156384,0.9806792316130156,1.0,1.0,False,main,False
10509,9,9,14.23478878234576,1.7652112176542398,0.88967429889661,0.98199024902003,-1.0,-1.0,True,main,False
11865,1,1,6.270290466718451,1.7297095332815489,0.7837863083398063,0.9625464157809399,19.0,9.0,False,main,True
11865,2,2,7.270290466718451,1.7297095332815489,0.8078100518576057,0.9673870641376978,15.0,7.0,False,main,True
11865,3,3,8.27029046671845,1.7297095332815489,0.8270290466718452,0.9711183830926303,12.0,6.0,False,main,False
11865,4,4,9.27029046671845,1.7297095332815489,0.8427536787925864,0.97408282863492,9.0,5.0,False,main,False
11865,5,5,10.27029046671845,1.7297095332815489,0.8558575388932043,0.9764949513711944,7.0,4.0,False,main,False
11865,6,6,11.27029046671845,1.7297095332815489,0.8669454205168039,0.9784960474848797,5.0,3.0,False,main,False
11865,7,7,12.27029046671845,1.7297095332815489,0.876449319051318,0.9801829801356137,3.0,2.0,False,main,False
11865,8,8,13.27029046671845,1.7297095332815489,0.8846860311145635,0.9816243800185662,1.0,1.0,False,main,False
11865,9,9,14.27029046671845,1.7297095332815489,0.8918931541699032,0.982870236754727,-1.0,-1.0,True,main,False
12024,0,1,5.564779477183052,2.435220522816948,0.6955974346478815,0.9167376048010076,38.0,14.0,False,main,True
8917,1,1,6.193824371498809,1.8061756285011912,0.7742280464373511,0.9582667173218548,20.0,9.0,False,main,True
5824,0,1,5.197041032849692,2.8029589671503072,0.6496301291062115,0.8879106453739505,50.0,16.0,False,main,True
11984,1,1,6.361803344342224,1.6381966556577756,0.795225418042778,0.9674209237529227,18.0,9.0,False,main,True
8387,1,1,6.462895654690408,1.5371043453095914,0.807861956836301,0.972477246620123,17.0,8.0,False,main,True
8387,2,2,7.462895654690408,1.5371043453095914,0.8292106282989342,0.9760017126030653,14.0,7.0,False,main,False
8387,3,3,8.462895654690408,1.5371043453095914,0.8462895654690408,0.9787253727124692,11.0,6.0,False,main,False
8387,4,4,9.462895654690408,1.5371043453095914,0.8602632413354917,0.9808934664814485,8.0,5.0,False,main,False
8387,5,5,10.462895654690408,1.5371043453095914,0.8719079712242007,0.9826603254836436,6.0,4.0,False,main,False
8387,6,6,11.462895654690408,1.5371043453095914,0.8817612042069545,0.9841279407,4.0,3.0,False,main,False
8387,7,7,12.462895654690408,1.5371043453095914,0.8902068324778863,0.9853664244689658,2.0,2.0,False,main,False
8387,8,8,13.462895654690408,1.5371043453095914,0.8975263769793606,0.9864255665170917,1.0,1.0,False,main,False
8387,9,9,14.462895654690408,1.5371043453095914,0.9039309784181505,0.9873417016393455,-1.0,-1.0,True,main,False
9127,0,1,5.369149366379929,2.6308506336200703,0.6711436707974912,0.901783197867497,44.0,15.0,False,main,True
5472,0,1,5.314029703489477,2.685970296510523,0.6642537129361846,0.89741167661056,46.0,15.0,False,main,True
1204,1,1,6.1499907739220685,1.850009226077932,0.7687488467402586,0.9557315542173256,21.0,9.0,False,main,True
6312,1,1,6.417734628324465,1.5822653716755355,0.8022168285405581,0.9702621781596091,18.0,9.0,False,main,True
2705,1,1,6.406648247772998,1.5933517522270015,0.8008310309716248,0.9697075229832351,18.0,9.0,False,main,True
1744,1,1,6.472300242247623,1.5276997577523774,0.8090375302809528,0.9729294559989101,17.0,8.0,False,main,True
1744,2,2,7.472300242247623,1.5276997577523774,0.8302555824719581,0.9763944306086616,13.0,7.0,False,main,True
1744,3,3,8.472300242247623,1.5276997577523774,0.8472300242247623,0.9790724491103162,11.0,6.0,False,main,False
1744,4,4,9.472300242247623,1.5276997577523774,0.861118203840693,0.9812044148331213,8.0,5.0,False,main,False
1744,5,5,10.472300242247623,1.5276997577523774,0.8726916868539686,0.9829419634746214,6.0,4.0,False,main,False
1744,6,6,11.472300242247623,1.5276997577523774,0.882484634019048,0.9843853214061544,4.0,3.0,False,main,False
1744,7,7,12.472300242247623,1.5276997577523774,0.8908785887319731,0.9856033972713055,2.0,2.0,False,main,False
1744,8,8,13.472300242247623,1.5276997577523774,0.8981533494831749,0.9866451314565083,1.0,1.0,False,main,False
1744,9,9,14.472300242247623,1.5276997577523774,0.9045187651404765,0.9875462422633687,-1.0,-1.0,True,main,False
3975,1,1,6.586220894983103,1.413779105016897,0.8232776118728878,0.9781509499009513,16.0,8.0,False,main,True
3975,2,2,7.586220894983103,1.413779105016897,0.8429134327759003,0.9809320073468604,13.0,7.0,False,main,True
3975,3,3,8.586220894983104,1.413779105016897,0.8586220894983103,0.9830846848060595,10.0,6.0,False,main,False
3975,4,4,9.586220894983104,1.413779105016897,0.8714746268166458,0.9848004227488654,8.0,5.0,False,main,False
3975,5,5,10.586220894983104,1.413779105016897,0.8821850745819253,0.9862000399606381,6.0,4.0,False,main,False
3975,6,6,11.586220894983104,1.413779105016897,0.8912477611525464,0.9873635581119153,4.0,3.0,False,main,False
3975,7,7,12.586220894983104,1.413779105016897,0.8990157782130789,0.9883460854462279,2.0,2.0,False,main,False
3975,8,8,13.586220894983104,1.413779105016897,0.9057480596655403,0.9891868141484851,1.0,1.0,False,main,False
3975,9,9,14.586220894983104,1.413779105016897,0.911638805936444,0.9899143804372609,-1.0,-1.0,True,main,False
5015,1,1,6.5593265595366965,1.440673440463304,0.8199158199420871,0.9769617354049979,16.0,8.0,False,main,True
5015,2,2,7.5593265595366965,1.440673440463304,0.8399251732818551,0.9798980580663841,13.0,7.0,False,main,True
5015,3,3,8.559326559536697,1.440673440463304,0.8559326559536696,0.9821701066674685,10.0,6.0,False,main,False
5015,4,4,9.559326559536697,1.440673440463304,0.8690296872306088,0.9839804869857794,8.0,5.0,False,main,False
5015,5,5,10.559326559536697,1.440673440463304,0.8799438799613913,0.9854569849292277,6.0,4.0,False,main,False
5015,6,6,11.559326559536697,1.440673440463304,0.8891789661182075,0.9866841955734298,4.0,3.0,False,main,False
5015,7,7,12.559326559536697,1.440673440463304,0.8970947542526212,0.9877203539408974,2.0,2.0,False,main,False
5015,8,8,13.559326559536697,1.440673440463304,0.903955103969113,0.9886068626236946,1.0,1.0,False,main,False
5015,9,9,14.559326559536697,1.440673440463304,0.9099579099710435,0.9893739647598856,-1.0,-1.0,True,main,False
1271,1,1,6.419507730792469,1.5804922692075314,0.8024384663490586,0.9703504920951419,18.0,9.0,False,main,True
10345,1,1,6.308701285237815,1.6912987147621852,0.7885876606547269,0.9646258697744526,19.0,9.0,False,main,True
10345,2,2,7.308701285237815,1.6912987147621852,0.8120779205819795,0.9691894322919468,15.0,7.0,False,main,False
10345,3,3,8.308701285237815,1.6912987147621852,0.8308701285237815,0.9727089404924113,12.0,6.0,False,main,False
10345,4,4,9.308701285237815,1.6912987147621852,0.8462455713852559,0.9755061865633631,9.0,5.0,False,main,False
10345,5,5,10.308701285237815,1.6912987147621852,0.8590584404364846,0.9777829554155899,7.0,4.0,False,main,False
10345,6,6,11.308701285237815,1.6912987147621852,0.8699000988644473,0.9796722281673863,4.0,3.0,False,main,False
10345,7,7,12.308701285237815,1.6912987147621852,0.8791929489455582,0.9812652180790139,3.0,2.0,False,main,False
10345,8,8,13.308701285237815,1.6912987147621852,0.8872467523491877,0.982626581855498,1.0,1.0,False,main,False
10345,9,9,14.308701285237815,1.6912987147621852,0.8942938303273634,0.9838034321962561,-1.0,-1.0,True,main,False
8106,1,1,6.538365359373897,1.461634640626103,0.8172956699217371,0.9760160070602657,16.0,8.0,False,main,True
8106,2,2,7.538365359373897,1.461634640626103,0.8375961510415441,0.9790760192799138,13.0,7.0,False,main,False
8106,3,3,8.538365359373897,1.461634640626103,0.8538365359373896,0.9814431173981194,10.0,6.0,False,main,False
8106,4,4,9.538365359373897,1.461634640626103,0.8671241235794451,0.9833288291980025,8.0,5.0,False,main,False
8106,5,5,10.538365359373897,1.461634640626103,0.878197113281158,0.984866503279321,6.0,4.0,False,main,False
8106,6,6,11.538365359373897,1.461634640626103,0.8875665661056844,0.9861443838596738,4.0,3.0,False,main,False
8106,7,7,12.538365359373897,1.461634640626103,0.8955975256695641,0.9872231995434787,2.0,2.0,False,main,False
8106,8,8,13.538365359373897,1.461634640626103,0.9025576906249264,0.9881461149584928,1.0,1.0,False,main,False
8106,9,9,14.538365359373897,1.461634640626103,0.9086478349608685,0.9889446537528219,-1.0,-1.0,True,main,False
7327,1,1,6.253821851344656,1.7461781486553436,0.781727731418082,0.9616402960455606,20.0,9.0,False,main,True
5768,1,1,6.372708523864603,1.627291476135397,0.7965885654830753,0.9679832613915256,18.0,9.0,False,main,True
9929,1,1,6.154511331784913,1.8454886682150868,0.7693139164731141,0.9559957122365543,21.0,9.0,False,main,True
9929,2,2,7.154511331784913,1.8454886682150868,0.7949457035316569,0.9617140932038001,16.0,8.0,False,main,False
9929,3,3,8.154511331784914,1.8454886682150868,0.8154511331784914,0.966115297525852,13.0,6.0,False,main,False
9929,4,4,9.154511331784914,1.8454886682150868,0.8322283028895376,0.9696078985026217,10.0,5.0,False,main,False
9929,5,5,10.154511331784914,1.8454886682150868,0.8462092776487428,0.9724471770390861,7.0,4.0,False,main,False
9929,6,6,11.154511331784914,1.8454886682150868,0.8580393332142241,0.9748009017747051,5.0,3.0,False,main,False
9929,7,7,12.154511331784914,1.8454886682150868,0.8681793808417796,0.9767838923766997,3.0,2.0,False,main,False
9929,8,8,13.154511331784914,1.8454886682150868,0.8769674221189943,0.9784773920540482,1.0,1.0,False,main,False
9929,9,9,14.154511331784914,1.8454886682150868,0.8846569582365571,0.9799405105602794,-1.0,-1.0,True,main,False
6017,1,1,6.412041009991241,1.587958990008759,0.8015051262489051,0.9699778557270932,18.0,9.0,False,main,True
9468,0,1,5.540664761865258,2.4593352381347424,0.6925830952331572,0.9149425721891601,39.0,14.0,False,main,True
9468,0,2,5.540664761865258,3.4593352381347424,0.6156294179850286,0.8532103511395424,67.0,20.0,False,main,False
9468,0,3,5.540664761865258,4.459335238134742,0.5540664761865257,0.7946672398892385,112.0,28.0,False,main,True
9468,0,4,5.540664761865258,5.459335238134742,0.5036967965332052,0.7413686154886939,187.0,37.0,False,main,True
2736,0,1,5.4641691559507555,2.535830844049245,0.6830211444938444,0.9091576242279205,41.0,15.0,False,main,True
10916,1,1,6.226560808408799,1.773439191591201,0.7783201010510998,0.9601214349424165,20.0,9.0,False,main,True
10916,2,2,7.226560808408799,1.773439191591201,0.8029512009343109,0.9652861604604968,16.0,8.0,False,main,False
10916,3,3,8.226560808408799,1.773439191591201,0.8226560808408798,0.9692650023075698,12.0,6.0,False,main,False
10916,4,4,9.226560808408799,1.773439191591201,0.8387782553098908,0.9724247129802924,9.0,5.0,False,main,False
10916,5,5,10.226560808408799,1.773439191591201,0.8522134007007333,0.9749948306338356,7.0,4.0,False,main,False
10916,6,6,11.226560808408799,1.773439191591201,0.8635816006468306,0.9771264025715916,5.0,3.0,False,main,False
10916,7,7,12.226560808408799,1.773439191591201,0.8733257720291999,0.9789229116114018,3.0,2.0,False,main,False
10916,8,8,13.226560808408799,1.773439191591201,0.8817707205605866,0.9804576411127205,1.0,1.0,False,main,False
10916,9,9,14.226560808408799,1.773439191591201,0.8891600505255499,0.981783946881513,-1.0,-1.0,True,main,False
422,1,1,6.2227271385838,1.7772728614161994,0.777840892322975,0.9599059624242022,20.0,9.0,False,main,True
10894,1,1,6.4777800253902615,1.522219974609739,0.8097225031737827,0.9731914878827358,17.0,8.0,False,main,True
10894,2,2,7.4777800253902615,1.522219974609739,0.8308644472655846,0.9766220088168975,13.0,7.0,False,main,False
10894,3,3,8.477780025390262,1.522219974609739,0.8477780025390261,0.979273590588032,11.0,6.0,False,main,False
10894,4,4,9.477780025390262,1.522219974609739,0.8616163659445693,0.9813846276657953,8.0,5.0,False,main,False
10894,5,5,10.477780025390262,1.522219974609739,0.8731483354491885,0.9831051955482167,6.0,4.0,False,main,False
10894,6,6,11.477780025390262,1.522219974609739,0.8829061557992509,0.9845344991571687,4.0,3.0,False,main,False
10894,7,7,12.477780025390262,1.522219974609739,0.8912700018135901,0.9857407502611523,2.0,2.0,False,main,False
10894,8,8,13.477780025390262,1.522219974609739,0.8985186683593508,0.9867723974589796,1.0,1.0,False,main,False
10894,9,9,14.477780025390262,1.522219974609739,0.9048612515868913,0.9876648020490073,-1.0,-1.0,True,main,False
4267,1,1,6.422608799450604,1.5773912005493964,0.8028260999313255,0.9705046862268315,18.0,9.0,False,main,True
997,1,1,6.491849704754164,1.508150295245836,0.8114812130942705,0.9738593289591884,17.0,8.0,False,main,True
894,1,1,6.333650878745648,1.6663491212543522,0.791706359843206,0.9659507585493741,19.0,9.0,False,main,True
6341,1,1,6.497324777512221,1.5026752224877788,0.8121655971890276,0.9741172808998779,17.0,8.0,False,main,True
5688,1,1,6.479222882992959,1.5207771170070408,0.8099028603741198,0.9732603033092926,17.0,8.0,False,main,True
5688,2,2,7.479222882992959,1.5207771170070408,0.8310247647769954,0.9766817781968834,13.0,7.0,False,main,True
5688,3,3,8.479222882992959,1.5207771170070408,0.8479222882992958,0.9793264183400124,11.0,6.0,False,main,False
5688,4,4,9.479222882992959,1.5207771170070408,0.8617475348175417,0.9814319597828355,8.0,5.0,False,main,False
5688,5,5,10.479222882992959,1.5207771170070408,0.8732685735827466,0.9831480685146227,6.0,4.0,False,main,False
5688,6,6,11.479222882992959,1.5207771170070408,0.8830171448456122,0.9845736813300495,4.0,3.0,False,main,False
5688,7,7,12.479222882992959,1.5207771170070408,0.8913730630709257,0.9857768270563857,2.0,2.0,False,main,False
5688,8,8,13.479222882992959,1.5207771170070408,0.8986148588661973,0.986805825182123,1.0,1.0,False,main,False
5688,9,9,14.479222882992959,1.5207771170070408,0.9049514301870599,0.9876959432758002,-1.0,-1.0,True,main,False
6801,1,1,6.516784236918277,1.483215763081723,0.8145980296147847,0.9750252686538473,17.0,8.0,False,main,True
6801,2,2,7.516784236918277,1.483215763081723,0.8351982485464753,0.9782150568294055,13.0,7.0,False,main,False
6801,3,3,8.516784236918276,1.483215763081723,0.8516784236918277,0.9806818389619125,10.0,6.0,False,main,False
6801,4,4,9.516784236918276,1.483215763081723,0.865162203356207,0.9826465294597728,8.0,5.0,False,main,False
6801,5,5,10.516784236918276,1.483215763081723,0.8763986864098564,0.9842483249645861,6.0,4.0,False,main,False
6801,6,6,11.516784236918276,1.483215763081723,0.8859064797629443,0.9855793038182831,4.0,3.0,False,main,False
6801,7,7,12.516784236918276,1.483215763081723,0.8940560169227341,0.9867028134049847,2.0,2.0,False,main,False
6801,8,8,13.516784236918276,1.483215763081723,0.9011189491278851,0.9876638681585702,1.0,1.0,False,main,False
6801,9,9,14.516784236918276,1.483215763081723,0.9072990148073923,0.988495335599095,-1.0,-1.0,True,main,False
5752,1,1,6.356049962997075,1.643950037002925,0.7945062453746343,0.9671226294943941,18.0,9.0,False,main,True
8048,1,1,6.340748974633639,1.6592510253663608,0.7925936218292049,0.9663239257415757,18.0,9.0,False,main,True
8048,2,2,7.340748974633639,1.6592510253663608,0.8156387749592933,0.9706617932388141,15.0,7.0,False,main,False
8048,3,3,8.34074897463364,1.6592510253663608,0.8340748974633639,0.9740086504809469,11.0,6.0,False,main,False
8048,4,4,9.34074897463364,1.6592510253663608,0.8491589976939672,0.9766695345220087,9.0,5.0,False,main,False
8048,5,5,10.34074897463364,1.6592510253663608,0.8617290812194699,0.9788358661182012,6.0,4.0,False,main,False
8048,6,6,11.34074897463364,1.6592510253663608,0.8723653057410492,0.9806338689894105,4.0,3.0,False,main,False
8048,7,7,12.34074897463364,1.6592510253663608,0.8814820696166885,0.9821501613336725,3.0,2.0,False,main,False
8048,8,8,13.34074897463364,1.6592510253663608,0.889383264975576,0.9834461657720617,1.0,1.0,False,main,False
8048,9,9,14.34074897463364,1.6592510253663608,0.8962968109146024,0.9845666525042962,-1.0,-1.0,True,main,False
11460,1,1,6.225162007799527,1.7748379922004727,0.7781452509749409,0.9600428683472526,20.0,9.0,False,main,True
6397,1,1,6.5464102164389715,1.4535897835610285,0.8183012770548714,0.9763809147233705,16.0,8.0,False,main,True
1611,1,1,6.4812935854154805,1.51870641458452,0.8101616981769351,0.9733589324401071,17.0,8.0,False,main,True
4980,1,1,6.540595835292985,1.4594041647070153,0.8175744794116231,0.9761174206914355,16.0,8.0,False,main,True
3956,1,1,6.498392848591574,1.5016071514084257,0.8122991060739467,0.9741674752377828,17.0,8.0,False,main,True
3956,2,2,7.498392848591574,1.5016071514084257,0.8331547609546193,0.9774697873578314,13.0,7.0,False,main,True
3956,3,3,8.498392848591575,1.5016071514084257,0.8498392848591575,0.9800229671010098,11.0,6.0,False,main,False
3956,4,4,9.498392848591575,1.5016071514084257,0.8634902589628705,0.9820560885616136,8.0,5.0,False,main,False
3956,5,5,10.498392848591575,1.5016071514084257,0.8748660707159646,0.9837134284752194,6.0,4.0,False,main,False
3956,6,6,11.498392848591575,1.5016071514084257,0.8844917575839673,0.9850903940188809,4.0,3.0,False,main,False
3956,7,7,12.498392848591575,1.5016071514084257,0.8927423463279697,0.9862526052498578,2.0,2.0,False,main,False
3956,8,8,13.498392848591575,1.5016071514084257,0.8998928565727716,0.9872466813629445,1.0,1.0,False,main,False
3956,9,9,14.498392848591575,1.5016071514084257,0.9061495530369734,0.9881066553821413,-1.0,-1.0,True,main,False
8859,1,1,6.249523675499095,1.7504763245009056,0.7811904594373869,0.9614023831228629,20.0,9.0,False,main,True
8859,2,2,7.249523675499095,1.7504763245009056,0.8055026306110106,0.9663957951481813,15.0,8.0,False,main,True
8859,3,3,8.249523675499095,1.7504763245009056,0.8249523675499095,0.9702438193599561,12.0,6.0,False,main,False
8859,4,4,9.249523675499095,1.7504763245009056,0.8408657886817359,0.9733003475747645,9.0,5.0,False,main,False
8859,5,5,10.249523675499095,1.7504763245009056,0.8541269729582579,0.9757869876797756,7.0,4.0,False,main,False
8859,6,6,11.249523675499095,1.7504763245009056,0.8653479750383919,0.9778496289136251,5.0,3.0,False,main,False
8859,7,7,12.249523675499095,1.7504763245009056,0.8749659768213639,0.9795882532813786,3.0,2.0,False,main,False
8859,8,8,13.249523675499095,1.7504763245009056,0.8833015783666063,0.9810736840314955,1.0,1.0,False,main,False
8859,9,9,14.249523675499095,1.7504763245009056,0.8905952297186934,0.9823574973615452,-1.0,-1.0,True,main,False
6044,1,1,6.160121108040807,1.8398788919591937,0.7700151385051008,0.9563226577269294,21.0,9.0,False,main,True
7589,1,1,6.567958999430774,1.432041000569226,0.8209948749288467,0.9773464264252512,16.0,8.0,False,main,True
10238,1,1,6.394554572540249,1.6054454274597503,0.7993193215675312,0.9690976387798316,18.0,9.0,False,main,True
10238,2,2,7.394554572540249,1.6054454274597503,0.8216171747266944,0.9730679705395894,14.0,7.0,False,main,False
10238,3,3,8.39455457254025,1.6054454274597503,0.8394554572540249,0.9761334268203103,11.0,6.0,False,main,False
10238,4,4,9.39455457254025,1.6054454274597503,0.8540504156854772,0.9785719092420173,9.0,5.0,False,main,False
10238,5,5,10.39455457254025,1.6054454274597503,0.8662128810450208,0.9805580277869365,6.0,4.0,False,main,False
10238,6,6,11.39455457254025,1.6054454274597503,0.8765041978877115,0.982207032653147,4.0,3.0,False,main,False
10238,7,7,12.39455457254025,1.6054454274597503,0.8853253266100178,0.9835980729883432,2.0,2.0,False,main,False
10238,8,8,13.39455457254025,1.6054454274597503,0.8929703048360166,0.984787310550423,1.0,1.0,False,main,False
10238,9,9,14.39455457254025,1.6054454274597503,0.8996596607837656,0.9858157025935449,-1.0,-1.0,True,main,False
2357,0,1,5.381854532615097,2.6181454673849034,0.6727318165768871,0.9027811553814852,44.0,15.0,False,main,True
4691,0,1,5.294371413027681,2.7056285869723187,0.6617964266284602,0.8958361908943987,47.0,15.0,False,main,True
2900,0,1,5.301425334885104,2.6985746651148967,0.662678166860638,0.8964025031174093,46.0,15.0,False,main,True
11,1,1,6.5505498824788795,1.44945011752112,0.8188187353098599,0.9765677464719418,16.0,8.0,False,main,True
3364,1,1,6.366123621604131,1.633876378395869,0.7957654527005164,0.9676441837993639,18.0,9.0,False,main,True
1361,1,1,6.3925576209242925,1.6074423790757078,0.7990697026155366,0.9689964495111523,18.0,9.0,False,main,True
5014,1,1,6.369690822806604,1.6303091771933966,0.7962113528508254,0.9678280523025359,18.0,9.0,False,main,True
5014,2,2,7.369690822806604,1.6303091771933966,0.8188545358674004,0.9719664368636719,14.0,7.0,False,main,True
5014,3,3,8.369690822806604,1.6303091771933966,0.8369690822806604,0.9751605997419847,11.0,6.0,False,main,False
5014,4,4,9.369690822806604,1.6303091771933966,0.8517900748006003,0.9777008267415015,9.0,5.0,False,main,False
5014,5,5,10.369690822806604,1.6303091771933966,0.8641409019005503,0.979769404019696,6.0,4.0,False,main,False
5014,6,6,11.369690822806604,1.6303091771933966,0.8745916017543541,0.9814865945466377,4.0,3.0,False,main,False
5014,7,7,12.369690822806604,1.6303091771933966,0.8835493444861859,0.9829349604697042,3.0,2.0,False,main,False
5014,8,8,13.369690822806604,1.6303091771933966,0.8913127215204403,0.9841730681366619,1.0,1.0,False,main,False
5014,9,9,14.369690822806604,1.6303091771933966,0.8981056764254127,0.9852436179668693,-1.0,-1.0,True,main,False
6308,1,1,6.429481780496738,1.5705182195032616,0.8036852225620923,0.9708452373456551,17.0,9.0,False,main,True
7161,1,1,6.164285754446096,1.8357142455539035,0.770535719305762,0.9565647610267272,21.0,9.0,False,main,True
5681,1,1,6.442600978937908,1.5573990210620923,0.8053251223672385,0.9714906983441463,17.0,8.0,False,main,True
3663,1,1,6.509539315799569,1.490460684200431,0.8136924144749461,0.9746888316358195,17.0,8.0,False,main,True
3663,2,2,7.509539315799569,1.490460684200431,0.8343932573110632,0.9779227352490225,13.0,7.0,False,main,True
3663,3,3,8.509539315799568,1.490460684200431,0.8509539315799568,0.9804233937044304,10.0,6.0,False,main,False
3663,4,4,9.509539315799568,1.490460684200431,0.8645035741635971,0.9824149181503095,8.0,5.0,False,main,False
3663,5,5,10.509539315799568,1.490460684200431,0.8757949429832973,0.9840384958580803,6.0,4.0,False,main,False
3663,6,6,11.509539315799568,1.490460684200431,0.8853491781384283,0.9853875097684776,4.0,3.0,False,main,False
3663,7,7,12.509539315799568,1.490460684200431,0.893538522557112,0.9865261980536515,2.0,2.0,False,main,False
3663,8,8,13.509539315799568,1.490460684200431,0.9006359543866379,0.987500204205694,1.0,1.0,False,main,False
3663,9,9,14.509539315799568,1.490460684200431,0.906846207237473,0.9883428526541347,-1.0,-1.0,True,main,False
490,0,1,5.289282155944797,2.7107178440552038,0.6611602694930996,0.8954269247819834,47.0,15.0,False,main,True
7739,1,1,6.483420763539419,1.5165792364605815,0.8104275954424274,0.9734600910547243,17.0,8.0,False,main,True
7739,2,2,7.483420763539419,1.5165792364605815,0.8314911959488244,0.9768553084296061,13.0,7.0,False,main,False
7739,3,3,8.483420763539419,1.5165792364605815,0.8483420763539419,0.9794797983064832,11.0,6.0,False,main,False
7739,4,4,9.483420763539419,1.5165792364605815,0.8621291603217653,0.9815693862414636,8.0,5.0,False,main,False
7739,5,5,10.483420763539419,1.5165792364605815,0.8736183969616182,0.9832725498753488,6.0,4.0,False,main,False
7739,6,6,11.483420763539419,1.5165792364605815,0.8833400587338015,0.9846874478681124,4.0,3.0,False,main,False
7739,7,7,12.483420763539419,1.5165792364605815,0.8916729116813871,0.9858815780988756,2.0,2.0,False,main,False
7739,8,8,13.483420763539419,1.5165792364605815,0.8988947175692946,0.9869028853220363,1.0,1.0,False,main,False
7739,9,9,14.483420763539419,1.5165792364605815,0.9052137977212137,0.9877863650502505,-1.0,-1.0,True,main,False
150,1,1,6.21704703670536,1.7829529632946408,0.77713087958817,0.959585864597756,20.0,9.0,False,main,True
7654,1,1,6.483134829365069,1.5168651706349308,0.8103918536706336,0.9734465028359924,17.0,8.0,False,main,True
7654,2,2,7.483134829365069,1.5168651706349308,0.8314594254850076,0.9768435058182962,13.0,7.0,False,main,False
7654,3,3,8.483134829365069,1.5168651706349308,0.8483134829365069,0.9794693660414462,11.0,6.0,False,main,False
7654,4,4,9.483134829365069,1.5168651706349308,0.8621031663059153,0.9815600389491425,8.0,5.0,False,main,False
7654,5,5,10.483134829365069,1.5168651706349308,0.8735945691137558,0.9832640829795063,6.0,4.0,False,main,False
7654,6,6,11.483134829365069,1.5168651706349308,0.883318063797313,0.9846797097016923,4.0,3.0,False,main,False
7654,7,7,12.483134829365069,1.5168651706349308,0.8916524878117906,0.9858744530981162,2.0,2.0,False,main,False
7654,8,8,13.483134829365069,1.5168651706349308,0.8988756552910045,0.986896283405147,1.0,1.0,False,main,False
7654,9,9,14.483134829365069,1.5168651706349308,0.9051959268353168,0.9877802146358142,-1.0,-1.0,True,main,False
6891,1,1,6.359592959751243,1.6404070402487572,0.7949491199689054,0.9673064540802405,18.0,9.0,False,main,True
7967,0,1,5.361859660420713,2.6381403395792873,0.6702324575525891,0.9012089653763878,44.0,15.0,False,main,True
7967,0,2,5.361859660420713,3.6381403395792873,0.5957621844911903,0.8384377297020138,77.0,22.0,False,main,False
7967,0,3,5.361859660420713,4.638140339579287,0.5361859660420712,0.7797949774161077,132.0,30.0,False,main,False
7967,0,4,5.361859660420713,5.638140339579287,0.4874417873109739,0.7267943484938535,224.0,40.0,False,main,True
7967,0,5,5.361859660420713,6.638140339579287,0.4468216383683927,0.679420422920932,388.0,53.0,False,main,True
10616,0,1,5.1870928349463155,2.8129071650536845,0.6483866043682894,0.8870889620559317,51.0,16.0,False,main,True
10616,0,2,5.1870928349463155,3.8129071650536845,0.5763436483273684,0.8235393833518,90.0,23.0,False,main,False
10616,0,3,5.1870928349463155,4.8129071650536845,0.5187092834946315,0.7649217946720435,156.0,32.0,False,main,True
10616,0,4,5.1870928349463155,5.8129071650536845,0.47155389408602866,0.71228548915431,272.0,43.0,False,main,True
10616,0,5,5.1870928349463155,6.8129071650536845,0.43225773624552627,0.6654179687166328,488.0,57.0,False,main,True
4326,1,1,6.444347872237897,1.5556521277621034,0.8055434840297371,0.9715761891673534,17.0,8.0,False,main,True
10450,0,1,5.210221925919875,2.7897780740801252,0.6512777407399843,0.8889960431146717,50.0,16.0,False,main,True
10450,0,2,5.210221925919875,3.7897780740801252,0.5789135473244306,0.8255367966104877,88.0,23.0,False,main,False
10450,0,3,5.210221925919875,4.789778074080125,0.5210221925919875,0.7669091968158923,152.0,31.0,False,main,True
7379,1,1,6.158721969843523,1.8412780301564777,0.7698402462304403,0.9562412033883265,21.0,9.0,False,main,True
3157,1,1,6.495797958854254,1.5042020411457453,0.8119747448567818,0.9740454557277414,17.0,8.0,False,main,True
11655,0,1,5.533950253801921,2.4660497461980793,0.6917437817252401,0.9144403021384624,39.0,14.0,False,main,True
5691,1,1,6.418426787394258,1.5815732126057416,0.8023033484242823,0.9702966659124691,18.0,9.0,False,main,True
508,0,1,5.552168822845589,2.447831177154411,0.6940211028556986,0.9158006304560495,39.0,14.0,False,main,True
11322,1,1,6.555842654986446,1.4441573450135539,0.8194803318733057,0.9768056869659597,16.0,8.0,False,main,True
11322,2,2,7.555842654986446,1.4441573450135539,0.8395380727762718,0.979762405870038,13.0,7.0,False,main,False
11322,3,3,8.555842654986446,1.4441573450135539,0.8555842654986445,0.9820501307691035,10.0,6.0,False,main,False
11322,4,4,9.555842654986446,1.4441573450135539,0.8687129686351315,0.983872937011421,8.0,5.0,False,main,False
11322,5,5,10.555842654986446,1.4441573450135539,0.8796535545822038,0.9853595270322295,6.0,4.0,False,main,False
11322,6,6,11.555842654986446,1.4441573450135539,0.8889109734604959,0.9865950972943701,4.0,3.0,False,main,False
11322,7,7,12.555842654986446,1.4441573450135539,0.8968459039276032,0.9876382938465972,2.0,2.0,False,main,False
11322,8,8,13.555842654986446,1.4441573450135539,0.903722843665763,0.9885308097689466,1.0,1.0,False,main,False
11322,9,9,14.555842654986446,1.4441573450135539,0.9097401659366529,0.9893030993308591,-1.0,-1.0,True,main,False
8915,0,1,5.166657444086283,2.8333425559137164,0.6458321805107854,0.885394390357254,52.0,16.0,False,main,True
8964,1,1,6.442001969048305,1.5579980309516945,0.8052502461310381,0.9714613588089206,17.0,8.0,False,main,True
8964,2,2,7.442001969048305,1.5579980309516945,0.8268891076720339,0.9751196181647043,14.0,7.0,False,main,True
8964,3,3,8.442001969048306,1.5579980309516945,0.8442001969048306,0.9779458927168015,11.0,6.0,False,main,False
8964,4,4,9.442001969048306,1.5579980309516945,0.8583638153680279,0.9801951929258804,8.0,5.0,False,main,False
8964,5,5,10.442001969048306,1.5579980309516945,0.8701668307540255,0.9820279218410597,6.0,4.0,False,main,False
8964,6,6,11.442001969048306,1.5579980309516945,0.8801539976191004,0.9835500429382404,4.0,3.0,False,main,False
8964,7,7,12.442001969048306,1.5579980309516945,0.8887144263605933,0.9848343774236145,2.0,2.0,False,main,False
8964,8,8,13.442001969048306,1.5579980309516945,0.8961334646032204,0.9859326259150011,1.0,1.0,False,main,False
8964,9,9,14.442001969048306,1.5579980309516945,0.9026251230655191,0.9868825099163213,-1.0,-1.0,True,main,False
695,1,1,6.361271264651313,1.6387287353486877,0.7951589080814141,0.9673933838491243,18.0,9.0,False,main,True
695,2,2,7.361271264651313,1.6387287353486877,0.8179190294057014,0.9715893732310725,14.0,7.0,False,main,False
695,3,3,8.361271264651313,1.6387287353486877,0.8361271264651313,0.9748276390183747,11.0,6.0,False,main,False
695,4,4,9.361271264651313,1.6387287353486877,0.8510246604228466,0.97740272110425,9.0,5.0,False,main,False
695,5,5,10.361271264651313,1.6387287353486877,0.8634392720542761,0.9794995409291187,6.0,4.0,False,main,False
695,6,6,11.361271264651313,1.6387287353486877,0.8739439434347164,0.9812400815961677,4.0,3.0,False,main,False
695,7,7,12.361271264651313,1.6387287353486877,0.8829479474750938,0.9827080759985878,3.0,2.0,False,main,False
695,8,8,13.361271264651313,1.6387287353486877,0.8907514176434208,0.9839629150756523,1.0,1.0,False,main,False
695,9,9,14.361271264651313,1.6387287353486877,0.897579454040707,0.9850478968729386,-1.0,-1.0,True,main,False
8768,1,1,6.47802938300877,1.5219706169912302,0.8097536728760962,0.9732033860464638,17.0,8.0,False,main,True
8768,2,2,7.47802938300877,1.5219706169912302,0.8308921536676411,0.9766323428549969,13.0,7.0,False,main,True
8768,3,3,8.47802938300877,1.5219706169912302,0.847802938300877,0.9792827243838421,11.0,6.0,False,main,False
8768,4,4,9.47802938300877,1.5219706169912302,0.8616390348189792,0.9813928112475013,8.0,5.0,False,main,False
8768,5,5,10.47802938300877,1.5219706169912302,0.8731691152507309,0.9831126081330959,6.0,4.0,False,main,False
8768,6,6,11.47802938300877,1.5219706169912302,0.8829253371545208,0.9845412735995775,4.0,3.0,False,main,False
8768,7,7,12.47802938300877,1.5219706169912302,0.8912878130720551,0.9857469877827746,2.0,2.0,False,main,False
8768,8,8,13.47802938300877,1.5219706169912302,0.8985352922005847,0.9867781769570556,1.0,1.0,False,main,False
8768,9,9,14.47802938300877,1.5219706169912302,0.9048768364380482,0.9876701862141128,-1.0,-1.0,True,main,False
2040,0,1,5.54731333623801,2.45268666376199,0.6934141670297512,0.9154388559892571,39.0,14.0,False,main,True
11359,1,1,6.249613468454477,1.7503865315455234,0.7812016835568096,0.9614073593517579,20.0,9.0,False,main,True
9937,1,1,6.26640106332584,1.7335989366741602,0.78330013291573,0.9623331991230245,19.0,9.0,False,main,True
9937,2,2,7.26640106332584,1.7335989366741602,0.8073778959250933,0.9672023012812766,15.0,7.0,False,main,False
9937,3,3,8.26640106332584,1.7335989366741602,0.8266401063325841,0.9709553615709371,12.0,6.0,False,main,False
9937,4,4,9.26640106332584,1.7335989366741602,0.8424000966659855,0.9739369636992624,9.0,5.0,False,main,False
9937,5,5,10.26640106332584,1.7335989366741602,0.8555334219438201,0.9763629717345622,7.0,4.0,False,main,False
9937,6,6,11.26640106332584,1.7335989366741602,0.8666462356404493,0.9783755368958664,5.0,3.0,False,main,False
9937,7,7,12.26640106332584,1.7335989366741602,0.8761715045232743,0.9800721030505019,3.0,2.0,False,main,False
9937,8,8,13.26640106332584,1.7335989366741602,0.8844267375550561,0.9815217091940278,1.0,1.0,False,main,False
9937,9,9,14.26640106332584,1.7335989366741602,0.891650066457865,0.9827746404391118,-1.0,-1.0,True,main,False
11448,0,1,5.410188492549785,2.5898115074502153,0.6762735615687231,0.9049935304054227,43.0,15.0,False,main,True
10164,1,1,6.349087990196644,1.6509120098033567,0.7936359987745805,0.9667601884689925,18.0,9.0,False,main,True
10164,2,2,7.349087990196644,1.6509120098033567,0.8165653322440716,0.9710401546233927,14.0,7.0,False,main,False
10164,3,3,8.349087990196644,1.6509120098033567,0.8349087990196644,0.974342700498436,11.0,6.0,False,main,False
10164,4,4,9.349087990196644,1.6509120098033567,0.8499170900178767,0.9769685758494252,9.0,5.0,False,main,False
10164,5,5,10.349087990196644,1.6509120098033567,0.8624239991830537,0.9791065475280248,6.0,4.0,False,main,False
10164,6,6,11.349087990196644,1.6509120098033567,0.8730067684766649,0.9808811079474236,4.0,3.0,False,main,False
10164,7,7,12.349087990196644,1.6509120098033567,0.8820777135854746,0.982377697485644,3.0,2.0,False,main,False
10164,8,8,13.349087990196644,1.6509120098033567,0.8899391993464429,0.9836569094938954,1.0,1.0,False,main,False
10164,9,9,14.349087990196644,1.6509120098033567,0.8968179993872902,0.9847629133379824,-1.0,-1.0,True,main,False
5907,0,1,5.364939722991951,2.6350602770080487,0.6706174653739939,0.9014517374743147,44.0,15.0,False,main,True
4159,1,1,6.489971505825732,1.5100284941742683,0.8112464382282165,0.9737705898424072,17.0,8.0,False,main,True
4159,2,2,7.489971505825732,1.5100284941742683,0.8322190562028591,0.977125015086965,13.0,7.0,False,main,True
4159,3,3,8.489971505825732,1.5100284941742683,0.8489971505825732,0.9797181973028177,11.0,6.0,False,main,False
4159,4,4,9.489971505825732,1.5100284941742683,0.8627246823477939,0.9817829960690501,8.0,5.0,False,main,False
4159,5,5,10.489971505825732,1.5100284941742683,0.8741642921521443,0.9834660438027123,6.0,4.0,False,main,False
4159,6,6,11.489971505825732,1.5100284941742683,0.8838439619865948,0.9848642907283581,4.0,3.0,False,main,False
4159,7,7,12.489971505825732,1.5100284941742683,0.8921408218446951,0.9860444100717288,2.0,2.0,False,main,False
4159,8,8,13.489971505825732,1.5100284941742683,0.8993314337217154,0.9870537645055051,1.0,1.0,False,main,False
4159,9,9,14.489971505825732,1.5100284941742683,0.9056232191141083,0.9879269269191115,-1.0,-1.0,True,main,False
6458,1,1,6.439447705016285,1.5605522949837156,0.8049309631270356,0.9713361092466901,17.0,8.0,False,main,True
8623,1,1,6.198560692576294,1.8014393074237058,0.7748200865720367,0.9585371186878627,20.0,9.0,False,main,True
4357,1,1,6.30417338308705,1.6958266169129508,0.7880216728858812,0.9643832340883884,19.0,9.0,False,main,True
4489,1,1,6.403318083990996,1.5966819160090042,0.8004147604988745,0.9695400846772922,18.0,9.0,False,main,True
846,0,1,5.43900743360799,2.5609925663920103,0.6798759292009987,0.9072249774831949,42.0,15.0,False,main,True
6168,1,1,6.331332279432542,1.6686677205674585,0.7914165349290677,0.965828500800236,19.0,9.0,False,main,True
924,0,1,5.343420782299612,2.656579217700388,0.6679275977874515,0.8997511422802119,45.0,15.0,False,main,True
90,1,1,6.4476544669239235,1.552345533076077,0.8059568083654904,0.9717377155722832,17.0,8.0,False,main,True
90,2,2,7.4476544669239235,1.552345533076077,0.8275171629915471,0.9753595585842396,14.0,7.0,False,main,False
90,3,3,8.447654466923924,1.552345533076077,0.8447654466923924,0.9781579074668839,11.0,6.0,False,main,False
90,4,4,9.447654466923924,1.552345533076077,0.8588776788112658,0.9803851106043562,8.0,5.0,False,main,False
90,5,5,10.447654466923924,1.552345533076077,0.8706378722436603,0.982199917322161,6.0,4.0,False,main,False
90,6,6,11.447654466923924,1.552345533076077,0.8805888051479941,0.9837072093082959,4.0,3.0,False,main,False
90,7,7,12.447654466923924,1.552345533076077,0.8891181762088517,0.9849790702132476,2.0,2.0,False,main,False
90,8,8,13.447654466923924,1.552345533076077,0.8965102977949282,0.9860666804379872,1.0,1.0,False,main,False
90,9,9,14.447654466923924,1.552345533076077,0.9029784041827452,0.9870073840142115,-1.0,-1.0,True,main,False
4377,1,1,6.261238155726247,1.7387618442737538,0.7826547694657808,0.9620494209489773,19.0,9.0,False,main,True
11548,0,1,5.212115526995673,2.7878844730043277,0.6515144408744591,0.8891516651335263,50.0,16.0,False,main,True
7811,1,1,6.417510826701411,1.5824891732985886,0.8021888533376764,0.9702510233868092,18.0,9.0,False,main,True
7811,2,2,7.417510826701411,1.5824891732985886,0.8241678696334902,0.9740689455620686,14.0,7.0,False,main,False
7811,3,3,8.417510826701411,1.5824891732985886,0.8417510826701411,0.9770176192412323,11.0,6.0,False,main,False
7811,4,4,9.417510826701411,1.5824891732985886,0.8561373478819465,0.979363749073988,8.0,5.0,False,main,False
7811,5,5,10.417510826701411,1.5824891732985886,0.8681259022251177,0.981274998849339,6.0,4.0,False,main,False
7811,6,6,11.417510826701411,1.5824891732985886,0.8782700635924162,0.9828620797161127,4.0,3.0,False,main,False
7811,7,7,12.417510826701411,1.5824891732985886,0.8869650590501008,0.9842010487467467,2.0,2.0,False,main,False
7811,8,8,13.417510826701411,1.5824891732985886,0.8945007217800941,0.9853458882850549,1.0,1.0,False,main,False
7811,9,9,14.417510826701411,1.5824891732985886,0.9010944266688382,0.986335975098092,-1.0,-1.0,True,main,False
4545,0,1,5.4979899476821865,2.5020100523178135,0.6872487434602733,0.9117322232093069,40.0,15.0,False,main,True
2304,1,1,6.368062294727676,1.631937705272324,0.7960077868409595,0.9677441644585492,18.0,9.0,False,main,True
8689,1,1,6.551112227817755,1.4488877721822453,0.8188890284772193,0.9765930768986979,16.0,8.0,False,main,True
3748,1,1,6.32734664972609,1.6726533502739103,0.7909183312157613,0.9656179259527963,19.0,9.0,False,main,True
1924,0,1,5.281079658186756,2.718920341813244,0.6601349572733445,0.8947660950934523,47.0,16.0,False,main,True
11080,1,1,6.3762487665877545,1.623751233412246,0.7970310958234693,0.9681649531761582,18.0,9.0,False,main,True
11080,2,2,7.3762487665877545,1.623751233412246,0.8195831962875283,0.9722587136190095,14.0,7.0,False,main,False
11080,3,3,8.376248766587754,1.623751233412246,0.8376248766587754,0.9754187065563649,11.0,6.0,False,main,False
11080,4,4,9.376248766587754,1.623751233412246,0.8523862515079776,0.9779319254908923,9.0,5.0,False,main,False
11080,5,5,10.376248766587754,1.623751233412246,0.8646873972156461,0.9799786165516062,6.0,4.0,False,main,False
11080,6,6,11.376248766587754,1.623751233412246,0.8750960589682888,0.9816777108425667,4.0,3.0,False,main,False
11080,7,7,12.376248766587754,1.623751233412246,0.8840177690419824,0.9831108638765713,3.0,2.0,False,main,False
11080,8,8,13.376248766587754,1.623751233412246,0.8917499177725169,0.9843360033461003,1.0,1.0,False,main,False
11080,9,9,14.376248766587754,1.623751233412246,0.8985155479117346,0.9853953667510386,-1.0,-1.0,True,main,False
2929,1,1,6.46407931038287,1.5359206896171291,0.8080099137978588,0.9725343348647466,17.0,8.0,False,main,True
10288,1,1,6.390479578295582,1.6095204217044181,0.7988099472869478,0.9688910062879161,18.0,9.0,False,main,True
10288,2,2,7.390479578295582,1.6095204217044181,0.821164397588398,0.9728886691505328,14.0,7.0,False,main,False
10288,3,3,8.390479578295583,1.6095204217044181,0.8390479578295581,0.9759750619384978,11.0,6.0,False,main,False
10288,4,4,9.390479578295583,1.6095204217044181,0.8536799616632347,0.9784300976648136,9.0,5.0,False,main,False
10288,5,5,10.390479578295583,1.6095204217044181,0.8658732981912984,0.9804296335102909,6.0,4.0,False,main,False
10288,6,6,11.390479578295583,1.6095204217044181,0.8761907367919678,0.9820897343644336,4.0,3.0,False,main,False
10288,7,7,12.390479578295583,1.6095204217044181,0.8850342555925416,0.9834901041928653,3.0,2.0,False,main,False
10288,8,8,13.390479578295583,1.6095204217044181,0.8926986385530388,0.984687295716756,1.0,1.0,False,main,False
10288,9,9,14.390479578295583,1.6095204217044181,0.8994049736434739,0.9857225496559802,-1.0,-1.0,True,main,False
8636,0,1,5.288000882397382,2.711999117602618,0.6610001102996728,0.8953237975725763,47.0,15.0,False,main,True
5866,1,1,6.4060062253163865,1.5939937746836133,0.8007507781645483,0.9696752722856066,18.0,9.0,False,main,True
4219,0,1,5.3227803862612975,2.6772196137387025,0.6653475482826622,0.8981102265017586,46.0,15.0,False,main,True
6954,1,1,6.185454019486508,1.8145459805134914,0.7731817524358136,0.9577871527967003,20.0,9.0,False,main,True
6954,2,2,7.185454019486508,1.8145459805134914,0.7983837799429454,0.9632647802624835,16.0,8.0,False,main,True
6954,3,3,8.185454019486508,1.8145459805134914,0.8185454019486509,0.9674824004728979,12.0,6.0,False,main,False
6954,4,4,9.185454019486508,1.8145459805134914,0.8350412744987735,0.9708303533699226,9.0,5.0,False,main,False
6954,5,5,10.185454019486508,1.8145459805134914,0.848787834957209,0.9735527047251054,7.0,4.0,False,main,False
6954,6,6,11.185454019486508,1.8145459805134914,0.8604195399605007,0.975809942498693,5.0,3.0,False,main,False
6954,7,7,12.185454019486508,1.8145459805134914,0.8703895728204649,0.9777119523838675,3.0,2.0,False,main,False
6954,8,8,13.185454019486508,1.8145459805134914,0.8790302679657672,0.9793365146080396,1.0,1.0,False,main,False
6954,9,9,14.185454019486508,1.8145459805134914,0.8865908762179068,0.980740236392765,-1.0,-1.0,True,main,False
3295,1,1,6.235968019539438,1.7640319804605618,0.7794960024424298,0.9606482136142964,20.0,9.0,False,main,True
8854,1,1,6.424687344894079,1.5753126551059213,0.8030859181117599,0.9706078502710173,18.0,9.0,False,main,True
5819,1,1,6.560678661360146,1.4393213386398531,0.8200848326700183,0.9770221749526402,16.0,8.0,False,main,True
5819,2,2,7.560678661360146,1.4393213386398531,0.840075406817794,0.9799505992742993,13.0,7.0,False,main,True
5819,3,3,8.560678661360146,1.4393213386398531,0.8560678661360146,0.9822165770152351,10.0,6.0,False,main,False
5819,4,4,9.560678661360146,1.4393213386398531,0.8691526055781952,0.9840221450460025,8.0,5.0,False,main,False
5819,5,5,10.560678661360146,1.4393213386398531,0.8800565551133456,0.9854947344344475,6.0,4.0,False,main,False
5819,6,6,11.560678661360146,1.4393213386398531,0.8892829739507805,0.9867187074096319,4.0,3.0,False,main,False
5819,7,7,12.560678661360146,1.4393213386398531,0.8971913329542962,0.9877521398436061,2.0,2.0,False,main,False
5819,8,8,13.560678661360146,1.4393213386398531,0.9040452440906764,0.9886363218458906,1.0,1.0,False,main,False
5819,9,9,14.560678661360146,1.4393213386398531,0.9100424163350092,0.9894014147974852,-1.0,-1.0,True,main,False
10205,1,1,6.375159765981252,1.6248402340187487,0.7968949707476565,0.9681091089028407,18.0,9.0,False,main,True
10205,2,2,7.375159765981252,1.6248402340187487,0.819462196220139,0.9722102647331187,14.0,7.0,False,main,False
10205,3,3,8.375159765981252,1.6248402340187487,0.8375159765981252,0.9753759208415431,11.0,6.0,False,main,False
10205,4,4,9.375159765981252,1.6248402340187487,0.8522872514528411,0.9778936161597427,9.0,5.0,False,main,False
10205,5,5,10.375159765981252,1.6248402340187487,0.8645966471651043,0.9799439348171147,6.0,4.0,False,main,False
10205,6,6,11.375159765981252,1.6248402340187487,0.8750122896908655,0.9816460286034187,4.0,3.0,False,main,False
10205,7,7,12.375159765981252,1.6248402340187487,0.8839399832843752,0.9830817032667352,3.0,2.0,False,main,False
10205,8,8,13.375159765981252,1.6248402340187487,0.8916773177320835,0.9843089923340678,1.0,1.0,False,main,False
10205,9,9,14.375159765981252,1.6248402340187487,0.8984474853738282,0.9853702100209374,-1.0,-1.0,True,main,False
3450,0,1,5.180867357342361,2.8191326426576384,0.6476084196677951,0.8865736758416727,51.0,16.0,False,main,True
3780,1,1,6.414154245771372,1.5858457542286277,0.8017692807214215,0.9700835155198676,18.0,9.0,False,main,True
3383,1,1,6.497986592072303,1.5020134079276968,0.8122483240090379,0.9741483879619863,17.0,8.0,False,main,True
10512,1,1,6.44175860835429,1.5582413916457107,0.8052198260442862,0.9714494353845758,17.0,8.0,False,main,True
10512,2,2,7.44175860835429,1.5582413916457107,0.8268620675949211,0.9751092662580993,14.0,7.0,False,main,False
10512,3,3,8.44175860835429,1.5582413916457107,0.844175860835429,0.977936745848015,11.0,6.0,False,main,False
10512,4,4,9.44175860835429,1.5582413916457107,0.8583416916685718,0.9801869995381683,8.0,5.0,False,main,False
10512,5,5,10.44175860835429,1.5582413916457107,0.8701465506961908,0.9820205017623436,6.0,4.0,False,main,False
10512,6,6,11.44175860835429,1.5582413916457107,0.8801352775657146,0.9835432626891649,4.0,3.0,False,main,False
10512,7,7,12.44175860835429,1.5582413916457107,0.8886970434538778,0.9848281353575676,2.0,2.0,False,main,False
10512,8,8,13.44175860835429,1.5582413916457107,0.8961172405569526,0.985926842836641,1.0,1.0,False,main,False
10512,9,9,14.44175860835429,1.5582413916457107,0.9026099130221431,0.9868771229203622,-1.0,-1.0,True,main,False
7382,0,1,5.333991634757158,2.6660083652428423,0.6667489543446448,0.8990027043020833,45.0,15.0,False,main,True
193,1,1,6.422197259179485,1.5778027408205149,0.8027746573974356,0.9704842424943407,18.0,9.0,False,main,True
10757,1,1,6.522142483629054,1.4778575163709464,0.8152678104536317,0.9752728551496317,17.0,8.0,False,main,True
10757,2,2,7.522142483629054,1.4778575163709464,0.8357936092921171,0.9784301932313297,13.0,7.0,False,main,False
10757,3,3,8.522142483629054,1.4778575163709464,0.8522142483629054,0.9808720537194607,10.0,6.0,False,main,False
10757,4,4,9.522142483629054,1.4778575163709464,0.8656493166935504,0.9828170014903481,8.0,5.0,False,main,False
10757,5,5,10.522142483629054,1.4778575163709464,0.8768452069690879,0.9844027697954482,6.0,4.0,False,main,False
10757,6,6,11.522142483629054,1.4778575163709464,0.8863186525868503,0.9857204777509628,4.0,3.0,False,main,False
10757,7,7,12.522142483629054,1.4778575163709464,0.8944387488306467,0.9868328176863104,2.0,2.0,False,main,False
10757,8,8,13.522142483629054,1.4778575163709464,0.9014761655752702,0.9877843413959947,1.0,1.0,False,main,False
10757,9,9,14.522142483629054,1.4778575163709464,0.9076339052268159,0.9886075803357609,-1.0,-1.0,True,main,False
8871,1,1,6.282094414037404,1.7179055859625953,0.7852618017546755,0.9631905308531737,19.0,9.0,False,main,True
4580,1,1,6.5115887365745095,1.48841126342549,0.8139485920718137,0.9747841966762963,17.0,8.0,False,main,True
5663,0,1,5.328035413373539,2.671964586626461,0.6660044266716924,0.8985289051862626,45.0,15.0,False,main,True
4495,0,1,5.163170970717212,2.836829029282788,0.6453963713396516,0.8851043843904259,52.0,16.0,False,main,True
1478,1,1,6.260572953653149,1.739427046346851,0.7825716192066436,0.9620127962927949,19.0,9.0,False,main,True
7165,1,1,6.560389973414704,1.4396100265852958,0.820048746676838,0.9770092762438367,16.0,8.0,False,main,True
5196,0,1,5.550971445866763,2.4490285541332373,0.6938714307333453,0.9157114679585605,39.0,14.0,False,main,True
11627,0,1,5.188827213250405,2.8111727867495953,0.6486034016563006,0.8872323687746955,51.0,16.0,False,main,True
3534,1,1,6.50087916467401,1.4991208353259902,0.8126098955842512,0.9742841600359705,17.0,8.0,False,main,True
3534,2,2,7.50087916467401,1.4991208353259902,0.8334310182971122,0.9775711568667845,13.0,7.0,False,main,False
3534,3,3,8.50087916467401,1.4991208353259902,0.8500879164674011,0.980112579172669,11.0,6.0,False,main,False
3534,4,4,9.50087916467401,1.4991208353259902,0.8637162876976373,0.9821363893278932,8.0,5.0,False,main,False
3534,5,5,10.50087916467401,1.4991208353259902,0.8750732637228342,0.9837861721200608,6.0,4.0,False,main,False
3534,6,6,11.50087916467401,1.4991208353259902,0.8846830126672316,0.9851568814107391,4.0,3.0,False,main,False
3534,7,7,12.50087916467401,1.4991208353259902,0.8929199403338579,0.9863138278213821,2.0,2.0,False,main,False
3534,8,8,13.50087916467401,1.4991208353259902,0.9000586109782673,0.9873034120812975,1.0,1.0,False,main,False
3534,9,9,14.50087916467401,1.4991208353259902,0.9063049477921257,0.9881595085662156,-1.0,-1.0,True,main,False
11198,1,1,6.352081932337355,1.647918067662645,0.7940102415421694,0.9669162523783743,18.0,9.0,False,main,True
11198,2,2,7.352081932337355,1.647918067662645,0.8168979924819283,0.971175513942637,14.0,7.0,False,main,False
11198,3,3,8.352081932337356,1.647918067662645,0.8352081932337356,0.9744622129531804,11.0,6.0,False,main,False
11198,4,4,9.352081932337356,1.647918067662645,0.8501892665761233,0.97707556721285,9.0,5.0,False,main,False
11198,5,5,10.352081932337356,1.647918067662645,0.8626734943614464,0.9792033950785047,6.0,4.0,False,main,False
11198,6,6,11.352081932337356,1.647918067662645,0.8732370717182582,0.9809695701044959,4.0,3.0,False,main,False
11198,7,7,12.352081932337356,1.647918067662645,0.8822915665955254,0.98245911160253,3.0,2.0,False,main,False
11198,8,8,13.352081932337356,1.647918067662645,0.8901387954891571,0.983732316432896,1.0,1.0,False,main,False
11198,9,9,14.352081932337356,1.647918067662645,0.8970051207710847,0.9848331391257131,-1.0,-1.0,True,main,False
10321,1,1,6.338692021160563,1.6613079788394365,0.7923365026450704,0.9662159581341474,19.0,9.0,False,main,True
10321,2,2,7.338692021160563,1.6613079788394365,0.8154102245733958,0.9705681605606221,15.0,7.0,False,main,False
10321,3,3,8.338692021160563,1.6613079788394365,0.8338692021160563,0.973925987030804,11.0,6.0,False,main,False
10321,4,4,9.338692021160563,1.6613079788394365,0.8489720019236876,0.9765955367357754,9.0,5.0,False,main,False
10321,5,5,10.338692021160563,1.6613079788394365,0.8615576684300469,0.9787688877888181,6.0,4.0,False,main,False
10321,6,6,11.338692021160563,1.6613079788394365,0.8722070785508126,0.9805726926831899,4.0,3.0,False,main,False
10321,7,7,12.338692021160563,1.6613079788394365,0.8813351443686116,0.9820938612812182,3.0,2.0,False,main,False
10321,8,8,13.338692021160563,1.6613079788394365,0.8892461347440376,0.9833940215375467,1.0,1.0,False,main,False
10321,9,9,14.338692021160563,1.6613079788394365,0.8961682513225352,0.9845180924115265,-1.0,-1.0,True,main,False
2329,1,1,6.267455335423074,1.7325446645769258,0.7834319169278843,0.9623910421001886,19.0,9.0,False,main,True
9666,1,1,6.14638396733064,1.8536160326693603,0.76829799591633,0.9555203480422828,21.0,9.0,False,main,True
9666,2,2,7.14638396733064,1.8536160326693603,0.7940426630367378,0.9613027025897757,16.0,8.0,False,main,False
9666,3,3,8.146383967330639,1.8536160326693603,0.8146383967330639,0.9657526695196339,13.0,6.0,False,main,False
9666,4,4,9.146383967330639,1.8536160326693603,0.8314894515755126,0.9692836793890827,10.0,5.0,False,main,False
9666,5,5,10.146383967330639,1.8536160326693603,0.8455319972775532,0.9721539985921483,7.0,4.0,False,main,False
9666,6,6,11.146383967330639,1.8536160326693603,0.857414151333126,0.9745333328300523,5.0,3.0,False,main,False
9666,7,7,12.146383967330639,1.8536160326693603,0.8675988548093313,0.9765378139078762,3.0,2.0,False,main,False
9666,8,8,13.146383967330639,1.8536160326693603,0.8764255978220425,0.97824960565343,1.0,1.0,False,main,False
9666,9,9,14.146383967330639,1.8536160326693603,0.8841489979581649,0.9797284829141826,-1.0,-1.0,True,main,False
2111,1,1,6.244148390128719,1.7558516098712813,0.7805185487660898,0.9611040246826649,20.0,9.0,False,main,True
9362,1,1,6.203590126674711,1.796409873325289,0.7754487658343389,0.9588234941058987,20.0,9.0,False,main,True
4005,0,1,5.296280559362145,2.7037194406378546,0.6620350699202682,0.8959895722154877,47.0,15.0,False,main,True
5762,1,1,6.395989588192382,1.6040104118076184,0.7994986985240478,0.969170269334291,18.0,9.0,False,main,True
5762,2,2,7.395989588192382,1.6040104118076184,0.8217766209102647,0.9731309962125139,14.0,7.0,False,main,True
5762,3,3,8.395989588192382,1.6040104118076184,0.8395989588192382,0.9761890944322689,11.0,6.0,False,main,False
5762,4,4,9.395989588192382,1.6040104118076184,0.8541808716538529,0.9786217590062664,9.0,5.0,False,main,False
5762,5,5,10.395989588192382,1.6040104118076184,0.8663324656826985,0.9806031617299098,6.0,4.0,False,main,False
5762,6,6,11.395989588192382,1.6040104118076184,0.8766145837071063,0.9822482665485137,4.0,3.0,False,main,False
5762,7,7,12.395989588192382,1.6040104118076184,0.8854278277280273,0.9836360276553129,2.0,2.0,False,main,False
5762,8,8,13.395989588192382,1.6040104118076184,0.8930659725461588,0.9848224694230018,1.0,1.0,False,main,False
5762,9,9,14.395989588192382,1.6040104118076184,0.8997493492620239,0.9858484494913103,-1.0,-1.0,True,main,False
4240,1,1,6.421212190642753,1.5787878093572474,0.8026515238303441,0.9704352841642971,18.0,9.0,False,main,True
9770,1,1,6.528237980231015,1.4717620197689847,0.8160297475288769,0.9755532232389661,16.0,8.0,False,main,True
9770,2,2,7.528237980231015,1.4717620197689847,0.836470886692335,0.9786738298934711,13.0,7.0,False,main,False
9770,3,3,8.528237980231015,1.4717620197689847,0.8528237980231015,0.9810874774285637,10.0,6.0,False,main,False
9770,4,4,9.528237980231015,1.4717620197689847,0.8662034527482741,0.9830100731543752,8.0,5.0,False,main,False
9770,5,5,10.528237980231015,1.4717620197689847,0.8773531650192513,0.9845776947447142,6.0,4.0,False,main,False
9770,6,6,11.528237980231015,1.4717620197689847,0.8867875369408473,0.9858803759462185,4.0,3.0,False,main,False
9770,7,7,12.528237980231015,1.4717620197689847,0.8948741414450725,0.9869800677980498,2.0,2.0,False,main,False
9770,8,8,13.528237980231015,1.4717620197689847,0.901882532015401,0.9879207984973809,1.0,1.0,False,main,False
9770,9,9,14.528237980231015,1.4717620197689847,0.9080148737644385,0.9887347191231807,-1.0,-1.0,True,main,False
12007,1,1,6.363422740113398,1.636577259886602,0.7954278425141748,0.9675046833734218,18.0,9.0,False,main,True
6147,1,1,6.514737493050321,1.4852625069496797,0.8143421866312901,0.9749304174483153,17.0,8.0,False,main,True
5455,0,1,5.171956162106614,2.8280438378933863,0.6464945202633268,0.8858346400006804,52.0,16.0,False,main,True
1490,1,1,6.257393580988661,1.7426064190113384,0.7821741976235826,0.9618375515329797,20.0,9.0,False,main,True
11037,1,1,6.446744264201986,1.5532557357980132,0.8058430330252483,0.9716932908198185,17.0,8.0,False,main,True
11037,2,2,7.446744264201986,1.5532557357980132,0.8274160293557763,0.9753209868126627,14.0,7.0,False,main,False
11037,3,3,8.446744264201985,1.5532557357980132,0.8446744264201987,0.9781238242362503,11.0,6.0,False,main,False
11037,4,4,9.446744264201985,1.5532557357980132,0.8587949331092716,0.9803545792040712,8.0,5.0,False,main,False
11037,5,5,10.446744264201985,1.5532557357980132,0.8705620220168322,0.9821722667760214,6.0,4.0,False,main,False
11037,6,6,11.446744264201985,1.5532557357980132,0.880518789553999,0.9836819424822493,4.0,3.0,False,main,False
11037,7,7,12.446744264201985,1.5532557357980132,0.8890531617287134,0.9849558085037717,2.0,2.0,False,main,False
11037,8,8,13.446744264201985,1.5532557357980132,0.8964496176134658,0.9860451288476921,1.0,1.0,False,main,False
11037,9,9,14.446744264201985,1.5532557357980132,0.9029215165126242,0.9869873082129078,-1.0,-1.0,True,main,False
3680,0,1,5.364871442889927,2.635128557110072,0.6706089303612409,0.9014463579186465,44.0,15.0,False,main,True
6221,0,1,5.363869466328792,2.6361305336712086,0.670483683291099,0.9013674035299208,44.0,15.0,False,main,True
9161,0,1,5.350020090780592,2.6499799092194083,0.668752511347574,0.9002737771838464,45.0,15.0,False,main,True
11506,1,1,6.512713903121164,1.4872860968788357,0.8140892378901455,0.9748364883985787,17.0,8.0,False,main,True
11506,2,2,7.512713903121164,1.4872860968788357,0.8347459892356849,0.9780510276171727,13.0,7.0,False,main,True
11506,3,3,8.512713903121163,1.4872860968788357,0.8512713903121163,0.9805368167275316,10.0,6.0,False,main,False
11506,4,4,9.512713903121163,1.4872860968788357,0.8647921730110149,0.9825165633086191,8.0,5.0,False,main,False
11506,5,5,10.512713903121163,1.4872860968788357,0.8760594919267636,0.9841305806825037,6.0,4.0,False,main,False
11506,6,6,11.512713903121163,1.4872860968788357,0.8855933771631664,0.9854716790614083,4.0,3.0,False,main,False
11506,7,7,12.512713903121163,1.4872860968788357,0.8937652787943688,0.9866037055721892,2.0,2.0,False,main,False
11506,8,8,13.512713903121163,1.4872860968788357,0.9008475935414109,0.9875720275678584,1.0,1.0,False,main,False
11506,9,9,14.512713903121163,1.4872860968788357,0.9070446189450727,0.9884097689134053,-1.0,-1.0,True,main,False
8715,0,1,5.460123041094175,2.539876958905825,0.6825153801367718,0.9088478336326465,41.0,15.0,False,main,True
192,1,1,6.412235011372126,1.5877649886278742,0.8015293764215158,0.9699875620558154,18.0,9.0,False,main,True
568,1,1,6.507582558502542,1.492417441497458,0.8134478198128178,0.9745976353207976,17.0,8.0,False,main,True
568,2,2,7.507582558502542,1.492417441497458,0.8341758398336158,0.977843501059181,13.0,7.0,False,main,True
568,3,3,8.507582558502541,1.492417441497458,0.8507582558502541,0.9803533444020571,10.0,6.0,False,main,False
568,4,4,9.507582558502541,1.492417441497458,0.8643256871365946,0.9823521438214202,8.0,5.0,False,main,False
568,5,5,10.507582558502541,1.492417441497458,0.8756318798752117,0.9839816265898883,6.0,4.0,False,main,False
568,6,6,11.507582558502541,1.492417441497458,0.8851986583463494,0.9853355295045836,4.0,3.0,False,main,False
568,7,7,12.507582558502541,1.492417441497458,0.8933987541787529,0.9864783323288718,2.0,2.0,False,main,False
568,8,8,13.507582558502541,1.492417441497458,0.9005055039001694,0.9874558491482291,1.0,1.0,False,main,False
568,9,9,14.507582558502541,1.492417441497458,0.9067239099064088,0.9883015282923809,-1.0,-1.0,True,main,False
336,1,1,6.5473914957867665,1.452608504213234,0.8184239369733458,0.9764252597529316,16.0,8.0,False,main,True
336,2,2,7.5473914957867665,1.452608504213234,0.8385990550874185,0.9794317237487771,13.0,7.0,False,main,True
336,3,3,8.547391495786766,1.452608504213234,0.8547391495786766,0.9817576775229181,10.0,6.0,False,main,False
336,4,4,9.547391495786766,1.452608504213234,0.8679446814351605,0.9836107833590337,8.0,5.0,False,main,False
336,5,5,10.547391495786766,1.452608504213234,0.8789492913155638,0.9851219802926975,6.0,4.0,False,main,False
336,6,6,11.547391495786766,1.452608504213234,0.8882608842912897,0.9863779321142352,4.0,3.0,False,main,False
336,7,7,12.547391495786766,1.452608504213234,0.8962422496990546,0.9874382876076084,2.0,2.0,False,main,False
336,8,8,13.547391495786766,1.452608504213234,0.903159433052451,0.9883454484491633,1.0,1.0,False,main,False
336,9,9,14.547391495786766,1.452608504213234,0.9092119684866729,0.9891303838821608,-1.0,-1.0,True,main,False
2615,1,1,6.334291398456335,1.6657086015436646,0.7917864248070419,0.9659845011829786,19.0,9.0,False,main,True
2615,2,2,7.334291398456335,1.6657086015436646,0.8149212664951483,0.9703674414060147,15.0,7.0,False,main,True
2615,3,3,8.334291398456335,1.6657086015436646,0.8334291398456335,0.9737487871889675,11.0,6.0,False,main,False
2615,4,4,9.334291398456335,1.6657086015436646,0.8485719453142123,0.9764369161652025,9.0,5.0,False,main,False
2615,5,5,10.334291398456335,1.6657086015436646,0.8611909498713612,0.978625316413709,6.0,4.0,False,main,False
2615,6,6,11.334291398456335,1.6657086015436646,0.8718685691120258,0.9804415600220596,4.0,3.0,False,main,False
2615,7,7,12.334291398456335,1.6657086015436646,0.8810208141754525,0.9819731823434317,3.0,2.0,False,main,False
2615,8,8,13.334291398456335,1.6657086015436646,0.888952759897089,0.9832822516567282,1.0,1.0,False,main,False
2615,9,9,14.334291398456335,1.6657086015436646,0.8958932124035209,0.9844140059112334,-1.0,-1.0,True,main,False
9648,0,1,5.216310221741477,2.783689778258523,0.6520387777176846,0.889496121289884,50.0,16.0,False,main,True
9648,0,2,5.216310221741477,3.783689778258523,0.5795900246379418,0.8260612797627054,88.0,23.0,False,main,False
9648,0,3,5.216310221741477,4.783689778258523,0.5216310221741477,0.767431377874173,151.0,31.0,False,main,True
4059,1,1,6.232657238464585,1.7673427615354156,0.7790821548080731,0.9604631362637264,20.0,9.0,False,main,True
9922,0,1,5.263730333428693,2.736269666571307,0.6579662916785867,0.8933634731147466,48.0,16.0,False,main,True
9922,0,2,5.263730333428693,3.736269666571307,0.5848589259365214,0.8301277736757856,84.0,22.0,False,main,False
9922,0,3,5.263730333428693,4.736269666571307,0.5263730333428693,0.7714847353163216,145.0,31.0,False,main,False
9922,0,4,5.263730333428693,5.736269666571307,0.4785209394026085,0.7186799789112435,249.0,41.0,False,main,True
9922,0,5,5.263730333428693,6.736269666571307,0.4386441944523911,0.6715846466007496,440.0,55.0,False,main,True
560,0,1,5.371252638822462,2.628747361177538,0.6714065798528077,0.9019486563120835,44.0,15.0,False,main,True
3354,1,1,6.329275440707217,1.670724559292783,0.7911594300884022,0.9657198964047888,19.0,9.0,False,main,True
11964,1,1,6.343435098567803,1.6565649014321968,0.7929293873209754,0.9664647058453991,18.0,9.0,False,main,True
11964,2,2,7.343435098567803,1.6565649014321968,0.8159372331742003,0.9707838850507166,14.0,7.0,False,main,True
11964,3,3,8.343435098567802,1.6565649014321968,0.8343435098567802,0.9741164411374196,11.0,6.0,False,main,False
11964,4,4,9.343435098567802,1.6565649014321968,0.8494031907788911,0.9767660268849485,9.0,5.0,False,main,False
11964,5,5,10.343435098567802,1.6565649014321968,0.8619529248806502,0.9789232062485863,6.0,4.0,False,main,False
11964,6,6,11.343435098567802,1.6565649014321968,0.8725719306590617,0.9807136440473123,4.0,3.0,False,main,False
11964,7,7,12.343435098567802,1.6565649014321968,0.8816739356119859,0.9822235782785099,3.0,2.0,False,main,False
11964,8,8,13.343435098567802,1.6565649014321968,0.8895623399045202,0.9835141638881781,1.0,1.0,False,main,False
11964,9,9,14.343435098567802,1.6565649014321968,0.8964646936604876,0.9846299771445458,-1.0,-1.0,True,main,False
1957,1,1,6.505504725258077,1.4944952747419236,0.8131880906572596,0.9745006432445537,17.0,8.0,False,main,True
1957,2,2,7.505504725258077,1.4944952747419236,0.8339449694731197,0.9777592331857295,13.0,7.0,False,main,True
1957,3,3,8.505504725258078,1.4944952747419236,0.8505504725258076,0.980278846166026,10.0,6.0,False,main,False
1957,4,4,9.505504725258078,1.4944952747419236,0.8641367932052797,0.9822853834750683,8.0,5.0,False,main,False
1957,5,5,10.505504725258078,1.4944952747419236,0.8754587271048396,0.9839211468970301,6.0,4.0,False,main,False
1957,6,6,11.505504725258078,1.4944952747419236,0.885038825019852,0.9852802496790452,4.0,3.0,False,main,False
1957,7,7,12.505504725258078,1.4944952747419236,0.893250337518434,0.9864274285899747,2.0,2.0,False,main,False
1957,8,8,13.505504725258078,1.4944952747419236,0.9003669816838717,0.9874086791865784,1.0,1.0,False,main,False
1957,9,9,14.505504725258078,1.4944952747419236,0.9065940453286299,0.988257581595352,-1.0,-1.0,True,main,False
1355,1,1,6.587428327314504,1.4125716726854967,0.823428540914313,0.9782036960481171,16.0,8.0,False,main,True
8992,1,1,6.31697808237846,1.6830219176215402,0.7896222602973075,0.965067661023362,19.0,9.0,False,main,True
1569,1,1,6.51451942054389,1.4854805794561097,0.8143149275679863,0.9749203023767697,17.0,8.0,False,main,True
8951,1,1,6.458407925568004,1.5415920744319962,0.8073009906960005,0.9722603489388366,17.0,8.0,False,main,True
8951,2,2,7.458407925568004,1.5415920744319962,0.8287119917297782,0.9758133636313823,14.0,7.0,False,main,False
8951,3,3,8.458407925568004,1.5415920744319962,0.8458407925568003,0.9785589231587846,11.0,6.0,False,main,False
8951,4,4,9.458407925568004,1.5415920744319962,0.8598552659607276,0.980744349764784,8.0,5.0,False,main,False
8951,5,5,10.458407925568004,1.5415920744319962,0.8715339937973337,0.9825252695563567,6.0,4.0,False,main,False
8951,6,6,11.458407925568004,1.5415920744319962,0.8814159942744618,0.9840045207025359,4.0,3.0,False,main,False
8951,7,7,12.458407925568004,1.5415920744319962,0.8898862803977146,0.9852527933477978,2.0,2.0,False,main,False
8951,8,8,13.458407925568004,1.5415920744319962,0.897227195037867,0.9863202848746171,1.0,1.0,False,main,False
8951,9,9,14.458407925568004,1.5415920744319962,0.9036504953480002,0.9872436259445718,-1.0,-1.0,True,main,False
9410,0,1,5.540165758813071,2.4598342411869294,0.6925207198516339,0.9149052816870947,39.0,14.0,False,main,True
8102,1,1,6.203195769205819,1.796804230794181,0.7753994711507274,0.9588010677653757,20.0,9.0,False,main,True
8102,2,2,7.203195769205819,1.796804230794181,0.8003550854673133,0.9641426709332188,16.0,8.0,False,main,False
8102,3,3,8.20319576920582,1.796804230794181,0.820319576920582,0.9682565146998109,12.0,6.0,False,main,False
8102,4,4,9.20319576920582,1.796804230794181,0.8366541608368927,0.9715226697165366,9.0,5.0,False,main,False
8102,5,5,10.20319576920582,1.796804230794181,0.850266314100485,0.974178879544893,7.0,4.0,False,main,False
8102,6,6,11.20319576920582,1.796804230794181,0.8617842899389092,0.9763815250467581,5.0,3.0,False,main,False
8102,7,7,12.20319576920582,1.796804230794181,0.8716568406575586,0.9782377071029257,3.0,2.0,False,main,False
8102,8,8,13.20319576920582,1.796804230794181,0.880213051280388,0.9798232505199052,1.0,1.0,False,main,False
8102,9,9,14.20319576920582,1.796804230794181,0.8876997355753637,0.9811933489160283,-1.0,-1.0,True,main,False
11501,1,1,6.479337334218235,1.5206626657817641,0.8099171667772794,0.9732657587292868,17.0,8.0,False,main,True
8407,1,1,6.367955506365226,1.632044493634774,0.7959944382956532,0.9677386605044307,18.0,9.0,False,main,True
8407,2,2,7.367955506365226,1.632044493634774,0.8186617229294695,0.9718888889516394,14.0,7.0,False,main,False
8407,3,3,8.367955506365226,1.632044493634774,0.8367955506365226,0.9750921202618642,11.0,6.0,False,main,False
8407,4,4,9.367955506365226,1.632044493634774,0.8516323187604751,0.9776395145287016,9.0,5.0,False,main,False
8407,5,5,10.367955506365226,1.632044493634774,0.8639962921971022,0.9797138995709187,6.0,4.0,False,main,False
8407,6,6,11.367955506365226,1.632044493634774,0.8744581158742482,0.9814358919507306,4.0,3.0,False,main,False
8407,7,7,12.367955506365226,1.632044493634774,0.8834253933118018,0.9828882944927297,3.0,2.0,False,main,False
8407,8,8,13.367955506365226,1.632044493634774,0.8911970337576817,0.9841298430710013,1.0,1.0,False,main,False
8407,9,9,14.367955506365226,1.632044493634774,0.8979972191478266,0.9852033609759139,-1.0,-1.0,True,main,False
1774,1,1,6.478668063551815,1.521331936448185,0.8098335079439769,0.9732338506788761,17.0,8.0,False,main,True
1774,2,2,7.478668063551815,1.521331936448185,0.830963118172424,0.9766588027528686,13.0,7.0,False,main,True
1774,3,3,8.478668063551815,1.521331936448185,0.8478668063551815,0.9793061111942969,11.0,6.0,False,main,False
1774,4,4,9.478668063551815,1.521331936448185,0.8616970966865286,0.9814137651233674,8.0,5.0,False,main,False
1774,5,5,10.478668063551815,1.521331936448185,0.873222338629318,0.9831315879328437,6.0,4.0,False,main,False
1774,6,6,11.478668063551815,1.521331936448185,0.8829744664270627,0.9845586194790976,4.0,3.0,False,main,False
1774,7,7,12.478668063551815,1.521331936448185,0.8913334331108439,0.9857629589083212,2.0,2.0,False,main,False
1774,8,8,13.478668063551815,1.521331936448185,0.8985778709034543,0.986792975336803,1.0,1.0,False,main,False
1774,9,9,14.478668063551815,1.521331936448185,0.9049167539719885,0.9876839723614551,-1.0,-1.0,True,main,False
9039,0,1,5.310387890142097,2.6896121098579022,0.6637984862677622,0.8971204558179777,46.0,15.0,False,main,True
5850,1,1,6.471070654468598,1.528929345531402,0.8088838318085747,0.9728705120091795,17.0,8.0,False,main,True
5850,2,2,7.471070654468598,1.528929345531402,0.830118961607622,0.9763432388353195,14.0,7.0,False,main,True
5850,3,3,8.471070654468598,1.528929345531402,0.8471070654468598,0.9790272053060127,11.0,6.0,False,main,False
5850,4,4,9.471070654468598,1.528929345531402,0.8610064231335088,0.9811638794969214,8.0,5.0,False,main,False
5850,5,5,10.471070654468598,1.528929345531402,0.8725892212057165,0.9829052482665005,6.0,4.0,False,main,False
5850,6,6,11.471070654468598,1.528929345531402,0.8823900503437383,0.984351767867199,4.0,3.0,False,main,False
5850,7,7,12.471070654468598,1.528929345531402,0.8907907610334712,0.9855725037655815,2.0,2.0,False,main,False
5850,8,8,13.471070654468598,1.528929345531402,0.8980713769645732,0.9866165070121168,1.0,1.0,False,main,False
5850,9,9,14.471070654468598,1.528929345531402,0.9044419159042874,0.9875195762387414,-1.0,-1.0,True,main,False
3300,1,1,6.44170022080576,1.5582997791942397,0.80521252760072,0.9714465743847432,17.0,8.0,False,main,True
3300,2,2,7.44170022080576,1.5582997791942397,0.826855580089529,0.9751067823446353,14.0,7.0,False,main,True
3300,3,3,8.44170022080576,1.5582997791942397,0.844170022080576,0.9779345510830203,11.0,6.0,False,main,False
3300,4,4,9.44170022080576,1.5582997791942397,0.8583363837096146,0.980185033560144,8.0,5.0,False,main,False
3300,5,5,10.44170022080576,1.5582997791942397,0.8701416850671467,0.9820187213388127,6.0,4.0,False,main,False
3300,6,6,11.44170022080576,1.5582997791942397,0.8801307862158277,0.9835416357917016,4.0,3.0,False,main,False
3300,7,7,12.44170022080576,1.5582997791942397,0.8886928729146971,0.9848266375960768,2.0,2.0,False,main,False
3300,8,8,13.44170022080576,1.5582997791942397,0.8961133480537173,0.9859254552082412,1.0,1.0,False,main,False
3300,9,9,14.44170022080576,1.5582997791942397,0.90260626380036,0.9868758303309846,-1.0,-1.0,True,main,False
331,0,1,5.3983804698726034,2.601619530127397,0.6747975587340754,0.9040737536129849,43.0,15.0,False,main,True
987,1,1,6.490823435976641,1.5091765640233588,0.8113529294970802,0.9738108567181194,17.0,8.0,False,main,True
987,2,2,7.490823435976641,1.5091765640233588,0.8323137151085157,0.9771599932694396,13.0,7.0,False,main,False
987,3,3,8.49082343597664,1.5091765640233588,0.849082343597664,0.9797491161489932,11.0,6.0,False,main,False
987,4,4,9.49082343597664,1.5091765640233588,0.862802130543331,0.9818107005801339,8.0,5.0,False,main,False
987,5,5,10.49082343597664,1.5091765640233588,0.8742352863313867,0.9834911398295896,6.0,4.0,False,main,False
987,6,6,11.49082343597664,1.5091765640233588,0.8839094950751262,0.9848872274868066,4.0,3.0,False,main,False
987,7,7,12.49082343597664,1.5091765640233588,0.8922016739983315,0.9860655298789213,2.0,2.0,False,main,False
987,8,8,13.49082343597664,1.5091765640233588,0.8993882290651094,0.9870733342192558,1.0,1.0,False,main,False
987,9,9,14.49082343597664,1.5091765640233588,0.90567646474854,0.9879451586066041,-1.0,-1.0,True,main,False
7743,1,1,6.515511849169572,1.4844881508304284,0.8144389811461965,0.974966321093386,17.0,8.0,False,main,True
7743,2,2,7.515511849169572,1.4844881508304284,0.8350568721299525,0.9781638371217284,13.0,7.0,False,main,False
7743,3,3,8.515511849169572,1.4844881508304284,0.8515511849169572,0.9806365538430692,10.0,6.0,False,main,False
7743,4,4,9.515511849169572,1.4844881508304284,0.8650465317426884,0.982605945434896,8.0,5.0,False,main,False
7743,5,5,10.515511849169572,1.4844881508304284,0.8762926540974644,0.9842115571468911,6.0,4.0,False,main,False
7743,6,6,11.515511849169572,1.4844881508304284,0.8858086037822748,0.9855456958067463,4.0,3.0,False,main,False
7743,7,7,12.515511849169572,1.4844881508304284,0.8939651320835409,0.9866718648201707,2.0,2.0,False,main,False
7743,8,8,13.515511849169572,1.4844881508304284,0.9010341232779715,0.9876351888064796,1.0,1.0,False,main,False
7743,9,9,14.515511849169572,1.4844881508304284,0.9072194905730983,0.9884686153212393,-1.0,-1.0,True,main,False
6768,0,1,5.273510739387337,2.726489260612663,0.6591888424234171,0.8941549933206232,47.0,16.0,False,main,True
7309,1,1,6.461342445288623,1.538657554711377,0.8076678056610779,0.9724022590178649,17.0,8.0,False,main,True
11195,1,1,6.212963714084584,1.7870362859154163,0.776620464260573,0.9593551292869362,20.0,9.0,False,main,True
11195,2,2,7.212963714084584,1.7870362859154163,0.8014404126760648,0.9646224739329946,16.0,8.0,False,main,False
11195,3,3,8.212963714084584,1.7870362859154163,0.8212963714084583,0.9686796478014092,12.0,6.0,False,main,False
11195,4,4,9.212963714084584,1.7870362859154163,0.8375421558258712,0.9719011252904969,9.0,5.0,False,main,False
11195,5,5,10.212963714084584,1.7870362859154163,0.8510803095070486,0.9745212029275524,7.0,4.0,False,main,False
11195,6,6,11.212963714084584,1.7870362859154163,0.8625356703141988,0.9766940214095582,5.0,3.0,False,main,False
11195,7,7,12.212963714084584,1.7870362859154163,0.8723545510060416,0.9785251622116259,3.0,2.0,False,main,False
11195,8,8,13.212963714084584,1.7870362859154163,0.8808642476056389,0.9800893829895589,1.0,1.0,False,main,False
11195,9,9,14.212963714084584,1.7870362859154163,0.8883102321302865,0.9814411057441856,-1.0,-1.0,True,main,False
5622,1,1,6.221366920157202,1.7786330798427987,0.7776708650196502,0.9598294002654459,20.0,9.0,False,main,True
6224,1,1,6.464088110661738,1.5359118893382626,0.8080110138327172,0.9725347591193767,17.0,8.0,False,main,True
2108,0,1,5.276882349289222,2.7231176507107784,0.6596102936611528,0.8944273672859027,47.0,16.0,False,main,True
7171,1,1,6.1795743057131,1.8204256942868997,0.7724467882141375,0.9574489962828354,21.0,9.0,False,main,True
4596,1,1,6.177086461871175,1.8229135381288248,0.7721358077338969,0.9573055950747578,21.0,9.0,False,main,True
10312,0,1,5.236407722082366,2.7635922779176334,0.6545509652602958,0.891141165502113,49.0,16.0,False,main,True
10312,0,2,5.236407722082366,3.7635922779176334,0.581823080231374,0.8277887548245636,86.0,22.0,False,main,False
10312,0,3,5.236407722082366,4.763592277917633,0.5236407722082366,0.769152244870072,148.0,31.0,False,main,False
10312,0,4,5.236407722082366,5.763592277917633,0.47603706564385145,0.7164060023878043,257.0,42.0,False,main,True
10312,0,5,5.236407722082366,6.763592277917633,0.43636731017353053,0.6693908659594153,456.0,56.0,False,main,True
10312,0,6,5.236407722082366,7.763592277917633,0.40280059400633583,0.6275467091097724,855.0,74.0,False,main,True
11087,1,1,6.198502376586768,1.801497623413232,0.774812797073346,0.9585337935870182,20.0,9.0,False,main,True
11087,2,2,7.198502376586768,1.801497623413232,0.7998335973985298,0.9639112368640509,16.0,8.0,False,main,False
11087,3,3,8.198502376586768,1.801497623413232,0.8198502376586768,0.9680524276800988,12.0,6.0,False,main,False
11087,4,4,9.198502376586768,1.801497623413232,0.8362274887806153,0.971340140184071,9.0,5.0,False,main,False
11087,5,5,10.198502376586768,1.801497623413232,0.8498751980488973,0.9740137827256161,7.0,4.0,False,main,False
11087,6,6,11.198502376586768,1.801497623413232,0.8614232597374437,0.976230817862393,5.0,3.0,False,main,False
11087,7,7,12.198502376586768,1.801497623413232,0.8713215983276263,0.9780990800242384,3.0,2.0,False,main,False
11087,8,8,13.198502376586768,1.801497623413232,0.8799001584391178,0.9796949091569196,1.0,1.0,False,main,False
11087,9,9,14.198502376586768,1.801497623413232,0.887406398536673,0.9810738713169775,-1.0,-1.0,True,main,False
1250,1,1,6.387947260286398,1.6120527397136017,0.7984934075357998,0.9687623128361663,18.0,9.0,False,main,True
10798,0,1,5.540877450213696,2.4591225497863043,0.692609681276712,0.9149584645951643,39.0,14.0,False,main,True
10798,0,2,5.540877450213696,3.4591225497863043,0.6156530500237439,0.8532276355836511,67.0,20.0,False,main,False
10798,0,3,5.540877450213696,4.459122549786304,0.5540877450213696,0.7946847218149939,112.0,28.0,False,main,False
10798,0,4,5.540877450213696,5.459122549786304,0.5037161318376087,0.7413857893453688,187.0,37.0,False,main,True
10798,0,5,5.540877450213696,6.459122549786304,0.461739787517808,0.693542272325568,314.0,49.0,False,main,True
10798,0,6,5.540877450213696,7.459122549786304,0.42622134232413045,0.6507650941480716,546.0,65.0,False,main,True
2181,0,1,5.255680818393516,2.7443191816064836,0.6569601022991896,0.8927104569307042,48.0,16.0,False,main,True
5442,1,1,6.572939399834314,1.4270606001656856,0.8216174249792892,0.9775670910800873,16.0,8.0,False,main,True
5442,2,2,7.572939399834314,1.4270606001656856,0.8414377110927016,0.9804243399444014,13.0,7.0,False,main,True
5442,3,3,8.572939399834315,1.4270606001656856,0.8572939399834315,0.9826356030025118,10.0,6.0,False,main,False
5442,4,4,9.572939399834315,1.4270606001656856,0.8702672181667559,0.9843977949215662,8.0,5.0,False,main,False
5442,5,5,10.572939399834315,1.4270606001656856,0.8810782833195262,0.9858351511829545,6.0,4.0,False,main,False
5442,6,6,11.572939399834315,1.4270606001656856,0.8902261076795627,0.987029936682518,4.0,3.0,False,main,False
5442,7,7,12.572939399834315,1.4270606001656856,0.8980670999881654,0.9880387935557302,2.0,2.0,False,main,False
5442,8,8,13.572939399834315,1.4270606001656856,0.904862626655621,0.9889019984701108,1.0,1.0,False,main,False
5442,9,9,14.572939399834315,1.4270606001656856,0.9108087124896447,0.9896489761201637,-1.0,-1.0,True,main,False
7555,1,1,6.214781408976688,1.7852185910233116,0.776847676122086,0.9594579055725946,20.0,9.0,False,main,True
4045,1,1,6.537775212442305,1.4622247875576946,0.8172219015552882,0.9759891437877942,16.0,8.0,False,main,True
2499,1,1,6.384640740820082,1.6153592591799184,0.7980800926025102,0.9685939446047829,18.0,9.0,False,main,True
6110,0,1,5.214563053759445,2.7854369462405546,0.6518203817199306,0.8893526953055968,50.0,16.0,False,main,True
1431,0,1,5.273564062377228,2.726435937622772,0.6591955077971535,0.8941593029414271,47.0,16.0,False,main,True
2294,0,1,5.528469388416814,2.4715306115831863,0.6910586735521017,0.9140295216092508,39.0,14.0,False,main,True
9046,1,1,6.422123969449928,1.5778760305500712,0.802765496181241,0.9704806011253285,18.0,9.0,False,main,True
3173,0,1,5.5741416612774755,2.4258583387225245,0.6967677076596844,0.9174307582850196,38.0,14.0,False,main,True
11968,0,1,5.223944595948432,2.7760554040515677,0.652993074493554,0.8901220537649315,49.0,16.0,False,main,True
1976,0,1,5.205904429294662,2.7940955707053376,0.6507380536618328,0.8886409273242444,50.0,16.0,False,main,True
10802,0,1,5.182223392942592,2.817776607057408,0.647777924117824,0.8866859867577761,51.0,16.0,False,main,True
10802,0,2,5.182223392942592,3.817776607057408,0.5758025992158435,0.8231178677064052,90.0,23.0,False,main,False
10802,0,3,5.182223392942592,4.817776607057408,0.5182223392942592,0.7645026410489957,157.0,32.0,False,main,True
10802,0,4,5.182223392942592,5.817776607057408,0.4711112175402356,0.7118774909470797,273.0,43.0,False,main,True
10802,0,5,5.182223392942592,6.817776607057408,0.43185194941188265,0.6650247459104706,491.0,57.0,False,main,True
10690,1,1,6.458995292505092,1.541004707494908,0.8073744115631365,0.9722887778245523,17.0,8.0,False,main,True
10690,2,2,7.458995292505092,1.541004707494908,0.828777254722788,0.9758380500985236,14.0,7.0,False,main,False
10690,3,3,8.458995292505092,1.541004707494908,0.8458995292505092,0.9785807389685515,11.0,6.0,False,main,False
10690,4,4,9.458995292505092,1.541004707494908,0.8599086629550083,0.9807638935898886,8.0,5.0,False,main,False
10690,5,5,10.458995292505092,1.541004707494908,0.871582941042091,0.982542970339774,6.0,4.0,False,main,False
10690,6,6,11.458995292505092,1.541004707494908,0.8814611763465455,0.984020696316037,4.0,3.0,False,main,False
10690,7,7,12.458995292505092,1.541004707494908,0.8899282351789352,0.9852676859126891,2.0,2.0,False,main,False
10690,8,8,13.458995292505092,1.541004707494908,0.8972663528336728,0.9863340830702967,1.0,1.0,False,main,False
10690,9,9,14.458995292505092,1.541004707494908,0.9036872057815682,0.9872564796647371,-1.0,-1.0,True,main,False
7235,1,1,6.281475938261749,1.7185240617382516,0.7851844922827186,0.9631568934364451,19.0,9.0,False,main,True
7235,2,2,7.281475938261749,1.7185240617382516,0.8090528820290832,0.9679161172760137,15.0,7.0,False,main,False
7235,3,3,8.28147593826175,1.7185240617382516,0.8281475938261748,0.9715852107471047,12.0,6.0,False,main,False
7235,4,4,9.28147593826175,1.7185240617382516,0.8437705398419771,0.9745005469813706,9.0,5.0,False,main,False
7235,5,5,10.28147593826175,1.7185240617382516,0.8567896615218124,0.9768729205513477,7.0,4.0,False,main,False
7235,6,6,11.28147593826175,1.7185240617382516,0.8678058414047498,0.9788411820294063,5.0,3.0,False,main,False
7235,7,7,12.28147593826175,1.7185240617382516,0.8772482813044106,0.9805005333330382,3.0,2.0,False,main,False
7235,8,8,13.28147593826175,1.7185240617382516,0.8854317292174498,0.9819184369666356,1.0,1.0,False,main,False
7235,9,9,14.28147593826175,1.7185240617382516,0.8925922461413593,0.9831440370235849,-1.0,-1.0,True,main,False
1424,1,1,6.264215008901165,1.7357849910988352,0.7830268761126457,0.9622131471485426,19.0,9.0,False,main,True
8629,1,1,6.1795289350460605,1.82047106495394,0.7724411168807576,0.9574463827812919,21.0,9.0,False,main,True
10272,1,1,6.4845842146359445,1.5154157853640555,0.8105730268294931,0.973515350451802,17.0,8.0,False,main,True
10272,2,2,7.4845842146359445,1.5154157853640555,0.8316204682928827,0.9769033066517013,13.0,7.0,False,main,False
10272,3,3,8.484584214635944,1.5154157853640555,0.8484584214635944,0.9795222239322228,11.0,6.0,False,main,False
10272,4,4,9.484584214635944,1.5154157853640555,0.8622349286032677,0.9816073997105055,8.0,5.0,False,main,False
10272,5,5,10.484584214635944,1.5154157853640555,0.873715351219662,0.9833069830871427,6.0,4.0,False,main,False
10272,6,6,11.484584214635944,1.5154157853640555,0.8834295549719957,0.9847189175771488,4.0,3.0,False,main,False
10272,7,7,12.484584214635944,1.5154157853640555,0.8917560153311389,0.9859105542502676,2.0,2.0,False,main,False
10272,8,8,13.484584214635944,1.5154157853640555,0.8989722809757297,0.986929734240424,1.0,1.0,False,main,False
10272,9,9,14.484584214635944,1.5154157853640555,0.9052865134147465,0.9878113778291231,-1.0,-1.0,True,main,False
10475,1,1,6.431155663991683,1.5688443360083166,0.8038944579989604,0.970927927433292,17.0,9.0,False,main,True
10475,2,2,7.431155663991683,1.5688443360083166,0.8256839626657426,0.9746565203598756,14.0,7.0,False,main,False
10475,3,3,8.431155663991683,1.5688443360083166,0.8431155663991683,0.9775367208148341,11.0,6.0,False,main,False
10475,4,4,9.431155663991683,1.5688443360083166,0.8573777876356076,0.9798286861726034,8.0,5.0,False,main,False
10475,5,5,10.431155663991683,1.5688443360083166,0.8692629719993069,0.9816960158950034,6.0,4.0,False,main,False
10475,6,6,11.431155663991683,1.5688443360083166,0.8793196664608988,0.9832467639289475,4.0,3.0,False,main,False
10475,7,7,12.431155663991683,1.5688443360083166,0.8879396902851202,0.9845551764935134,2.0,2.0,False,main,False
10475,8,8,13.431155663991683,1.5688443360083166,0.8954103775994455,0.9856739591569823,1.0,1.0,False,main,False
10475,9,9,14.431155663991683,1.5688443360083166,0.9019472289994802,0.9866415625318876,-1.0,-1.0,True,main,False
7461,1,1,6.197219979725423,1.8027800202745772,0.7746524974656779,0.9584606464096722,20.0,9.0,False,main,True
1315,1,1,6.427690686873326,1.5723093131266732,0.8034613358591658,0.9707566486842434,17.0,9.0,False,main,True
7838,1,1,6.37725788741697,1.6227421125830297,0.7971572359271213,0.9682166652744058,18.0,9.0,False,main,True
7838,2,2,7.37725788741697,1.6227421125830297,0.8196953208241078,0.9723035780637646,14.0,7.0,False,main,False
7838,3,3,8.37725788741697,1.6227421125830297,0.837725788741697,0.9754583271568208,11.0,6.0,False,main,False
7838,4,4,9.37725788741697,1.6227421125830297,0.8524779897651791,0.9779674010921116,9.0,5.0,False,main,False
7838,5,5,10.37725788741697,1.6227421125830297,0.8647714906180809,0.9800107330624882,6.0,4.0,False,main,False
7838,6,6,11.37725788741697,1.6227421125830297,0.8751736836474593,0.9817070498452373,4.0,3.0,False,main,False
7838,7,7,12.37725788741697,1.6227421125830297,0.8840898491012121,0.9831378678512788,3.0,2.0,False,main,False
7838,8,8,13.37725788741697,1.6227421125830297,0.8918171924944647,0.9843610167797611,1.0,1.0,False,main,False
7838,9,9,14.37725788741697,1.6227421125830297,0.8985786179635606,0.9854186630976268,-1.0,-1.0,True,main,False
11499,1,1,6.392449174778472,1.6075508252215278,0.799056146847309,0.9689909504334692,18.0,9.0,False,main,True
11570,1,1,6.4640942618999215,1.535905738100078,0.8080117827374902,0.9725350556641696,17.0,8.0,False,main,True
5143,0,1,5.182376952541615,2.8176230474583845,0.6477971190677019,0.8866987025269036,51.0,16.0,False,main,True
10518,1,1,6.424347370238283,1.575652629761717,0.8030434212797853,0.9705909866649103,18.0,9.0,False,main,True
10518,2,2,7.424347370238283,1.575652629761717,0.8249274855820314,0.9743640338296424,14.0,7.0,False,main,False
10518,3,3,8.424347370238284,1.575652629761717,0.8424347370238283,0.9772783119946327,11.0,6.0,False,main,False
10518,4,4,9.424347370238284,1.575652629761717,0.856758851839844,0.9795972353189442,8.0,5.0,False,main,False
10518,5,5,10.424347370238284,1.575652629761717,0.8686956141865236,0.98148642521124,6.0,4.0,False,main,False
10518,6,6,11.424347370238284,1.575652629761717,0.878795951556791,0.9830552576637582,4.0,3.0,False,main,False
10518,7,7,12.424347370238284,1.575652629761717,0.8874533835884488,0.9843788799219847,2.0,2.0,False,main,False
10518,8,8,13.424347370238284,1.575652629761717,0.894956491349219,0.9855106328782011,1.0,1.0,False,main,False
10518,9,9,14.424347370238284,1.575652629761717,0.9015217106398927,0.9864894280231515,-1.0,-1.0,True,main,False
8542,1,1,6.3993522953775575,1.600647704622443,0.7999190369221947,0.9693401895627286,18.0,9.0,False,main,True
10852,1,1,6.182139275720041,1.8178607242799592,0.7727674094650051,0.9575966444131242,21.0,9.0,False,main,True
10852,2,2,7.182139275720041,1.8178607242799592,0.7980154750800046,0.963099849189578,16.0,8.0,False,main,False
10852,3,3,8.18213927572004,1.8178607242799592,0.818213927572004,0.9673369787351668,12.0,6.0,False,main,False
10852,4,4,9.18213927572004,1.8178607242799592,0.8347399341563673,0.9707003066036026,9.0,5.0,False,main,False
10852,5,5,10.18213927572004,1.8178607242799592,0.8485116063100033,0.973435088518978,7.0,4.0,False,main,False
10852,6,6,11.18213927572004,1.8178607242799592,0.8601645596707723,0.9757025852417073,5.0,3.0,False,main,False
10852,7,7,12.18213927572004,1.8178607242799592,0.8701528054085743,0.9776132063384848,3.0,2.0,False,main,False
10852,8,8,13.18213927572004,1.8178607242799592,0.8788092850480027,0.9792450998170097,1.0,1.0,False,main,False
10852,9,9,14.18213927572004,1.8178607242799592,0.8863837047325025,0.9806551387311031,-1.0,-1.0,True,main,False
8798,1,1,6.460263261174115,1.5397367388258856,0.8075329076467643,0.9723501064473998,17.0,8.0,False,main,True
11056,0,1,5.45402558772297,2.54597441227703,0.6817531984653713,0.9083802665072437,41.0,15.0,False,main,True
11056,0,2,5.45402558772297,3.54597441227703,0.60600284308033,0.8461124007280406,72.0,21.0,False,main,False
11056,0,3,5.45402558772297,4.54597441227703,0.545402558772297,0.7875046375037862,121.0,29.0,False,main,True
11056,0,4,5.45402558772297,5.54597441227703,0.49582050797481547,0.7343407501914342,203.0,39.0,False,main,True
6760,1,1,6.575984145186689,1.4240158548133106,0.8219980181483362,0.9777015309958919,16.0,8.0,False,main,True
8799,1,1,6.409279891031827,1.5907201089681728,0.8011599863789783,0.9698395696214334,18.0,9.0,False,main,True
7096,0,1,5.489541440780733,2.510458559219267,0.6861926800975916,0.911091582119372,40.0,15.0,False,main,True
3491,0,1,5.363685788313767,2.6363142116862326,0.6704607235392209,0.9013529274988809,44.0,15.0,False,main,True
7754,1,1,6.287397772057003,1.7126022279429973,0.7859247215071253,0.9634784604623374,19.0,9.0,False,main,True
7754,2,2,7.287397772057003,1.7126022279429973,0.8097108635618891,0.9681948204422586,15.0,7.0,False,main,False
7754,3,3,8.287397772057002,1.7126022279429973,0.8287397772057001,0.9718311511403409,12.0,6.0,False,main,False
7754,4,4,9.287397772057002,1.7126022279429973,0.8443088883688183,0.9747206270509419,9.0,5.0,False,main,False
7754,5,5,10.287397772057002,1.7126022279429973,0.8572831476714168,0.9770720670444909,7.0,4.0,False,main,False
7754,6,6,11.287397772057002,1.7126022279429973,0.8682613670813079,0.9790230349772433,5.0,3.0,False,main,False
7754,7,7,12.287397772057002,1.7126022279429973,0.877671269432643,0.9806678585677744,3.0,2.0,False,main,False
7754,8,8,13.287397772057002,1.7126022279429973,0.8858265181371334,0.9820733854867496,1.0,1.0,False,main,False
7754,9,9,14.287397772057002,1.7126022279429973,0.8929623607535626,0.9832883147590482,-1.0,-1.0,True,main,False
3608,0,1,5.358894686593844,2.6411053134061557,0.6698618358242305,0.9009750628252876,44.0,15.0,False,main,True
10969,0,1,5.423897881894118,2.5761021181058816,0.6779872352367647,0.9060574200365296,42.0,15.0,False,main,True
10969,0,2,5.423897881894118,3.5761021181058816,0.6026553202104575,0.8436176417679224,74.0,21.0,False,main,False
10969,0,3,5.423897881894118,4.576102118105881,0.5423897881894117,0.7849946667558856,124.0,29.0,False,main,True
10969,0,4,5.423897881894118,5.576102118105881,0.493081625626738,0.7318819093187501,210.0,39.0,False,main,True
10969,0,5,5.423897881894118,6.576102118105881,0.4519914901578432,0.684339543459302,360.0,52.0,False,main,True
2398,1,1,6.173483530905745,1.826516469094255,0.7716854413632181,0.9570975834492023,21.0,9.0,False,main,True
5410,1,1,6.56168421412727,1.4383157858727298,0.8202105267659088,0.9770670790380467,16.0,8.0,False,main,True
4703,0,1,5.317737872855568,2.682262127144431,0.664717234106946,0.8977079006188247,46.0,15.0,False,main,True
5715,0,1,5.271572861793266,2.728427138206734,0.6589466077241583,0.8939983295401621,48.0,16.0,False,main,True
10122,1,1,6.4550404939427475,1.5449595060572525,0.8068800617428434,0.9720971271805185,17.0,8.0,False,main,True
10122,2,2,7.4550404939427475,1.5449595060572525,0.8283378326603053,0.9756716316756872,14.0,7.0,False,main,False
10122,3,3,8.455040493942747,1.5449595060572525,0.8455040493942747,0.9784336744998646,11.0,6.0,False,main,False
10122,4,4,9.455040493942747,1.5449595060572525,0.859549135812977,0.980632146429874,8.0,5.0,False,main,False
10122,5,5,10.455040493942747,1.5449595060572525,0.8712533744952289,0.9824236483782761,6.0,4.0,False,main,False
10122,6,6,11.455040493942747,1.5449595060572525,0.881156961072519,0.9839116563928492,4.0,3.0,False,main,False
10122,7,7,12.455040493942747,1.5449595060572525,0.889645749567339,0.9851672956321035,2.0,2.0,False,main,False
10122,8,8,13.455040493942747,1.5449595060572525,0.8970026995961831,0.9862410703698737,1.0,1.0,False,main,False
10122,9,9,14.455040493942747,1.5449595060572525,0.9034400308714217,0.9871698339889827,-1.0,-1.0,True,main,False
5544,0,1,5.289554229843309,2.7104457701566913,0.6611942787304136,0.8954488188112912,47.0,15.0,False,main,True
9591,0,1,5.224572840420368,2.7754271595796314,0.653071605052546,0.8901735063205549,49.0,16.0,False,main,True
9591,0,2,5.224572840420368,3.7754271595796314,0.580508093380041,0.8267722060132283,87.0,23.0,False,main,False
9591,0,3,5.224572840420368,4.775427159579632,0.5224572840420368,0.768139402899948,150.0,31.0,False,main,True
9591,0,4,5.224572840420368,5.775427159579632,0.47496116731094257,0.715419037715386,260.0,42.0,False,main,True
1739,1,1,6.2801179720972975,1.719882027902703,0.7850147465121622,0.9630829936049309,19.0,9.0,False,main,True
6851,1,1,6.4167246362157435,1.5832753637842565,0.8020905795269679,0.9702118241225616,18.0,9.0,False,main,True
4755,0,1,5.262501947582592,2.7374980524174073,0.657812743447824,0.8932639123223086,48.0,16.0,False,main,True
7510,1,1,6.546122748099544,1.4538772519004564,0.818265343512443,0.9763679169294739,16.0,8.0,False,main,True
2490,0,1,5.438480161847725,2.5615198381522757,0.6798100202309656,0.9071843220471186,42.0,15.0,False,main,True
3198,0,1,5.434271426185581,2.565728573814419,0.6792839282731976,0.9068595770889811,42.0,15.0,False,main,True
3079,1,1,6.569622952041522,1.4303770479584779,0.8212028690051902,0.9774202548334832,16.0,8.0,False,main,True
3079,2,2,7.569622952041522,1.4303770479584779,0.8410692168935024,0.9802966768131062,13.0,7.0,False,main,False
3079,3,3,8.569622952041522,1.4303770479584779,0.8569622952041522,0.9825226801382608,10.0,6.0,False,main,False
3079,4,4,9.569622952041522,1.4303770479584779,0.8699657229128657,0.9842965584917158,8.0,5.0,False,main,False
3079,5,5,10.569622952041522,1.4303770479584779,0.8808019126701269,0.9857434078144353,6.0,4.0,False,main,False
3079,6,6,11.569622952041522,1.4303770479584779,0.8899709963108863,0.9869460578090637,4.0,3.0,False,main,False
3079,7,7,12.569622952041522,1.4303770479584779,0.8978302108601087,0.987961536750346,2.0,2.0,False,main,False
3079,8,8,13.569622952041522,1.4303770479584779,0.9046415301361015,0.9888303942714646,1.0,1.0,False,main,False
3079,9,9,14.569622952041522,1.4303770479584779,0.9106014345025951,0.9895822535029988,-1.0,-1.0,True,main,False
4245,1,1,6.419573799186452,1.5804262008135481,0.8024467248983065,0.9703537806919607,18.0,9.0,False,main,True
7162,1,1,6.365653954396666,1.6343460456033339,0.7957067442995832,0.9676199431763808,18.0,9.0,False,main,True
2008,1,1,6.1751448198152366,1.824855180184763,0.7718931024769046,0.9571935456526781,21.0,9.0,False,main,True
6485,1,1,6.321275344147968,1.6787246558520321,0.790159418018496,0.9652961487519675,19.0,9.0,False,main,True
9604,1,1,6.163002608088224,1.8369973919117761,0.770375326011028,0.956490224119365,21.0,9.0,False,main,True
9604,2,2,7.163002608088224,1.8369973919117761,0.7958891786764694,0.9621420940856262,16.0,8.0,False,main,False
9604,3,3,8.163002608088224,1.8369973919117761,0.8163002608088223,0.9664925929224444,12.0,6.0,False,main,False
9604,4,4,9.163002608088224,1.8369973919117761,0.8330002370989295,0.9699452494521185,10.0,5.0,False,main,False
9604,5,5,10.163002608088224,1.8369973919117761,0.846916884007352,0.9727522430606357,7.0,4.0,False,main,False
9604,6,6,11.163002608088224,1.8369973919117761,0.8586925083144787,0.9750793295687227,5.0,3.0,False,main,False
9604,7,7,12.163002608088224,1.8369973919117761,0.8687859005777303,0.9770399649358512,3.0,2.0,False,main,False
9604,8,8,13.163002608088224,1.8369973919117761,0.8775335072058816,0.9787144354260802,1.0,1.0,False,main,False
9604,9,9,14.163002608088224,1.8369973919117761,0.885187663005514,0.9801611593697277,-1.0,-1.0,True,main,False
1306,0,1,5.477428758778733,2.522571241221267,0.6846785948473416,0.9101701829506833,41.0,15.0,False,main,True
3544,1,1,6.421887958172977,1.5781120418270231,0.8027359947716222,0.9704688737359001,18.0,9.0,False,main,True
7287,1,1,6.1954012359697135,1.8045987640302865,0.7744251544962142,0.9583568191035451,20.0,9.0,False,main,True
2534,1,1,6.408800024996733,1.591199975003267,0.8011000031245916,0.9698155094482396,18.0,9.0,False,main,True
11185,1,1,6.314018157210306,1.6859818427896935,0.7892522696512883,0.9649099270388879,19.0,9.0,False,main,True
11185,2,2,7.314018157210306,1.6859818427896935,0.8126686841344785,0.9694356984555415,15.0,7.0,False,main,False
11185,3,3,8.314018157210306,1.6859818427896935,0.8314018157210306,0.9729263052850771,12.0,6.0,False,main,False
11185,4,4,9.314018157210306,1.6859818427896935,0.8467289233827551,0.9757007293780058,9.0,5.0,False,main,False
11185,5,5,10.314018157210306,1.6859818427896935,0.8595015131008589,0.9779590180970708,7.0,4.0,False,main,False
11185,6,6,11.314018157210306,1.6859818427896935,0.8703090890161774,0.9798330201012303,4.0,3.0,False,main,False
11185,7,7,12.314018157210306,1.6859818427896935,0.8795727255150219,0.9814131787981853,3.0,2.0,False,main,False
11185,8,8,13.314018157210306,1.6859818427896935,0.8876012104806871,0.9827636091862724,1.0,1.0,False,main,False
11185,9,9,14.314018157210306,1.6859818427896935,0.8946261348256441,0.9839310316752984,-1.0,-1.0,True,main,False
6739,0,1,5.555943348984165,2.4440566510158344,0.6944929186230206,0.9160814764353685,38.0,14.0,False,main,True
6059,0,1,5.172844036489437,2.827155963510563,0.6466055045611796,0.8859083510182859,51.0,16.0,False,main,True
10368,1,1,6.333829602362239,1.6661703976377609,0.7917287002952799,0.9659601750937061,19.0,9.0,False,main,True
10368,2,2,7.333829602362239,1.6661703976377609,0.8148699558180266,0.9703463464164568,15.0,7.0,False,main,False
10368,3,3,8.33382960236224,1.6661703976377609,0.8333829602362239,0.9737301643830031,11.0,6.0,False,main,False
10368,4,4,9.33382960236224,1.6661703976377609,0.8485299638511127,0.9764202462071288,9.0,5.0,False,main,False
10368,5,5,10.33382960236224,1.6661703976377609,0.86115246686352,0.9786102282141714,6.0,4.0,False,main,False
10368,6,6,11.33382960236224,1.6661703976377609,0.8718330463355569,0.9804277791730258,4.0,3.0,False,main,False
10368,7,7,12.33382960236224,1.6661703976377609,0.88098782874016,0.9819605001941896,3.0,2.0,False,main,False
10368,8,8,13.33382960236224,1.6661703976377609,0.888921973490816,0.9832705058454719,1.0,1.0,False,main,False
10368,9,9,14.33382960236224,1.6661703976377609,0.89586435014764,0.9844030676086346,-1.0,-1.0,True,main,False
3500,1,1,6.191810344980937,1.8081896550190626,0.7739762931226172,0.9581515245295357,20.0,9.0,False,main,True
9165,1,1,6.385265053217136,1.6147349467828644,0.798158131652142,0.9686257631971099,18.0,9.0,False,main,True
9165,2,2,7.385265053217136,1.6147349467828644,0.8205850059130151,0.9726585212320732,14.0,7.0,False,main,False
9165,3,3,8.385265053217136,1.6147349467828644,0.8385265053217136,0.9757717955195697,11.0,6.0,False,main,False
9165,4,4,9.385265053217136,1.6147349467828644,0.8532059139288305,0.9782480833919228,9.0,5.0,False,main,False
9165,5,5,10.385265053217136,1.6147349467828644,0.8654387544347614,0.9802648442167995,6.0,4.0,False,main,False
9165,6,6,11.385265053217136,1.6147349467828644,0.8757896194782412,0.981939189326095,4.0,3.0,False,main,False
9165,7,7,12.385265053217136,1.6147349467828644,0.8846617895155097,0.9833515352571601,3.0,2.0,False,main,False
9165,8,8,13.385265053217136,1.6147349467828644,0.892351003547809,0.9845589368171891,1.0,1.0,False,main,False
9165,9,9,14.385265053217136,1.6147349467828644,0.899079065826071,0.9856029987356754,-1.0,-1.0,True,main,False
4944,1,1,6.426405670632517,1.5735943293674828,0.8033007088290647,0.9706930219729193,18.0,9.0,False,main,True
7882,1,1,6.552544539364016,1.4474554606359837,0.819068067420502,0.9766575408782425,16.0,8.0,False,main,True
7882,2,2,7.552544539364016,1.4474554606359837,0.8391716154848906,0.9796336279103269,13.0,7.0,False,main,False
7882,3,3,8.552544539364016,1.4474554606359837,0.8552544539364015,0.9819362378982093,10.0,6.0,False,main,False
7882,4,4,9.552544539364016,1.4474554606359837,0.8684131399421833,0.9837708422918106,8.0,5.0,False,main,False
7882,5,5,10.552544539364016,1.4474554606359837,0.879378711613668,0.9852670141307046,6.0,4.0,False,main,False
7882,6,6,11.552544539364016,1.4474554606359837,0.8886572722587704,0.9865105210798418,4.0,3.0,False,main,False
7882,7,7,12.552544539364016,1.4474554606359837,0.8966103242402869,0.9875603995551421,2.0,2.0,False,main,False
7882,8,8,13.552544539364016,1.4474554606359837,0.9035029692909344,0.9884586185074694,1.0,1.0,False,main,False
7882,9,9,14.552544539364016,1.4474554606359837,0.909534033710251,0.9892358327036078,-1.0,-1.0,True,main,False
1624,1,1,6.5745911919372455,1.4254088080627545,0.8218238989921557,0.9776400691175512,16.0,8.0,False,main,True
3112,0,1,5.3408813337293655,2.6591186662706345,0.6676101667161707,0.8995497695238476,45.0,15.0,False,main,True
8995,1,1,6.188076576684077,1.8119234233159234,0.7735095720855096,0.9579376397487908,20.0,9.0,False,main,True
7512,1,1,6.204240771084131,1.7957592289158688,0.7755300963855164,0.9588604844372483,20.0,9.0,False,main,True
7848,0,1,5.186812949056986,2.8131870509430144,0.6483516186321232,0.8870658136714928,51.0,16.0,False,main,True
7848,0,2,5.186812949056986,3.8131870509430144,0.5763125498952206,0.8235151648229774,90.0,23.0,False,main,False
7848,0,3,5.186812949056986,4.813187050943014,0.5186812949056986,0.7648977095174571,156.0,32.0,False,main,True
7848,0,4,5.186812949056986,5.813187050943014,0.4715284499142714,0.7122620437356326,272.0,43.0,False,main,True
6413,1,1,6.397602637712705,1.6023973622872951,0.7997003297140881,0.969251826425265,18.0,9.0,False,main,True
8873,1,1,6.277339172907163,1.7226608270928376,0.7846673966133954,0.9629315874453458,19.0,9.0,False,main,True
1590,0,1,5.416845993297772,2.583154006702227,0.6771057491622215,0.9055107091426825,43.0,15.0,False,main,True
100,0,1,5.31090172108598,2.68909827891402,0.6638627151357475,0.897161562616982,46.0,15.0,False,main,True
3814,0,1,5.572686813542889,2.4273131864571105,0.6965858516928611,0.917323182680424,38.0,14.0,False,main,True
8121,1,1,6.458143809590334,1.5418561904096664,0.8072679761987918,0.9722475615880065,17.0,8.0,False,main,True
8121,2,2,7.458143809590334,1.5418561904096664,0.8286826455100371,0.9758022596770347,14.0,7.0,False,main,False
8121,3,3,8.458143809590334,1.5418561904096664,0.8458143809590334,0.9785491104584448,11.0,6.0,False,main,False
8121,4,4,9.458143809590334,1.5418561904096664,0.8598312554173031,0.9807355590220194,8.0,5.0,False,main,False
8121,5,5,10.458143809590334,1.5418561904096664,0.8715119841325278,0.9825173078247648,6.0,4.0,False,main,False
8121,6,6,11.458143809590334,1.5418561904096664,0.881395677660795,0.9839972449986227,4.0,3.0,False,main,False
8121,7,7,12.458143809590334,1.5418561904096664,0.8898674149707382,0.9852460947624144,2.0,2.0,False,main,False
8121,8,8,13.458143809590334,1.5418561904096664,0.8972095873060223,0.9863140785378631,1.0,1.0,False,main,False
8121,9,9,14.458143809590334,1.5418561904096664,0.9036339880993959,0.9872378444330275,-1.0,-1.0,True,main,False
461,1,1,6.374585666045599,1.6254143339544016,0.7968232082556999,0.9680796526993813,18.0,9.0,False,main,True
1654,0,1,5.556472693882182,2.4435273061178173,0.6945590867352728,0.9161208355199317,38.0,14.0,False,main,True
11150,1,1,6.508205173070476,1.4917948269295236,0.8135256466338096,0.9746266679543631,17.0,8.0,False,main,True
11150,2,2,7.508205173070476,1.4917948269295236,0.8342450192300529,0.9778687253291782,13.0,7.0,False,main,False
11150,3,3,8.508205173070476,1.4917948269295236,0.8508205173070476,0.9803756445326671,10.0,6.0,False,main,False
11150,4,4,9.508205173070476,1.4917948269295236,0.8643822884609523,0.982372127884664,8.0,5.0,False,main,False
11150,5,5,10.508205173070476,1.4917948269295236,0.8756837644225396,0.983999730727723,6.0,4.0,False,main,False
11150,6,6,11.508205173070476,1.4917948269295236,0.885246551774652,0.9853520771972705,4.0,3.0,False,main,False
11150,7,7,12.508205173070476,1.4917948269295236,0.8934432266478911,0.9864935701393599,2.0,2.0,False,main,False
11150,8,8,13.508205173070476,1.4917948269295236,0.9005470115380317,0.98746996932694,1.0,1.0,False,main,False
11150,9,9,14.508205173070476,1.4917948269295236,0.9067628233169047,0.9883146836435035,-1.0,-1.0,True,main,False
9779,1,1,6.440613921113797,1.5593860788862033,0.8050767401392246,0.9713933236567565,17.0,8.0,False,main,True
9779,2,2,7.440613921113797,1.5593860788862033,0.8267348801237552,0.9750605504742703,14.0,7.0,False,main,False
9779,3,3,8.440613921113798,1.5593860788862033,0.8440613921113798,0.9778937011851082,11.0,6.0,False,main,False
9779,4,4,9.440613921113798,1.5593860788862033,0.8582376291921634,0.9801484420776578,8.0,5.0,False,main,False
9779,5,5,10.440613921113798,1.5593860788862033,0.8700511600928165,0.981985583560968,6.0,4.0,False,main,False
9779,6,6,11.440613921113798,1.5593860788862033,0.8800472247010613,0.9835113555609845,4.0,3.0,False,main,False
9779,7,7,12.440613921113798,1.5593860788862033,0.8886152800795569,0.9847987609338321,2.0,2.0,False,main,False
9779,8,8,13.440613921113798,1.5593860788862033,0.8960409280742532,0.9858996284116497,1.0,1.0,False,main,False
9779,9,9,14.440613921113798,1.5593860788862033,0.9025383700696124,0.9868517724539815,-1.0,-1.0,True,main,False
10982,1,1,6.5770943872795025,1.4229056127204978,0.8221367984099378,0.9777504659833918,16.0,8.0,False,main,True
10982,2,2,7.5770943872795025,1.4229056127204978,0.8418993763643892,0.980583777192996,13.0,7.0,False,main,False
10982,3,3,8.577094387279502,1.4229056127204978,0.8577094387279501,0.9827766356337257,10.0,6.0,False,main,False
10982,4,4,9.577094387279502,1.4229056127204978,0.8706449442981365,0.9845242350959981,8.0,5.0,False,main,False
10982,5,5,10.577094387279502,1.4229056127204978,0.8814245322732918,0.9859497371527363,6.0,4.0,False,main,False
10982,6,6,11.577094387279502,1.4229056127204978,0.8905457220984232,0.9871347017137656,4.0,3.0,False,main,False
10982,7,7,12.577094387279502,1.4229056127204978,0.8983638848056786,0.9881352889005719,2.0,2.0,False,main,False
10982,8,8,13.577094387279502,1.4229056127204978,0.9051396258186334,0.9889914346176685,1.0,1.0,False,main,False
10982,9,9,14.577094387279502,1.4229056127204978,0.9110683992049688,0.9897323158235994,-1.0,-1.0,True,main,False
9322,1,1,6.426718153177204,1.5732818468227956,0.8033397691471506,0.9707084996347417,18.0,9.0,False,main,True
5368,0,1,5.167322442505786,2.832677557494214,0.6459153053132233,0.885449675529967,52.0,16.0,False,main,True
349,1,1,6.515296080405641,1.4847039195943592,0.8144120100507051,0.974956319008864,17.0,8.0,False,main,True
4872,1,1,6.391420591293288,1.608579408706712,0.798927573911661,0.9689387731009064,18.0,9.0,False,main,True
5745,1,1,6.229459372254183,1.770540627745817,0.7786824215317729,0.9602840434083595,20.0,9.0,False,main,True
6935,0,1,5.374622846346695,2.625377153653304,0.6718278557933369,0.9022135726728171,44.0,15.0,False,main,True
9421,1,1,6.351086110115574,1.648913889884426,0.7938857637644468,0.9668643768859881,18.0,9.0,False,main,True
6010,0,1,5.268467062530866,2.731532937469134,0.6585583828163583,0.8937470752458251,48.0,16.0,False,main,True
4722,1,1,6.217119774182312,1.7828802258176877,0.777139971772789,0.9595899700386962,20.0,9.0,False,main,True
11679,1,1,6.345783666979685,1.6542163330203155,0.7932229583724606,0.9665875975384433,18.0,9.0,False,main,True
6268,1,1,6.550877700414187,1.449122299585813,0.8188597125517734,0.9765825142238446,16.0,8.0,False,main,True
6268,2,2,7.550877700414187,1.449122299585813,0.8389864111571319,0.9795684117557277,13.0,7.0,False,main,True
6268,3,3,8.550877700414187,1.449122299585813,0.8550877700414187,0.9818785610827807,10.0,6.0,False,main,False
6268,4,4,9.550877700414187,1.449122299585813,0.8682616091285624,0.9837191410449057,8.0,5.0,False,main,False
6268,5,5,10.550877700414187,1.449122299585813,0.8792398083678489,0.9852201657696783,6.0,4.0,False,main,False
6268,6,6,11.550877700414187,1.449122299585813,0.8885290538780144,0.9864676922997649,4.0,3.0,False,main,False
6268,7,7,12.550877700414187,1.449122299585813,0.896491264315299,0.9875209548050656,2.0,2.0,False,main,False
6268,8,8,13.550877700414187,1.449122299585813,0.9033918466942791,0.9884220619821985,1.0,1.0,False,main,False
6268,9,9,14.550877700414187,1.449122299585813,0.9094298562758867,0.9892017701586097,-1.0,-1.0,True,main,False
1931,0,1,5.5258374203707135,2.474162579629287,0.6907296775463392,0.9138320081034775,39.0,14.0,False,main,True
141,1,1,6.5434430514938935,1.4565569485061065,0.8179303814367367,0.9762466070837422,16.0,8.0,False,main,True
8746,0,1,5.220015480419475,2.779984519580525,0.6525019350524344,0.8898000687720891,50.0,16.0,False,main,True
11027,0,1,5.288033643282103,2.7119663567178973,0.6610042054102628,0.8953264348840483,47.0,15.0,False,main,True
11027,0,2,5.288033643282103,3.7119663567178973,0.5875592936980114,0.8321991053874885,82.0,22.0,False,main,False
11027,0,3,5.288033643282103,4.711966356717897,0.5288033643282103,0.7735526576637268,141.0,30.0,False,main,True
11027,0,4,5.288033643282103,5.711966356717897,0.4807303312074639,0.7206973003711117,242.0,41.0,False,main,True
2258,0,1,5.499889817442875,2.5001101825571252,0.6874862271803593,0.9118760582091435,40.0,15.0,False,main,True
11247,0,1,5.388691224299959,2.6113087757000413,0.6735864030374948,0.9033166478978005,43.0,15.0,False,main,True
11247,0,2,5.388691224299959,3.6113087757000413,0.5987434693666621,0.8406850893262431,76.0,21.0,False,main,False
11247,0,3,5.388691224299959,4.611308775700041,0.5388691224299959,0.7820489988567729,129.0,29.0,False,main,False
11247,0,4,5.388691224299959,5.611308775700041,0.48988102039090536,0.728998750033788,218.0,40.0,False,main,True
11247,0,5,5.388691224299959,6.611308775700041,0.44905760202499656,0.6815512379470829,375.0,52.0,False,main,True
7557,1,1,6.285080932096676,1.7149190679033235,0.7856351165120845,0.9633527865660578,19.0,9.0,False,main,True
7384,0,1,5.54923607005902,2.45076392994098,0.6936545087573776,0.9155821828774758,39.0,14.0,False,main,True
8583,1,1,6.271594678408465,1.7284053215915354,0.7839493348010581,0.9626178038955786,19.0,9.0,False,main,True
9908,1,1,6.378244655695917,1.6217553443040829,0.7972805819619896,0.9682671984946993,18.0,9.0,False,main,True
9908,2,2,7.378244655695917,1.6217553443040829,0.8198049617439908,0.9723474202150145,14.0,7.0,False,main,False
9908,3,3,8.378244655695916,1.6217553443040829,0.8378244655695918,0.9754970452701707,11.0,6.0,False,main,False
9908,4,4,9.378244655695916,1.6217553443040829,0.8525676959723562,0.9780020688447555,9.0,5.0,False,main,False
9908,5,5,10.378244655695916,1.6217553443040829,0.8648537213079931,0.9800421183796508,6.0,4.0,False,main,False
9908,6,6,11.378244655695916,1.6217553443040829,0.875249588899686,0.9817357210106998,4.0,3.0,False,main,False
9908,7,7,12.378244655695916,1.6217553443040829,0.8841603325497084,0.9831642572336647,3.0,2.0,False,main,False
9908,8,8,13.378244655695916,1.6217553443040829,0.8918829770463945,0.984385460997613,1.0,1.0,False,main,False
9908,9,9,14.378244655695916,1.6217553443040829,0.8986402909809948,0.9854414293615976,-1.0,-1.0,True,main,False
7757,1,1,6.335574349020064,1.6644256509799362,0.791946793627508,0.9660520461905165,19.0,9.0,False,main,True
7757,2,2,7.335574349020064,1.6644256509799362,0.8150638165577848,0.9704260153445363,15.0,7.0,False,main,False
7757,3,3,8.335574349020064,1.6644256509799362,0.8335574349020064,0.9738004970482523,11.0,6.0,False,main,False
7757,4,4,9.335574349020064,1.6644256509799362,0.8486885771836422,0.9764832038204659,9.0,5.0,False,main,False
7757,5,5,10.335574349020064,1.6644256509799362,0.8612978624183386,0.9786672121710995,6.0,4.0,False,main,False
7757,6,6,11.335574349020064,1.6644256509799362,0.871967257616928,0.9804798257696434,4.0,3.0,False,main,False
7757,7,7,12.335574349020064,1.6644256509799362,0.8811124535014331,0.982008397402557,3.0,2.0,False,main,False
7757,8,8,13.335574349020064,1.6644256509799362,0.8890382899346709,0.9833148668315649,1.0,1.0,False,main,False
7757,9,9,14.335574349020064,1.6644256509799362,0.895973396813754,0.9844443789046988,-1.0,-1.0,True,main,False
3260,1,1,6.395623584700656,1.6043764152993436,0.799452948087582,0.9691517514786677,18.0,9.0,False,main,True
648,1,1,6.306266223187693,1.6937337768123069,0.7882832778984616,0.9644954659490002,19.0,9.0,False,main,True
3516,1,1,6.507128607531399,1.4928713924686012,0.8133910759414249,0.9745764585874092,17.0,8.0,False,main,True
11038,1,1,6.25658746177089,1.7434125382291101,0.7820734327213612,0.9617930675890108,20.0,9.0,False,main,True
11038,2,2,7.25658746177089,1.7434125382291101,0.8062874957523211,0.966734285712807,15.0,8.0,False,main,False
11038,3,3,8.25658746177089,1.7434125382291101,0.825658746177089,0.9705424415005185,12.0,6.0,False,main,False
11038,4,4,9.25658746177089,1.7434125382291101,0.8415079510700809,0.9735675161132713,9.0,5.0,False,main,False
11038,5,5,10.25658746177089,1.7434125382291101,0.8547156218142408,0.9760287046923684,7.0,4.0,False,main,False
11038,6,6,11.25658746177089,1.7434125382291101,0.8658913432131453,0.9780703265000273,5.0,3.0,False,main,False
11038,7,7,12.25658746177089,1.7434125382291101,0.875470532983635,0.9797912976331765,3.0,2.0,False,main,False
11038,8,8,13.25658746177089,1.7434125382291101,0.8837724974513926,0.9812616920969585,1.0,1.0,False,main,False
11038,9,9,14.25658746177089,1.7434125382291101,0.8910367163606806,0.9825325439760966,-1.0,-1.0,True,main,False
1163,1,1,6.209951665609213,1.7900483343907867,0.7762439582011517,0.9591845950640926,20.0,9.0,False,main,True
7217,0,1,5.2610850504435325,2.738914949556468,0.6576356313054416,0.8931490315445685,48.0,16.0,False,main,True
5394,0,1,5.418839964660453,2.5811600353395474,0.6773549955825566,0.9056654109148957,42.0,15.0,False,main,True
9983,1,1,6.571950978596401,1.4280490214035981,0.8214938723245502,0.9775233721030218,16.0,8.0,False,main,True
9983,2,2,7.571950978596401,1.4280490214035981,0.8413278865107112,0.9803863290821642,13.0,7.0,False,main,False
9983,3,3,8.571950978596401,1.4280490214035981,0.8571950978596401,0.9826019806343121,10.0,6.0,False,main,False
9983,4,4,9.571950978596401,1.4280490214035981,0.8701773616905819,0.9843676519181747,8.0,5.0,False,main,False
9983,5,5,10.571950978596401,1.4280490214035981,0.8809959148830334,0.9858078345584744,6.0,4.0,False,main,False
9983,6,6,11.571950978596401,1.4280490214035981,0.8901500752766462,0.9870049615891623,4.0,3.0,False,main,False
9983,7,7,12.571950978596401,1.4280490214035981,0.8979964984711716,0.9880157900989361,2.0,2.0,False,main,False
9983,8,8,13.571950978596401,1.4280490214035981,0.9047967319064267,0.9888806780185625,1.0,1.0,False,main,False
9983,9,9,14.571950978596401,1.4280490214035981,0.9107469361622751,0.9896291091189777,-1.0,-1.0,True,main,False
125,1,1,6.386118738918077,1.6138812610819233,0.7982648423647596,0.9686692504780878,18.0,9.0,False,main,True
12106,0,1,5.348240519800363,2.6517594801996367,0.6685300649750454,0.900132939532107,45.0,15.0,False,main,True
9755,1,1,6.455045459544681,1.544954540455319,0.8068806824430851,0.9720973681626206,17.0,8.0,False,main,True
9755,2,2,7.455045459544681,1.544954540455319,0.8283383843938534,0.9756718409262085,14.0,7.0,False,main,False
9755,3,3,8.455045459544682,1.544954540455319,0.8455045459544681,0.978433859412177,11.0,6.0,False,main,False
9755,4,4,9.455045459544682,1.544954540455319,0.8595495872313347,0.9806323120807726,8.0,5.0,False,main,False
9755,5,5,10.455045459544682,1.544954540455319,0.8712537882953901,0.9824237984049451,6.0,4.0,False,main,False
9755,6,6,11.455045459544682,1.544954540455319,0.8811573430418986,0.9839117934904844,4.0,3.0,False,main,False
9755,7,7,12.455045459544682,1.544954540455319,0.8896461042531916,0.9851674218535167,2.0,2.0,False,main,False
9755,8,8,13.455045459544682,1.544954540455319,0.8970030306363121,0.9862411873147048,1.0,1.0,False,main,False
9755,9,9,14.455045459544682,1.544954540455319,0.9034403412215426,0.9871699429279974,-1.0,-1.0,True,main,False
2324,1,1,6.171349441378228,1.8286505586217718,0.7714186801722785,0.9569741867374734,21.0,9.0,False,main,True
11259,1,1,6.56154992592538,1.4384500740746193,0.8201937407406725,0.9770610844483131,16.0,8.0,False,main,True
11259,2,2,7.56154992592538,1.4384500740746193,0.8401722139917089,0.9799844244227094,13.0,7.0,False,main,False
11259,3,3,8.56154992592538,1.4384500740746193,0.856154992592538,0.9822464941208421,10.0,6.0,False,main,False
11259,4,4,9.56154992592538,1.4384500740746193,0.8692318114477618,0.9840489642467249,8.0,5.0,False,main,False
11259,5,5,10.56154992592538,1.4384500740746193,0.8801291604937816,0.9855190374730906,6.0,4.0,False,main,False
11259,6,6,11.56154992592538,1.4384500740746193,0.8893499943019523,0.9867409261513008,4.0,3.0,False,main,False
11259,7,7,12.56154992592538,1.4384500740746193,0.8972535661375272,0.9877726037096357,2.0,2.0,False,main,False
11259,8,8,13.56154992592538,1.4384500740746193,0.9041033283950254,0.9886552878521521,1.0,1.0,False,main,False
11259,9,9,14.56154992592538,1.4384500740746193,0.9100968703703363,0.9894190873316342,-1.0,-1.0,True,main,False
3421,0,1,5.4912940697725166,2.5087059302274834,0.6864117587215646,0.9112246192716715,40.0,15.0,False,main,True
10032,0,1,5.167524556765068,2.832475443234932,0.6459405695956335,0.8854664765795441,52.0,16.0,False,main,True
10032,0,2,5.167524556765068,3.832475443234932,0.5741693951961186,0.821843392191919,92.0,23.0,False,main,False
10032,0,3,5.167524556765068,4.832475443234932,0.5167524556765068,0.7632358295380164,159.0,32.0,False,main,True
10032,0,4,5.167524556765068,5.832475443234932,0.46977495970591526,0.7106446784344138,278.0,43.0,False,main,True
7485,0,1,5.530562430630066,2.4694375693699344,0.6913203038287582,0.9141864750571727,39.0,14.0,False,main,True
7485,0,2,5.530562430630066,3.4694375693699344,0.614506936736674,0.8523885761062422,68.0,20.0,False,main,True
10850,0,1,5.483343684718602,2.516656315281398,0.6854179605898253,0.910620552603144,40.0,15.0,False,main,True
10850,0,2,5.483343684718602,3.516656315281398,0.609260409413178,0.8485270103121505,70.0,21.0,False,main,False
10850,0,3,5.483343684718602,4.5166563152813985,0.5483343684718602,0.78993762474146,118.0,28.0,False,main,True
10850,0,4,5.483343684718602,5.5166563152813985,0.49848578951987293,0.7367260894826683,198.0,38.0,False,main,True
5517,1,1,6.153051031496554,1.8469489685034453,0.7691313789370693,0.95591044745684,21.0,9.0,False,main,True
4719,1,1,6.2605597276980935,1.7394402723019067,0.7825699659622617,0.9620120679556902,19.0,9.0,False,main,True
4760,1,1,6.547480039680685,1.4525199603193153,0.8184350049600856,0.9764292593760767,16.0,8.0,False,main,True
4760,2,2,7.547480039680685,1.4525199603193153,0.8386088932978538,0.9794352002184542,13.0,7.0,False,main,True
4760,3,3,8.547480039680686,1.4525199603193153,0.8547480039680686,0.9817607519852566,10.0,6.0,False,main,False
4760,4,4,9.547480039680686,1.4525199603193153,0.8679527308800623,0.9836135392172659,8.0,5.0,False,main,False
4760,5,5,10.547480039680686,1.4525199603193153,0.8789566699733905,0.9851244774192369,6.0,4.0,False,main,False
4760,6,6,11.547480039680686,1.4525199603193153,0.8882676953600528,0.986380214945783,4.0,3.0,False,main,False
4760,7,7,12.547480039680686,1.4525199603193153,0.8962485742629062,0.9874403900334359,2.0,2.0,False,main,False
4760,8,8,13.547480039680686,1.4525199603193153,0.9031653359787124,0.9883473969056109,1.0,1.0,False,main,False
4760,9,9,14.547480039680686,1.4525199603193153,0.9092175024800428,0.9891321993894707,-1.0,-1.0,True,main,False
597,1,1,6.4255047383113455,1.5744952616886545,0.8031880922889182,0.970648378581228,18.0,9.0,False,main,True
597,2,2,7.4255047383113455,1.5744952616886545,0.8250560820345939,0.9744138522141969,14.0,7.0,False,main,False
597,3,3,8.425504738311346,1.5744952616886545,0.8425504738311347,0.9773223249962897,11.0,6.0,False,main,False
597,4,4,9.425504738311346,1.5744952616886545,0.8568640671192133,0.9796366560372083,8.0,5.0,False,main,False
597,5,5,10.425504738311346,1.5744952616886545,0.8687920615259456,0.981522122182333,6.0,4.0,False,main,False
597,6,6,11.425504738311346,1.5744952616886545,0.8788849798701036,0.9830878741493696,4.0,3.0,False,main,False
597,7,7,12.425504738311346,1.5744952616886545,0.8875360527365247,0.9844089056597033,2.0,2.0,False,main,False
597,8,8,13.425504738311346,1.5744952616886545,0.8950336492207565,0.9855384493594543,1.0,1.0,False,main,False
597,9,9,14.425504738311346,1.5744952616886545,0.9015940461444591,0.9865153382184623,-1.0,-1.0,True,main,False
11481,1,1,6.432426219889389,1.567573780110611,0.8040532774861736,0.9709906276922783,17.0,9.0,False,main,True
9370,0,1,5.146434013144063,2.853565986855937,0.6433042516430079,0.8837085744968861,53.0,16.0,False,main,True
3207,0,1,5.271612067060763,2.7283879329392366,0.6589515083825954,0.8940014998292076,48.0,16.0,False,main,True
1469,1,1,6.398473235843433,1.601526764156567,0.7998091544804291,0.9692958074702929,18.0,9.0,False,main,True
1469,2,2,7.398473235843433,1.601526764156567,0.8220525817603814,0.9732399351444506,14.0,7.0,False,main,True
1469,3,3,8.398473235843433,1.601526764156567,0.8398473235843433,0.9762853166210683,11.0,6.0,False,main,False
1469,4,4,9.398473235843433,1.601526764156567,0.8544066578039484,0.9787079260576568,9.0,5.0,False,main,False
1469,5,5,10.398473235843433,1.601526764156567,0.8665394363202861,0.980681178110744,6.0,4.0,False,main,False
1469,6,6,11.398473235843433,1.601526764156567,0.8768056335264179,0.9823195420856169,4.0,3.0,False,main,False
1469,7,7,12.398473235843433,1.601526764156567,0.8856052311316738,0.9837016352830246,2.0,2.0,False,main,False
1469,8,8,13.398473235843433,1.601526764156567,0.8932315490562288,0.9848832446578721,1.0,1.0,False,main,False
1469,9,9,14.398473235843433,1.601526764156567,0.8999045772402146,0.9859050556994512,-1.0,-1.0,True,main,False
645,1,1,6.357148757276673,1.6428512427233275,0.7946435946595841,0.9671796843623812,18.0,9.0,False,main,True
9898,1,1,6.311571785898728,1.6884282141012714,0.788946473237341,0.9647793431882886,19.0,9.0,False,main,True
9898,2,2,7.311571785898728,1.6884282141012714,0.8123968650998586,0.9693224857515306,15.0,7.0,False,main,False
9898,3,3,8.311571785898728,1.6884282141012714,0.8311571785898728,0.9728263778438102,12.0,6.0,False,main,False
9898,4,4,9.311571785898728,1.6884282141012714,0.8465065259907935,0.9756112928830597,9.0,5.0,False,main,False
9898,5,5,10.311571785898728,1.6884282141012714,0.859297648824894,0.9778780768111679,7.0,4.0,False,main,False
9898,6,6,11.311571785898728,1.6884282141012714,0.8701209066075944,0.9797590987874671,4.0,3.0,False,main,False
9898,7,7,12.311571785898728,1.6884282141012714,0.879397984707052,0.9813451560700716,3.0,2.0,False,main,False
9898,8,8,13.311571785898728,1.6884282141012714,0.8874381190599152,0.982700612650526,1.0,1.0,False,main,False
9898,9,9,14.311571785898728,1.6884282141012714,0.8944732366186705,0.9838723692567524,-1.0,-1.0,True,main,False
5089,1,1,6.472487471918885,1.5275125280811144,0.8090609339898607,0.972938426673605,17.0,8.0,False,main,True
11419,0,1,5.275767422325728,2.7242325776742717,0.659470927790716,0.8943373261174815,47.0,16.0,False,main,True
6993,1,1,6.475108703311831,1.5248912966881691,0.8093885879139788,0.9730638851636829,17.0,8.0,False,main,True
3382,1,1,6.3237765259434315,1.6762234740565687,0.7904720657429289,0.9654288578948209,19.0,9.0,False,main,True
5658,0,1,5.330507902393747,2.669492097606253,0.6663134877992184,0.8987256802737809,45.0,15.0,False,main,True
8546,1,1,6.329561527269371,1.6704384727306283,0.7911951909086714,0.9657350106201906,19.0,9.0,False,main,True
10601,0,1,5.414797355306346,2.585202644693654,0.6768496694132933,0.9053516713907546,43.0,15.0,False,main,True
10601,0,2,5.414797355306346,3.585202644693654,0.601644150589594,0.8428613857547206,74.0,21.0,False,main,False
10601,0,3,5.414797355306346,4.585202644693654,0.5414797355306347,0.784234541559044,126.0,29.0,False,main,True
10601,0,4,5.414797355306346,5.585202644693654,0.49225430502784967,0.7311376578719695,212.0,39.0,False,main,True
4905,0,1,5.223517686930202,2.776482313069798,0.6529397108662752,0.8900870854725913,49.0,16.0,False,main,True
8716,1,1,6.278724375071778,1.721275624928222,0.7848405468839722,0.9630070929284947,19.0,9.0,False,main,True
5343,1,1,6.3352958620500655,1.664704137949934,0.7919119827562582,0.9660373890014053,19.0,9.0,False,main,True
6067,1,1,6.427222922877515,1.5727770771224843,0.8034028653596894,0.9707334943330517,18.0,9.0,False,main,True
8374,0,1,5.458007389627524,2.5419926103724757,0.6822509237034405,0.9086856979286022,41.0,15.0,False,main,True
8374,0,2,5.458007389627524,3.5419926103724757,0.6064452655141693,0.8464410980407753,72.0,21.0,False,main,False
8374,0,3,5.458007389627524,4.541992610372476,0.5458007389627524,0.7878356229206878,121.0,29.0,False,main,False
8374,0,4,5.458007389627524,5.541992610372476,0.49618248996613856,0.7346651419759214,203.0,39.0,False,main,False
8374,0,5,5.458007389627524,6.541992610372476,0.454833949135627,0.687032730530682,346.0,51.0,False,main,False
8374,0,6,5.458007389627524,7.541992610372476,0.41984672227904035,0.6444994511066813,612.0,67.0,False,main,True
8374,0,7,5.458007389627524,8.541992610372475,0.3898576706876803,0.606486696037361,1156.0,87.0,False,main,True
8374,0,8,5.458007389627524,9.541992610372475,0.3638671593085016,0.5724213146710175,2449.0,113.0,False,main,True
8374,0,9,5.458007389627524,10.541992610372475,0.34112546185172027,0.5417847982811206,-1.0,147.0,False,main,True
7530,1,1,6.334810113592724,1.6651898864072758,0.7918512641990905,0.9660118171668213,19.0,9.0,False,main,True
7530,2,2,7.334810113592724,1.6651898864072758,0.8149789015103026,0.9703911292863467,15.0,7.0,False,main,True
7530,3,3,8.334810113592724,1.6651898864072758,0.8334810113592723,0.9737696991018239,11.0,6.0,False,main,False
7530,4,4,9.334810113592724,1.6651898864072758,0.8486191012357022,0.9764556352460128,9.0,5.0,False,main,False
7530,5,5,10.334810113592724,1.6651898864072758,0.861234176132727,0.9786422593441556,6.0,4.0,False,main,False
7530,6,6,11.334810113592724,1.6651898864072758,0.8719084702763633,0.9804570349267742,4.0,3.0,False,main,False
7530,7,7,12.334810113592724,1.6651898864072758,0.8810578652566231,0.9819874235117132,3.0,2.0,False,main,False
7530,8,8,13.334810113592724,1.6651898864072758,0.8889873409061816,0.9832954414021164,1.0,1.0,False,main,False
7530,9,9,14.334810113592724,1.6651898864072758,0.8959256320995452,0.984426288894862,-1.0,-1.0,True,main,False
7927,1,1,6.215760669105207,1.7842393308947933,0.7769700836381509,0.9595132322768788,20.0,9.0,False,main,True
7927,2,2,7.215760669105207,1.7842393308947933,0.8017511854561341,0.9647593965543101,16.0,8.0,False,main,False
7927,3,3,8.215760669105208,1.7842393308947933,0.8215760669105207,0.9688004046624104,12.0,6.0,False,main,False
7927,4,4,9.215760669105208,1.7842393308947933,0.8377964244641097,0.9720091361057035,9.0,5.0,False,main,False
7927,5,5,10.215760669105208,1.7842393308947933,0.8513133890921005,0.9746189048037409,7.0,4.0,False,main,False
7927,6,6,11.215760669105208,1.7842393308947933,0.8627508207004005,0.9767832127617889,5.0,3.0,False,main,False
7927,7,7,12.215760669105208,1.7842393308947933,0.8725543335075148,0.9786072081978667,3.0,2.0,False,main,False
7927,8,8,13.215760669105208,1.7842393308947933,0.8810507112736804,0.9801653444363253,1.0,1.0,False,main,False
7927,9,9,14.215760669105208,1.7842393308947933,0.8884850418190755,0.9815118234064959,-1.0,-1.0,True,main,False
7656,1,1,6.30085421347952,1.6991457865204804,0.78760677668494,0.9642049451363099,19.0,9.0,False,main,True
7656,2,2,7.30085421347952,1.6991457865204804,0.8112060237199467,0.9688245340274376,15.0,7.0,False,main,False
7656,3,3,8.30085421347952,1.6991457865204804,0.8300854213479519,0.9723868835536952,12.0,6.0,False,main,False
7656,4,4,9.30085421347952,1.6991457865204804,0.8455322012254108,0.975217955837303,9.0,5.0,False,main,False
7656,5,5,10.30085421347952,1.6991457865204804,0.85840451778996,0.9775221133246164,7.0,4.0,False,main,False
7656,6,6,11.30085421347952,1.6991457865204804,0.869296477959963,0.979434016754571,4.0,3.0,False,main,False
7656,7,7,12.30085421347952,1.6991457865204804,0.8786324438199656,0.9810460210381383,3.0,2.0,False,main,False
7656,8,8,13.30085421347952,1.6991457865204804,0.886723614231968,0.9824235861081926,1.0,1.0,False,main,False
7656,9,9,14.30085421347952,1.6991457865204804,0.89380338834247,0.9836144062836653,-1.0,-1.0,True,main,False
7979,0,1,5.537331701176635,2.462668298823365,0.6921664626470794,0.9146933805024021,39.0,14.0,False,main,True
7979,0,2,5.537331701176635,3.462668298823365,0.615259077908515,0.8529393948235249,67.0,20.0,False,main,False
7979,0,3,5.537331701176635,4.462668298823365,0.5537331701176635,0.7943932138995295,113.0,28.0,False,main,True
7979,0,4,5.537331701176635,5.462668298823365,0.5033937910160577,0.7410994319101598,187.0,37.0,False,main,True
3558,1,1,6.3176576530740345,1.682342346925966,0.7897072066342543,0.9651038346097959,19.0,9.0,False,main,True
1875,1,1,6.362151080004127,1.6378489199958732,0.7952688850005158,0.9674389170475332,18.0,9.0,False,main,True
9030,1,1,6.2452703267674465,1.7547296732325537,0.7806587908459308,0.9611663740779384,20.0,9.0,False,main,True
11911,1,1,6.557129725747203,1.4428702742527961,0.8196412157184004,0.9768633895315544,16.0,8.0,False,main,True
11911,2,2,7.557129725747203,1.4428702742527961,0.8396810806385782,0.9798125658471364,13.0,7.0,False,main,False
11911,3,3,8.557129725747203,1.4428702742527961,0.8557129725747205,0.9820944937343631,10.0,6.0,False,main,False
11911,4,4,9.557129725747203,1.4428702742527961,0.8688299750679277,0.9839127050134779,8.0,5.0,False,main,False
11911,5,5,10.557129725747203,1.4428702742527961,0.8797608104789337,0.985395563150462,6.0,4.0,False,main,False
11911,6,6,11.557129725747203,1.4428702742527961,0.8890099789036311,0.9866280421971829,4.0,3.0,False,main,False
11911,7,7,12.557129725747203,1.4428702742527961,0.8969378375533718,0.9876686361962145,2.0,2.0,False,main,False
11911,8,8,13.557129725747203,1.4428702742527961,0.9038086483831469,0.9885589308010989,1.0,1.0,False,main,False
11911,9,9,14.557129725747203,1.4428702742527961,0.9098206078592003,0.9893293022032239,-1.0,-1.0,True,main,False
7540,1,1,6.298882089999206,1.7011179100007936,0.7873602612499008,0.9640988425456422,19.0,9.0,False,main,True
9026,1,1,6.466284926080941,1.5337150739190593,0.8082856157601176,0.9726405796014564,17.0,8.0,False,main,True
9026,2,2,7.466284926080941,1.5337150739190593,0.8295872140089934,0.9761435533158233,14.0,7.0,False,main,True
9026,3,3,8.466284926080942,1.5337150739190593,0.8466284926080941,0.9788507256186304,11.0,6.0,False,main,False
9026,4,4,9.466284926080942,1.5337150739190593,0.8605713569164493,0.9810057689122657,8.0,5.0,False,main,False
9026,5,5,10.466284926080942,1.5337150739190593,0.8721904105067452,0.9827620405669116,6.0,4.0,False,main,False
9026,6,6,11.466284926080942,1.5337150739190593,0.8820219173908417,0.9842208939421271,4.0,3.0,False,main,False
9026,7,7,12.466284926080942,1.5337150739190593,0.8904489232914958,0.985452006463448,2.0,2.0,False,main,False
9026,8,8,13.466284926080942,1.5337150739190593,0.8977523284053961,0.9865048609945308,1.0,1.0,False,main,False
9026,9,9,14.466284926080942,1.5337150739190593,0.9041428078800589,0.9874155696038567,-1.0,-1.0,True,main,False
617,1,1,6.2554503600491005,1.7445496399508995,0.7819312950061376,0.9617302838912087,20.0,9.0,False,main,True
1563,0,1,5.414864694142503,2.585135305857497,0.6768580867678129,0.9053569004945838,43.0,15.0,False,main,True
8653,1,1,6.173508555070514,1.8264914449294858,0.7716885693838142,0.9570990295637145,21.0,9.0,False,main,True
4605,1,1,6.432347120444201,1.5676528795557982,0.8040433900555252,0.9709867258869727,17.0,9.0,False,main,True
2680,1,1,6.221527149050771,1.778472850949229,0.7776908936313464,0.959838422025436,20.0,9.0,False,main,True
8834,1,1,6.4352758616881225,1.5647241383118773,0.8044094827110153,0.9711310483290634,17.0,9.0,False,main,True
2997,1,1,6.44734894499987,1.5526510550001296,0.8059186181249838,0.9717228070578999,17.0,8.0,False,main,True
1645,0,1,5.1935160211081355,2.8064839788918645,0.6491895026385169,0.8876197371268859,51.0,16.0,False,main,True
8555,0,1,5.235936763660616,2.7640632363393833,0.654492095457577,0.8911027166742228,49.0,16.0,False,main,True
11549,1,1,6.561303979921832,1.4386960200781675,0.820162997490229,0.9770501037249719,16.0,8.0,False,main,True
11549,2,2,7.561303979921832,1.4386960200781675,0.8401448866579814,0.9799748785302254,13.0,7.0,False,main,True
11549,3,3,8.561303979921831,1.4386960200781675,0.8561303979921833,0.9822380511065244,10.0,6.0,False,main,False
11549,4,4,9.561303979921831,1.4386960200781675,0.8692094527201666,0.9840413954879528,8.0,5.0,False,main,False
11549,5,5,10.561303979921831,1.4386960200781675,0.8801086649934861,0.9855121787997159,6.0,4.0,False,main,False
11549,6,6,11.561303979921831,1.4386960200781675,0.8893310753786026,0.9867346556886077,4.0,3.0,False,main,False
11549,7,7,12.561303979921831,1.4386960200781675,0.8972359985658452,0.9877668284926986,2.0,2.0,False,main,False
11549,8,8,13.561303979921831,1.4386960200781675,0.9040869319947888,0.9886499353490922,1.0,1.0,False,main,False
11549,9,9,14.561303979921831,1.4386960200781675,0.9100814987451146,0.9894140998624875,-1.0,-1.0,True,main,False
2055,1,1,6.519610599601801,1.480389400398199,0.8149513249502252,0.9751559967512303,17.0,8.0,False,main,True
2055,2,2,7.519610599601801,1.480389400398199,0.8355122888446446,0.9783286493930021,13.0,7.0,False,main,True
2055,3,3,8.519610599601801,1.480389400398199,0.8519610599601801,0.9807822717848486,10.0,6.0,False,main,False
2055,4,4,9.519610599601801,1.480389400398199,0.8654191454183455,0.9827365374444967,8.0,5.0,False,main,False
2055,5,5,10.519610599601801,1.480389400398199,0.8766342166334834,0.984329870167276,6.0,4.0,False,main,False
2055,6,6,11.519610599601801,1.480389400398199,0.8861238922770617,0.9856538417257485,4.0,3.0,False,main,False
2055,7,7,12.519610599601801,1.480389400398199,0.8942578999715572,0.9867714535775836,2.0,2.0,False,main,False
2055,8,8,13.519610599601801,1.480389400398199,0.9013073733067868,0.9877274758478909,1.0,1.0,False,main,False
2055,9,9,14.519610599601801,1.480389400398199,0.9074756624751126,0.9885545985925334,-1.0,-1.0,True,main,False
7279,0,1,5.553790764918415,2.446209235081585,0.6942238456148019,0.9159213536720127,38.0,14.0,False,main,True
4094,0,1,5.376380689232602,2.623619310767398,0.6720475861540752,0.9023516467042675,44.0,15.0,False,main,True
9396,1,1,6.317313862492843,1.682686137507157,0.7896642328116054,0.9650855365155898,19.0,9.0,False,main,True
4008,1,1,6.172666035958691,1.8273339640413098,0.7715832544948363,0.957050330934468,21.0,9.0,False,main,True
5754,1,1,6.1920046587639925,1.8079953412360075,0.7740005823454991,0.9581626438143582,20.0,9.0,False,main,True
3521,0,1,5.20892376190248,2.7910762380975194,0.65111547023781,0.8888893110659951,50.0,16.0,False,main,True
9277,1,1,6.534023428931096,1.4659765710689034,0.816752928616387,0.9758180618804373,16.0,8.0,False,main,True
9277,2,2,7.534023428931096,1.4659765710689034,0.8371137143256774,0.9789039865470224,13.0,7.0,False,main,False
9277,3,3,8.534023428931096,1.4659765710689034,0.8534023428931097,0.9812909920966932,10.0,6.0,False,main,False
9277,4,4,9.534023428931096,1.4659765710689034,0.8667294026300997,0.9831924784653563,8.0,5.0,False,main,False
9277,5,5,10.534023428931096,1.4659765710689034,0.8778352857442581,0.9847429609905216,6.0,4.0,False,main,False
9277,6,6,11.534023428931096,1.4659765710689034,0.8872325714562381,0.9860314490119347,4.0,3.0,False,main,False
9277,7,7,12.534023428931096,1.4659765710689034,0.8952873877807926,0.9871191938249697,2.0,2.0,False,main,False
9277,8,8,13.534023428931096,1.4659765710689034,0.9022682285954065,0.9880497293230086,1.0,1.0,False,main,False
9277,9,9,14.534023428931096,1.4659765710689034,0.9083764643081935,0.9888548474575242,-1.0,-1.0,True,main,False
2037,0,1,5.518549801480323,2.481450198519677,0.6898187251850404,0.9132842624176686,39.0,15.0,False,main,True
884,1,1,6.16949931678178,1.8305006832182193,0.7711874145977226,0.9568670968074764,21.0,9.0,False,main,True
884,2,2,7.16949931678178,1.8305006832182193,0.7966110351979756,0.9624683051412465,16.0,8.0,False,main,True
884,3,3,8.169499316781781,1.8305006832182193,0.8169499316781781,0.9667801754286303,12.0,6.0,False,main,False
884,4,4,9.169499316781781,1.8305006832182193,0.833590846980162,0.9702023978275225,10.0,5.0,False,main,False
884,5,5,10.169499316781781,1.8305006832182193,0.8474582763984818,0.9729847909251448,7.0,4.0,False,main,False
884,6,6,11.169499316781781,1.8305006832182193,0.8591922551370601,0.9752915781098858,5.0,3.0,False,main,False
884,7,7,12.169499316781781,1.8305006832182193,0.8692499511986986,0.9772351769269796,3.0,2.0,False,main,False
884,8,8,13.169499316781781,1.8305006832182193,0.8779666211187854,0.9788951448627661,1.0,1.0,False,main,False
884,9,9,14.169499316781781,1.8305006832182193,0.8855937072988613,0.9803293736235232,-1.0,-1.0,True,main,False
9012,1,1,6.267204821670957,1.7327951783290438,0.7834006027088696,0.9623773008077248,19.0,9.0,False,main,True
11229,1,1,6.351764627405336,1.6482353725946637,0.793970578425667,0.966899726576997,18.0,9.0,False,main,True
11229,2,2,7.351764627405336,1.6482353725946637,0.8168627363783707,0.9711611803657898,14.0,7.0,False,main,False
11229,3,3,8.351764627405336,1.6482353725946637,0.8351764627405336,0.9744495573053622,11.0,6.0,False,main,False
11229,4,4,9.351764627405336,1.6482353725946637,0.8501604206732124,0.9770642373754497,9.0,5.0,False,main,False
11229,5,5,10.351764627405336,1.6482353725946637,0.862647052283778,0.9791931393481044,6.0,4.0,False,main,False
11229,6,6,11.351764627405336,1.6482353725946637,0.8732126636465642,0.9809602022974084,4.0,3.0,False,main,False
11229,7,7,12.351764627405336,1.6482353725946637,0.8822689019575239,0.9824504901154463,3.0,2.0,False,main,False
11229,8,8,13.351764627405336,1.6482353725946637,0.8901176418270224,0.9837243310542205,1.0,1.0,False,main,False
11229,9,9,14.351764627405336,1.6482353725946637,0.8969852892128335,0.9848257023905636,-1.0,-1.0,True,main,False
10240,1,1,6.391421445301764,1.6085785546982363,0.7989276806627205,0.9689388164375228,18.0,9.0,False,main,True
10240,2,2,7.391421445301764,1.6085785546982363,0.8212690494779737,0.9729301547820689,14.0,7.0,False,main,False
10240,3,3,8.391421445301763,1.6085785546982363,0.8391421445301763,0.9760117029389664,11.0,6.0,False,main,False
10240,4,4,9.391421445301763,1.6085785546982363,0.8537655859365239,0.9784629083839034,9.0,5.0,False,main,False
10240,5,5,10.391421445301763,1.6085785546982363,0.8659517871084802,0.9804593396493752,6.0,4.0,False,main,False
10240,6,6,11.391421445301763,1.6085785546982363,0.8762631881001356,0.9821168730829746,4.0,3.0,False,main,False
10240,7,7,12.391421445301763,1.6085785546982363,0.8851015318072688,0.9835150842546501,3.0,2.0,False,main,False
10240,8,8,13.391421445301763,1.6085785546982363,0.8927614296867842,0.9847104354115779,1.0,1.0,False,main,False
10240,9,9,14.391421445301763,1.6085785546982363,0.8994638403313602,0.985744101677493,-1.0,-1.0,True,main,False
4723,1,1,6.20459266830835,1.79540733169165,0.7755740835385437,0.9588804849674238,20.0,9.0,False,main,True
1747,0,1,5.21319170622802,2.78680829377198,0.6516489632785025,0.8892400742433083,50.0,16.0,False,main,True
10994,0,1,5.362384197611958,2.6376158023880416,0.6702980247014948,0.901250324762138,44.0,15.0,False,main,True
10994,0,2,5.362384197611958,3.6376158023880416,0.5958204664013287,0.8384817665510091,77.0,22.0,False,main,False
10994,0,3,5.362384197611958,4.637615802388042,0.5362384197611958,0.779839117075312,132.0,30.0,False,main,True
10994,0,4,5.362384197611958,5.637615802388042,0.48748947251017805,0.7268375017832365,224.0,40.0,False,main,True
2707,1,1,6.210011968028287,1.7899880319717134,0.7762514960035358,0.9591880119990228,20.0,9.0,False,main,True
2707,2,2,7.210011968028287,1.7899880319717134,0.8011124408920318,0.9644777492137521,16.0,8.0,False,main,True
2707,3,3,8.210011968028287,1.7899880319717134,0.8210011968028287,0.9685520130291766,12.0,6.0,False,main,False
2707,4,4,9.210011968028287,1.7899880319717134,0.8372738152752988,0.9717869646429951,9.0,5.0,False,main,False
2707,5,5,10.210011968028287,1.7899880319717134,0.8508343306690239,0.9744179397033967,7.0,4.0,False,main,False
2707,6,6,11.210011968028287,1.7899880319717134,0.8623086129252528,0.9765997542779205,5.0,3.0,False,main,False
2707,7,7,12.210011968028287,1.7899880319717134,0.8721437120020205,0.9784384479506586,3.0,2.0,False,main,False
2707,8,8,13.210011968028287,1.7899880319717134,0.8806674645352192,0.980009100148857,1.0,1.0,False,main,False
2707,9,9,14.210011968028287,1.7899880319717134,0.8881257480017679,0.9813663655462835,-1.0,-1.0,True,main,False
312,0,1,5.182166859864786,2.8178331401352135,0.6477708574830983,0.8866813053102864,51.0,16.0,False,main,True
10918,1,1,6.214370104563031,1.7856298954369696,0.7767962630703789,0.959434658577559,20.0,9.0,False,main,True
10918,2,2,7.214370104563031,1.7856298954369696,0.8015966782847812,0.9646913485025459,16.0,8.0,False,main,False
10918,3,3,8.21437010456303,1.7856298954369696,0.8214370104563031,0.9687403903504722,12.0,6.0,False,main,False
10918,4,4,9.21437010456303,1.7856298954369696,0.8376700095057301,0.971955456141078,9.0,5.0,False,main,False
10918,5,5,10.21437010456303,1.7856298954369696,0.8511975087135859,0.9745703480719897,7.0,4.0,False,main,False
10918,6,6,11.21437010456303,1.7856298954369696,0.8626438541971562,0.9767388855338429,5.0,3.0,False,main,False
10918,7,7,12.21437010456303,1.7856298954369696,0.8724550074687879,0.9785664320466659,3.0,2.0,False,main,False
10918,8,8,13.21437010456303,1.7856298954369696,0.8809580069708687,0.9801275921706556,1.0,1.0,False,main,False
10918,9,9,14.21437010456303,1.7856298954369696,0.8883981315351894,0.9814766771996111,-1.0,-1.0,True,main,False
6717,1,1,6.449656623755842,1.5503433762441583,0.8062070779694802,0.9718353330382115,17.0,8.0,False,main,True
6717,2,2,7.449656623755842,1.5503433762441583,0.8277396248617602,0.9754443162530555,14.0,7.0,False,main,True
6717,3,3,8.449656623755843,1.5503433762441583,0.8449656623755842,0.9782328029090152,11.0,6.0,False,main,False
6717,4,4,9.449656623755843,1.5503433762441583,0.859059693068713,0.9804522017860644,8.0,5.0,False,main,False
6717,5,5,10.449656623755843,1.5503433762441583,0.8708047186463203,0.9822606784341329,6.0,4.0,False,main,False
6717,6,6,11.449656623755843,1.5503433762441583,0.8807428172119879,0.9837627326228972,4.0,3.0,False,main,False
6717,7,7,12.449656623755843,1.5503433762441583,0.8892611874111316,0.9850301875918028,2.0,2.0,False,main,False
6717,8,8,13.449656623755843,1.5503433762441583,0.8966437749170562,0.9861140400547732,1.0,1.0,False,main,False
6717,9,9,14.449656623755843,1.5503433762441583,0.9031035389847402,0.9870515007516202,-1.0,-1.0,True,main,False
4308,1,1,6.587342010771157,1.4126579892288436,0.8234177513463946,0.9781999271950131,16.0,8.0,False,main,True
6840,1,1,6.569151710879834,1.4308482891201666,0.8211439638599792,0.9773993568106202,16.0,8.0,False,main,True
8866,1,1,6.286973685708789,1.7130263142912114,0.7858717107135986,0.9634554694494128,19.0,9.0,False,main,True
8866,2,2,7.286973685708789,1.7130263142912114,0.8096637428565321,0.9681748934555401,15.0,7.0,False,main,False
8866,3,3,8.286973685708789,1.7130263142912114,0.828697368570879,0.971813566258611,12.0,6.0,False,main,False
8866,4,4,9.286973685708789,1.7130263142912114,0.8442703350644354,0.9747048909193687,9.0,5.0,False,main,False
8866,5,5,10.286973685708789,1.7130263142912114,0.8572478071423991,0.9770578275008777,7.0,4.0,False,main,False
8866,6,6,11.286973685708789,1.7130263142912114,0.8682287450545222,0.9790100318209957,5.0,3.0,False,main,False
8866,7,7,12.286973685708789,1.7130263142912114,0.8776409775506278,0.9806558940810847,3.0,2.0,False,main,False
8866,8,8,13.286973685708789,1.7130263142912114,0.8857982457139193,0.982062305898807,1.0,1.0,False,main,False
8866,9,9,14.286973685708789,1.7130263142912114,0.8929358553567993,0.9832779981128835,-1.0,-1.0,True,main,False
7359,1,1,6.2878866486780565,1.7121133513219435,0.7859858310847571,0.9635049567291918,19.0,9.0,False,main,True
328,1,1,6.171790623012456,1.8282093769875436,0.771473827876557,0.956999708024041,21.0,9.0,False,main,True
4575,1,1,6.437491394888519,1.5625086051114807,0.8046864243610649,0.9712400256771854,17.0,9.0,False,main,True
4575,2,2,7.437491394888519,1.5625086051114807,0.826387932765391,0.9749274614130434,14.0,7.0,False,main,True
4575,3,3,8.437491394888518,1.5625086051114807,0.843749139488852,0.977776107410744,11.0,6.0,False,main,False
4575,4,4,9.437491394888518,1.5625086051114807,0.8579537631716836,0.9800431083486586,8.0,5.0,False,main,False
4575,5,5,10.437491394888518,1.5625086051114807,0.8697909495740432,0.981890192847913,6.0,4.0,False,main,False
4575,6,6,11.437491394888518,1.5625086051114807,0.8798070303760399,0.9834241913907725,4.0,3.0,False,main,False
4575,7,7,12.437491394888518,1.5625086051114807,0.8883922424920371,0.9847185162371472,2.0,2.0,False,main,False
4575,8,8,13.437491394888518,1.5625086051114807,0.8958327596592346,0.9858252848524743,1.0,1.0,False,main,False
4575,9,9,14.437491394888518,1.5625086051114807,0.9023432121805325,0.986782521184891,-1.0,-1.0,True,main,False
11423,0,1,5.345336226294823,2.6546637737051766,0.6681670282868529,0.8999029372331011,45.0,15.0,False,main,True
8959,0,1,5.162678142107078,2.8373218578929227,0.6453347677633847,0.8850633697244175,52.0,16.0,False,main,True
3317,1,1,6.224804427398662,1.7751955726013375,0.7781005534248328,0.960022774237895,20.0,9.0,False,main,True
3317,2,2,7.224804427398662,1.7751955726013375,0.8027560474887402,0.96520070622367,16.0,8.0,False,main,True
3317,3,3,8.224804427398663,1.7751955726013375,0.8224804427398663,0.9691896301683199,12.0,6.0,False,main,False
3317,4,4,9.224804427398663,1.7751955726013375,0.8386185843089694,0.972357291570273,9.0,5.0,False,main,False
3317,5,5,10.224804427398663,1.7751955726013375,0.8520670356165553,0.9749338406227923,7.0,4.0,False,main,False
3317,6,6,11.224804427398663,1.7751955726013375,0.8634464944152818,0.9770707225783217,5.0,3.0,False,main,False
3317,7,7,12.224804427398663,1.7751955726013375,0.8732003162427616,0.978871690271602,3.0,2.0,False,main,False
3317,8,8,13.224804427398663,1.7751955726013375,0.8816536284932442,0.9804102167678557,1.0,1.0,False,main,False
3317,9,9,14.224804427398663,1.7751955726013375,0.8890502767124164,0.9817397950782729,-1.0,-1.0,True,main,False
9309,0,1,5.263373425745247,2.736626574254753,0.6579216782181558,0.8933345491258085,48.0,16.0,False,main,True
10340,1,1,6.170608511854221,1.8293914881457791,0.7713260639817776,0.9569313123903119,21.0,9.0,False,main,True
10340,2,2,7.170608511854221,1.8293914881457791,0.7967342790949135,0.9625238907985277,16.0,8.0,False,main,False
10340,3,3,8.17060851185422,1.8293914881457791,0.817060851185422,0.9668291804078814,12.0,6.0,False,main,False
10340,4,4,9.17060851185422,1.8293914881457791,0.8336916828958383,0.9702462178034511,9.0,5.0,False,main,False
10340,5,5,10.17060851185422,1.8293914881457791,0.847550709321185,0.9730244195651475,7.0,4.0,False,main,False
10340,6,6,11.17060851185422,1.8293914881457791,0.8592775778349401,0.97532774810389,5.0,3.0,False,main,False
10340,7,7,12.17060851185422,1.8293914881457791,0.8693291794181587,0.9772684441050778,3.0,2.0,False,main,False
10340,8,8,13.17060851185422,1.8293914881457791,0.878040567456948,0.9789259409231184,1.0,1.0,False,main,False
10340,9,9,14.17060851185422,1.8293914881457791,0.8856630319908888,0.9803580405598862,-1.0,-1.0,True,main,False
5151,1,1,6.239138603254961,1.7608613967450388,0.7798923254068701,0.9608251297586147,20.0,9.0,False,main,True
8225,1,1,6.296372191620944,1.703627808379056,0.787046523952618,0.9639636238749697,19.0,9.0,False,main,True
8225,2,2,7.296372191620944,1.703627808379056,0.810708021291216,0.9686153475327264,15.0,7.0,False,main,False
8225,3,3,8.296372191620943,1.703627808379056,0.8296372191620944,0.9722022662434461,12.0,6.0,False,main,False
8225,4,4,9.296372191620943,1.703627808379056,0.8451247446928132,0.9750527357551659,9.0,5.0,False,main,False
8225,5,5,10.296372191620943,1.703627808379056,0.858031015968412,0.977372597742425,7.0,4.0,False,main,False
8225,6,6,11.296372191620943,1.703627808379056,0.8689517070477649,0.9792974767010061,5.0,3.0,False,main,False
8225,7,7,12.296372191620943,1.703627808379056,0.878312299401496,0.9809203825257897,3.0,2.0,False,main,False
8225,8,8,13.296372191620943,1.703627808379056,0.8864248127747296,0.9823072359239663,1.0,1.0,False,main,False
8225,9,9,14.296372191620943,1.703627808379056,0.893523261976309,0.9835060648319397,-1.0,-1.0,True,main,False
744,0,1,5.382307187731071,2.617692812268929,0.6727883984663838,0.9028166429027038,44.0,15.0,False,main,True
1496,0,1,5.506875967909537,2.4931240320904626,0.6883594959886922,0.9124042367402623,40.0,15.0,False,main,True
10538,1,1,6.413093671580727,1.5869063284192733,0.8016367089475909,0.9700305071340499,18.0,9.0,False,main,True
10538,2,2,7.413093671580727,1.5869063284192733,0.8236770746200808,0.9738775491290244,14.0,7.0,False,main,False
10538,3,3,8.413093671580727,1.5869063284192733,0.8413093671580727,0.9768485398403548,11.0,6.0,False,main,False
10538,4,4,9.413093671580727,1.5869063284192733,0.8557357883255207,0.9792123206902267,8.0,5.0,False,main,False
10538,5,5,10.413093671580727,1.5869063284192733,0.8677578059650606,0.9811378814807717,6.0,4.0,False,main,False
10538,6,6,11.413093671580727,1.5869063284192733,0.8779302824292867,0.9827368000763074,4.0,3.0,False,main,False
10538,7,7,12.413093671580727,1.5869063284192733,0.8866495479700519,0.9840857240900397,2.0,2.0,False,main,False
10538,8,8,13.413093671580727,1.5869063284192733,0.8942062447720485,0.9852390521706413,1.0,1.0,False,main,False
10538,9,9,14.413093671580727,1.5869063284192733,0.9008183544737954,0.9862364630264129,-1.0,-1.0,True,main,False
10570,0,1,5.383772323094879,2.616227676905121,0.6729715403868599,0.9029314756270049,44.0,15.0,False,main,True
10570,0,2,5.383772323094879,3.616227676905121,0.5981969247883199,0.8402738941481285,76.0,21.0,False,main,False
10570,0,3,5.383772323094879,4.616227676905121,0.538377232309488,0.7816363676208826,129.0,29.0,False,main,True
10570,0,4,5.383772323094879,5.616227676905121,0.4894338475540799,0.7285950875308052,219.0,40.0,False,main,True
10704,0,1,5.415547755331371,2.584452244668629,0.6769434694164214,0.9054099368057876,43.0,15.0,False,main,True
10704,0,2,5.415547755331371,3.584452244668629,0.6017275283701523,0.8429237910779774,74.0,21.0,False,main,False
10704,0,3,5.415547755331371,4.584452244668629,0.5415547755331371,0.7842972532468441,125.0,29.0,False,main,False
10704,0,4,5.415547755331371,5.584452244668629,0.4923225232119428,0.7311990531534295,212.0,39.0,False,main,True
10704,0,5,5.415547755331371,6.584452244668629,0.45129564627761426,0.6836790089495908,363.0,52.0,False,main,True
2541,0,1,5.281133602446892,2.718866397553108,0.6601417003058615,0.8947704459320047,47.0,16.0,False,main,True
6171,0,1,5.197632442335481,2.8023675576645193,0.6497040552919351,0.8879594262669928,50.0,16.0,False,main,True
9490,0,1,5.41823883552881,2.58176116447119,0.6772798544411013,0.9056187820361192,42.0,15.0,False,main,True
9490,0,2,5.41823883552881,3.58176116447119,0.6020265372809789,0.8431475193892669,74.0,21.0,False,main,False
9490,0,3,5.41823883552881,4.581761164471191,0.541823883552881,0.7845220989627633,125.0,29.0,False,main,False
9490,0,4,5.41823883552881,5.581761164471191,0.49256716686625546,0.73141918907259,211.0,39.0,False,main,True
9490,0,5,5.41823883552881,6.581761164471191,0.4515199029607342,0.6838919391203637,362.0,52.0,False,main,True
1523,0,1,5.24606074286186,2.7539392571381405,0.6557575928577325,0.8919281673443895,49.0,16.0,False,main,True
10524,0,1,5.350967724586629,2.649032275413371,0.6688709655733286,0.9003487452001546,45.0,15.0,False,main,True
10524,0,2,5.350967724586629,3.649032275413371,0.5945519693985143,0.8375223877741469,78.0,22.0,False,main,False
10524,0,3,5.350967724586629,4.64903227541337,0.5350967724586628,0.7788777466175278,133.0,30.0,False,main,False
10524,0,4,5.350967724586629,5.64903227541337,0.48645161132605713,0.7258977462759172,226.0,40.0,False,main,True
10524,0,5,5.350967724586629,6.64903227541337,0.44591397704888575,0.678554011047334,393.0,53.0,False,main,True
4481,0,1,5.332286959148513,2.6677130408514866,0.6665358698935642,0.8988671835337669,45.0,15.0,False,main,True
161,1,1,6.196102332406754,1.8038976675932452,0.7745127915508443,0.9583968549697892,20.0,9.0,False,main,True
1742,1,1,6.2598156188003715,1.7401843811996285,0.7824769523500464,0.9619710817972752,19.0,9.0,False,main,True
9790,1,1,6.5776698361254216,1.4223301638745784,0.8222087295156777,0.9777758110378533,16.0,8.0,False,main,True
9790,2,2,7.5776698361254216,1.4223301638745784,0.8419633151250469,0.9806058142867798,13.0,7.0,False,main,False
9790,3,3,8.577669836125422,1.4223301638745784,0.8577669836125421,0.9827961292603234,10.0,6.0,False,main,False
9790,4,4,9.577669836125422,1.4223301638745784,0.8706972578295837,0.9845417120120581,8.0,5.0,False,main,False
9790,5,5,10.577669836125422,1.4223301638745784,0.8814724863437852,0.9859655757437077,6.0,4.0,False,main,False
9790,6,6,11.577669836125422,1.4223301638745784,0.8905899873942632,0.9871491829580049,4.0,3.0,False,main,False
9790,7,7,12.577669836125422,1.4223301638745784,0.898404988294673,0.988148627173718,2.0,2.0,False,main,False
9790,8,8,13.577669836125422,1.4223301638745784,0.9051779890750281,0.9890037972081495,1.0,1.0,False,main,False
9790,9,9,14.577669836125422,1.4223301638745784,0.9111043647578388,0.9897438357860696,-1.0,-1.0,True,main,False
11141,0,1,5.272600753455175,2.7273992465448247,0.6590750941818969,0.8940814376444502,48.0,16.0,False,main,True
11141,0,2,5.272600753455175,3.7273992465448247,0.5858445281616862,0.830884791697439,84.0,22.0,False,main,False
11141,0,3,5.272600753455175,4.727399246544825,0.5272600753455176,0.7722402462477126,143.0,31.0,False,main,True
11141,0,4,5.272600753455175,5.727399246544825,0.47932734122319776,0.7194168627988206,247.0,41.0,False,main,True
8565,1,1,6.306698143563104,1.6933018564368953,0.788337267945388,0.9645186105430726,19.0,9.0,False,main,True
8565,2,2,7.306698143563104,1.6933018564368953,0.8118553492847894,0.9690964466101059,15.0,7.0,False,main,True
8565,3,3,8.306698143563104,1.6933018564368953,0.8306698143563105,0.9726268699271612,12.0,6.0,False,main,False
8565,4,4,9.306698143563104,1.6933018564368953,0.846063467596646,0.9754327346346434,9.0,5.0,False,main,False
8565,5,5,10.306698143563104,1.6933018564368953,0.858891511963592,0.9777164821308311,7.0,4.0,False,main,False
8565,6,6,11.306698143563104,1.6933018564368953,0.8697460110433157,0.9796115213610495,4.0,3.0,False,main,False
8565,7,7,12.306698143563104,1.6933018564368953,0.8790498673973647,0.9812093564015089,3.0,2.0,False,main,False
8565,8,8,13.306698143563104,1.6933018564368953,0.8871132095708737,0.9825748485764666,1.0,1.0,False,main,False
8565,9,9,14.306698143563104,1.6933018564368953,0.8941686339726941,0.9837552587571207,-1.0,-1.0,True,main,False
4544,1,1,6.445924722961763,1.5540752770382373,0.8057405903702204,0.9716532660374679,17.0,8.0,False,main,True
2880,0,1,5.286043638088949,2.7139563619110505,0.6607554547611186,0.8951661928006596,47.0,15.0,False,main,True
4290,0,1,5.553125980625627,2.446874019374373,0.6941407475782033,0.9158718805092511,38.0,14.0,False,main,True
6901,1,1,6.549109114392461,1.4508908856075382,0.8186386392990577,0.9765027942122728,16.0,8.0,False,main,True
512,1,1,6.208267426119563,1.791732573880437,0.7760334282649454,0.9590891147607794,20.0,9.0,False,main,True
1576,1,1,6.231228045247478,1.7687719547525218,0.7789035056559348,0.9603831356803251,20.0,9.0,False,main,True
2163,1,1,6.492348644295937,1.5076513557040623,0.8115435805369922,0.9738828808780742,17.0,8.0,False,main,True
3716,1,1,6.401210143750489,1.5987898562495113,0.8001512679688111,0.9694339015367248,18.0,9.0,False,main,True
11641,1,1,6.153343590667409,1.8466564093325912,0.7691679488334261,0.9559275347270724,21.0,9.0,False,main,True
4555,1,1,6.251796115706707,1.748203884293293,0.7814745144633384,0.9615282405449788,20.0,9.0,False,main,True
4555,2,2,7.251796115706707,1.748203884293293,0.8057551239674119,0.9665048356411136,15.0,8.0,False,main,True
4555,3,3,8.251796115706707,1.748203884293293,0.8251796115706707,0.9703400148382106,12.0,6.0,False,main,False
4555,4,4,9.251796115706707,1.748203884293293,0.8410723741551552,0.9733864095467734,9.0,5.0,False,main,False
4555,5,5,10.251796115706707,1.748203884293293,0.8543163429755589,0.9758648500925579,7.0,4.0,False,main,False
4555,6,6,11.251796115706707,1.748203884293293,0.8655227781312852,0.97792071978793,5.0,3.0,False,main,False
4555,7,7,12.251796115706707,1.748203884293293,0.8751282939790505,0.9796536571663029,3.0,2.0,False,main,False
4555,8,8,13.251796115706707,1.748203884293293,0.8834530743804472,0.9811342440549672,1.0,1.0,False,main,False
4555,9,9,14.251796115706707,1.748203884293293,0.8907372572316692,0.9824138819781109,-1.0,-1.0,True,main,False
6050,1,1,6.2865566330237055,1.7134433669762945,0.7858195791279632,0.9634328540761317,19.0,9.0,False,main,True
1753,1,1,6.302567232534883,1.697432767465117,0.7878209040668603,0.9642970047133417,19.0,9.0,False,main,True
3205,0,1,5.439446983792116,2.560553016207883,0.6799308729740146,0.9072588642331982,42.0,15.0,False,main,True
8594,0,1,5.339956969786379,2.6600430302136213,0.6674946212232974,0.8994764336179869,45.0,15.0,False,main,True
8875,1,1,6.46024260337741,1.53975739662259,0.8075303254221763,0.9723491077365979,17.0,8.0,False,main,True
8875,2,2,7.46024260337741,1.53975739662259,0.8289158448197123,0.9758904386204669,14.0,7.0,False,main,False
8875,3,3,8.46024260337741,1.53975739662259,0.8460242603377409,0.9786270358596809,11.0,6.0,False,main,False
8875,4,4,9.46024260337741,1.53975739662259,0.8600220548524917,0.9808053691855277,8.0,5.0,False,main,False
8875,5,5,10.46024260337741,1.53975739662259,0.8716868836147841,0.982580534840512,6.0,4.0,False,main,False
8875,6,6,11.46024260337741,1.53975739662259,0.8815571233367238,0.9840550242442663,4.0,3.0,False,main,False
8875,7,7,12.46024260337741,1.53975739662259,0.8900173288126721,0.9852992910552703,2.0,2.0,False,main,False
8875,8,8,13.46024260337741,1.53975739662259,0.8973495068918272,0.9863633658134192,1.0,1.0,False,main,False
8875,9,9,14.46024260337741,1.53975739662259,0.9037651627110881,0.987283758092437,-1.0,-1.0,True,main,False
7554,0,1,5.522483590130031,2.4775164098699687,0.6903104487662539,0.9135800860688875,39.0,15.0,False,main,True
1862,1,1,6.182084968032294,1.8179150319677064,0.7727606210040368,0.9575935203755609,21.0,9.0,False,main,True
10031,0,1,5.4255765224675505,2.574423477532449,0.6781970653084438,0.9061873919943897,42.0,15.0,False,main,True
10031,0,2,5.4255765224675505,3.574423477532449,0.6028418358297278,0.8437570017322887,74.0,21.0,False,main,False
10031,0,3,5.4255765224675505,4.574423477532449,0.542557652246755,0.7851347770630452,124.0,29.0,False,main,True
10031,0,4,5.4255765224675505,5.574423477532449,0.49323422931523186,0.7320191133286056,209.0,39.0,False,main,True
3684,1,1,6.26763466840508,1.7323653315949201,0.783454333550635,0.9624008777182745,19.0,9.0,False,main,True
4661,0,1,5.246518312712633,2.7534816872873673,0.6558147890890791,0.8919654220690201,49.0,16.0,False,main,True
7547,0,1,5.162776925937836,2.8372230740621642,0.6453471157422295,0.8850715912264729,52.0,16.0,False,main,True
1734,1,1,6.5313589952598745,1.468641004740125,0.8164198744074843,0.9756962466803639,16.0,8.0,False,main,True
3255,0,1,5.408215408649602,2.5917845913503976,0.6760269260812003,0.9048400597080769,43.0,15.0,False,main,True
1463,0,1,5.29777896845295,2.70222103154705,0.6622223710566187,0.8961098982952902,47.0,15.0,False,main,True
4668,1,1,6.363902914245345,1.6360970857546555,0.7954878642806681,0.9675295023239789,18.0,9.0,False,main,True
6579,1,1,6.2916258970089585,1.7083741029910418,0.7864532371261198,0.9637073614147018,19.0,9.0,False,main,True
11481,2,2,7.432426219889389,1.567573780110611,0.8258251355432654,0.9747109506715024,14.0,7.0,False,main,True
11481,3,3,8.43242621988939,1.567573780110611,0.843242621988939,0.9775848110352493,11.0,6.0,False,main,False
11481,4,4,9.43242621988939,1.567573780110611,0.8574932927172173,0.9798717606033317,8.0,5.0,False,main,False
11481,5,5,10.43242621988939,1.567573780110611,0.8693688516574491,0.9817350228304811,6.0,4.0,False,main,False
11481,6,6,11.43242621988939,1.567573780110611,0.8794174015299531,0.9832824057850673,4.0,3.0,False,main,False
11481,7,7,12.43242621988939,1.567573780110611,0.8880304442778135,0.9845879880954116,2.0,2.0,False,main,False
11481,8,8,13.43242621988939,1.567573780110611,0.8954950813259593,0.9857043571511468,1.0,1.0,False,main,False
11481,9,9,14.43242621988939,1.567573780110611,0.9020266387430869,0.9866698778302513,-1.0,-1.0,True,main,False
6084,2,2,7.647228696333287,1.3527713036667128,0.8496920773703652,0.9831889841572097,12.0,7.0,False,main,True
6084,3,3,8.647228696333286,1.3527713036667128,0.8647228696333287,0.9850818130399988,10.0,6.0,False,main,False
6084,4,4,9.647228696333286,1.3527713036667128,0.8770207905757533,0.9865913937745336,8.0,5.0,False,main,False
6084,5,5,10.647228696333286,1.3527713036667128,0.8872690580277739,0.9878234543637746,6.0,4.0,False,main,False
6084,6,6,11.647228696333286,1.3527713036667128,0.8959406689487144,0.9888480988181585,4.0,3.0,False,main,False
6084,7,7,12.647228696333286,1.3527713036667128,0.9033734783095204,0.9897136483979196,2.0,2.0,False,main,False
6084,8,8,13.647228696333286,1.3527713036667128,0.9098152464222191,0.9904544936636948,1.0,1.0,False,main,False
6084,9,9,14.647228696333286,1.3527713036667128,0.9154517935208304,0.9910957778960091,-1.0,-1.0,True,main,False
6993,2,2,7.475108703311831,1.5248912966881691,0.8305676337013145,0.9765111824428762,13.0,7.0,False,main,True
6993,3,3,8.47510870331183,1.5248912966881691,0.8475108703311831,0.9791756372756117,11.0,6.0,False,main,False
6993,4,4,9.47510870331183,1.5248912966881691,0.8613735184828937,0.9812968655368755,8.0,5.0,False,main,False
6993,5,5,10.47510870331183,1.5248912966881691,0.8729257252759859,0.9830257023248072,6.0,4.0,False,main,False
6993,6,6,11.47510870331183,1.5248912966881691,0.8827006694855254,0.9844618498840928,4.0,3.0,False,main,False
6993,7,7,12.47510870331183,1.5248912966881691,0.8910791930937022,0.9856738592877958,2.0,2.0,False,main,False
6993,8,8,13.47510870331183,1.5248912966881691,0.8983405802207887,0.9867104185893353,1.0,1.0,False,main,False
6993,9,9,14.47510870331183,1.5248912966881691,0.9046942939569894,0.9876070629178958,-1.0,-1.0,True,main,False
997,2,2,7.491849704754164,1.508150295245836,0.8324277449726849,0.9772020995473647,13.0,7.0,False,main,True
997,3,3,8.491849704754163,1.508150295245836,0.8491849704754164,0.9797863361396922,11.0,6.0,False,main,False
997,4,4,9.491849704754163,1.508150295245836,0.862895427704924,0.9818440513689516,8.0,5.0,False,main,False
997,5,5,10.491849704754163,1.508150295245836,0.8743208087295137,0.9835213506635128,6.0,4.0,False,main,False
997,6,6,11.491849704754163,1.508150295245836,0.8839884388272434,0.9849148390839415,4.0,3.0,False,main,False
997,7,7,12.491849704754163,1.508150295245836,0.8922749789110117,0.9860909542896348,2.0,2.0,False,main,False
997,8,8,13.491849704754163,1.508150295245836,0.8994566469836109,0.9870968926662852,1.0,1.0,False,main,False
997,9,9,14.491849704754163,1.508150295245836,0.9057406065471353,0.9879671063623222,-1.0,-1.0,True,main,False
4059,2,2,7.232657238464585,1.7673427615354156,0.8036285820516205,0.9655821353379869,15.0,8.0,False,main,True
4059,3,3,8.232657238464585,1.7673427615354156,0.8232657238464585,0.9695260658192396,12.0,6.0,False,main,False
4059,4,4,9.232657238464585,1.7673427615354156,0.8393324762240532,0.9726582437482741,9.0,5.0,False,main,False
4059,5,5,10.232657238464585,1.7673427615354156,0.8527214365387153,0.9752060889117884,7.0,4.0,False,main,False
4059,6,6,11.232657238464585,1.7673427615354156,0.864050556804968,0.9773192710920034,5.0,3.0,False,main,False
4059,7,7,12.232657238464585,1.7673427615354156,0.8737612313188989,0.9791003383480238,3.0,2.0,False,main,False
4059,8,8,13.232657238464585,1.7673427615354156,0.8821771492309723,0.9806219172595391,1.0,1.0,False,main,False
4059,9,9,14.232657238464585,1.7673427615354156,0.8895410774040365,0.9819368885869952,-1.0,-1.0,True,main,False
645,2,2,7.357148757276673,1.6428512427233275,0.8174609730307414,0.9714040071824219,14.0,7.0,False,main,True
645,3,3,8.357148757276672,1.6428512427233275,0.8357148757276672,0.9746639626064006,11.0,6.0,False,main,False
645,4,4,9.357148757276672,1.6428512427233275,0.850649887025152,0.9772561846240351,9.0,5.0,False,main,False
645,5,5,10.357148757276672,1.6428512427233275,0.863095729773056,0.9793668916167135,6.0,4.0,False,main,False
645,6,6,11.357148757276672,1.6428512427233275,0.873626827482821,0.9811189130962311,4.0,3.0,False,main,False
645,7,7,12.357148757276672,1.6428512427233275,0.8826534826626194,0.9825965579538545,3.0,2.0,False,main,False
645,8,8,13.357148757276672,1.6428512427233275,0.8904765838184449,0.9838596227762988,1.0,1.0,False,main,False
645,9,9,14.357148757276672,1.6428512427233275,0.897321797329792,0.9849516995765806,-1.0,-1.0,True,main,False
10524,0,6,5.350967724586629,7.64903227541337,0.41161290189127914,0.6363469346797198,714.0,70.0,False,main,True
3295,2,2,7.235968019539438,1.7640319804605618,0.8039964466154932,0.9657424539707021,15.0,8.0,False,main,True
3295,3,3,8.235968019539438,1.7640319804605618,0.8235968019539438,0.9696674797545223,12.0,6.0,False,main,False
3295,4,4,9.235968019539438,1.7640319804605618,0.8396334563217671,0.972784747456937,9.0,5.0,False,main,False
3295,5,5,10.235968019539438,1.7640319804605618,0.8529973349616199,0.9753205303670374,7.0,4.0,False,main,False
3295,6,6,11.235968019539438,1.7640319804605618,0.8643052322722645,0.9774237526305486,5.0,3.0,False,main,False
3295,7,7,12.235968019539438,1.7640319804605618,0.8739977156813884,0.9791964562795806,3.0,2.0,False,main,False
3295,8,8,13.235968019539438,1.7640319804605618,0.8823978679692959,0.9807109123192982,1.0,1.0,False,main,False
3295,9,9,14.235968019539438,1.7640319804605618,0.8897480012212149,0.9820197443068757,-1.0,-1.0,True,main,False
7165,2,2,7.560389973414704,1.4396100265852958,0.8400433303794116,0.9799393861250439,13.0,7.0,False,main,True
7165,3,3,8.560389973414704,1.4396100265852958,0.8560389973414704,0.9822066594427518,10.0,6.0,False,main,False
7165,4,4,9.560389973414704,1.4396100265852958,0.8691263612195186,0.9840132544678514,8.0,5.0,False,main,False
7165,5,5,10.560389973414704,1.4396100265852958,0.8800324977845587,0.9854866779897048,6.0,4.0,False,main,False
7165,6,6,11.560389973414704,1.4396100265852958,0.8892607671857464,0.9867113419266541,4.0,3.0,False,main,False
7165,7,7,12.560389973414704,1.4396100265852958,0.8971707123867646,0.9877453561137302,2.0,2.0,False,main,False
7165,8,8,13.560389973414704,1.4396100265852958,0.904025998227647,0.9886300346646463,1.0,1.0,False,main,False
7165,9,9,14.560389973414704,1.4396100265852958,0.910024373338419,0.9893955564078012,-1.0,-1.0,True,main,False
6851,2,2,7.4167246362157435,1.5832753637842565,0.8240805151350826,0.9740349220004538,14.0,7.0,False,main,True
6851,3,3,8.416724636215744,1.5832753637842565,0.8416724636215743,0.9769875624134344,11.0,6.0,False,main,False
6851,4,4,9.416724636215744,1.5832753637842565,0.856065876019613,0.9793368297086206,8.0,5.0,False,main,False
6851,5,5,10.416724636215744,1.5832753637842565,0.868060386351312,0.9812506233183296,6.0,4.0,False,main,False
6851,6,6,11.416724636215744,1.5832753637842565,0.878209587401211,0.982839808421438,4.0,3.0,False,main,False
6851,7,7,12.416724636215744,1.5832753637842565,0.8869089025868389,0.9841805470436569,2.0,2.0,False,main,False
6851,8,8,13.416724636215744,1.5832753637842565,0.8944483090810496,0.98532689551856,1.0,1.0,False,main,False
6851,9,9,14.416724636215744,1.5832753637842565,0.901045289763484,0.9863182842785876,-1.0,-1.0,True,main,False
4611,2,2,7.7580160625778785,1.241983937422121,0.8620017847308754,0.9869607365318572,12.0,7.0,False,main,False
4611,3,3,8.758016062577878,1.241983937422121,0.8758016062577878,0.9884216791963049,9.0,6.0,False,main,False
4611,4,4,9.758016062577878,1.241983937422121,0.8870923693252617,0.9895881637947243,7.0,5.0,False,main,False
4611,5,5,10.758016062577878,1.241983937422121,0.8965013385481565,0.9905410793149961,5.0,4.0,False,main,False
4611,6,6,11.758016062577878,1.241983937422121,0.9044627740444522,0.991334168273524,4.0,3.0,False,main,False
4611,7,7,12.758016062577878,1.241983937422121,0.9112868616127056,0.9920045346577483,2.0,2.0,False,main,False
4611,8,8,13.758016062577878,1.241983937422121,0.9172010708385252,0.9925786211104669,1.0,1.0,False,main,False
4611,9,9,14.758016062577878,1.241983937422121,0.9223760039111174,0.9930757819099065,-1.0,-1.0,True,main,False
9390,2,2,7.657617553339149,1.3423824466608516,0.850846394815461,0.983560839288312,12.0,7.0,False,main,True
9390,3,3,8.657617553339149,1.3423824466608516,0.8657617553339149,0.9854109541834172,10.0,6.0,False,main,False
9390,4,4,9.657617553339149,1.3423824466608516,0.8779652321217408,0.9868866279764976,8.0,5.0,False,main,False
9390,5,5,10.657617553339149,1.3423824466608516,0.8881347961115957,0.9880911182213528,6.0,4.0,False,main,False
9390,6,6,11.657617553339149,1.3423824466608516,0.8967398117953191,0.9890929037760656,4.0,3.0,False,main,False
9390,7,7,12.657617553339149,1.3423824466608516,0.904115539524225,0.9899391928901962,2.0,2.0,False,main,False
9390,8,8,13.657617553339149,1.3423824466608516,0.9105078368892766,0.9906635881939824,1.0,1.0,False,main,False
9390,9,9,14.657617553339149,1.3423824466608516,0.9161010970836968,0.99129065948284,-1.0,-1.0,True,main,False
5965,2,2,7.6248006114008335,1.375199388599166,0.847200067933426,0.9823737214895488,12.0,7.0,False,main,True
5965,3,3,8.624800611400833,1.375199388599166,0.8624800611400835,0.9843602957954717,10.0,6.0,False,main,False
5965,4,4,9.624800611400833,1.375199388599166,0.8749818737637122,0.9859442741050422,8.0,5.0,False,main,False
5965,5,5,10.624800611400833,1.375199388599166,0.8854000509500696,0.9872368165737441,6.0,4.0,False,main,False
5965,6,6,11.624800611400833,1.375199388599166,0.894215431646218,0.9883115991030103,4.0,3.0,False,main,False
5965,7,7,12.624800611400833,1.375199388599166,0.9017714722429168,0.989219388349667,2.0,2.0,False,main,False
5965,8,8,13.624800611400833,1.375199388599166,0.9083200407600556,0.9899963055323978,1.0,1.0,False,main,False
5965,9,9,14.624800611400833,1.375199388599166,0.9140500382125522,0.9906687532623186,-1.0,-1.0,True,main,False
11,2,2,7.5505498824788795,1.44945011752112,0.8389499869420978,0.9795555751774031,13.0,7.0,False,main,True
11,3,3,8.55054988247888,1.44945011752112,0.855054988247888,0.9818672085757535,10.0,6.0,False,main,False
11,4,4,9.55054988247888,1.44945011752112,0.8682318074980799,0.9837089647727582,8.0,5.0,False,main,False
11,5,5,10.55054988247888,1.44945011752112,0.8792124902065733,0.985210944731225,6.0,4.0,False,main,False
11,6,6,11.55054988247888,1.44945011752112,0.8885038371137599,0.9864592624609189,4.0,3.0,False,main,False
11,7,7,12.55054988247888,1.44945011752112,0.8964678487484914,0.9875131910608858,2.0,2.0,False,main,False
11,8,8,13.55054988247888,1.44945011752112,0.9033699921652586,0.9884148667371099,1.0,1.0,False,main,False
11,9,9,14.55054988247888,1.44945011752112,0.90940936765493,0.9891950658092603,-1.0,-1.0,True,main,False
422,2,2,7.2227271385838,1.7772728614161994,0.8025252376204223,0.9650995326783257,16.0,8.0,False,main,True
422,3,3,8.2227271385838,1.7772728614161994,0.8222727138583801,0.9691003947360994,12.0,6.0,False,main,True
422,4,4,9.2227271385838,1.7772728614161994,0.8384297398712546,0.9722774702372307,9.0,5.0,False,main,False
422,5,5,10.2227271385838,1.7772728614161994,0.8518939282153167,0.9748616342405451,7.0,4.0,False,main,False
422,6,6,11.2227271385838,1.7772728614161994,0.8632867029679847,0.9770048032829813,5.0,3.0,False,main,False
422,7,7,12.2227271385838,1.7772728614161994,0.8730519384702715,0.9788110499622455,3.0,2.0,False,main,False
422,8,8,13.2227271385838,1.7772728614161994,0.8815151425722534,0.9803540719916785,1.0,1.0,False,main,False
422,9,9,14.2227271385838,1.7772728614161994,0.8889204461614876,0.9816875248552134,-1.0,-1.0,True,main,False
7986,0,5,5.629939673981919,6.370060326018081,0.46916163949849327,0.7004852610065408,285.0,48.0,False,main,True
512,2,2,7.208267426119563,1.791732573880437,0.8009186029021736,0.9643921057470269,16.0,8.0,False,main,True
512,3,3,8.208267426119562,1.791732573880437,0.8208267426119562,0.9684764843131868,12.0,6.0,False,main,True
512,4,4,9.208267426119562,1.791732573880437,0.8371152205563238,0.97171941034704,9.0,5.0,False,main,False
512,5,5,10.208267426119562,1.791732573880437,0.8506889521766302,0.9743568346679519,7.0,4.0,False,main,False
512,6,6,11.208267426119562,1.791732573880437,0.8621744173938125,0.9765439731440051,5.0,3.0,False,main,False
512,7,7,12.208267426119562,1.791732573880437,0.872019101865683,0.9783871365328991,3.0,2.0,False,main,False
512,8,8,13.208267426119562,1.791732573880437,0.8805511617413041,0.979961594723624,1.0,1.0,False,main,False
512,9,9,14.208267426119562,1.791732573880437,0.8880167141324726,0.981322140108027,-1.0,-1.0,True,main,False
11679,2,2,7.345783666979685,1.6542163330203155,0.816198185219965,0.9708904660453123,14.0,7.0,False,main,True
11679,3,3,8.345783666979685,1.6542163330203155,0.8345783666979685,0.9742105397816081,11.0,6.0,False,main,False
11679,4,4,9.345783666979685,1.6542163330203155,0.8496166969981531,0.9768502637555261,9.0,5.0,False,main,False
11679,5,5,10.345783666979685,1.6542163330203155,0.8621486389149737,0.9789994543013233,6.0,4.0,False,main,False
11679,6,6,11.345783666979685,1.6542163330203155,0.872752589767668,0.9807832885224665,4.0,3.0,False,main,False
11679,7,7,12.345783666979685,1.6542163330203155,0.8818416904985489,0.9822876726222945,3.0,2.0,False,main,False
11679,8,8,13.345783666979685,1.6542163330203155,0.889718911131979,0.9835735279412444,1.0,1.0,False,main,False
11679,9,9,14.345783666979685,1.6542163330203155,0.8966114791862303,0.984685261493223,-1.0,-1.0,True,main,False
5145,2,2,7.783920198496415,1.2160798015035847,0.8648800220551572,0.9877793919973964,11.0,7.0,False,main,False
5145,3,3,8.783920198496414,1.2160798015035847,0.8783920198496415,0.9891470130718273,9.0,6.0,False,main,False
5145,4,4,9.783920198496414,1.2160798015035847,0.8894472907724015,0.9902392825324203,7.0,5.0,False,main,False
5145,5,5,10.783920198496414,1.2160798015035847,0.898660016541368,0.9911317648725229,5.0,4.0,False,main,False
5145,6,6,11.783920198496414,1.2160798015035847,0.9064553998843397,0.9918746888261468,4.0,3.0,False,main,False
5145,7,7,12.783920198496414,1.2160798015035847,0.9131371570354583,0.9925027457562914,2.0,2.0,False,main,False
5145,8,8,13.783920198496414,1.2160798015035847,0.9189280132330944,0.9930406667498847,1.0,1.0,False,main,False
5145,9,9,14.783920198496414,1.2160798015035847,0.923995012406026,0.9935065581566932,-1.0,-1.0,True,main,False
5705,2,2,7.607842072198133,1.3921579278018679,0.8453157857997925,0.9817460649806695,13.0,7.0,False,main,True
5705,3,3,8.607842072198132,1.3921579278018679,0.8607842072198132,0.983804902868753,10.0,6.0,False,main,False
5705,4,4,9.607842072198132,1.3921579278018679,0.8734401883816484,0.9854462131406292,8.0,5.0,False,main,False
5705,5,5,10.607842072198132,1.3921579278018679,0.8839868393498443,0.9867853527375599,6.0,4.0,False,main,False
5705,6,6,11.607842072198132,1.3921579278018679,0.8929109286306255,0.9878987556813743,4.0,3.0,False,main,False
5705,7,7,12.607842072198132,1.3921579278018679,0.9005601480141523,0.9888390760979131,2.0,2.0,False,main,False
5705,8,8,13.607842072198132,1.3921579278018679,0.9071894714798755,0.9896437705412855,1.0,1.0,False,main,False
5705,9,9,14.607842072198132,1.3921579278018679,0.9129901295123832,0.9903402130096722,-1.0,-1.0,True,main,False
7557,2,2,7.285080932096676,1.7149190679033235,0.8094534368996307,0.9680858963156431,15.0,7.0,False,main,True
7557,3,3,8.285080932096676,1.7149190679033235,0.8285080932096676,0.9717350300887598,12.0,6.0,False,main,False
7557,4,4,9.285080932096676,1.7149190679033235,0.8440982665542432,0.9746346120103956,9.0,5.0,False,main,False
7557,5,5,10.285080932096676,1.7149190679033235,0.857090077674723,0.976994232860638,7.0,4.0,False,main,False
7557,6,6,11.285080932096676,1.7149190679033235,0.8680831486228212,0.9789519592428007,5.0,3.0,False,main,False
7557,7,7,12.285080932096676,1.7149190679033235,0.8775057808640483,0.9806024604569529,3.0,2.0,False,main,False
7557,8,8,13.285080932096676,1.7149190679033235,0.8856720621397784,0.9820128244195498,1.0,1.0,False,main,False
7557,9,9,14.285080932096676,1.7149190679033235,0.8928175582560423,0.9832319240702914,-1.0,-1.0,True,main,False
1576,2,2,7.231228045247478,1.7687719547525218,0.8034697828052754,0.9655128386414209,15.0,8.0,False,main,True
1576,3,3,8.231228045247478,1.7687719547525218,0.8231228045247478,0.9694649417530307,12.0,6.0,False,main,False
1576,4,4,9.231228045247478,1.7687719547525218,0.8392025495679526,0.9726035652371651,9.0,5.0,False,main,False
1576,5,5,10.231228045247478,1.7687719547525218,0.8526023371039565,0.9751566246522194,7.0,4.0,False,main,False
1576,6,6,11.231228045247478,1.7687719547525218,0.8639406188651907,0.9772741121892409,5.0,3.0,False,main,False
1576,7,7,12.231228045247478,1.7687719547525218,0.8736591460891056,0.9790587946989385,3.0,2.0,False,main,False
1576,8,8,13.231228045247478,1.7687719547525218,0.8820818696831653,0.9805834524947141,1.0,1.0,False,main,False
1576,9,9,14.231228045247478,1.7687719547525218,0.8894517528279674,0.9819010775357015,-1.0,-1.0,True,main,False
3383,2,2,7.497986592072303,1.5020134079276968,0.833109621341367,0.9774532056154394,13.0,7.0,False,main,True
3383,3,3,8.497986592072303,1.5020134079276968,0.8497986592072303,0.9800083087825731,11.0,6.0,False,main,False
3383,4,4,9.497986592072303,1.5020134079276968,0.8634533265520276,0.9820429534653434,8.0,5.0,False,main,False
3383,5,5,10.497986592072303,1.5020134079276968,0.8748322160060252,0.9837015296151267,6.0,4.0,False,main,False
3383,6,6,11.497986592072303,1.5020134079276968,0.8844605070824849,0.9850795185770682,4.0,3.0,False,main,False
3383,7,7,12.497986592072303,1.5020134079276968,0.8927133280051646,0.9862425910344127,2.0,2.0,False,main,False
3383,8,8,13.497986592072303,1.5020134079276968,0.8998657728048202,0.987237401923606,1.0,1.0,False,main,False
3383,9,9,14.497986592072303,1.5020134079276968,0.906124162004519,0.9880980102234573,-1.0,-1.0,True,main,False
1734,2,2,7.5313589952598745,1.468641004740125,0.8368176661399861,0.9787981218737744,13.0,7.0,False,main,True
1734,3,3,8.531358995259875,1.468641004740125,0.8531358995259876,0.9811973806728278,10.0,6.0,False,main,False
1734,4,4,9.531358995259875,1.468641004740125,0.8664871813872614,0.9831085759438857,8.0,5.0,False,main,False
1734,5,5,10.531358995259875,1.468641004740125,0.8776132496049897,0.9846669414505821,6.0,4.0,False,main,False
1734,6,6,11.531358995259875,1.468641004740125,0.8870276150199904,0.9859619576167801,4.0,3.0,False,main,False
1734,7,7,12.531358995259875,1.468641004740125,0.8950970710899911,0.9870551975331746,2.0,2.0,False,main,False
1734,8,8,13.531358995259875,1.468641004740125,0.9020905996839917,0.9879904224178593,1.0,1.0,False,main,False
1734,9,9,14.531358995259875,1.468641004740125,0.9082099372037422,0.988799589384788,-1.0,-1.0,True,main,False
10462,0,5,5.6151773383699215,6.3848226616300785,0.4679314448641601,0.6993382238194994,290.0,48.0,False,main,True
2111,2,2,7.244148390128719,1.7558516098712813,0.8049053766809687,0.9661373139246601,15.0,8.0,False,main,True
2111,3,3,8.244148390128718,1.7558516098712813,0.8244148390128718,0.9700157945339568,12.0,6.0,False,main,False
2111,4,4,9.244148390128718,1.7558516098712813,0.840377126375338,0.9730963485452552,9.0,5.0,False,main,False
2111,5,5,10.244148390128718,1.7558516098712813,0.8536790325107265,0.9756024282944438,7.0,4.0,False,main,False
2111,6,6,11.244148390128718,1.7558516098712813,0.8649344915483629,0.9776811229965447,5.0,3.0,False,main,False
2111,7,7,12.244148390128718,1.7558516098712813,0.874582027866337,0.9794332292476498,3.0,2.0,False,main,False
2111,8,8,13.244148390128718,1.7558516098712813,0.8829432260085812,0.980930142820948,1.0,1.0,False,main,False
2111,9,9,14.244148390128718,1.7558516098712813,0.8902592743830449,0.9822238541243546,-1.0,-1.0,True,main,False
6050,2,2,7.2865566330237055,1.7134433669762945,0.8096174036693006,0.9681552921373588,15.0,7.0,False,main,True
6050,3,3,8.286556633023705,1.7134433669762945,0.8286556633023705,0.9717962688282308,12.0,6.0,False,main,False
6050,4,4,9.286556633023705,1.7134433669762945,0.8442324211839732,0.9746894120603696,9.0,5.0,False,main,False
6050,5,5,10.286556633023705,1.7134433669762945,0.8572130527519755,0.9770438207921769,7.0,4.0,False,main,False
6050,6,6,11.286556633023705,1.7134433669762945,0.8681966640787466,0.9789972413057801,5.0,3.0,False,main,False
6050,7,7,12.286556633023705,1.7134433669762945,0.8776111880731218,0.9806441252674034,3.0,2.0,False,main,False
6050,8,8,13.286556633023705,1.7134433669762945,0.8857704422015804,0.982051407525428,1.0,1.0,False,main,False
6050,9,9,14.286556633023705,1.7134433669762945,0.8929097895639816,0.9832678502136966,-1.0,-1.0,True,main,False
3382,2,2,7.3237765259434315,1.6762234740565687,0.813752947327048,0.9698856277306733,15.0,7.0,False,main,True
3382,3,3,8.323776525943432,1.6762234740565687,0.8323776525943432,0.9733234563275073,11.0,6.0,False,main,False
3382,4,4,9.323776525943432,1.6762234740565687,0.8476160478130392,0.9760561991997232,9.0,5.0,False,main,False
3382,5,5,10.323776525943432,1.6762234740565687,0.860314710495286,0.9782807333893789,7.0,4.0,False,main,False
3382,6,6,11.323776525943432,1.6762234740565687,0.8710597327648794,0.9801268408452165,4.0,3.0,False,main,False
3382,7,7,12.323776525943432,1.6762234740565687,0.8802697518531023,0.9816835597804314,3.0,2.0,False,main,False
3382,8,8,13.323776525943432,1.6762234740565687,0.8882517683962288,0.9830140162952065,1.0,1.0,False,main,False
3382,9,9,14.323776525943432,1.6762234740565687,0.8952360328714645,0.984164214585567,-1.0,-1.0,True,main,False
6341,2,2,7.497324777512221,1.5026752224877788,0.8330360863902467,0.9774261820479233,13.0,7.0,False,main,True
6341,3,3,8.49732477751222,1.5026752224877788,0.8497324777512221,0.9799844199594723,11.0,6.0,False,main,False
6341,4,4,9.49732477751222,1.5026752224877788,0.8633931615920201,0.9820215471281769,8.0,5.0,False,main,False
6341,5,5,10.49732477751222,1.5026752224877788,0.874777064792685,0.9836821380326467,6.0,4.0,False,main,False
6341,6,6,11.49732477751222,1.5026752224877788,0.8844095982701708,0.9850617949007514,4.0,3.0,False,main,False
6341,7,7,12.49732477751222,1.5026752224877788,0.8926660555365872,0.9862262709274456,2.0,2.0,False,main,False
6341,8,8,13.49732477751222,1.5026752224877788,0.8998216518341481,0.9872222793014114,1.0,1.0,False,main,False
6341,9,9,14.49732477751222,1.5026752224877788,0.9060827985945138,0.9880839213026292,-1.0,-1.0,True,main,False
7634,0,6,5.850988197513757,7.149011802486243,0.45007601519336593,0.6738600703308402,375.0,57.0,False,main,True
2324,2,2,7.171349441378228,1.8286505586217718,0.796816604597581,0.9625610036468837,16.0,8.0,False,main,True
2324,3,3,8.17134944137823,1.8286505586217718,0.8171349441378227,0.9668618997886791,12.0,6.0,False,main,False
2324,4,4,9.17134944137823,1.8286505586217718,0.8337590401252934,0.9702754754628374,9.0,5.0,False,main,False
2324,5,5,10.17134944137823,1.8286505586217718,0.8476124534481857,0.9730508788846807,7.0,4.0,False,main,False
2324,6,6,11.17134944137823,1.8286505586217718,0.8593345724137098,0.9753518982420726,5.0,3.0,False,main,False
2324,7,7,12.17134944137823,1.8286505586217718,0.8693821029555877,0.9772906561500784,3.0,2.0,False,main,False
2324,8,8,13.17134944137823,1.8286505586217718,0.8780899627585486,0.9789465030921507,1.0,1.0,False,main,False
2324,9,9,14.17134944137823,1.8286505586217718,0.8857093400861393,0.9803771811823329,-1.0,-1.0,True,main,False
2163,2,2,7.492348644295937,1.5076513557040623,0.8324831826995486,0.9772225585125335,13.0,7.0,False,main,True
2163,3,3,8.492348644295937,1.5076513557040623,0.8492348644295937,0.9798044210269542,11.0,6.0,False,main,False
2163,4,4,9.492348644295937,1.5076513557040623,0.8629407858450852,0.9818602563228067,8.0,5.0,False,main,False
2163,5,5,10.492348644295937,1.5076513557040623,0.8743623870246614,0.98353602998986,6.0,4.0,False,main,False
2163,6,6,11.492348644295937,1.5076513557040623,0.8840268187919952,0.9849282554950459,4.0,3.0,False,main,False
2163,7,7,12.492348644295937,1.5076513557040623,0.8923106174497099,0.9861033079856364,2.0,2.0,False,main,False
2163,8,8,13.492348644295937,1.5076513557040623,0.8994899096197292,0.9871083397188967,1.0,1.0,False,main,False
2163,9,9,14.492348644295937,1.5076513557040623,0.9057717902684961,0.9879777708010385,-1.0,-1.0,True,main,False
6579,2,2,7.2916258970089585,1.7083741029910418,0.8101806552232176,0.9683932206966184,15.0,7.0,False,main,True
6579,3,3,8.29162589700896,1.7083741029910418,0.8291625897008957,0.9720062359143358,12.0,6.0,False,main,False
6579,4,4,9.29162589700896,1.7083741029910418,0.8446932633644507,0.9748773069903366,9.0,5.0,False,main,False
6579,5,5,10.29162589700896,1.7083741029910418,0.8576354914174131,0.9772138476024874,7.0,4.0,False,main,False
6579,6,6,11.29162589700896,1.7083741029910418,0.8685866074622275,0.9791525063177298,5.0,3.0,False,main,False
6579,7,7,12.29162589700896,1.7083741029910418,0.8779732783577827,0.9807869889346756,3.0,2.0,False,main,False
6579,8,8,13.29162589700896,1.7083741029910418,0.8861083931339305,0.9821837056810746,1.0,1.0,False,main,False
6579,9,9,14.29162589700896,1.7083741029910418,0.89322661856306,0.9833910388998779,-1.0,-1.0,True,main,False
3748,2,2,7.32734664972609,1.6726533502739103,0.8141496277473433,0.9700495676422095,15.0,7.0,False,main,True
3748,3,3,8.32734664972609,1.6726533502739103,0.8327346649726091,0.9734681734923921,11.0,6.0,False,main,False
3748,4,4,9.32734664972609,1.6726533502739103,0.8479406045205536,0.976185733772228,9.0,5.0,False,main,False
3748,5,5,10.32734664972609,1.6726533502739103,0.8606122208105075,0.9783979717086791,7.0,4.0,False,main,False
3748,6,6,11.32734664972609,1.6726533502739103,0.8713343576712377,0.9802339169475542,4.0,3.0,False,main,False
3748,7,7,12.32734664972609,1.6726533502739103,0.8805247606947207,0.9817820961224186,3.0,2.0,False,main,False
3748,8,8,13.32734664972609,1.6726533502739103,0.888489776648406,0.9831052752691068,1.0,1.0,False,main,False
3748,9,9,14.32734664972609,1.6726533502739103,0.8954591656078806,0.9842491977797001,-1.0,-1.0,True,main,False
10597,0,5,5.674300116991167,6.325699883008833,0.4728583430825972,0.703923045256022,272.0,47.0,False,main,True
4245,2,2,7.419573799186452,1.5804262008135481,0.8243970887984946,0.9741581366219902,14.0,7.0,False,main,True
4245,3,3,8.419573799186452,1.5804262008135481,0.8419573799186452,0.9770964126333903,11.0,6.0,False,main,False
4245,4,4,9.419573799186452,1.5804262008135481,0.856324890835132,0.9794343183173387,8.0,5.0,False,main,False
4245,5,5,10.419573799186452,1.5804262008135481,0.868297816598871,0.9813388998903102,6.0,4.0,False,main,False
4245,6,6,11.419573799186452,1.5804262008135481,0.8784287537835732,0.9829204648044054,4.0,3.0,False,main,False
4245,7,7,12.419573799186452,1.5804262008135481,0.8871124142276037,0.9842547950519126,2.0,2.0,False,main,False
4245,8,8,13.419573799186452,1.5804262008135481,0.8946382532790967,0.9853956790462495,1.0,1.0,False,main,False
4245,9,9,14.419573799186452,1.5804262008135481,0.9012233624491532,0.986382352892186,-1.0,-1.0,True,main,False
11853,2,2,7.203425601470655,1.7965743985293456,0.8003806223856283,0.9641539892262814,16.0,8.0,False,main,True
11853,3,3,8.203425601470656,1.7965743985293456,0.8203425601470654,0.9682664957874725,12.0,6.0,False,main,False
11853,4,4,9.203425601470656,1.7965743985293456,0.8366750546791504,0.9715315966539918,9.0,5.0,False,main,False
11853,5,5,10.203425601470656,1.7965743985293456,0.8502854667892212,0.9741869540058693,7.0,4.0,False,main,False
11853,6,6,11.203425601470656,1.7965743985293456,0.8618019693438965,0.9763888958237266,5.0,3.0,False,main,False
11853,7,7,12.203425601470656,1.7965743985293456,0.8716732572479039,0.9782444871251146,3.0,2.0,False,main,False
11853,8,8,13.203425601470656,1.7965743985293456,0.8802283734313769,0.979829527530246,1.0,1.0,False,main,False
11853,9,9,14.203425601470656,1.7965743985293456,0.887714100091916,0.9811991924474578,-1.0,-1.0,True,main,False
8386,0,5,5.702620412251374,6.297379587748626,0.4752183676876145,0.7061106901873164,264.0,46.0,False,main,True
8028,0,5,5.758030829369504,6.241969170630496,0.4798359024474587,0.7103750120932855,250.0,46.0,False,main,True
1611,2,2,7.4812935854154805,1.51870641458452,0.8312548428239422,0.9767674437993886,13.0,7.0,False,main,True
1611,3,3,8.48129358541548,1.51870641458452,0.848129358541548,0.9794021358201106,11.0,6.0,False,main,False
1611,4,4,9.48129358541548,1.51870641458452,0.8619357804923165,0.9814998011957472,8.0,5.0,False,main,False
1611,5,5,10.48129358541548,1.51870641458452,0.8734411321179567,0.983209519161007,6.0,4.0,False,main,False
1611,6,6,11.48129358541548,1.51870641458452,0.8831764296473447,0.9846298423127444,4.0,3.0,False,main,False
1611,7,7,12.48129358541548,1.51870641458452,0.89152097038682,0.9858285373328539,2.0,2.0,False,main,False
1611,8,8,13.48129358541548,1.51870641458452,0.8987529056943654,0.9868537386956091,1.0,1.0,False,main,False
1611,9,9,14.48129358541548,1.51870641458452,0.9050808490884675,0.9877405796518643,-1.0,-1.0,True,main,False
3558,2,2,7.3176576530740345,1.682342346925966,0.8130730725637816,0.9696038167448047,15.0,7.0,False,main,True
3558,3,3,8.317657653074034,1.682342346925966,0.8317657653074034,0.9730746989868552,12.0,6.0,False,main,False
3558,4,4,9.317657653074034,1.682342346925966,0.847059786643094,0.9758335464699629,9.0,5.0,False,main,False
3558,5,5,10.317657653074034,1.682342346925966,0.8598048044228362,0.9780792213168502,7.0,4.0,False,main,False
3558,6,6,11.317657653074034,1.682342346925966,0.8705890502364642,0.9799427996019897,4.0,3.0,False,main,False
3558,7,7,12.317657653074034,1.682342346925966,0.8798326895052881,0.9815141994738554,3.0,2.0,False,main,False
3558,8,8,13.317657653074034,1.682342346925966,0.887843843538269,0.9828571663025769,1.0,1.0,False,main,False
3558,9,9,14.317657653074034,1.682342346925966,0.8948536033171272,0.9840181528052478,-1.0,-1.0,True,main,False
7161,2,2,7.164285754446096,1.8357142455539035,0.7960317504940106,0.9622066094038054,16.0,8.0,False,main,True
7161,3,3,8.164285754446096,1.8357142455539035,0.8164285754446097,0.9665494673800061,12.0,6.0,False,main,False
7161,4,4,9.164285754446096,1.8357142455539035,0.8331168867678269,0.9699961041791616,10.0,5.0,False,main,False
7161,5,5,10.164285754446096,1.8357142455539035,0.847023812870508,0.9727982320752462,7.0,4.0,False,main,False
7161,6,6,11.164285754446096,1.8357142455539035,0.8587912118804689,0.9751213037014224,5.0,3.0,False,main,False
7161,7,7,12.164285754446096,1.8357142455539035,0.8688775538890069,0.9770785695816764,3.0,2.0,False,main,False
7161,8,8,13.164285754446096,1.8357142455539035,0.8776190502964064,0.9787501718085456,1.0,1.0,False,main,False
7161,9,9,14.164285754446096,1.8357142455539035,0.885267859652881,0.980194424536224,-1.0,-1.0,True,main,False
5410,2,2,7.56168421412727,1.4383157858727298,0.84018713490303,0.9799896357212601,13.0,7.0,False,main,True
5410,3,3,8.56168421412727,1.4383157858727298,0.856168421412727,0.9822511033428242,10.0,6.0,False,main,False
5410,4,4,9.56168421412727,1.4383157858727298,0.8692440194661155,0.9840530961990194,8.0,5.0,False,main,False
5410,5,5,10.56168421412727,1.4383157858727298,0.8801403511772725,0.9855227817778355,6.0,4.0,False,main,False
5410,6,6,11.56168421412727,1.4383157858727298,0.8893603241636362,0.9867443493413489,4.0,3.0,False,main,False
5410,7,7,12.56168421412727,1.4383157858727298,0.8972631581519479,0.9877757565357776,2.0,2.0,False,main,False
5410,8,8,13.56168421412727,1.4383157858727298,0.9041122809418181,0.9886582099105936,1.0,1.0,False,main,False
5410,9,9,14.56168421412727,1.4383157858727298,0.9101052633829544,0.9894218101107642,-1.0,-1.0,True,main,False
11141,0,5,5.272600753455175,6.727399246544825,0.4393833961212646,0.6722957393076275,435.0,55.0,False,main,True
10477,0,6,5.744114213310489,7.255885786689511,0.4418549394854222,0.6659631142026856,424.0,60.0,False,main,True
1271,2,2,7.419507730792469,1.5804922692075314,0.8243897478658299,0.9741552821617965,14.0,7.0,False,main,True
1271,3,3,8.419507730792468,1.5804922692075314,0.8419507730792468,0.9770938909181551,11.0,6.0,False,main,False
1271,4,4,9.419507730792468,1.5804922692075314,0.8563188846174971,0.9794320597944175,8.0,5.0,False,main,False
1271,5,5,10.419507730792468,1.5804922692075314,0.8682923108993723,0.9813368547683081,6.0,4.0,False,main,False
1271,6,6,11.419507730792468,1.5804922692075314,0.8784236715994206,0.982918596209876,4.0,3.0,False,main,False
1271,7,7,12.419507730792468,1.5804922692075314,0.8871076950566048,0.9842530749139292,2.0,2.0,False,main,False
1271,8,8,13.419507730792468,1.5804922692075314,0.8946338487194978,0.9853940854997368,1.0,1.0,False,main,False
1271,9,9,14.419507730792468,1.5804922692075314,0.9012192331745292,0.9863808685733856,-1.0,-1.0,True,main,False
3112,0,2,5.3408813337293655,3.6591186662706345,0.5934312593032628,0.8366731727696405,79.0,22.0,False,main,True
4580,2,2,7.5115887365745095,1.48841126342549,0.834620970730501,0.9780055931666404,13.0,7.0,False,main,True
4580,3,3,8.51158873657451,1.48841126342549,0.8511588736574509,0.9804966478814993,10.0,6.0,False,main,False
4580,4,4,9.51158873657451,1.48841126342549,0.8646898851431373,0.9824805653629517,8.0,5.0,False,main,False
4580,5,5,10.51158873657451,1.48841126342549,0.8759657280478758,0.9840979683842234,6.0,4.0,False,main,False
4580,6,6,11.51158873657451,1.48841126342549,0.8855068258903469,0.9854418699569668,4.0,3.0,False,main,False
4580,7,7,12.51158873657451,1.48841126342549,0.8936849097553221,0.9865762556777048,2.0,2.0,False,main,False
4580,8,8,13.51158873657451,1.48841126342549,0.9007725824383006,0.9875465906824491,1.0,1.0,False,main,False
4580,9,9,14.51158873657451,1.48841126342549,0.9069742960359068,0.9883860698587323,-1.0,-1.0,True,main,False
11247,0,6,5.388691224299959,7.611308775700041,0.4145147095615353,0.6392277706336936,675.0,69.0,False,main,True
9922,0,6,5.263730333428693,7.736269666571307,0.4049023333406687,0.6296526461155292,818.0,73.0,False,main,True
6891,2,2,7.359592959751243,1.6404070402487572,0.8177325510834714,0.9715139680729091,14.0,7.0,False,main,True
6891,3,3,8.359592959751243,1.6404070402487572,0.8359592959751243,0.9747610563279492,11.0,6.0,False,main,False
6891,4,4,9.359592959751243,1.6404070402487572,0.850872087250113,0.9773431103773863,9.0,5.0,False,main,False
6891,5,5,10.359592959751243,1.6404070402487572,0.8632994133126036,0.9794455791318409,6.0,4.0,False,main,False
6891,6,6,11.359592959751243,1.6404070402487572,0.8738148430577879,0.9811907899432897,4.0,3.0,False,main,False
6891,7,7,12.359592959751243,1.6404070402487572,0.8828280685536603,0.9826627099794208,3.0,2.0,False,main,False
6891,8,8,13.359592959751243,1.6404070402487572,0.8906395306500828,0.9839208951712454,1.0,1.0,False,main,False
6891,9,9,14.359592959751243,1.6404070402487572,0.8974745599844527,0.9850087631338779,-1.0,-1.0,True,main,False
5681,2,2,7.442600978937908,1.5573990210620923,0.8269556643264342,0.9751450908407265,14.0,7.0,False,main,True
5681,3,3,8.442600978937907,1.5573990210620923,0.8442600978937908,0.9779684002648206,11.0,6.0,False,main,False
5681,4,4,9.442600978937907,1.5573990210620923,0.8584182708125371,0.9802153543136759,8.0,5.0,False,main,False
5681,5,5,10.442600978937907,1.5573990210620923,0.8702167482448256,0.9820461803949752,6.0,4.0,False,main,False
5681,6,6,11.442600978937907,1.5573990210620923,0.880200075302916,0.9835667270962011,4.0,3.0,False,main,False
5681,7,7,12.442600978937907,1.5573990210620923,0.8887572127812791,0.9848497372977004,2.0,2.0,False,main,False
5681,8,8,13.442600978937907,1.5573990210620923,0.8961733985958605,0.9859468563745551,1.0,1.0,False,main,False
5681,9,9,14.442600978937907,1.5573990210620923,0.9026625611836192,0.9868957657477463,-1.0,-1.0,True,main,False
5089,2,2,7.472487471918885,1.5275125280811144,0.8302763857687651,0.9764022215352371,13.0,7.0,False,main,True
5089,3,3,8.472487471918885,1.5275125280811144,0.8472487471918886,0.9790793348498801,11.0,6.0,False,main,False
5089,4,4,9.472487471918885,1.5275125280811144,0.8611352247198987,0.9812105840103305,8.0,5.0,False,main,False
5089,5,5,10.472487471918885,1.5275125280811144,0.8727072893265738,0.982947551277277,6.0,4.0,False,main,False
5089,6,6,11.472487471918885,1.5275125280811144,0.8824990363014528,0.9843904280399156,4.0,3.0,False,main,False
5089,7,7,12.472487471918885,1.5275125280811144,0.8908919622799204,0.9856080990769385,2.0,2.0,False,main,False
5089,8,8,13.472487471918885,1.5275125280811144,0.8981658314612591,0.9866494879340162,1.0,1.0,False,main,False
5089,9,9,14.472487471918885,1.5275125280811144,0.9045304669949303,0.9875503006880224,-1.0,-1.0,True,main,False
9690,0,5,5.62625429528685,6.37374570471315,0.46885452460723753,0.7001990468441162,286.0,48.0,False,main,True
8798,2,2,7.460263261174115,1.5397367388258856,0.8289181401304572,0.9758913058742571,14.0,7.0,False,main,True
8798,3,3,8.460263261174115,1.5397367388258856,0.8460263261174115,0.9786278022749748,11.0,6.0,False,main,False
8798,4,4,9.460263261174115,1.5397367388258856,0.8600239328340105,0.9808060557901841,8.0,5.0,False,main,False
8798,5,5,10.460263261174115,1.5397367388258856,0.8716886050978429,0.9825811567012871,6.0,4.0,False,main,False
8798,6,6,11.460263261174115,1.5397367388258856,0.8815587123980089,0.9840555925268037,4.0,3.0,False,main,False
8798,7,7,12.460263261174115,1.5397367388258856,0.8900188043695796,0.9852998142645685,2.0,2.0,False,main,False
8798,8,8,13.460263261174115,1.5397367388258856,0.8973508840782743,0.9863638505773412,1.0,1.0,False,main,False
8798,9,9,14.460263261174115,1.5397367388258856,0.9037664538233822,0.9872842096764753,-1.0,-1.0,True,main,False
6840,2,2,7.569151710879834,1.4308482891201666,0.841016856764426,0.9802785079204288,13.0,7.0,False,main,True
6840,3,3,8.569151710879833,1.4308482891201666,0.8569151710879833,0.982506609317802,10.0,6.0,False,main,False
6840,4,4,9.569151710879833,1.4308482891201666,0.8699228828072575,0.9842821510243989,8.0,5.0,False,main,False
6840,5,5,10.569151710879833,1.4308482891201666,0.8807626425733194,0.9857303514820379,6.0,4.0,False,main,False
6840,6,6,11.569151710879833,1.4308482891201666,0.8899347469907564,0.9869341207989775,4.0,3.0,False,main,False
6840,7,7,12.569151710879833,1.4308482891201666,0.8977965507771309,0.9879505422183045,2.0,2.0,False,main,False
6840,8,8,13.569151710879833,1.4308482891201666,0.9046101140586555,0.9888202042295618,1.0,1.0,False,main,False
6840,9,9,14.569151710879833,1.4308482891201666,0.9105719819299896,0.9895727582096938,-1.0,-1.0,True,main,False
9808,0,8,5.67565433140069,9.32434566859931,0.3783769554267126,0.5874966296726731,1568.0,102.0,False,main,True
3544,2,2,7.421887958172977,1.5781120418270231,0.8246542175747753,0.9742580372185456,14.0,7.0,False,main,True
3544,3,3,8.421887958172977,1.5781120418270231,0.8421887958172978,0.9771846686650819,11.0,6.0,False,main,False
3544,4,4,9.421887958172977,1.5781120418270231,0.8565352689248161,0.9795133636422402,8.0,5.0,False,main,False
3544,5,5,10.421887958172977,1.5781120418270231,0.8684906631810815,0.9814104769054933,6.0,4.0,False,main,False
3544,6,6,11.421887958172977,1.5781120418270231,0.8786067660133059,0.9829858638835032,4.0,3.0,False,main,False
3544,7,7,12.421887958172977,1.5781120418270231,0.8872777112980698,0.9843149985437464,2.0,2.0,False,main,False
3544,8,8,13.421887958172977,1.5781120418270231,0.8947925305448652,0.9854514521349366,1.0,1.0,False,main,False
3544,9,9,14.421887958172977,1.5781120418270231,0.9013679973858111,0.9864343032420699,-1.0,-1.0,True,main,False
10032,0,5,5.167524556765068,6.832475443234932,0.430627046397089,0.663836751030159,501.0,58.0,False,main,True
894,2,2,7.333650878745648,1.6663491212543522,0.8148500976384053,0.9703381806482334,15.0,7.0,False,main,True
894,3,3,8.333650878745647,1.6663491212543522,0.8333650878745648,0.9737229556041138,11.0,6.0,False,main,False
894,4,4,9.333650878745647,1.6663491212543522,0.8485137162496043,0.9764137933774877,9.0,5.0,False,main,False
894,5,5,10.333650878745647,1.6663491212543522,0.8611375732288039,0.9786043876823566,6.0,4.0,False,main,False
894,6,6,11.333650878745647,1.6663491212543522,0.8718192983650498,0.9804224447142555,4.0,3.0,False,main,False
894,7,7,12.333650878745647,1.6663491212543522,0.8809750627675462,0.981955591039047,3.0,2.0,False,main,False
894,8,8,13.333650878745647,1.6663491212543522,0.8889100585830432,0.9832659591433699,1.0,1.0,False,main,False
894,9,9,14.333650878745647,1.6663491212543522,0.895853179921603,0.9843988334896322,-1.0,-1.0,True,main,False
9528,0,5,5.663952577286895,6.336047422713105,0.4719960481072412,0.7031223574297177,275.0,47.0,False,main,True
8854,2,2,7.424687344894079,1.5753126551059213,0.8249652605437866,0.974378672021169,14.0,7.0,False,main,True
8854,3,3,8.424687344894078,1.5753126551059213,0.8424687344894078,0.9772912443404229,11.0,6.0,False,main,False
8854,4,4,9.424687344894078,1.5753126551059213,0.8567897586267343,0.979608818282999,8.0,5.0,False,main,False
8854,5,5,10.424687344894078,1.5753126551059213,0.8687239454078398,0.9814969140068737,6.0,4.0,False,main,False
8854,6,6,11.424687344894078,1.5753126551059213,0.8788221034533906,0.9830648413076033,4.0,3.0,False,main,False
8854,7,7,12.424687344894078,1.5753126551059213,0.8874776674924342,0.9843877023181815,2.0,2.0,False,main,False
8854,8,8,13.424687344894078,1.5753126551059213,0.8949791563262719,0.9855188061233847,1.0,1.0,False,main,False
8854,9,9,14.424687344894078,1.5753126551059213,0.9015429590558799,0.9864970411411851,-1.0,-1.0,True,main,False
10450,0,4,5.210221925919875,5.789778074080125,0.47365653871998864,0.714220639764456,264.0,42.0,False,main,True
4980,2,2,7.540595835292985,1.4594041647070153,0.8378439816992205,0.9791641602955997,13.0,7.0,False,main,True
4980,3,3,8.540595835292985,1.4594041647070153,0.8540595835292984,0.9815210609541238,10.0,6.0,False,main,False
4980,4,4,9.540595835292985,1.4594041647070153,0.867326894117544,0.9833986919191935,8.0,5.0,False,main,False
4980,5,5,10.540595835292985,1.4594041647070153,0.8783829862744154,0.9849298043595259,6.0,4.0,False,main,False
4980,6,6,11.540595835292985,1.4594041647070153,0.8877381411763834,0.9862022506751134,4.0,3.0,False,main,False
4980,7,7,12.540595835292985,1.4594041647070153,0.8957568453780703,0.9872764917822631,2.0,2.0,False,main,False
4980,8,8,13.540595835292985,1.4594041647070153,0.9027063890195323,0.9881955031840142,1.0,1.0,False,main,False
4980,9,9,14.540595835292985,1.4594041647070153,0.9087872397058115,0.9889906711063522,-1.0,-1.0,True,main,False
3362,2,2,7.833307949474683,1.1666920505253167,0.8703675499416315,0.989271315984279,11.0,7.0,False,main,False
3362,3,3,8.833307949474683,1.1666920505253167,0.8833307949474684,0.990469281249367,9.0,6.0,False,main,False
3362,4,4,9.833307949474683,1.1666920505253167,0.8939370863158803,0.991426551937235,7.0,5.0,False,main,False
3362,5,5,10.833307949474683,1.1666920505253167,0.9027756624562236,0.9922090545793852,5.0,4.0,False,main,False
3362,6,6,11.833307949474683,1.1666920505253167,0.9102544576518987,0.9928606511867306,4.0,3.0,False,main,False
3362,7,7,12.833307949474683,1.1666920505253167,0.9166648535339059,0.9934116580888284,2.0,2.0,False,main,False
3362,8,8,13.833307949474683,1.1666920505253167,0.9222205299649789,0.9938837005850113,1.0,1.0,False,main,False
3362,9,9,14.833307949474683,1.1666920505253167,0.9270817468421677,0.9942926192708187,-1.0,-1.0,True,main,False
2499,2,2,7.384640740820082,1.6153592591799184,0.820515637868898,0.9726309135421131,14.0,7.0,False,main,True
2499,3,3,8.384640740820082,1.6153592591799184,0.8384640740820082,0.975747413021413,11.0,6.0,False,main,False
2499,4,4,9.384640740820082,1.6153592591799184,0.853149158256371,0.9782262505713368,9.0,5.0,False,main,False
2499,5,5,10.384640740820082,1.6153592591799184,0.8653867284016735,0.9802450778503933,6.0,4.0,False,main,False
2499,6,6,11.384640740820082,1.6153592591799184,0.8757415954476986,0.9819211317720653,4.0,3.0,False,main,False
2499,7,7,12.384640740820082,1.6153592591799184,0.884617195772863,0.983334914382647,3.0,2.0,False,main,False
2499,8,8,13.384640740820082,1.6153592591799184,0.8923093827213388,0.9845435407367611,1.0,1.0,False,main,False
2499,9,9,14.384640740820082,1.6153592591799184,0.8990400463012551,0.9855886592410718,-1.0,-1.0,True,main,False
7979,0,5,5.537331701176635,6.462668298823365,0.46144430843138623,0.693264723576446,316.0,49.0,False,main,True
3901,2,2,7.652096107198404,1.3479038928015958,0.8502329007998227,0.9833636647580596,12.0,7.0,False,main,True
3901,3,3,8.652096107198403,1.3479038928015958,0.8652096107198404,0.9852364250208228,10.0,6.0,False,main,False
3901,4,4,9.652096107198403,1.3479038928015958,0.8774632824725821,0.9867300756877524,8.0,5.0,False,main,False
3901,5,5,10.652096107198403,1.3479038928015958,0.8876746755998669,0.9879491836874429,6.0,4.0,False,main,False
3901,6,6,11.652096107198403,1.3479038928015958,0.896315085169108,0.988963089289367,4.0,3.0,False,main,False
3901,7,7,12.652096107198403,1.3479038928015958,0.9037211505141717,0.9898195907250465,2.0,2.0,False,main,False
3901,8,8,13.652096107198403,1.3479038928015958,0.9101397404798935,0.9905527083069956,1.0,1.0,False,main,False
3901,9,9,14.652096107198403,1.3479038928015958,0.9157560066999002,0.991187315846353,-1.0,-1.0,True,main,False
7162,2,2,7.365653954396666,1.6343460456033339,0.8184059949329628,0.9717859032455779,14.0,7.0,False,main,True
7162,3,3,8.365653954396667,1.6343460456033339,0.8365653954396667,0.9750011791907668,11.0,6.0,False,main,False
7162,4,4,9.365653954396667,1.6343460456033339,0.8514230867633333,0.9775580926803362,9.0,5.0,False,main,False
7162,5,5,10.365653954396667,1.6343460456033339,0.8638044961997222,0.9796401911285262,6.0,4.0,False,main,False
7162,6,6,11.365653954396667,1.6343460456033339,0.8742810734151282,0.9813685608176099,4.0,3.0,False,main,False
7162,7,7,12.365653954396667,1.6343460456033339,0.883260996742619,0.9828263242792851,3.0,2.0,False,main,False
7162,8,8,13.365653954396667,1.6343460456033339,0.8910435969597778,0.984072442572302,1.0,1.0,False,main,False
7162,9,9,14.365653954396667,1.6343460456033339,0.8978533721497917,0.9851499021937867,-1.0,-1.0,True,main,False
9648,0,4,5.216310221741477,5.783689778258523,0.4742100201583161,0.71472926899718,263.0,42.0,False,main,True
4267,2,2,7.422608799450604,1.5773912005493964,0.8247343110500671,0.9742891229247147,14.0,7.0,False,main,True
4267,3,3,8.422608799450604,1.5773912005493964,0.8422608799450604,0.977212131318149,11.0,6.0,False,main,False
4267,4,4,9.422608799450604,1.5773912005493964,0.8566007999500549,0.979537960437982,8.0,5.0,False,main,False
4267,5,5,10.422608799450604,1.5773912005493964,0.8685507332875503,0.9814327499376643,6.0,4.0,False,main,False
4267,6,6,11.422608799450604,1.5773912005493964,0.8786622153423541,0.9830062146230417,4.0,3.0,False,main,False
4267,7,7,12.422608799450604,1.5773912005493964,0.8873291999607574,0.9843337326330434,2.0,2.0,False,main,False
4267,8,8,13.422608799450604,1.5773912005493964,0.8948405866300403,0.985468807653189,1.0,1.0,False,main,False
4267,9,9,14.422608799450604,1.5773912005493964,0.9014130499656627,0.9864504692606128,-1.0,-1.0,True,main,False
5452,2,2,7.71603773088583,1.2839622691141703,0.8573375256539811,0.9855824870377187,12.0,7.0,False,main,True
5452,3,3,8.71603773088583,1.2839622691141703,0.8716037730885831,0.9872008882272006,9.0,6.0,False,main,False
5452,4,4,9.71603773088583,1.2839622691141703,0.8832761573532573,0.9884925280196665,7.0,5.0,False,main,False
5452,5,5,10.71603773088583,1.2839622691141703,0.8930031442404859,0.989547314561947,6.0,4.0,False,main,False
5452,6,6,11.71603773088583,1.2839622691141703,0.9012336716066023,0.9904249369471454,4.0,3.0,False,main,False
5452,7,7,12.71603773088583,1.2839622691141703,0.9082884093489879,0.9911665791902298,2.0,2.0,False,main,False
5452,8,8,13.71603773088583,1.2839622691141703,0.9144025153923887,0.9918015766241834,1.0,1.0,False,main,False
5452,9,9,14.71603773088583,1.2839622691141703,0.9197523581803644,0.9923513915753761,-1.0,-1.0,True,main,False
328,2,2,7.171790623012456,1.8282093769875436,0.7968656247791618,0.9625830955013782,16.0,8.0,False,main,True
328,3,3,8.171790623012456,1.8282093769875436,0.8171790623012456,0.9668813764757958,12.0,6.0,False,main,True
328,4,4,9.171790623012456,1.8282093769875436,0.8337991475465869,0.9702928915760197,9.0,5.0,False,main,False
328,5,5,10.171790623012456,1.8282093769875436,0.8476492185843713,0.9730666292867479,7.0,4.0,False,main,False
328,6,6,11.171790623012456,1.8282093769875436,0.8593685094624965,0.9753662740965352,5.0,3.0,False,main,False
328,7,7,12.171790623012456,1.8282093769875436,0.8694136159294611,0.9773038783428747,3.0,2.0,False,main,False
328,8,8,13.171790623012456,1.8282093769875436,0.878119374867497,0.9789587431824192,1.0,1.0,False,main,False
328,9,9,14.171790623012456,1.8282093769875436,0.8857369139382785,0.9803885750822103,-1.0,-1.0,True,main,False
10062,0,6,5.662919033690179,7.337080966309822,0.4356091564377061,0.6599198887688854,468.0,61.0,False,main,True
1739,2,2,7.2801179720972975,1.719882027902703,0.8089019968996998,0.9678520706185125,15.0,7.0,False,main,True
1739,3,3,8.280117972097297,1.719882027902703,0.8280117972097297,0.9715286947508839,12.0,6.0,False,main,False
1739,4,4,9.280117972097297,1.719882027902703,0.8436470883724816,0.9744499747533519,9.0,5.0,False,main,False
1739,5,5,10.280117972097297,1.719882027902703,0.8566764976747748,0.9768271595087974,7.0,4.0,False,main,False
1739,6,6,11.280117972097297,1.719882027902703,0.8677013824690228,0.9787993954384979,5.0,3.0,False,main,False
1739,7,7,12.280117972097297,1.719882027902703,0.8771512837212355,0.9804620854444901,3.0,2.0,False,main,False
1739,8,8,13.280117972097297,1.719882027902703,0.8853411981398198,0.9818828333766004,1.0,1.0,False,main,False
1739,9,9,14.280117972097297,1.719882027902703,0.8925073732560811,0.9831108856404382,-1.0,-1.0,True,main,False
7510,2,2,7.546122748099544,1.4538772519004564,0.8384580831221715,0.9793818817748993,13.0,7.0,False,main,True
7510,3,3,8.546122748099544,1.4538772519004564,0.8546122748099544,0.9817135993557734,10.0,6.0,False,main,False
7510,4,4,9.546122748099544,1.4538772519004564,0.8678293407363221,0.983571273151576,8.0,5.0,False,main,False
7510,5,5,10.546122748099544,1.4538772519004564,0.8788435623416286,0.9850861795985857,6.0,4.0,False,main,False
7510,6,6,11.546122748099544,1.4538772519004564,0.8881632883153495,0.986345203810688,4.0,3.0,False,main,False
7510,7,7,12.546122748099544,1.4538772519004564,0.8961516248642531,0.9874081458029818,2.0,2.0,False,main,False
7510,8,8,13.546122748099544,1.4538772519004564,0.9030748498733029,0.9883175141121312,1.0,1.0,False,main,False
7510,9,9,14.546122748099544,1.4538772519004564,0.9091326717562215,0.9891043556367773,-1.0,-1.0,True,main,False
7327,2,2,7.253821851344656,1.7461781486553436,0.8059802057049619,0.966601920708197,15.0,8.0,False,main,True
7327,3,3,8.253821851344657,1.7461781486553436,0.8253821851344657,0.9704256647648559,12.0,6.0,False,main,False
7327,4,4,9.253821851344657,1.7461781486553436,0.8412565319404234,0.9734630379232004,9.0,5.0,False,main,False
7327,5,5,10.253821851344657,1.7461781486553436,0.8544851542787214,0.975934178461333,7.0,4.0,False,main,False
7327,6,6,11.253821851344657,1.7461781486553436,0.8656786039495891,0.9779840193785041,5.0,3.0,False,main,False
7327,7,7,12.253821851344657,1.7461781486553436,0.8752729893817612,0.9797118934775297,3.0,2.0,False,main,False
7327,8,8,13.253821851344657,1.7461781486553436,0.8835881234229771,0.9811881676838755,1.0,1.0,False,main,False
7327,9,9,14.253821851344657,1.7461781486553436,0.8908638657090411,0.9824640880306958,-1.0,-1.0,True,main,False
9490,0,6,5.41823883552881,7.581761164471191,0.41678760273298543,0.6414783909798145,647.0,68.0,False,main,True
2329,2,2,7.267455335423074,1.7325446645769258,0.8074950372692304,0.9672524243211905,15.0,7.0,False,main,True
2329,3,3,8.267455335423074,1.7325446645769258,0.8267455335423074,0.9709995860368795,12.0,6.0,False,main,False
2329,4,4,9.267455335423074,1.7325446645769258,0.8424959395839159,0.973976533567735,9.0,5.0,False,main,False
2329,5,5,10.267455335423074,1.7325446645769258,0.8556212779519229,0.9763987745737448,7.0,4.0,False,main,False
2329,6,6,11.267455335423074,1.7325446645769258,0.8667273334940826,0.9784082282688646,5.0,3.0,False,main,False
2329,7,7,12.267455335423074,1.7325446645769258,0.8762468096730768,0.9801021809563197,3.0,2.0,False,main,False
2329,8,8,13.267455335423074,1.7325446645769258,0.8844970223615383,0.9815495608498573,1.0,1.0,False,main,False
2329,9,9,14.267455335423074,1.7325446645769258,0.8917159584639421,0.9828005728897627,-1.0,-1.0,True,main,False
2673,2,2,7.686711902430508,1.3132880975694918,0.8540791002700564,0.984582510411753,12.0,7.0,False,main,True
2673,3,3,8.686711902430508,1.3132880975694918,0.8686711902430508,0.9863154165421325,10.0,6.0,False,main,False
2673,4,4,9.686711902430508,1.3132880975694918,0.880610172948228,0.9876980202718907,8.0,5.0,False,main,False
2673,5,5,10.686711902430508,1.3132880975694918,0.8905593252025423,0.9888268153954226,6.0,4.0,False,main,False
2673,6,6,11.686711902430508,1.3132880975694918,0.8989778386485006,0.9897658289709654,4.0,3.0,False,main,False
2673,7,7,12.686711902430508,1.3132880975694918,0.9061937073164649,0.9905592190698929,2.0,2.0,False,main,False
2673,8,8,13.686711902430508,1.3132880975694918,0.9124474601620338,0.9912384282655483,1.0,1.0,False,main,False
2673,9,9,14.686711902430508,1.3132880975694918,0.9179194939019067,0.9918264537247802,-1.0,-1.0,True,main,False
7171,2,2,7.1795743057131,1.8204256942868997,0.7977304784125666,0.9629720281883525,16.0,8.0,False,main,True
7171,3,3,8.1795743057131,1.8204256942868997,0.81795743057131,0.9672242801408191,12.0,6.0,False,main,True
7171,4,4,9.1795743057131,1.8204256942868997,0.8345067550648273,0.9705995251696378,9.0,5.0,False,main,False
7171,5,5,10.1795743057131,1.8204256942868997,0.848297858809425,0.9733439416822964,7.0,4.0,False,main,False
7171,6,6,11.1795743057131,1.8204256942868997,0.859967254285623,0.9756193896149981,5.0,3.0,False,main,False
7171,7,7,12.1795743057131,1.8204256942868997,0.8699695932652214,0.9775366846831205,3.0,2.0,False,main,False
7171,8,8,13.1795743057131,1.8204256942868997,0.87863828704754,0.9791742600119635,1.0,1.0,False,main,False
7171,9,9,14.1795743057131,1.8204256942868997,0.8862233941070687,0.9805891947298412,-1.0,-1.0,True,main,False
11027,0,5,5.288033643282103,6.711966356717897,0.44066947027350856,0.6735315917532638,426.0,55.0,False,main,True
222,2,2,7.82012021408803,1.1798797859119694,0.8689022460097812,0.98888188650503,11.0,7.0,False,main,False
222,3,3,8.82012021408803,1.1798797859119694,0.882012021408803,0.9901240831898377,9.0,6.0,False,main,False
222,4,4,9.82012021408803,1.1798797859119694,0.89273820128073,0.9911165597287269,7.0,5.0,False,main,False
222,5,5,10.82012021408803,1.1798797859119694,0.9016766845073358,0.9919277500551461,5.0,4.0,False,main,False
222,6,6,11.82012021408803,1.1798797859119694,0.90924001646831,0.9926031733523147,4.0,3.0,False,main,False
222,7,7,12.82012021408803,1.1798797859119694,0.9157228724348593,0.9931742851630448,2.0,2.0,False,main,False
222,8,8,13.82012021408803,1.1798797859119694,0.9213413476058687,0.9936635197655856,1.0,1.0,False,main,False
222,9,9,14.82012021408803,1.1798797859119694,0.9262575133805019,0.9940873080886983,-1.0,-1.0,True,main,False
8643,0,1,5.136636387557306,2.863363612442694,0.6420795484446632,0.8828887055475771,53.0,16.0,False,main,True
9763,0,1,4.986578763629233,3.0134212363707666,0.6233223454536542,0.8700787152951612,60.0,17.0,False,main,True
9763,0,2,4.986578763629233,4.013421236370767,0.5540643070699148,0.8058981594506001,109.0,24.0,False,main,False
9763,0,3,4.986578763629233,5.013421236370767,0.49865787636292336,0.747449256813258,193.0,34.0,False,main,True
9763,0,4,4.986578763629233,6.013421236370767,0.4533253421481121,0.6953161195942359,348.0,46.0,False,main,True
3117,0,1,4.924740460451589,3.0752595395484112,0.6155925575564486,0.8646635085930497,64.0,17.0,False,main,True
763,1,1,6.014586189890897,1.9854138101091032,0.7518232737363622,0.9475386910085577,23.0,9.0,False,main,True
11636,0,1,5.009604935959953,2.990395064040048,0.6262006169949941,0.8720749729580194,59.0,17.0,False,main,True
8233,0,1,5.140044724269384,2.859955275730617,0.642505590533673,0.883174148701963,53.0,16.0,False,main,True
8233,0,2,5.140044724269384,3.859955275730617,0.571116080474376,0.8194523047106517,94.0,23.0,False,main,False
8233,0,3,5.140044724269384,4.859955275730616,0.5140044724269384,0.7608612108492344,164.0,32.0,False,main,False
8233,0,4,5.140044724269384,5.859955275730616,0.4672767931153985,0.7083349284288945,287.0,44.0,False,main,False
8233,0,5,5.140044724269384,6.859955275730616,0.42833706035578195,0.6616116603522821,521.0,58.0,False,main,True
8233,0,6,5.140044724269384,7.859955275730616,0.3953880557130295,0.6200837107824103,1007.0,77.0,False,main,True
8233,0,7,5.140044724269384,8.859955275730616,0.3671460517335274,0.5830906699614136,2185.0,102.0,False,main,True
8233,0,8,5.140044724269384,9.859955275730616,0.3426696482846256,0.5500192871863464,-1.0,134.0,False,main,True
8233,0,9,5.140044724269384,10.859955275730616,0.3212527952668365,0.5203320268174862,-1.0,177.0,False,main,True
6773,0,1,4.859844937620409,3.1401550623795913,0.6074806172025511,0.8588964976229652,68.0,18.0,False,main,True
9737,1,1,5.856405140271632,2.143594859728368,0.732050642533954,0.9373101310501768,26.0,10.0,False,main,True
9737,2,2,6.856405140271632,2.143594859728368,0.7618227933635147,0.9455700030345086,19.0,8.0,False,main,False
9737,3,3,7.856405140271632,2.143594859728368,0.7856405140271632,0.9519023209023337,15.0,7.0,False,main,False
9737,4,4,8.856405140271633,2.143594859728368,0.8051277400246939,0.956912425494152,11.0,5.0,False,main,False
9737,5,5,9.856405140271633,2.143594859728368,0.821367095022636,0.9609758544366397,8.0,4.0,False,main,False
9737,6,6,10.856405140271633,2.143594859728368,0.8351080877132026,0.9643380664417198,5.0,3.0,False,main,False
9737,7,7,11.856405140271633,2.143594859728368,0.8468860814479738,0.967166329693668,3.0,2.0,False,main,False
9737,8,8,12.856405140271633,2.143594859728368,0.8570936760181088,0.9695785861251596,1.0,1.0,False,main,False
9737,9,9,13.856405140271633,2.143594859728368,0.8660253212669771,0.9716603988672867,-1.0,-1.0,True,main,False
653,1,1,6.055277326239276,1.944722673760724,0.7569096657799095,0.9500569596114367,22.0,9.0,False,main,True
6550,0,1,4.928824867952994,3.071175132047006,0.6161031084941242,0.8650236030526623,63.0,17.0,False,main,True
9940,0,1,5.034796202902547,2.9652037970974527,0.6293495253628184,0.8742463205634295,58.0,17.0,False,main,True
9940,0,2,5.034796202902547,3.9652037970974527,0.5594218003225052,0.8101932800812874,104.0,24.0,False,main,False
9940,0,3,5.034796202902547,4.965203797097453,0.5034796202902547,0.7516906532744696,183.0,33.0,False,main,True
9940,0,4,5.034796202902547,5.965203797097453,0.4577087457184134,0.6994284032819554,327.0,46.0,False,main,True
9940,0,5,5.034796202902547,6.965203797097453,0.41956635024187894,0.6530398181437356,608.0,61.0,False,main,True
11751,1,1,6.041472479402538,1.9585275205974626,0.7551840599253172,0.9492079355926759,23.0,9.0,False,main,True
5884,1,1,6.144012409905786,1.8559875900942142,0.7680015512382232,0.9553812612462994,21.0,9.0,False,main,True
10513,1,1,6.034938227609495,1.9650617723905048,0.7543672784511869,0.9488041553674182,23.0,9.0,False,main,True
10513,2,2,7.034938227609495,1.9650617723905048,0.7816598030677216,0.9554942603271586,17.0,8.0,False,main,False
10513,3,3,8.034938227609494,1.9650617723905048,0.8034938227609494,0.9606352674697886,13.0,7.0,False,main,False
10513,4,4,9.034938227609494,1.9650617723905048,0.8213580206917722,0.964710072782558,10.0,5.0,False,main,False
10513,5,5,10.034938227609494,1.9650617723905048,0.8362448523007912,0.9680195426677837,7.0,4.0,False,main,False
10513,6,6,11.034938227609494,1.9650617723905048,0.8488414021238072,0.970760975179058,5.0,3.0,False,main,False
10513,7,7,12.034938227609494,1.9650617723905048,0.8596384448292496,0.9730691674331,3.0,2.0,False,main,False
10513,8,8,13.034938227609494,1.9650617723905048,0.8689958818406329,0.9750393648179405,1.0,1.0,False,main,False
10513,9,9,14.034938227609494,1.9650617723905048,0.8771836392255934,0.97674078431419,-1.0,-1.0,True,main,False
10308,1,1,6.123392423250181,1.8766075767498194,0.7654240529062726,0.9541648198164244,21.0,9.0,False,main,True
10308,2,2,7.123392423250181,1.8766075767498194,0.7914880470277978,0.9601298015653345,16.0,8.0,False,main,False
10308,3,3,8.12339242325018,1.8766075767498194,0.8123392423250181,0.964718927231859,13.0,6.0,False,main,False
10308,4,4,9.12339242325018,1.8766075767498194,0.8293993112045619,0.9683595215864891,10.0,5.0,False,main,False
10308,5,5,10.12339242325018,1.8766075767498194,0.8436160352708484,0.9713183860819552,7.0,4.0,False,main,False
10308,6,6,11.12339242325018,1.8766075767498194,0.8556455710192447,0.9737707617343982,5.0,3.0,False,main,False
10308,7,7,12.12339242325018,1.8766075767498194,0.8659566016607272,0.9758365285841849,3.0,2.0,False,main,False
10308,8,8,13.12339242325018,1.8766075767498194,0.8748928282166787,0.9776004795447327,1.0,1.0,False,main,False
10308,9,9,14.12339242325018,1.8766075767498194,0.8827120264531363,0.9791242883838466,-1.0,-1.0,True,main,False
12076,1,1,6.137066222682626,1.862933777317374,0.7671332778353283,0.9549729075765028,21.0,9.0,False,main,True
4704,0,1,5.062799089322541,2.9372009106774586,0.6328498861653177,0.8766444697933997,56.0,17.0,False,main,True
3016,1,1,6.058397207822838,1.941602792177162,0.7572996509778548,0.9502480760512687,22.0,9.0,False,main,True
4968,1,1,5.9723167233805805,2.0276832766194195,0.7465395904225726,0.9448729735272133,24.0,9.0,False,main,True
3854,1,1,6.011727197142657,1.9882728028573429,0.7514658996428322,0.9473599779553147,23.0,9.0,False,main,True
10988,1,1,6.068404264723979,1.9315957352760207,0.7585505330904974,0.9508591804981426,22.0,9.0,False,main,True
10988,2,2,7.068404264723979,1.9315957352760207,0.7853782516359976,0.9572707674074702,17.0,8.0,False,main,False
10988,3,3,8.068404264723979,1.9315957352760207,0.8068404264723978,0.9621999196306162,13.0,6.0,False,main,False
10988,4,4,9.068404264723979,1.9315957352760207,0.8244003877021799,0.966108112720976,10.0,5.0,False,main,False
10988,5,5,10.068404264723979,1.9315957352760207,0.8390336887269982,0.9692830958678413,7.0,4.0,False,main,False
10988,6,6,11.068404264723979,1.9315957352760207,0.8514157126710753,0.9719136803503532,5.0,3.0,False,main,False
10988,7,7,12.068404264723979,1.9315957352760207,0.8620288760517127,0.9741289272339763,3.0,2.0,False,main,False
10988,8,8,13.068404264723979,1.9315957352760207,0.8712269509815986,0.976020064613295,1.0,1.0,False,main,False
10988,9,9,14.068404264723979,1.9315957352760207,0.8792752665452487,0.9776534115002682,-1.0,-1.0,True,main,False
1514,1,1,5.882234987762197,2.117765012237803,0.7352793734702746,0.9390269450071357,25.0,10.0,False,main,True
11161,0,1,4.927463464444999,3.0725365355550003,0.6159329330556249,0.864903615272557,64.0,17.0,False,main,True
11161,0,2,4.927463464444999,4.072536535555001,0.5474959404938888,0.8005868137900877,115.0,25.0,False,main,False
11161,0,3,4.927463464444999,5.072536535555001,0.49274634644449994,0.7422148485613813,206.0,35.0,False,main,True
11161,0,4,4.927463464444999,6.072536535555001,0.44795122404045445,0.6902468972645637,376.0,48.0,False,main,True
11161,0,5,4.927463464444999,7.072536535555001,0.4106219553704166,0.6442164924287002,721.0,64.0,False,main,True
6198,0,1,4.922033163118803,3.077966836881197,0.6152541453898503,0.8644246365684052,64.0,17.0,False,main,True
7755,0,1,5.115231845998396,2.8847681540016032,0.6394039807497995,0.8810904549059428,54.0,16.0,False,main,True
7755,0,2,5.115231845998396,3.8847681540016032,0.5683590939998218,0.8172838639011053,96.0,23.0,False,main,False
7755,0,3,5.115231845998396,4.884768154001604,0.5115231845998396,0.7587100193953612,168.0,32.0,False,main,False
7755,0,4,5.115231845998396,5.884768154001604,0.4650210769089451,0.7062437657883235,296.0,44.0,False,main,False
7755,0,5,5.115231845998396,6.884768154001604,0.4262693204998664,0.6595979135153067,540.0,59.0,False,main,True
7755,0,6,5.115231845998396,7.884768154001604,0.3934793727691074,0.6181529918995416,1052.0,78.0,False,main,True
7755,0,7,5.115231845998396,8.884768154001604,0.36537370328559976,0.5812429202657746,2316.0,103.0,False,main,True
7755,0,8,5.115231845998396,9.884768154001604,0.3410154563998931,0.5482517173552666,-1.0,136.0,False,main,True
7755,0,9,5.115231845998396,10.884768154001604,0.31970199037489977,0.5186406019120777,-1.0,180.0,False,main,True
2383,1,1,6.014687009603117,1.9853129903968831,0.7518358762003896,0.9475449889234353,23.0,9.0,False,main,True
2383,2,2,7.014687009603117,1.9853129903968831,0.7794096677336797,0.9544060761582566,18.0,8.0,False,main,False
2383,3,3,8.014687009603117,1.9853129903968831,0.8014687009603116,0.9596770671743386,14.0,7.0,False,main,False
2383,4,4,9.014687009603117,1.9853129903968831,0.8195170008730106,0.9638540541581689,10.0,5.0,False,main,False
2383,5,5,10.014687009603117,1.9853129903968831,0.8345572508002598,0.9672459762148252,7.0,4.0,False,main,False
2383,6,6,11.014687009603117,1.9853129903968831,0.8472836161233167,0.9700553503529138,5.0,3.0,False,main,False
2383,7,7,12.014687009603117,1.9853129903968831,0.8581919292573655,0.9724204989374742,3.0,2.0,False,main,False
2383,8,8,13.014687009603117,1.9853129903968831,0.8676458006402078,0.9744391350845794,1.0,1.0,False,main,False
2383,9,9,14.014687009603117,1.9853129903968831,0.8759179381001948,0.9761822552098365,-1.0,-1.0,True,main,False
6680,1,1,6.052188001014981,1.9478119989850187,0.7565235001268726,0.9498674376628852,22.0,9.0,False,main,True
5846,1,1,6.004424673570789,1.9955753264292118,0.7505530841963486,0.9469024524749882,23.0,9.0,False,main,True
4174,1,1,5.9651271540746365,2.0348728459253635,0.7456408942593296,0.9444145839315494,24.0,9.0,False,main,True
3443,1,1,6.007411826682311,1.992588173317689,0.7509264783352889,0.9470897892133484,23.0,9.0,False,main,True
8278,1,1,6.0052892018216015,1.994710798178398,0.7506611502277002,0.9469566965678885,23.0,9.0,False,main,True
8278,2,2,7.0052892018216015,1.994710798178398,0.7783654668690668,0.9538977525868446,18.0,8.0,False,main,False
8278,3,3,8.0052892018216,1.994710798178398,0.8005289201821602,0.9592295182105018,14.0,7.0,False,main,False
8278,4,4,9.0052892018216,1.994710798178398,0.8186626547110547,0.9634542694980942,10.0,5.0,False,main,False
8278,5,5,10.0052892018216,1.994710798178398,0.8337741001518002,0.9668847263637534,8.0,4.0,False,main,False
8278,6,6,11.0052892018216,1.994710798178398,0.846560707832431,0.9697258490376365,5.0,3.0,False,main,False
8278,7,7,12.0052892018216,1.994710798178398,0.8575206572729716,0.9721176096521938,3.0,2.0,False,main,False
8278,8,8,13.0052892018216,1.994710798178398,0.8670192801214401,0.9741588758727758,1.0,1.0,False,main,False
8278,9,9,14.0052892018216,1.994710798178398,0.8753305751138502,0.9759214764542288,-1.0,-1.0,True,main,False
1990,0,1,5.125269964616,2.874730035384,0.640658745577,0.8819349960045801,54.0,16.0,False,main,True
6947,1,1,5.890014929673657,2.109985070326343,0.7362518662092071,0.9395405484744859,25.0,10.0,False,main,True
910,1,1,5.860827931013498,2.1391720689865026,0.7326034913766872,0.9376053599698679,26.0,10.0,False,main,True
1798,1,1,6.065718916175528,1.9342810838244726,0.758214864521941,0.950695478776155,22.0,9.0,False,main,True
4391,0,1,5.0025334060573305,2.997466593942669,0.6253166757571663,0.8714630747446244,59.0,17.0,False,main,True
6708,1,1,5.922418728412785,2.0775812715872157,0.7403023410515981,0.9416621414451831,25.0,10.0,False,main,True
6708,2,2,6.922418728412785,2.0775812715872157,0.7691576364903094,0.9493252967907306,19.0,8.0,False,main,True
6708,3,3,7.922418728412785,2.0775812715872157,0.7922418728412784,0.955205298411993,14.0,7.0,False,main,True
6708,4,4,8.922418728412785,2.0775812715872157,0.8111289753102532,0.9598606032516299,11.0,5.0,False,main,False
6708,5,5,9.922418728412785,2.0775812715872157,0.826868227367732,0.9636382185669101,8.0,4.0,False,main,False
6708,6,6,10.922418728412785,2.0775812715872157,0.8401860560317527,0.966765231594546,5.0,3.0,False,main,False
6708,7,7,11.922418728412785,2.0775812715872157,0.8516013377437703,0.9693965397015224,3.0,2.0,False,main,False
6708,8,8,12.922418728412785,2.0775812715872157,0.8614945818941856,0.9716414466931192,1.0,1.0,False,main,False
6708,9,9,13.922418728412785,2.0775812715872157,0.870151170525799,0.9735792996812633,-1.0,-1.0,True,main,False
975,1,1,5.850992568022613,2.1490074319773873,0.7313740710028266,0.9369481256298267,26.0,10.0,False,main,True
11072,1,1,6.11259845209779,1.8874015479022108,0.7640748065122237,0.9535229801960071,21.0,9.0,False,main,True
11072,2,2,7.11259845209779,1.8874015479022108,0.7902887168997544,0.9595745396762031,17.0,8.0,False,main,False
11072,3,3,8.112598452097789,1.8874015479022108,0.8112598452097789,0.9642296127853105,13.0,6.0,False,main,False
11072,4,4,9.112598452097789,1.8874015479022108,0.828418041099799,0.9679221255426045,10.0,5.0,False,main,False
11072,5,5,10.112598452097789,1.8874015479022108,0.8427165376748157,0.9709229319220215,7.0,4.0,False,main,False
11072,6,6,11.112598452097789,1.8874015479022108,0.8548152655459837,0.9734098998947195,5.0,3.0,False,main,False
11072,7,7,12.112598452097789,1.8874015479022108,0.8651856037212706,0.9755046876693839,3.0,2.0,False,main,False
11072,8,8,13.112598452097789,1.8874015479022108,0.8741732301398526,0.9772933350201775,1.0,1.0,False,main,False
11072,9,9,14.112598452097789,1.8874015479022108,0.8820374032561118,0.9788384160628718,-1.0,-1.0,True,main,False
6587,0,1,4.915639509705627,3.0843604902943733,0.6144549387132033,0.8638599130297808,64.0,17.0,False,main,True
7982,1,1,6.045550485172348,1.9544495148276522,0.7556938106465435,0.9494593120242666,22.0,9.0,False,main,True
7982,2,2,7.045550485172348,1.9544495148276522,0.7828389427969276,0.956060551265376,17.0,8.0,False,main,False
7982,3,3,8.045550485172349,1.9544495148276522,0.8045550485172348,0.9611339789186285,13.0,7.0,False,main,False
7982,4,4,9.045550485172349,1.9544495148276522,0.8223227713793043,0.9651556462701573,10.0,5.0,False,main,False
7982,5,5,10.045550485172349,1.9544495148276522,0.8371292070976957,0.9684222300474772,7.0,4.0,False,main,False
7982,6,6,11.045550485172349,1.9544495148276522,0.8496577296286421,0.9711283184934358,5.0,3.0,False,main,False
7982,7,7,12.045550485172349,1.9544495148276522,0.8603964632265962,0.9734068776864834,3.0,2.0,False,main,False
7982,8,8,13.045550485172349,1.9544495148276522,0.8697033656781565,0.9753518708974742,1.0,1.0,False,main,False
7982,9,9,14.045550485172349,1.9544495148276522,0.8778469053232718,0.9770315903800192,-1.0,-1.0,True,main,False
1336,0,1,4.893478507763636,3.106521492236365,0.6116848134704544,0.8618960740955102,66.0,18.0,False,main,True
2578,1,1,5.994591441471663,2.005408558528338,0.7493239301839578,0.9462839900522317,23.0,9.0,False,main,True
2578,2,2,6.994591441471663,2.005408558528338,0.7771768268301847,0.9533165552470831,18.0,8.0,False,main,True
2578,3,3,7.994591441471663,2.005408558528338,0.7994591441471662,0.9587178510512981,14.0,7.0,False,main,True
2578,4,4,8.994591441471663,2.005408558528338,0.8176901310428785,0.9629972391292859,10.0,5.0,False,main,False
2578,5,5,9.994591441471663,2.005408558528338,0.8328826201226386,0.9664717698522424,8.0,4.0,False,main,False
2578,6,6,10.994591441471663,2.005408558528338,0.8457378031901279,0.9693492010461948,5.0,3.0,False,main,False
2578,7,7,11.994591441471663,2.005408558528338,0.8567565315336901,0.9717713934670889,3.0,2.0,False,main,False
2578,8,8,12.994591441471663,2.005408558528338,0.8663060960981108,0.9738385362434703,1.0,1.0,False,main,False
2578,9,9,13.994591441471663,2.005408558528338,0.8746619650919789,0.975623410656807,-1.0,-1.0,True,main,False
7427,1,1,6.009998429986865,1.9900015700131348,0.7512498037483581,0.9472518018216705,23.0,9.0,False,main,True
5282,1,1,6.082888559984364,1.9171114400156362,0.7603610699980455,0.9517385351926857,22.0,9.0,False,main,True
5282,2,2,7.082888559984364,1.9171114400156362,0.7869876177760404,0.958031147010932,17.0,8.0,False,main,True
5282,3,3,8.082888559984365,1.9171114400156362,0.8082888559984364,0.9628697548654975,13.0,6.0,False,main,False
5282,4,4,9.082888559984365,1.9171114400156362,0.8257171418167604,0.9667067127374543,10.0,5.0,False,main,False
5282,5,5,10.082888559984365,1.9171114400156362,0.8402407133320303,0.9698241789643886,7.0,4.0,False,main,False
5282,6,6,11.082888559984365,1.9171114400156362,0.8525298892295664,0.9724073450700355,5.0,3.0,False,main,False
5282,7,7,12.082888559984365,1.9171114400156362,0.8630634685703117,0.9745828242661989,3.0,2.0,False,main,False
5282,8,8,13.082888559984365,1.9171114400156362,0.8721925706656243,0.9764401295207277,1.0,1.0,False,main,False
5282,9,9,14.082888559984365,1.9171114400156362,0.8801805349990228,0.9780443421523268,-1.0,-1.0,True,main,False
11957,1,1,6.121898985445045,1.8781010145549546,0.7652373731806307,0.9540762226929181,21.0,9.0,False,main,True
11957,2,2,7.121898985445045,1.8781010145549546,0.7913221094938939,0.9600531513374636,16.0,8.0,False,main,True
11957,3,3,8.121898985445046,1.8781010145549546,0.8121898985445046,0.9646513780049649,13.0,6.0,False,main,False
11957,4,4,9.121898985445046,1.8781010145549546,0.8292635441313678,0.9682991378239515,10.0,5.0,False,main,False
11957,5,5,10.121898985445046,1.8781010145549546,0.8434915821204205,0.9712637912152495,7.0,4.0,False,main,False
11957,6,6,11.121898985445046,1.8781010145549546,0.8555306911880804,0.9737209415814755,5.0,3.0,False,main,False
11957,7,7,12.121898985445046,1.8781010145549546,0.865849927531789,0.9757907142856188,3.0,2.0,False,main,False
11957,8,8,13.121898985445046,1.8781010145549546,0.8747932656963364,0.9775580742771051,1.0,1.0,False,main,False
11957,9,9,14.121898985445046,1.8781010145549546,0.8826186865903154,0.979084819558191,-1.0,-1.0,True,main,False
747,0,1,4.901661696720647,3.098338303279353,0.6127077120900809,0.8626224081151043,65.0,17.0,False,main,True
11734,0,1,5.030863079000909,2.969136920999091,0.6288578848751136,0.8739081777711546,58.0,17.0,False,main,True
5931,1,1,6.0137828649721,1.9862171350278999,0.7517228581215125,0.9474884993226381,23.0,9.0,False,main,True
4828,1,1,6.067497996707497,1.9325020032925024,0.7584372495884372,0.9508039568662365,22.0,9.0,False,main,True
1389,1,1,6.029882807096918,1.970117192903082,0.7537353508871147,0.9484909191672188,23.0,9.0,False,main,True
9622,1,1,5.932918709957088,2.0670812900429127,0.741614838744636,0.9423434853795685,24.0,9.0,False,main,True
9622,2,2,6.932918709957088,2.0670812900429127,0.7703243011063431,0.9499134764179652,18.0,8.0,False,main,False
9622,3,3,7.932918709957088,2.0670812900429127,0.7932918709957087,0.9557227998889528,14.0,7.0,False,main,False
9622,4,4,8.932918709957088,2.0670812900429127,0.8120835190870079,0.9603226300174261,11.0,5.0,False,main,False
9622,5,5,9.932918709957088,2.0670812900429127,0.8277432258297573,0.9640555355811966,8.0,4.0,False,main,False
9622,6,6,10.932918709957088,2.0670812900429127,0.840993746919776,0.9671457425002715,5.0,3.0,False,main,False
9622,7,7,11.932918709957088,2.0670812900429127,0.8523513364255063,0.9697462196991824,3.0,2.0,False,main,False
9622,8,8,12.932918709957088,2.0670812900429127,0.8621945806638058,0.9719649234551334,1.0,1.0,False,main,False
9622,9,9,13.932918709957088,2.0670812900429127,0.870807419372318,0.9738802306277995,-1.0,-1.0,True,main,False
1979,1,1,5.853306381847893,2.1466936181521072,0.7316632977309866,0.9371029739908041,26.0,10.0,False,main,True
5900,0,1,4.98052966107302,3.01947033892698,0.6225662076341275,0.8695524672486012,61.0,17.0,False,main,True
10860,1,1,6.1004389144440925,1.8995610855559077,0.7625548643055116,0.9527957976254178,22.0,9.0,False,main,True
10860,2,2,7.1004389144440925,1.8995610855559077,0.7889376571604547,0.9589455270975866,17.0,8.0,False,main,False
10860,3,3,8.100438914444092,1.8995610855559077,0.8100438914444092,0.9636753596460664,13.0,6.0,False,main,False
10860,4,4,9.100438914444092,1.8995610855559077,0.8273126285858265,0.9674267175849642,10.0,5.0,False,main,False
10860,5,5,10.100438914444092,1.8995610855559077,0.841703242870341,0.9704750549030948,7.0,4.0,False,main,False
10860,6,6,11.100438914444092,1.8995610855559077,0.8538799164956994,0.9730012204507654,5.0,3.0,False,main,False
10860,7,7,12.100438914444092,1.8995610855559077,0.8643170653174351,0.9751288896536664,3.0,2.0,False,main,False
10860,8,8,13.100438914444092,1.8995610855559077,0.8733625942962728,0.976945516474236,1.0,1.0,False,main,False
10860,9,9,14.100438914444092,1.8995610855559077,0.8812774321527558,0.9785146960266101,-1.0,-1.0,True,main,False
8470,1,1,6.0722926366113406,1.9277073633886594,0.7590365795764176,0.951095847986775,22.0,9.0,False,main,True
8470,2,2,7.0722926366113406,1.9277073633886594,0.7858102929568156,0.9574754021271713,17.0,8.0,False,main,False
8470,3,3,8.07229263661134,1.9277073633886594,0.807229263661134,0.9623801789658538,13.0,6.0,False,main,False
8470,4,4,9.07229263661134,1.9277073633886594,0.8247538760555764,0.9662691964771039,10.0,5.0,False,main,False
8470,5,5,10.07229263661134,1.9277073633886594,0.8393577197176117,0.9694286978359006,7.0,4.0,False,main,False
8470,6,6,11.07229263661134,1.9277073633886594,0.8517148182008724,0.972046519411614,5.0,3.0,False,main,False
8470,7,7,12.07229263661134,1.9277073633886594,0.86230661690081,0.9742510630672649,3.0,2.0,False,main,False
8470,8,8,13.07229263661134,1.9277073633886594,0.8714861757740894,0.9761330950614833,1.0,1.0,False,main,False
8470,9,9,14.07229263661134,1.9277073633886594,0.8795182897882088,0.97775860115629,-1.0,-1.0,True,main,False
9874,0,1,5.092888754838605,2.9071112451613943,0.6366110943548257,0.8792029874483732,55.0,16.0,False,main,True
9874,0,2,5.092888754838605,3.9071112451613943,0.5658765283154006,0.8153236366124077,98.0,24.0,False,main,False
9874,0,3,5.092888754838605,4.907111245161394,0.5092888754838605,0.7567672405769985,172.0,33.0,False,main,True
9874,0,4,5.092888754838605,5.907111245161394,0.46298988680350955,0.7043562164769559,304.0,44.0,False,main,True
8544,0,1,4.914075745557451,3.085924254442549,0.6142594681946814,0.863721665493787,64.0,17.0,False,main,True
7515,1,1,6.044837606051263,1.9551623939487375,0.7556047007564078,0.9494154032331455,23.0,9.0,False,main,True
12023,1,1,6.051598745242184,1.9484012547578162,0.756449843155273,0.9498312570714211,22.0,9.0,False,main,True
12023,2,2,7.051598745242184,1.9484012547578162,0.783510971693576,0.9563820755344437,17.0,8.0,False,main,True
12023,3,3,8.051598745242185,1.9484012547578162,0.8051598745242184,0.9614171530604048,13.0,7.0,False,main,False
12023,4,4,9.051598745242185,1.9484012547578162,0.822872613203835,0.9654086616048093,10.0,5.0,False,main,False
12023,5,5,10.051598745242185,1.9484012547578162,0.8376332287701821,0.9686509025857039,7.0,4.0,False,main,False
12023,6,6,11.051598745242185,1.9484012547578162,0.850122980403245,0.9713369275663764,5.0,3.0,False,main,False
12023,7,7,12.051598745242185,1.9484012547578162,0.8608284818030132,0.9735986640838876,3.0,2.0,False,main,False
12023,8,8,13.051598745242185,1.9484012547578162,0.8701065830161456,0.9755293480979618,1.0,1.0,False,main,False
12023,9,9,14.051598745242185,1.9484012547578162,0.8782249215776365,0.9771967472233059,-1.0,-1.0,True,main,False
10394,0,1,4.944052776486919,3.0559472235130807,0.6180065970608649,0.8663631333789136,63.0,17.0,False,main,True
10394,0,2,4.944052776486919,4.055947223513081,0.5493391973874355,0.8020823627167736,113.0,25.0,False,main,False
10394,0,3,4.944052776486919,5.055947223513081,0.4944052776486919,0.7436875869422939,202.0,35.0,False,main,True
10394,0,4,4.944052776486919,6.055947223513081,0.44945934331699267,0.6916725182964529,368.0,47.0,False,main,True
2456,1,1,6.07684879563033,1.92315120436967,0.7596060994537912,0.9513726000122434,22.0,9.0,False,main,True
5438,1,1,5.875527034260498,2.124472965739502,0.7344408792825623,0.9385828059960413,25.0,10.0,False,main,True
1951,1,1,6.013538019983632,1.9864619800163676,0.751692252497954,0.9474731977824747,23.0,9.0,False,main,True
11079,0,1,5.110765489813236,2.8892345101867645,0.6388456862266545,0.8807139977646813,54.0,16.0,False,main,True
11079,0,2,5.110765489813236,3.8892345101867645,0.5678628322014707,0.8168925942835178,96.0,23.0,False,main,False
11079,0,3,5.110765489813236,4.889234510186764,0.5110765489813236,0.7583220929627883,169.0,32.0,False,main,True
11079,0,4,5.110765489813236,5.889234510186764,0.464615044528476,0.7058667907508953,297.0,44.0,False,main,True
11079,0,5,5.110765489813236,6.889234510186764,0.425897124151103,0.6592349712282444,543.0,59.0,False,main,True
2274,1,1,6.0110011495448195,1.9889988504551805,0.7513751436931024,0.9473145564623375,23.0,9.0,False,main,True
9919,0,1,4.986393532646133,3.0136064673538674,0.6232991915807666,0.8700626121551238,60.0,17.0,False,main,True
9919,0,2,4.986393532646133,4.013606467353867,0.5540437258495703,0.8058815950923072,109.0,24.0,False,main,False
9919,0,3,4.986393532646133,5.013606467353867,0.4986393532646133,0.7474329145757732,193.0,34.0,False,main,True
9919,0,4,4.986393532646133,6.013606467353867,0.45330850296783026,0.695300283128615,348.0,46.0,False,main,True
2252,1,1,5.976124990711622,2.0238750092883784,0.7470156238389527,0.9451151961050659,24.0,9.0,False,main,True
6305,1,1,5.958458391084715,2.041541608915285,0.7448072988855894,0.9439881157099127,24.0,9.0,False,main,True
6963,1,1,6.13080987973756,1.8691901202624397,0.766351234967195,0.9546038679224489,21.0,9.0,False,main,True
6963,2,2,7.13080987973756,1.8691901202624397,0.792312208859729,0.9605096649518206,16.0,8.0,False,main,True
6963,3,3,8.13080987973756,1.8691901202624397,0.813080987973756,0.9650537002127253,13.0,6.0,False,main,False
6963,4,4,9.13080987973756,1.8691901202624397,0.8300736254306873,0.9686587911844485,10.0,5.0,False,main,False
6963,5,5,10.13080987973756,1.8691901202624397,0.8442341566447967,0.9715889713420115,7.0,4.0,False,main,False
6963,6,6,11.13080987973756,1.8691901202624397,0.8562161445951969,0.974017686957211,5.0,3.0,False,main,False
6963,7,7,12.13080987973756,1.8691901202624397,0.8664864199812543,0.9760636029716522,3.0,2.0,False,main,False
6963,8,8,13.13080987973756,1.8691901202624397,0.8753873253158374,0.9778106601245313,1.0,1.0,False,main,False
6963,9,9,14.13080987973756,1.8691901202624397,0.8831756174835975,0.9793199167517491,-1.0,-1.0,True,main,False
10095,0,1,4.944613757212147,3.0553862427878533,0.6180767196515183,0.8664123895322628,63.0,17.0,False,main,True
10095,0,2,4.944613757212147,4.055386242787853,0.5494015285791274,0.8021328671407655,113.0,25.0,False,main,False
10095,0,3,4.944613757212147,5.055386242787853,0.4944613757212147,0.7437373365776263,202.0,35.0,False,main,True
10095,0,4,4.944613757212147,6.055386242787853,0.4495103415647406,0.6917206849832995,367.0,47.0,False,main,True
5573,0,1,4.868313200682135,3.1316867993178654,0.6085391500852668,0.8596538917722281,67.0,18.0,False,main,True
10778,1,1,5.925084860375234,2.0749151396247654,0.7406356075469043,0.9418354322569842,24.0,10.0,False,main,True
10778,2,2,6.925084860375234,2.0749151396247654,0.769453873375026,0.9494748858567452,19.0,8.0,False,main,False
10778,3,3,7.925084860375234,2.0749151396247654,0.7925084860375234,0.9553369079088352,14.0,7.0,False,main,False
10778,4,4,8.925084860375234,2.0749151396247654,0.8113713509432031,0.9599781016163009,11.0,5.0,False,main,False
10778,5,5,9.925084860375234,2.0749151396247654,0.8270904050312695,0.9637443446406849,8.0,4.0,False,main,False
10778,6,6,10.925084860375234,2.0749151396247654,0.8403911431057872,0.9668619960959102,5.0,3.0,False,main,False
10778,7,7,11.925084860375234,2.0749151396247654,0.8517917757410881,0.9694854626600989,3.0,2.0,False,main,False
10778,8,8,12.925084860375234,2.0749151396247654,0.8616723240250156,0.9717237052871658,1.0,1.0,False,main,False
10778,9,9,13.925084860375234,2.0749151396247654,0.8703178037734521,0.9736558242425748,-1.0,-1.0,True,main,False
7704,1,1,6.120399590131049,1.8796004098689514,0.7650499487663811,0.9539872052334705,21.0,9.0,False,main,True
7704,2,2,7.120399590131049,1.8796004098689514,0.791155510014561,0.9599761387353866,16.0,8.0,False,main,False
7704,3,3,8.120399590131049,1.8796004098689514,0.8120399590131049,0.9645835102719931,13.0,6.0,False,main,False
7704,4,4,9.120399590131049,1.8796004098689514,0.829127235466459,0.9682384699244023,10.0,5.0,False,main,False
7704,5,5,10.120399590131049,1.8796004098689514,0.8433666325109207,0.9712089398712238,7.0,4.0,False,main,False
7704,6,6,11.120399590131049,1.8796004098689514,0.8554153530870038,0.9736708876946208,5.0,3.0,False,main,False
7704,7,7,12.120399590131049,1.8796004098689514,0.8657428278665035,0.9757446852857717,3.0,2.0,False,main,False
7704,8,8,13.120399590131049,1.8796004098689514,0.8746933060087366,0.9775154704708412,1.0,1.0,False,main,False
7704,9,9,14.120399590131049,1.8796004098689514,0.8825249743831906,0.9790451660908696,-1.0,-1.0,True,main,False
2270,0,1,4.9251876967044605,3.0748123032955395,0.6156484620880576,0.8647029550109869,64.0,17.0,False,main,True
2408,1,1,5.856879425125758,2.1431205748742417,0.7321099281407197,0.9373418152695767,26.0,10.0,False,main,True
1409,1,1,5.964030305783639,2.0359696942163614,0.7455037882229548,0.9443445251552762,24.0,9.0,False,main,True
2587,0,1,4.946904663480931,3.05309533651907,0.6183630829351163,0.8666134724184544,62.0,17.0,False,main,True
10838,1,1,5.951361034645499,2.0486389653545007,0.7439201293306874,0.9435328855334196,24.0,9.0,False,main,True
10838,2,2,6.951361034645499,2.0486389653545007,0.7723734482939444,0.9509404108584838,18.0,8.0,False,main,False
10838,3,3,7.951361034645499,2.0486389653545007,0.7951361034645499,0.956626442961452,14.0,7.0,False,main,False
10838,4,4,8.9513610346455,2.0486389653545007,0.8137600940586818,0.9611294802295485,11.0,5.0,False,main,False
10838,5,5,9.9513610346455,2.0486389653545007,0.8292800862204582,0.9647843617448413,8.0,4.0,False,main,False
10838,6,6,10.9513610346455,2.0486389653545007,0.842412387280423,0.9678103282673414,5.0,3.0,False,main,False
10838,7,7,11.9513610346455,2.0486389653545007,0.8536686453318214,0.9703569877529051,3.0,2.0,False,main,False
10838,8,8,12.9513610346455,2.0486389653545007,0.8634240689763666,0.9725299473233239,1.0,1.0,False,main,False
10838,9,9,13.9513610346455,2.0486389653545007,0.8719600646653437,0.9744058920192131,-1.0,-1.0,True,main,False
143,1,1,6.051995785226685,1.9480042147733148,0.7564994731533357,0.9498556366214961,22.0,9.0,False,main,True
143,2,2,7.051995785226685,1.9480042147733148,0.7835550872474095,0.9564031509592208,17.0,8.0,False,main,False
143,3,3,8.051995785226685,1.9480042147733148,0.8051995785226685,0.9614357151906168,13.0,7.0,False,main,False
143,4,4,9.051995785226685,1.9480042147733148,0.8229087077478805,0.9654252471617201,10.0,5.0,False,main,False
143,5,5,10.051995785226685,1.9480042147733148,0.8376663154355571,0.9686658926806089,7.0,4.0,False,main,False
143,6,6,11.051995785226685,1.9480042147733148,0.8501535219405143,0.9713506026311045,5.0,3.0,False,main,False
143,7,7,12.051995785226685,1.9480042147733148,0.8608568418019061,0.9736112365026199,3.0,2.0,False,main,False
143,8,8,13.051995785226685,1.9480042147733148,0.8701330523484457,0.9755409825969564,1.0,1.0,False,main,False
143,9,9,14.051995785226685,1.9480042147733148,0.8782497365766678,0.9772075741495692,-1.0,-1.0,True,main,False
2497,1,1,5.844932072286564,2.1550679277134352,0.7306165090358205,0.9365418642396538,26.0,10.0,False,main,True
2528,0,1,4.862082225175821,3.137917774824179,0.6077602781469776,0.8590967397894348,67.0,18.0,False,main,True
2614,1,1,5.869913909277978,2.1300860907220227,0.7337392386597472,0.9382102307824969,25.0,10.0,False,main,True
8104,0,1,4.97019676208161,3.0298032379183897,0.6212745952602012,0.8686517982998497,61.0,17.0,False,main,True
8104,0,2,4.97019676208161,4.02980323791839,0.5522440846757344,0.8044312911985025,110.0,25.0,False,main,False
8104,0,3,4.97019676208161,5.02980323791839,0.497019676208161,0.7460024958000355,196.0,34.0,False,main,True
8104,0,4,4.97019676208161,6.02980323791839,0.45183606928014636,0.6939143775991002,355.0,47.0,False,main,True
8104,0,5,4.97019676208161,7.02980323791839,0.41418306350680084,0.6477393405385832,673.0,63.0,False,main,True
7179,0,1,4.878815345955417,3.121184654044583,0.6098519182444271,0.8605911763309433,66.0,18.0,False,main,True
741,1,1,6.141418624965079,1.8585813750349214,0.7676773281206348,0.9552289472171469,21.0,9.0,False,main,True
1677,0,1,4.982715302949416,3.017284697050584,0.622839412868677,0.8697426967063111,61.0,17.0,False,main,True
809,0,1,4.94770789502109,3.0522921049789096,0.6184634868776363,0.866683950065137,62.0,17.0,False,main,True
11463,0,1,5.122711921158276,2.8772880788417243,0.6403389901447845,0.8817199823019426,54.0,16.0,False,main,True
4792,0,1,4.853832662808109,3.1461673371918906,0.6067290828510137,0.8583578841584191,68.0,18.0,False,main,True
6856,1,1,5.953559412284312,2.0464405877156886,0.744194926535539,0.943674040185585,24.0,9.0,False,main,True
11683,1,1,5.9309358854920795,2.0690641145079205,0.7413669856865099,0.9422150508929223,24.0,9.0,False,main,True
2248,0,1,4.937855752620288,3.0621442473797122,0.617231969077536,0.8658185825941348,63.0,17.0,False,main,True
2604,0,1,4.875725572531993,3.124274427468008,0.6094656965664991,0.8603156556469446,67.0,18.0,False,main,True
4986,0,1,5.094760460120374,2.905239539879626,0.6368450575150467,0.8793615078467436,55.0,16.0,False,main,True
3563,0,1,4.837056134220444,3.162943865779556,0.6046320167775555,0.8568510866215908,69.0,18.0,False,main,True
4125,1,1,5.838547496219827,2.161452503780173,0.7298184370274784,0.9361128279811386,26.0,10.0,False,main,True
736,0,1,5.115419290740359,2.884580709259641,0.6394274113425449,0.8811062448691378,54.0,16.0,False,main,True
5113,0,1,5.142537704227647,2.8574622957723532,0.6428172130284558,0.8833827752111334,53.0,16.0,False,main,True
430,0,1,4.95320683098807,3.04679316901193,0.6191508538735088,0.867166085312915,62.0,17.0,False,main,True
9514,1,1,6.073716534478125,1.9262834655218755,0.7592145668097656,0.9511824039991259,22.0,9.0,False,main,True
9514,2,2,7.073716534478125,1.9262834655218755,0.7859685038309028,0.9575502450681921,17.0,8.0,False,main,False
9514,3,3,8.073716534478125,1.9262834655218755,0.8073716534478125,0.962446108328118,13.0,6.0,False,main,False
9514,4,4,9.073716534478125,1.9262834655218755,0.8248833213161931,0.9663281134284272,10.0,5.0,False,main,False
9514,5,5,10.073716534478125,1.9262834655218755,0.8394763778731771,0.969481952991844,7.0,4.0,False,main,False
9514,6,6,11.073716534478125,1.9262834655218755,0.8518243488060097,0.9720951069636788,5.0,3.0,False,main,False
9514,7,7,12.073716534478125,1.9262834655218755,0.8624083238912946,0.9742957361900763,3.0,2.0,False,main,False
9514,8,8,13.073716534478125,1.9262834655218755,0.8715811022985417,0.9761744380655356,1.0,1.0,False,main,False
9514,9,9,14.073716534478125,1.9262834655218755,0.8796072834048828,0.977797076498843,-1.0,-1.0,True,main,False
6870,1,1,5.995945254802766,2.004054745197234,0.7494931568503458,0.9463693001093375,23.0,9.0,False,main,True
1419,0,1,5.0151623596398505,2.98483764036015,0.6268952949549813,0.8725551271995338,59.0,17.0,False,main,True
8987,1,1,5.916395292939202,2.0836047070607977,0.7395494116174003,0.9412699219211769,25.0,10.0,False,main,True
8360,1,1,6.131624064591312,1.8683759354086877,0.766453008073914,0.9546519602446031,21.0,9.0,False,main,True
8360,2,2,7.131624064591312,1.8683759354086877,0.7924026738434792,0.960551276219913,16.0,8.0,False,main,False
8360,3,3,8.131624064591312,1.8683759354086877,0.8131624064591312,0.9650903734068287,13.0,6.0,False,main,False
8360,4,4,9.131624064591312,1.8683759354086877,0.8301476422355738,0.9686915759752087,10.0,5.0,False,main,False
8360,5,5,10.131624064591312,1.8683759354086877,0.8443020053826094,0.9716186144067122,7.0,4.0,False,main,False
8360,6,6,11.131624064591312,1.8683759354086877,0.8562787741993317,0.9740447384905752,5.0,3.0,False,main,False
8360,7,7,12.131624064591312,1.8683759354086877,0.8665445760422366,0.9760884801312036,3.0,2.0,False,main,False
8360,8,8,13.131624064591312,1.8683759354086877,0.8754416043060875,0.9778336867590544,1.0,1.0,False,main,False
8360,9,9,14.131624064591312,1.8683759354086877,0.883226504036957,0.9793413493192169,-1.0,-1.0,True,main,False
4701,1,1,5.858203108240162,2.141796891759838,0.7322753885300203,0.9374302112429805,26.0,10.0,False,main,True
6121,1,1,6.057153195781885,1.9428468042181142,0.7571441494727357,0.9501719046288489,22.0,9.0,False,main,True
11796,1,1,6.0595630374629526,1.9404369625370474,0.7574453796828691,0.9503194196563306,22.0,9.0,False,main,True
11796,2,2,7.0595630374629526,1.9404369625370474,0.7843958930514392,0.956804095998212,17.0,8.0,False,main,True
11796,3,3,8.059563037462953,1.9404369625370474,0.8059563037462952,0.9617888582657284,13.0,6.0,False,main,False
11796,4,4,9.059563037462953,1.9404369625370474,0.8235966397693594,0.9657407941503778,10.0,5.0,False,main,False
11796,5,5,10.059563037462953,1.9404369625370474,0.8382969197885793,0.9689510911540709,7.0,4.0,False,main,False
11796,6,6,11.059563037462953,1.9404369625370474,0.850735618266381,0.9716107859205707,5.0,3.0,False,main,False
11796,7,7,12.059563037462953,1.9404369625370474,0.8613973598187823,0.9738504440184015,3.0,2.0,False,main,False
11796,8,8,13.059563037462953,1.9404369625370474,0.8706375358308635,0.9757623474717344,1.0,1.0,False,main,False
11796,9,9,14.059563037462953,1.9404369625370474,0.8787226898414345,0.9774135757105585,-1.0,-1.0,True,main,False
5306,1,1,5.991729748327,2.0082702516730007,0.748966218540875,0.9461034917895583,23.0,9.0,False,main,True
9139,0,1,5.053952741965291,2.9460472580347092,0.6317440927456613,0.8758886478667308,57.0,17.0,False,main,True
11073,1,1,5.877536089928761,2.1224639100712386,0.7346920112410952,0.9387159536781324,25.0,10.0,False,main,True
11073,2,2,6.877536089928761,2.1224639100712386,0.7641706766587513,0.9467827609655417,19.0,8.0,False,main,False
11073,3,3,7.877536089928761,2.1224639100712386,0.7877536089928762,0.9529688050585279,15.0,7.0,False,main,False
11073,4,4,8.87753608992876,2.1224639100712386,0.8070487354480691,0.9578642128624035,11.0,5.0,False,main,False
11073,5,5,9.87753608992876,2.1224639100712386,0.8231280074940633,0.961835271967893,8.0,4.0,False,main,False
11073,6,6,10.87753608992876,2.1224639100712386,0.8367335453791355,0.9651214886828412,5.0,3.0,False,main,False
11073,7,7,11.87753608992876,2.1224639100712386,0.8483954349949114,0.9678861250867714,3.0,2.0,False,main,False
11073,8,8,12.87753608992876,2.1224639100712386,0.8585024059952507,0.9702443269428644,1.0,1.0,False,main,False
11073,9,9,13.87753608992876,2.1224639100712386,0.8673460056205475,0.9722796459349008,-1.0,-1.0,True,main,False
1896,1,1,5.862059937999435,2.1379400620005646,0.7327574922499294,0.9376875059192724,26.0,10.0,False,main,True
9823,1,1,5.998153969206366,2.001846030793634,0.7497692461507958,0.9465083706515526,23.0,9.0,False,main,True
9823,2,2,6.998153969206366,2.001846030793634,0.7775726632451518,0.9535104052794527,18.0,8.0,False,main,False
9823,3,3,7.998153969206366,2.001846030793634,0.7998153969206366,0.9588885052177034,14.0,7.0,False,main,False
9823,4,4,8.998153969206367,2.001846030793634,0.8180139972005788,0.9631496670271947,10.0,5.0,False,main,False
9823,5,5,9.998153969206367,2.001846030793634,0.8331794974338639,0.9666094958140087,8.0,4.0,False,main,False
9823,6,6,10.998153969206367,2.001846030793634,0.8460118437851052,0.9694748158194431,5.0,3.0,False,main,False
9823,7,7,11.998153969206367,2.001846030793634,0.8570109978004548,0.9718868575987758,3.0,2.0,False,main,False
9823,8,8,12.998153969206367,2.001846030793634,0.8665435979470911,0.9739453693602099,1.0,1.0,False,main,False
9823,9,9,13.998153969206367,2.001846030793634,0.8748846230753979,0.9757228145816011,-1.0,-1.0,True,main,False
1444,0,1,4.844645210774201,3.1553547892257994,0.6055806513467751,0.8575334093811318,69.0,18.0,False,main,True
2106,1,1,6.088594702401224,1.9114052975987763,0.761074337800153,0.9520832757472004,22.0,9.0,False,main,True
9285,1,1,6.092943330905486,1.9070566690945137,0.7616179163631858,0.9523453594218012,22.0,9.0,False,main,True
2535,0,1,4.84625670300614,3.15374329699386,0.6057820878757675,0.8576781467095977,68.0,18.0,False,main,True
7958,1,1,6.076128308367007,1.9238716916329932,0.7595160385458759,0.951328876204177,22.0,9.0,False,main,True
7958,2,2,7.076128308367007,1.9238716916329932,0.7862364787074453,0.9576768988389831,17.0,8.0,False,main,False
7958,3,3,8.076128308367007,1.9238716916329932,0.8076128308367008,0.9625576797768707,13.0,6.0,False,main,False
7958,4,4,9.076128308367007,1.9238716916329932,0.8251025734879097,0.9664278190881156,10.0,5.0,False,main,False
7958,5,5,10.076128308367007,1.9238716916329932,0.8396773590305839,0.9695720780303204,7.0,4.0,False,main,False
7958,6,6,11.076128308367007,1.9238716916329932,0.8520098698743852,0.9721773335556868,5.0,3.0,False,main,False
7958,7,7,12.076128308367007,1.9238716916329932,0.8625805934547862,0.974371338743816,3.0,2.0,False,main,False
7958,8,8,13.076128308367007,1.9238716916329932,0.8717418872244671,0.9762444052849487,1.0,1.0,False,main,False
7958,9,9,14.076128308367007,1.9238716916329932,0.879758019272938,0.9778621909162579,-1.0,-1.0,True,main,False
3276,0,1,4.899254592154496,3.100745407845504,0.612406824019312,0.8624088967479805,65.0,17.0,False,main,True
3639,1,1,6.110070058892786,1.8899299411072144,0.7637587573615983,0.9533721341794814,22.0,9.0,False,main,True
3639,2,2,7.110070058892786,1.8899299411072144,0.7900077843214207,0.9594440509395809,17.0,8.0,False,main,True
3639,3,3,8.110070058892786,1.8899299411072144,0.8110070058892787,0.9641146283053064,13.0,6.0,False,main,False
3639,4,4,9.110070058892786,1.8899299411072144,0.8281881871720714,0.9678193458103389,10.0,5.0,False,main,False
3639,5,5,10.110070058892786,1.8899299411072144,0.8425058382410655,0.9708300108971362,7.0,4.0,False,main,False
3639,6,6,11.110070058892786,1.8899299411072144,0.8546207737609836,0.973325109483946,5.0,3.0,False,main,False
3639,7,7,12.110070058892786,1.8899299411072144,0.8650050042066276,0.9754267180012085,3.0,2.0,False,main,False
3639,8,8,13.110070058892786,1.8899299411072144,0.8740046705928524,0.9772211694469146,1.0,1.0,False,main,False
3639,9,9,14.110070058892786,1.8899299411072144,0.8818793786807991,0.9787712496502786,-1.0,-1.0,True,main,False
4435,1,1,5.8825868556930825,2.117413144306918,0.7353233569616353,0.9390502091604395,25.0,10.0,False,main,True
11115,0,1,5.115623212268319,2.8843767877316813,0.6394529015335398,0.8811234219566974,54.0,16.0,False,main,True
11115,0,2,5.115623212268319,3.8843767877316813,0.5684025791409243,0.8173181353029847,96.0,23.0,False,main,False
11115,0,3,5.115623212268319,4.884376787731681,0.5115623212268319,0.7587440013041691,168.0,32.0,False,main,True
11115,0,4,5.115623212268319,5.884376787731681,0.46505665566075627,0.706276790197234,296.0,44.0,False,main,True
310,1,1,5.992971804006099,2.007028195993901,0.7491214755007624,0.9461818614226872,23.0,9.0,False,main,True
310,2,2,6.992971804006099,2.007028195993901,0.7769968671117887,0.9532283254221849,18.0,8.0,False,main,True
310,3,3,7.992971804006099,2.007028195993901,0.7992971804006099,0.958640180381521,14.0,7.0,False,main,True
310,4,4,8.9929718040061,2.007028195993901,0.8175428912732818,0.9629278650263247,10.0,5.0,False,main,False
310,5,5,9.9929718040061,2.007028195993901,0.8327476503338417,0.9664090878317433,8.0,4.0,False,main,False
310,6,6,10.9929718040061,2.007028195993901,0.8456132156927769,0.9692920317011452,5.0,3.0,False,main,False
310,7,7,11.9929718040061,2.007028195993901,0.8566408431432928,0.9717188443148208,3.0,2.0,False,main,False
310,8,8,12.9929718040061,2.007028195993901,0.8661981202670733,0.973789915538585,1.0,1.0,False,main,False
310,9,9,13.9929718040061,2.007028195993901,0.8745607377503812,0.9755781713343112,-1.0,-1.0,True,main,False
8203,1,1,6.058349362506194,1.941650637493806,0.7572936703132742,0.9502451472891912,22.0,9.0,False,main,True
8203,2,2,7.058349362506194,1.941650637493806,0.784261040278466,0.9567398845163159,17.0,8.0,False,main,False
8203,3,3,8.058349362506194,1.941650637493806,0.8058349362506194,0.9617323007895654,13.0,6.0,False,main,False
8203,4,4,9.058349362506194,1.941650637493806,0.8234863056823812,0.9656902568273826,10.0,5.0,False,main,False
8203,5,5,10.058349362506194,1.941650637493806,0.8381957802088494,0.968905413641579,7.0,4.0,False,main,False
8203,6,6,11.058349362506194,1.941650637493806,0.8506422586543226,0.9715691142994497,5.0,3.0,False,main,False
8203,7,7,12.058349362506194,1.941650637493806,0.8613106687504424,0.9738121315098577,3.0,2.0,False,main,False
8203,8,8,13.058349362506194,1.941650637493806,0.8705566241670796,0.9757268923889564,1.0,1.0,False,main,False
8203,9,9,14.058349362506194,1.941650637493806,0.8786468351566371,0.9773805810437786,-1.0,-1.0,True,main,False
49,1,1,5.928356772390909,2.071643227609091,0.7410445965488637,0.9420478316206335,24.0,9.0,False,main,True
49,2,2,6.928356772390909,2.071643227609091,0.7698174191545455,0.9496582405990602,19.0,8.0,False,main,True
49,3,3,7.928356772390909,2.071643227609091,0.792835677239091,0.9554982286942189,14.0,7.0,False,main,True
49,4,4,8.92835677239091,2.071643227609091,0.8116687974900827,0.9601221283883634,11.0,5.0,False,main,False
49,5,5,9.92835677239091,2.071643227609091,0.8273630643659091,0.9638744334947525,8.0,4.0,False,main,False
49,6,6,10.92835677239091,2.071643227609091,0.8406428286454546,0.9669806110384399,5.0,3.0,False,main,False
49,7,7,11.92835677239091,2.071643227609091,0.8520254837422078,0.969594466469221,3.0,2.0,False,main,False
49,8,8,12.92835677239091,2.071643227609091,0.8618904514927272,0.9718245406310377,1.0,1.0,False,main,False
49,9,9,13.92835677239091,2.071643227609091,0.8705222982744318,0.9737496313045204,-1.0,-1.0,True,main,False
7007,1,1,5.874508071432473,2.125491928567527,0.7343135089290591,0.9385152341966226,25.0,10.0,False,main,True
2256,1,1,5.895288221239366,2.1047117787606338,0.7369110276549208,0.9398877456986807,25.0,10.0,False,main,True
227,1,1,5.992458160513822,2.0075418394861786,0.7490572700642277,0.9461494574650818,23.0,9.0,False,main,True
227,2,2,6.992458160513822,2.0075418394861786,0.7769397956126469,0.9532003316931161,18.0,8.0,False,main,True
227,3,3,7.992458160513822,2.0075418394861786,0.7992458160513822,0.9586155371008219,14.0,7.0,False,main,True
227,4,4,8.992458160513822,2.0075418394861786,0.8174961964103474,0.9629058542238815,10.0,5.0,False,main,False
227,5,5,9.992458160513822,2.0075418394861786,0.8327048467094852,0.9663892003810203,8.0,4.0,False,main,False
227,6,6,10.992458160513822,2.0075418394861786,0.8455737046549093,0.9692738933660208,5.0,3.0,False,main,False
227,7,7,11.992458160513822,2.0075418394861786,0.8566041543224159,0.9717021719070785,3.0,2.0,False,main,False
227,8,8,12.992458160513822,2.0075418394861786,0.8661638773675882,0.9737744895674607,1.0,1.0,False,main,False
227,9,9,13.992458160513822,2.0075418394861786,0.8745286350321139,0.9755638182179287,-1.0,-1.0,True,main,False
4171,0,1,4.840206319802327,3.1597936801976734,0.6050257899752909,0.8571344562207703,69.0,18.0,False,main,True
9022,0,1,4.98286416679495,3.0171358332050504,0.6228580208493687,0.869755649625654,61.0,17.0,False,main,True
3873,0,1,5.061599297929557,2.9384007020704432,0.6326999122411946,0.876542057159319,57.0,17.0,False,main,True
7057,1,1,6.07752214838497,1.92247785161503,0.7596902685481213,0.9514134496917073,22.0,9.0,False,main,True
6373,1,1,5.853199558509008,2.1468004414909916,0.731649944813626,0.9370958281324562,26.0,10.0,False,main,True
1467,0,1,5.073588597860286,2.9264114021397147,0.6341985747325357,0.8775640901677745,56.0,17.0,False,main,True
380,0,1,5.118421585318768,2.8815784146812318,0.639802698164846,0.8813590504497829,54.0,16.0,False,main,True
5158,0,1,5.096527260778772,2.903472739221228,0.6370659075973465,0.8795110756650992,55.0,16.0,False,main,True
6567,1,1,6.108394777453632,1.8916052225463682,0.763549347181704,0.9532720810756563,22.0,9.0,False,main,True
9456,0,1,4.835935501866876,3.1640644981331234,0.6044919377333595,0.8567502337924946,69.0,18.0,False,main,True
9456,0,2,4.835935501866876,4.164064498133124,0.5373261668740974,0.792264870995381,126.0,26.0,False,main,True
9456,0,3,4.835935501866876,5.164064498133124,0.4835935501866876,0.7340356238408697,229.0,36.0,False,main,True
1310,1,1,6.065153977059963,1.9348460229400368,0.7581442471324954,0.9506610128015746,22.0,9.0,False,main,True
8809,1,1,6.0116442671763854,1.9883557328236148,0.7514555333970482,0.9473547906177704,23.0,9.0,False,main,True
11614,0,1,5.061013068469802,2.9389869315301977,0.6326266335587253,0.8764920063918491,57.0,17.0,False,main,True
7909,0,1,5.060983150465706,2.939016849534294,0.6326228938082132,0.8764894518760676,57.0,17.0,False,main,True
7909,0,2,5.060983150465706,3.939016849534294,0.5623314611628563,0.812511961773973,101.0,24.0,False,main,True
7909,0,3,5.060983150465706,4.939016849534294,0.5060983150465705,0.753983602994484,178.0,33.0,False,main,True
5555,1,1,5.9462919190468675,2.0537080809531325,0.7432864898808584,0.9432068963713182,24.0,9.0,False,main,True
5555,2,2,6.9462919190468675,2.0537080809531325,0.7718102132274297,0.9506589287426267,18.0,8.0,False,main,True
5555,3,3,7.9462919190468675,2.0537080809531325,0.7946291919046867,0.9563787410543642,14.0,7.0,False,main,True
5555,4,4,8.946291919046867,2.0537080809531325,0.8132992653678971,0.9609083011375583,11.0,5.0,False,main,False
5555,5,5,9.946291919046867,2.0537080809531325,0.8288576599205723,0.9645845642850891,8.0,4.0,False,main,False
5555,6,6,10.946291919046867,2.0537080809531325,0.8420224553112975,0.9676281363467949,5.0,3.0,False,main,False
5555,7,7,11.946291919046867,2.0537080809531325,0.8533065656462048,0.9701895457567671,3.0,2.0,False,main,False
5555,8,8,12.946291919046867,2.0537080809531325,0.8630861279364578,0.9723750430864528,1.0,1.0,False,main,False
5555,9,9,13.946291919046867,2.0537080809531325,0.8716432449404292,0.9742617768243167,-1.0,-1.0,True,main,False
907,1,1,6.088130533551369,1.911869466448631,0.7610163166939211,0.9520552683483895,22.0,9.0,False,main,True
9540,1,1,6.104536227680892,1.8954637723191077,0.7630670284601115,0.9530413200301235,22.0,9.0,False,main,True
9540,2,2,7.104536227680892,1.8954637723191077,0.7893929141867658,0.9591578943414731,17.0,8.0,False,main,False
9540,3,3,8.104536227680892,1.8954637723191077,0.8104536227680892,0.9638624803567668,13.0,6.0,False,main,False
9540,4,4,9.104536227680892,1.8954637723191077,0.8276851116073538,0.9675939673251391,10.0,5.0,False,main,False
9540,5,5,10.104536227680892,1.8954637723191077,0.8420446856400744,0.9706262550837348,7.0,4.0,False,main,False
9540,6,6,11.104536227680892,1.8954637723191077,0.8541950944369917,0.9731391854848201,5.0,3.0,False,main,False
9540,7,7,12.104536227680892,1.8954637723191077,0.8646097305486352,0.9752557525612152,3.0,2.0,False,main,False
9540,8,8,13.104536227680892,1.8954637723191077,0.8736357485120595,0.977062932613618,1.0,1.0,False,main,False
9540,9,9,14.104536227680892,1.8954637723191077,0.8815335142300558,0.978623975920565,-1.0,-1.0,True,main,False
9339,1,1,6.106536019365169,1.8934639806348303,0.7633170024206462,0.9531609728429753,22.0,9.0,False,main,True
189,1,1,5.9772886617880925,2.022711338211908,0.7471610827235116,0.9451891299847126,24.0,9.0,False,main,True
2801,1,1,6.019215280783939,1.9807847192160608,0.7524019100979924,0.9478275591195939,23.0,9.0,False,main,True
4664,1,1,6.003874971541776,1.9961250284582246,0.750484371442722,0.9468679509002383,23.0,9.0,False,main,True
4292,1,1,6.080598930162043,1.9194010698379573,0.7600748662702553,0.9515999374363974,22.0,9.0,False,main,True
4292,2,2,7.080598930162043,1.9194010698379573,0.7867332144624491,0.9579112931107008,17.0,8.0,False,main,True
4292,3,3,8.080598930162044,1.9194010698379573,0.8080598930162044,0.9627641675559682,13.0,6.0,False,main,False
4292,4,4,9.080598930162044,1.9194010698379573,0.8255089936510949,0.9666123506621828,10.0,5.0,False,main,False
4292,5,5,10.080598930162044,1.9194010698379573,0.840049910846837,0.9697388810761246,7.0,4.0,False,main,False
4292,6,6,11.080598930162044,1.9194010698379573,0.8523537638586187,0.9723295203710828,5.0,3.0,False,main,False
4292,7,7,12.080598930162044,1.9194010698379573,0.8628999235830032,0.9745112673070682,3.0,2.0,False,main,False
4292,8,8,13.080598930162044,1.9194010698379573,0.8720399286774696,0.9763739050223207,1.0,1.0,False,main,False
4292,9,9,14.080598930162044,1.9194010698379573,0.8800374331351277,0.9779827098174707,-1.0,-1.0,True,main,False
6250,0,1,4.915339976444754,3.0846600235552457,0.6144174970555942,0.863833436088977,64.0,17.0,False,main,True
9140,1,1,5.9227397959732535,2.077260204026747,0.7403424744966567,0.9416830201779437,25.0,10.0,False,main,True
6631,1,1,6.05943218883558,1.94056781116442,0.7574290236044475,0.9503114142617538,22.0,9.0,False,main,True
6631,2,2,7.05943218883558,1.94056781116442,0.7843813543150645,0.9567971749671337,17.0,8.0,False,main,True
6631,3,3,8.05943218883558,1.94056781116442,0.8059432188835579,0.9617827621938017,13.0,6.0,False,main,False
6631,4,4,9.05943218883558,1.94056781116442,0.8235847444395982,0.9657353469443108,10.0,5.0,False,main,False
6631,5,5,10.05943218883558,1.94056781116442,0.8382860157362982,0.9689461677529697,7.0,4.0,False,main,False
6631,6,6,11.05943218883558,1.94056781116442,0.8507255529873523,0.9716062942887668,5.0,3.0,False,main,False
6631,7,7,12.05943218883558,1.94056781116442,0.8613880134882557,0.9738463144453403,3.0,2.0,False,main,False
6631,8,8,13.05943218883558,1.94056781116442,0.8706288125890386,0.975758525884699,1.0,1.0,False,main,False
6631,9,9,14.05943218883558,1.94056781116442,0.8787145118022237,0.9774100193188885,-1.0,-1.0,True,main,False
9273,0,1,4.965792720082633,3.034207279917367,0.6207240900103291,0.868267250030359,61.0,17.0,False,main,True
11961,1,1,6.002524566890236,1.9974754331097642,0.7503155708612795,0.9467831576670517,23.0,9.0,False,main,True
11295,0,1,4.867082637958241,3.132917362041759,0.6083853297447801,0.8595439214715611,67.0,18.0,False,main,True
8663,0,1,4.861881900251689,3.138118099748311,0.6077352375314611,0.8590788143959117,68.0,18.0,False,main,True
3265,1,1,5.982389221648433,2.0176107783515667,0.7477986527060542,0.9455127477651367,24.0,9.0,False,main,True
6280,1,1,6.042698819860425,1.9573011801395754,0.7553373524825531,0.9492835799537394,23.0,9.0,False,main,True
6280,2,2,7.042698819860425,1.9573011801395754,0.7825220910956028,0.9559086489563617,17.0,8.0,False,main,False
6280,3,3,8.042698819860425,1.9573011801395754,0.8042698819860424,0.9610001998594708,13.0,7.0,False,main,False
6280,4,4,9.042698819860425,1.9573011801395754,0.8220635290782204,0.9650361184561382,10.0,5.0,False,main,False
6280,5,5,10.042698819860425,1.9573011801395754,0.8368915683217021,0.9683142045504703,7.0,4.0,False,main,False
6280,6,6,11.042698819860425,1.9573011801395754,0.8494383707584942,0.9710297728537575,5.0,3.0,False,main,False
6280,7,7,12.042698819860425,1.9573011801395754,0.8601927728471732,0.9733162803675577,3.0,2.0,False,main,False
6280,8,8,13.042698819860425,1.9573011801395754,0.8695132546573616,0.9752680341379785,1.0,1.0,False,main,False
6280,9,9,14.042698819860425,1.9573011801395754,0.8776686762412765,0.9769535743810212,-1.0,-1.0,True,main,False
4109,1,1,5.883690197922318,2.1163098020776823,0.7354612747402898,0.9391231363510598,25.0,10.0,False,main,True
4217,0,1,4.955129376034828,3.0448706239651724,0.6193911720043535,0.8673345034767442,62.0,17.0,False,main,True
4423,1,1,5.86581620485922,2.1341837951407796,0.7332270256074025,0.9379377112717106,26.0,10.0,False,main,True
6735,0,1,4.861236027885018,3.1387639721149823,0.6076545034856272,0.8590210151768651,68.0,18.0,False,main,True
1544,0,1,4.871820007395955,3.128179992604044,0.6089775009244944,0.8599671122858539,67.0,18.0,False,main,True
4337,0,1,4.967074692663029,3.0329253073369706,0.6208843365828787,0.8683792294191571,61.0,17.0,False,main,True
1541,0,1,4.903847458197404,3.0961525418025957,0.6129809322746755,0.8628161840004548,65.0,17.0,False,main,True
2728,1,1,5.858312794383233,2.1416872056167677,0.7322890992979041,0.9374375340289142,26.0,10.0,False,main,True
3518,0,1,4.979223294234073,3.020776705765927,0.6224029117792591,0.8694387192357328,61.0,17.0,False,main,True
8415,0,1,4.845724825043529,3.1542751749564713,0.6057156031304411,0.8576303815052394,69.0,18.0,False,main,True
8415,0,2,4.845724825043529,4.154275174956471,0.538413869449281,0.7931606370161832,125.0,26.0,False,main,False
8415,0,3,4.845724825043529,5.154275174956471,0.4845724825043529,0.7349147743081674,227.0,36.0,False,main,True
8415,0,4,4.845724825043529,6.154275174956471,0.4405204386403208,0.6831875830677053,421.0,49.0,False,main,True
8415,0,5,4.845724825043529,7.154275174956471,0.4038104020869608,0.6374412421039113,829.0,67.0,False,main,True
2983,1,1,6.139554519105283,1.8604454808947177,0.7674443148881603,0.9551193568275016,21.0,9.0,False,main,True
116,1,1,6.114936769543624,1.885063230456376,0.764367096192953,0.9536623172016592,21.0,9.0,False,main,True
5392,0,1,4.851538816562925,3.148461183437075,0.6064423520703657,0.858152195895846,68.0,18.0,False,main,True
10382,1,1,5.924553495918919,2.0754465040810812,0.7405691869898648,0.9418009106013485,24.0,10.0,False,main,True
10382,2,2,6.924553495918919,2.0754465040810812,0.7693948328798799,0.9494450855188058,19.0,8.0,False,main,False
10382,3,3,7.924553495918919,2.0754465040810812,0.7924553495918919,0.9553106891304852,14.0,7.0,False,main,False
10382,4,4,8.924553495918918,2.0754465040810812,0.811323045083538,0.9599546938467838,11.0,5.0,False,main,False
10382,5,5,9.924553495918918,2.0754465040810812,0.8270461246599098,0.9637232023190248,8.0,4.0,False,main,False
10382,6,6,10.924553495918918,2.0754465040810812,0.8403502689168398,0.966842718691204,5.0,3.0,False,main,False
10382,7,7,11.924553495918918,2.0754465040810812,0.8517538211370655,0.9694677473809947,3.0,2.0,False,main,False
10382,8,8,12.924553495918918,2.0754465040810812,0.8616368997279279,0.9717073176356917,1.0,1.0,False,main,False
10382,9,9,13.924553495918918,2.0754465040810812,0.8702845934949324,0.9736405788914917,-1.0,-1.0,True,main,False
5720,1,1,6.001644688817084,1.9983553111829164,0.7502055861021355,0.9467278815491532,23.0,9.0,False,main,True
8738,0,1,4.8644023010989095,3.13559769890109,0.6080502876373637,0.8593042847025035,67.0,18.0,False,main,True
6692,0,1,4.861204200562773,3.1387957994372266,0.6076505250703467,0.8590181667265809,68.0,18.0,False,main,True
10725,1,1,6.0288966958291965,1.971103304170804,0.7536120869786496,0.9484297340559961,23.0,9.0,False,main,True
10725,2,2,7.0288966958291965,1.971103304170804,0.7809885217587996,0.9551706558635759,17.0,8.0,False,main,False
10725,3,3,8.028896695829197,1.971103304170804,0.8028896695829196,0.9603503007498214,13.0,7.0,False,main,False
10725,4,4,9.028896695829197,1.971103304170804,0.820808790529927,0.9644554830283825,10.0,5.0,False,main,False
10725,5,5,10.028896695829197,1.971103304170804,0.8357413913190997,0.9677894667682588,7.0,4.0,False,main,False
10725,6,6,11.028896695829197,1.971103304170804,0.8483766689099382,0.9705511004202736,5.0,3.0,False,main,False
10725,7,7,12.028896695829197,1.971103304170804,0.8592069068449426,0.9728762285176966,3.0,2.0,False,main,False
10725,8,8,13.028896695829197,1.971103304170804,0.8685931130552798,0.9748608297518495,1.0,1.0,False,main,False
10725,9,9,14.028896695829197,1.971103304170804,0.8768060434893248,0.9765746499320849,-1.0,-1.0,True,main,False
2995,0,1,4.963735731873524,3.0362642681264758,0.6204669664841905,0.8680875028503956,62.0,17.0,False,main,True
6649,0,1,4.86793539830974,3.1320646016902596,0.6084919247887175,0.8596201324000027,67.0,18.0,False,main,True
7095,0,1,5.1159827631539905,2.884017236846009,0.6394978453942488,0.8811537061491933,54.0,16.0,False,main,True
2361,0,1,4.861940706238546,3.1380592937614544,0.6077425882798182,0.8590840765335624,67.0,18.0,False,main,True
7928,0,1,5.055176979414044,2.9448230205859556,0.6318971224267556,0.8759933431230319,57.0,17.0,False,main,True
7928,0,2,5.055176979414044,3.9448230205859556,0.561686331046005,0.8119987154695121,102.0,24.0,False,main,False
7928,0,3,5.055176979414044,4.944823020585956,0.5055176979414044,0.7534758512359789,179.0,33.0,False,main,False
7928,0,4,5.055176979414044,5.944823020585956,0.4595615435830949,0.7011605585226758,318.0,45.0,False,main,True
7928,0,5,5.055176979414044,6.944823020585956,0.4212647482845037,0.6547058782740254,590.0,61.0,False,main,True
7928,0,6,5.055176979414044,7.944823020585956,0.3888597676472342,0.6134646202894969,1176.0,81.0,False,main,True
9393,0,1,5.1027485363784955,2.8972514636215045,0.6378435670473119,0.8800372101330737,55.0,16.0,False,main,True
8839,0,1,4.921813057106526,3.0781869428934736,0.6152266321383157,0.8644052094452709,64.0,17.0,False,main,True
2698,0,1,4.922445847742981,3.0775541522570187,0.6153057309678727,0.8644610585066518,64.0,17.0,False,main,True
4927,1,1,5.87208336925578,2.1279166307442208,0.7340104211569725,0.9383543301098584,25.0,10.0,False,main,True
8435,1,1,5.963619152640669,2.03638084735933,0.7454523940800837,0.9443182550408409,24.0,9.0,False,main,True
8435,2,2,6.963619152640669,2.03638084735933,0.7737354614045189,0.9516186208579126,18.0,8.0,False,main,False
8435,3,3,7.963619152640669,2.03638084735933,0.796361915264067,0.9572233053052756,14.0,7.0,False,main,False
8435,4,4,8.96361915264067,2.03638084735933,0.814874468421879,0.9616624629222247,11.0,5.0,False,main,False
8435,5,5,9.96361915264067,2.03638084735933,0.8303015960533892,0.9652658416926347,8.0,4.0,False,main,False
8435,6,6,10.96361915264067,2.03638084735933,0.8433553194338976,0.9682493974615138,5.0,3.0,False,main,False
8435,7,7,11.96361915264067,2.03638084735933,0.8545442251886193,0.9707605227305512,3.0,2.0,False,main,False
8435,8,8,12.96361915264067,2.03638084735933,0.8642412768427113,0.9729032756864884,1.0,1.0,False,main,False
8435,9,9,13.96361915264067,2.03638084735933,0.8727261970400418,0.9747532255953034,-1.0,-1.0,True,main,False
1631,1,1,6.081425234317843,1.9185747656821568,0.7601781542897303,0.9516499736525256,22.0,9.0,False,main,True
5240,1,1,6.013733513940712,1.9862664860592874,0.751716689242589,0.9474854152763819,23.0,9.0,False,main,True
5240,2,2,7.013733513940712,1.9862664860592874,0.7793037237711903,0.9543545981366642,18.0,8.0,False,main,True
5240,3,3,8.013733513940712,1.9862664860592874,0.8013733513940713,0.95963174221246,14.0,7.0,False,main,True
5240,4,4,9.013733513940712,1.9862664860592874,0.8194303194491557,0.9638135653668617,10.0,5.0,False,main,False
5240,5,5,10.013733513940712,1.9862664860592874,0.8344777928283927,0.967209389304472,7.0,4.0,False,main,False
5240,6,6,11.013733513940712,1.9862664860592874,0.8472102703031317,0.9700219783064017,5.0,3.0,False,main,False
5240,7,7,12.013733513940712,1.9862664860592874,0.8581238224243366,0.9723898217227013,3.0,2.0,False,main,False
5240,8,8,13.013733513940712,1.9862664860592874,0.8675822342627142,0.9744107495388652,1.0,1.0,False,main,False
5240,9,9,14.013733513940712,1.9862664860592874,0.8758583446212945,0.9761558424295327,-1.0,-1.0,True,main,False
724,0,1,4.904938793215424,3.0950612067845764,0.613117349151928,0.8629128984742027,65.0,17.0,False,main,True
724,0,2,4.904938793215424,4.095061206784576,0.5449931992461582,0.7985498934486206,118.0,25.0,False,main,True
724,0,3,4.904938793215424,5.095061206784576,0.49049387932154237,0.7402104113742352,211.0,35.0,False,main,True
8520,1,1,6.102939279644712,1.8970607203552876,0.762867409955589,0.952945685463084,22.0,9.0,False,main,True
8520,2,2,7.102939279644712,1.8970607203552876,0.7892154755160791,0.9590751730420585,17.0,8.0,False,main,False
8520,3,3,8.102939279644712,1.8970607203552876,0.8102939279644712,0.9637895923318702,13.0,6.0,False,main,False
8520,4,4,9.102939279644712,1.8970607203552876,0.8275399345131557,0.9675288189989384,10.0,5.0,False,main,False
8520,5,5,10.102939279644712,1.8970607203552876,0.8419116066370593,0.9705673581211071,7.0,4.0,False,main,False
8520,6,6,11.102939279644712,1.8970607203552876,0.8540722522803624,0.9730854437247106,5.0,3.0,False,main,False
8520,7,7,12.102939279644712,1.8970607203552876,0.8644956628317652,0.9752063352175958,3.0,2.0,False,main,False
8520,8,8,13.102939279644712,1.8970607203552876,0.8735292853096475,0.9770171949346604,1.0,1.0,False,main,False
8520,9,9,14.102939279644712,1.8970607203552876,0.8814337049777945,0.97858140745956,-1.0,-1.0,True,main,False
2683,1,1,5.861753497964957,2.1382465020350434,0.7327191872456196,0.9376670773358959,26.0,10.0,False,main,True
2683,2,2,6.861753497964957,2.1382465020350434,0.7624170553294396,0.945877901400093,19.0,8.0,False,main,True
2683,3,3,7.861753497964957,2.1382465020350434,0.7861753497964956,0.952173064926473,15.0,7.0,False,main,True
2683,4,4,8.861753497964957,2.1382465020350434,0.8056139543604506,0.9571540396190897,11.0,5.0,False,main,False
2683,5,5,9.861753497964957,2.1382465020350434,0.8218127914970798,0.9611940114144188,8.0,4.0,False,main,False
2683,6,6,10.861753497964957,2.1382465020350434,0.8355194998434582,0.9645369260661472,5.0,3.0,False,main,False
2683,7,7,11.861753497964957,2.1382465020350434,0.8472681069974969,0.967349033689557,3.0,2.0,False,main,False
2683,8,8,12.861753497964957,2.1382465020350434,0.8574502331976638,0.9697475657328316,1.0,1.0,False,main,False
2683,9,9,13.861753497964957,2.1382465020350434,0.8663595936228098,0.9718175742957527,-1.0,-1.0,True,main,False
3,1,1,6.076912884293906,1.9230871157060938,0.7596141105367382,0.9513764885911011,22.0,9.0,False,main,True
3,2,2,7.076912884293906,1.9230871157060938,0.786323653810434,0.9577180697625198,17.0,8.0,False,main,True
3,3,3,8.076912884293906,1.9230871157060938,0.8076912884293905,0.9625939484212553,13.0,6.0,False,main,True
3,4,4,9.076912884293906,1.9230871157060938,0.8251738985721733,0.9664602308410112,10.0,5.0,False,main,False
3,5,5,10.076912884293906,1.9230871157060938,0.8397427403578255,0.9696013756083386,7.0,4.0,False,main,False
3,6,6,11.076912884293906,1.9230871157060938,0.852070221868762,0.9722040637083279,5.0,3.0,False,main,False
3,7,7,12.076912884293906,1.9230871157060938,0.8626366345924218,0.9743959156954936,3.0,2.0,False,main,False
3,8,8,13.076912884293906,1.9230871157060938,0.8717941922862604,0.9762671504028161,1.0,1.0,False,main,False
3,9,9,14.076912884293906,1.9230871157060938,0.8798070552683691,0.9778833585576504,-1.0,-1.0,True,main,False
4659,1,1,5.938094401780555,2.0619055982194454,0.7422618002225694,0.9426782251318155,24.0,9.0,False,main,True
11012,0,1,5.111798784626278,2.8882012153737224,0.6389748480782848,0.8808011290073543,54.0,16.0,False,main,True
11012,0,2,5.111798784626278,3.8882012153737224,0.5679776427362531,0.8169831404656667,96.0,23.0,False,main,False
11012,0,3,5.111798784626278,4.888201215373723,0.5111798784626278,0.7584118592528025,168.0,32.0,False,main,True
11012,0,4,5.111798784626278,5.888201215373723,0.46470898042057074,0.7059540194718763,297.0,44.0,False,main,True
7915,1,1,6.114049711234287,1.8859502887657134,0.7642562139042859,0.9536094777832977,21.0,9.0,False,main,True
7915,2,2,7.114049711234287,1.8859502887657134,0.7904499679149208,0.9596493657213939,17.0,8.0,False,main,False
7915,3,3,8.114049711234287,1.8859502887657134,0.8114049711234287,0.9642955493259995,13.0,6.0,False,main,False
7915,4,4,9.114049711234287,1.8859502887657134,0.8285499737485715,0.9679810641625084,10.0,5.0,False,main,False
7915,5,5,10.114049711234287,1.8859502887657134,0.8428374759361906,0.9709762176486129,7.0,4.0,False,main,False
7915,6,6,11.114049711234287,1.8859502887657134,0.8549269008641759,0.9734585235098862,5.0,3.0,False,main,False
7915,7,7,12.114049711234287,1.8859502887657134,0.8652892650881634,0.975549400193656,3.0,2.0,False,main,False
7915,8,8,13.114049711234287,1.8859502887657134,0.8742699807489525,0.9773347193664206,1.0,1.0,False,main,False
7915,9,9,14.114049711234287,1.8859502887657134,0.8821281069521429,0.9788769337632549,-1.0,-1.0,True,main,False
2700,0,1,5.01781464769546,2.9821853523045396,0.6272268309619325,0.8727840551926955,59.0,17.0,False,main,True
5256,0,1,4.941969946162304,3.058030053837695,0.617746243270288,0.8661801967950706,63.0,17.0,False,main,True
2097,0,1,4.977230320775265,3.0227696792247354,0.6221537900969081,0.869265119108833,61.0,17.0,False,main,True
6161,1,1,6.0618468093243045,1.9381531906756957,0.7577308511655381,0.950459062233801,22.0,9.0,False,main,True
6161,2,2,7.0618468093243045,1.9381531906756957,0.7846496454804783,0.9569248250457263,17.0,8.0,False,main,True
6161,3,3,8.061846809324305,1.9381531906756957,0.8061846809324305,0.9618951979619055,13.0,6.0,False,main,False
6161,4,4,9.061846809324305,1.9381531906756957,0.8238042553931186,0.9658358157865491,10.0,5.0,False,main,False
6161,5,5,10.061846809324305,1.9381531906756957,0.8384872341103587,0.9690369760110986,7.0,4.0,False,main,False
6161,6,6,11.061846809324305,1.9381531906756957,0.8509112930249465,0.9716891392958451,5.0,3.0,False,main,False
6161,7,7,12.061846809324305,1.9381531906756957,0.8615604863803075,0.9739224818327896,3.0,2.0,False,main,False
6161,8,8,13.061846809324305,1.9381531906756957,0.8707897872882869,0.9758290128976178,1.0,1.0,False,main,False
6161,9,9,14.061846809324305,1.9381531906756957,0.878865425582769,0.9774756151399401,-1.0,-1.0,True,main,False
126,0,1,5.015208279196617,2.9847917208033827,0.6269010348995772,0.8725590919166535,59.0,17.0,False,main,True
8418,1,1,6.112709443661207,1.887290556338793,0.7640886804576509,0.9535295976965811,21.0,9.0,False,main,True
8418,2,2,7.112709443661207,1.887290556338793,0.7903010492956897,0.959580264202407,17.0,8.0,False,main,False
8418,3,3,8.112709443661206,1.887290556338793,0.8112709443661206,0.9642346571967398,13.0,6.0,False,main,False
8418,4,4,9.112709443661206,1.887290556338793,0.8284281312419278,0.9679266345654635,10.0,5.0,False,main,False
8418,5,5,10.112709443661206,1.887290556338793,0.8427257869717671,0.9709270084636196,7.0,4.0,False,main,False
8418,6,6,11.112709443661206,1.887290556338793,0.8548238033585543,0.9734136197583388,5.0,3.0,False,main,False
8418,7,7,12.112709443661206,1.887290556338793,0.8651935316900862,0.9755081083139688,3.0,2.0,False,main,False
8418,8,8,13.112709443661206,1.887290556338793,0.8741806295774137,0.9772965010427734,1.0,1.0,False,main,False
8418,9,9,14.112709443661206,1.887290556338793,0.8820443402288254,0.9788413627737942,-1.0,-1.0,True,main,False
2914,0,1,5.1141180392417995,2.8858819607582005,0.6392647549052249,0.8809966147223675,54.0,16.0,False,main,True
37,0,1,5.143104273028474,2.8568957269715267,0.6428880341285592,0.8834301703654878,53.0,16.0,False,main,True
2632,1,1,5.922448530270203,2.077551469729797,0.7403060662837754,0.94166407955142,25.0,10.0,False,main,True
6406,1,1,5.888926166312994,2.111073833687006,0.7361157707891243,0.9394687702296545,25.0,10.0,False,main,True
7153,0,1,5.086919460337523,2.913080539662477,0.6358649325421903,0.8786969358255233,55.0,16.0,False,main,True
833,0,1,5.042657545316787,2.9573424546832134,0.6303321931645983,0.8749212167907126,57.0,17.0,False,main,True
2117,0,1,4.9735787497031945,3.0264212502968055,0.6216973437128993,0.8689468323372054,61.0,17.0,False,main,True
1063,1,1,5.8613263384503895,2.1386736615496105,0.7326657923062987,0.9376385969131307,26.0,10.0,False,main,True
11005,0,1,4.936124193930292,3.0638758060697078,0.6170155242412865,0.8656662846947702,63.0,17.0,False,main,True
11005,0,2,4.936124193930292,4.063875806069708,0.5484582437700324,0.8013680808584319,114.0,25.0,False,main,False
11005,0,3,4.936124193930292,5.063875806069708,0.4936124193930292,0.7429840888478403,204.0,35.0,False,main,True
11005,0,4,4.936124193930292,6.063875806069708,0.448738563084572,0.690991465229225,372.0,48.0,False,main,True
11005,0,5,4.936124193930292,7.063875806069708,0.4113436828275243,0.6449315320400828,711.0,64.0,False,main,True
8934,0,1,5.000537879721475,2.999462120278525,0.6250672349651843,0.8712902145411662,60.0,17.0,False,main,True
9193,1,1,5.920536981248728,2.079463018751272,0.740067122656091,0.9415397165904275,25.0,10.0,False,main,True
9193,2,2,6.920536981248728,2.079463018751272,0.7689485534720809,0.9492196192470604,19.0,8.0,False,main,False
9193,3,3,7.920536981248728,2.079463018751272,0.7920536981248728,0.9551123243482835,14.0,7.0,False,main,False
9193,4,4,8.920536981248727,2.079463018751272,0.810957907386248,0.9597775990560955,11.0,5.0,False,main,False
9193,5,5,9.920536981248727,2.079463018751272,0.8267114151040605,0.9635632489526449,8.0,4.0,False,main,False
9193,6,6,10.920536981248727,2.079463018751272,0.840041306249902,0.9666968758299798,5.0,3.0,False,main,False
9193,7,7,11.920536981248727,2.079463018751272,0.851466927232052,0.9693337238006208,3.0,2.0,False,main,False
9193,8,8,12.920536981248727,2.079463018751272,0.8613691320832485,0.9715833389357367,1.0,1.0,False,main,False
9193,9,9,13.920536981248727,2.079463018751272,0.8700335613280454,0.9735252427680602,-1.0,-1.0,True,main,False
4236,1,1,5.914240195104547,2.0857598048954524,0.7392800243880684,0.9411293514715017,25.0,10.0,False,main,True
2123,1,1,5.8371085696985,2.1628914303015003,0.7296385712123125,0.9360159852110096,26.0,10.0,False,main,True
2123,2,2,6.8371085696985,2.1628914303015003,0.7596787299665,0.94445384304676,20.0,8.0,False,main,False
2123,3,3,7.8371085696985,2.1628914303015003,0.78371085696985,0.9509209507865124,15.0,7.0,False,main,False
2123,4,4,8.8371085696985,2.1628914303015003,0.8033735063362273,0.9560367127483023,11.0,5.0,False,main,False
2123,5,5,9.8371085696985,2.1628914303015003,0.819759047474875,0.9601852102421463,8.0,4.0,False,main,False
2123,6,6,10.8371085696985,2.1628914303015003,0.8336237361306539,0.9636173965208862,5.0,3.0,False,main,False
2123,7,7,11.8371085696985,2.1628914303015003,0.8455077549784643,0.9665042359787094,3.0,2.0,False,main,False
2123,8,8,12.8371085696985,2.1628914303015003,0.8558072379799,0.968966249444593,1.0,1.0,False,main,False
2123,9,9,13.8371085696985,2.1628914303015003,0.8648192856061563,0.9710908546263295,-1.0,-1.0,True,main,False
2665,0,1,5.029023278108464,2.970976721891536,0.628627909763558,0.8737498936720344,58.0,17.0,False,main,True
3853,1,1,5.8777912391397855,2.122208760860215,0.7347239048924732,0.9387328556410638,25.0,10.0,False,main,True
893,0,1,4.968996836027214,3.0310031639727857,0.6211246045034018,0.8685470638243609,61.0,17.0,False,main,True
2019,1,1,5.921801487205353,2.078198512794647,0.7402251859006691,0.9416219949070481,25.0,10.0,False,main,True
6204,0,1,5.064370601922805,2.9356293980771953,0.6330463252403506,0.8767785663733381,56.0,17.0,False,main,True
6595,1,1,6.0111800317949795,1.9888199682050203,0.7513975039743724,0.9473257487122659,23.0,9.0,False,main,True
6595,2,2,7.0111800317949795,1.9888199682050203,0.7790200035327755,0.9542166318152945,18.0,8.0,False,main,True
6595,3,3,8.011180031794979,1.9888199682050203,0.801118003179498,0.9595102684905927,14.0,7.0,False,main,True
6595,4,4,9.011180031794979,1.9888199682050203,0.8191981847086346,0.9637050541065363,10.0,5.0,False,main,False
6595,5,5,10.011180031794979,1.9888199682050203,0.8342650026495817,0.9671113360887267,8.0,4.0,False,main,False
6595,6,6,11.011180031794979,1.9888199682050203,0.8470138485996138,0.9699325416038086,5.0,3.0,False,main,False
6595,7,7,12.011180031794979,1.9888199682050203,0.8579414308424986,0.9723076076356273,3.0,2.0,False,main,False
6595,8,8,13.011180031794979,1.9888199682050203,0.8674120021196653,0.9743346774494173,1.0,1.0,False,main,False
6595,9,9,14.011180031794979,1.9888199682050203,0.8756987519871863,0.9760850575782962,-1.0,-1.0,True,main,False
745,1,1,6.135943201208209,1.8640567987917906,0.7669929001510262,0.9549067509700092,21.0,9.0,False,main,True
11580,0,1,4.838791328594594,3.1612086714054066,0.6048489160743242,0.8570071978424083,69.0,18.0,False,main,True
1783,1,1,6.008595241579081,1.9914047584209191,0.7510744051973851,0.9471639362406741,23.0,9.0,False,main,True
1783,2,2,7.008595241579081,1.9914047584209191,0.7787328046198979,0.9540768152717636,18.0,8.0,False,main,True
1783,3,3,8.00859524157908,1.9914047584209191,0.800859524157908,0.9593871683591846,14.0,7.0,False,main,True
1783,4,4,9.00859524157908,1.9914047584209191,0.8189632037799164,0.9635950918066928,10.0,5.0,False,main,False
1783,5,5,10.00859524157908,1.9914047584209191,0.8340496034649233,0.9670119729850274,8.0,4.0,False,main,False
1783,6,6,11.00859524157908,1.9914047584209191,0.8468150185830061,0.9698419110887697,5.0,3.0,False,main,False
1783,7,7,12.00859524157908,1.9914047584209191,0.8577568029699343,0.9722242968827015,3.0,2.0,False,main,False
1783,8,8,13.00859524157908,1.9914047584209191,0.8672396827719386,0.9742575911989602,1.0,1.0,False,main,False
1783,9,9,14.00859524157908,1.9914047584209191,0.8755372025986925,0.9760133295110948,-1.0,-1.0,True,main,False
6321,0,1,5.0594788483059,2.9405211516941003,0.6324348560382375,0.8763609844928302,57.0,17.0,False,main,True
9773,1,1,5.890743222330899,2.1092567776691014,0.7363429027913624,0.9395885443711441,25.0,10.0,False,main,True
9773,2,2,6.890743222330899,2.1092567776691014,0.7656381358145443,0.9475356644068689,19.0,8.0,False,main,False
9773,3,3,7.890743222330899,2.1092567776691014,0.7890743222330899,0.953630994564331,14.0,7.0,False,main,False
9773,4,4,8.890743222330899,2.1092567776691014,0.8082493838482635,0.958455251628034,11.0,5.0,False,main,False
9773,5,5,9.890743222330899,2.1092567776691014,0.8242286018609083,0.962368997961178,8.0,4.0,False,main,False
9773,6,6,10.890743222330899,2.1092567776691014,0.8377494786408384,0.965608053795921,5.0,3.0,False,main,False
9773,7,7,11.890743222330899,2.1092567776691014,0.8493388015950643,0.9683331994069382,3.0,2.0,False,main,False
9773,8,8,12.890743222330899,2.1092567776691014,0.8593828814887267,0.9706578477597348,1.0,1.0,False,main,False
9773,9,9,13.890743222330899,2.1092567776691014,0.8681714513956812,0.9726643037089774,-1.0,-1.0,True,main,False
8677,0,1,4.8910808772476635,3.1089191227523365,0.6113851096559579,0.8616830040182273,66.0,18.0,False,main,True
9850,0,1,5.020360755992181,2.9796392440078194,0.6275450944990226,0.8730036808135845,59.0,17.0,False,main,True
9850,0,2,5.020360755992181,3.9796392440078194,0.557817861776909,0.8089108984719836,105.0,24.0,False,main,False
9850,0,3,5.020360755992181,4.979639244007819,0.5020360755992181,0.7504234969145319,186.0,34.0,False,main,True
9850,0,4,5.020360755992181,5.979639244007819,0.45639643236292554,0.6981993681181584,333.0,46.0,False,main,True
4032,1,1,6.127083187151435,1.8729168128485654,0.7658853983939293,0.9543834861318393,21.0,9.0,False,main,True
5549,0,1,4.894834905335216,3.1051650946647835,0.611854363166902,0.8620165612058003,65.0,18.0,False,main,True
5242,1,1,5.955406217614142,2.0445937823858586,0.7444257772017677,0.9437925176217277,24.0,9.0,False,main,True
5242,2,2,6.955406217614142,2.0445937823858586,0.772822913068238,0.9511646071328071,18.0,8.0,False,main,True
5242,3,3,7.955406217614142,2.0445937823858586,0.7955406217614142,0.9568237413276411,14.0,7.0,False,main,True
5242,4,4,8.955406217614142,2.0445937823858586,0.8141278379649219,0.9613056579353106,11.0,5.0,False,main,False
5242,5,5,9.955406217614142,2.0445937823858586,0.8296171848011785,0.9649435118574112,8.0,4.0,False,main,False
5242,6,6,10.955406217614142,2.0445937823858586,0.8427235552010879,0.9679554573056012,5.0,3.0,False,main,False
5242,7,7,11.955406217614142,2.0445937823858586,0.8539575869724387,0.9704903695009338,3.0,2.0,False,main,False
5242,8,8,12.955406217614142,2.0445937823858586,0.8636937478409428,0.9726533433123231,1.0,1.0,False,main,False
5242,9,9,13.955406217614142,2.0445937823858586,0.8722128886008839,0.9745206948021868,-1.0,-1.0,True,main,False
2245,0,1,5.049667815950481,2.950332184049519,0.6312084769938101,0.8755219591732857,57.0,17.0,False,main,True
6392,1,1,6.066854186817197,1.9331458131828034,0.7583567733521496,0.950764711666736,22.0,9.0,False,main,True
6392,2,2,7.066854186817197,1.9331458131828034,0.7852060207574663,0.9571890873430718,17.0,8.0,False,main,True
6392,3,3,8.066854186817196,1.9331458131828034,0.8066854186817196,0.9621279706400708,13.0,6.0,False,main,True
6392,4,4,9.066854186817196,1.9331458131828034,0.8242594715288359,0.9660438186232619,10.0,5.0,False,main,False
6392,5,5,10.066854186817196,1.9331458131828034,0.8389045155680996,0.9692249818947067,7.0,4.0,False,main,False
6392,6,6,11.066854186817196,1.9331458131828034,0.851296475909015,0.9718606610242584,5.0,3.0,False,main,False
6392,7,7,12.066854186817196,1.9331458131828034,0.8619181562012282,0.9740801802870015,3.0,2.0,False,main,False
6392,8,8,13.066854186817196,1.9331458131828034,0.8711236124544797,0.9759749521725349,1.0,1.0,False,main,False
6392,9,9,14.066854186817196,1.9331458131828034,0.8791783866760747,0.9776114287424815,-1.0,-1.0,True,main,False
518,0,1,4.92205652715764,3.07794347284236,0.615257065894705,0.8644266986804722,64.0,17.0,False,main,True
10942,1,1,6.117182432704392,1.882817567295608,0.764647804088049,0.9537959800841379,21.0,9.0,False,main,True
10942,2,2,7.117182432704392,1.882817567295608,0.7907980480782658,0.9598107064692968,17.0,8.0,False,main,False
10942,3,3,8.117182432704393,1.882817567295608,0.8117182432704393,0.9644377251276053,13.0,6.0,False,main,False
10942,4,4,9.117182432704393,1.882817567295608,0.8288347666094903,0.9681081525523862,10.0,5.0,False,main,False
10942,5,5,10.117182432704393,1.882817567295608,0.8430985360586994,0.9710911181432685,7.0,4.0,False,main,False
10942,6,6,11.117182432704393,1.882817567295608,0.8551678794387995,0.9735633720539649,5.0,3.0,False,main,False
10942,7,7,12.117182432704393,1.882817567295608,0.8655130309074567,0.9756458159026447,3.0,2.0,False,main,False
10942,8,8,13.117182432704393,1.882817567295608,0.8744788288469595,0.9774239589681541,1.0,1.0,False,main,False
10942,9,9,14.117182432704393,1.882817567295608,0.8823239020440246,0.9789599923176987,-1.0,-1.0,True,main,False
1401,1,1,5.961862375879333,2.0381376241206675,0.7452327969849166,0.9442059551281407,24.0,9.0,False,main,True
1401,2,2,6.961862375879333,2.0381376241206675,0.7735402639865926,0.9515216379150435,18.0,8.0,False,main,True
1401,3,3,7.961862375879333,2.0381376241206675,0.7961862375879333,0.9571379511967393,14.0,7.0,False,main,True
1401,4,4,8.961862375879333,2.0381376241206675,0.8147147614435757,0.9615862413247158,11.0,5.0,False,main,False
1401,5,5,9.961862375879333,2.0381376241206675,0.8301551979899444,0.9651969836295846,8.0,4.0,False,main,False
1401,6,6,10.961862375879333,2.0381376241206675,0.8432201827599487,0.968186603332607,5.0,3.0,False,main,False
1401,7,7,11.961862375879333,2.0381376241206675,0.8544187411342381,0.9707028095363653,3.0,2.0,False,main,False
1401,8,8,12.961862375879333,2.0381376241206675,0.8641241583919556,0.9728498818006167,1.0,1.0,False,main,False
1401,9,9,13.961862375879333,2.0381376241206675,0.8726163984924583,0.974703548869985,-1.0,-1.0,True,main,False
6431,1,1,5.856215295269077,2.1437847047309226,0.7320269119086347,0.9372974469325394,26.0,10.0,False,main,True
7570,1,1,6.020095647648808,1.9799043523511926,0.752511955956101,0.9478824274987697,23.0,9.0,False,main,True
640,0,1,4.938220456991441,3.061779543008558,0.6172775571239302,0.8658506520498992,63.0,17.0,False,main,True
7449,1,1,6.0858402329073344,1.9141597670926656,0.7607300291134168,0.9519169817565861,22.0,9.0,False,main,True
7628,1,1,5.941077923759971,2.0589220762400293,0.7426347404699963,0.9428708512946605,24.0,9.0,False,main,True
7628,2,2,6.941077923759971,2.0589220762400293,0.7712308804177745,0.95036878051577,18.0,8.0,False,main,False
7628,3,3,7.941077923759971,2.0589220762400293,0.794107792375997,0.9561234240251659,14.0,7.0,False,main,False
7628,4,4,8.94107792375997,2.0589220762400293,0.8128252657963609,0.9606803298630374,11.0,5.0,False,main,False
7628,5,5,9.94107792375997,2.0589220762400293,0.8284231603133309,0.9643786366583122,8.0,4.0,False,main,False
7628,6,6,10.94107792375997,2.0589220762400293,0.8416213787507669,0.9674403584378356,5.0,3.0,False,main,False
7628,7,7,11.94107792375997,2.0589220762400293,0.8529341374114264,0.9700169730553331,3.0,2.0,False,main,False
7628,8,8,12.94107792375997,2.0589220762400293,0.8627385282506647,0.9722153947000346,1.0,1.0,False,main,False
7628,9,9,13.94107792375997,2.0589220762400293,0.8713173702349981,0.9741132497971842,-1.0,-1.0,True,main,False
8578,1,1,5.8857524850202285,2.114247514979771,0.7357190606275286,0.9392593588857495,25.0,10.0,False,main,True
8578,2,2,6.8857524850202285,2.114247514979771,0.7650836094466921,0.9472516177130876,19.0,8.0,False,main,True
8578,3,3,7.8857524850202285,2.114247514979771,0.7885752485020229,0.9533811627402552,15.0,7.0,False,main,True
8578,4,4,8.885752485020229,2.114247514979771,0.8077956804563844,0.9582322577424602,11.0,5.0,False,main,False
8578,5,5,9.885752485020229,2.114247514979771,0.8238127070850191,0.9621676234645828,8.0,4.0,False,main,False
8578,6,6,10.885752485020229,2.114247514979771,0.8373655757707869,0.9654244699407746,5.0,3.0,False,main,False
8578,7,7,11.885752485020229,2.114247514979771,0.8489823203585878,0.9681645132774992,3.0,2.0,False,main,False
8578,8,8,12.885752485020229,2.114247514979771,0.8590501656680153,0.9705018198886293,1.0,1.0,False,main,False
8578,9,9,13.885752485020229,2.114247514979771,0.8678595303137643,0.9725191648450536,-1.0,-1.0,True,main,False
2286,0,1,4.953756843235579,3.0462431567644206,0.6192196054044474,0.8672142750644962,62.0,17.0,False,main,True
2874,1,1,6.140304478920569,1.859695521079431,0.7675380598650712,0.9551634593757883,21.0,9.0,False,main,True
6190,0,1,4.948866873355217,3.0511331266447828,0.6186083591694022,0.8667856185249873,62.0,17.0,False,main,True
10322,0,1,5.088923301737896,2.9110766982621032,0.636115412717237,0.8788668968780418,55.0,16.0,False,main,True
10322,0,2,5.088923301737896,3.9110766982621032,0.5654359224153218,0.814974981402665,98.0,24.0,False,main,False
10322,0,3,5.088923301737896,4.911076698262104,0.5088923301737897,0.7564218708040069,173.0,33.0,False,main,True
10322,0,4,5.088923301737896,5.911076698262104,0.4626293910670815,0.7040207648390823,305.0,45.0,False,main,True
10322,0,5,5.088923301737896,6.911076698262104,0.42407694181149136,0.6574579995366564,561.0,60.0,False,main,True
10244,0,1,4.919293810812416,3.080706189187584,0.614911726351552,0.8641827837686185,64.0,17.0,False,main,True
10244,0,2,4.919293810812416,4.080706189187584,0.5465882012013795,0.7998488638076825,116.0,25.0,False,main,False
10244,0,3,4.919293810812416,5.080706189187584,0.4919293810812416,0.7414884794472598,208.0,35.0,False,main,True
10244,0,4,4.919293810812416,6.080706189187584,0.4472085282556742,0.6895439492992721,380.0,48.0,False,main,True
6137,0,1,4.950130785895371,3.0498692141046293,0.6187663482369213,0.8668964606315757,62.0,17.0,False,main,True
9353,1,1,6.0089963784368825,1.9910036215631175,0.7511245473046103,0.947189060529229,23.0,9.0,False,main,True
9353,2,2,7.0089963784368825,1.9910036215631175,0.7787773753818759,0.9540985240316918,18.0,8.0,False,main,False
9353,3,3,8.008996378436883,1.9910036215631175,0.8008996378436883,0.9594062814542457,14.0,7.0,False,main,False
9353,4,4,9.008996378436883,1.9910036215631175,0.8189996707669894,0.9636121649415412,10.0,5.0,False,main,False
9353,5,5,10.008996378436883,1.9910036215631175,0.834083031536407,0.9670274003652444,8.0,4.0,False,main,False
9353,6,6,11.008996378436883,1.9910036215631175,0.8468458752643756,0.9698559825601535,5.0,3.0,False,main,False
9353,7,7,12.008996378436883,1.9910036215631175,0.8577854556026345,0.9722372318247793,3.0,2.0,False,main,False
9353,8,8,13.008996378436883,1.9910036215631175,0.8672664252291256,0.974269559678241,1.0,1.0,False,main,False
9353,9,9,14.008996378436883,1.9910036215631175,0.8755622736523052,0.9760244660439166,-1.0,-1.0,True,main,False
9106,0,1,5.109627770107779,2.8903722298922205,0.6387034712634724,0.8806180348555678,54.0,16.0,False,main,True
165,1,1,6.060994468853593,1.9390055311464067,0.7576243086066992,0.9504069630558356,22.0,9.0,False,main,True
3954,0,1,5.052269861724489,2.947730138275511,0.6315337327155611,0.8757446788167871,57.0,17.0,False,main,True
783,1,1,5.889109289282125,2.110890710717875,0.7361386611602656,0.9394808450990338,25.0,10.0,False,main,True
1527,1,1,6.003825786103683,1.9961742138963174,0.7504782232629603,0.9468648634023497,23.0,9.0,False,main,True
1075,1,1,5.847265397441378,2.1527346025586227,0.7309081746801722,0.9366983922700441,26.0,10.0,False,main,True
5933,1,1,6.021510431417347,1.9784895685826522,0.7526888039271684,0.947970556906225,23.0,9.0,False,main,True
5933,2,2,7.021510431417347,1.9784895685826522,0.7801678257130386,0.9547738285953917,18.0,8.0,False,main,True
5933,3,3,8.021510431417347,1.9784895685826522,0.8021510431417347,0.9600008734208109,13.0,7.0,False,main,True
5933,4,4,9.021510431417347,1.9784895685826522,0.8201373119470315,0.9641433175242567,10.0,5.0,False,main,False
5933,5,5,10.021510431417347,1.9784895685826522,0.8351258692847789,0.9675073686307477,7.0,4.0,False,main,False
5933,6,6,11.021510431417347,1.9784895685826522,0.8478084947244113,0.9702937782701565,5.0,3.0,False,main,False
5933,7,7,12.021510431417347,1.9784895685826522,0.8586793165298106,0.9726396764608273,3.0,2.0,False,main,False
5933,8,8,13.021510431417347,1.9784895685826522,0.8681006954278232,0.9746419417601446,1.0,1.0,False,main,False
5933,9,9,14.021510431417347,1.9784895685826522,0.8763444019635842,0.9763709688589367,-1.0,-1.0,True,main,False
4725,1,1,6.008137528449564,1.9918624715504358,0.7510171910561955,0.947135262861474,23.0,9.0,False,main,True
4725,2,2,7.008137528449564,1.9918624715504358,0.7786819476055071,0.9540520400228946,18.0,8.0,False,main,True
4725,3,3,8.008137528449563,1.9918624715504358,0.8008137528449564,0.9593653555060557,14.0,7.0,False,main,True
4725,4,4,9.008137528449563,1.9918624715504358,0.8189215934954149,0.9635756071155042,10.0,5.0,False,main,False
4725,5,5,10.008137528449563,1.9918624715504358,0.8340114607041303,0.9669943665476227,8.0,4.0,False,main,False
4725,6,6,11.008137528449563,1.9918624715504358,0.8467798098807358,0.9698258521056896,5.0,3.0,False,main,False
4725,7,7,12.008137528449563,1.9918624715504358,0.8577241091749689,0.9722095349787976,3.0,2.0,False,main,False
4725,8,8,13.008137528449563,1.9918624715504358,0.8672091685633043,0.9742439322803969,1.0,1.0,False,main,False
4725,9,9,14.008137528449563,1.9918624715504358,0.8755085955280978,0.9760006200574481,-1.0,-1.0,True,main,False
11729,1,1,5.994604404605468,2.0053955953945315,0.7493255505756835,0.9462848071640381,23.0,9.0,False,main,True
8605,0,1,4.878201605175269,3.121798394824731,0.6097752006469086,0.8605364633713368,66.0,18.0,False,main,True
6924,1,1,6.07688839957745,1.9231116004225504,0.7596110499471812,0.9513750029953957,22.0,9.0,False,main,True
8302,1,1,5.980129519640517,2.0198704803594834,0.7475161899550646,0.9453694650702991,24.0,9.0,False,main,True
8302,2,2,6.980129519640517,2.0198704803594834,0.7755699466267241,0.9525265462282392,18.0,8.0,False,main,False
8302,3,3,7.980129519640517,2.0198704803594834,0.7980129519640518,0.9580224259115473,14.0,7.0,False,main,False
8302,4,4,8.980129519640517,2.0198704803594834,0.8163754108764106,0.9623761230624188,10.0,5.0,False,main,False
8302,5,5,9.980129519640517,2.0198704803594834,0.831677459970043,0.9659105873628898,8.0,4.0,False,main,False
8302,6,6,10.980129519640517,2.0198704803594834,0.8446253476646551,0.968837386361173,5.0,3.0,False,main,False
8302,7,7,11.980129519640517,2.0198704803594834,0.8557235371171797,0.971300951972345,3.0,2.0,False,main,False
8302,8,8,12.980129519640517,2.0198704803594834,0.8653419679760345,0.9734032719400831,1.0,1.0,False,main,False
8302,9,9,13.980129519640517,2.0198704803594834,0.8737580949775323,0.9752184237629941,-1.0,-1.0,True,main,False
1672,1,1,6.040354322371705,1.9596456776282947,0.7550442902964631,0.9491389266466295,23.0,9.0,False,main,True
11611,1,1,5.983852289580968,2.016147710419032,0.747981536197621,0.9456054414361036,23.0,9.0,False,main,True
11611,2,2,6.983852289580968,2.016147710419032,0.7759835877312187,0.9527303812257678,18.0,8.0,False,main,True
11611,3,3,7.983852289580968,2.016147710419032,0.7983852289580968,0.9582018487211457,14.0,7.0,False,main,False
11611,4,4,8.983852289580968,2.016147710419032,0.8167138445073607,0.9625363682707669,10.0,5.0,False,main,False
11611,5,5,9.983852289580968,2.016147710419032,0.831987690798414,0.96605536600675,8.0,4.0,False,main,False
11611,6,6,10.983852289580968,2.016147710419032,0.8449117145831514,0.9689694257362169,5.0,3.0,False,main,False
11611,7,7,11.983852289580968,2.016147710419032,0.8559894492557835,0.9714223155344792,3.0,2.0,False,main,False
11611,8,8,12.983852289580968,2.016147710419032,0.8655901526387312,0.9735155588120022,1.0,1.0,False,main,False
11611,9,9,13.983852289580968,2.016147710419032,0.8739907680988105,0.9753228984611162,-1.0,-1.0,True,main,False
9985,1,1,5.953511137608012,2.046488862391988,0.7441888922010015,0.9436709419727278,24.0,9.0,False,main,True
9985,2,2,6.953511137608012,2.046488862391988,0.7726123486231125,0.9510596234264294,18.0,8.0,False,main,False
9985,3,3,7.953511137608012,2.046488862391988,0.7953511137608011,0.956731352191838,14.0,7.0,False,main,False
9985,4,4,8.953511137608011,2.046488862391988,0.8139555579643646,0.9612231584246733,11.0,5.0,False,main,False
9985,5,5,9.953511137608011,2.046488862391988,0.8294592614673343,0.9648689855235273,8.0,4.0,False,main,False
9985,6,6,10.953511137608011,2.046488862391988,0.8425777798160008,0.9678874964146396,5.0,3.0,False,main,False
9985,7,7,11.953511137608011,2.046488862391988,0.853822224114858,0.9704279093890108,3.0,2.0,False,main,False
9985,8,8,12.953511137608011,2.046488862391988,0.8635674091738674,0.9725955591595685,1.0,1.0,False,main,False
9985,9,9,13.953511137608011,2.046488862391988,0.8720944461005007,0.9744669345523367,-1.0,-1.0,True,main,False
10092,0,1,5.142764596243625,2.8572354037563756,0.6428455745304531,0.8834017562210643,53.0,16.0,False,main,True
10092,0,2,5.142764596243625,3.8572354037563756,0.5714182884715139,0.8196894563064162,94.0,23.0,False,main,False
10092,0,3,5.142764596243625,4.857235403756375,0.5142764596243625,0.7610966085729085,163.0,32.0,False,main,True
10092,0,4,5.142764596243625,5.857235403756375,0.46752405420396587,0.7085638299388672,286.0,44.0,False,main,True
10333,0,1,4.866295066960303,3.1337049330396964,0.6082868833700379,0.8594735234122934,67.0,18.0,False,main,True
10333,0,2,4.866295066960303,4.133704933039697,0.5406994518844781,0.7950384621834998,122.0,26.0,False,main,False
10333,0,3,4.866295066960303,5.133704933039697,0.48662950669603033,0.7367587339246202,221.0,36.0,False,main,True
10333,0,4,4.866295066960303,6.133704933039697,0.44239046063275483,0.6849696126132262,409.0,49.0,False,main,True
8707,1,1,5.922361190403384,2.0776388095966154,0.740295148800423,0.9416583995033113,25.0,10.0,False,main,True
5838,0,1,5.048516692630271,2.9514833073697293,0.6310645865787838,0.8754233846505495,57.0,17.0,False,main,True
8017,0,1,4.966517718037615,3.0334822819623852,0.6208147147547018,0.8683305822427905,61.0,17.0,False,main,True
8017,0,2,4.966517718037615,4.033482281962385,0.5518353020041794,0.8041013357146463,111.0,25.0,False,main,False
8017,0,3,4.966517718037615,5.033482281962385,0.49665177180376147,0.7456771844091931,197.0,34.0,False,main,True
8017,0,4,4.966517718037615,6.033482281962385,0.4515016107306922,0.6935992565383682,357.0,47.0,False,main,True
254,1,1,5.9249921239227765,2.0750078760772235,0.7406240154903471,0.9418294079159693,24.0,10.0,False,main,True
11052,0,1,5.113135202241204,2.886864797758796,0.6391419002801505,0.8809137871202735,54.0,16.0,False,main,True
11052,0,2,5.113135202241204,3.886864797758796,0.568126133582356,0.8171002259636038,96.0,23.0,False,main,False
11052,0,3,5.113135202241204,4.886864797758796,0.5113135202241204,0.7585279418243285,168.0,32.0,False,main,True
11052,0,4,5.113135202241204,5.886864797758796,0.46483047293101853,0.7060668235952272,297.0,44.0,False,main,True
3176,0,1,4.970020167357189,3.0299798326428107,0.6212525209196487,0.8686363862492743,61.0,17.0,False,main,True
8110,0,1,4.895404843348118,3.104595156651882,0.6119256054185147,0.8620671769227246,65.0,18.0,False,main,True
8110,0,2,4.895404843348118,4.104595156651882,0.5439338714831242,0.7976855518542947,119.0,25.0,False,main,True
8110,0,3,4.895404843348118,5.104595156651882,0.4895404843348118,0.739360340724547,214.0,35.0,False,main,True
8110,0,4,4.895404843348118,6.104595156651882,0.44503680394073797,0.687485117675311,393.0,48.0,False,main,True
11985,0,1,4.947652467921991,3.052347532078009,0.6184565584902488,0.8666790871712334,62.0,17.0,False,main,True
10521,1,1,5.9358135418220055,2.0641864581779945,0.7419766927277507,0.9425308002652304,24.0,9.0,False,main,True
10521,2,2,6.9358135418220055,2.0641864581779945,0.770645949091334,0.9500751908788594,18.0,8.0,False,main,False
10521,3,3,7.9358135418220055,2.0641864581779945,0.7935813541822005,0.9558650900418169,14.0,7.0,False,main,False
10521,4,4,8.935813541822005,2.0641864581779945,0.8123466856201823,0.9604496725468473,11.0,5.0,False,main,False
10521,5,5,9.935813541822005,2.0641864581779945,0.8279844618185005,0.9641702882912909,8.0,4.0,False,main,False
10521,6,6,10.935813541822005,2.0641864581779945,0.8412164262940004,0.9672503772745709,5.0,3.0,False,main,False
10521,7,7,11.935813541822005,2.0641864581779945,0.8525581101301433,0.969842378652278,3.0,2.0,False,main,False
10521,8,8,12.935813541822005,2.0641864581779945,0.8623875694548003,0.9720538784717141,1.0,1.0,False,main,False
10521,9,9,13.935813541822005,2.0641864581779945,0.8709883463638753,0.973962986991092,-1.0,-1.0,True,main,False
2723,1,1,5.861557431409231,2.138442568590769,0.7326946789261539,0.9376540054022356,26.0,10.0,False,main,True
8783,1,1,5.8934345836621524,2.106565416337848,0.7366793229577691,0.9397657863298746,25.0,10.0,False,main,True
6516,0,1,5.027913172244596,2.972086827755404,0.6284891465305745,0.8736543534980802,58.0,17.0,False,main,True
9270,1,1,5.977276082781441,2.022723917218559,0.7471595103476801,0.945188330979292,24.0,9.0,False,main,True
8635,0,1,4.967248536761166,3.032751463238834,0.6209060670951457,0.8683944119700383,61.0,17.0,False,main,True
8362,0,1,5.014903925703093,2.9850960742969073,0.6268629907128866,0.8725328130688004,59.0,17.0,False,main,True
8362,0,2,5.014903925703093,3.9850960742969073,0.5572115473003437,0.808425357773418,106.0,24.0,False,main,False
8362,0,3,5.014903925703093,4.985096074296907,0.5014903925703094,0.7499439033198525,187.0,34.0,False,main,True
8362,0,4,5.014903925703093,5.985096074296907,0.4559003568820994,0.6977343037833452,335.0,46.0,False,main,True
8362,0,5,5.014903925703093,6.985096074296907,0.41790866047525776,0.6514108218443578,627.0,62.0,False,main,True
11355,1,1,5.9495861824150875,2.0504138175849125,0.7436982728018859,0.9434188274389756,24.0,9.0,False,main,True
10002,0,1,5.002347107275629,2.9976528927243713,0.6252933884094536,0.8714469403185345,59.0,17.0,False,main,True
10002,0,2,5.002347107275629,3.9976528927243713,0.5558163452528476,0.8073064467057822,107.0,24.0,False,main,False
10002,0,3,5.002347107275629,4.997652892724371,0.5002347107275629,0.7488390754276393,189.0,34.0,False,main,True
10002,0,4,5.002347107275629,5.997652892724371,0.45475882793414807,0.6966631565544992,341.0,46.0,False,main,True
2500,1,1,5.9924269159883465,2.007573084011653,0.7490533644985433,0.9461474861187457,23.0,9.0,False,main,True
7371,1,1,5.89364153027054,2.10635846972946,0.7367051912838175,0.9397794068972525,25.0,10.0,False,main,True
11648,1,1,5.846262369675788,2.1537376303242124,0.7307827962094735,0.9366311231276931,26.0,10.0,False,main,True
2967,1,1,6.065029812052524,1.9349701879474765,0.7581287265065655,0.9506534364630137,22.0,9.0,False,main,True
2967,2,2,7.065029812052524,1.9349701879474765,0.7850033124502804,0.9570928778915826,17.0,8.0,False,main,False
2967,3,3,8.065029812052524,1.9349701879474765,0.8065029812052524,0.9620432244304267,13.0,6.0,False,main,False
2967,4,4,9.065029812052524,1.9349701879474765,0.8240936192775021,0.9659680896657427,10.0,5.0,False,main,False
2967,5,5,10.065029812052524,1.9349701879474765,0.8387524843377103,0.9691565328020627,7.0,4.0,False,main,False
2967,6,6,11.065029812052524,1.9349701879474765,0.8511561393886556,0.9717982130609253,5.0,3.0,False,main,False
2967,7,7,12.065029812052524,1.9349701879474765,0.8617878437180374,0.9740227648119785,3.0,2.0,False,main,False
2967,8,8,13.065029812052524,1.9349701879474765,0.8710019874701682,0.975921817779027,1.0,1.0,False,main,False
2967,9,9,14.065029812052524,1.9349701879474765,0.8790643632532827,0.9775619807644064,-1.0,-1.0,True,main,False
1930,1,1,5.918190201167004,2.0818097988329956,0.7397737751458755,0.9413869018217434,25.0,10.0,False,main,True
5695,0,1,5.014325698797817,2.9856743012021822,0.6267907123497272,0.8724828818163477,59.0,17.0,False,main,True
2947,1,1,6.0155563957253335,1.984443604274667,0.7519445494656667,0.947599284976508,23.0,9.0,False,main,True
2947,2,2,7.0155563957253335,1.984443604274667,0.7795062661917037,0.954452994252765,18.0,8.0,False,main,True
2947,3,3,8.015556395725334,1.984443604274667,0.8015556395725334,0.9597183775613523,14.0,7.0,False,main,True
2947,4,4,9.015556395725334,1.984443604274667,0.8195960359750303,0.9638909569456696,10.0,5.0,False,main,False
2947,5,5,10.015556395725334,1.984443604274667,0.8346296996437778,0.9672793228577027,7.0,4.0,False,main,False
2947,6,6,11.015556395725334,1.984443604274667,0.8473504919788718,0.970085766967034,5.0,3.0,False,main,False
2947,7,7,12.015556395725334,1.984443604274667,0.8582540282660952,0.9724484594623821,3.0,2.0,False,main,False
2947,8,8,13.015556395725334,1.984443604274667,0.8677037597150222,0.974465006952922,1.0,1.0,False,main,False
2947,9,9,14.015556395725334,1.984443604274667,0.8759722747328333,0.9762063290652137,-1.0,-1.0,True,main,False
1221,1,1,6.13322043262771,1.8667795673722893,0.7666525540784638,0.9547461969611355,21.0,9.0,False,main,True
717,1,1,6.012907436482892,1.9870925635171086,0.7516134295603615,0.9474337817565424,23.0,9.0,False,main,True
3864,1,1,6.00483405257978,1.9951659474202197,0.7506042565724725,0.9469281412478069,23.0,9.0,False,main,True
8165,0,1,5.058011929041107,2.941988070958893,0.6322514911301383,0.8762356639109191,57.0,17.0,False,main,True
8165,0,2,5.058011929041107,3.941988070958893,0.5620013254490118,0.8122493763088144,101.0,24.0,False,main,False
8165,0,3,5.058011929041107,4.941988070958892,0.5058011929041106,0.7537238142435652,178.0,33.0,False,main,True
8165,0,4,5.058011929041107,5.941988070958892,0.45981926627646424,0.7014012157616338,317.0,45.0,False,main,True
8165,0,5,5.058011929041107,6.941988070958892,0.4215009940867589,0.6549373904837953,587.0,60.0,False,main,True
9461,0,1,5.1340492752373805,2.865950724762619,0.6417561594046726,0.8826718734306962,53.0,16.0,False,main,True
9461,0,2,5.1340492752373805,3.865950724762619,0.57044991947082,0.8189291694394143,94.0,23.0,False,main,False
9461,0,3,5.1340492752373805,4.8659507247626195,0.513404927523738,0.760342037395792,165.0,32.0,False,main,True
9461,0,4,5.1340492752373805,5.8659507247626195,0.4667317522943073,0.7078301332603006,289.0,44.0,False,main,True
10626,1,1,5.863939466794779,2.136060533205221,0.7329924333493474,0.9378127485269139,26.0,10.0,False,main,True
10626,2,2,6.863939466794779,2.136060533205221,0.7626599407549755,0.9460035613520963,19.0,8.0,False,main,False
10626,3,3,7.863939466794779,2.136060533205221,0.7863939466794779,0.9522835648963452,15.0,7.0,False,main,False
10626,4,4,8.863939466794779,2.136060533205221,0.8058126787995253,0.9572526530720947,11.0,5.0,False,main,False
10626,5,5,9.863939466794779,2.136060533205221,0.8219949555662316,0.9612830526784768,8.0,4.0,False,main,False
10626,6,6,10.863939466794779,2.136060533205221,0.835687651291906,0.9646180923392944,5.0,3.0,False,main,False
10626,7,7,11.863939466794779,2.136060533205221,0.8474242476281985,0.9674236068669083,3.0,2.0,False,main,False
10626,8,8,12.863939466794779,2.136060533205221,0.8575959644529852,0.9698165378597519,1.0,1.0,False,main,False
10626,9,9,13.863939466794779,2.136060533205221,0.8664962166746737,0.9718817289249054,-1.0,-1.0,True,main,False
6001,0,1,5.115665499311823,2.884334500688177,0.6394581874139779,0.8811269838451142,54.0,16.0,False,main,True
7514,0,1,4.901285882610076,3.0987141173899238,0.6126607353262595,0.8625890809909028,65.0,17.0,False,main,True
9841,1,1,6.0512807862736775,1.9487192137263223,0.7564100982842097,0.9498117300724731,22.0,9.0,False,main,True
9841,2,2,7.0512807862736775,1.9487192137263223,0.7834756429192975,0.9563651950690572,17.0,8.0,False,main,False
9841,3,3,8.051280786273677,1.9487192137263223,0.8051280786273678,0.9614022856748916,13.0,7.0,False,main,False
9841,4,4,9.051280786273677,1.9487192137263223,0.8228437078430616,0.9653953773912235,10.0,5.0,False,main,False
9841,5,5,10.051280786273677,1.9487192137263223,0.8376067321894731,0.968638896280478,7.0,4.0,False,main,False
9841,6,6,11.051280786273677,1.9487192137263223,0.8500985220210521,0.9713259745498787,5.0,3.0,False,main,False
9841,7,7,12.051280786273677,1.9487192137263223,0.8608057704481198,0.9735885942419965,3.0,2.0,False,main,False
9841,8,8,13.051280786273677,1.9487192137263223,0.8700853857515785,0.9755200294898436,1.0,1.0,False,main,False
9841,9,9,14.051280786273677,1.9487192137263223,0.8782050491421048,0.977188075445249,-1.0,-1.0,True,main,False
2725,1,1,5.899348964351552,2.100651035648448,0.737418620543944,0.9401545966198404,25.0,10.0,False,main,True
1400,1,1,6.033796131210045,1.9662038687899548,0.7542245164012557,0.9487334545080055,23.0,9.0,False,main,True
5916,1,1,5.837008935836,2.162991064164,0.7296261169795,0.9360092776226844,26.0,10.0,False,main,True
1666,1,1,5.848652899303044,2.1513471006969556,0.7310816124128805,0.9367914026926073,26.0,10.0,False,main,True
3136,1,1,6.061037345485186,1.938962654514814,0.7576296681856483,0.95040958438637,22.0,9.0,False,main,True
6679,0,1,5.0940637816880985,2.9059362183119015,0.6367579727110123,0.8793025126804729,55.0,16.0,False,main,True
7476,0,1,5.072587379888259,2.927412620111741,0.6340734224860324,0.877478856486662,56.0,17.0,False,main,True
3762,1,1,5.998075650647403,2.001924349352597,0.7497594563309253,0.9465034417152046,23.0,9.0,False,main,True
2740,1,1,6.000393080993591,1.9996069190064087,0.7500491351241989,0.9466492147964949,23.0,9.0,False,main,True
2740,2,2,7.000393080993591,1.9996069190064087,0.7778214534437323,0.9536320892986734,18.0,8.0,False,main,True
2740,3,3,8.000393080993591,1.9996069190064087,0.8000393080993591,0.9589956312627784,14.0,7.0,False,main,True
2740,4,4,9.000393080993591,1.9996069190064087,0.8182175528175992,0.9632453535421023,10.0,5.0,False,main,False
2740,5,5,10.000393080993591,1.9996069190064087,0.8333660900827993,0.9666959544790795,8.0,4.0,False,main,False
2740,6,6,11.000393080993591,1.9996069190064087,0.8461840831533531,0.9695536725316956,5.0,3.0,False,main,False
2740,7,7,12.000393080993591,1.9996069190064087,0.8571709343566851,0.9719593428058847,3.0,2.0,False,main,False
2740,8,8,13.000393080993591,1.9996069190064087,0.8666928720662395,0.9740124368186983,1.0,1.0,False,main,False
2740,9,9,14.000393080993591,1.9996069190064087,0.8750245675620995,0.9757852186076619,-1.0,-1.0,True,main,False
11933,1,1,6.052190556712675,1.9478094432873252,0.7565238195890843,0.9498675945621351,22.0,9.0,False,main,True
11933,2,2,7.052190556712675,1.9478094432873252,0.7835767285236305,0.9564134882916204,17.0,8.0,False,main,True
11933,3,3,8.052190556712674,1.9478094432873252,0.8052190556712675,0.9614448197939284,13.0,7.0,False,main,False
11933,4,4,9.052190556712674,1.9478094432873252,0.8229264142466068,0.9654333822842329,10.0,5.0,False,main,False
11933,5,5,10.052190556712674,1.9478094432873252,0.8376825463927229,0.9686732452490868,7.0,4.0,False,main,False
11933,6,6,11.052190556712674,1.9478094432873252,0.8501685043625135,0.9713573101919527,5.0,3.0,False,main,False
11933,7,7,12.052190556712674,1.9478094432873252,0.8608707540509054,0.9736174032266225,3.0,2.0,False,main,False
11933,8,8,13.052190556712674,1.9478094432873252,0.8701460371141784,0.9755466892797855,1.0,1.0,False,main,False
11933,9,9,14.052190556712674,1.9478094432873252,0.8782619097945422,0.9772128847245918,-1.0,-1.0,True,main,False
324,1,1,6.081578780094993,1.9184212199050068,0.7601973475118742,0.951659269298552,22.0,9.0,False,main,True
8333,1,1,5.905311431493114,2.0946885685068857,0.7381639289366393,0.940545611144927,25.0,10.0,False,main,True
8333,2,2,6.905311431493114,2.0946885685068857,0.7672568257214571,0.9483615875018819,19.0,8.0,False,main,False
8333,3,3,7.905311431493114,2.0946885685068857,0.7905311431493114,0.9543574906342408,14.0,7.0,False,main,False
8333,4,4,8.905311431493114,2.0946885685068857,0.8095737664993741,0.9591037454427397,11.0,5.0,False,main,False
8333,5,5,9.905311431493114,2.0946885685068857,0.8254426192910929,0.9629546491564358,8.0,4.0,False,main,False
8333,6,6,10.905311431493114,2.0946885685068857,0.8388701101148549,0.9661419866584848,5.0,3.0,False,main,False
8333,7,7,11.905311431493114,2.0946885685068857,0.8503793879637939,0.9688238203808287,3.0,2.0,False,main,False
8333,8,8,12.905311431493114,2.0946885685068857,0.8603540954328743,0.9711116651994505,1.0,1.0,False,main,False
8333,9,9,13.905311431493114,2.0946885685068857,0.8690819644683196,0.9730864599155715,-1.0,-1.0,True,main,False
8840,1,1,5.94514146694338,2.0548585330566196,0.7431426833679226,0.9431328134201669,24.0,9.0,False,main,True
3018,1,1,6.0680908452609845,1.9319091547390157,0.7585113556576231,0.9508400849192309,22.0,9.0,False,main,True
3482,0,1,5.137782013491008,2.8622179865089925,0.642222751686376,0.8829846776548351,53.0,16.0,False,main,True
11145,0,1,4.912797547418586,3.0872024525814137,0.6140996934273233,0.8636086268884848,64.0,17.0,False,main,True
11145,0,2,4.912797547418586,4.087202452581414,0.5458663941576207,0.7992613880672333,117.0,25.0,False,main,False
11145,0,3,4.912797547418586,5.087202452581414,0.49127975474185864,0.7409103756412239,210.0,35.0,False,main,True
11145,0,4,4.912797547418586,6.087202452581414,0.4466179588562351,0.6889845715410208,384.0,48.0,False,main,True
11145,0,5,4.912797547418586,7.087202452581414,0.40939979561821555,0.6430044191478973,739.0,65.0,False,main,True
8268,1,1,5.940155241323162,2.059844758676838,0.7425194051653953,0.9428113059611546,24.0,9.0,False,main,True
8268,2,2,6.940155241323162,2.059844758676838,0.771128360147018,0.9503173696356276,18.0,8.0,False,main,False
8268,3,3,7.940155241323162,2.059844758676838,0.7940155241323162,0.9560781859880655,14.0,7.0,False,main,False
8268,4,4,8.940155241323161,2.059844758676838,0.8127413855748329,0.9606399378479602,11.0,5.0,False,main,False
8268,5,5,9.940155241323161,2.059844758676838,0.8283462701102634,0.9643421509145932,8.0,4.0,False,main,False
8268,6,6,10.940155241323161,2.059844758676838,0.8415504031787047,0.9674070888394144,5.0,3.0,False,main,False
8268,7,7,11.940155241323161,2.059844758676838,0.852868231523083,0.9699863977659172,3.0,2.0,False,main,False
8268,8,8,12.940155241323161,2.059844758676838,0.8626770160882108,0.972187109506508,1.0,1.0,False,main,False
8268,9,9,13.940155241323161,2.059844758676838,0.8712597025826976,0.9740869351945683,-1.0,-1.0,True,main,False
11630,0,1,5.032982003655178,2.967017996344822,0.6291227504568973,0.8740903883508901,58.0,17.0,False,main,True
11331,1,1,5.926154206290213,2.073845793709787,0.7407692757862766,0.9419048820803676,24.0,9.0,False,main,True
8036,1,1,5.9259774441401625,2.074022555859837,0.7407471805175203,0.9418934042274884,24.0,9.0,False,main,True
8036,2,2,6.9259774441401625,2.074022555859837,0.7695530493489069,0.9495249297560939,19.0,8.0,False,main,False
8036,3,3,7.9259774441401625,2.074022555859837,0.7925977444140162,0.9553809375347357,14.0,7.0,False,main,False
8036,4,4,8.925977444140162,2.074022555859837,0.8114524949218329,0.9600174108491054,11.0,5.0,False,main,False
8036,5,5,9.925977444140162,2.074022555859837,0.8271647870116802,0.9637798495812843,8.0,4.0,False,main,False
8036,6,6,10.925977444140162,2.074022555859837,0.8404598033953972,0.9668943693206484,5.0,3.0,False,main,False
8036,7,7,11.925977444140162,2.074022555859837,0.8518555317242973,0.9695152126250787,3.0,2.0,False,main,False
8036,8,8,12.925977444140162,2.074022555859837,0.8617318296093441,0.9717512257715372,1.0,1.0,False,main,False
8036,9,9,13.925977444140162,2.074022555859837,0.8703735902587602,0.9736814264580307,-1.0,-1.0,True,main,False
9794,1,1,5.9114176246492605,2.08858237535074,0.7389272030811576,0.9409450528071,25.0,10.0,False,main,True
9794,2,2,6.9114176246492605,2.08858237535074,0.7679352916276956,0.948706335542631,19.0,8.0,False,main,False
9794,3,3,7.9114176246492605,2.08858237535074,0.7911417624649261,0.9546607632230214,14.0,7.0,False,main,False
9794,4,4,8.91141762464926,2.08858237535074,0.8101288749681146,0.9593744743848561,11.0,5.0,False,main,False
9794,5,5,9.91141762464926,2.08858237535074,0.8259514687207717,0.9631991558915818,8.0,4.0,False,main,False
9794,6,6,10.91141762464926,2.08858237535074,0.8393398172807124,0.9663649107839785,5.0,3.0,False,main,False
9794,7,7,11.91141762464926,2.08858237535074,0.8508155446178043,0.9690286684872178,3.0,2.0,False,main,False
9794,8,8,12.91141762464926,2.08858237535074,0.8607611749766174,0.9713011524549586,1.0,1.0,False,main,False
9794,9,9,13.91141762464926,2.08858237535074,0.8694636015405788,0.9732627318127188,-1.0,-1.0,True,main,False
969,1,1,5.958049444262601,2.041950555737399,0.7447561805328251,0.9439619233792532,24.0,9.0,False,main,True
5244,1,1,5.885496505028097,2.114503494971903,0.7356870631285122,0.9392424565673574,25.0,10.0,False,main,True
8622,0,1,5.101482224460036,2.898517775539964,0.6376852780575045,0.8799301842317279,55.0,16.0,False,main,True
1726,1,1,6.002520923413889,1.9974790765861115,0.7503151154267361,0.9467829288199235,23.0,9.0,False,main,True
8477,1,1,5.974600873004007,2.0253991269959926,0.7468251091255009,0.9450183040603741,24.0,9.0,False,main,True
8477,2,2,6.974600873004007,2.0253991269959926,0.7749556525560009,0.9522232312293989,18.0,8.0,False,main,False
8477,3,3,7.974600873004007,2.0253991269959926,0.7974600873004007,0.9577554475812025,14.0,7.0,False,main,False
8477,4,4,8.974600873004007,2.0253991269959926,0.8158728066367279,0.9621376877975769,10.0,5.0,False,main,False
8477,5,5,9.974600873004007,2.0253991269959926,0.8312167394170006,0.9656951705088449,8.0,4.0,False,main,False
8477,6,6,10.974600873004007,2.0253991269959926,0.8442000671541544,0.968640928102699,5.0,3.0,False,main,False
8477,7,7,11.974600873004007,2.0253991269959926,0.8553286337860005,0.971120380880086,3.0,2.0,False,main,False
8477,8,8,12.974600873004007,2.0253991269959926,0.8649733915336005,0.9732362078679506,1.0,1.0,False,main,False
8477,9,9,13.974600873004007,2.0253991269959926,0.8734125545627505,0.9750629846803369,-1.0,-1.0,True,main,False
6367,1,1,5.874680680187012,2.1253193198129874,0.7343350850233765,0.9385266825786869,25.0,10.0,False,main,True
2,1,1,6.049718523090768,1.9502814769092316,0.756214815386346,0.9497157435147333,22.0,9.0,False,main,True
2,2,2,7.049718523090768,1.9502814769092316,0.7833020581211965,0.9562822186361606,17.0,8.0,False,main,False
2,3,3,8.049718523090768,1.9502814769092316,0.8049718523090768,0.9613292051677856,13.0,7.0,False,main,False
2,4,4,9.049718523090768,1.9502814769092316,0.8227016839173426,0.9653300793465965,10.0,5.0,False,main,False
2,5,5,10.049718523090768,1.9502814769092316,0.8374765435908973,0.9685798800291366,7.0,4.0,False,main,False
2,6,6,11.049718523090768,1.9502814769092316,0.849978347930059,0.9712721358848742,5.0,3.0,False,main,False
2,7,7,12.049718523090768,1.9502814769092316,0.8606941802207692,0.9735390969110201,3.0,2.0,False,main,False
2,8,8,13.049718523090768,1.9502814769092316,0.8699812348727178,0.9754742249011382,1.0,1.0,False,main,False
2,9,9,14.049718523090768,1.9502814769092316,0.878107407693173,0.9771454503781161,-1.0,-1.0,True,main,False
2509,1,1,6.01730677972763,1.9826932202723704,0.7521633474659537,0.9477085371454389,23.0,9.0,False,main,True
8061,0,1,4.954971315125871,3.0450286848741297,0.6193714143907338,0.8673206599429755,62.0,17.0,False,main,True
8061,0,2,4.954971315125871,4.045028684874129,0.550552368347319,0.8030645371742575,112.0,25.0,False,main,False
8061,0,3,4.954971315125871,5.045028684874129,0.49549713151258706,0.7446552659876605,200.0,35.0,False,main,True
8061,0,4,4.954971315125871,6.045028684874129,0.4504519377387155,0.6926095099426379,362.0,47.0,False,main,True
3085,1,1,6.133833329697268,1.8661666703027326,0.7667291662121585,0.9547823571741229,21.0,9.0,False,main,True
3554,1,1,5.86653470213554,2.1334652978644604,0.7333168377669425,0.9379855276138214,26.0,10.0,False,main,True
7540,2,2,7.298882089999206,1.7011179100007936,0.8109868988888007,0.9687325589769332,15.0,7.0,False,main,True
7540,3,3,8.298882089999207,1.7011179100007936,0.8298882089999207,0.9723057102330778,12.0,6.0,False,main,False
7540,4,4,9.298882089999207,1.7011179100007936,0.8453529172726552,0.9751453105858185,9.0,5.0,False,main,False
7540,5,5,10.298882089999207,1.7011179100007936,0.8582401741666006,0.9774563727250667,7.0,4.0,False,main,False
7540,6,6,11.298882089999207,1.7011179100007936,0.8691447761537852,0.9793739810556455,5.0,3.0,False,main,False
7540,7,7,12.298882089999207,1.7011179100007936,0.8784915778570862,0.9809907784263113,3.0,2.0,False,main,False
7540,8,8,13.298882089999207,1.7011179100007936,0.8865921393332805,0.9823724273357041,1.0,1.0,False,main,False
7540,9,9,14.298882089999207,1.7011179100007936,0.8936801306249504,0.9835667687705172,-1.0,-1.0,True,main,False
7747,0,5,5.611015812525449,6.38898418747455,0.4675846510437874,0.6990146007571628,291.0,48.0,False,main,True
2497,2,2,6.844932072286564,2.1550679277134352,0.7605480080318405,0.9449073673929075,20.0,8.0,False,main,True
2497,3,3,7.844932072286564,2.1550679277134352,0.7844932072286565,0.9513196873179646,15.0,7.0,False,main,True
2497,4,4,8.844932072286564,2.1550679277134352,0.8040847338442331,0.9563925068949906,11.0,5.0,False,main,False
2497,5,5,9.844932072286564,2.1550679277134352,0.8204110060238804,0.960506432405321,8.0,4.0,False,main,False
2497,6,6,10.844932072286564,2.1550679277134352,0.8342255440220434,0.9639101826545549,5.0,3.0,False,main,False
