arm,s,n,post_a,post_b,q_mean,q_opt,m_mean,m_opt,confirmed,sel_kind,would_differ
4002,0,1,5.756560212333742,2.243439787666258,0.7195700265417178,0.93050876337119,33.0,14.0,False,main,True
9468,0,1,5.643760690422264,2.3562393095777363,0.705470086302783,0.9225188007885907,36.0,14.0,False,main,True
9468,0,2,5.643760690422264,3.3562393095777363,0.6270845211580293,0.8615073246832147,62.0,20.0,False,main,False
9468,0,3,5.643760690422264,4.356239309577736,0.5643760690422264,0.8030827810270968,103.0,27.0,False,main,True
9468,0,4,5.643760690422264,5.356239309577736,0.5130691536747513,0.7496480886706511,169.0,36.0,False,main,True
5691,1,1,6.59381296869447,1.4061870313055298,0.8242266210868088,0.9784816800197744,16.0,8.0,False,main,True
10062,0,1,5.800078819440639,2.199921180559361,0.7250098524300799,0.9335051190125097,32.0,14.0,False,main,True
10062,0,2,5.800078819440639,3.199921180559361,0.644453202160071,0.8737721060261139,55.0,19.0,False,main,False
10062,0,3,5.800078819440639,4.199921180559361,0.5800078819440639,0.8156179573475111,91.0,26.0,False,main,False
10062,0,4,5.800078819440639,5.199921180559361,0.5272798926764217,0.7620289503675798,147.0,34.0,False,main,True
10062,0,5,5.800078819440639,6.199921180559361,0.48333990162005325,0.7135969135070785,240.0,45.0,False,main,True
8571,1,1,6.759987150258068,1.2400128497419318,0.8449983937822585,0.9851501640916681,14.0,8.0,False,main,True
10531,1,1,6.836427188888991,1.163572811111009,0.8545533986111239,0.9878333248515202,14.0,8.0,False,main,True
10531,2,2,7.836427188888991,1.163572811111009,0.8707141320987768,0.9893624628830024,11.0,7.0,False,main,False
10531,3,3,8.83642718888899,1.163572811111009,0.883642718888899,0.9905500812137169,9.0,6.0,False,main,False
10531,4,4,9.83642718888899,1.163572811111009,0.8942206535353627,0.9914991152549554,7.0,5.0,False,main,False
10531,5,5,10.83642718888899,1.163572811111009,0.9030355990740825,0.9922749055444852,5.0,4.0,False,main,False
10531,6,6,11.83642718888899,1.163572811111009,0.9104943991453069,0.9929209267183694,4.0,3.0,False,main,False
10531,7,7,12.83642718888899,1.163572811111009,0.9168876563492135,0.9934672287606805,2.0,2.0,False,main,False
10531,8,8,13.83642718888899,1.163572811111009,0.922428479259266,0.9939352478057938,1.0,1.0,False,main,False
10531,9,9,14.83642718888899,1.163572811111009,0.9272766993055619,0.9943406863937406,-1.0,-1.0,True,main,False
2608,1,1,6.813215309325877,1.1867846906741226,0.8516519136657347,0.9870452240442324,14.0,8.0,False,main,True
8019,1,1,6.748144326047465,1.2518556739525346,0.8435180407559332,0.9847121627390633,14.0,8.0,False,main,True
8019,2,2,7.748144326047465,1.2518556739525346,0.8609049251163851,0.9866423221076109,12.0,7.0,False,main,False
8019,3,3,8.748144326047466,1.2518556739525346,0.8748144326047467,0.9881396040167448,9.0,6.0,False,main,False
8019,4,4,9.748144326047466,1.2518556739525346,0.8861949387315878,0.9893349799091868,7.0,5.0,False,main,False
8019,5,5,10.748144326047466,1.2518556739525346,0.8956786938372888,0.9903114163870503,5.0,4.0,False,main,False
8019,6,6,11.748144326047466,1.2518556739525346,0.903703409695959,0.9911240263891259,4.0,3.0,False,main,False
8019,7,7,12.748144326047466,1.2518556739525346,0.910581737574819,0.991810854497313,2.0,2.0,False,main,False
8019,8,8,13.748144326047466,1.2518556739525346,0.9165429550698311,0.9923990104165371,1.0,1.0,False,main,False
8019,9,9,14.748144326047466,1.2518556739525346,0.9217590203779666,0.9929083346638531,-1.0,-1.0,True,main,False
3780,1,1,6.590699244350338,1.409300755649662,0.8238374055437923,0.9783463048644858,16.0,8.0,False,main,True
1744,1,1,6.660481361925308,1.3395186380746917,0.8325601702406635,0.9812899821891131,15.0,8.0,False,main,True
3375,0,1,5.653074400426382,2.3469255995736176,0.7066343000532977,0.9231905220360579,36.0,14.0,False,main,True
8233,0,1,5.732631212099457,2.2673687879005433,0.7165789015124321,0.9288405217290446,34.0,14.0,False,main,True
8233,0,2,5.732631212099457,3.2673687879005433,0.6369590235666063,0.8685273084002343,58.0,19.0,False,main,False
8233,0,3,5.732631212099457,4.267368787900543,0.5732631212099457,0.8102427198591203,96.0,26.0,False,main,False
8233,0,4,5.732631212099457,5.267368787900543,0.5211482920090416,0.7567124624376423,156.0,35.0,False,main,False
8233,0,5,5.732631212099457,6.267368787900543,0.4777192676749547,0.7084229043659881,256.0,46.0,False,main,False
8233,0,6,5.732631212099457,7.267368787900543,0.44097163169995823,0.6651107486930383,430.0,60.0,False,main,True
8233,0,7,5.732631212099457,8.267368787900544,0.40947365800710406,0.6262829596037431,752.0,77.0,False,main,True
8233,0,8,5.732631212099457,9.267368787900544,0.38217541413996375,0.5914092213775648,1414.0,99.0,False,main,True
8233,0,9,5.732631212099457,10.267368787900544,0.35828945075621604,0.5599923101999537,-1.0,128.0,False,main,True
8233,0,10,5.732631212099457,11.267368787900544,0.33721360071173273,0.5315903790681478,-1.0,164.0,False,main,True
8603,0,1,5.7670686611297866,2.2329313388702134,0.7208835826412233,0.9312367569075946,33.0,14.0,False,main,True
11448,0,1,5.63478536134362,2.36521463865638,0.7043481701679525,0.921869469267877,36.0,14.0,False,main,True
8388,0,1,5.771041427914354,2.228958572085646,0.7213801784892943,0.9315112407181896,33.0,14.0,False,main,True
8388,0,2,5.771041427914354,3.228958572085646,0.6412268253238171,0.8715229759251495,57.0,19.0,False,main,False
8388,0,3,5.771041427914354,4.228958572085646,0.5771041427914354,0.813310059346398,93.0,26.0,False,main,True
8388,0,4,5.771041427914354,5.228958572085646,0.5246401298103959,0.7597448684035473,151.0,35.0,False,main,True
11570,1,1,6.645391649670407,1.3546083503295927,0.8306739562088009,0.9806696065808541,15.0,8.0,False,main,True
5368,0,1,5.623640262865084,2.376359737134915,0.7029550328581355,0.9210604196827795,37.0,14.0,False,main,True
4301,1,1,6.6891294787452695,1.310870521254731,0.8361411848431587,0.9824427654277496,15.0,8.0,False,main,True
9755,1,1,6.651194755914833,1.3488052440851668,0.8313993444893542,0.9809092546578821,15.0,8.0,False,main,True
9755,2,2,7.651194755914833,1.3488052440851668,0.8501327506572037,0.9833313781235024,12.0,7.0,False,main,False
9755,3,3,8.651194755914833,1.3488052440851668,0.8651194755914833,0.9852078472466873,10.0,6.0,False,main,False
9755,4,4,9.651194755914833,1.3488052440851668,0.877381341446803,0.9867044420224084,8.0,5.0,False,main,False
9755,5,5,10.651194755914833,1.3488052440851668,0.8875995629929028,0.9879259439074907,6.0,4.0,False,main,False
9755,6,6,11.651194755914833,1.3488052440851668,0.8962457504549872,0.9889418342930613,4.0,3.0,False,main,False
9755,7,7,12.651194755914833,1.3488052440851668,0.9036567682796309,0.989800008058383,2.0,2.0,False,main,False
9755,8,8,13.651194755914833,1.3488052440851668,0.9100796503943223,0.9905345539345924,1.0,1.0,False,main,False
9755,9,9,14.651194755914833,1.3488052440851668,0.9156996722446771,0.9911703955298844,-1.0,-1.0,True,main,False
4534,1,1,6.861642431826591,1.1383575681734088,0.8577053039783239,0.9886625958056852,14.0,8.0,False,main,True
10732,1,1,6.620073014469862,1.3799269855301373,0.8275091268087328,0.979608540950581,16.0,8.0,False,main,True
10732,2,2,7.620073014469862,1.3799269855301373,0.8466747793855403,0.9821997126108996,12.0,7.0,False,main,False
10732,3,3,8.620073014469863,1.3799269855301373,0.8620073014469863,0.9842063131414834,10.0,6.0,False,main,False
10732,4,4,9.620073014469863,1.3799269855301373,0.874552092224533,0.985806181212733,8.0,5.0,False,main,False
10732,5,5,10.620073014469863,1.3799269855301373,0.8850060845391553,0.9871116392105511,6.0,4.0,False,main,False
10732,6,6,11.620073014469863,1.3799269855301373,0.8938517703438357,0.9881971269784143,4.0,3.0,False,main,False
10732,7,7,12.620073014469863,1.3799269855301373,0.9014337867478474,0.9891139340321662,2.0,2.0,False,main,False
10732,8,8,13.620073014469863,1.3799269855301373,0.9080048676313243,0.9898985515399386,1.0,1.0,False,main,False
10732,9,9,14.620073014469863,1.3799269855301373,0.9137545634043664,0.9905776512562864,-1.0,-1.0,True,main,False
4878,0,1,5.729595697960936,2.270404302039064,0.716199462245117,0.928627857465782,34.0,14.0,False,main,True
1875,1,1,6.697355022423914,1.3026449775760858,0.8371693778029893,0.9827676413405158,15.0,8.0,False,main,True
3036,0,1,5.589939922364515,2.4100600776354852,0.6987424902955643,0.9185956529253854,37.0,14.0,False,main,True
2317,0,1,5.618082714564195,2.381917285435805,0.7022603393205243,0.9206558515195027,37.0,14.0,False,main,True
5095,1,1,6.614206580264078,1.3857934197359225,0.8267758225330097,0.9793591156635294,16.0,8.0,False,main,True
10307,1,1,6.6239808690391895,1.3760191309608107,0.8279976086298987,0.9797739498989371,16.0,8.0,False,main,True
10307,2,2,7.6239808690391895,1.3760191309608107,0.8471089854487989,0.9823436028486264,12.0,7.0,False,main,False
10307,3,3,8.62398086903919,1.3760191309608107,0.8623980869039188,0.9843336429977085,10.0,6.0,False,main,False
10307,4,4,9.62398086903919,1.3760191309608107,0.8749073517308353,0.9859203713552189,8.0,5.0,False,main,False
10307,5,5,10.62398086903919,1.3760191309608107,0.885331739086599,0.98721514917342,6.0,4.0,False,main,False
10307,6,6,11.62398086903919,1.3760191309608107,0.8941523745414761,0.988291784542995,4.0,3.0,False,main,False
10307,7,7,12.62398086903919,1.3760191309608107,0.901712919217085,0.9892011345978706,2.0,2.0,False,main,False
10307,8,8,13.62398086903919,1.3760191309608107,0.9082653912692793,0.9899793845761168,1.0,1.0,False,main,False
10307,9,9,14.62398086903919,1.3760191309608107,0.9139988043149494,0.9906529836652048,-1.0,-1.0,True,main,False
5246,0,1,5.7077938100818555,2.2922061899181445,0.7134742262602319,0.9270936091901186,35.0,14.0,False,main,True
230,1,1,6.851435824313139,1.1485641756868605,0.8564294780391424,0.9883303152421815,14.0,8.0,False,main,True
3956,1,1,6.619540156337585,1.3804598436624147,0.8274425195421982,0.9795859404447771,16.0,8.0,False,main,True
9396,1,1,6.613125702193656,1.3868742978063433,0.826640712774207,0.9793130138753303,16.0,8.0,False,main,True
508,0,1,5.603959260179788,2.3960407398202124,0.7004949075224735,0.9196243392774256,37.0,14.0,False,main,True
4605,1,1,6.669253251656513,1.3307467483434872,0.8336566564570641,0.981646454131777,15.0,8.0,False,main,True
3748,1,1,6.680232789948303,1.3197672100516962,0.8350290987435379,0.9820882991459976,15.0,8.0,False,main,True
2718,1,1,6.702575880684107,1.2974241193158926,0.8378219850855134,0.9829724174495241,15.0,8.0,False,main,True
9270,1,1,6.590324208797788,1.409675791202212,0.8237905260997235,0.9783299744348115,16.0,8.0,False,main,True
11523,1,1,6.913454840135204,1.086545159864796,0.8641818550169005,0.9902772820102504,13.0,8.0,False,main,True
11523,2,2,7.913454840135204,1.086545159864796,0.8792727600150226,0.9914943378609848,11.0,7.0,False,main,False
11523,3,3,8.913454840135204,1.086545159864796,0.8913454840135204,0.9924405726262435,9.0,6.0,False,main,False
11523,4,4,9.913454840135204,1.086545159864796,0.9012231672850185,0.9931973371210557,7.0,5.0,False,main,False
11523,5,5,10.913454840135204,1.086545159864796,0.909454570011267,0.9938163636543698,5.0,4.0,False,main,False
11523,6,6,11.913454840135204,1.086545159864796,0.9164196030873234,0.9943321216206842,4.0,3.0,False,main,False
11523,7,7,12.913454840135204,1.086545159864796,0.9223896314382288,0.994768464058415,2.0,2.0,False,main,False
11523,8,8,13.913454840135204,1.086545159864796,0.9275636560090136,0.9951424227972407,1.0,1.0,False,main,False
11523,9,9,14.913454840135204,1.086545159864796,0.9320909275084502,0.9954664841545903,-1.0,-1.0,True,main,False
10518,1,1,6.757693759256324,1.2423062407436753,0.8447117199070405,0.9850658043950986,14.0,8.0,False,main,True
10518,2,2,7.757693759256324,1.2423062407436753,0.8619659732507027,0.9869503963804399,12.0,7.0,False,main,False
10518,3,3,8.757693759256323,1.2423062407436753,0.8757693759256325,0.9884125187554671,9.0,6.0,False,main,False
10518,4,4,9.757693759256323,1.2423062407436753,0.8870630690233022,0.9895799413446672,7.0,5.0,False,main,False
10518,5,5,10.757693759256323,1.2423062407436753,0.8964744799380271,0.9905336205460318,5.0,4.0,False,main,False
10518,6,6,11.757693759256323,1.2423062407436753,0.9044379814812558,0.9913273433462731,4.0,3.0,False,main,False
10518,7,7,12.757693759256323,1.2423062407436753,0.9112638399468803,0.9919982442583409,2.0,2.0,False,main,False
10518,8,8,13.757693759256323,1.2423062407436753,0.9171795839504217,0.9925727875753212,1.0,1.0,False,main,False
10518,9,9,14.757693759256323,1.2423062407436753,0.9223558599535203,0.9930703433580189,-1.0,-1.0,True,main,False
3452,1,1,6.873114288980448,1.1268857110195527,0.859139286122556,0.9890305263457353,13.0,8.0,False,main,True
3452,2,2,7.873114288980448,1.1268857110195527,0.874790476553383,0.9904065627033001,11.0,7.0,False,main,False
3452,3,3,8.873114288980448,1.1268857110195527,0.8873114288980448,0.9914758090094454,9.0,6.0,False,main,False
3452,4,4,9.873114288980448,1.1268857110195527,0.8975558444527679,0.992330584609967,7.0,5.0,False,main,False
3452,5,5,10.873114288980448,1.1268857110195527,0.9060928574150373,0.9930295414612692,5.0,4.0,False,main,False
3452,6,6,11.873114288980448,1.1268857110195527,0.9133164837677268,0.9936117303417557,4.0,3.0,False,main,False
3452,7,7,12.873114288980448,1.1268857110195527,0.9195081634986034,0.9941041582492678,2.0,2.0,False,main,False
3452,8,8,13.873114288980448,1.1268857110195527,0.9248742859320298,0.9945260993563573,1.0,1.0,False,main,False
3452,9,9,14.873114288980448,1.1268857110195527,0.929569643061278,0.9948916779039517,-1.0,-1.0,True,main,False
7634,0,1,5.795555416182382,2.204444583817618,0.7244444270227978,0.933195949851317,33.0,14.0,False,main,True
7634,0,2,5.795555416182382,3.204444583817618,0.6439506017980424,0.8734226231421103,56.0,19.0,False,main,False
7634,0,3,5.795555416182382,4.204444583817618,0.5795555416182382,0.8152590575881841,91.0,26.0,False,main,False
7634,0,4,5.795555416182382,5.204444583817618,0.5268686741983983,0.7616736128561017,148.0,34.0,False,main,True
7634,0,5,5.795555416182382,6.204444583817618,0.48296295134853184,0.7132508925634871,241.0,45.0,False,main,True
9922,0,1,5.60465791806512,2.3953420819348796,0.70058223975814,0.9196754798184842,37.0,14.0,False,main,True
9922,0,2,5.60465791806512,3.3953420819348796,0.6227397686739022,0.8583796454777345,64.0,20.0,False,main,False
9922,0,3,5.60465791806512,4.39534208193488,0.560465791806512,0.7999046942190746,106.0,27.0,False,main,False
9922,0,4,5.60465791806512,5.39534208193488,0.5095143561877382,0.7465184629289573,176.0,37.0,False,main,True
9922,0,5,5.60465791806512,6.39534208193488,0.4670548265054267,0.6985199454153022,293.0,48.0,False,main,True
10211,1,1,6.874626871266511,1.1253731287334898,0.8593283589083138,0.9890785992296792,13.0,8.0,False,main,True
10211,2,2,7.874626871266511,1.1253731287334898,0.8749585412518345,0.9904484967229358,11.0,7.0,False,main,False
10211,3,3,8.87462687126651,1.1253731287334898,0.8874626871266511,0.9915129948858492,9.0,6.0,False,main,False
10211,4,4,9.87462687126651,1.1253731287334898,0.8976933519333191,0.9923639884629869,7.0,5.0,False,main,False
10211,5,5,10.87462687126651,1.1253731287334898,0.9062189059388759,0.9930598617189957,5.0,4.0,False,main,False
10211,6,6,11.87462687126651,1.1253731287334898,0.91343283625127,0.9936394882887107,4.0,3.0,False,main,False
10211,7,7,12.87462687126651,1.1253731287334898,0.919616205090465,0.9941297532696668,2.0,2.0,False,main,False
10211,8,8,13.87462687126651,1.1253731287334898,0.9249751247511007,0.9945498441977081,1.0,1.0,False,main,False
10211,9,9,14.87462687126651,1.1253731287334898,0.9296641794541569,0.99491382204804,-1.0,-1.0,True,main,False
11618,1,1,6.774338509499571,1.2256614905004295,0.8467923136874463,0.9856730166077593,14.0,8.0,False,main,True
10031,0,1,5.662959712448712,2.3370402875512872,0.707869964056089,0.9239011311006814,36.0,14.0,False,main,True
10031,0,2,5.662959712448712,3.3370402875512872,0.6292177458276347,0.8630343133219179,61.0,20.0,False,main,False
10031,0,3,5.662959712448712,4.337040287551288,0.5662959712448712,0.8046369932386197,101.0,27.0,False,main,True
10031,0,4,5.662959712448712,5.337040287551288,0.5148145193135193,0.7511799316123762,166.0,36.0,False,main,True
7575,1,1,6.745155922383118,1.254844077616882,0.8431444902978897,0.984600708663652,14.0,8.0,False,main,True
5396,1,1,6.625114376557961,1.3748856234420395,0.8281392970697451,0.97982181687035,16.0,8.0,False,main,True
5396,2,2,7.625114376557961,1.3748856234420395,0.8472349307286623,0.9823852437586276,12.0,7.0,False,main,True
5396,3,3,8.62511437655796,1.3748856234420395,0.862511437655796,0.9843704922100922,10.0,6.0,False,main,False
5396,4,4,9.62511437655796,1.3748856234420395,0.8750103978689054,0.9859534184827033,8.0,5.0,False,main,False
5396,5,5,10.62511437655796,1.3748856234420395,0.8854261980464967,0.9872451058075725,6.0,4.0,False,main,False
5396,6,6,11.62511437655796,1.3748856234420395,0.8942395674275354,0.9883191795197817,4.0,3.0,False,main,False
5396,7,7,12.62511437655796,1.3748856234420395,0.9017938840398543,0.9892263716655308,2.0,2.0,False,main,False
5396,8,8,13.62511437655796,1.3748856234420395,0.9083409584371973,0.9900027789736232,1.0,1.0,False,main,False
5396,9,9,14.62511437655796,1.3748856234420395,0.9140696485348725,0.9906747862377765,-1.0,-1.0,True,main,False
3157,1,1,6.813868776391424,1.1861312236085761,0.851733597048928,0.9870677322254874,14.0,8.0,False,main,True
871,1,1,6.850921662007506,1.1490783379924943,0.8563652077509383,0.9883134541278977,14.0,8.0,False,main,True
871,2,2,7.850921662007506,1.1490783379924943,0.8723246291119451,0.9897811415377376,11.0,7.0,False,main,False
871,3,3,8.850921662007506,1.1490783379924943,0.8850921662007506,0.9909212591060965,9.0,6.0,False,main,False
871,4,4,9.850921662007506,1.1490783379924943,0.8955383329097732,0.9918324751771579,7.0,5.0,False,main,False
871,5,5,10.850921662007506,1.1490783379924943,0.9042434718339588,0.992577442848096,5.0,4.0,False,main,False
871,6,6,11.850921662007506,1.1490783379924943,0.911609358615962,0.993197859789054,4.0,3.0,False,main,False
871,7,7,12.850921662007506,1.1490783379924943,0.917922975857679,0.9937225539726017,2.0,2.0,False,main,False
871,8,8,13.850921662007506,1.1490783379924943,0.923394777467167,0.9941720934954767,1.0,1.0,False,main,False
871,9,9,14.850921662007506,1.1490783379924943,0.9281826038754691,0.9945615473072399,-1.0,-1.0,True,main,False
8841,1,1,6.611116100920181,1.3888838990798194,0.8263895126150226,0.9792271797297026,16.0,8.0,False,main,True
11056,0,1,5.8505980470539205,2.1494019529460795,0.7313247558817401,0.9369217087699178,31.0,13.0,False,main,True
11056,0,2,5.8505980470539205,3.1494019529460795,0.6500664496726578,0.8776530014182771,54.0,19.0,False,main,False
11056,0,3,5.8505980470539205,4.1494019529460795,0.5850598047053921,0.8196106779202316,88.0,25.0,False,main,True
11056,0,4,5.8505980470539205,5.1494019529460795,0.5318725497321746,0.7659856236070733,141.0,34.0,False,main,True
1726,1,1,6.612736579870175,1.3872634201298246,0.8265920724837719,0.9792964058827553,16.0,8.0,False,main,True
1233,1,1,6.60094692663045,1.3990530733695503,0.8251183658288063,0.9787904407533762,16.0,8.0,False,main,True
7708,1,1,6.644340171977435,1.3556598280225653,0.8305425214971793,0.9806260418287349,15.0,8.0,False,main,True
7708,2,2,7.644340171977435,1.3556598280225653,0.849371130219715,0.9830849404835673,12.0,7.0,False,main,False
7708,3,3,8.644340171977435,1.3556598280225653,0.8644340171977435,0.9849897256481175,10.0,6.0,False,main,False
7708,4,4,9.644340171977435,1.3556598280225653,0.8767581974524941,0.9865087964732975,8.0,5.0,False,main,False
7708,5,5,10.644340171977435,1.3556598280225653,0.8870283476647862,0.9877485730019524,6.0,4.0,False,main,False
7708,6,6,11.644340171977435,1.3556598280225653,0.895718474767495,0.9887796144127511,4.0,3.0,False,main,False
7708,7,7,12.644340171977435,1.3556598280225653,0.9031671551412453,0.9896505536503187,2.0,2.0,False,main,False
7708,8,8,13.644340171977435,1.3556598280225653,0.909622678131829,0.9903960018991873,1.0,1.0,False,main,False
7708,9,9,14.644340171977435,1.3556598280225653,0.9152712607485897,0.991041263002399,-1.0,-1.0,True,main,False
1645,0,1,5.664885746746503,2.3351142532534968,0.7081107183433129,0.9240393039172926,36.0,14.0,False,main,True
3814,0,1,5.64945017722357,2.3505498227764297,0.7061812721529462,0.9229293901743122,36.0,14.0,False,main,True
3440,1,1,6.803019592808242,1.196980407191758,0.8503774491010303,0.9866916434460732,14.0,8.0,False,main,True
4875,1,1,6.758606547120177,1.2413934528798234,0.8448258183900221,0.985099406764288,14.0,8.0,False,main,True
11957,1,1,6.646554001148958,1.3534459988510412,0.8308192501436198,0.9807177142580151,15.0,8.0,False,main,True
11957,2,2,7.646554001148958,1.3534459988510412,0.8496171112387731,0.9831647072329185,12.0,7.0,False,main,False
11957,3,3,8.646554001148958,1.3534459988510412,0.8646554001148958,0.98506032572502,10.0,6.0,False,main,False
11957,4,4,9.646554001148958,1.3534459988510412,0.8769594546499053,0.9865721207011264,8.0,5.0,False,main,False
11957,5,5,10.646554001148958,1.3534459988510412,0.8872128334290799,0.9878059816087471,6.0,4.0,False,main,False
11957,6,6,11.646554001148958,1.3534459988510412,0.8958887693191506,0.9888321186467315,4.0,3.0,False,main,False
11957,7,7,12.646554001148958,1.3534459988510412,0.9033252857963542,0.9896989257914215,2.0,2.0,False,main,False
11957,8,8,13.646554001148958,1.3534459988510412,0.9097702667432639,0.9904408450761172,1.0,1.0,False,main,False
11957,9,9,14.646554001148958,1.3534459988510412,0.9154096250718099,0.9910830572420006,-1.0,-1.0,True,main,False
997,1,1,6.642385137334657,1.3576148626653426,0.8302981421668322,0.9805449250442803,15.0,8.0,False,main,True
2893,1,1,6.694148046268944,1.3058519537310556,0.836768505783618,0.9826413052551205,15.0,8.0,False,main,True
8776,0,1,5.6633759161937824,2.3366240838062176,0.7079219895242228,0.9239309971327605,36.0,14.0,False,main,True
8689,1,1,6.788354566153711,1.2116454338462892,0.8485443207692138,0.9861752071453229,14.0,8.0,False,main,True
10994,0,1,5.6377963860009155,2.362203613999084,0.7047245482501144,0.9220875257055181,36.0,14.0,False,main,True
10994,0,2,5.6377963860009155,3.362203613999084,0.6264218206667684,0.8610317911866028,62.0,20.0,False,main,False
10994,0,3,5.6377963860009155,4.362203613999084,0.5637796386000915,0.802599123625206,104.0,27.0,False,main,True
10994,0,4,5.6377963860009155,5.362203613999084,0.5125269441819014,0.7491715720552847,170.0,36.0,False,main,True
4377,1,1,6.694445210947943,1.3055547890520571,0.8368056513684928,0.9826530293676173,15.0,8.0,False,main,True
8262,1,1,6.71094213078909,1.2890578692109096,0.8388677663486362,0.9832982443063352,15.0,8.0,False,main,True
8262,2,2,7.71094213078909,1.2890578692109096,0.8567713478654544,0.9854109053482332,12.0,7.0,False,main,False
8262,3,3,8.710942130789089,1.2890578692109096,0.8710942130789091,0.9870489385404574,10.0,6.0,False,main,False
8262,4,4,9.710942130789089,1.2890578692109096,0.8828129209808264,0.9883561771291497,7.0,5.0,False,main,False
8262,5,5,10.710942130789089,1.2890578692109096,0.8925785108990909,0.9894236567987005,6.0,4.0,False,main,False
8262,6,6,11.710942130789089,1.2890578692109096,0.9008417023683916,0.990311809593809,4.0,3.0,False,main,False
8262,7,7,12.710942130789089,1.2890578692109096,0.9079244379135065,0.9910623290220445,2.0,2.0,False,main,False
8262,8,8,13.710942130789089,1.2890578692109096,0.9140628087192727,0.9917049114907827,1.0,1.0,False,main,False
8262,9,9,14.710942130789089,1.2890578692109096,0.9194338831743182,0.992261282368024,-1.0,-1.0,True,main,False
3747,1,1,6.606975663016309,1.3930243369836912,0.8258719578770386,0.9790498406642657,16.0,8.0,False,main,True
6458,1,1,6.80400779429839,1.19599220570161,0.8505009742872988,0.9867261104101873,14.0,8.0,False,main,True
9542,0,1,5.797454358961244,2.202545641038756,0.7246817948701555,0.9333258049835997,33.0,14.0,False,main,True
9542,0,2,5.797454358961244,3.202545641038756,0.6441615954401382,0.8735693772279995,56.0,19.0,False,main,False
9542,0,3,5.797454358961244,4.202545641038756,0.5797454358961244,0.8154097530886966,91.0,26.0,False,main,True
9542,0,4,5.797454358961244,5.202545641038756,0.5270413053601131,0.7618228062503758,148.0,34.0,False,main,True
11355,1,1,6.709524636117203,1.2904753638827966,0.8386905795146504,0.9832432409211529,15.0,8.0,False,main,True
969,1,1,6.605970013942372,1.394029986057628,0.8257462517427965,0.9790066677465069,16.0,8.0,False,main,True
12024,0,1,5.748339094557193,2.251660905442807,0.7185423868196491,0.92993726101404,34.0,14.0,False,main,True
11549,1,1,6.589995628385409,1.4100043716145914,0.8237494535481761,0.978315662412202,16.0,8.0,False,main,True
11549,2,2,7.589995628385409,1.4100043716145914,0.8433328475983788,0.9810752388102447,13.0,7.0,False,main,True
11549,3,3,8.58999562838541,1.4100043716145914,0.858999562838541,0.9832113960954464,10.0,6.0,False,main,False
11549,4,4,9.58999562838541,1.4100043716145914,0.8718177843986736,0.9849140330615156,8.0,5.0,False,main,False
11549,5,5,10.58999562838541,1.4100043716145914,0.8824996356987841,0.9863030059785053,6.0,4.0,False,main,False
11549,6,6,11.58999562838541,1.4100043716145914,0.8915381252604161,0.9874577044337285,4.0,3.0,False,main,False
11549,7,7,12.58999562838541,1.4100043716145914,0.8992854020275293,0.9884328043795697,2.0,2.0,False,main,False
11549,8,8,13.58999562838541,1.4100043716145914,0.9059997085590273,0.9892671923189054,1.0,1.0,False,main,False
11549,9,9,14.58999562838541,1.4100043716145914,0.9118747267740881,0.9899892821952972,-1.0,-1.0,True,main,False
484,0,1,5.70133112536853,2.2986688746314696,0.7126663906710663,0.9266365182073545,35.0,14.0,False,main,True
9988,0,1,5.665742164983211,2.334257835016789,0.7082177706229014,0.924100713509482,36.0,14.0,False,main,True
9988,0,2,5.665742164983211,3.334257835016789,0.6295269072203568,0.8632551396185155,61.0,20.0,False,main,False
9988,0,3,5.665742164983211,4.334257835016789,0.5665742164983211,0.8048619013250964,101.0,27.0,False,main,True
9988,0,4,5.665742164983211,5.334257835016789,0.5150674695439282,0.7514016760986509,166.0,36.0,False,main,True
5622,1,1,6.631445438993924,1.3685545610060759,0.8289306798742405,0.9800882489156455,15.0,8.0,False,main,True
10538,1,1,6.600293081077098,1.3997069189229023,0.8250366351346372,0.9787622234329982,16.0,8.0,False,main,True
10538,2,2,7.600293081077098,1.3997069189229023,0.8444770090085664,0.9814635911382785,13.0,7.0,False,main,False
10538,3,3,8.600293081077098,1.3997069189229023,0.8600293081077097,0.9835549762524322,10.0,6.0,False,main,False
10538,4,4,9.600293081077098,1.3997069189229023,0.8727539164615543,0.9852221037514415,8.0,5.0,False,main,False
10538,5,5,10.600293081077098,1.3997069189229023,0.8833577567564248,0.9865822234313792,6.0,4.0,False,main,False
10538,6,6,11.600293081077098,1.3997069189229023,0.8923302370059306,0.9877130128853292,4.0,3.0,False,main,False
10538,7,7,12.600293081077098,1.3997069189229023,0.9000209343626498,0.9886679770293966,2.0,2.0,False,main,False
10538,8,8,13.600293081077098,1.3997069189229023,0.9066862054051399,0.9894851741992718,1.0,1.0,False,main,False
10538,9,9,14.600293081077098,1.3997069189229023,0.9125183175673186,0.9901924160786527,-1.0,-1.0,True,main,False
125,1,1,6.591404288204406,1.408595711795594,0.8239255360255507,0.9783769905060751,16.0,8.0,False,main,True
12132,1,1,6.606578685823112,1.3934213141768883,0.825822335727889,0.9790328029378117,16.0,8.0,False,main,True
6064,1,1,6.680155179246262,1.3198448207537374,0.8350193974057828,0.9820851928927193,15.0,8.0,False,main,True
6064,2,2,7.680155179246262,1.3198448207537374,0.8533505754718069,0.9843548197411491,12.0,7.0,False,main,True
6064,3,3,8.680155179246263,1.3198448207537374,0.8680155179246263,0.9861138281527141,10.0,6.0,False,main,False
6064,4,4,9.680155179246263,1.3198448207537374,0.8800141072042057,0.9875171621123509,8.0,5.0,False,main,False
6064,5,5,10.680155179246263,1.3198448207537374,0.8900129316038553,0.9886628197419233,6.0,4.0,False,main,False
6064,6,6,11.680155179246263,1.3198448207537374,0.8984734753266357,0.9896158185257242,4.0,3.0,False,main,False
6064,7,7,12.680155179246263,1.3198448207537374,0.9057253699461617,0.9904209952977411,2.0,2.0,False,main,False
6064,8,8,13.680155179246263,1.3198448207537374,0.9120103452830842,0.9911102734100211,1.0,1.0,False,main,False
6064,9,9,14.680155179246263,1.3198448207537374,0.9175096987028915,0.9917070001190424,-1.0,-1.0,True,main,False
11371,1,1,6.716487677766775,1.2835123222332254,0.8395609597208469,0.9835126374832551,15.0,8.0,False,main,True
11371,2,2,7.716487677766775,1.2835123222332254,0.8573875197518639,0.9855975937188356,12.0,7.0,False,main,True
11371,3,3,8.716487677766775,1.2835123222332254,0.8716487677766775,0.9872142667438938,9.0,6.0,False,main,False
11371,4,4,9.716487677766775,1.2835123222332254,0.8833170616151613,0.9885045333480894,7.0,5.0,False,main,False
11371,5,5,10.716487677766775,1.2835123222332254,0.8930406398138979,0.9895582024550972,6.0,4.0,False,main,False
11371,6,6,11.716487677766775,1.2835123222332254,0.9012682829051365,0.9904348977735183,4.0,3.0,False,main,False
11371,7,7,12.716487677766775,1.2835123222332254,0.9083205484119125,0.9911757584770239,2.0,2.0,False,main,False
11371,8,8,13.716487677766775,1.2835123222332254,0.9144325118511183,0.9918100881182704,1.0,1.0,False,main,False
11371,9,9,14.716487677766775,1.2835123222332254,0.9197804798604234,0.9923593258707989,-1.0,-1.0,True,main,False
529,1,1,6.671295247678108,1.3287047523218916,0.8339119059597635,0.9817289954429801,15.0,8.0,False,main,True
529,2,2,7.671295247678108,1.3287047523218916,0.8523661386309009,0.984044780098115,12.0,7.0,False,main,True
529,3,3,8.671295247678108,1.3287047523218916,0.8671295247678108,0.9858393488037498,10.0,6.0,False,main,False
529,4,4,9.671295247678108,1.3287047523218916,0.879208658879828,0.987270921124527,8.0,5.0,False,main,False
529,5,5,10.671295247678108,1.3287047523218916,0.8892746039731757,0.9884395464055614,6.0,4.0,False,main,False
529,6,6,11.671295247678108,1.3287047523218916,0.8977919421290852,0.9894115923456553,4.0,3.0,False,main,False
529,7,7,12.671295247678108,1.3287047523218916,0.9050925176912934,0.9902328209591158,2.0,2.0,False,main,False
529,8,8,13.671295247678108,1.3287047523218916,0.9114196831785405,0.990935810828814,1.0,1.0,False,main,False
529,9,9,14.671295247678108,1.3287047523218916,0.9169559529798817,0.9915443862774448,-1.0,-1.0,True,main,False
2859,0,1,5.897376973821735,2.1026230261782652,0.7371721217277168,0.9400250632722333,30.0,13.0,False,main,True
8400,1,1,6.787062772884078,1.2129372271159218,0.8483828466105098,0.9861292735660883,14.0,8.0,False,main,True
8400,2,2,7.787062772884078,1.2129372271159218,0.8652291969871198,0.9878770316370251,11.0,7.0,False,main,False
8400,3,3,8.787062772884077,1.2129372271159218,0.8787062772884078,0.9892335329486217,9.0,6.0,False,main,False
8400,4,4,9.787062772884077,1.2129372271159218,0.8897329793530979,0.990316957293334,7.0,5.0,False,main,False
8400,5,5,10.787062772884077,1.2129372271159218,0.8989218977403398,0.9912022357907295,5.0,4.0,False,main,False
8400,6,6,11.787062772884077,1.2129372271159218,0.9066971363756983,0.9919391790307345,4.0,3.0,False,main,False
8400,7,7,12.787062772884077,1.2129372271159218,0.913361626634577,0.9925621911809548,2.0,2.0,False,main,False
8400,8,8,13.787062772884077,1.2129372271159218,0.9191375181922719,0.9930957995343039,1.0,1.0,False,main,False
8400,9,9,14.787062772884077,1.2129372271159218,0.9241914233052548,0.9935579618180885,-1.0,-1.0,True,main,False
5137,1,1,6.679873858541345,1.3201261414586547,0.8349842323176682,0.9820739314154404,15.0,8.0,False,main,True
8869,0,1,5.697154627934482,2.3028453720655184,0.7121443284918102,0.926340567404786,35.0,14.0,False,main,True
8470,1,1,6.614001375779523,1.3859986242204771,0.8267501719724404,0.9793503667309672,16.0,8.0,False,main,True
8470,2,2,7.614001375779523,1.3859986242204771,0.8460001528643915,0.9819751375193974,13.0,7.0,False,main,False
8470,3,3,8.614001375779523,1.3859986242204771,0.8614001375779523,0.9840075927035389,10.0,6.0,False,main,False
8470,4,4,9.614001375779523,1.3859986242204771,0.8740001250708658,0.9856279733864095,8.0,5.0,False,main,False
8470,5,5,10.614001375779523,1.3859986242204771,0.8845001146482936,0.9869501033647252,6.0,4.0,False,main,False
8470,6,6,11.614001375779523,1.3859986242204771,0.8933847212138095,0.9880494092261869,4.0,3.0,False,main,False
8470,7,7,12.614001375779523,1.3859986242204771,0.901000098269966,0.9889778557576797,2.0,2.0,False,main,False
8470,8,8,13.614001375779523,1.3859986242204771,0.9076000917186349,0.9897724118703436,1.0,1.0,False,main,False
8470,9,9,14.614001375779523,1.3859986242204771,0.9133750859862202,0.9904600968557123,-1.0,-1.0,True,main,False
7628,1,1,6.648690772165498,1.351309227834502,0.8310863465206872,0.9808060121840059,15.0,8.0,False,main,True
7628,2,2,7.648690772165498,1.351309227834502,0.8498545302406109,0.9832415395535241,12.0,7.0,False,main,False
7628,3,3,8.648690772165498,1.351309227834502,0.8648690772165498,0.9851283298207912,10.0,6.0,False,main,False
7628,4,4,9.648690772165498,1.351309227834502,0.8771537065604998,0.9866331173489434,8.0,5.0,False,main,False
7628,5,5,10.648690772165498,1.351309227834502,0.8873908976804582,0.987861280707593,6.0,4.0,False,main,False
7628,6,6,11.648690772165498,1.351309227834502,0.8960531363204229,0.9888826940645614,4.0,3.0,False,main,False
7628,7,7,12.648690772165498,1.351309227834502,0.9034779122975356,0.9897455212839485,2.0,2.0,False,main,False
7628,8,8,13.648690772165498,1.351309227834502,0.9099127181443666,0.9904840415102012,1.0,1.0,False,main,False
7628,9,9,14.648690772165498,1.351309227834502,0.9155431732603436,0.9911233169363417,-1.0,-1.0,True,main,False
5729,1,1,6.695785552538744,1.3042144474612556,0.836973194067343,0.9827058656316944,15.0,8.0,False,main,True
8979,0,1,5.699767813798436,2.3002321862015638,0.7124709767248045,0.9265257915072967,35.0,14.0,False,main,True
4828,1,1,6.63667667868094,1.36332332131906,0.8295845848351175,0.980307212766663,15.0,8.0,False,main,True
6433,1,1,6.644515710696837,1.3554842893031633,0.8305644638371046,0.9806333177707055,15.0,8.0,False,main,True
12070,0,1,5.6795409365589435,2.3204590634410565,0.7099426170698679,0.9250876515925802,35.0,14.0,False,main,True
3168,1,1,6.8615540677497915,1.1384459322502085,0.8576942584687239,0.9886597389545785,14.0,8.0,False,main,True
3168,2,2,7.8615540677497915,1.1384459322502085,0.8735060075277546,0.9900831477392092,11.0,7.0,False,main,False
3168,3,3,8.861554067749791,1.1384459322502085,0.8861554067749792,0.9911890297642548,9.0,6.0,False,main,False
3168,4,4,9.861554067749791,1.1384459322502085,0.896504915249981,0.9920729837420436,7.0,5.0,False,main,False
3168,5,5,10.861554067749791,1.1384459322502085,0.905129505645816,0.9927957286619798,5.0,4.0,False,main,False
3168,6,6,11.861554067749791,1.1384459322502085,0.9124272359807531,0.9933976829112501,4.0,3.0,False,main,False
3168,7,7,12.861554067749791,1.1384459322502085,0.9186824334106994,0.9939067944665544,2.0,2.0,False,main,False
3168,8,8,13.861554067749791,1.1384459322502085,0.9241036045166527,0.9943430061926635,1.0,1.0,False,main,False
3168,9,9,14.861554067749791,1.1384459322502085,0.928847129234362,0.9947209305894121,-1.0,-1.0,True,main,False
11634,0,1,5.632505513193101,2.3674944868068986,0.7040631891491377,0.921704216538189,36.0,14.0,False,main,True
2918,0,1,5.715233813029498,2.2847661869705016,0.7144042266286873,0.9276185250941215,34.0,14.0,False,main,True
6224,1,1,6.669206165799828,1.330793834200172,0.8336507707249785,0.9816445488639933,15.0,8.0,False,main,True
4008,1,1,6.709726120008643,1.2902738799913573,0.8387157650010804,0.9832510641677026,15.0,8.0,False,main,True
8320,1,1,6.635938680452527,1.3640613195474733,0.8294923350565658,0.980276387442538,15.0,8.0,False,main,True
8320,2,2,7.635938680452527,1.3640613195474733,0.8484376311613918,0.982780714016471,12.0,7.0,False,main,False
8320,3,3,8.635938680452526,1.3640613195474733,0.8635938680452526,0.9847204722884679,10.0,6.0,False,main,False
8320,4,4,9.635938680452526,1.3640613195474733,0.8759944254956842,0.9862672999976198,8.0,5.0,False,main,False
8320,5,5,10.635938680452526,1.3640613195474733,0.8863282233710438,0.9875296427678611,6.0,4.0,False,main,False
8320,6,6,11.635938680452526,1.3640613195474733,0.8950722061886558,0.9885793918400481,4.0,3.0,False,main,False
8320,7,7,12.635938680452526,1.3640613195474733,0.9025670486037518,0.9894660922003928,2.0,2.0,False,main,False
8320,8,8,13.635938680452526,1.3640613195474733,0.909062578696835,0.9902250005518529,1.0,1.0,False,main,False
8320,9,9,14.635938680452526,1.3640613195474733,0.9147461675282829,0.9908818904843509,-1.0,-1.0,True,main,False
9898,1,1,6.628669281436599,1.3713307185634007,0.8285836601795749,0.9799716119157456,15.0,8.0,False,main,True
9898,2,2,7.628669281436599,1.3713307185634007,0.8476299201596221,0.9825155582755831,12.0,7.0,False,main,False
9898,3,3,8.628669281436599,1.3713307185634007,0.8628669281436598,0.9844858134317237,10.0,6.0,False,main,False
9898,4,4,9.628669281436599,1.3713307185634007,0.8753335710396908,0.9860568424937237,8.0,5.0,False,main,False
9898,5,5,10.628669281436599,1.3713307185634007,0.8857224401197166,0.987338858992924,6.0,4.0,False,main,False
9898,6,6,11.628669281436599,1.3713307185634007,0.8945130216489692,0.9884049165362383,4.0,3.0,False,main,False
9898,7,7,12.628669281436599,1.3713307185634007,0.9020478058168999,0.9893053558286702,2.0,2.0,False,main,False
9898,8,8,13.628669281436599,1.3713307185634007,0.9085779520957733,0.9900759966832811,1.0,1.0,False,main,False
9898,9,9,14.628669281436599,1.3713307185634007,0.9142918300897874,0.9907430224203881,-1.0,-1.0,True,main,False
9753,1,1,6.730359604736673,1.2696403952633264,0.8412949505920841,0.9840433852341504,15.0,8.0,False,main,True
9753,2,2,7.730359604736673,1.2696403952633264,0.8589288449707415,0.9860598048326314,12.0,7.0,False,main,False
9753,3,3,8.730359604736673,1.2696403952633264,0.8730359604736673,0.9876236264819677,9.0,6.0,False,main,False
9753,4,4,9.730359604736673,1.2696403952633264,0.8845781458851522,0.9888718931083297,7.0,5.0,False,main,False
9753,5,5,10.730359604736673,1.2696403952633264,0.8941966337280561,0.9898913816448004,6.0,4.0,False,main,False
9753,6,6,11.730359604736673,1.2696403952633264,0.9023353542105134,0.990739717444876,4.0,3.0,False,main,False
9753,7,7,12.730359604736673,1.2696403952633264,0.9093114003383338,0.9914566689807403,2.0,2.0,False,main,False
9753,8,8,13.730359604736673,1.2696403952633264,0.9153573069824449,0.992070568226096,1.0,1.0,False,main,False
9753,9,9,14.730359604736673,1.2696403952633264,0.9206474752960421,0.9926021464577872,-1.0,-1.0,True,main,False
6137,0,1,5.728979195742281,2.271020804257719,0.7161223994677851,0.9285846376089786,34.0,14.0,False,main,True
222,1,1,6.867586857223859,1.132413142776141,0.8584483571529824,0.988853982183075,13.0,8.0,False,main,True
10920,1,1,6.714979133109295,1.2850208668907057,0.8393723916386618,0.983454441554784,15.0,8.0,False,main,True
10920,2,2,7.714979133109295,1.2850208668907057,0.8572199036788105,0.9855469170011134,12.0,7.0,False,main,False
10920,3,3,8.714979133109296,1.2850208668907057,0.8714979133109294,0.9871693875066954,9.0,6.0,False,main,False
10920,4,4,9.714979133109296,1.2850208668907057,0.883179921191754,0.9884642607138723,7.0,5.0,False,main,False
10920,5,5,10.714979133109296,1.2850208668907057,0.8929149277591079,0.9895216784309079,6.0,4.0,False,main,False
10920,6,6,11.714979133109296,1.2850208668907057,0.9011522410084072,0.9904014837223005,4.0,3.0,False,main,False
10920,7,7,12.714979133109296,1.2850208668907057,0.9082127952220924,0.9911449661963103,2.0,2.0,False,main,False
10920,8,8,13.714979133109296,1.2850208668907057,0.9143319422072863,0.9917815360219449,1.0,1.0,False,main,False
10920,9,9,14.714979133109296,1.2850208668907057,0.919686195819331,0.9923327100450331,-1.0,-1.0,True,main,False
6341,1,1,6.675720756066434,1.3242792439335662,0.8344650945083042,0.9819073091254099,15.0,8.0,False,main,True
11984,1,1,6.757774366142094,1.2422256338579065,0.8447217957677617,0.9850687731804555,14.0,8.0,False,main,True
4045,1,1,6.598506529242413,1.4014934707575875,0.8248133161553016,0.9786850392771841,16.0,8.0,False,main,True
5410,1,1,6.86457974241783,1.1354202575821695,0.8580724678022288,0.9887573623413589,13.0,8.0,False,main,True
7218,1,1,6.737520916181114,1.2624790838188862,0.8421901145226393,0.9843142635709282,15.0,8.0,False,main,True
3362,1,1,6.777289240224155,1.2227107597758449,0.8471611550280194,0.985779436118154,14.0,8.0,False,main,True
6283,1,1,6.608318688934849,1.3916813110651507,0.8260398361168562,0.9791074364049291,16.0,8.0,False,main,True
6283,2,2,7.608318688934849,1.3916813110651507,0.8453687432149832,0.9817638359907908,13.0,7.0,False,main,True
6283,3,3,8.60831868893485,1.3916813110651507,0.860831868893485,0.9838206267892449,10.0,6.0,False,main,False
6283,4,4,9.60831868893485,1.3916813110651507,0.8734835171758953,0.9854603131610523,8.0,5.0,False,main,False
6283,5,5,10.60831868893485,1.3916813110651507,0.8840265574112375,0.9867981330490438,6.0,4.0,False,main,False
6283,6,6,11.60831868893485,1.3916813110651507,0.8929475914565269,0.9879104422867786,4.0,3.0,False,main,False
6283,7,7,12.60831868893485,1.3916813110651507,0.9005941920667749,0.9888498415028864,2.0,2.0,False,main,False
6283,8,8,13.60831868893485,1.3916813110651507,0.90722124592899,0.9896537494090965,1.0,1.0,False,main,False
6283,9,9,14.60831868893485,1.3916813110651507,0.9130199180584281,0.9903495124785754,-1.0,-1.0,True,main,False
7877,1,1,6.947722543532817,1.0522774564671835,0.8684653179416021,0.9912779582059584,13.0,8.0,False,main,True
7877,2,2,7.947722543532817,1.0522774564671835,0.8830802826147575,0.9923677702753179,11.0,7.0,False,main,False
7877,3,3,8.947722543532816,1.0522774564671835,0.8947722543532816,0.9932154765518929,9.0,6.0,False,main,False
7877,4,4,9.947722543532816,1.0522774564671835,0.9043384130484378,0.9938936917318909,7.0,5.0,False,main,False
7877,5,5,10.947722543532816,1.0522774564671835,0.912310211961068,0.9944486298669855,5.0,4.0,False,main,False
7877,6,6,11.947722543532816,1.0522774564671835,0.919055580271755,0.9949111031637256,4.0,3.0,False,main,False
7877,7,7,12.947722543532816,1.0522774564671835,0.9248373245380582,0.9953024449122699,2.0,2.0,False,main,False
7877,8,8,13.947722543532816,1.0522774564671835,0.9298481695688544,0.9956378943032329,1.0,1.0,False,main,False
7877,9,9,14.947722543532816,1.0522774564671835,0.934232658970801,0.9959286274826095,-1.0,-1.0,True,main,False
5471,1,1,6.76686903655235,1.2331309634476497,0.8458586295690438,0.9854019743901344,14.0,8.0,False,main,True
11655,0,1,5.615083109208051,2.384916890791949,0.7018853886510064,0.9204371793568858,37.0,14.0,False,main,True
4683,1,1,6.801309113045294,1.1986908869547062,0.8501636391306617,0.9866318848916017,14.0,8.0,False,main,True
5126,1,1,6.818274375421739,1.1817256245782612,0.8522842969277173,0.9872189954830944,14.0,8.0,False,main,True
5126,2,2,7.818274375421739,1.1817256245782612,0.8686971528246377,0.9888268558144278,11.0,7.0,False,main,False
5126,3,3,8.818274375421739,1.1817256245782612,0.8818274375421739,0.9900753059531954,9.0,6.0,False,main,False
5126,4,4,9.818274375421739,1.1817256245782612,0.8925703977656126,0.9910727593320973,7.0,5.0,False,main,False
5126,5,5,10.818274375421739,1.1817256245782612,0.9015228646184782,0.9918880046902605,5.0,4.0,False,main,False
5126,6,6,11.818274375421739,1.1817256245782612,0.9090980288785953,0.9925667956593569,4.0,3.0,False,main,False
5126,7,7,12.818274375421739,1.1817256245782612,0.9155910268158385,0.9931407489263382,2.0,2.0,False,main,False
5126,8,8,13.818274375421739,1.1817256245782612,0.9212182916947825,0.9936324131859792,1.0,1.0,False,main,False
5126,9,9,14.818274375421739,1.1817256245782612,0.9261421484638587,0.9940583028504444,-1.0,-1.0,True,main,False
5145,1,1,6.84440872117561,1.1555912788243896,0.8555510901469513,0.9880988601887265,14.0,8.0,False,main,True
11911,1,1,6.726852487109873,1.2731475128901262,0.8408565608887342,0.9839099517560662,15.0,8.0,False,main,True
11911,2,2,7.726852487109873,1.2731475128901262,0.8585391652344304,0.9859435953272943,12.0,7.0,False,main,False
11911,3,3,8.726852487109873,1.2731475128901262,0.8726852487109873,0.9875207004569211,9.0,6.0,False,main,False
11911,4,4,9.726852487109873,1.2731475128901262,0.8842593170099885,0.9887795240558341,7.0,5.0,False,main,False
11911,5,5,10.726852487109873,1.2731475128901262,0.8939043739258228,0.9898076046516695,6.0,4.0,False,main,False
11911,6,6,11.726852487109873,1.2731475128901262,0.9020655759315287,0.9906630696272751,4.0,3.0,False,main,False
11911,7,7,12.726852487109873,1.2731475128901262,0.9090608919364195,0.991386031842845,2.0,2.0,False,main,False
11911,8,8,13.726852487109873,1.2731475128901262,0.9151234991406583,0.9920050674032945,1.0,1.0,False,main,False
11911,9,9,14.726852487109873,1.2731475128901262,0.9204282804443671,0.9925410854742874,-1.0,-1.0,True,main,False
193,1,1,6.857816806223598,1.1421831937764022,0.8572271007779497,0.9885385933218335,14.0,8.0,False,main,True
3237,0,1,5.718408113359519,2.2815918866404807,0.7148010141699399,0.9278420582313854,34.0,14.0,False,main,True
6084,1,1,6.756420614162381,1.243579385837619,0.8445525767702976,0.9850188776620304,14.0,8.0,False,main,True
4356,1,1,6.8561354125147895,1.14386458748521,0.8570169265643487,0.9884838872989407,14.0,8.0,False,main,True
192,1,1,6.6907641594448295,1.3092358405551705,0.8363455199306037,0.9825075472245827,15.0,8.0,False,main,True
11247,0,1,5.6112845427333236,2.3887154572666764,0.7014105678416654,0.9201599488070114,37.0,14.0,False,main,True
11247,0,2,5.6112845427333236,3.3887154572666764,0.6234760603037026,0.8589113448317997,64.0,20.0,False,main,False
11247,0,3,5.6112845427333236,4.3887154572666764,0.5611284542733324,0.8004444638049497,106.0,27.0,False,main,False
11247,0,4,5.6112845427333236,5.3887154572666764,0.5101167766121203,0.7470497474470237,175.0,37.0,False,main,True
11247,0,5,5.6112845427333236,6.3887154572666764,0.46760704522777696,0.6990355022980717,291.0,48.0,False,main,True
1007,1,1,6.932376841372312,1.067623158627688,0.866547105171539,0.9908365322866424,13.0,8.0,False,main,False
1007,2,2,7.932376841372312,1.067623158627688,0.8813752045969235,0.9919824345580747,11.0,7.0,False,main,False
1007,3,3,8.932376841372312,1.067623158627688,0.8932376841372311,0.9928735813799737,9.0,6.0,False,main,False
1007,4,4,9.932376841372312,1.067623158627688,0.9029433492156648,0.9935864335683476,7.0,5.0,False,main,False
1007,5,5,10.932376841372312,1.067623158627688,0.9110314034476926,0.9941696354021623,5.0,4.0,False,main,False
1007,6,6,11.932376841372312,1.067623158627688,0.917875141644024,0.994655610116983,4.0,3.0,False,main,False
1007,7,7,12.932376841372312,1.067623158627688,0.9237412029551652,0.99506680120828,2.0,2.0,False,main,False
1007,8,8,13.932376841372312,1.067623158627688,0.9288251227581541,0.995419237841947,1.0,1.0,False,main,False
1007,9,9,14.932376841372312,1.067623158627688,0.9332735525857695,0.9957246736100549,-1.0,-1.0,True,main,False
3205,0,1,5.6104208936039734,2.389579106396027,0.7013026117004967,0.920096868255067,37.0,14.0,False,main,True
10308,1,1,6.674336668664618,1.3256633313353818,0.8342920835830773,0.9818516255875316,15.0,8.0,False,main,True
10308,2,2,7.674336668664618,1.3256633313353818,0.8527040742960686,0.9841515158513493,12.0,7.0,False,main,False
10308,3,3,8.674336668664619,1.3256633313353818,0.867433666866462,0.9859338401177108,10.0,6.0,False,main,False
10308,4,4,9.674336668664619,1.3256633313353818,0.8794851516967835,0.9873556895869572,8.0,5.0,False,main,False
10308,5,5,10.674336668664619,1.3256633313353818,0.8895280557220516,0.9885164070737774,6.0,4.0,False,main,False
10308,6,6,11.674336668664619,1.3256633313353818,0.8980258975895861,0.9894818952406355,4.0,3.0,False,main,False
10308,7,7,12.674336668664619,1.3256633313353818,0.9053097620474728,0.9902975974742972,2.0,2.0,False,main,False
10308,8,8,13.674336668664619,1.3256633313353818,0.9116224445776413,0.9909958667109809,1.0,1.0,False,main,False
10308,9,9,14.674336668664619,1.3256633313353818,0.9171460417915387,0.9916003629896567,-1.0,-1.0,True,main,False
10691,1,1,6.707879282887671,1.2921207171123292,0.8384849103609588,0.9831792926906501,15.0,8.0,False,main,True
10691,2,2,7.707879282887671,1.2921207171123292,0.8564310314319634,0.9853073300300967,12.0,7.0,False,main,False
10691,3,3,8.70787928288767,1.2921207171123292,0.870787928288767,0.9869572171978328,10.0,6.0,False,main,False
10691,4,4,9.70787928288767,1.2921207171123292,0.8825344802625156,0.988273873885609,7.0,5.0,False,main,False
10691,5,5,10.70787928288767,1.2921207171123292,0.8923232735739726,0.9893490169137426,6.0,4.0,False,main,False
10691,6,6,11.70787928288767,1.2921207171123292,0.900606098683667,0.9902435270887104,4.0,3.0,False,main,False
10691,7,7,12.70787928288767,1.2921207171123292,0.907705663063405,0.9909994056375973,2.0,2.0,False,main,False
10691,8,8,13.70787928288767,1.2921207171123292,0.9138586188591781,0.9916465670310061,1.0,1.0,False,main,False
10691,9,9,14.70787928288767,1.2921207171123292,0.9192424551804794,0.9922068954857352,-1.0,-1.0,True,main,False
846,0,1,5.6851850555688115,2.314814944431188,0.7106481319461014,0.9254899769377014,35.0,14.0,False,main,True
8274,0,1,5.676462690257766,2.3235373097422336,0.7095578362822208,0.9248678935817392,35.0,14.0,False,main,True
8274,0,2,5.676462690257766,3.3235373097422336,0.6307180766953073,0.8641048353304651,61.0,20.0,False,main,False
8274,0,3,5.676462690257766,4.323537309742234,0.5676462690257766,0.8057276480554392,100.0,27.0,False,main,True
8274,0,4,5.676462690257766,5.323537309742234,0.5160420627507061,0.7522554197111498,164.0,36.0,False,main,True
10597,0,1,5.6190798796242385,2.3809201203757615,0.7023849849530298,0.9207284966784455,37.0,14.0,False,main,True
10597,0,2,5.6190798796242385,3.3809201203757615,0.6243422088471376,0.8595359512931469,63.0,20.0,False,main,False
10597,0,3,5.6190798796242385,4.3809201203757615,0.5619079879624238,0.8010788096259698,105.0,27.0,False,main,True
10597,0,4,5.6190798796242385,5.3809201203757615,0.5108254436022035,0.7476742537482581,173.0,36.0,False,main,True
11796,1,1,6.651995648052264,1.3480043519477367,0.831499456006533,0.9809422240723967,15.0,8.0,False,main,True
11796,2,2,7.651995648052264,1.3480043519477367,0.8502217386724737,0.9833600676568754,12.0,7.0,False,main,True
11796,3,3,8.651995648052264,1.3480043519477367,0.8651995648052264,0.9852332411186192,10.0,6.0,False,main,False
11796,4,4,9.651995648052264,1.3480043519477367,0.877454149822933,0.9867272197866341,8.0,5.0,False,main,False
11796,5,5,10.651995648052264,1.3480043519477367,0.8876663040043553,0.9879465944887119,6.0,4.0,False,main,False
11796,6,6,11.651995648052264,1.3480043519477367,0.8963073575424818,0.9889607212159417,4.0,3.0,False,main,False
11796,7,7,12.651995648052264,1.3480043519477367,0.903713974860876,0.9898174089669514,2.0,2.0,False,main,False
11796,8,8,13.651995648052264,1.3480043519477367,0.9101330432034842,0.9905506856765314,1.0,1.0,False,main,False
11796,9,9,14.651995648052264,1.3480043519477367,0.9157497280032665,0.9911854307035676,-1.0,-1.0,True,main,False
4078,1,1,6.73100200789426,1.2689979921057406,0.8413752509867825,0.9840677712014254,15.0,8.0,False,main,True
7734,0,1,5.60661150052433,2.3933884994756696,0.7008264375655413,0.9198184158802802,37.0,14.0,False,main,True
7734,0,2,5.60661150052433,3.3933884994756696,0.6229568333915922,0.858536465066112,64.0,20.0,False,main,False
7734,0,3,5.60661150052433,4.39338849947567,0.560661150052433,0.8000638730511512,106.0,27.0,False,main,False
7734,0,4,5.60661150052433,5.39338849947567,0.509691954593121,0.746675128775321,175.0,37.0,False,main,True
7734,0,5,5.60661150052433,6.39338849947567,0.4672176250436942,0.6986719672292969,292.0,48.0,False,main,True
651,0,1,5.638704575903695,2.361295424096305,0.7048380719879619,0.9221532526350324,36.0,14.0,False,main,True
1165,1,1,6.8844378150390435,1.1155621849609567,0.8605547268798804,0.9893879157811397,13.0,8.0,False,main,False
9390,1,1,6.625733214336705,1.3742667856632953,0.8282166517920881,0.979847928662983,15.0,8.0,False,main,True
10690,1,1,6.6281768838392505,1.3718231161607495,0.8285221104799063,0.9799508929337458,15.0,8.0,False,main,True
10690,2,2,7.6281768838392505,1.3718231161607495,0.8475752093154723,0.9824975334524192,12.0,7.0,False,main,False
10690,3,3,8.62817688383925,1.3718231161607495,0.862817688383925,0.9844698622462097,10.0,6.0,False,main,False
10690,4,4,9.62817688383925,1.3718231161607495,0.8752888076217501,0.986042536782708,8.0,5.0,False,main,False
10690,5,5,10.62817688383925,1.3718231161607495,0.8856814069866042,0.9873258908554577,6.0,4.0,False,main,False
10690,6,6,11.62817688383925,1.3718231161607495,0.8944751449107116,0.9883930571332801,4.0,3.0,False,main,False
10690,7,7,12.62817688383925,1.3718231161607495,0.9020126345599465,0.9892944304399134,2.0,2.0,False,main,False
10690,8,8,13.62817688383925,1.3718231161607495,0.9085451255892834,0.9900658688842512,1.0,1.0,False,main,False
10690,9,9,14.62817688383925,1.3718231161607495,0.9142610552399532,0.9907335836498389,-1.0,-1.0,True,main,False
444,1,1,6.826843992140699,1.1731560078593013,0.8533554990175873,0.9875108054615122,14.0,8.0,False,main,True
8418,1,1,6.625662348147166,1.374337651852834,0.8282077935183958,0.9798449392295622,15.0,8.0,False,main,True
8418,2,2,7.625662348147166,1.374337651852834,0.8472958164607962,0.9824053587747003,12.0,7.0,False,main,False
8418,3,3,8.625662348147166,1.374337651852834,0.8625662348147166,0.9843882926776247,10.0,6.0,False,main,False
8418,4,4,9.625662348147166,1.374337651852834,0.8750602134679242,0.9859693823936478,8.0,5.0,False,main,False
8418,5,5,10.625662348147166,1.374337651852834,0.8854718623455972,0.9872595768733526,6.0,4.0,False,main,False
8418,6,6,11.625662348147166,1.374337651852834,0.8942817190882436,0.9883324131812931,4.0,3.0,False,main,False
8418,7,7,12.625662348147166,1.374337651852834,0.9018330248676547,0.9892385629454922,2.0,2.0,False,main,False
8418,8,8,13.625662348147166,1.374337651852834,0.9083774898764777,0.9900140801435713,1.0,1.0,False,main,False
8418,9,9,14.625662348147166,1.374337651852834,0.9141038967591979,0.9906853184658,-1.0,-1.0,True,main,False
8629,1,1,6.631995154437764,1.3680048455622364,0.8289993943047205,0.9801113087830808,15.0,8.0,False,main,True
9602,1,1,6.881679955292432,1.1183200447075676,0.860209994411554,0.9893014042429035,13.0,8.0,False,main,True
9602,2,2,7.881679955292432,1.1183200447075676,0.8757422172547147,0.9906428588426974,11.0,7.0,False,main,False
9602,3,3,8.881679955292432,1.1183200447075676,0.8881679955292432,0.9916853557959401,9.0,6.0,False,main,False
9602,4,4,9.881679955292432,1.1183200447075676,0.8983345413902211,0.9925188236608911,7.0,5.0,False,main,False
9602,5,5,10.881679955292432,1.1183200447075676,0.906806662941036,0.9932004069318657,5.0,4.0,False,main,False
9602,6,6,11.881679955292432,1.1183200447075676,0.9139753811763409,0.9937681587388162,4.0,3.0,False,main,False
9602,7,7,12.881679955292432,1.1183200447075676,0.9201199968066023,0.9942483995015338,2.0,2.0,False,main,False
9602,8,8,13.881679955292432,1.1183200447075676,0.9254453303528288,0.9946599153987774,1.0,1.0,False,main,False
9602,9,9,14.881679955292432,1.1183200447075676,0.930104997205777,0.9950164742993529,-1.0,-1.0,True,main,False
5705,1,1,6.698997679588645,1.3010023204113543,0.8373747099485807,0.9828321904616933,15.0,8.0,False,main,True
2230,0,1,5.633395774962764,2.3666042250372357,0.7041744718703455,0.9217687614885364,36.0,14.0,False,main,True
6717,1,1,6.615267540332639,1.3847324596673607,0.8269084425415799,0.9794043238530067,16.0,8.0,False,main,True
6717,2,2,7.615267540332639,1.3847324596673607,0.8461408378147377,0.9820220713642595,12.0,7.0,False,main,True
6717,3,3,8.615267540332638,1.3847324596673607,0.8615267540332638,0.9840491223701446,10.0,6.0,False,main,False
6717,4,4,9.615267540332638,1.3847324596673607,0.8741152309393307,0.9856652156345491,8.0,5.0,False,main,False
6717,5,5,10.615267540332638,1.3847324596673607,0.8846056283610532,0.9869838610411255,6.0,4.0,False,main,False
6717,6,6,11.615267540332638,1.3847324596673607,0.893482118487126,0.9880802788836712,4.0,3.0,False,main,False
6717,7,7,12.615267540332638,1.3847324596673607,0.9010905385951885,0.9890062927806965,2.0,2.0,False,main,False
6717,8,8,13.615267540332638,1.3847324596673607,0.9076845026888426,0.9897987717733154,1.0,1.0,False,main,False
6717,9,9,14.615267540332638,1.3847324596673607,0.9134542212707899,0.9904846625046023,-1.0,-1.0,True,main,False
11274,1,1,6.880535629291853,1.1194643707081466,0.8600669536614817,0.9892654072578357,13.0,8.0,False,main,True
5386,1,1,6.725703592649343,1.2742964073506564,0.8407129490811679,0.9838661296843707,15.0,8.0,False,main,True
10477,0,1,5.627077246481616,2.3729227535183837,0.703384655810202,0.921310242109796,37.0,14.0,False,main,True
10477,0,2,5.627077246481616,3.3729227535183837,0.625230805164624,0.8601757706739415,63.0,20.0,False,main,False
10477,0,3,5.627077246481616,4.372922753518384,0.5627077246481617,0.8017288978030219,104.0,27.0,False,main,False
10477,0,4,5.627077246481616,5.372922753518384,0.5115524769528742,0.7483144072977812,172.0,36.0,False,main,True
10477,0,5,5.627077246481616,6.372922753518384,0.46892310387346803,0.7002629670598717,286.0,48.0,False,main,True
6331,1,1,6.65794596827768,1.3420540317223197,0.83224324603471,0.9811863774346371,15.0,8.0,False,main,True
10475,1,1,6.691496613613592,1.3085033863864084,0.836437076701699,0.9825365389949201,15.0,8.0,False,main,True
10475,2,2,7.691496613613592,1.3085033863864084,0.8546107348459546,0.9847477214445685,12.0,7.0,False,main,False
10475,3,3,8.691496613613591,1.3085033863864084,0.8691496613613591,0.986461694808678,10.0,6.0,False,main,False
10475,4,4,9.691496613613591,1.3085033863864084,0.8810451466921446,0.9878292609698549,7.0,5.0,False,main,False
10475,5,5,10.691496613613591,1.3085033863864084,0.8909580511344659,0.9889458232978999,6.0,4.0,False,main,False
10475,6,6,11.691496613613591,1.3085033863864084,0.8993458933548916,0.9898746908230702,4.0,3.0,False,main,False
10475,7,7,12.691496613613591,1.3085033863864084,0.9065354724009708,0.9906595294748206,2.0,2.0,False,main,False
10475,8,8,13.691496613613591,1.3085033863864084,0.9127664409075728,0.9913314331992296,1.0,1.0,False,main,False
10475,9,9,14.691496613613591,1.3085033863864084,0.9182185383508494,0.9919131452811383,-1.0,-1.0,True,main,False
417,1,1,6.70558596560302,1.2944140343969803,0.8381982457003775,0.9830899759403207,15.0,8.0,False,main,True
10368,1,1,6.637939754063936,1.3620602459360645,0.829742469257992,0.980359920308886,15.0,8.0,False,main,True
10368,2,2,7.637939754063936,1.3620602459360645,0.8486599726737707,0.9828533915665442,12.0,7.0,False,main,False
10368,3,3,8.637939754063936,1.3620602459360645,0.8637939754063936,0.9847847933057892,10.0,6.0,False,main,False
10368,4,4,9.637939754063936,1.3620602459360645,0.8761763412785396,0.9863249890644816,8.0,5.0,False,main,False
10368,5,5,10.637939754063936,1.3620602459360645,0.886494979505328,0.987581940294152,6.0,4.0,False,main,False
10368,6,6,11.637939754063936,1.3620602459360645,0.8952261349279951,0.9886272198616424,4.0,3.0,False,main,False
10368,7,7,12.637939754063936,1.3620602459360645,0.9027099824331383,0.9895101547826205,2.0,2.0,False,main,False
10368,8,8,13.637939754063936,1.3620602459360645,0.9091959836042623,0.9902658474951078,1.0,1.0,False,main,False
10368,9,9,14.637939754063936,1.3620602459360645,0.914871234628996,0.9909199593349997,-1.0,-1.0,True,main,False
7015,1,1,6.66080508209691,1.3391949179030906,0.8326006352621137,0.9813031920700073,15.0,8.0,False,main,True
5010,1,1,6.597149834831283,1.4028501651687166,0.8246437293539104,0.9786263442588876,16.0,8.0,False,main,True
7379,1,1,6.76301007010618,1.23698992989382,0.8453762587632725,0.9852610199321427,14.0,8.0,False,main,True
6739,0,1,5.865878903498108,2.134121096501892,0.7332348629372635,0.937941884444701,31.0,13.0,False,main,True
4144,1,1,6.799874402244115,1.2001255977558847,0.8499843002805144,0.9865816634867656,14.0,8.0,False,main,True
4144,2,2,7.799874402244115,1.2001255977558847,0.8666527113604573,0.988271304774404,11.0,7.0,False,main,False
4144,3,3,8.799874402244114,1.2001255977558847,0.8799874402244114,0.9895829272580218,9.0,6.0,False,main,False
4144,4,4,9.799874402244114,1.2001255977558847,0.8908976729312831,0.9906306487596598,7.0,5.0,False,main,False
4144,5,5,10.799874402244114,1.2001255977558847,0.8999895335203428,0.9914868464837007,5.0,4.0,False,main,False
4144,6,6,11.799874402244114,1.2001255977558847,0.9076826463264703,0.9921996446041704,4.0,3.0,False,main,False
4144,7,7,12.799874402244114,1.2001255977558847,0.9142767430174368,0.9928022888028382,2.0,2.0,False,main,False
4144,8,8,13.799874402244114,1.2001255977558847,0.9199916268162743,0.9933184841940945,1.0,1.0,False,main,False
4144,9,9,14.799874402244114,1.2001255977558847,0.9249921501402572,0.9937655888375101,-1.0,-1.0,True,main,False
5845,1,1,6.637586785088306,1.3624132149116939,0.8296983481360383,0.9803451973906798,15.0,8.0,False,main,True
143,1,1,6.600240317307829,1.3997596826921712,0.8250300396634787,0.9787599456457631,16.0,8.0,False,main,True
143,2,2,7.600240317307829,1.3997596826921712,0.8444711463675366,0.9814616101471552,13.0,7.0,False,main,False
143,3,3,8.60024031730783,1.3997596826921712,0.8600240317307829,0.9835532235703682,10.0,6.0,False,main,False
143,4,4,9.60024031730783,1.3997596826921712,0.8727491197552572,0.9852205321589351,8.0,5.0,False,main,False
143,5,5,10.60024031730783,1.3997596826921712,0.8833533597756524,0.9865807989924865,6.0,4.0,False,main,False
143,6,6,11.60024031730783,1.3997596826921712,0.8923261782544484,0.9877117103902704,4.0,3.0,False,main,False
143,7,7,12.60024031730783,1.3997596826921712,0.9000171655219878,0.9886667772379146,2.0,2.0,False,main,False
143,8,8,13.60024031730783,1.3997596826921712,0.906682687820522,0.9894840620931924,1.0,1.0,False,main,False
143,9,9,14.60024031730783,1.3997596826921712,0.9125150198317393,0.9901913797104186,-1.0,-1.0,True,main,False
3784,1,1,6.81332937529769,1.1866706247023098,0.8516661719122113,0.9870491542964654,14.0,8.0,False,main,True
1968,1,1,6.658386276220391,1.3416137237796097,0.8322982845275488,0.9812043882554147,15.0,8.0,False,main,True
11527,0,1,5.612010965979709,2.3879890340202907,0.7015013707474637,0.9202129924182685,37.0,14.0,False,main,True
6647,0,1,5.594621603222458,2.405378396777542,0.6993277004028072,0.9189397051549989,37.0,14.0,False,main,True
6110,0,1,5.601588183142089,2.3984118168579114,0.7001985228927611,0.9194506924327109,37.0,14.0,False,main,True
10116,1,1,6.914921699642482,1.0850783003575173,0.8643652124553103,0.9903212231830536,13.0,8.0,False,main,True
10116,2,2,7.914921699642482,1.0850783003575173,0.8794357444047203,0.9915326847313791,11.0,7.0,False,main,False
10116,3,3,8.914921699642482,1.0850783003575173,0.8914921699642482,0.9924745890706654,9.0,6.0,False,main,False
10116,4,4,9.914921699642482,1.0850783003575173,0.9013565181493166,0.9932279021128319,7.0,5.0,False,main,False
10116,5,5,10.914921699642482,1.0850783003575173,0.9095768083035402,0.9938441131720417,5.0,4.0,False,main,False
10116,6,6,11.914921699642482,1.0850783003575173,0.9165324384340371,0.9943575306693168,4.0,3.0,False,main,False
10116,7,7,12.914921699642482,1.0850783003575173,0.9224944071173201,0.9947918967736369,2.0,2.0,False,main,False
10116,8,8,13.914921699642482,1.0850783003575173,0.9276614466428321,0.9951641644610844,1.0,1.0,False,main,False
10116,9,9,14.914921699642482,1.0850783003575173,0.9321826062276551,0.9954867624320751,-1.0,-1.0,True,main,False
5086,1,1,6.770231358116849,1.2297686418831513,0.8462789197646061,0.9855242745459784,14.0,8.0,False,main,True
5626,1,1,6.678330459889893,1.3216695401101073,0.8347913074862366,0.9820120913321816,15.0,8.0,False,main,True
7427,1,1,6.656504592687074,1.3434954073129264,0.8320630740858842,0.9811273639764169,15.0,8.0,False,main,True
1569,1,1,6.690052528309834,1.3099474716901662,0.8362565660387292,0.9824793588453533,15.0,8.0,False,main,True
3990,1,1,6.735636178134827,1.2643638218651727,0.8419545222668534,0.9842431794767041,15.0,8.0,False,main,True
9556,1,1,6.597585029287623,1.4024149707123774,0.8246981286609528,0.9786451798894799,16.0,8.0,False,main,True
9556,2,2,7.597585029287623,1.4024149707123774,0.8441761143652914,0.9813617998638021,13.0,7.0,False,main,False
9556,3,3,8.597585029287622,1.4024149707123774,0.8597585029287622,0.9834649174044792,10.0,6.0,False,main,False
9556,4,4,9.597585029287622,1.4024149707123774,0.8725077299352383,0.985141350607523,8.0,5.0,False,main,False
9556,5,5,10.597585029287622,1.4024149707123774,0.8831320857739685,0.986509031992531,6.0,4.0,False,main,False
9556,6,6,11.597585029287622,1.4024149707123774,0.892121925329817,0.987646087627636,4.0,3.0,False,main,False
9556,7,7,12.597585029287622,1.4024149707123774,0.8998275020919729,0.9886063292195332,2.0,2.0,False,main,False
9556,8,8,13.597585029287622,1.4024149707123774,0.9065056686191748,0.9894280320835478,1.0,1.0,False,main,False
9556,9,9,14.597585029287622,1.4024149707123774,0.9123490643304764,0.9901391657042204,-1.0,-1.0,True,main,False
5824,0,1,5.600143882067237,2.3998561179327624,0.7000179852584046,0.9193448517320365,37.0,14.0,False,main,True
11059,1,1,6.658306201045606,1.341693798954394,0.8322882751307008,0.9812011133495122,15.0,8.0,False,main,True
11059,2,2,7.658306201045606,1.341693798954394,0.8509229112272896,0.9835853582845115,12.0,7.0,False,main,False
11059,3,3,8.658306201045606,1.341693798954394,0.8658306201045607,0.9854326577485956,10.0,6.0,False,main,False
11059,4,4,9.658306201045606,1.341693798954394,0.8780278364586915,0.9869060964237582,8.0,5.0,False,main,False
11059,5,5,10.658306201045606,1.341693798954394,0.8881921834204672,0.9881087691309892,6.0,4.0,False,main,False
11059,6,6,11.658306201045606,1.341693798954394,0.8967927846958159,0.9891090476607879,4.0,3.0,False,main,False
11059,7,7,12.658306201045606,1.341693798954394,0.9041647286461147,0.9899540669270465,2.0,2.0,False,main,False
11059,8,8,13.658306201045606,1.341693798954394,0.9105537467363738,0.9906773776385919,1.0,1.0,False,main,False
11059,9,9,14.658306201045606,1.341693798954394,0.9161441375653504,0.9913035117973942,-1.0,-1.0,True,main,False
2818,1,1,6.664559726483068,1.3354402735169315,0.8330699658103835,0.9814561007640532,15.0,8.0,False,main,True
8623,1,1,6.6861677618840245,1.313832238115976,0.8357709702355031,0.982325118208709,15.0,8.0,False,main,True
1624,1,1,6.711076166184198,1.2889238338158018,0.8388845207730248,0.9833034410527929,15.0,8.0,False,main,True
1278,0,1,5.789958971431085,2.2100410285689147,0.7237448714288857,0.9328127052490967,33.0,14.0,False,main,True
9622,1,1,6.613391290933143,1.3866087090668568,0.8266739113666429,0.9793243460058482,16.0,8.0,False,main,True
9622,2,2,7.613391290933143,1.3866087090668568,0.8459323656592381,0.981952503988383,13.0,7.0,False,main,False
9622,3,3,8.613391290933144,1.3866087090668568,0.8613391290933142,0.9839875654568302,10.0,6.0,False,main,False
9622,4,4,9.613391290933144,1.3866087090668568,0.8739446628121039,0.9856100138121132,8.0,5.0,False,main,False
9622,5,5,10.613391290933144,1.3866087090668568,0.8844492742444285,0.9869338242586558,6.0,4.0,False,main,False
9622,6,6,11.613391290933144,1.3866087090668568,0.8933377916102417,0.988034522882084,4.0,3.0,False,main,False
9622,7,7,12.613391290933144,1.3866087090668568,0.9009565207809388,0.9889641425550363,2.0,2.0,False,main,False
9622,8,8,13.613391290933144,1.3866087090668568,0.9075594193955429,0.9897597003553388,1.0,1.0,False,main,False
9622,9,9,14.613391290933144,1.3866087090668568,0.9133369556833215,0.9904482506119351,-1.0,-1.0,True,main,False
6305,1,1,6.630196714699849,1.3698032853001503,0.8287745893374812,0.9800358225465583,15.0,8.0,False,main,True
11036,1,1,6.60204365566869,1.3979563443313099,0.8252554569585863,0.9788377341876159,16.0,8.0,False,main,True
11036,2,2,7.60204365566869,1.3979563443313099,0.8446715172965211,0.9815292634721227,13.0,7.0,False,main,False
11036,3,3,8.602043655668691,1.3979563443313099,0.8602043655668691,0.9836130802892105,10.0,6.0,False,main,False
11036,4,4,9.602043655668691,1.3979563443313099,0.8729130596062447,0.9852742047037714,8.0,5.0,False,main,False
11036,5,5,10.602043655668691,1.3979563443313099,0.883503637972391,0.9866294462157988,6.0,4.0,False,main,False
11036,6,6,11.602043655668691,1.3979563443313099,0.8924648965898994,0.9877561931743979,4.0,3.0,False,main,False
11036,7,7,12.602043655668691,1.3979563443313099,0.9001459754049065,0.9887077526215514,2.0,2.0,False,main,False
11036,8,8,13.602043655668691,1.3979563443313099,0.9068029103779127,0.9895220429396633,1.0,1.0,False,main,False
11036,9,9,14.602043655668691,1.3979563443313099,0.9126277284792932,0.9902267740264946,-1.0,-1.0,True,main,False
11582,1,1,6.831210767882887,1.1687892321171136,0.8539013459853608,0.9876582672433227,14.0,8.0,False,main,True
11582,2,2,7.831210767882887,1.1687892321171136,0.8701345297647651,0.989209826913514,11.0,7.0,False,main,False
11582,3,3,8.831210767882887,1.1687892321171136,0.8831210767882887,0.9904147735683412,9.0,6.0,False,main,False
11582,4,4,9.831210767882887,1.1687892321171136,0.8937464334438988,0.9913776015472661,7.0,5.0,False,main,False
11582,5,5,10.831210767882887,1.1687892321171136,0.9026008973235738,0.9921646328891766,5.0,4.0,False,main,False
11582,6,6,11.831210767882887,1.1687892321171136,0.9100931359909913,0.9928199910394404,4.0,3.0,False,main,False
11582,7,7,12.831210767882887,1.1687892321171136,0.9165150548487776,0.9933741720707512,2.0,2.0,False,main,False
11582,8,8,13.831210767882887,1.1687892321171136,0.9220807178588591,0.9938489289344064,1.0,1.0,False,main,False
11582,9,9,14.831210767882887,1.1687892321171136,0.9269506729926804,0.9942601953846908,-1.0,-1.0,True,main,False
2673,1,1,6.724088406660904,1.2759115933390954,0.840511050832613,0.9838044296743106,15.0,8.0,False,main,True
1478,1,1,6.6324681286508005,1.3675318713491993,0.8290585160813501,0.9801311399794298,15.0,8.0,False,main,True
1625,1,1,6.880164934898143,1.119835065101857,0.8600206168622678,0.9892537337156837,13.0,8.0,False,main,True
5681,1,1,6.594497050962343,1.4055029490376567,0.8243121313702929,0.9785113720571371,16.0,8.0,False,main,True
9606,0,1,5.716804426004208,2.2831955739957923,0.714600553250526,0.9277291588402452,34.0,14.0,False,main,True
9606,0,2,5.716804426004208,3.2831955739957923,0.6352004917782453,0.8672861816675073,59.0,19.0,False,main,False
9606,0,3,5.716804426004208,4.283195573995792,0.5716804426004207,0.8089740456253066,97.0,26.0,False,main,True
9606,0,4,5.716804426004208,5.283195573995792,0.5197094932731098,0.7554593091891351,159.0,35.0,False,main,True
6851,1,1,6.668955104866923,1.3310448951330769,0.8336193881083653,0.9816343885130299,15.0,8.0,False,main,True
6851,2,2,7.668955104866923,1.3310448951330769,0.8521061227629914,0.9839624378169632,12.0,7.0,False,main,True
6851,3,3,8.668955104866923,1.3310448951330769,0.8668955104866922,0.9857664542375152,10.0,6.0,False,main,False
6851,4,4,9.668955104866923,1.3310448951330769,0.8789959186242657,0.9872055283251404,8.0,5.0,False,main,False
6851,5,5,10.668955104866923,1.3310448951330769,0.8890795920722435,0.9883802547463374,6.0,4.0,False,main,False
6851,6,6,11.668955104866923,1.3310448951330769,0.8976119311436095,0.9893573601029979,4.0,3.0,False,main,False
6851,7,7,12.668955104866923,1.3310448951330769,0.9049253646333516,0.9901828523037017,2.0,2.0,False,main,False
6851,8,8,13.668955104866923,1.3310448951330769,0.9112636736577948,0.9908894840611925,1.0,1.0,False,main,False
6851,9,9,14.668955104866923,1.3310448951330769,0.9168096940541827,0.991501206469657,-1.0,-1.0,True,main,False
11243,1,1,6.849644508147597,1.1503554918524026,0.8562055635184497,0.9882715212824901,14.0,8.0,False,main,True
11243,2,2,7.849644508147597,1.1503554918524026,0.8721827231275108,0.9897445729252305,11.0,7.0,False,main,False
11243,3,3,8.849644508147598,1.1503554918524026,0.8849644508147598,0.9908888375439964,9.0,6.0,False,main,False
11243,4,4,9.849644508147598,1.1503554918524026,0.895422228013418,0.9918033556482146,7.0,5.0,False,main,False
11243,5,5,10.849644508147598,1.1503554918524026,0.9041370423456332,0.9925510147810621,5.0,4.0,False,main,False
11243,6,6,11.849644508147598,1.1503554918524026,0.9115111160113537,0.9931736676584578,4.0,3.0,False,main,False
11243,7,7,12.849644508147598,1.1503554918524026,0.9178317505819713,0.993700248892519,2.0,2.0,False,main,False
11243,8,8,13.849644508147598,1.1503554918524026,0.9233096338765066,0.9941514023387442,1.0,1.0,False,main,False
11243,9,9,14.849644508147598,1.1503554918524026,0.9281027817592249,0.9945422522493554,-1.0,-1.0,True,main,False
1090,1,1,6.800680943671929,1.1993190563280711,0.8500851179589911,0.9866099070272948,14.0,8.0,False,main,True
1090,2,2,7.800680943671929,1.1993190563280711,0.8667423270746588,0.9882959218122646,11.0,7.0,False,main,False
1090,3,3,8.800680943671928,1.1993190563280711,0.8800680943671928,0.9896047434641712,9.0,6.0,False,main,False
1090,4,4,9.800680943671928,1.1993190563280711,0.8909709948792662,0.9906502365613775,7.0,5.0,False,main,False
1090,5,5,10.800680943671928,1.1993190563280711,0.900056745305994,0.9915046190473978,5.0,4.0,False,main,False
1090,6,6,11.800680943671928,1.1993190563280711,0.9077446879747637,0.9922159099130294,4.0,3.0,False,main,False
1090,7,7,12.800680943671928,1.1993190563280711,0.9143343531194235,0.9928172825736333,2.0,2.0,False,main,False
1090,8,8,13.800680943671928,1.1993190563280711,0.9200453962447952,0.9933323908498355,1.0,1.0,False,main,False
1090,9,9,14.800680943671928,1.1993190563280711,0.9250425589794955,0.9937785553855522,-1.0,-1.0,True,main,False
10244,0,1,5.593369851035577,2.4066301489644224,0.6991712313794471,0.9188477668917264,37.0,14.0,False,main,True
10244,0,2,5.593369851035577,3.4066301489644224,0.621485539003953,0.8574723701273235,64.0,20.0,False,main,False
10244,0,3,5.593369851035577,4.406630148964423,0.5593369851035577,0.7989841122659387,107.0,27.0,False,main,False
10244,0,4,5.593369851035577,5.406630148964423,0.5084881682759615,0.7456125896337058,178.0,37.0,False,main,True
10244,0,5,5.593369851035577,6.406630148964423,0.46611415425296476,0.6976410269700257,297.0,48.0,False,main,True
6312,1,1,6.587850088686544,1.4121499113134564,0.823481261085818,0.978222107391665,16.0,8.0,False,main,True
1220,1,1,6.80043307549262,1.19956692450738,0.8500541344365775,0.9866012301416077,14.0,8.0,False,main,True
1220,2,2,7.80043307549262,1.19956692450738,0.8667147861658466,0.9882883590254612,11.0,7.0,False,main,False
1220,3,3,8.80043307549262,1.19956692450738,0.880043307549262,0.9895980411264396,9.0,6.0,False,main,False
1220,4,4,9.80043307549262,1.19956692450738,0.89094846140842,0.9906442188191456,7.0,5.0,False,main,False
1220,5,5,10.80043307549262,1.19956692450738,0.900036089624385,0.9914991589723595,5.0,4.0,False,main,False
1220,6,6,11.80043307549262,1.19956692450738,0.90772562119174,0.992210912889624,4.0,3.0,False,main,False
1220,7,7,12.80043307549262,1.19956692450738,0.9143166482494729,0.9928126761869884,2.0,2.0,False,main,False
1220,8,8,13.80043307549262,1.19956692450738,0.920028871699508,0.9933281184429193,1.0,1.0,False,main,False
1220,9,9,14.80043307549262,1.19956692450738,0.9250270672182888,0.9937745717957591,-1.0,-1.0,True,main,False
1459,1,1,6.598146669807178,1.4018533301928224,0.8247683337258972,0.9786694774755553,16.0,8.0,False,main,True
10757,1,1,6.79429912916314,1.2057008708368597,0.8492873911453925,0.986385662073424,14.0,8.0,False,main,True
10757,2,2,7.79429912916314,1.2057008708368597,0.8660332365736823,0.9881004761269595,11.0,7.0,False,main,False
10757,3,3,8.79429912916314,1.2057008708368597,0.8794299129163139,0.9894315388813318,9.0,6.0,False,main,False
10757,4,4,9.79429912916314,1.2057008708368597,0.8903908299239217,0.9904947267360559,7.0,5.0,False,main,False
10757,5,5,10.79429912916314,1.2057008708368597,0.8995249274302616,0.9913635227165439,5.0,4.0,False,main,False
10757,6,6,11.79429912916314,1.2057008708368597,0.9072537791663954,0.9920867812697669,4.0,3.0,False,main,False
10757,7,7,12.79429912916314,1.2057008708368597,0.9138785092259385,0.9926982497788446,2.0,2.0,False,main,False
10757,8,8,13.79429912916314,1.2057008708368597,0.9196199419442093,0.9932219894390967,1.0,1.0,False,main,False
10757,9,9,14.79429912916314,1.2057008708368597,0.9246436955726962,0.993675618036911,-1.0,-1.0,True,main,False
9127,0,1,5.610303261970343,2.3896967380296568,0.7012879077462929,0.9200882750913018,37.0,14.0,False,main,True
6762,0,1,5.839311070647785,2.160688929352215,0.7299138838309731,0.93616419596552,32.0,13.0,False,main,True
11095,1,1,6.768413967446864,1.231586032553136,0.846051745930858,0.985458228733391,14.0,8.0,False,main,True
11095,2,2,7.768413967446864,1.231586032553136,0.863157107494096,0.987292293924651,12.0,7.0,False,main,False
11095,3,3,8.768413967446865,1.231586032553136,0.8768413967446864,0.9887154222370642,9.0,6.0,False,main,False
11095,4,4,9.768413967446865,1.231586032553136,0.8880376334042605,0.9898518380739435,7.0,5.0,False,main,False
11095,5,5,10.768413967446865,1.231586032553136,0.897367830620572,0.9907802709967565,5.0,4.0,False,main,False
11095,6,6,11.768413967446865,1.231586032553136,0.905262612880528,0.9915530387491159,4.0,3.0,False,main,False
11095,7,7,12.768413967446865,1.231586032553136,0.9120295691033474,0.9922062672067544,2.0,2.0,False,main,False
11095,8,8,13.768413967446865,1.231586032553136,0.9178942644964576,0.9927657052185794,1.0,1.0,False,main,False
11095,9,9,14.768413967446865,1.231586032553136,0.923025872965429,0.993250201262239,-1.0,-1.0,True,main,False
10252,0,1,5.837473360670818,2.162526639329182,0.7296841700838522,0.9360405415730706,32.0,13.0,False,main,True
10252,0,2,5.837473360670818,3.162526639329182,0.6486081511856464,0.8766487034489433,54.0,19.0,False,main,False
10252,0,3,5.837473360670818,4.162526639329182,0.5837473360670817,0.8185761462184327,88.0,25.0,False,main,False
10252,0,4,5.837473360670818,5.162526639329182,0.5306793964246198,0.7649597942605078,143.0,34.0,False,main,True
10252,0,5,5.837473360670818,6.162526639329182,0.48645611338923483,0.7164520635985374,231.0,44.0,False,main,True
8992,1,1,6.786819420972072,1.2131805790279284,0.848352427621509,0.9861206124654621,14.0,8.0,False,main,True
10852,1,1,6.644950029126757,1.3550499708732435,0.8306187536408446,0.9806513147028232,15.0,8.0,False,main,True
10852,2,2,7.644950029126757,1.3550499708732435,0.8494388921251952,0.9831069309273707,12.0,7.0,False,main,False
10852,3,3,8.644950029126758,1.3550499708732435,0.8644950029126756,0.9850091888543928,10.0,6.0,False,main,False
10852,4,4,9.644950029126758,1.3550499708732435,0.8768136390115233,0.9865262537638733,8.0,5.0,False,main,False
10852,5,5,10.644950029126758,1.3550499708732435,0.8870791690938963,0.9877643994009349,6.0,4.0,False,main,False
10852,6,6,11.644950029126758,1.3550499708732435,0.8957653868559043,0.9887940887243025,4.0,3.0,False,main,False
10852,7,7,12.644950029126758,1.3550499708732435,0.9032107163661969,0.9896638887919353,2.0,2.0,False,main,False
10852,8,8,13.644950029126758,1.3550499708732435,0.9096633352751171,0.9904083641518315,1.0,1.0,False,main,False
10852,9,9,14.644950029126758,1.3550499708732435,0.9153093768204223,0.9910527847071332,-1.0,-1.0,True,main,False
4026,1,1,6.644194077111784,1.355805922888216,0.830524259638973,0.9806199853844828,15.0,8.0,False,main,True
4026,2,2,7.644194077111784,1.355805922888216,0.8493548974568649,0.983079670669456,12.0,7.0,False,main,True
4026,3,3,8.644194077111784,1.355805922888216,0.8644194077111784,0.984985061478611,10.0,6.0,False,main,False
4026,4,4,9.644194077111784,1.355805922888216,0.8767449161010713,0.9865046130124488,8.0,5.0,False,main,False
4026,5,5,10.644194077111784,1.355805922888216,0.8870161730926487,0.9877447803751233,6.0,4.0,False,main,False
4026,6,6,11.644194077111784,1.355805922888216,0.8957072367009065,0.9887761458048745,4.0,3.0,False,main,False
4026,7,7,12.644194077111784,1.355805922888216,0.9031567197936988,0.9896473580362551,2.0,2.0,False,main,False
4026,8,8,13.644194077111784,1.355805922888216,0.909612938474119,0.9903930394303007,1.0,1.0,False,main,False
4026,9,9,14.644194077111784,1.355805922888216,0.9152621298194865,0.9910385019637467,-1.0,-1.0,True,main,False
5965,1,1,6.602893555820779,1.397106444179221,0.8253616944775973,0.9788743519545218,16.0,8.0,False,main,True
6067,1,1,6.593616483422034,1.4063835165779661,0.8242020604277542,0.9784731484201289,16.0,8.0,False,main,True
9289,1,1,6.867128190405475,1.1328718095945254,0.8583910238006843,0.988839271130326,13.0,8.0,False,main,True
3394,1,1,6.839105622080102,1.160894377919898,0.8548882027600128,0.9879227456825059,14.0,8.0,False,main,True
3394,2,2,7.839105622080102,1.160894377919898,0.871011735786678,0.9894404339297928,11.0,7.0,False,main,False
3394,3,3,8.839105622080101,1.160894377919898,0.8839105622080101,0.9906192027206957,9.0,6.0,False,main,False
3394,4,4,9.839105622080101,1.160894377919898,0.8944641474618273,0.9915611917965594,7.0,5.0,False,main,False
3394,5,5,10.839105622080101,1.160894377919898,0.9032588018400084,0.992331240674307,5.0,4.0,False,main,False
3394,6,6,11.839105622080101,1.160894377919898,0.9107004324677,0.9929724927613894,4.0,3.0,False,main,False
3394,7,7,12.839105622080101,1.160894377919898,0.9170789730057215,0.9935147702863538,2.0,2.0,False,main,False
3394,8,8,13.839105622080101,1.160894377919898,0.9226070414720068,0.9939793476177855,1.0,1.0,False,main,False
3394,9,9,14.839105622080101,1.160894377919898,0.9274441013800063,0.9943818092314269,-1.0,-1.0,True,main,False
336,1,1,6.657257881657244,1.3427421183427564,0.8321572352071555,0.9811582157781559,15.0,8.0,False,main,True
11569,1,1,6.674005766641141,1.3259942333588595,0.8342507208301426,0.9818383016009946,15.0,8.0,False,main,True
11569,2,2,7.674005766641141,1.3259942333588595,0.8526673074045712,0.9841399186477247,12.0,7.0,False,main,False
11569,3,3,8.674005766641141,1.3259942333588595,0.8674005766641141,0.9859235731985068,10.0,6.0,False,main,False
11569,4,4,9.674005766641141,1.3259942333588595,0.8794550696946491,0.9873464790189164,8.0,5.0,False,main,False
11569,5,5,10.674005766641141,1.3259942333588595,0.8895004805534285,0.9885080556719898,6.0,4.0,False,main,False
11569,6,6,11.674005766641141,1.3259942333588595,0.8980004435877801,0.9894742563375755,4.0,3.0,False,main,False
11569,7,7,12.674005766641141,1.3259942333588595,0.9052861261886529,0.9902905590162953,2.0,2.0,False,main,False
11569,8,8,13.674005766641141,1.3259942333588595,0.9116003844427427,0.9909893411579059,1.0,1.0,False,main,False
11569,9,9,14.674005766641141,1.3259942333588595,0.9171253604150713,0.9915942806490009,-1.0,-1.0,True,main,False
1654,0,1,5.619340326820466,2.380659673179534,0.7024175408525583,0.920747466710097,37.0,14.0,False,main,True
3309,0,1,5.5929067550628275,2.407093244937173,0.6991133443828534,0.9188137439934241,37.0,14.0,False,main,True
5753,1,1,6.869310950049517,1.1306890499504831,0.8586638687561896,0.9889091957797627,13.0,8.0,False,main,True
11548,0,1,5.641574669972833,2.358425330027167,0.7051968337466041,0.9223608323155644,36.0,14.0,False,main,True
2265,1,1,6.7289063427398705,1.271093657260129,0.8411132928424838,0.983988155527982,15.0,8.0,False,main,True
3656,1,1,6.768028544149806,1.2319714558501933,0.8460035680187258,0.9854442040797713,14.0,8.0,False,main,True
4926,1,1,6.769653903706809,1.2303460962931914,0.8462067379633511,0.9855033044387178,14.0,8.0,False,main,True
4926,2,2,7.769653903706809,1.2303460962931914,0.8632948781896455,0.9873315684532745,12.0,7.0,False,main,False
4926,3,3,8.769653903706809,1.2303460962931914,0.8769653903706809,0.9887502191717898,9.0,6.0,False,main,False
4926,4,4,9.769653903706809,1.2303460962931914,0.8881503548824372,0.989883074249685,7.0,5.0,False,main,False
4926,5,5,10.769653903706809,1.2303460962931914,0.897471158642234,0.9908086077228255,5.0,4.0,False,main,False
4926,6,6,11.769653903706809,1.2303460962931914,0.9053579925928315,0.9915789687147358,4.0,3.0,False,main,False
4926,7,7,12.769653903706809,1.2303460962931914,0.9121181359790578,0.9922301673282934,2.0,2.0,False,main,False
4926,8,8,13.769653903706809,1.2303460962931914,0.9179769269137873,0.992787870283937,1.0,1.0,False,main,False
4926,9,9,14.769653903706809,1.2303460962931914,0.9231033689816756,0.9932708661795239,-1.0,-1.0,True,main,False
11322,1,1,6.712251546229062,1.2877484537709378,0.8390314432786328,0.9833489806884459,15.0,8.0,False,main,True
11322,2,2,7.712251546229062,1.2877484537709378,0.8569168384698957,0.9854550843381411,12.0,7.0,False,main,True
11322,3,3,8.712251546229062,1.2877484537709378,0.8712251546229062,0.9870880620507875,9.0,6.0,False,main,False
11322,4,4,9.712251546229062,1.2877484537709378,0.8829319587480966,0.9883912838765246,7.0,5.0,False,main,False
11322,5,5,10.712251546229062,1.2877484537709378,0.8926876288524218,0.989455495082049,6.0,4.0,False,main,False
11322,6,6,11.712251546229062,1.2877484537709378,0.9009424266330048,0.990340936361126,4.0,3.0,False,main,False
11322,7,7,12.712251546229062,1.2877484537709378,0.9080179675877902,0.9910891700042833,2.0,2.0,False,main,False
11322,8,8,13.712251546229062,1.2877484537709378,0.9141501030819374,0.9917297994292743,1.0,1.0,False,main,False
11322,9,9,14.712251546229062,1.2877484537709378,0.9195157216393164,0.9922844822633359,-1.0,-1.0,True,main,False
5086,2,2,7.770231358116849,1.2297686418831513,0.863359039790761,0.9873498399199958,12.0,7.0,False,main,True
5086,3,3,8.770231358116849,1.2297686418831513,0.8770231358116849,0.9887664076757071,9.0,6.0,False,main,False
5086,4,4,9.770231358116849,1.2297686418831513,0.8882028507378954,0.989897606276367,7.0,5.0,False,main,False
5086,5,5,10.770231358116849,1.2297686418831513,0.8975192798430708,0.9908217909005863,5.0,4.0,False,main,False
5086,6,6,11.770231358116849,1.2297686418831513,0.9054024121628346,0.9915910322366663,4.0,3.0,False,main,False
5086,7,7,12.770231358116849,1.2297686418831513,0.9121593827226321,0.9922412865335948,2.0,2.0,False,main,False
5086,8,8,13.770231358116849,1.2297686418831513,0.9180154238744566,0.9927981823076141,1.0,1.0,False,main,False
5086,9,9,14.770231358116849,1.2297686418831513,0.9231394598823031,0.9932804803015604,-1.0,-1.0,True,main,False
3990,2,2,7.735636178134827,1.2643638218651727,0.8595151309038697,0.9862338173999731,12.0,7.0,False,main,True
3990,3,3,8.735636178134827,1.2643638218651727,0.8735636178134827,0.9877777539527067,9.0,6.0,False,main,False
3990,4,4,9.735636178134827,1.2643638218651727,0.8850578343758934,0.9890102159404348,7.0,5.0,False,main,False
3990,5,5,10.735636178134827,1.2643638218651727,0.8946363481779023,0.990016840780356,6.0,4.0,False,main,False
3990,6,6,11.735636178134827,1.2643638218651727,0.9027412444719098,0.9908545025894495,4.0,3.0,False,main,False
3990,7,7,12.735636178134827,1.2643638218651727,0.909688298438202,0.991562454449042,2.0,2.0,False,main,False
3990,8,8,13.735636178134827,1.2643638218651727,0.9157090785423219,0.9921686629519474,1.0,1.0,False,main,False
3990,9,9,14.735636178134827,1.2643638218651727,0.9209772611334267,0.9926935931189412,-1.0,-1.0,True,main,False
1459,2,2,7.598146669807178,1.4018533301928224,0.8442385188674641,0.981382930917035,13.0,7.0,False,main,True
1459,3,3,8.598146669807178,1.4018533301928224,0.8598146669807178,0.9834836127338392,10.0,6.0,False,main,False
1459,4,4,9.598146669807178,1.4018533301928224,0.872558788164289,0.9851581140473826,8.0,5.0,False,main,False
1459,5,5,10.598146669807178,1.4018533301928224,0.8831788891505982,0.9865242256223327,6.0,4.0,False,main,False
1459,6,6,11.598146669807178,1.4018533301928224,0.892165128446706,0.9876599804119525,4.0,3.0,False,main,False
1459,7,7,12.598146669807178,1.4018533301928224,0.8998676192719414,0.9886191264268553,2.0,2.0,False,main,False
1459,8,8,13.598146669807178,1.4018533301928224,0.9065431113204786,0.9894398939337554,1.0,1.0,False,main,False
1459,9,9,14.598146669807178,1.4018533301928224,0.9123841668629487,0.9901502196556122,-1.0,-1.0,True,main,False
6331,2,2,7.65794596827768,1.3420540317223197,0.8508828853641867,0.9835725343804258,12.0,7.0,False,main,True
6331,3,3,8.65794596827768,1.3420540317223197,0.865794596827768,0.9854213063533177,10.0,6.0,False,main,False
6331,4,4,9.65794596827768,1.3420540317223197,0.8779950880252436,0.9868959140285759,8.0,5.0,False,main,False
6331,5,5,10.65794596827768,1.3420540317223197,0.88816216402314,0.9880995373370693,6.0,4.0,False,main,False
6331,6,6,11.65794596827768,1.3420540317223197,0.8967650744828984,0.9891006040662983,4.0,3.0,False,main,False
6331,7,7,12.65794596827768,1.3420540317223197,0.90413899773412,0.9899462874852932,2.0,2.0,False,main,False
6331,8,8,13.65794596827768,1.3420540317223197,0.910529731218512,0.9906701654582721,1.0,1.0,False,main,False
6331,9,9,14.65794596827768,1.3420540317223197,0.916121623017355,0.9912967897535837,-1.0,-1.0,True,main,False
3748,2,2,7.680232789948303,1.3197672100516962,0.8533591988831448,0.9843575236028265,12.0,7.0,False,main,True
3748,3,3,8.680232789948302,1.3197672100516962,0.8680232789948304,0.9861162219814056,10.0,6.0,False,main,False
3748,4,4,9.680232789948302,1.3197672100516962,0.8800211627225731,0.9875193097274967,8.0,5.0,False,main,False
3748,5,5,10.680232789948302,1.3197672100516962,0.8900193991623587,0.9886647670885076,6.0,4.0,False,main,False
3748,6,6,11.680232789948302,1.3197672100516962,0.8984794453806387,0.9896175997814854,4.0,3.0,False,main,False
3748,7,7,12.680232789948302,1.3197672100516962,0.905730913567736,0.9904226365766061,2.0,2.0,False,main,False
3748,8,8,13.680232789948302,1.3197672100516962,0.9120155193298869,0.9911117951145144,1.0,1.0,False,main,False
3748,9,9,14.680232789948302,1.3197672100516962,0.917514549371769,0.9917084184930043,-1.0,-1.0,True,main,False
9922,0,6,5.60465791806512,7.39534208193488,0.4311275321588554,0.6555602424652565,503.0,63.0,False,main,True
1744,2,2,7.660481361925308,1.3395186380746917,0.8511645957694787,0.9836626973044434,12.0,7.0,False,main,True
1744,3,3,8.660481361925308,1.3395186380746917,0.8660481361925308,0.9855011170116658,10.0,6.0,False,main,False
1744,4,4,9.660481361925308,1.3395186380746917,0.8782255783568462,0.9869675060590999,8.0,5.0,False,main,False
1744,5,5,10.660481361925308,1.3395186380746917,0.8883734468271091,0.9881644460990042,6.0,4.0,False,main,False
1744,6,6,11.660481361925308,1.3395186380746917,0.8969601047634852,0.9891599712773177,4.0,3.0,False,main,False
1744,7,7,12.660481361925308,1.3395186380746917,0.9043200972803792,0.990000985232011,2.0,2.0,False,main,False
1744,8,8,13.660481361925308,1.3395186380746917,0.9106987574616873,0.9907208749251656,1.0,1.0,False,main,False
1744,9,9,14.660481361925308,1.3395186380746917,0.9162800851203318,0.9913440531654375,-1.0,-1.0,True,main,False
5626,2,2,7.678330459889893,1.3216695401101073,0.8531478288766547,0.9842911885943465,12.0,7.0,False,main,True
5626,3,3,8.678330459889892,1.3216695401101073,0.8678330459889892,0.9860574935917698,10.0,6.0,False,main,False
5626,4,4,9.678330459889892,1.3216695401101073,0.8798482236263538,0.9874666220702726,8.0,5.0,False,main,False
5626,5,5,10.678330459889892,1.3216695401101073,0.8898608716574911,0.9886169928705636,6.0,4.0,False,main,False
5626,6,6,11.678330459889892,1.3216695401101073,0.8983331122992225,0.9895739004406472,4.0,3.0,False,main,False
5626,7,7,12.678330459889892,1.3216695401101073,0.905595032849278,0.9903823714072114,2.0,2.0,False,main,False
5626,8,8,13.678330459889892,1.3216695401101073,0.9118886973259929,0.9910744635456109,1.0,1.0,False,main,False
5626,9,9,14.678330459889892,1.3216695401101073,0.9173956537431183,0.991673621989543,-1.0,-1.0,True,main,False
12132,2,2,7.606578685823112,1.3934213141768883,0.8451754095359013,0.9816989221997625,13.0,7.0,False,main,True
12132,3,3,8.606578685823113,1.3934213141768883,0.8606578685823111,0.983763190890095,10.0,6.0,False,main,False
12132,4,4,9.606578685823113,1.3934213141768883,0.8733253350748283,0.9854088092108363,8.0,5.0,False,main,False
12132,5,5,10.606578685823113,1.3934213141768883,0.883881557151926,0.9867514498300561,6.0,4.0,False,main,False
12132,6,6,11.606578685823113,1.3934213141768883,0.8928137450633162,0.9878677542139527,4.0,3.0,False,main,False
12132,7,7,12.606578685823113,1.3934213141768883,0.9004699061302223,0.9888105184212492,2.0,2.0,False,main,False
12132,8,8,13.606578685823113,1.3934213141768883,0.9071052457215407,0.9896172994037233,1.0,1.0,False,main,False
12132,9,9,14.606578685823113,1.3934213141768883,0.9129111678639446,0.9903155441838123,-1.0,-1.0,True,main,False
5845,2,2,7.637586785088306,1.3624132149116939,0.8486207538987007,0.9828405818153313,12.0,7.0,False,main,True
5845,3,3,8.637586785088306,1.3624132149116939,0.8637586785088306,0.9847734563542422,10.0,6.0,False,main,False
5845,4,4,9.637586785088306,1.3624132149116939,0.876144253189846,0.9863148209778841,8.0,5.0,False,main,False
5845,5,5,10.637586785088306,1.3624132149116939,0.8864655654240255,0.987572722462865,6.0,4.0,False,main,False
5845,6,6,11.637586785088306,1.3624132149116939,0.8951989834683313,0.9886187897839115,4.0,3.0,False,main,False
5845,7,7,12.637586785088306,1.3624132149116939,0.9026847703634504,0.9895023883708935,2.0,2.0,False,main,False
5845,8,8,13.637586785088306,1.3624132149116939,0.9091724523392204,0.9902586478492269,1.0,1.0,False,main,False
5845,9,9,14.637586785088306,1.3624132149116939,0.9148491740680191,0.9909132493385098,-1.0,-1.0,True,main,False
3956,2,2,7.619540156337585,1.3804598436624147,0.8466155729263983,0.9821800527704954,12.0,7.0,False,main,True
3956,3,3,8.619540156337585,1.3804598436624147,0.8619540156337585,0.9841889162795406,10.0,6.0,False,main,False
3956,4,4,9.619540156337585,1.3804598436624147,0.8745036505761441,0.9857905798332542,8.0,5.0,False,main,False
3956,5,5,10.619540156337585,1.3804598436624147,0.8849616796947988,0.9870974971898526,6.0,4.0,False,main,False
3956,6,6,11.619540156337585,1.3804598436624147,0.8938107812567373,0.9881841945386299,4.0,3.0,False,main,False
3956,7,7,12.619540156337585,1.3804598436624147,0.9013957254526846,0.9891020204890845,2.0,2.0,False,main,False
3956,8,8,13.619540156337585,1.3804598436624147,0.907969343755839,0.9898875080191778,1.0,1.0,False,main,False
3956,9,9,14.619540156337585,1.3804598436624147,0.9137212597710991,0.9905673592995218,-1.0,-1.0,True,main,False
336,2,2,7.657257881657244,1.3427421183427564,0.8508064312952492,0.983548026888235,12.0,7.0,False,main,True
336,3,3,8.657257881657245,1.3427421183427564,0.8657257881657244,0.9853996130360128,10.0,6.0,False,main,False
336,4,4,9.657257881657245,1.3427421183427564,0.8779325346961131,0.9868764548196001,8.0,5.0,False,main,False
336,5,5,10.657257881657245,1.3427421183427564,0.888104823471437,0.9880818948367679,6.0,4.0,False,main,False
336,6,6,11.657257881657245,1.3427421183427564,0.896712144742865,0.9890844678982031,4.0,3.0,False,main,False
336,7,7,12.657257881657245,1.3427421183427564,0.9040898486898031,0.989931420577625,2.0,2.0,False,main,False
336,8,8,13.657257881657245,1.3427421183427564,0.9104838587771497,0.990656382638398,1.0,1.0,False,main,False
336,9,9,14.657257881657245,1.3427421183427564,0.9160786176035778,0.9912839436259091,-1.0,-1.0,True,main,False
3440,2,2,7.803019592808242,1.196980407191758,0.8670021769786936,0.9883671644059495,11.0,7.0,False,main,True
3440,3,3,8.803019592808242,1.196980407191758,0.8803019592808242,0.9896678811806633,9.0,6.0,False,main,False
3440,4,4,9.803019592808242,1.196980407191758,0.8911835993462038,0.9907069256997625,7.0,5.0,False,main,False
3440,5,5,10.803019592808242,1.196980407191758,0.9002516327340202,0.9915560551311248,5.0,4.0,False,main,False
3440,6,6,11.803019592808242,1.196980407191758,0.9079245840621725,0.9922629841352728,4.0,3.0,False,main,False
3440,7,7,12.803019592808242,1.196980407191758,0.914501399486303,0.9928606770295809,2.0,2.0,False,main,False
3440,8,8,13.803019592808242,1.196980407191758,0.9202013061872162,0.993372639215472,1.0,1.0,False,main,False
3440,9,9,14.803019592808242,1.196980407191758,0.9251887245505152,0.9938160830716211,-1.0,-1.0,True,main,False
5753,2,2,7.869310950049517,1.1306890499504831,0.8743678833388352,0.9903007290251961,11.0,7.0,False,main,False
5753,3,3,8.869310950049517,1.1306890499504831,0.8869310950049517,0.9913819608617073,9.0,6.0,False,main,False
5753,4,4,9.869310950049517,1.1306890499504831,0.8972100863681379,0.9922462828660564,7.0,5.0,False,main,False
5753,5,5,10.869310950049517,1.1306890499504831,0.9057759125041264,0.9929530229266703,5.0,4.0,False,main,False
5753,6,6,11.869310950049517,1.1306890499504831,0.9130239192345783,0.9935416790845718,4.0,3.0,False,main,False
5753,7,7,12.869310950049517,1.1306890499504831,0.9192364964321084,0.9940395661010808,2.0,2.0,False,main,False
5753,8,8,13.869310950049517,1.1306890499504831,0.9246207300033011,0.9944661768713331,1.0,1.0,False,main,False
5753,9,9,14.869310950049517,1.1306890499504831,0.9293319343780948,0.9948357953502088,-1.0,-1.0,True,main,False
1968,2,2,7.658386276220391,1.3416137237796097,0.8509318084689323,0.9835882082724694,12.0,7.0,False,main,True
1968,3,3,8.65838627622039,1.3416137237796097,0.8658386276220391,0.9854351804904039,10.0,6.0,False,main,False
1968,4,4,9.65838627622039,1.3416137237796097,0.8780351160200355,0.9869083593694462,8.0,5.0,False,main,False
1968,5,5,10.65838627622039,1.3416137237796097,0.8881988563516993,0.9881108208164864,6.0,4.0,False,main,False
1968,6,6,11.65838627622039,1.3416137237796097,0.8967989443246455,0.9891109241776498,4.0,3.0,False,main,False
1968,7,7,12.65838627622039,1.3416137237796097,0.9041704483014564,0.9899557958430164,2.0,2.0,False,main,False
1968,8,8,13.65838627622039,1.3416137237796097,0.9105590850813594,0.9906789804865406,1.0,1.0,False,main,False
1968,9,9,14.65838627622039,1.3416137237796097,0.9161491422637744,0.9913050057174013,-1.0,-1.0,True,main,False
3656,2,2,7.768028544149806,1.2319714558501933,0.8631142826833118,0.9872800743316412,12.0,7.0,False,main,False
3656,3,3,8.768028544149807,1.2319714558501933,0.8768028544149807,0.9887045958437263,9.0,6.0,False,main,False
3656,4,4,9.768028544149807,1.2319714558501933,0.8880025949227097,0.9898421195939772,7.0,5.0,False,main,False
3656,5,5,10.768028544149807,1.2319714558501933,0.897335712012484,0.9907714546578965,5.0,4.0,False,main,False
3656,6,6,11.768028544149807,1.2319714558501933,0.9052329649346006,0.9915449712488784,4.0,3.0,False,main,False
3656,7,7,12.768028544149807,1.2319714558501933,0.9120020388678434,0.9921988312672477,2.0,2.0,False,main,False
3656,8,8,13.768028544149807,1.2319714558501933,0.9178685696099872,0.992758809117142,1.0,1.0,False,main,False
3656,9,9,14.768028544149807,1.2319714558501933,0.923001784009363,0.993243771908278,-1.0,-1.0,True,main,False
2818,2,2,7.664559726483068,1.3354402735169315,0.8516177473870076,0.9838072686240175,12.0,7.0,False,main,True
2818,3,3,8.664559726483068,1.3354402735169315,0.8664559726483068,0.9856290925523495,10.0,6.0,False,main,False
2818,4,4,9.664559726483068,1.3354402735169315,0.878596338771188,0.987082305598603,8.0,5.0,False,main,False
2818,5,5,10.664559726483068,1.3354402735169315,0.8887133105402557,0.9882685306737308,6.0,4.0,False,main,False
2818,6,6,11.664559726483068,1.3354402735169315,0.8972738251140822,0.989255171057191,4.0,3.0,False,main,False
2818,7,7,12.664559726483068,1.3354402735169315,0.9046114090345049,0.9900886982340801,2.0,2.0,False,main,False
2818,8,8,13.664559726483068,1.3354402735169315,0.9109706484322045,0.9908021931789526,1.0,1.0,False,main,False
2818,9,9,14.664559726483068,1.3354402735169315,0.9165349829051918,0.9914198459579764,-1.0,-1.0,True,main,False
11247,0,6,5.6112845427333236,7.3887154572666764,0.431637272517948,0.6560570960491978,499.0,63.0,False,main,True
4356,2,2,7.8561354125147895,1.14386458748521,0.8729039347238655,0.9899297774278419,11.0,7.0,False,main,True
4356,3,3,8.856135412514789,1.14386458748521,0.8856135412514791,0.9910530425843309,9.0,6.0,False,main,False
4356,4,4,9.856135412514789,1.14386458748521,0.8960123102286173,0.9919508394768679,7.0,5.0,False,main,False
4356,5,5,10.856135412514789,1.14386458748521,0.9046779510428992,0.9926848688410893,5.0,4.0,False,main,False
4356,6,6,11.856135412514789,1.14386458748521,0.9120104163472915,0.9932961984690124,4.0,3.0,False,main,False
4356,7,7,12.856135412514789,1.14386458748521,0.9182953866081993,0.9938132230765367,2.0,2.0,False,main,False
4356,8,8,13.856135412514789,1.14386458748521,0.9237423608343194,0.9942562029488469,1.0,1.0,False,main,False
4356,9,9,14.856135412514789,1.14386458748521,0.9285084632821744,0.9946399823271846,-1.0,-1.0,True,main,False
6084,2,2,7.756420614162381,1.243579385837619,0.8618245126847089,0.9869095143938843,12.0,7.0,False,main,True
6084,3,3,8.75642061416238,1.243579385837619,0.8756420614162381,0.988376301246609,9.0,6.0,False,main,False
6084,4,4,9.75642061416238,1.243579385837619,0.8869473285602165,0.9895474325279153,7.0,5.0,False,main,False
6084,5,5,10.75642061416238,1.243579385837619,0.8963683845135318,0.9905041311942893,5.0,4.0,False,main,False
6084,6,6,11.75642061416238,1.243579385837619,0.9043400472432601,0.9913003600767715,4.0,3.0,False,main,False
6084,7,7,12.75642061416238,1.243579385837619,0.9111729010115986,0.9919733743900894,2.0,2.0,False,main,False
6084,8,8,13.75642061416238,1.243579385837619,0.9170947076108255,0.9925497240341314,1.0,1.0,False,main,False
6084,9,9,14.75642061416238,1.243579385837619,0.9222762883851489,0.9930488414744159,-1.0,-1.0,True,main,False
2304,1,1,6.275740107217967,1.7242598927820332,0.7844675134022459,0.962844347717296,19.0,9.0,False,main,True
4760,1,1,6.531762362230526,1.4682376377694741,0.8164702952788158,0.9757147050802993,16.0,8.0,False,main,True
4760,2,2,7.531762362230526,1.4682376377694741,0.8368624846922806,0.9788141631264803,13.0,7.0,False,main,True
4760,3,3,8.531762362230527,1.4682376377694741,0.8531762362230525,0.9812115651069135,10.0,6.0,False,main,False
4760,4,4,9.531762362230527,1.4682376377694741,0.8665238511118659,0.9831212891472214,8.0,5.0,False,main,False
4760,5,5,10.531762362230527,1.4682376377694741,0.8776468635192104,0.9846784601290401,6.0,4.0,False,main,False
4760,6,6,11.531762362230527,1.4682376377694741,0.8870586432485019,0.985972487082656,4.0,3.0,False,main,False
4760,7,7,12.531762362230527,1.4682376377694741,0.8951258830164661,0.9870648943313448,2.0,2.0,False,main,False
4760,8,8,13.531762362230527,1.4682376377694741,0.9021174908153684,0.9879994086432983,1.0,1.0,False,main,False
4760,9,9,14.531762362230527,1.4682376377694741,0.9082351476394079,0.9888079621033558,-1.0,-1.0,True,main,False
3862,1,1,6.495210150223638,1.5047898497763619,0.8119012687779548,0.9740177812877244,17.0,8.0,False,main,True
10859,1,1,6.331295214884305,1.668704785115695,0.7914119018605381,0.9658265449718311,19.0,9.0,False,main,True
10859,2,2,7.331295214884305,1.668704785115695,0.8145883572093672,0.9702304675476868,15.0,7.0,False,main,False
10859,3,3,8.331295214884305,1.668704785115695,0.8331295214884304,0.973627866962766,11.0,6.0,False,main,False
10859,4,4,9.331295214884305,1.668704785115695,0.8482995649894822,0.9763286769089443,9.0,5.0,False,main,False
10859,5,5,10.331295214884305,1.668704785115695,0.8609412679070254,0.9785273482713717,7.0,4.0,False,main,False
10859,6,6,11.331295214884305,1.668704785115695,0.8716380934526389,0.9803520810256805,4.0,3.0,False,main,False
10859,7,7,12.331295214884305,1.668704785115695,0.8808068010631647,0.9818908375681072,3.0,2.0,False,main,False
10859,8,8,13.331295214884305,1.668704785115695,0.8887530143256204,0.9832059867814783,1.0,1.0,False,main,False
10859,9,9,14.331295214884305,1.668704785115695,0.8957059509302691,0.9843429843736281,-1.0,-1.0,True,main,False
11150,1,1,6.391490689944774,1.6085093100552257,0.7989363362430968,0.9689423301703677,18.0,9.0,False,main,True
11150,2,2,7.391490689944774,1.6085093100552257,0.8212767433271971,0.9729332037211235,14.0,7.0,False,main,False
11150,3,3,8.391490689944774,1.6085093100552257,0.8391490689944774,0.9760143958386317,11.0,6.0,False,main,False
11150,4,4,9.391490689944774,1.6085093100552257,0.8537718809040704,0.978465319788099,9.0,5.0,False,main,False
11150,5,5,10.391490689944774,1.6085093100552257,0.8659575574953978,0.980461522890026,6.0,4.0,False,main,False
11150,6,6,11.391490689944774,1.6085093100552257,0.8762685146111365,0.9821188676363707,4.0,3.0,False,main,False
11150,7,7,12.391490689944774,1.6085093100552257,0.8851064778531982,0.9835169201613907,3.0,2.0,False,main,False
11150,8,8,13.391490689944774,1.6085093100552257,0.8927660459963183,0.9847121360633441,1.0,1.0,False,main,False
11150,9,9,14.391490689944774,1.6085093100552257,0.8994681681215484,0.9857456856452808,-1.0,-1.0,True,main,False
6758,0,1,5.195735059052701,2.8042649409472986,0.6494668823815877,0.88780289871354,51.0,16.0,False,main,True
5643,1,1,6.265238430515559,1.7347615694844407,0.7831548038144449,0.9622693696323608,19.0,9.0,False,main,True
890,1,1,6.300433996980422,1.6995660030195783,0.7875542496225527,0.9641823476133173,19.0,9.0,False,main,True
890,2,2,7.300433996980422,1.6995660030195783,0.8111593329978246,0.9688049451934164,15.0,7.0,False,main,True
890,3,3,8.300433996980422,1.6995660030195783,0.8300433996980422,0.9723695951599356,12.0,6.0,False,main,False
890,4,4,9.300433996980422,1.6995660030195783,0.8454939997254929,0.9752024836850314,9.0,5.0,False,main,False
890,5,5,10.300433996980422,1.6995660030195783,0.8583694997483685,0.9775081116850235,7.0,4.0,False,main,False
890,6,6,11.300433996980422,1.6995660030195783,0.8692641536138785,0.9794212301208314,4.0,3.0,False,main,False
890,7,7,12.300433996980422,1.6995660030195783,0.8786024283557444,0.9810342552224114,3.0,2.0,False,main,False
890,8,8,13.300433996980422,1.6995660030195783,0.8866955997986948,0.9824126900614689,1.0,1.0,False,main,False
890,9,9,14.300433996980422,1.6995660030195783,0.8937771248112764,0.98360426019197,-1.0,-1.0,True,main,False
10138,0,1,5.2937872337427425,2.7062127662572575,0.6617234042178428,0.8957892416633964,47.0,15.0,False,main,True
10138,0,2,5.2937872337427425,3.7062127662572575,0.5881985815269714,0.832688202096731,82.0,22.0,False,main,False
10138,0,3,5.2937872337427425,4.7062127662572575,0.5293787233742743,0.774041279943713,140.0,30.0,False,main,True
10138,0,4,5.2937872337427425,5.7062127662572575,0.48125338488570385,0.7211741436794328,241.0,41.0,False,main,True
3173,0,1,5.548678485932673,2.4513215140673266,0.6935848107415842,0.9155406277808741,39.0,14.0,False,main,True
5343,1,1,6.49610024555309,1.50389975444691,0.8120125306941363,0.9740596827209518,17.0,8.0,False,main,True
10969,0,1,5.448645123081221,2.5513548769187793,0.6810806403851526,0.9079669660478619,42.0,15.0,False,main,True
10969,0,2,5.448645123081221,3.5513548769187793,0.6054050136756912,0.845667865090453,72.0,21.0,False,main,False
10969,0,3,5.448645123081221,4.551354876918779,0.544864512308122,0.7870571133416413,122.0,29.0,False,main,True
10969,0,4,5.448645123081221,5.551354876918779,0.4953313748255655,0.7339021966875898,205.0,39.0,False,main,True
10969,0,5,5.448645123081221,6.551354876918779,0.4540537602567684,0.6862943185220656,349.0,51.0,False,main,True
6602,1,1,6.535097273851823,1.4649027261481764,0.8168871592314779,0.975867082670649,16.0,8.0,False,main,True
6602,2,2,7.535097273851823,1.4649027261481764,0.8372330304279804,0.9789465894051892,13.0,7.0,False,main,False
6602,3,3,8.535097273851823,1.4649027261481764,0.8535097273851824,0.9813286644922378,10.0,6.0,False,main,False
6602,4,4,9.535097273851823,1.4649027261481764,0.8668270248956204,0.9832262440802619,8.0,5.0,False,main,False
6602,5,5,10.535097273851823,1.4649027261481764,0.8779247728209852,0.9847735544878593,6.0,4.0,False,main,False
6602,6,6,11.535097273851823,1.4649027261481764,0.8873151749116788,0.9860594155306106,4.0,3.0,False,main,False
6602,7,7,12.535097273851823,1.4649027261481764,0.8953640909894159,0.98714494903559,2.0,2.0,False,main,False
6602,8,8,13.535097273851823,1.4649027261481764,0.9023398182567882,0.9880735974333221,1.0,1.0,False,main,False
6602,9,9,14.535097273851823,1.4649027261481764,0.908443579615739,0.9888770862212188,-1.0,-1.0,True,main,False
2530,1,1,6.558176739619547,1.4418232603804528,0.8197720924524434,0.9769102839049141,16.0,8.0,False,main,True
7977,0,1,5.180937594629323,2.8190624053706768,0.6476171993286653,0.886579494075433,51.0,16.0,False,main,True
7977,0,2,5.180937594629323,3.8190624053706768,0.5756597327365914,0.823006506947757,91.0,23.0,False,main,True
7977,0,3,5.180937594629323,4.819062405370676,0.5180937594629322,0.7643919187095052,157.0,32.0,False,main,True
636,1,1,6.259067643060107,1.740932356939893,0.7823834553825134,0.9619298648403389,19.0,9.0,False,main,True
7979,0,1,5.206619484730605,2.793380515269395,0.6508274355913256,0.88869976880778,50.0,16.0,False,main,True
7979,0,2,5.206619484730605,3.793380515269395,0.5785132760811783,0.8252262052999377,88.0,23.0,False,main,False
7979,0,3,5.206619484730605,4.793380515269395,0.5206619484730605,0.7666000331783571,153.0,31.0,False,main,True
7979,0,4,5.206619484730605,5.793380515269395,0.4733290440664186,0.7139195345151184,266.0,42.0,False,main,True
9439,0,1,5.1952281822569155,2.8047718177430845,0.6494035227821144,0.8877610699711024,51.0,16.0,False,main,True
3854,1,1,6.319538113761416,1.680461886238584,0.789942264220177,0.9652038524641764,19.0,9.0,False,main,True
11287,1,1,6.288604566421554,1.7113954335784456,0.7860755708026943,0.9635438526015419,19.0,9.0,False,main,True
11287,2,2,7.288604566421554,1.7113954335784456,0.8098449518246171,0.9682514982394663,15.0,7.0,False,main,True
11287,3,3,8.288604566421554,1.7113954335784456,0.8288604566421555,0.9718811676873622,12.0,6.0,False,main,False
11287,4,4,9.288604566421554,1.7113954335784456,0.8444185969474141,0.974765385446265,9.0,5.0,False,main,False
11287,5,5,10.288604566421554,1.7113954335784456,0.8573837138684629,0.9771125688534814,7.0,4.0,False,main,False
11287,6,6,11.288604566421554,1.7113954335784456,0.8683541974170427,0.97906002023274,5.0,3.0,False,main,False
11287,7,7,12.288604566421554,1.7113954335784456,0.877757469030111,0.9807018896026399,3.0,2.0,False,main,False
11287,8,8,13.288604566421554,1.7113954335784456,0.8859069710947703,0.9821048996475154,1.0,1.0,False,main,False
11287,9,9,14.288604566421554,1.7113954335784456,0.8930377854013472,0.9833176589118092,-1.0,-1.0,True,main,False
8017,0,1,5.268362950567975,2.7316370494320252,0.6585453688209969,0.8937386490777728,48.0,16.0,False,main,True
8017,0,2,5.268362950567975,3.7316370494320252,0.5853736611742195,0.830523274010045,84.0,22.0,False,main,False
8017,0,3,5.268362950567975,4.731637049432026,0.5268362950567975,0.7718794109778909,144.0,31.0,False,main,True
8017,0,4,5.268362950567975,5.731637049432026,0.4789420864152705,0.7190649038453772,248.0,41.0,False,main,True
6017,1,1,6.318709715417225,1.6812902845827744,0.7898387144271531,0.9651598059900012,19.0,9.0,False,main,True
10507,0,1,5.1598676124241685,2.8401323875758315,0.6449834515530211,0.8848293695814446,52.0,16.0,False,main,True
10507,0,2,5.1598676124241685,3.8401323875758315,0.5733186236026854,0.8211782451601306,92.0,23.0,False,main,False
10507,0,3,5.1598676124241685,4.8401323875758315,0.5159867612424168,0.7625749917058159,160.0,32.0,False,main,True
8768,1,1,6.276739903309771,1.7232600966902292,0.7845924879137214,0.9628989029245308,19.0,9.0,False,main,True
4245,1,1,6.388555599752,1.6114444002479997,0.798569449969,0.9687932488925505,18.0,9.0,False,main,True
4491,1,1,6.150752710702341,1.8492472892976588,0.7688440888377926,0.9557761211764206,21.0,9.0,False,main,True
8192,1,1,6.1892027163644725,1.8107972836355275,0.7736503395455591,0.9580021946552867,20.0,9.0,False,main,True
8192,2,2,7.1892027163644725,1.8107972836355275,0.7988003018182748,0.9634509582650261,16.0,8.0,False,main,False
8192,3,3,8.189202716364473,1.8107972836355275,0.8189202716364473,0.9676465606830755,12.0,6.0,False,main,False
8192,4,4,9.189202716364473,1.8107972836355275,0.835382065124043,0.9709771607778542,9.0,5.0,False,main,False
8192,5,5,10.189202716364473,1.8107972836355275,0.8491002263637061,0.9736854819045913,7.0,4.0,False,main,False
8192,6,6,11.189202716364473,1.8107972836355275,0.8607079012588057,0.9759311401208121,5.0,3.0,False,main,False
8192,7,7,12.189202716364473,1.8107972836355275,0.8706573368831767,0.9778234300190705,3.0,2.0,False,main,False
8192,8,8,13.189202716364473,1.8107972836355275,0.8792801810909648,0.979439716823918,1.0,1.0,False,main,False
8192,9,9,14.189202716364473,1.8107972836355275,0.8868251697727796,0.980836307776294,-1.0,-1.0,True,main,False
10476,0,1,5.289389735225227,2.710610264774773,0.6611737169031534,0.8954355819781347,47.0,15.0,False,main,True
10476,0,2,5.289389735225227,3.710610264774773,0.5877099705805808,0.8323144269110306,82.0,22.0,False,main,False
10476,0,3,5.289389735225227,4.710610264774774,0.5289389735225227,0.7736678558588543,141.0,30.0,False,main,True
10476,0,4,5.289389735225227,5.710610264774774,0.4808536122932025,0.7208097154003491,242.0,41.0,False,main,True
36,1,1,6.147588181345071,1.8524118186549283,0.7684485226681339,0.9555909076844126,21.0,9.0,False,main,True
5850,1,1,6.146087660887238,1.8539123391127623,0.7682609576109047,0.95550297957239,21.0,9.0,False,main,True
5850,2,2,7.146087660887238,1.8539123391127623,0.7940097400985819,0.9612876722363926,16.0,8.0,False,main,True
5850,3,3,8.146087660887238,1.8539123391127623,0.8146087660887238,0.9657394211933363,13.0,6.0,False,main,True
5850,4,4,9.146087660887238,1.8539123391127623,0.8314625146261125,0.9692718346211497,10.0,5.0,False,main,False
5850,5,5,10.146087660887238,1.8539123391127623,0.8455073050739365,0.9721432880704783,7.0,4.0,False,main,False
5850,6,6,11.146087660887238,1.8539123391127623,0.8573913585297875,0.9745235580577029,5.0,3.0,False,main,False
5850,7,7,12.146087660887238,1.8539123391127623,0.8675776900633742,0.9765288243525647,3.0,2.0,False,main,False
5850,8,8,13.146087660887238,1.8539123391127623,0.8764058440591492,0.9782412844331544,1.0,1.0,False,main,False
5850,9,9,14.146087660887238,1.8539123391127623,0.8841304788054524,0.9797207374557969,-1.0,-1.0,True,main,False
11490,0,1,5.19468162765661,2.805318372343389,0.6493352034570763,0.8877159607002759,51.0,16.0,False,main,True
9421,1,1,6.257572422802883,1.7424275771971167,0.7821965528503604,0.9618474177241264,20.0,9.0,False,main,True
7848,0,1,5.165232361050078,2.834767638949922,0.6456540451312598,0.8852758829962806,52.0,16.0,False,main,True
7848,0,2,5.165232361050078,3.834767638949922,0.573914706783342,0.8216443620459417,92.0,23.0,False,main,False
7848,0,3,5.165232361050078,4.834767638949922,0.5165232361050078,0.763038066682119,159.0,32.0,False,main,True
7848,0,4,5.165232361050078,5.834767638949922,0.4695665782772798,0.7104522615090493,279.0,43.0,False,main,True
878,0,1,5.1468009506719925,2.8531990493280075,0.6433501188339991,0.8837392401642084,53.0,16.0,False,main,True
818,0,1,5.177462517100504,2.822537482899496,0.647182814637563,0.8862915023904364,51.0,16.0,False,main,True
8176,1,1,6.17815334152963,1.8218466584703699,0.7722691676912038,0.9573671140543085,21.0,9.0,False,main,True
8176,2,2,7.17815334152963,1.8218466584703699,0.7975725935032922,0.9629011431892915,16.0,8.0,False,main,False
8176,3,3,8.17815334152963,1.8218466584703699,0.8178153341529629,0.9671617825232806,12.0,6.0,False,main,False
8176,4,4,9.17815334152963,1.8218466584703699,0.8343775765026936,0.9705436369928834,9.0,5.0,False,main,False
8176,5,5,10.17815334152963,1.8218466584703699,0.8481794451274691,0.9732933968715166,7.0,4.0,False,main,False
8176,6,6,11.17815334152963,1.8218466584703699,0.8598579493484331,0.97557325447421,5.0,3.0,False,main,False
8176,7,7,12.17815334152963,1.8218466584703699,0.869868095823545,0.9774942508078693,3.0,2.0,False,main,False
8176,8,8,13.17815334152963,1.8218466584703699,0.8785435561019753,0.9791349771474402,1.0,1.0,False,main,False
8176,9,9,14.17815334152963,1.8218466584703699,0.8861345838456018,0.980552626923685,-1.0,-1.0,True,main,False
3260,1,1,6.558692694917902,1.4413073050820981,0.8198365868647377,0.9769333777262789,16.0,8.0,False,main,True
7366,1,1,6.403990857333211,1.596009142666789,0.8004988571666514,0.9695739420496495,18.0,9.0,False,main,True
5297,1,1,6.492265998532025,1.5077340014679754,0.8115332498165031,0.9738789802934357,17.0,8.0,False,main,True
5297,2,2,7.492265998532025,1.5077340014679754,0.8324739998368916,0.9772191701641431,13.0,7.0,False,main,False
5297,3,3,8.492265998532025,1.5077340014679754,0.8492265998532025,0.9798014258606063,11.0,6.0,False,main,False
5297,4,4,9.492265998532025,1.5077340014679754,0.8629332725938205,0.9818575725019392,8.0,5.0,False,main,False
5297,5,5,10.492265998532025,1.5077340014679754,0.8743554998776687,0.9835335988366823,6.0,4.0,False,main,False
5297,6,6,11.492265998532025,1.5077340014679754,0.8840204614255404,0.9849260335007415,4.0,3.0,False,main,False
5297,7,7,12.492265998532025,1.5077340014679754,0.8923047141808589,0.986101261994172,2.0,2.0,False,main,False
5297,8,8,13.492265998532025,1.5077340014679754,0.899484399902135,0.9871064438824813,1.0,1.0,False,main,False
5297,9,9,14.492265998532025,1.5077340014679754,0.9057666249082515,0.9879760045785059,-1.0,-1.0,True,main,False
5452,1,1,6.288672706016825,1.7113272939831754,0.7860840882521031,0.9635475434509763,19.0,9.0,False,main,True
5752,1,1,6.3404270382712795,1.6595729617287205,0.7925533797839099,0.9663070368894778,18.0,9.0,False,main,True
3450,0,1,5.379708897984079,2.6202911020159214,0.6724636122480099,0.9026128775546407,44.0,15.0,False,main,True
3112,0,1,5.3766171080569825,2.623382891943018,0.6720771385071228,0.9023702114651568,44.0,15.0,False,main,True
3382,1,1,6.441914100485372,1.5580858995146287,0.8052392625606715,0.9714570539407815,17.0,8.0,False,main,True
3382,2,2,7.441914100485372,1.5580858995146287,0.8268793444983746,0.9751158806787715,14.0,7.0,False,main,True
3382,3,3,8.441914100485372,1.5580858995146287,0.8441914100485371,0.9779425902995119,11.0,6.0,False,main,False
3382,4,4,9.441914100485372,1.5580858995146287,0.858355827316852,0.9801922347552264,8.0,5.0,False,main,False
3382,5,5,10.441914100485372,1.5580858995146287,0.870159508373781,0.9820252428676324,6.0,4.0,False,main,False
3382,6,6,11.441914100485372,1.5580858995146287,0.8801472384988748,0.9835475949705282,4.0,3.0,False,main,False
3382,7,7,12.441914100485372,1.5580858995146287,0.8887081500346694,0.9848321237629895,2.0,2.0,False,main,False
3382,8,8,13.441914100485372,1.5580858995146287,0.8961276066990248,0.9859305379686459,1.0,1.0,False,main,False
3382,9,9,14.441914100485372,1.5580858995146287,0.9026196312803357,0.9868805649727902,-1.0,-1.0,True,main,False
5306,1,1,6.461787800416035,1.538212199583965,0.8077234750520044,0.9724237691497929,17.0,8.0,False,main,True
744,0,1,5.427568949000134,2.572431050999866,0.6784461186250168,0.9063415755969347,42.0,15.0,False,main,True
1976,0,1,5.3124221447030955,2.6875778552969045,0.6640527680878869,0.897283163103701,46.0,15.0,False,main,True
5468,1,1,6.528761392523001,1.4712386074769985,0.8160951740653751,0.9755772342081223,16.0,8.0,False,main,True
6735,0,1,5.524357098368178,2.475642901631822,0.6905446372960222,0.9137208468619644,39.0,15.0,False,main,True
5688,1,1,6.541257579456025,1.458742420543975,0.8176571974320032,0.9761474728253566,16.0,8.0,False,main,True
5688,2,2,7.541257579456025,1.458742420543975,0.8379175088284473,0.9791902797366918,13.0,7.0,False,main,True
5688,3,3,8.541257579456026,1.458742420543975,0.8541257579456024,0.9815441587871668,10.0,6.0,False,main,False
5688,4,4,9.541257579456026,1.458742420543975,0.8673870526778205,0.98341939526776,8.0,5.0,False,main,False
5688,5,5,10.541257579456026,1.458742420543975,0.8784381316213353,0.9849485633515676,6.0,4.0,False,main,False
5688,6,6,11.541257579456026,1.458742420543975,0.8877890445735404,0.9862193993536942,4.0,3.0,False,main,False
5688,7,7,12.541257579456026,1.458742420543975,0.8958041128182874,0.9872922848792646,2.0,2.0,False,main,False
5688,8,8,13.541257579456026,1.458742420543975,0.9027505052970684,0.9882101393956215,1.0,1.0,False,main,False
5688,9,9,14.541257579456026,1.458742420543975,0.9088285987160016,0.9890043084111274,-1.0,-1.0,True,main,False
9022,0,1,5.299156804916918,2.7008431950830825,0.6623946006146147,0.8962204982121509,47.0,15.0,False,main,True
7161,1,1,6.34734209465661,1.65265790534339,0.7934177618320762,0.9666690425550369,18.0,9.0,False,main,True
10204,1,1,6.302759129398401,1.6972408706015987,0.7878448911748002,0.9643073115054791,19.0,9.0,False,main,True
10204,2,2,7.302759129398401,1.6972408706015987,0.8114176810442668,0.9689132722230875,15.0,7.0,False,main,False
10204,3,3,8.302759129398401,1.6972408706015987,0.8302759129398402,0.9724652014149121,12.0,6.0,False,main,False
10204,4,4,9.302759129398401,1.6972408706015987,0.8457053753998547,0.9752880464971817,9.0,5.0,False,main,False
10204,5,5,10.302759129398401,1.6972408706015987,0.8585632607832001,0.9775855427694896,7.0,4.0,False,main,False
10204,6,6,11.302759129398401,1.6972408706015987,0.8694430099537231,0.9794919423316121,4.0,3.0,False,main,False
10204,7,7,12.302759129398401,1.6972408706015987,0.878768509242743,0.9810993223575635,3.0,2.0,False,main,False
10204,8,8,13.302759129398401,1.6972408706015987,0.8868506086265601,0.982472947384012,1.0,1.0,False,main,False
10204,9,9,14.302759129398401,1.6972408706015987,0.8939224455874001,0.9836603702491805,-1.0,-1.0,True,main,False
6371,1,1,6.224268275202197,1.7757317247978024,0.7780335344002747,0.9599926378349417,20.0,9.0,False,main,True
2380,1,1,6.320630038373963,1.6793699616260374,0.7900787547967454,0.9652618762857761,19.0,9.0,False,main,True
10706,0,1,5.213631784568323,2.786368215431677,0.6517039730710403,0.8892762198473806,50.0,16.0,False,main,True
10706,0,2,5.213631784568323,3.786368215431677,0.5792924205075914,0.8258306094617619,88.0,23.0,False,main,False
10706,0,3,5.213631784568323,4.786368215431677,0.5213631784568322,0.7672017031822266,152.0,31.0,False,main,False
10706,0,4,5.213631784568323,5.786368215431677,0.4739665258698475,0.7145055457764211,263.0,42.0,False,main,False
10706,0,5,5.213631784568323,6.786368215431677,0.43446931538069355,0.6675581275648996,470.0,56.0,False,main,False
10706,0,6,5.213631784568323,7.786368215431677,0.4010485988129479,0.6257878101137078,888.0,75.0,False,main,True
10706,0,7,5.213631784568323,8.786368215431677,0.37240227032630874,0.5885515881003307,1853.0,98.0,False,main,True
10706,0,8,5.213631784568323,9.786368215431677,0.34757545230455483,0.5552446390670254,-1.0,129.0,False,main,True
10706,0,9,5.213631784568323,10.786368215431677,0.32585198653552017,0.5253333206739703,-1.0,169.0,False,main,True
10706,0,10,5.213631784568323,11.786368215431677,0.30668422262166606,0.4983593210415499,-1.0,224.0,False,main,True
10706,0,11,5.213631784568323,12.786368215431677,0.2896462102537957,0.473933469605775,-1.0,297.0,False,main,True
9751,1,1,6.507775225949477,1.4922247740505226,0.8134719032436847,0.9746066209510891,17.0,8.0,False,main,True
9751,2,2,7.507775225949477,1.4922247740505226,0.8341972473277197,0.977851307978688,13.0,7.0,False,main,False
9751,3,3,8.507775225949477,1.4922247740505226,0.8507775225949477,0.9803602462872473,10.0,6.0,False,main,False
9751,4,4,9.507775225949477,1.4922247740505226,0.8643432023590433,0.982358328875696,8.0,5.0,False,main,False
9751,5,5,10.507775225949477,1.4922247740505226,0.8756479354957897,0.9839872298022245,6.0,4.0,False,main,False
9751,6,6,11.507775225949477,1.4922247740505226,0.8852134789191906,0.9853406509940053,4.0,3.0,False,main,False
9751,7,7,12.507775225949477,1.4922247740505226,0.8934125161392483,0.9864830484078182,2.0,2.0,False,main,False
9751,8,8,13.507775225949477,1.4922247740505226,0.9005183483966318,0.9874602193189977,1.0,1.0,False,main,False
9751,9,9,14.507775225949477,1.4922247740505226,0.9067359516218423,0.9883055998483984,-1.0,-1.0,True,main,False
10462,0,1,5.578115620628073,2.4218843793719267,0.6972644525785091,0.917724345406591,38.0,14.0,False,main,True
10462,0,2,5.578115620628073,3.4218843793719267,0.6197906245142303,0.8562432045610413,65.0,20.0,False,main,False
10462,0,3,5.578115620628073,4.421884379371926,0.5578115620628072,0.79773784271931,109.0,28.0,False,main,True
10462,0,4,5.578115620628073,5.421884379371926,0.5071014200570976,0.7443867053903065,180.0,37.0,False,main,True
3491,0,1,5.150723546194632,2.8492764538053676,0.643840443274329,0.8840668791926947,52.0,16.0,False,main,True
3975,1,1,6.323198710187813,1.6768012898121873,0.7903998387734766,0.9653982181369709,19.0,9.0,False,main,True
7838,1,1,6.549587711808637,1.4504122881913637,0.8186984639760796,0.9765243787957568,16.0,8.0,False,main,True
7838,2,2,7.549587711808637,1.4504122881913637,0.8388430790898486,0.9795178789415495,13.0,7.0,False,main,False
7838,3,3,8.549587711808638,1.4504122881913637,0.8549587711808636,0.9818338706808124,10.0,6.0,False,main,False
7838,4,4,9.549587711808638,1.4504122881913637,0.8681443374371487,0.9836790811469873,8.0,5.0,False,main,False
7838,5,5,10.549587711808638,1.4504122881913637,0.8791323093173863,0.9851838663346346,6.0,4.0,False,main,False
7838,6,6,11.549587711808638,1.4504122881913637,0.8884298239852797,0.9864345075607885,4.0,3.0,False,main,False
7838,7,7,12.549587711808638,1.4504122881913637,0.8963991222720454,0.9874903922543151,2.0,2.0,False,main,False
7838,8,8,13.549587711808638,1.4504122881913637,0.9033058474539091,0.9883937374116931,1.0,1.0,False,main,False
7838,9,9,14.549587711808638,1.4504122881913637,0.9093492319880399,0.989175378065909,-1.0,-1.0,True,main,False
11430,0,1,5.258341691139197,2.7416583088608024,0.6572927113923996,0.8929264772009896,48.0,16.0,False,main,True
5052,0,1,5.215991931408763,2.784008068591237,0.6519989914260954,0.8894699975948448,50.0,16.0,False,main,True
4326,1,1,6.5779450783433076,1.4220549216566927,0.8222431347929134,0.9777879293545009,16.0,8.0,False,main,True
1469,1,1,6.309991516782467,1.6900084832175335,0.7887489395978083,0.9646948863392183,19.0,9.0,False,main,True
1469,2,2,7.309991516782467,1.6900084832175335,0.8122212796424964,0.9692492655416135,15.0,7.0,False,main,True
1469,3,3,8.309991516782468,1.6900084832175335,0.8309991516782466,0.9727617509386381,12.0,6.0,False,main,False
1469,4,4,9.309991516782468,1.6900084832175335,0.8463628651620424,0.9755534516233935,9.0,5.0,False,main,False
1469,5,5,10.309991516782468,1.6900084832175335,0.8591659597318722,0.9778257302002297,7.0,4.0,False,main,False
1469,6,6,11.309991516782468,1.6900084832175335,0.8699993474448051,0.9797112925615485,4.0,3.0,False,main,False
1469,7,7,12.309991516782468,1.6900084832175335,0.8792851083416047,0.9813011648756963,3.0,2.0,False,main,False
1469,8,8,13.309991516782468,1.6900084832175335,0.8873327677854977,0.9826598722052236,1.0,1.0,False,main,False
1469,9,9,14.309991516782468,1.6900084832175335,0.8943744697989042,0.9838344319204035,-1.0,-1.0,True,main,False
3521,0,1,5.580428760690201,2.419571239309799,0.6975535950862751,0.9178950603521456,38.0,14.0,False,main,True
10205,1,1,6.1670442030800094,1.83295579691999,0.7708805253850012,0.9567248273358765,21.0,9.0,False,main,True
10205,2,2,7.1670442030800094,1.83295579691999,0.7963382447866677,0.9623451576807834,16.0,8.0,False,main,False
10205,3,3,8.16704420308001,1.83295579691999,0.8167044203080011,0.9666716087583711,12.0,6.0,False,main,False
10205,4,4,9.16704420308001,1.83295579691999,0.8333676548254555,0.9701053192340295,10.0,5.0,False,main,False
10205,5,5,10.16704420308001,1.83295579691999,0.8472536835900009,0.9728969986013912,7.0,4.0,False,main,False
10205,6,6,11.16704420308001,1.83295579691999,0.8590034002369239,0.9752114485835651,5.0,3.0,False,main,False
10205,7,7,12.16704420308001,1.83295579691999,0.8690745859342864,0.9771614786374565,3.0,2.0,False,main,False
10205,8,8,13.16704420308001,1.83295579691999,0.8778029468720007,0.9788269213100874,1.0,1.0,False,main,False
10205,9,9,14.16704420308001,1.83295579691999,0.8854402626925006,0.980265867076079,-1.0,-1.0,True,main,False
10601,0,1,5.170179173887398,2.829820826112602,0.6462723967359247,0.8856870642121935,52.0,16.0,False,main,True
10601,0,2,5.170179173887398,3.829820826112602,0.5744643526541553,0.8220737957120353,91.0,23.0,False,main,False
10601,0,3,5.170179173887398,4.829820826112602,0.5170179173887398,0.7634647896848635,159.0,32.0,False,main,True
100,0,1,5.24406004953691,2.7559399504630897,0.6555075061921137,0.8917652198297514,49.0,16.0,False,main,True
8632,1,1,6.314956841145493,1.6850431588545063,0.7893696051431867,0.9649599805293165,19.0,9.0,False,main,True
9828,1,1,6.199884683159027,1.8001153168409725,0.7749855853948784,0.9586125825594549,20.0,9.0,False,main,True
9828,2,2,7.199884683159027,1.8001153168409725,0.7999871870176697,0.9639794593880067,16.0,8.0,False,main,False
9828,3,3,8.199884683159027,1.8001153168409725,0.8199884683159027,0.9681125879717598,12.0,6.0,False,main,False
9828,4,4,9.199884683159027,1.8001153168409725,0.836353153014457,0.9713939452389138,9.0,5.0,False,main,False
9828,5,5,10.199884683159027,1.8001153168409725,0.8499903902632523,0.9740624486480094,7.0,4.0,False,main,False
9828,6,6,11.199884683159027,1.8001153168409725,0.8615295910122328,0.9762752418151475,5.0,3.0,False,main,False
9828,7,7,12.199884683159027,1.8001153168409725,0.871420334511359,0.9781399428887725,3.0,2.0,False,main,False
9828,8,8,13.199884683159027,1.8001153168409725,0.8799923122106018,0.9797327399342605,1.0,1.0,False,main,False
9828,9,9,14.199884683159027,1.8001153168409725,0.8874927926974392,0.9811090892035391,-1.0,-1.0,True,main,False
8653,1,1,6.373690200465117,1.6263097995348827,0.7967112750581397,0.9680336854061754,18.0,9.0,False,main,True
4451,0,1,5.5547181806765495,2.4452818193234505,0.6943397725845687,0.9159903542409485,38.0,14.0,False,main,True
11729,1,1,6.334253896391048,1.6657461036089525,0.791781737048881,0.9659825259460246,19.0,9.0,False,main,True
12090,1,1,6.531338968033254,1.4686610319667457,0.8164173710041568,0.9756953300614387,16.0,8.0,False,main,True
12090,2,2,7.531338968033254,1.4686610319667457,0.8368154408925839,0.9787973252889165,13.0,7.0,False,main,True
12090,3,3,8.531338968033253,1.4686610319667457,0.8531338968033253,0.9811966762960659,10.0,6.0,False,main,False
12090,4,4,9.531338968033253,1.4686610319667457,0.8664853607302958,0.9831079446270029,8.0,5.0,False,main,False
12090,5,5,10.531338968033253,1.4686610319667457,0.8776115806694378,0.984666369452483,6.0,4.0,False,main,False
12090,6,6,11.531338968033253,1.4686610319667457,0.8870260744640964,0.9859614347417808,4.0,3.0,False,main,False
12090,7,7,12.531338968033253,1.4686610319667457,0.8950956405738039,0.9870547160073747,2.0,2.0,False,main,False
12090,8,8,13.531338968033253,1.4686610319667457,0.9020892645355503,0.9879899761781293,1.0,1.0,False,main,False
12090,9,9,14.531338968033253,1.4686610319667457,0.9082086855020783,0.9887991736109325,-1.0,-1.0,True,main,False
10971,1,1,6.295452450388442,1.7045475496115583,0.7869315562985553,0.963914022279249,19.0,9.0,False,main,True
10971,2,2,7.295452450388442,1.7045475496115583,0.810605827820938,0.9685723522486488,15.0,7.0,False,main,False
10971,3,3,8.295452450388442,1.7045475496115583,0.8295452450388442,0.9721643216483778,12.0,6.0,False,main,False
10971,4,4,9.295452450388442,1.7045475496115583,0.8450411318534947,0.9750187784825276,9.0,5.0,False,main,False
10971,5,5,10.295452450388442,1.7045475496115583,0.8579543708657035,0.9773418686035439,7.0,4.0,False,main,False
10971,6,6,11.295452450388442,1.7045475496115583,0.8688809577221879,0.9792694146724273,5.0,3.0,False,main,False
10971,7,7,12.295452450388442,1.7045475496115583,0.8782466035991744,0.9808945612521702,3.0,2.0,False,main,False
10971,8,8,13.295452450388442,1.7045475496115583,0.8863634966925628,0.9822833237829917,1.0,1.0,False,main,False
10971,9,9,14.295452450388442,1.7045475496115583,0.8934657781492776,0.9834837987887298,-1.0,-1.0,True,main,False
9690,0,1,5.386982831770959,2.61301716822904,0.6733728539713699,0.9031829351888715,43.0,15.0,False,main,True
9690,0,2,5.386982831770959,3.61301716822904,0.598553647974551,0.8405423172571314,76.0,21.0,False,main,False
9690,0,3,5.386982831770959,4.613017168229041,0.5386982831770959,0.7819057170642574,129.0,29.0,False,main,True
9690,0,4,5.386982831770959,5.613017168229041,0.48972571197917814,0.7288585766689686,218.0,40.0,False,main,True
4267,1,1,6.260744401834077,1.7392555981659232,0.7825930502292596,0.962022237228133,19.0,9.0,False,main,True
9370,0,1,5.372661817689143,2.627338182310857,0.6715827272111429,0.9020594565256027,44.0,15.0,False,main,True
1327,0,1,5.359261817389764,2.640738182610236,0.6699077271737205,0.9010040359826282,44.0,15.0,False,main,True
9633,0,1,5.306471715068128,2.6935282849318716,0.663308964383516,0.8968069667160492,46.0,15.0,False,main,True
9633,0,2,5.306471715068128,3.6935282849318716,0.5896079683409031,0.8337647508364686,81.0,22.0,False,main,False
9633,0,3,5.306471715068128,4.693528284931872,0.5306471715068128,0.7751172349916083,139.0,30.0,False,main,True
9633,0,4,5.306471715068128,5.693528284931872,0.48240651955164804,0.7222244024244724,238.0,41.0,False,main,True
9908,1,1,6.472131920338685,1.527868079661315,0.8090164900423357,0.972921390175463,17.0,8.0,False,main,True
9908,2,2,7.472131920338685,1.527868079661315,0.8302368800376317,0.9763874255484534,13.0,7.0,False,main,False
9908,3,3,8.472131920338686,1.527868079661315,0.8472131920338685,0.979066257940503,11.0,6.0,False,main,False
9908,4,4,9.472131920338686,1.527868079661315,0.8611029018489713,0.9811988679518504,8.0,5.0,False,main,False
9908,5,5,10.472131920338686,1.527868079661315,0.8726776600282238,0.9829369393282555,6.0,4.0,False,main,False
9908,6,6,11.472131920338686,1.527868079661315,0.8824716861798988,0.9843807298954022,4.0,3.0,False,main,False
9908,7,7,12.472131920338686,1.527868079661315,0.8908665657384774,0.9855991697550154,2.0,2.0,False,main,False
9908,8,8,13.472131920338686,1.527868079661315,0.898142128022579,0.986641214435868,1.0,1.0,False,main,False
9908,9,9,14.472131920338686,1.527868079661315,0.9045082450211679,0.9875425932313818,-1.0,-1.0,True,main,False
5736,0,1,5.159619690763537,2.8403803092364632,0.6449524613454422,0.884808719903135,52.0,16.0,False,main,True
1742,1,1,6.452990501059049,1.5470094989409509,0.8066238126323811,0.9719975658454842,17.0,8.0,False,main,True
1979,1,1,6.450085866221066,1.5499141337789344,0.8062607332776333,0.9718562428250666,17.0,8.0,False,main,True
9348,0,1,5.367637442387912,2.6323625576120877,0.670954680298489,0.9016641974513413,44.0,15.0,False,main,True
1310,1,1,6.412481301518431,1.5875186984815688,0.8015601626898039,0.9699998826340819,18.0,9.0,False,main,True
11499,1,1,6.187607595470887,1.8123924045291138,0.7734509494338608,0.9579107443208196,20.0,9.0,False,main,True
6430,0,1,5.559739911154169,2.44026008884583,0.6949674888942712,0.916363619304554,38.0,14.0,False,main,True
10802,0,1,5.322825450725167,2.6771745492748327,0.6653531813406459,0.8981138194964571,46.0,15.0,False,main,True
10802,0,2,5.322825450725167,3.6771745492748327,0.5914250500805741,0.8351492093526928,80.0,22.0,False,main,False
10802,0,3,5.322825450725167,4.677174549274833,0.5322825450725167,0.7765018501891945,137.0,30.0,False,main,False
10802,0,4,5.322825450725167,5.677174549274833,0.483893222793197,0.7235764416622454,233.0,41.0,False,main,True
10802,0,5,5.322825450725167,6.677174549274833,0.4435687875604306,0.6763115607024229,407.0,54.0,False,main,True
4601,1,1,6.44526531922812,1.55473468077188,0.805658164903515,0.9716210448695699,17.0,8.0,False,main,True
3198,0,1,5.555801298187166,2.444198701812834,0.6944751622733958,0.9160709132065471,38.0,14.0,False,main,True
1496,0,1,5.373869772589627,2.626130227410373,0.6717337215737034,0.9021543993022502,44.0,15.0,False,main,True
9318,1,1,6.303013614505803,1.6969863854941971,0.7878767018132253,0.9643209780625782,19.0,9.0,False,main,True
1491,1,1,6.551580513719168,1.4484194862808322,0.818947564214896,0.9766141614644137,16.0,8.0,False,main,True
1491,2,2,7.551580513719168,1.4484194862808322,0.839064501524352,0.9795959206525634,13.0,7.0,False,main,True
1491,3,3,8.551580513719168,1.4484194862808322,0.8551580513719168,0.9819028897058419,10.0,6.0,False,main,False
1491,4,4,9.551580513719168,1.4484194862808322,0.8683255012471971,0.983740949048776,8.0,5.0,False,main,False
1491,5,5,10.551580513719168,1.4484194862808322,0.879298376143264,0.9852399267372666,6.0,4.0,False,main,False
1491,6,6,11.551580513719168,1.4484194862808322,0.888583116439936,0.9864857577424335,4.0,3.0,False,main,False
1491,7,7,12.551580513719168,1.4484194862808322,0.8965414652656548,0.9875375928141993,2.0,2.0,False,main,False
1491,8,8,13.551580513719168,1.4484194862808322,0.9034387009146112,0.9884374816997338,1.0,1.0,False,main,False
1491,9,9,14.551580513719168,1.4484194862808322,0.909473782107448,0.9892161378850932,-1.0,-1.0,True,main,False
6199,1,1,6.584667025654214,1.4153329743457856,0.8230833782067768,0.9780829879593478,16.0,8.0,False,main,True
6199,2,2,7.584667025654214,1.4153329743457856,0.8427407806282461,0.9808729104039311,13.0,7.0,False,main,False
6199,3,3,8.584667025654214,1.4153329743457856,0.8584667025654215,0.983032405198377,10.0,6.0,False,main,False
6199,4,4,9.584667025654214,1.4153329743457856,0.8713333659685649,0.9847535492641762,8.0,5.0,False,main,False
6199,5,5,10.584667025654214,1.4153329743457856,0.8820555854711846,0.9861575587057777,6.0,4.0,False,main,False
6199,6,6,11.584667025654214,1.4153329743457856,0.8911282327426319,0.9873247160941876,4.0,3.0,False,main,False
6199,7,7,12.584667025654214,1.4153329743457856,0.8989047875467296,0.9883103080963856,2.0,2.0,False,main,False
6199,8,8,13.584667025654214,1.4153329743457856,0.9056444683769477,0.989153653058246,1.0,1.0,False,main,False
6199,9,9,14.584667025654214,1.4153329743457856,0.9115416891033884,0.9898834789319804,-1.0,-1.0,True,main,False
49,1,1,6.386747605249749,1.613252394750251,0.7983434506562186,0.9687012694206317,18.0,9.0,False,main,True
49,2,2,7.386747605249749,1.613252394750251,0.8207497339166387,0.9727240356461536,14.0,7.0,False,main,True
49,3,3,8.386747605249749,1.613252394750251,0.8386747605249749,0.9758296568967026,11.0,6.0,False,main,False
49,4,4,9.386747605249749,1.613252394750251,0.8533406913863408,0.9782998945570041,9.0,5.0,False,main,False
49,5,5,10.386747605249749,1.613252394750251,0.8655623004374791,0.9803117517633981,6.0,4.0,False,main,False
49,6,6,11.386747605249749,1.613252394750251,0.8759036619422884,0.9819820418829316,4.0,3.0,False,main,False
49,7,7,12.386747605249749,1.613252394750251,0.8847676860892678,0.9833909785629739,3.0,2.0,False,main,False
49,8,8,13.386747605249749,1.613252394750251,0.8924498403499832,0.9845954736569118,1.0,1.0,False,main,False
49,9,9,14.386747605249749,1.613252394750251,0.8991717253281093,0.9856370282563703,-1.0,-1.0,True,main,False
5916,1,1,6.167441735303673,1.8325582646963263,0.7709302169129592,0.9567478760900036,21.0,9.0,False,main,True
8338,0,1,5.276329019408969,2.7236709805910313,0.6595411274261211,0.8943826839516791,47.0,16.0,False,main,True
8338,0,2,5.276329019408969,3.7236709805910313,0.58625877993433,0.8312026236027344,83.0,22.0,False,main,False
8338,0,3,5.276329019408969,4.723670980591031,0.527632901940897,0.7725575347344402,143.0,31.0,False,main,True
8338,0,4,5.276329019408969,5.723670980591031,0.47966627449172444,0.7197263765511195,246.0,41.0,False,main,True
4890,1,1,6.390108339187331,1.6098916608126688,0.7987635423984164,0.9688721534701203,18.0,9.0,False,main,True
2302,0,1,5.276380295405627,2.7236197045943737,0.6595475369257033,0.8943868249522446,47.0,16.0,False,main,True
11679,1,1,6.160299367565907,1.8397006324340928,0.7700374209457383,0.9563330312829424,21.0,9.0,False,main,True
5248,0,1,5.374084154995296,2.625915845004705,0.671760519374412,0.9021712458752811,44.0,15.0,False,main,True
1798,1,1,6.262409942610576,1.7375900573894234,0.782801242826322,0.9621139027436697,19.0,9.0,False,main,True
90,1,1,6.339224187278256,1.6607758127217438,0.792403023409782,0.9662439045448444,19.0,9.0,False,main,True
90,2,2,7.339224187278256,1.6607758127217438,0.8154693541420284,0.9705923963057473,15.0,7.0,False,main,True
90,3,3,8.339224187278255,1.6607758127217438,0.8339224187278257,0.9739473833824879,11.0,6.0,False,main,False
90,4,4,9.339224187278255,1.6607758127217438,0.8490203806616596,0.9766146899999166,9.0,5.0,False,main,False
90,5,5,10.339224187278255,1.6607758127217438,0.8616020156065214,0.9787862240992415,6.0,4.0,False,main,False
90,6,6,11.339224187278255,1.6607758127217438,0.8722480144060197,0.9805885271781588,4.0,3.0,False,main,False
90,7,7,12.339224187278255,1.6607758127217438,0.8813731562341611,0.9821084335978034,3.0,2.0,False,main,False
90,8,8,13.339224187278255,1.6607758127217438,0.8892816124852171,0.983407518160209,1.0,1.0,False,main,False
90,9,9,14.339224187278255,1.6607758127217438,0.896201511704891,0.9845306613172703,-1.0,-1.0,True,main,False
8056,1,1,6.327447300447766,1.672552699552234,0.7909309125559707,0.9656232501519049,19.0,9.0,False,main,True
8056,2,2,7.327447300447766,1.672552699552234,0.8141608111608628,0.9700541843200358,15.0,7.0,False,main,False
8056,3,3,8.327447300447766,1.672552699552234,0.8327447300447766,0.9734722489041734,11.0,6.0,False,main,False
8056,4,4,9.327447300447766,1.672552699552234,0.8479497545861605,0.9761893816667679,9.0,5.0,False,main,False
8056,5,5,10.327447300447766,1.672552699552234,0.8606206083706471,0.9784012733528858,7.0,4.0,False,main,False
8056,6,6,11.327447300447766,1.672552699552234,0.8713421000344435,0.9802369324286279,4.0,3.0,False,main,False
8056,7,7,12.327447300447766,1.672552699552234,0.8805319500319833,0.9817848711243936,3.0,2.0,False,main,False
8056,8,8,13.327447300447766,1.672552699552234,0.8884964866965177,0.9831078453383256,1.0,1.0,False,main,False
8056,9,9,14.327447300447766,1.672552699552234,0.8954654562779853,0.9842515911193124,-1.0,-1.0,True,main,False
1818,1,1,6.493446859830765,1.5065531401692347,0.8116808574788457,0.9739346892676959,17.0,8.0,False,main,True
1818,2,2,7.493446859830765,1.5065531401692347,0.8326052066478629,0.9772675635618272,13.0,7.0,False,main,True
1818,3,3,8.493446859830765,1.5065531401692347,0.8493446859830766,0.9798442039095846,11.0,6.0,False,main,False
1818,4,4,9.493446859830765,1.5065531401692347,0.8630406236209787,0.9818959039383247,8.0,5.0,False,main,False
1818,5,5,10.493446859830765,1.5065531401692347,0.8744539049858971,0.9835683216681566,6.0,4.0,False,main,False
1818,6,6,11.493446859830765,1.5065531401692347,0.8841112969100589,0.9849577691049434,4.0,3.0,False,main,False
1818,7,7,12.493446859830765,1.5065531401692347,0.8923890614164832,0.9861304838975603,2.0,2.0,False,main,False
1818,8,8,13.493446859830765,1.5065531401692347,0.8995631239887177,0.9871335212393194,1.0,1.0,False,main,False
1818,9,9,14.493446859830765,1.5065531401692347,0.9058404287394228,0.9880012307562172,-1.0,-1.0,True,main,False
10512,1,1,6.339919019452006,1.6600809805479935,0.7924898774315008,0.9662803790943824,18.0,9.0,False,main,True
10512,2,2,7.339919019452006,1.6600809805479935,0.8155465577168896,0.9706240280541346,15.0,7.0,False,main,False
10512,3,3,8.339919019452006,1.6600809805479935,0.8339919019452007,0.9739753093833091,11.0,6.0,False,main,False
10512,4,4,9.339919019452006,1.6600809805479935,0.8490835472229097,0.9766396884757702,9.0,5.0,False,main,False
10512,5,5,10.339919019452006,1.6600809805479935,0.8616599182876672,0.9788088511932553,6.0,4.0,False,main,False
10512,6,6,11.339919019452006,1.6600809805479935,0.8723014630347697,0.980609194178593,4.0,3.0,False,main,False
10512,7,7,12.339919019452006,1.6600809805479935,0.8814227871037147,0.9821274532586869,3.0,2.0,False,main,False
10512,8,8,13.339919019452006,1.6600809805479935,0.8893279346301337,0.9834251338670117,1.0,1.0,False,main,False
10512,9,9,14.339919019452006,1.6600809805479935,0.8962449387157504,0.9845470661995847,-1.0,-1.0,True,main,False
9779,1,1,6.319622866240056,1.6803771337599436,0.789952858280007,0.9652083575344731,19.0,9.0,False,main,True
9779,2,2,7.319622866240056,1.6803771337599436,0.8132914295822284,0.9696944411373094,15.0,7.0,False,main,False
9779,3,3,8.319622866240056,1.6803771337599436,0.8319622866240056,0.9731546926635793,12.0,6.0,False,main,False
9779,4,4,9.319622866240056,1.6803771337599436,0.8472384423854596,0.9759051446499498,9.0,5.0,False,main,False
9779,5,5,10.319622866240056,1.6803771337599436,0.8599685721866713,0.9781440206275256,7.0,4.0,False,main,False
9779,6,6,11.319622866240056,1.6803771337599436,0.8707402204800043,0.9800019803801922,4.0,3.0,False,main,False
9779,7,7,12.319622866240056,1.6803771337599436,0.8799730618742897,0.9815686590143142,3.0,2.0,False,main,False
9779,8,8,13.319622866240056,1.6803771337599436,0.887974857749337,0.9829076027115387,1.0,1.0,False,main,False
9779,9,9,14.319622866240056,1.6803771337599436,0.8949764291400035,0.9840651199263732,-1.0,-1.0,True,main,False
4179,0,1,5.3687167544190695,2.6312832455809305,0.6710895943023837,0.9017491531398821,44.0,15.0,False,main,True
6204,0,1,5.578598718911385,2.4214012810886154,0.6973248398639231,0.9177600097675305,38.0,14.0,False,main,True
4872,1,1,6.389350227741836,1.6106497722581639,0.7986687784677295,0.9688336392923123,18.0,9.0,False,main,True
9377,1,1,6.446245066471743,1.5537549335282566,0.8057806333089679,0.9716689138031657,17.0,8.0,False,main,True
4811,1,1,6.239090861628923,1.760909138371077,0.7798863577036154,0.9608224681654339,20.0,9.0,False,main,True
11985,0,1,5.526624878788711,2.4733751212112884,0.6908281098485889,0.913891119321741,39.0,14.0,False,main,True
9153,0,1,5.44497079379294,2.5550292062070596,0.6806213492241175,0.9076843384599431,42.0,15.0,False,main,True
10224,1,1,6.354908843860106,1.6450911561398938,0.7943636054825133,0.9670633340172035,18.0,9.0,False,main,True
10224,2,2,7.354908843860106,1.6450911561398938,0.817212093762234,0.9713030867136832,14.0,7.0,False,main,False
10224,3,3,8.354908843860105,1.6450911561398938,0.8354908843860105,0.9745748531553862,11.0,6.0,False,main,False
10224,4,4,9.354908843860105,1.6450911561398938,0.8504462585327368,0.9771764082050589,9.0,5.0,False,main,False
10224,5,5,10.354908843860105,1.6450911561398938,0.8629090703216754,0.9792946767430004,6.0,4.0,False,main,False
10224,6,6,11.354908843860105,1.6450911561398938,0.8734545264507774,0.9810529493153796,4.0,3.0,False,main,False
10224,7,7,12.354908843860105,1.6450911561398938,0.8824934888471504,0.9825358485347698,3.0,2.0,False,main,False
10224,8,8,13.354908843860105,1.6450911561398938,0.8903272562573403,0.9838033919140182,1.0,1.0,False,main,False
10224,9,9,14.354908843860105,1.6450911561398938,0.8971818027412566,0.984899331560904,-1.0,-1.0,True,main,False
1400,1,1,6.174460393114727,1.8255396068852727,0.7718075491393409,0.9571540208539119,21.0,9.0,False,main,True
1774,1,1,6.2254329665285475,1.774567033471452,0.7781791208160684,0.9600580921106792,20.0,9.0,False,main,True
1561,1,1,6.3828268123669405,1.6171731876330595,0.7978533515458676,0.9685014209038904,18.0,9.0,False,main,True
9709,0,1,5.546130251805867,2.4538697481941334,0.6932662814757333,0.9153506213001614,39.0,14.0,False,main,True
9709,0,2,5.546130251805867,3.4538697481941334,0.6162366946450963,0.8536542937177054,67.0,20.0,False,main,False
9709,0,3,5.546130251805867,4.453869748194133,0.5546130251805866,0.7951163181888896,112.0,28.0,False,main,False
9709,0,4,5.546130251805867,5.453869748194133,0.5041936592550788,0.7418098128499252,186.0,37.0,False,main,False
9709,0,5,5.546130251805867,6.453869748194133,0.4621775209838222,0.6939532833062818,313.0,49.0,False,main,False
9709,0,6,5.546130251805867,7.453869748194133,0.42662540398506665,0.651160901623486,543.0,64.0,False,main,True
9709,0,7,5.546130251805867,8.453869748194133,0.3961521608432762,0.6128799197898032,998.0,84.0,False,main,True
9709,0,8,5.546130251805867,9.453869748194133,0.36974201678705776,0.5785500632427754,-1.0,108.0,False,main,True
9709,0,9,5.546130251805867,10.453869748194133,0.34663314073786666,0.5476591437615675,-1.0,140.0,False,main,True
2938,1,1,6.366329010075932,1.6336709899240671,0.7957911262594916,0.9676547820395982,18.0,9.0,False,main,True
11460,1,1,6.546215678558278,1.4537843214417214,0.8182769598197848,0.9763721190891033,16.0,8.0,False,main,True
3663,1,1,6.435161746002368,1.5648382539976315,0.804395218250296,0.9711254305628585,17.0,9.0,False,main,True
7720,0,1,5.5235904190021925,2.4764095809978075,0.6904488023752741,0.9136632545701184,39.0,15.0,False,main,True
7720,0,2,5.5235904190021925,3.4764095809978075,0.6137322687780213,0.8518205313922896,68.0,21.0,False,main,False
7720,0,3,5.5235904190021925,4.4764095809978075,0.5523590419002192,0.7932621918263122,114.0,28.0,False,main,True
7720,0,4,5.5235904190021925,5.4764095809978075,0.5021445835456538,0.7399886637220963,190.0,38.0,False,main,True
935,0,1,5.418008718673868,2.5819912813261316,0.6772510898342335,0.9056009299548718,42.0,15.0,False,main,True
935,0,2,5.418008718673868,3.5819912813261316,0.602000968741541,0.8431283924041549,74.0,21.0,False,main,True
2245,0,1,5.30435017039306,2.69564982960694,0.6630437712991325,0.8966369953035852,46.0,15.0,False,main,True
4691,0,1,5.392008907112422,2.6079910928875782,0.6740011133890528,0.9035761276033673,43.0,15.0,False,main,True
10360,1,1,6.18249284302901,1.8175071569709902,0.7728116053786263,0.9576169810796202,21.0,9.0,False,main,True
10360,2,2,7.18249284302901,1.8175071569709902,0.7980547603365566,0.963117455203681,16.0,8.0,False,main,False
10360,3,3,8.18249284302901,1.8175071569709902,0.818249284302901,0.9673525019823725,12.0,6.0,False,main,False
10360,4,4,9.18249284302901,1.8175071569709902,0.8347720766390009,0.9707141884960679,9.0,5.0,False,main,False
10360,5,5,10.18249284302901,1.8175071569709902,0.8485410702524175,0.9734476434112603,7.0,4.0,False,main,False
10360,6,6,11.18249284302901,1.8175071569709902,0.8601917571560777,0.9757140449758002,5.0,3.0,False,main,False
10360,7,7,12.18249284302901,1.8175071569709902,0.8701780602163579,0.9776237468237832,3.0,2.0,False,main,False
10360,8,8,13.18249284302901,1.8175071569709902,0.878832856201934,0.9792548576970211,1.0,1.0,False,main,False
10360,9,9,14.18249284302901,1.8175071569709902,0.8864058026893131,0.9806642222685066,-1.0,-1.0,True,main,False
2843,1,1,6.4294880978897035,1.5705119021102967,0.8036860122362129,0.9708455496098111,17.0,9.0,False,main,True
2324,1,1,6.344043863809166,1.655956136190834,0.7930054829761457,0.9664965778890282,18.0,9.0,False,main,True
3300,1,1,6.422144324097125,1.5778556759028741,0.8027680405121407,0.9704816124560497,18.0,9.0,False,main,True
3716,1,1,6.445294015722089,1.5547059842779105,0.8056617519652611,0.9716224474167067,17.0,8.0,False,main,True
3716,2,2,7.445294015722089,1.5547059842779105,0.8272548906357877,0.9752594778521304,14.0,7.0,False,main,True
3716,3,3,8.445294015722089,1.5547059842779105,0.8445294015722089,0.9780694735133767,11.0,6.0,False,main,True
3716,4,4,9.445294015722089,1.5547059842779105,0.8586630923383717,0.9803058927679555,8.0,5.0,False,main,False
3716,5,5,10.445294015722089,1.5547059842779105,0.8704411679768408,0.9821281745204641,6.0,4.0,False,main,False
3716,6,6,11.445294015722089,1.5547059842779105,0.8804072319786223,0.9836416515692685,4.0,3.0,False,main,False
3716,7,7,12.445294015722089,1.5547059842779105,0.8889495725515778,0.984918715139899,2.0,2.0,False,main,False
3716,8,8,13.445294015722089,1.5547059842779105,0.8963529343814726,0.9860107625802018,1.0,1.0,False,main,False
3716,9,9,14.445294015722089,1.5547059842779105,0.9028308759826306,0.9869552953435619,-1.0,-1.0,True,main,False
2410,1,1,6.581853910137744,1.4181460898622564,0.822731738767218,0.9779597159862344,16.0,8.0,False,main,True
2410,2,2,7.581853910137744,1.4181460898622564,0.8424282122375271,0.9807657206555283,13.0,7.0,False,main,True
2410,3,3,8.581853910137744,1.4181460898622564,0.8581853910137743,0.9829375824139079,10.0,6.0,False,main,False
2410,4,4,9.581853910137744,1.4181460898622564,0.8710776281943403,0.9846685331094721,8.0,5.0,False,main,False
2410,5,5,10.581853910137744,1.4181460898622564,0.8818211591781453,0.986080509781314,6.0,4.0,False,main,False
2410,6,6,11.581853910137744,1.4181460898622564,0.8909118392413649,0.9872542683759004,4.0,3.0,False,main,False
2410,7,7,12.581853910137744,1.4181460898622564,0.8987038507241245,0.9882454192748248,2.0,2.0,False,main,False
2410,8,8,13.581853910137744,1.4181460898622564,0.9054569273425163,0.9890935097096117,1.0,1.0,False,main,False
2410,9,9,14.581853910137744,1.4181460898622564,0.911365869383609,0.989827434053481,-1.0,-1.0,True,main,False
2398,1,1,6.315221815437517,1.6847781845624834,0.7894027269296896,0.9649741045304757,19.0,9.0,False,main,True
11839,1,1,6.583568037681214,1.4164319623187858,0.8229460047101518,0.978034865695712,16.0,8.0,False,main,True
11839,2,2,7.583568037681214,1.4164319623187858,0.8426186708534682,0.9808310658435149,13.0,7.0,False,main,False
11839,3,3,8.583568037681214,1.4164319623187858,0.8583568037681214,0.9829953881705368,10.0,6.0,False,main,False
11839,4,4,9.583568037681214,1.4164319623187858,0.8712334579710195,0.9847203603746932,8.0,5.0,False,main,False
11839,5,5,10.583568037681214,1.4164319623187858,0.8819640031401011,0.9861274799549288,6.0,4.0,False,main,False
11839,6,6,11.583568037681214,1.4164319623187858,0.8910436952062473,0.9872972142539641,4.0,3.0,False,main,False
11839,7,7,12.583568037681214,1.4164319623187858,0.898826288405801,0.9882849762960124,2.0,2.0,False,main,False
11839,8,8,13.583568037681214,1.4164319623187858,0.9055712025120809,0.989130173770449,1.0,1.0,False,main,False
11839,9,9,14.583568037681214,1.4164319623187858,0.9114730023550759,0.9898615995912875,-1.0,-1.0,True,main,False
9490,0,1,5.259583302585478,2.7404166974145223,0.6574479128231847,0.8930272230673412,48.0,16.0,False,main,True
9490,0,2,5.259583302585478,3.7404166974145223,0.5843981447317197,0.8297734619235078,84.0,22.0,False,main,False
9490,0,3,5.259583302585478,4.740416697414522,0.5259583302585478,0.7711312313989804,145.0,31.0,False,main,True
9490,0,4,5.259583302585478,5.740416697414522,0.47814393659867976,0.7183352456589327,250.0,42.0,False,main,True
9490,0,5,5.259583302585478,6.740416697414522,0.4382986085487898,0.6712520122562036,442.0,55.0,False,main,True
4611,1,1,6.2893951146082845,1.710604885391715,0.7861743893260356,0.9635866641852471,19.0,9.0,False,main,True
4423,1,1,6.498709509147714,1.5012904908522864,0.8123386886434643,0.9741823488446308,17.0,8.0,False,main,True
2920,0,1,5.251823512138831,2.748176487861169,0.6564779390173539,0.8923970300173788,48.0,16.0,False,main,True
10412,0,1,5.258694485118069,2.7413055148819314,0.6573368106397586,0.89295510677218,48.0,16.0,False,main,True
10412,0,2,5.258694485118069,3.7413055148819314,0.5842993872353409,0.8296974907662036,85.0,22.0,False,main,False
10412,0,3,5.258694485118069,4.741305514881931,0.5258694485118068,0.7710554419288208,145.0,31.0,False,main,True
10412,0,4,5.258694485118069,5.741305514881931,0.4780631350107335,0.7182613411314973,250.0,42.0,False,main,True
10412,0,5,5.258694485118069,6.741305514881931,0.4382245404265057,0.6711807042566187,443.0,55.0,False,main,True
1431,0,1,5.234126148914429,2.7658738510855705,0.6542657686143036,0.8909548538920451,49.0,16.0,False,main,True
11359,1,1,6.455581385205431,1.5444186147945689,0.8069476731506788,0.9721233716555654,17.0,8.0,False,main,True
9206,1,1,6.275024535589163,1.724975464410837,0.7843780669486454,0.9628052818478556,19.0,9.0,False,main,True
9206,2,2,7.275024535589163,1.724975464410837,0.8083360595099071,0.9676113951223266,15.0,7.0,False,main,False
9206,3,3,8.275024535589164,1.724975464410837,0.8275024535589163,0.971316323744341,12.0,6.0,False,main,False
9206,4,4,9.275024535589164,1.724975464410837,0.8431840486899239,0.97425994267309,9.0,5.0,False,main,False
9206,5,5,10.275024535589164,1.724975464410837,0.8562520446324302,0.9766552089704005,7.0,4.0,False,main,False
9206,6,6,11.275024535589164,1.724975464410837,0.8673095796607049,0.9786423813313619,5.0,3.0,False,main,False
9206,7,7,12.275024535589164,1.724975464410837,0.8767874668277973,0.9803176182259058,3.0,2.0,False,main,False
9206,8,8,13.275024535589164,1.724975464410837,0.8850016357059441,0.9817490548377401,1.0,1.0,False,main,False
9206,9,9,14.275024535589164,1.724975464410837,0.8921890334743228,0.9829863221575665,-1.0,-1.0,True,main,False
8755,0,1,5.283157850235519,2.7168421497644806,0.6603947312794399,0.8949336639125887,47.0,15.0,False,main,True
8755,0,2,5.283157850235519,3.7168421497644806,0.5870175389150577,0.8317842461648405,83.0,22.0,False,main,True
8755,0,3,5.283157850235519,4.716842149764481,0.5283157850235519,0.7731383004270868,142.0,31.0,False,main,True
4596,1,1,6.330151348546744,1.6698486514532558,0.791268918568343,0.9657661628702735,19.0,9.0,False,main,True
10525,0,1,5.467909759292797,2.532090240707203,0.6834887199115997,0.9094436857511614,41.0,15.0,False,main,True
10525,0,2,5.467909759292797,3.532090240707203,0.6075455288103108,0.8472575025649095,71.0,21.0,False,main,False
10525,0,3,5.467909759292797,4.532090240707203,0.5467909759292797,0.7886580004153956,120.0,29.0,False,main,False
10525,0,4,5.467909759292797,5.532090240707203,0.4970827053902543,0.7354712882810985,201.0,38.0,False,main,True
10525,0,5,5.467909759292797,6.532090240707203,0.4556591466077331,0.6878130786021752,342.0,51.0,False,main,True
3354,1,1,6.273731571980973,1.7262684280190268,0.7842164464976217,0.9627346521176949,19.0,9.0,False,main,True
9039,0,1,5.528862023061249,2.4711379769387514,0.6911077528826561,0.914058972464177,39.0,14.0,False,main,True
1306,0,1,5.304545717807873,2.6954542821921272,0.6630682147259841,0.8966526661179555,46.0,15.0,False,main,True
2384,1,1,6.535758416750771,1.4642415832492293,0.8169698020938464,0.9758972424511669,16.0,8.0,False,main,True
5273,0,1,5.354309959477175,2.645690040522825,0.6692887449346469,0.9006129908985983,45.0,15.0,False,main,True
783,1,1,6.327437963959631,1.672562036040369,0.7909297454949539,0.9656227562865581,19.0,9.0,False,main,True
8789,0,1,5.496175243487309,2.5038247565126914,0.6870219054359136,0.9115947569778285,40.0,15.0,False,main,True
4003,1,1,6.446865513357094,1.553134486642906,0.8058581891696367,0.9716992103792282,17.0,8.0,False,main,True
3043,0,1,5.153436781055014,2.8465632189449868,0.6441795976318767,0.8842933126349877,52.0,16.0,False,main,True
3420,1,1,6.488287112675416,1.5117128873245842,0.811035889084427,0.9736908990673085,17.0,8.0,False,main,True
3420,2,2,7.488287112675416,1.5117128873245842,0.8320319014083796,0.9770557919386165,13.0,7.0,False,main,True
3420,3,3,8.488287112675415,1.5117128873245842,0.8488287112675416,0.979657008375671,11.0,6.0,False,main,False
3420,4,4,9.488287112675415,1.5117128873245842,0.862571555697765,0.981728168816032,8.0,5.0,False,main,False
3420,5,5,10.488287112675415,1.5117128873245842,0.8740239260562847,0.983416379070154,6.0,4.0,False,main,False
3420,6,6,11.488287112675415,1.5117128873245842,0.8837143932827243,0.9848188994080472,4.0,3.0,False,main,False
3420,7,7,12.488287112675415,1.5117128873245842,0.892020508048244,0.9860026146460393,2.0,2.0,False,main,False
3420,8,8,13.488287112675415,1.5117128873245842,0.8992191408450277,0.9870150368145175,1.0,1.0,False,main,False
3420,9,9,14.488287112675415,1.5117128873245842,0.9055179445422135,0.9878908472486931,-1.0,-1.0,True,main,False
8565,1,1,6.563773790092194,1.4362262099078063,0.8204717237615242,0.9771602697109564,16.0,8.0,False,main,True
8565,2,2,7.563773790092194,1.4362262099078063,0.8404193100102437,0.9800706504900689,13.0,7.0,False,main,True
8565,3,3,8.563773790092194,1.4362262099078063,0.8563773790092194,0.9823227588973161,10.0,6.0,False,main,False
8565,4,4,9.563773790092194,1.4362262099078063,0.8694339809174721,0.9841173325216362,8.0,5.0,False,main,False
8565,5,5,10.563773790092194,1.4362262099078063,0.8803144825076828,0.985580991977209,6.0,4.0,False,main,False
8565,6,6,11.563773790092194,1.4362262099078063,0.8895210607763226,0.986797567640309,4.0,3.0,False,main,False
8565,7,7,12.563773790092194,1.4362262099078063,0.8974124135780138,0.9878247718444818,2.0,2.0,False,main,False
8565,8,8,13.563773790092194,1.4362262099078063,0.9042515860061463,0.9887036377515342,1.0,1.0,False,main,False
8565,9,9,14.563773790092194,1.4362262099078063,0.9102358618807621,0.9894641399758727,-1.0,-1.0,True,main,False
12087,0,1,5.52786675727208,2.4721332427279195,0.69098334465901,0.9139843121858865,39.0,14.0,False,main,True
3085,1,1,6.569284639334946,1.4307153606650538,0.8211605799168683,0.9774052526077485,16.0,8.0,False,main,True
5015,1,1,6.232881767187046,1.7671182328129538,0.7791102208983808,0.9604756986504952,20.0,9.0,False,main,True
9823,1,1,6.287132187408146,1.7128678125918548,0.7858915234260182,0.9634640629906761,19.0,9.0,False,main,True
9823,2,2,7.287132187408146,1.7128678125918548,0.8096813541564606,0.9681823417194872,15.0,7.0,False,main,False
9823,3,3,8.287132187408146,1.7128678125918548,0.8287132187408146,0.9718201390886583,12.0,6.0,False,main,False
9823,4,4,9.287132187408146,1.7128678125918548,0.8442847443098315,0.9747107727235104,9.0,5.0,False,main,False
9823,5,5,10.287132187408146,1.7128678125918548,0.8572610156173455,0.9770631499112177,7.0,4.0,False,main,False
9823,6,6,11.287132187408146,1.7128678125918548,0.8682409374929343,0.9790148920957666,5.0,3.0,False,main,False
9823,7,7,12.287132187408146,1.7128678125918548,0.8776522991005818,0.9806603661234562,3.0,2.0,False,main,False
9823,8,8,13.287132187408146,1.7128678125918548,0.8858088124938763,0.9820664471853057,1.0,1.0,False,main,False
9823,9,9,14.287132187408146,1.7128678125918548,0.8929457617130091,0.9832818542285842,-1.0,-1.0,True,main,False
665,1,1,6.401251341740155,1.5987486582598456,0.8001564177175193,0.9694359782651015,18.0,9.0,False,main,True
665,2,2,7.401251341740155,1.5987486582598456,0.8223612601933505,0.9733615754402922,14.0,7.0,False,main,True
665,3,3,8.401251341740155,1.5987486582598456,0.8401251341740155,0.9763927598401599,11.0,6.0,False,main,False
665,4,4,9.401251341740155,1.5987486582598456,0.8546592128854686,0.9788041431823554,9.0,5.0,False,main,False
665,5,5,10.401251341740155,1.5987486582598456,0.8667709451450128,0.980768295098961,6.0,4.0,False,main,False
665,6,6,11.401251341740155,1.5987486582598456,0.8770193339800119,0.9823991327996252,4.0,3.0,False,main,False
665,7,7,12.401251341740155,1.5987486582598456,0.8858036672671539,0.9837748975387889,2.0,2.0,False,main,False
665,8,8,13.401251341740155,1.5987486582598456,0.8934167561160103,0.9849511112483351,1.0,1.0,False,main,False
665,9,9,14.401251341740155,1.5987486582598456,0.9000782088587597,0.9859682672432234,-1.0,-1.0,True,main,False
2824,0,1,5.5107310712660285,2.4892689287339715,0.6888413839082536,0.9126952061027535,40.0,15.0,False,main,True
11973,1,1,6.225431805151815,1.7745681948481853,0.7781789756439769,0.9600580268638673,20.0,9.0,False,main,True
11973,2,2,7.225431805151815,1.7745681948481853,0.8028257561279795,0.9652312398338297,16.0,8.0,False,main,True
11973,3,3,8.225431805151814,1.7745681948481853,0.8225431805151814,0.9692165612236955,12.0,6.0,False,main,False
11973,4,4,9.225431805151814,1.7745681948481853,0.8386756186501649,0.9723813816805738,9.0,5.0,False,main,False
11973,5,5,10.225431805151814,1.7745681948481853,0.8521193170959845,0.9749556326891131,7.0,4.0,False,main,False
11973,6,6,11.225431805151814,1.7745681948481853,0.8634947542424473,0.9770906172989924,5.0,3.0,False,main,False
11973,7,7,12.225431805151814,1.7745681948481853,0.8732451289394153,0.9788899918585577,3.0,2.0,False,main,False
11973,8,8,13.225431805151814,1.7745681948481853,0.8816954536767876,0.9804271616452749,1.0,1.0,False,main,False
11973,9,9,14.225431805151814,1.7745681948481853,0.8890894878219884,0.9817555706430617,-1.0,-1.0,True,main,False
9983,1,1,6.377492632970354,1.6225073670296466,0.7971865791212942,0.9682286897854833,18.0,9.0,False,main,True
9983,2,2,7.377492632970354,1.6225073670296466,0.8197214036633726,0.9723140103746503,14.0,7.0,False,main,False
9983,3,3,8.377492632970354,1.6225073670296466,0.8377492632970354,0.9754675401660181,11.0,6.0,False,main,False
9983,4,4,9.377492632970354,1.6225073670296466,0.8524993302700321,0.9779756502944368,9.0,5.0,False,main,False
9983,5,5,10.377492632970354,1.6225073670296466,0.8647910527475294,0.9800182011937817,6.0,4.0,False,main,False
9983,6,6,11.377492632970354,1.6225073670296466,0.8751917409977195,0.9817138721336915,4.0,3.0,False,main,False
9983,7,7,12.377492632970354,1.6225073670296466,0.8841066166407395,0.9831441471823212,3.0,2.0,False,main,False
9983,8,8,13.377492632970354,1.6225073670296466,0.8918328421980236,0.9843668332540042,1.0,1.0,False,main,False
9983,9,9,14.377492632970354,1.6225073670296466,0.8985932895606471,0.9854240802993833,-1.0,-1.0,True,main,False
10860,1,1,6.409713258099652,1.5902867419003477,0.8012141572624565,0.9698612915313003,18.0,9.0,False,main,True
10860,2,2,7.409713258099652,1.5902867419003477,0.8233014731221835,0.9737306852022232,14.0,7.0,False,main,False
10860,3,3,8.409713258099652,1.5902867419003477,0.8409713258099651,0.9767188045796206,11.0,6.0,False,main,False
10860,4,4,9.409713258099652,1.5902867419003477,0.8554284780090593,0.9790961320418344,8.0,5.0,False,main,False
10860,5,5,10.409713258099652,1.5902867419003477,0.8674761048416376,0.9810326755757208,6.0,4.0,False,main,False
10860,6,6,11.409713258099652,1.5902867419003477,0.8776702506230502,0.9826406784856843,4.0,3.0,False,main,False
10860,7,7,12.409713258099652,1.5902867419003477,0.8864080898642609,0.9839972417471854,2.0,2.0,False,main,False
10860,8,8,13.409713258099652,1.5902867419003477,0.8939808838733101,0.9851570835868663,1.0,1.0,False,main,False
10860,9,9,14.409713258099652,1.5902867419003477,0.9006070786312282,0.9861601144859807,-1.0,-1.0,True,main,False
2556,1,1,6.220571771976833,1.7794282280231668,0.7775714714971041,0.9597846172011832,20.0,9.0,False,main,True
10704,0,1,5.195144959443757,2.8048550405562427,0.6493931199304697,0.8877542016858961,51.0,16.0,False,main,True
10704,0,2,5.195144959443757,3.8048550405562427,0.5772383288270841,0.8242356448950038,89.0,23.0,False,main,False
10704,0,3,5.195144959443757,4.804855040556243,0.5195144959443757,0.7656143441452199,155.0,31.0,False,main,True
10704,0,4,5.195144959443757,5.804855040556243,0.4722859054039779,0.7129597099478855,269.0,43.0,False,main,True
10704,0,5,5.195144959443757,6.804855040556243,0.4329287466203131,0.6660678353859939,482.0,57.0,False,main,True
3302,1,1,6.5629001127086095,1.4370998872913905,0.8203625140885762,0.9771213255408288,16.0,8.0,False,main,True
8716,1,1,6.151413978445168,1.8485860215548318,0.768926747305646,0.9558147856077059,21.0,9.0,False,main,True
5158,0,1,5.286502239358199,2.7134977606418014,0.6608127799197748,0.895203128710403,47.0,15.0,False,main,True
2578,1,1,6.238552697769975,1.7614473022300254,0.7798190872212468,0.9607924605795531,20.0,9.0,False,main,True
7309,1,1,6.343812698539306,1.6561873014606938,0.7929765873174133,0.9664844766335993,18.0,9.0,False,main,True
11506,1,1,6.37473204246514,1.6252679575348603,0.7968415053081425,0.9680871641143887,18.0,9.0,False,main,True
11506,2,2,7.37473204246514,1.6252679575348603,0.8194146713850156,0.9721912262236393,14.0,7.0,False,main,True
11506,3,3,8.37473204246514,1.6252679575348603,0.8374732042465141,0.9753591078410613,11.0,6.0,False,main,False
11506,4,4,9.37473204246514,1.6252679575348603,0.852248367496831,0.9778785622647528,9.0,5.0,False,main,False
11506,5,5,10.37473204246514,1.6252679575348603,0.8645610035387618,0.9799303064626605,6.0,4.0,False,main,False
11506,6,6,11.37473204246514,1.6252679575348603,0.8749793878819339,0.981633578955088,4.0,3.0,False,main,False
11506,7,7,12.37473204246514,1.6252679575348603,0.8839094316046529,0.9830702445323272,3.0,2.0,False,main,False
11506,8,8,13.37473204246514,1.6252679575348603,0.8916488028310093,0.9842983783136074,1.0,1.0,False,main,False
11506,9,9,14.37473204246514,1.6252679575348603,0.8984207526540713,0.9853603246628188,-1.0,-1.0,True,main,False
4290,0,1,5.148706886222838,2.851293113777162,0.6435883607778548,0.8838984765558126,53.0,16.0,False,main,True
8715,0,1,5.506394007910329,2.493605992089672,0.6882992509887911,0.9123678355787993,40.0,15.0,False,main,True
260,0,1,5.465517782761235,2.5344822172387653,0.6831897228451543,0.9092607974699843,41.0,15.0,False,main,True
8733,1,1,6.58540073672082,1.4145992632791802,0.8231750920901025,0.978115089924106,16.0,8.0,False,main,True
8733,2,2,7.58540073672082,1.4145992632791802,0.8428223040800912,0.980900824843411,13.0,7.0,False,main,False
8733,3,3,8.585400736720821,1.4145992632791802,0.858540073672082,0.9830570993859191,10.0,6.0,False,main,False
8733,4,4,9.585400736720821,1.4145992632791802,0.8714000669746199,0.9847756898192991,8.0,5.0,False,main,False
8733,5,5,10.585400736720821,1.4145992632791802,0.8821167280600682,0.9861776245606912,6.0,4.0,False,main,False
8733,6,6,11.585400736720821,1.4145992632791802,0.8911846720554477,0.9873430629371732,4.0,3.0,False,main,False
8733,7,7,12.585400736720821,1.4145992632791802,0.8989571954800586,0.9883272073329634,2.0,2.0,False,main,False
8733,8,8,13.585400736720821,1.4145992632791802,0.9056933824480546,0.9891693164990939,1.0,1.0,False,main,False
8733,9,9,14.585400736720821,1.4145992632791802,0.9115875460450513,0.9898980750556851,-1.0,-1.0,True,main,False
3194,0,1,5.31217746859504,2.6878225314049597,0.66402218357438,0.8972635978586275,46.0,15.0,False,main,True
6488,1,1,6.483243729695307,1.5167562703046935,0.8104054662119133,0.9734516783652859,17.0,8.0,False,main,True
10363,1,1,6.37866744849148,1.6213325515085204,0.797333431061435,0.9682888399441554,18.0,9.0,False,main,True
10363,2,2,7.37866744849148,1.6213325515085204,0.8198519387212755,0.9723661962798263,14.0,7.0,False,main,False
10363,3,3,8.37866744849148,1.6213325515085204,0.837866744849148,0.9755136269846082,11.0,6.0,False,main,False
10363,4,4,9.37866744849148,1.6213325515085204,0.8526061316810437,0.9780169159882244,9.0,5.0,False,main,False
10363,5,5,10.37866744849148,1.6213325515085204,0.8648889540409567,0.9800555598048419,6.0,4.0,False,main,False
10363,6,6,11.37866744849148,1.6213325515085204,0.8752821114224216,0.981748000079752,4.0,3.0,False,main,False
10363,7,7,12.37866744849148,1.6213325515085204,0.8841905320351058,0.9831755591061678,3.0,2.0,False,main,False
10363,8,8,13.37866744849148,1.6213325515085204,0.8919111632327653,0.9843959298298652,1.0,1.0,False,main,False
10363,9,9,14.37866744849148,1.6213325515085204,0.8986667155307175,0.9854511795868767,-1.0,-1.0,True,main,False
12054,0,1,5.1769842089271485,2.8230157910728515,0.6471230261158936,0.8862518430006386,51.0,16.0,False,main,True
4723,1,1,6.342310450799144,1.6576895492008554,0.792788806349893,0.9664057921619621,18.0,9.0,False,main,True
7743,1,1,6.3874892956050795,1.61251070439492,0.7984361619506349,0.9687390154938484,18.0,9.0,False,main,True
7743,2,2,7.3874892956050795,1.61251070439492,0.8208321439561199,0.9727567871446026,14.0,7.0,False,main,False
7743,3,3,8.387489295605079,1.61251070439492,0.8387489295605081,0.9758585828089112,11.0,6.0,False,main,False
7743,4,4,9.387489295605079,1.61251070439492,0.85340811778228,0.9783257960481896,9.0,5.0,False,main,False
7743,5,5,10.387489295605079,1.61251070439492,0.86562410796709,0.980335201967389,6.0,4.0,False,main,False
7743,6,6,11.387489295605079,1.61251070439492,0.8759607150465446,0.9820034650016228,4.0,3.0,False,main,False
7743,7,7,12.387489295605079,1.61251070439492,0.8848206639717915,0.9834106973851856,3.0,2.0,False,main,False
7743,8,8,13.387489295605079,1.61251070439492,0.892499286373672,0.9846137395156321,1.0,1.0,False,main,False
7743,9,9,14.387489295605079,1.61251070439492,0.8992180809753175,0.9856540406800769,-1.0,-1.0,True,main,False
2989,1,1,6.539461295770754,1.4605387042292464,0.8174326619713442,0.9760658593810616,16.0,8.0,False,main,True
1755,0,1,5.475096679084299,2.5249033209157017,0.6843870848855373,0.9099923916815802,41.0,15.0,False,main,True
9528,0,1,5.254479226462706,2.7455207735372937,0.6568099033078383,0.8926128560550259,48.0,16.0,False,main,True
9528,0,2,5.254479226462706,3.7455207735372937,0.5838310251625229,0.829337036095689,85.0,22.0,False,main,False
9528,0,3,5.254479226462706,4.745520773537294,0.5254479226462706,0.770695889957084,146.0,31.0,False,main,True
9528,0,4,5.254479226462706,5.745520773537294,0.4776799296784278,0.7179107533706037,252.0,42.0,False,main,True
11802,0,1,5.460318610155824,2.539681389844176,0.682539826269478,0.9088628160904029,41.0,15.0,False,main,True
628,0,1,5.303568334170405,2.6964316658295946,0.6629460417713007,0.896574331896269,46.0,15.0,False,main,True
227,1,1,6.582638368273903,1.4173616317260964,0.8228297960342379,0.9779941215943218,16.0,8.0,False,main,True
227,2,2,7.582638368273903,1.4173616317260964,0.8425153742526559,0.9807956373320087,13.0,7.0,False,main,True
227,3,3,8.582638368273903,1.4173616317260964,0.8582638368273903,0.9829640472466067,10.0,6.0,False,main,False
227,4,4,9.582638368273903,1.4173616317260964,0.8711489425703548,0.984692260776734,8.0,5.0,False,main,False
227,5,5,10.582638368273903,1.4173616317260964,0.881886530689492,0.9861020137123255,6.0,4.0,False,main,False
227,6,6,11.582638368273903,1.4173616317260964,0.8909721821749156,0.9872739298605359,4.0,3.0,False,main,False
227,7,7,12.582638368273903,1.4173616317260964,0.898759883448136,0.9882635292423624,2.0,2.0,False,main,False
227,8,8,13.582638368273903,1.4173616317260964,0.9055092245515936,0.9891102952001155,1.0,1.0,False,main,False
227,9,9,14.582638368273903,1.4173616317260964,0.911414898017119,0.9898430756543521,-1.0,-1.0,True,main,False
10238,1,1,6.193989716580007,1.806010283419993,0.7742487145725009,0.9582761687172086,20.0,9.0,False,main,True
10238,2,2,7.193989716580007,1.806010283419993,0.799332190731112,0.963688169530189,16.0,8.0,False,main,False
10238,3,3,8.193989716580006,1.806010283419993,0.8193989716580006,0.9678557262401876,12.0,6.0,False,main,False
10238,4,4,9.193989716580006,1.806010283419993,0.8358172469618187,0.9711642212980379,9.0,5.0,False,main,False
10238,5,5,10.193989716580006,1.806010283419993,0.8494991430483338,0.973854668949179,7.0,4.0,False,main,False
10238,6,6,11.193989716580006,1.806010283419993,0.8610761320446159,0.9760855750466018,5.0,3.0,False,main,False
10238,7,7,12.193989716580006,1.806010283419993,0.8709992654700004,0.9779654814556149,3.0,2.0,False,main,False
10238,8,8,13.193989716580006,1.806010283419993,0.8795993144386671,0.9795712248816324,1.0,1.0,False,main,False
10238,9,9,14.193989716580006,1.806010283419993,0.8871243572862504,0.9809587305065909,-1.0,-1.0,True,main,False
11554,0,1,5.520385353131648,2.479614646868352,0.690048169141456,0.9134223425927895,39.0,15.0,False,main,True
3982,1,1,6.368349903487855,1.6316500965121452,0.7960437379359818,0.9677589861188209,18.0,9.0,False,main,True
2997,1,1,6.295820773063986,1.7041792269360143,0.7869775966329983,0.963933889203335,19.0,9.0,False,main,True
6891,1,1,6.193081258435431,1.8069187415645689,0.7741351573044288,0.9582242293423954,20.0,9.0,False,main,True
12007,1,1,6.290141423061927,1.7098585769380727,0.7862676778827409,0.9636270614137015,19.0,9.0,False,main,True
9046,1,1,6.373712130575026,1.626287869424974,0.7967140163218782,0.9680348114778674,18.0,9.0,False,main,True
1502,1,1,6.221852057182125,1.778147942817875,0.7777315071477656,0.9598567136568593,20.0,9.0,False,main,True
1502,2,2,7.221852057182125,1.778147942817875,0.8024280063535695,0.9650568778210776,16.0,8.0,False,main,False
1502,3,3,8.221852057182126,1.778147942817875,0.8221852057182126,0.9690627734569125,12.0,6.0,False,main,False
1502,4,4,9.221852057182126,1.778147942817875,0.838350187016557,0.9722438182211354,9.0,5.0,False,main,False
1502,5,5,10.221852057182126,1.778147942817875,0.8518210047651772,0.9748311928554664,7.0,4.0,False,main,False
1502,6,6,11.221852057182126,1.778147942817875,0.8632193890140096,0.976977012633898,5.0,3.0,False,main,False
1502,7,7,12.221852057182126,1.778147942817875,0.8729894326558661,0.9787854849913108,3.0,2.0,False,main,False
1502,8,8,13.221852057182126,1.778147942817875,0.8814568038121418,0.9803304023678169,1.0,1.0,False,main,False
1502,9,9,14.221852057182126,1.778147942817875,0.8888657535738829,0.9816654887552931,-1.0,-1.0,True,main,False
2215,1,1,6.319659492624522,1.6803405073754782,0.7899574365780653,0.9652103043593637,19.0,9.0,False,main,True
2531,0,1,5.210419709803308,2.789580290196692,0.6513024637254134,0.8890123012434019,50.0,16.0,False,main,True
1924,0,1,5.161456532887814,2.838543467112186,0.6451820666109768,0.8849616813187402,52.0,16.0,False,main,True
2816,1,1,6.456493150680569,1.5435068493194306,0.8070616438350712,0.9721675877751362,17.0,8.0,False,main,True
2816,2,2,7.456493150680569,1.5435068493194306,0.8284992389645077,0.9757328147781728,14.0,7.0,False,main,True
2816,3,3,8.456493150680569,1.5435068493194306,0.8456493150680569,0.9784877416365194,11.0,6.0,False,main,False
2816,4,4,9.456493150680569,1.5435068493194306,0.8596811955164153,0.98068058188301,8.0,5.0,False,main,False
2816,5,5,10.456493150680569,1.5435068493194306,0.8713744292233807,0.9824675155535205,6.0,4.0,False,main,False
2816,6,6,11.456493150680569,1.5435068493194306,0.8812687038985053,0.9839517432960014,4.0,3.0,False,main,False
2816,7,7,12.456493150680569,1.5435068493194306,0.8897495107628978,0.9852042024585085,2.0,2.0,False,main,False
2816,8,8,13.456493150680569,1.5435068493194306,0.8970995433787046,0.9862752648216196,1.0,1.0,False,main,False
2816,9,9,14.456493150680569,1.5435068493194306,0.9035308219175355,0.9872016876147641,-1.0,-1.0,True,main,False
3538,0,1,5.2850972689412075,2.7149027310587925,0.6606371586176509,0.8950899572166898,47.0,15.0,False,main,True
189,1,1,6.571508585891168,1.4284914141088318,0.821438573236396,0.9775037926006224,16.0,8.0,False,main,True
4719,1,1,6.304858489427038,1.695141510572962,0.7881073111783797,0.9644199897539806,19.0,9.0,False,main,True
2499,1,1,6.365977407398512,1.6340225926014875,0.795747175924814,0.9676366381400973,18.0,9.0,False,main,True
625,1,1,6.155228280670229,1.844771719329771,0.7694035350837787,0.9560375501864254,21.0,9.0,False,main,True
10626,1,1,6.32283680827393,1.67716319172607,0.7903546010342413,0.9653790220046081,19.0,9.0,False,main,True
10626,2,2,7.32283680827393,1.67716319172607,0.8136485342526589,0.9698424163629302,15.0,7.0,False,main,False
10626,3,3,8.32283680827393,1.67716319172607,0.832283680827393,0.9732853124108525,11.0,6.0,False,main,False
10626,4,4,9.32283680827393,1.67716319172607,0.8475306189339936,0.9760220575392045,9.0,5.0,False,main,False
10626,5,5,10.32283680827393,1.67716319172607,0.8602364006894941,0.9782498330333705,7.0,4.0,False,main,False
10626,6,6,11.32283680827393,1.67716319172607,0.8709874467903023,0.9800986192004589,4.0,3.0,False,main,False
10626,7,7,12.32283680827393,1.67716319172607,0.8802026291624235,0.981657589134271,3.0,2.0,False,main,False
10626,8,8,13.32283680827393,1.67716319172607,0.8881891205515954,0.9829899638639876,1.0,1.0,False,main,False
10626,9,9,14.32283680827393,1.67716319172607,0.8951773005171206,0.9841418163428719,-1.0,-1.0,True,main,False
4896,0,1,5.302027270078767,2.6979727299212324,0.6627534087598459,0.8964507774323656,46.0,15.0,False,main,True
7534,1,1,6.459757279881826,1.540242720118174,0.8074696599852282,0.9723256401845474,17.0,8.0,False,main,True
2705,1,1,6.334895964001914,1.6651040359980853,0.7918619955002393,0.9660163372618621,19.0,9.0,False,main,True
6366,0,1,5.579009233091672,2.4209907669083277,0.697376154136459,0.9177903112567977,38.0,14.0,False,main,True
6579,1,1,6.291066745437693,1.7089332545623073,0.7863833431797116,0.9636771234860186,19.0,9.0,False,main,True
755,0,1,5.339655883780631,2.660344116219369,0.6674569854725789,0.8994525423434458,45.0,15.0,False,main,True
7599,1,1,6.519036141656983,1.4809638583430176,0.8148795177071229,0.975129450020848,17.0,8.0,False,main,True
7599,2,2,7.519036141656983,1.4809638583430176,0.8354484601841092,0.9783055820627734,13.0,7.0,False,main,True
7599,3,3,8.519036141656983,1.4809638583430176,0.8519036141656983,0.9807618766235564,10.0,6.0,False,main,False
7599,4,4,9.519036141656983,1.4809638583430176,0.8653669219688166,0.9827182591495279,8.0,5.0,False,main,False
7599,5,5,10.519036141656983,1.4809638583430176,0.8765863451380819,0.9843133103472894,6.0,4.0,False,main,False
7599,6,6,11.519036141656983,1.4809638583430176,0.8860797032043833,0.9856387048415151,4.0,3.0,False,main,False
7599,7,7,12.519036141656983,1.4809638583430176,0.8942168672612131,0.9867575143273135,2.0,2.0,False,main,False
7599,8,8,13.519036141656983,1.4809638583430176,0.9012690761104655,0.9877145585356142,1.0,1.0,False,main,False
7599,9,9,14.519036141656983,1.4809638583430176,0.9074397588535614,0.988542563556203,-1.0,-1.0,True,main,False
2513,1,1,6.433638502705913,1.5663614972940874,0.8042048128382391,0.9710503996040136,17.0,9.0,False,main,True
2270,0,1,5.506319116948952,2.493680883051048,0.688289889618619,0.9123621787733713,40.0,15.0,False,main,True
4701,1,1,6.174103225398548,1.8258967746014512,0.7717629031748185,0.9571333891689933,21.0,9.0,False,main,True
6935,0,1,5.241614292823129,2.7583857071768714,0.6552017866028911,0.8915659051086371,49.0,16.0,False,main,True
9322,1,1,6.209370870752562,1.7906291292474377,0.7761713588440703,0.9591516795086847,20.0,9.0,False,main,True
1349,0,1,5.15285490150594,2.84714509849406,0.6441068626882425,0.884244765046586,52.0,16.0,False,main,True
9993,1,1,6.559958986583052,1.4400410134169486,0.8199948733228815,0.9769900137260051,16.0,8.0,False,main,True
9993,2,2,7.559958986583052,1.4400410134169486,0.8399954429536725,0.9799226408334166,13.0,7.0,False,main,False
9993,3,3,8.559958986583052,1.4400410134169486,0.8559958986583052,0.9821918489604029,10.0,6.0,False,main,False
9993,4,4,9.559958986583052,1.4400410134169486,0.8690871805984592,0.983999977686328,8.0,5.0,False,main,False
9993,5,5,10.559958986583052,1.4400410134169486,0.8799965822152543,0.9854746468873985,6.0,4.0,False,main,False
9993,6,6,11.559958986583052,1.4400410134169486,0.8892276143525424,0.9867003426900495,4.0,3.0,False,main,False
9993,7,7,12.559958986583052,1.4400410134169486,0.8971399276130751,0.9877352256506812,2.0,2.0,False,main,False
9993,8,8,13.559958986583052,1.4400410134169486,0.9039972657722034,0.9886206457313862,1.0,1.0,False,main,False
9993,9,9,14.559958986583052,1.4400410134169486,0.9099974366614407,0.9893868078167459,-1.0,-1.0,True,main,False
10864,1,1,6.3093218925674535,1.6906781074325463,0.7886652365709317,0.9646590738642914,19.0,9.0,False,main,True
10864,2,2,7.3093218925674535,1.6906781074325463,0.8121468769519393,0.9692182181537542,15.0,7.0,False,main,False
10864,3,3,8.309321892567453,1.6906781074325463,0.8309321892567454,0.9727343476032806,12.0,6.0,False,main,False
10864,4,4,9.309321892567453,1.6906781074325463,0.8463019902334049,0.975528925739459,9.0,5.0,False,main,False
10864,5,5,10.309321892567453,1.6906781074325463,0.8591101577139545,0.9778035342889352,7.0,4.0,False,main,False
10864,6,6,11.309321892567453,1.6906781074325463,0.8699478378898041,0.9796910219518989,4.0,3.0,False,main,False
10864,7,7,12.309321892567453,1.6906781074325463,0.8792372780405324,0.9812825119746448,3.0,2.0,False,main,False
10864,8,8,13.309321892567453,1.6906781074325463,0.8872881261711636,0.9826425977265351,1.0,1.0,False,main,False
10864,9,9,14.309321892567453,1.6906781074325463,0.8943326182854658,0.9838183460425762,-1.0,-1.0,True,main,False
1271,1,1,6.322951073051945,1.6770489269480557,0.7903688841314931,0.9653850833449226,19.0,9.0,False,main,True
8407,1,1,6.230498962860054,1.7695010371399458,0.7788123703575067,0.9603422997798028,20.0,9.0,False,main,True
8407,2,2,7.230498962860054,1.7695010371399458,0.803388773651117,0.9654774669077467,15.0,8.0,False,main,False
8407,3,3,8.230498962860054,1.7695010371399458,0.8230498962860053,0.9694337419264504,12.0,6.0,False,main,False
8407,4,4,9.230498962860054,1.7695010371399458,0.839136269350914,0.9725756556370376,9.0,5.0,False,main,False
8407,5,5,10.230498962860054,1.7695010371399458,0.8525415802383378,0.9751313767068732,7.0,4.0,False,main,False
8407,6,6,11.230498962860054,1.7695010371399458,0.8638845356046195,0.9772510619231278,5.0,3.0,False,main,False
8407,7,7,12.230498962860054,1.7695010371399458,0.8736070687757181,0.9790375898313093,3.0,2.0,False,main,False
8407,8,8,13.230498962860054,1.7695010371399458,0.8820332641906703,0.9805638192255411,1.0,1.0,False,main,False
8407,9,9,14.230498962860054,1.7695010371399458,0.8894061851787534,0.9818827988307316,-1.0,-1.0,True,main,False
12106,0,1,5.575590740489244,2.424409259510756,0.6969488425611555,0.9175378568820356,38.0,14.0,False,main,True
10157,1,1,6.154521494933135,1.8454785050668645,0.7693151868666419,0.9559963054215068,21.0,9.0,False,main,True
10157,2,2,7.154521494933135,1.8454785050668645,0.7949468327703484,0.9617146065822718,16.0,8.0,False,main,False
10157,3,3,8.154521494933135,1.8454785050668645,0.8154521494933136,0.9661157500682341,13.0,6.0,False,main,False
10157,4,4,9.154521494933135,1.8454785050668645,0.8322292268121032,0.9696083031231179,10.0,5.0,False,main,False
10157,5,5,10.154521494933135,1.8454785050668645,0.8462101245777612,0.9724475429289315,7.0,4.0,False,main,False
10157,6,6,11.154521494933135,1.8454785050668645,0.8580401149948566,0.9748012357092989,5.0,3.0,False,main,False
10157,7,7,12.154521494933135,1.8454785050668645,0.8681801067809383,0.976784199494839,3.0,2.0,False,main,False
10157,8,8,13.154521494933135,1.8454785050668645,0.876968099662209,0.9784776763461773,1.0,1.0,False,main,False
10157,9,9,14.154521494933135,1.8454785050668645,0.884657593433321,0.9799407751871739,-1.0,-1.0,True,main,False
7251,0,1,5.2023416478631965,2.7976583521368035,0.6502927059828996,0.8883475832391949,50.0,16.0,False,main,True
4308,1,1,6.304692604175912,1.6953073958240878,0.788086575521989,0.9644110914869543,19.0,9.0,False,main,True
37,0,1,5.422135030090675,2.5778649699093252,0.6777668787613343,0.9059208583638072,42.0,15.0,False,main,True
264,1,1,6.209369622277704,1.7906303777222963,0.776171202784713,0.9591516087422008,20.0,9.0,False,main,True
1170,0,1,5.3471295811690975,2.652870418830902,0.6683911976461372,0.9000449823226201,45.0,15.0,False,main,True
10504,1,1,6.417488355578173,1.582511644421827,0.8021860444472716,0.970249903279821,18.0,9.0,False,main,True
10504,2,2,7.417488355578173,1.582511644421827,0.8241653728420192,0.9740679733451425,14.0,7.0,False,main,False
10504,3,3,8.417488355578172,1.582511644421827,0.8417488355578173,0.977016760370279,11.0,6.0,False,main,False
10504,4,4,9.417488355578172,1.582511644421827,0.8561353050525612,0.9793629798538266,8.0,5.0,False,main,False
10504,5,5,10.417488355578172,1.582511644421827,0.8681240296315145,0.9812743023178002,6.0,4.0,False,main,False
10504,6,6,11.417488355578172,1.582511644421827,0.8782683350444749,0.9828614433121581,4.0,3.0,False,main,False
10504,7,7,12.417488355578172,1.582511644421827,0.8869634539698695,0.984200462908213,2.0,2.0,False,main,False
10504,8,8,13.417488355578172,1.582511644421827,0.8944992237052115,0.9853453455639344,1.0,1.0,False,main,False
10504,9,9,14.417488355578172,1.582511644421827,0.9010930222236359,0.9863354695798008,-1.0,-1.0,True,main,False
4254,0,1,5.543807433089367,2.4561925669106333,0.6929759291361709,0.9151772882042495,39.0,14.0,False,main,True
10616,0,1,5.445140661617271,2.5548593383827294,0.6806425827021588,0.9076974114725338,42.0,15.0,False,main,True
10616,0,2,5.445140661617271,3.5548593383827294,0.6050156290685856,0.8453780913656886,72.0,21.0,False,main,False
10616,0,3,5.445140661617271,4.554859338382729,0.544514066161727,0.7867654568496876,122.0,29.0,False,main,False
10616,0,4,5.445140661617271,5.554859338382729,0.49501278741975185,0.7336164206747726,205.0,39.0,False,main,True
10616,0,5,5.445140661617271,6.554859338382729,0.4537617218014392,0.6860177612399938,351.0,51.0,False,main,True
6424,1,1,6.402612834508902,1.5973871654910972,0.8003266043136128,0.9695045762105802,18.0,9.0,False,main,True
5658,0,1,5.404314806061743,2.5956851939382575,0.6755393507577179,0.9045364012284056,43.0,15.0,False,main,True
2329,1,1,6.176912543234237,1.8230874567657631,0.7721140679042796,0.9572955631815472,21.0,9.0,False,main,True
6815,1,1,6.33395223287351,1.6660477671264902,0.7917440291091887,0.9659666356059577,19.0,9.0,False,main,True
2434,1,1,6.206696954882237,1.7933030451177632,0.7758371193602797,0.9590000045538002,20.0,9.0,False,main,True
5864,1,1,6.549047848931939,1.4509521510680614,0.8186309811164924,0.9765000305427245,16.0,8.0,False,main,True
5864,2,2,7.549047848931939,1.4509521510680614,0.838783094325771,0.9794967150227493,13.0,7.0,False,main,False
5864,3,3,8.549047848931938,1.4509521510680614,0.8549047848931938,0.9818151537955896,10.0,6.0,False,main,False
5864,4,4,9.549047848931938,1.4509521510680614,0.8680952589938126,0.9836623036729226,8.0,5.0,False,main,False
5864,5,5,10.549047848931938,1.4509521510680614,0.8790873207443282,0.9851686638516326,6.0,4.0,False,main,False
5864,6,6,11.549047848931938,1.4509521510680614,0.8883882960716876,0.9864206095911873,4.0,3.0,False,main,False
5864,7,7,12.549047848931938,1.4509521510680614,0.8963605606379955,0.987477592515194,2.0,2.0,False,main,False
5864,8,8,13.549047848931938,1.4509521510680614,0.9032698565954626,0.9883818749823636,1.0,1.0,False,main,False
5864,9,9,14.549047848931938,1.4509521510680614,0.9093154905582461,0.9891643249916592,-1.0,-1.0,True,main,False
1204,1,1,6.337832085056888,1.6621679149431114,0.792229010632111,0.9661707791602305,19.0,9.0,False,main,True
9841,1,1,6.44767784954759,1.5523221504524094,0.8059597311934488,0.9717388564355378,17.0,8.0,False,main,True
9841,2,2,7.44767784954759,1.5523221504524094,0.8275197610608434,0.9753605491433025,14.0,7.0,False,main,False
9841,3,3,8.44767784954759,1.5523221504524094,0.844767784954759,0.9781587827594019,11.0,6.0,False,main,False
9841,4,4,9.44767784954759,1.5523221504524094,0.8588798045043263,0.9803858946845706,8.0,5.0,False,main,False
9841,5,5,10.44767784954759,1.5523221504524094,0.8706398207956325,0.9822006274205667,6.0,4.0,False,main,False
9841,6,6,11.44767784954759,1.5523221504524094,0.8805906038113531,0.9837078581912688,4.0,3.0,False,main,False
9841,7,7,12.44767784954759,1.5523221504524094,0.8891198463962564,0.9849796676033697,2.0,2.0,False,main,False
9841,8,8,13.44767784954759,1.5523221504524094,0.896511856636506,0.9860672339108665,1.0,1.0,False,main,False
9841,9,9,14.44767784954759,1.5523221504524094,0.9029798655967244,0.987007899587534,-1.0,-1.0,True,main,False
1344,1,1,6.262596916852584,1.7374030831474154,0.782824614606573,0.9621241876161035,19.0,9.0,False,main,True
1344,2,2,7.262596916852584,1.7374030831474154,0.8069552129836205,0.9670211900650137,15.0,8.0,False,main,False
1344,3,3,8.262596916852583,1.7374030831474154,0.8262596916852585,0.9707955670704083,12.0,6.0,False,main,False
1344,4,4,9.262596916852583,1.7374030831474154,0.8420542651684169,0.9737939897016068,9.0,5.0,False,main,False
1344,5,5,10.262596916852583,1.7374030831474154,0.8552164097377154,0.9762336103965491,7.0,4.0,False,main,False
1344,6,6,11.262596916852583,1.7374030831474154,0.8663536089886604,0.9782574189855653,5.0,3.0,False,main,False
1344,7,7,12.262596916852583,1.7374030831474154,0.8758997797751846,0.9799634288405341,3.0,2.0,False,main,False
1344,8,8,13.262596916852583,1.7374030831474154,0.8841731277901723,0.98142107935277,1.0,1.0,False,main,False
1344,9,9,14.262596916852583,1.7374030831474154,0.8914123073032866,0.9826809453893927,-1.0,-1.0,True,main,False
1355,1,1,6.4998018592963565,1.5001981407036438,0.8124752324120446,0.9742336288005401,17.0,8.0,False,main,True
7323,1,1,6.540362701443074,1.4596372985569253,0.8175453376803843,0.9761068293841441,16.0,8.0,False,main,True
7323,2,2,7.540362701443074,1.4596372985569253,0.8378180779381194,0.9791549550365446,13.0,7.0,False,main,True
7323,3,3,8.540362701443074,1.4596372985569253,0.8540362701443074,0.9815129206287037,10.0,6.0,False,main,False
7323,4,4,9.540362701443074,1.4596372985569253,0.8673057001311886,0.9833913954985628,8.0,5.0,False,main,False
7323,5,5,10.540362701443074,1.4596372985569253,0.8783635584535895,0.9849231931982363,6.0,4.0,False,main,False
7323,6,6,11.540362701443074,1.4596372985569253,0.8877202078033134,0.986196207042186,4.0,3.0,False,main,False
7323,7,7,12.540362701443074,1.4596372985569253,0.8957401929602196,0.9872709258999145,2.0,2.0,False,main,False
7323,8,8,13.540362701443074,1.4596372985569253,0.9026908467628716,0.9881903450240636,1.0,1.0,False,main,False
7323,9,9,14.540362701443074,1.4596372985569253,0.9087726688401921,0.9889858649913202,-1.0,-1.0,True,main,False
2541,0,1,5.2000213386315535,2.7999786613684465,0.6500026673289442,0.8881563913181992,50.0,16.0,False,main,True
8247,0,1,5.181709813041288,2.818290186958712,0.647713726630161,0.8866434551943416,51.0,16.0,False,main,True
8247,0,2,5.181709813041288,3.818290186958712,0.5757455347823653,0.823073390330796,90.0,23.0,False,main,False
8247,0,3,5.181709813041288,4.818290186958712,0.5181709813041289,0.7644584179369097,157.0,32.0,False,main,False
8247,0,4,5.181709813041288,5.818290186958712,0.47106452845829894,0.7118344475273013,273.0,43.0,False,main,False
8247,0,5,5.181709813041288,6.818290186958712,0.43180915108677403,0.6649832629369481,491.0,57.0,False,main,False
8247,0,6,5.181709813041288,7.818290186958712,0.39859306254163757,0.6233173728651584,937.0,76.0,False,main,True
8247,0,7,5.181709813041288,8.818290186958713,0.37012212950294915,0.5861861133054643,-1.0,100.0,False,main,True
8247,0,8,5.181709813041288,9.818290186958713,0.3454473208694192,0.5529809445335012,-1.0,131.0,False,main,True
8247,0,9,5.181709813041288,10.818290186958713,0.3238568633150805,0.5231664985001545,-1.0,173.0,False,main,True
8247,0,10,5.181709813041288,11.818290186958713,0.304806459590664,0.4962837741541863,-1.0,228.0,False,main,True
11348,1,1,6.310696948064792,1.689303051935208,0.788837118508099,0.9647325979420982,19.0,9.0,False,main,True
4575,1,1,6.479376082262888,1.5206239177371113,0.809922010282861,0.9732676055829091,17.0,8.0,False,main,True
4575,2,2,7.479376082262888,1.5206239177371113,0.8310417869180987,0.9766881206144067,13.0,7.0,False,main,True
4575,3,3,8.479376082262888,1.5206239177371113,0.8479376082262888,0.97933202418481,11.0,6.0,False,main,False
4575,4,4,9.479376082262888,1.5206239177371113,0.8617614620238989,0.9814369824813486,8.0,5.0,False,main,False
4575,5,5,10.479376082262888,1.5206239177371113,0.8732813401885741,0.9831526180444523,6.0,4.0,False,main,False
4575,6,6,11.479376082262888,1.5206239177371113,0.8830289294048376,0.984577839219909,4.0,3.0,False,main,False
4575,7,7,12.479376082262888,1.5206239177371113,0.8913840058759206,0.9857806554241834,2.0,2.0,False,main,False
4575,8,8,13.479376082262888,1.5206239177371113,0.8986250721508592,0.9868093724464455,1.0,1.0,False,main,False
4575,9,9,14.479376082262888,1.5206239177371113,0.9049610051414305,0.9876992479098629,-1.0,-1.0,True,main,False
7374,1,1,6.257167198455278,1.742832801544722,0.7821458998069097,0.9618250611943169,20.0,9.0,False,main,True
3090,1,1,6.459248788307205,1.5407512116927948,0.8074060985384006,0.9723010433785908,17.0,8.0,False,main,True
5392,0,1,5.188642048132941,2.8113579518670595,0.6485802560166176,0.8872170615267405,51.0,16.0,False,main,True
6268,1,1,6.436524430386966,1.563475569613034,0.8045655537983708,0.9711924839224578,17.0,9.0,False,main,True
4899,0,1,5.436751263058484,2.563248736941515,0.6795939078823106,0.9070509699559536,42.0,15.0,False,main,True
4139,0,1,5.464431494821702,2.5355685051782983,0.6830539368527128,0.909177697095372,41.0,15.0,False,main,True
9277,1,1,6.57481558552247,1.4251844144775303,0.8218519481903087,0.9776499751032726,16.0,8.0,False,main,True
9277,2,2,7.57481558552247,1.4251844144775303,0.8416461761691633,0.9804964034408511,13.0,7.0,False,main,False
9277,3,3,8.574815585522469,1.4251844144775303,0.8574815585522468,0.9826993472583508,10.0,6.0,False,main,False
9277,4,4,9.574815585522469,1.4251844144775303,0.8704377805020426,0.9844549432220949,8.0,5.0,False,main,False
9277,5,5,10.574815585522469,1.4251844144775303,0.8812346321268724,0.9858869413233114,6.0,4.0,False,main,False
9277,6,6,11.574815585522469,1.4251844144775303,0.8903704296555746,0.9870772877591153,4.0,3.0,False,main,False
9277,7,7,12.574815585522469,1.4251844144775303,0.8982011132516049,0.9880824067692223,2.0,2.0,False,main,False
9277,8,8,13.574815585522469,1.4251844144775303,0.9049877057014979,0.9889424209813995,1.0,1.0,False,main,False
9277,9,9,14.574815585522469,1.4251844144775303,0.9109259740951543,0.9896866431045694,-1.0,-1.0,True,main,False
195,0,1,5.18216350306901,2.8178364969309904,0.6477704378836262,0.8866810273352298,51.0,16.0,False,main,True
11073,1,1,6.4414271786748545,1.5585728213251455,0.8051783973343568,0.9714331936828234,17.0,8.0,False,main,True
11073,2,2,7.4414271786748545,1.5585728213251455,0.8268252420749839,0.9750951652710765,14.0,7.0,False,main,False
11073,3,3,8.441427178674854,1.5585728213251455,0.8441427178674854,0.9779242863488053,11.0,6.0,False,main,False
11073,4,4,9.441427178674854,1.5585728213251455,0.8583115616977139,0.9801758388534876,8.0,5.0,False,main,False
11073,5,5,10.441427178674854,1.5585728213251455,0.8701189315562378,0.9820103944613935,6.0,4.0,False,main,False
11073,6,6,11.441427178674854,1.5585728213251455,0.8801097829749888,0.983534026946977,4.0,3.0,False,main,False
11073,7,7,12.441427178674854,1.5585728213251455,0.8886733699053467,0.9848196327121477,2.0,2.0,False,main,False
11073,8,8,13.441427178674854,1.5585728213251455,0.8960951452449902,0.985918965409249,1.0,1.0,False,main,False
11073,9,9,14.441427178674854,1.5585728213251455,0.9025891986671783,0.9868697850225757,-1.0,-1.0,True,main,False
254,1,1,6.1646794948235275,1.835320505176473,0.7705849368529409,0.9565876230331345,21.0,9.0,False,main,True
11538,1,1,6.479213114676391,1.5207868853236093,0.8099016393345488,0.9732598376719643,17.0,8.0,False,main,True
11538,2,2,7.479213114676391,1.5207868853236093,0.8310236794084879,0.9766813737661706,13.0,7.0,False,main,True
11538,3,3,8.47921311467639,1.5207868853236093,0.847921311467639,0.97932606087785,11.0,6.0,False,main,False
11538,4,4,9.47921311467639,1.5207868853236093,0.8617466467887628,0.9814316395057335,8.0,5.0,False,main,False
11538,5,5,10.47921311467639,1.5207868853236093,0.8732677595563659,0.9831477784096905,6.0,4.0,False,main,False
11538,6,6,11.47921311467639,1.5207868853236093,0.8830163934366454,0.9845734161984907,4.0,3.0,False,main,False
11538,7,7,12.47921311467639,1.5207868853236093,0.8913723653340279,0.9857765829371663,2.0,2.0,False,main,False
11538,8,8,13.47921311467639,1.5207868853236093,0.8986142076450927,0.9868055989877684,1.0,1.0,False,main,False
11538,9,9,14.47921311467639,1.5207868853236093,0.9049508196672744,0.9876957325530172,-1.0,-1.0,True,main,False
5625,1,1,6.203671510270685,1.7963284897293148,0.7754589387838356,0.9588281216317772,20.0,9.0,False,main,True
5625,2,2,7.203671510270685,1.7963284897293148,0.8004079455856317,0.9641660976829862,16.0,8.0,False,main,True
5625,3,3,8.203671510270684,1.7963284897293148,0.8203671510270685,0.9682771737054972,12.0,6.0,False,main,True
5625,4,4,9.203671510270684,1.7963284897293148,0.8366974100246076,0.9715411468408175,9.0,5.0,False,main,False
5625,5,5,10.203671510270684,1.7963284897293148,0.8503059591892237,0.9741955922096511,7.0,4.0,False,main,False
5625,6,6,11.203671510270684,1.7963284897293148,0.8618208854054372,0.9763967812215414,5.0,3.0,False,main,False
5625,7,7,12.203671510270684,1.7963284897293148,0.8716908221621917,0.9782517405282142,3.0,2.0,False,main,False
5625,8,8,13.203671510270684,1.7963284897293148,0.8802447673513789,0.9798362428059384,1.0,1.0,False,main,False
5625,9,9,14.203671510270684,1.7963284897293148,0.8877294693919178,0.9812054439821868,-1.0,-1.0,True,main,False
9649,1,1,6.403868053827138,1.5961319461728616,0.8004835067283923,0.9695677631162751,18.0,9.0,False,main,True
9649,2,2,7.403868053827138,1.5961319461728616,0.8226520059807931,0.9734759417828002,14.0,7.0,False,main,False
9649,3,3,8.40386805382714,1.5961319461728616,0.8403868053827139,0.976493780323147,11.0,6.0,False,main,False
9649,4,4,9.40386805382714,1.5961319461728616,0.8548970958024672,0.9788946102166599,9.0,5.0,False,main,False
9649,5,5,10.40386805382714,1.5961319461728616,0.8669890044855949,0.9808502069787653,6.0,4.0,False,main,False
9649,6,6,11.40386805382714,1.5961319461728616,0.8772206195251646,0.9824739689456443,4.0,3.0,False,main,False
9649,7,7,12.40386805382714,1.5961319461728616,0.8859905752733671,0.9838437839330775,2.0,2.0,False,main,False
9649,8,8,13.40386805382714,1.5961319461728616,0.893591203588476,0.9850149247709691,1.0,1.0,False,main,False
9649,9,9,14.40386805382714,1.5961319461728616,0.9002417533641962,0.9860277041374556,-1.0,-1.0,True,main,False
10345,1,1,6.155030806288685,1.8449691937113153,0.7693788507860856,0.956026028013271,21.0,9.0,False,main,True
10345,2,2,7.155030806288685,1.8449691937113153,0.7950034229209649,0.9617403304018333,16.0,8.0,False,main,False
10345,3,3,8.155030806288686,1.8449691937113153,0.8155030806288686,0.9661384256268313,13.0,6.0,False,main,False
10345,4,4,9.155030806288686,1.8449691937113153,0.8322755278444259,0.9696285774917227,10.0,5.0,False,main,False
10345,5,5,10.155030806288686,1.8449691937113153,0.8462525671907238,0.9724658766404699,7.0,4.0,False,main,False
10345,6,6,11.155030806288686,1.8449691937113153,0.8580792927914374,0.9748179682511725,5.0,3.0,False,main,False
10345,7,7,12.155030806288686,1.8449691937113153,0.8682164861634776,0.9767995883520064,3.0,2.0,False,main,False
10345,8,8,13.155030806288686,1.8449691937113153,0.877002053752579,0.9784919214647437,1.0,1.0,False,main,False
10345,9,9,14.155030806288686,1.8449691937113153,0.8846894253930428,0.9799540349420568,-1.0,-1.0,True,main,False
11599,1,1,6.290528396074711,1.709471603925289,0.7863160495093389,0.9636480009226708,19.0,9.0,False,main,True
9937,1,1,6.288267238266408,1.7117327617335922,0.786033404783301,0.9635255786690317,19.0,9.0,False,main,True
9937,2,2,7.288267238266408,1.7117327617335922,0.8098074709184897,0.9682356594673532,15.0,7.0,False,main,False
9937,3,3,8.288267238266407,1.7117327617335922,0.8288267238266407,0.9718671903704557,12.0,6.0,False,main,False
9937,4,4,9.288267238266407,1.7117327617335922,0.8443879307514915,0.9747528775051805,9.0,5.0,False,main,False
9937,5,5,10.288267238266407,1.7117327617335922,0.8573556031888673,0.9771012504098693,7.0,4.0,False,main,False
9937,6,6,11.288267238266407,1.7117327617335922,0.8683282490974159,0.979049684489581,5.0,3.0,False,main,False
9937,7,7,12.288267238266407,1.7117327617335922,0.8777333741618862,0.9806923794189755,3.0,2.0,False,main,False
9937,8,8,13.288267238266407,1.7117327617335922,0.8858844825510938,0.9820960928085437,1.0,1.0,False,main,False
9937,9,9,14.288267238266407,1.7117327617335922,0.8930167023916504,0.9833094584867274,-1.0,-1.0,True,main,False
7217,0,1,5.286263377358947,2.713736622641053,0.6607829221698683,0.895183891259189,47.0,15.0,False,main,True
6872,0,1,5.509790260868527,2.490209739131473,0.6887237826085659,0.9126242293253232,40.0,15.0,False,main,True
9465,1,1,6.4459289204015064,1.5540710795984938,0.8057411150501883,0.9716534710924897,17.0,8.0,False,main,True
9465,2,2,7.4459289204015064,1.5540710795984938,0.8273254356001674,0.9752864136778125,14.0,7.0,False,main,False
9465,3,3,8.445928920401506,1.5540710795984938,0.8445928920401506,0.9780932745443205,11.0,6.0,False,main,False
9465,4,4,9.445928920401506,1.5540710795984938,0.8587208109455915,0.9803272132631053,8.0,5.0,False,main,False
9465,5,5,10.445928920401506,1.5540710795984938,0.8704940767001256,0.9821474831166118,6.0,4.0,False,main,False
9465,6,6,11.445928920401506,1.5540710795984938,0.8804560708001159,0.9836592954753554,4.0,3.0,False,main,False
9465,7,7,12.445928920401506,1.5540710795984938,0.8889949228858219,0.9849349587747593,2.0,2.0,False,main,False
9465,8,8,13.445928920401506,1.5540710795984938,0.8963952613601004,0.9860258119678815,1.0,1.0,False,main,False
9465,9,9,14.445928920401506,1.5540710795984938,0.9028705575250942,0.9869693141360333,-1.0,-1.0,True,main,False
11990,0,1,5.497142777319953,2.502857222680047,0.6871428471649941,0.9116680585343121,40.0,15.0,False,main,True
9030,1,1,6.561120631147916,1.4388793688520836,0.8201400788934895,0.9770419162927546,16.0,8.0,False,main,True
4518,0,1,5.458392572457367,2.5416074275426337,0.6822990715571708,0.9087152246298421,41.0,15.0,False,main,True
8309,1,1,6.344803911557876,1.6551960884421237,0.7931004889447345,0.9665363530155917,18.0,9.0,False,main,True
8309,2,2,7.344803911557876,1.6551960884421237,0.8160893235064307,0.9708460225759341,14.0,7.0,False,main,False
8309,3,3,8.344803911557875,1.6551960884421237,0.8344803911557876,0.9741713011364098,11.0,6.0,False,main,False
8309,4,4,9.344803911557875,1.6551960884421237,0.8495276283234433,0.9768151372639112,9.0,5.0,False,main,False
8309,5,5,10.344803911557875,1.6551960884421237,0.862066992629823,0.9789676590075992,6.0,4.0,False,main,False
8309,6,6,11.344803911557875,1.6551960884421237,0.8726772239659906,0.9807542468240579,4.0,3.0,False,main,False
8309,7,7,12.344803911557875,1.6551960884421237,0.8817717079684197,0.9822609452603215,3.0,2.0,False,main,False
8309,8,8,13.344803911557875,1.6551960884421237,0.8896535941038585,0.9835487730613829,1.0,1.0,False,main,False
8309,9,9,14.344803911557875,1.6551960884421237,0.8965502444723673,0.9846622078144228,-1.0,-1.0,True,main,False
7747,0,1,5.293805990804318,2.706194009195682,0.6617257488505397,0.8957907492453375,47.0,15.0,False,main,True
7747,0,2,5.293805990804318,3.706194009195682,0.5882006656449241,0.8326897957847307,82.0,22.0,False,main,False
7747,0,3,5.293805990804318,4.706194009195682,0.5293805990804318,0.7740428722940915,140.0,30.0,False,main,True
7747,0,4,5.293805990804318,5.706194009195682,0.4812550900731198,0.7211756977553598,241.0,41.0,False,main,True
1563,0,1,5.319727894988134,2.6802721050118663,0.6649659868735167,0.8978667457055082,46.0,15.0,False,main,True
6397,1,1,6.380814161927357,1.6191858380726434,0.7976017702409196,0.9683986298103922,18.0,9.0,False,main,True
6763,1,1,6.213422011560013,1.786577988439987,0.7766777514450016,0.9593810521017552,20.0,9.0,False,main,True
7327,1,1,6.467044952632918,1.5329550473670825,0.8083806190791147,0.9726771499972715,17.0,8.0,False,main,True
7327,2,2,7.467044952632918,1.5329550473670825,0.8296716614036576,0.976175312293427,14.0,7.0,False,main,True
7327,3,3,8.467044952632918,1.5329550473670825,0.8467044952632918,0.9788787933592807,11.0,6.0,False,main,False
7327,4,4,9.467044952632918,1.5329550473670825,0.8606404502393562,0.9810309148611486,8.0,5.0,False,main,False
7327,5,5,10.467044952632918,1.5329550473670825,0.8722537460527432,0.9827848161189846,6.0,4.0,False,main,False
7327,6,6,11.467044952632918,1.5329550473670825,0.8820803809717629,0.9842417077692363,4.0,3.0,False,main,False
7327,7,7,12.467044952632918,1.5329550473670825,0.8905032109023513,0.9854711698835456,2.0,2.0,False,main,False
7327,8,8,13.467044952632918,1.5329550473670825,0.8978029968421946,0.9865226166327389,1.0,1.0,False,main,False
7327,9,9,14.467044952632918,1.5329550473670825,0.9041903095395574,0.987432110225303,-1.0,-1.0,True,main,False
9208,1,1,6.586471768927192,1.4135282310728083,0.823308971115899,0.9781619137974443,16.0,8.0,False,main,True
999,1,1,6.211647311681241,1.788352688318759,0.7764559139601551,0.9592806328258507,20.0,9.0,False,main,True
999,2,2,7.211647311681241,1.788352688318759,0.8012941457423601,0.9645579589031782,16.0,8.0,False,main,True
999,3,3,8.21164731168124,1.788352688318759,0.821164731168124,0.9686227507014802,12.0,6.0,False,main,False
999,4,4,9.21164731168124,1.788352688318759,0.8374224828801128,0.9718502344262011,9.0,5.0,False,main,False
999,5,5,10.21164731168124,1.788352688318759,0.85097060930677,0.9744751697551105,7.0,4.0,False,main,False
999,6,6,11.21164731168124,1.788352688318759,0.8624344085908646,0.976651998414054,5.0,3.0,False,main,False
999,7,7,12.21164731168124,1.788352688318759,0.8722605222629457,0.9784865060720175,3.0,2.0,False,main,False
999,8,8,13.21164731168124,1.788352688318759,0.880776487445416,0.9800535938107745,1.0,1.0,False,main,False
999,9,9,14.21164731168124,1.788352688318759,0.8882279569800775,0.9814077873437395,-1.0,-1.0,True,main,False
3079,1,1,6.572551240362152,1.4274487596378473,0.821568905045269,0.9775499267623886,16.0,8.0,False,main,True
3079,2,2,7.572551240362152,1.4274487596378473,0.8413945822624613,0.9804094166160612,13.0,7.0,False,main,False
3079,3,3,8.572551240362152,1.4274487596378473,0.8572551240362152,0.9826224025945988,10.0,6.0,False,main,False
3079,4,4,9.572551240362152,1.4274487596378473,0.8702319309420138,0.9843859605167345,8.0,5.0,False,main,False
3079,5,5,10.572551240362152,1.4274487596378473,0.881045936696846,0.9858244264221587,6.0,4.0,False,main,False
3079,6,6,11.572551240362152,1.4274487596378473,0.8901962492586271,0.9870201312159246,4.0,3.0,False,main,False
3079,7,7,12.572551240362152,1.4274487596378473,0.8980393743115823,0.988029762163197,2.0,2.0,False,main,False
3079,8,8,13.572551240362152,1.4274487596378473,0.9048367493574768,0.9888936278349487,1.0,1.0,False,main,False
3079,9,9,14.572551240362152,1.4274487596378473,0.9107844525226345,0.9896411761188321,-1.0,-1.0,True,main,False
1419,0,1,5.296070034776855,2.7039299652231454,0.6620087543471068,0.8959726625713472,47.0,15.0,False,main,True
11027,0,1,5.281499421566442,2.7185005784335576,0.6601874276958053,0.8947999491377963,47.0,16.0,False,main,True
11027,0,2,5.281499421566442,3.7185005784335576,0.5868332690629381,0.8316430581969001,83.0,22.0,False,main,False
11027,0,3,5.281499421566442,4.718500578433558,0.5281499421566442,0.7729973040680129,142.0,31.0,False,main,True
11027,0,4,5.281499421566442,5.718500578433558,0.48013631105149474,0.720155417028763,244.0,41.0,False,main,True
6870,1,1,6.2970894728894145,1.702910527110585,0.7871361841111768,0.9640022877223486,19.0,9.0,False,main,True
1957,1,1,6.41242869304155,1.5875713069584503,0.8015535866301937,0.9699972510897366,18.0,9.0,False,main,True
1957,2,2,7.41242869304155,1.5875713069584503,0.8236031881157277,0.9738486854444841,14.0,7.0,False,main,True
1957,3,3,8.41242869304155,1.5875713069584503,0.8412428693041549,0.9768230422271238,11.0,6.0,False,main,False
1957,4,4,9.41242869304155,1.5875713069584503,0.8556753357310499,0.9791894852702614,8.0,5.0,False,main,False
1957,5,5,10.41242869304155,1.5875713069584503,0.8677023910867958,0.9811172044357054,6.0,4.0,False,main,False
1957,6,6,11.41242869304155,1.5875713069584503,0.8778791302339654,0.9827179083427118,4.0,3.0,False,main,False
1957,7,7,12.41242869304155,1.5875713069584503,0.8866020495029678,0.9840683336900587,2.0,2.0,False,main,False
1957,8,8,13.41242869304155,1.5875713069584503,0.8941619128694367,0.985222941924929,1.0,1.0,False,main,False
1957,9,9,14.41242869304155,1.5875713069584503,0.9007767933150969,0.9862214573009677,-1.0,-1.0,True,main,False
6591,0,1,5.533252119422643,2.4667478805773566,0.6916565149278304,0.9143880177914925,39.0,14.0,False,main,True
10321,1,1,6.148773446552333,1.8512265534476664,0.7685966808190416,0.9556603142913154,21.0,9.0,False,main,True
10321,2,2,7.148773446552333,1.8512265534476664,0.794308160728037,0.961423828603845,16.0,8.0,False,main,False
10321,3,3,8.148773446552333,1.8512265534476664,0.8148773446552333,0.9658594357919609,13.0,6.0,False,main,False
10321,4,4,9.148773446552333,1.8512265534476664,0.831706676959303,0.9693791354178257,10.0,5.0,False,main,False
10321,5,5,10.148773446552333,1.8512265534476664,0.8457311205460277,0.9722403144150568,7.0,4.0,False,main,False
10321,6,6,11.148773446552333,1.8512265534476664,0.8575979574271025,0.974612107914796,5.0,3.0,False,main,False
10321,7,7,12.148773446552333,1.8512265534476664,0.8677695318965952,0.9766102612509007,3.0,2.0,False,main,False
10321,8,8,13.148773446552333,1.8512265534476664,0.8765848964368222,0.9783166671102778,1.0,1.0,False,main,False
10321,9,9,14.148773446552333,1.8512265534476664,0.8842983404095208,0.9797909044651357,-1.0,-1.0,True,main,False
3557,0,1,5.446864216085168,2.553135783914832,0.680858027010646,0.9078300184499417,42.0,15.0,False,main,True
9688,1,1,6.568988555518086,1.4310114444819146,0.8211235694397607,0.9773921194420644,16.0,8.0,False,main,True
9688,2,2,7.568988555518086,1.4310114444819146,0.8409987283908984,0.980272215721451,13.0,7.0,False,main,False
9688,3,3,8.568988555518086,1.4310114444819146,0.8568988555518086,0.9825010437318048,10.0,6.0,False,main,False
9688,4,4,9.568988555518086,1.4310114444819146,0.8699080505016442,0.9842771614948774,8.0,5.0,False,main,False
9688,5,5,10.568988555518086,1.4310114444819146,0.8807490462931739,0.9857258298790175,6.0,4.0,False,main,False
9688,6,6,11.568988555518086,1.4310114444819146,0.8899221965783143,0.9869299868396522,4.0,3.0,False,main,False
9688,7,7,12.568988555518086,1.4310114444819146,0.8977848968227204,0.9879467346571238,2.0,2.0,False,main,False
9688,8,8,13.568988555518086,1.4310114444819146,0.904599237034539,0.9888166752780718,1.0,1.0,False,main,False
9688,9,9,14.568988555518086,1.4310114444819146,0.9105617847198804,0.9895694698619388,-1.0,-1.0,True,main,False
12092,1,1,6.4596400887028045,1.5403599112971957,0.8074550110878506,0.9723199722152174,17.0,8.0,False,main,True
1681,1,1,6.510685637704867,1.4893143622951328,0.8138357047131084,0.9747421919820414,17.0,8.0,False,main,True
1681,2,2,7.510685637704867,1.4893143622951328,0.8345206264116519,0.9779690971588992,13.0,7.0,False,main,True
1681,3,3,8.510685637704867,1.4893143622951328,0.8510685637704867,0.9804643818319236,10.0,6.0,False,main,False
1681,4,4,9.510685637704867,1.4893143622951328,0.864607785245897,0.9824516498230179,8.0,5.0,False,main,False
1681,5,5,10.510685637704867,1.4893143622951328,0.875890469808739,0.9840717725219048,6.0,4.0,False,main,False
1681,6,6,11.510685637704867,1.4893143622951328,0.8854373567465282,0.9854179258670694,4.0,3.0,False,main,False
1681,7,7,12.510685637704867,1.4893143622951328,0.8936204026932048,0.9865542066975966,2.0,2.0,False,main,False
1681,8,8,13.510685637704867,1.4893143622951328,0.9007123758469912,0.9875261587041445,1.0,1.0,False,main,False
1681,9,9,14.510685637704867,1.4893143622951328,0.9069178523565542,0.9883670338298394,-1.0,-1.0,True,main,False
10266,1,1,6.410162627112735,1.5898373728872652,0.8012703283890918,0.9698838086634574,18.0,9.0,False,main,True
10266,2,2,7.410162627112735,1.5898373728872652,0.8233514030125261,0.973750227735192,14.0,7.0,False,main,False
10266,3,3,8.410162627112735,1.5898373728872652,0.8410162627112735,0.9767360676681481,11.0,6.0,False,main,False
10266,4,4,9.410162627112735,1.5898373728872652,0.8554693297375213,0.9791115924183625,8.0,5.0,False,main,False
10266,5,5,10.410162627112735,1.5898373728872652,0.8675135522593945,0.9810466744524847,6.0,4.0,False,main,False
10266,6,6,11.410162627112735,1.5898373728872652,0.8777048174702103,0.9826534685085138,4.0,3.0,False,main,False
10266,7,7,12.410162627112735,1.5898373728872652,0.8864401876509096,0.9840090152238234,2.0,2.0,False,main,False
10266,8,8,13.410162627112735,1.5898373728872652,0.8940108418075157,0.985167990293458,1.0,1.0,False,main,False
10266,9,9,14.410162627112735,1.5898373728872652,0.9006351641945459,0.986170273353428,-1.0,-1.0,True,main,False
5639,1,1,6.281997481691216,1.7180025183087841,0.785249685211402,0.9631852597508468,19.0,9.0,False,main,True
10148,1,1,6.349089174703972,1.6509108252960276,0.7936361468379965,0.9667602502725852,18.0,9.0,False,main,True
10148,2,2,7.349089174703972,1.6509108252960276,0.8165654638559969,0.9710402082267859,14.0,7.0,False,main,False
10148,3,3,8.349089174703973,1.6509108252960276,0.8349089174703973,0.9743427478257578,11.0,6.0,False,main,False
10148,4,4,9.349089174703973,1.6509108252960276,0.8499171977003612,0.9769686182179462,9.0,5.0,False,main,False
10148,5,5,10.349089174703973,1.6509108252960276,0.8624240978919978,0.9791065858793055,6.0,4.0,False,main,False
10148,6,6,11.349089174703973,1.6509108252960276,0.8730068595926134,0.9808811429778971,4.0,3.0,False,main,False
10148,7,7,12.349089174703973,1.6509108252960276,0.8820777981931409,0.9823777297249665,3.0,2.0,False,main,False
10148,8,8,13.349089174703973,1.6509108252960276,0.8899392783135982,0.9836569393542912,1.0,1.0,False,main,False
10148,9,9,14.349089174703973,1.6509108252960276,0.8968180734189983,0.9847629411465872,-1.0,-1.0,True,main,False
1734,1,1,6.547618885989906,1.4523811140100937,0.8184523607487383,0.9764355306244464,16.0,8.0,False,main,True
3295,1,1,6.226867301901732,1.7731326980982671,0.7783584127377166,0.9601386415979998,20.0,9.0,False,main,True
8278,1,1,6.15592795269265,1.8440720473073493,0.7694909940865813,0.9560783649190923,21.0,9.0,False,main,True
8278,2,2,7.15592795269265,1.8440720473073493,0.7951031058547389,0.9617856264389807,16.0,8.0,False,main,False
8278,3,3,8.15592795269265,1.8440720473073493,0.815592795269265,0.9661783543365817,13.0,6.0,False,main,False
8278,4,4,9.15592795269265,1.8440720473073493,0.8323570866084228,0.9696642781792841,10.0,5.0,False,main,False
8278,5,5,10.15592795269265,1.8440720473073493,0.8463273293910542,0.97249816018413,7.0,4.0,False,main,False
8278,6,6,11.15592795269265,1.8440720473073493,0.8581483040532808,0.9748474324070093,5.0,3.0,False,main,False
8278,7,7,12.15592795269265,1.8440720473073493,0.8682805680494751,0.9768266864939185,3.0,2.0,False,main,False
8278,8,8,13.15592795269265,1.8440720473073493,0.8770618635128433,0.9785170056563476,1.0,1.0,False,main,False
8278,9,9,14.15592795269265,1.8440720473073493,0.8847454970432906,0.9799773840506376,-1.0,-1.0,True,main,False
7279,0,1,5.536050779759819,2.463949220240181,0.6920063474699774,0.9145975441119943,39.0,14.0,False,main,True
6490,1,1,6.3598555951123235,1.6401444048876765,0.7949819493890404,0.9673200638397592,18.0,9.0,False,main,True
763,1,1,6.356932679445636,1.6430673205543642,0.7946165849307045,0.9671684677277714,18.0,9.0,False,main,True
1706,1,1,6.335245343469943,1.6647546565300573,0.7919056679337428,0.9660347298565026,19.0,9.0,False,main,True
7793,1,1,6.5303654644186775,1.4696345355813225,0.8162956830523347,0.9756507562463642,16.0,8.0,False,main,True
7793,2,2,7.5303654644186775,1.4696345355813225,0.8367072738242975,0.9787585887618009,13.0,7.0,False,main,False
7793,3,3,8.530365464418677,1.4696345355813225,0.8530365464418678,0.9811624238278877,10.0,6.0,False,main,False
7793,4,4,9.530365464418677,1.4696345355813225,0.8663968604016979,0.9830772450171367,8.0,5.0,False,main,False
7793,5,5,10.530365464418677,1.4696345355813225,0.8775304553682232,0.9846385544622277,6.0,4.0,False,main,False
7793,6,6,11.530365464418677,1.4696345355813225,0.8869511895706675,0.985936008552417,4.0,3.0,False,main,False
7793,7,7,12.530365464418677,1.4696345355813225,0.8950261046013341,0.9870313005747615,2.0,2.0,False,main,False
7793,8,8,13.530365464418677,1.4696345355813225,0.9020243642945786,0.9879682766544853,1.0,1.0,False,main,False
7793,9,9,14.530365464418677,1.4696345355813225,0.9081478415261673,0.9887789555930423,-1.0,-1.0,True,main,False
1558,1,1,6.580102150306918,1.4198978496930816,0.8225127687883648,0.9778828008930984,16.0,8.0,False,main,True
4481,0,1,5.21093278600379,2.7890672139962107,0.6513665982504737,0.889054472916338,50.0,16.0,False,main,True
8871,1,1,6.350076983104698,1.6499230168953023,0.7937596228880872,0.9668117744434357,18.0,9.0,False,main,True
4697,1,1,6.427739912839206,1.5722600871607941,0.8034674891049007,0.9707590849291129,17.0,9.0,False,main,True
1113,1,1,6.18022379580285,1.8197762041971501,0.7725279744753563,0.9574864021560074,21.0,9.0,False,main,True
8940,1,1,6.195319627795845,1.8046803722041551,0.7744149534744806,0.9583521579104172,20.0,9.0,False,main,True
9120,0,1,5.151540962256887,2.8484590377431127,0.6439426202821109,0.8841351133473212,52.0,16.0,False,main,True
8028,0,1,5.161163795045244,2.838836204954756,0.6451454743806555,0.8849373086741967,52.0,16.0,False,main,True
8028,0,2,5.161163795045244,3.838836204954756,0.573462643893916,0.8212909024824309,92.0,23.0,False,main,False
8028,0,3,5.161163795045244,4.838836204954756,0.5161163795045244,0.7626869043328698,160.0,32.0,False,main,True
8028,0,4,5.161163795045244,5.838836204954756,0.46919670864047675,0.7101106171814924,280.0,43.0,False,main,True
9129,1,1,6.470941565469885,1.5290584345301146,0.8088676956837356,0.9728643206046222,17.0,8.0,False,main,True
9129,2,2,7.470941565469885,1.5290584345301146,0.8301046183855427,0.9763378617539413,14.0,7.0,False,main,False
9129,3,3,8.470941565469886,1.5290584345301146,0.8470941565469886,0.9790224530140419,11.0,6.0,False,main,False
9129,4,4,9.470941565469886,1.5290584345301146,0.8609946877699897,0.9811596217889319,8.0,5.0,False,main,False
9129,5,5,10.470941565469886,1.5290584345301146,0.8725784637891572,0.9829013918267188,6.0,4.0,False,main,False
9129,6,6,11.470941565469886,1.5290584345301146,0.8823801204207604,0.9843482435285462,4.0,3.0,False,main,False
9129,7,7,12.470941565469886,1.5290584345301146,0.8907815403907061,0.9855692588347736,2.0,2.0,False,main,False
9129,8,8,13.470941565469886,1.5290584345301146,0.8980627710313257,0.9866135004206629,1.0,1.0,False,main,False
9129,9,9,14.470941565469886,1.5290584345301146,0.9044338478418679,0.9875167753564301,-1.0,-1.0,True,main,False
2008,1,1,6.151097208752806,1.8489027912471943,0.7688871510941008,0.9557962656828258,21.0,9.0,False,main,True
4159,1,1,6.491398895990473,1.5086011040095268,0.8114248619988091,0.9738380412621573,17.0,8.0,False,main,True
4159,2,2,7.491398895990473,1.5086011040095268,0.8323776551100526,0.9771836075510918,13.0,7.0,False,main,True
4159,3,3,8.491398895990473,1.5086011040095268,0.8491398895990473,0.9797699900364758,11.0,6.0,False,main,False
4159,4,4,9.491398895990473,1.5086011040095268,0.862854445090043,0.981829404496637,8.0,5.0,False,main,False
4159,5,5,10.491398895990473,1.5086011040095268,0.8742832413325394,0.9835080827647475,6.0,4.0,False,main,False
4159,6,6,11.491398895990473,1.5086011040095268,0.8839537612300364,0.984902712694863,4.0,3.0,False,main,False
4159,7,7,12.491398895990473,1.5086011040095268,0.8922427782850338,0.9860797884518753,2.0,2.0,False,main,False
4159,8,8,13.491398895990473,1.5086011040095268,0.8994265930660316,0.9870865463093809,1.0,1.0,False,main,False
4159,9,9,14.491398895990473,1.5086011040095268,0.9057124309994046,0.9879574673787248,-1.0,-1.0,True,main,False
7728,0,1,5.198343983080712,2.8016560169192877,0.649792997885089,0.8880181058626687,50.0,16.0,False,main,True
7728,0,2,5.198343983080712,3.8016560169192877,0.5775937758978569,0.8245119998504111,89.0,23.0,False,main,False
7728,0,3,5.198343983080712,4.801656016919288,0.5198343983080712,0.7658892914899619,154.0,31.0,False,main,True
7728,0,4,5.198343983080712,5.801656016919288,0.47257672573461024,0.713227416354642,268.0,43.0,False,main,True
4967,1,1,6.315574786394498,1.6844252136055018,0.7894468482993122,0.9649929154612915,19.0,9.0,False,main,True
2490,0,1,5.356606093823602,2.643393906176397,0.6695757617279503,0.9007943837367781,45.0,15.0,False,main,True
7191,0,1,5.202864542722409,2.797135457277591,0.6503580678403011,0.8883906533474585,50.0,16.0,False,main,True
5720,1,1,6.520091836609242,1.4799081633907576,0.8150114795761553,0.9751782262448891,17.0,8.0,False,main,True
7557,1,1,6.433111054901692,1.5668889450983072,0.8041388818627115,0.9710243999766838,17.0,9.0,False,main,True
10348,0,1,5.519361578894205,2.4806384211057946,0.6899201973617757,0.9133453385240294,39.0,15.0,False,main,True
10348,0,2,5.519361578894205,3.4806384211057946,0.6132623976549118,0.8514756265830222,68.0,21.0,False,main,False
10348,0,3,5.519361578894205,4.480638421105795,0.5519361578894205,0.792913705668193,114.0,28.0,False,main,True
10348,0,4,5.519361578894205,5.480638421105795,0.5017601435358369,0.739646504374813,191.0,38.0,False,main,True
10348,0,5,5.519361578894205,6.480638421105795,0.4599467982411838,0.6918567480101117,322.0,50.0,False,main,True
7530,1,1,6.511461234688246,1.4885387653117534,0.8139326543360308,0.9747782681500947,17.0,8.0,False,main,True
7530,2,2,7.511461234688246,1.4885387653117534,0.8346068038542496,0.9780004421125263,13.0,7.0,False,main,True
7530,3,3,8.511461234688246,1.4885387653117534,0.8511461234688247,0.980492093829967,10.0,6.0,False,main,False
7530,4,4,9.511461234688246,1.4885387653117534,0.8646782940625678,0.9824764841943112,8.0,5.0,False,main,False
7530,5,5,10.511461234688246,1.4885387653117534,0.8759551028906872,0.9840942710661659,6.0,4.0,False,main,False
7530,6,6,11.511461234688246,1.4885387653117534,0.885497018052942,0.9854384904513782,4.0,3.0,False,main,False
7530,7,7,12.511461234688246,1.4885387653117534,0.8936758024777319,0.9865731436464914,2.0,2.0,False,main,False
7530,8,8,13.511461234688246,1.4885387653117534,0.9007640823125498,0.9875437068742634,1.0,1.0,False,main,False
7530,9,9,14.511461234688246,1.4885387653117534,0.9069663271680154,0.9883833830747678,-1.0,-1.0,True,main,False
7171,1,1,6.341642438242063,1.6583575617579367,0.7927053047802579,0.9663707789615912,18.0,9.0,False,main,True
9985,1,1,6.3322180306302736,1.667781969369727,0.7915272538287842,0.9658752267310579,19.0,9.0,False,main,True
9985,2,2,7.3322180306302736,1.667781969369727,0.8146908922922527,0.9702726821118838,15.0,7.0,False,main,False
9985,3,3,8.332218030630273,1.667781969369727,0.8332218030630273,0.9736651335702307,11.0,6.0,False,main,False
9985,4,4,9.332218030630273,1.667781969369727,0.8483834573300247,0.9763620351246727,9.0,5.0,False,main,False
9985,5,5,10.332218030630273,1.667781969369727,0.8610181692191894,0.9785575408750892,7.0,4.0,False,main,False
9985,6,6,11.332218030630273,1.667781969369727,0.8717090792792518,0.9803796572559824,4.0,3.0,False,main,False
9985,7,7,12.332218030630273,1.667781969369727,0.8808727164735909,0.9819162150342079,3.0,2.0,False,main,False
9985,8,8,13.332218030630273,1.667781969369727,0.8888145353753515,0.9832294904378228,1.0,1.0,False,main,False
9985,9,9,14.332218030630273,1.667781969369727,0.895763626914392,0.9843648720562476,-1.0,-1.0,True,main,False
11234,0,1,5.235466331842958,2.764533668157042,0.6544332914803698,0.8910643060100687,49.0,16.0,False,main,True
11234,0,2,5.235466331842958,3.764533668157042,0.5817184813158842,0.8277079698232056,86.0,22.0,False,main,False
11234,0,3,5.235466331842958,4.764533668157042,0.5235466331842958,0.7690717353360894,149.0,31.0,False,main,True
11234,0,4,5.235466331842958,5.764533668157042,0.4759514847129962,0.7163275394874562,257.0,42.0,False,main,True
2497,1,1,6.531261667622133,1.4687383323778667,0.8164077084527667,0.9756917919876574,16.0,8.0,False,main,True
2497,2,2,7.531261667622133,1.4687383323778667,0.8368068519580149,0.9787942505384098,13.0,7.0,False,main,True
2497,3,3,8.531261667622132,1.4687383323778667,0.8531261667622132,0.9811939574621421,10.0,6.0,False,main,False
2497,4,4,9.531261667622132,1.4687383323778667,0.8664783334201939,0.983105507798719,8.0,5.0,False,main,False
2497,5,5,10.531261667622132,1.4687383323778667,0.877605138968511,0.9846641615901082,6.0,4.0,False,main,False
2497,6,6,11.531261667622132,1.4687383323778667,0.8870201282786255,0.9859594164906742,4.0,3.0,False,main,False
2497,7,7,12.531261667622132,1.4687383323778667,0.8950901191158666,0.9870528573608341,2.0,2.0,False,main,False
2497,8,8,13.531261667622132,1.4687383323778667,0.9020841111748088,0.9879882537329203,1.0,1.0,False,main,False
2497,9,9,14.531261667622132,1.4687383323778667,0.9082038542263833,0.988797568761463,-1.0,-1.0,True,main,False
6168,1,1,6.224570921673564,1.7754290783264361,0.7780713652091955,0.9600096502989692,20.0,9.0,False,main,True
9763,0,1,5.467002854192735,2.5329971458072653,0.6833753567740919,0.9093743602611932,41.0,15.0,False,main,True
9763,0,2,5.467002854192735,3.5329971458072653,0.6074447615769706,0.8471827938917177,71.0,21.0,False,main,False
9763,0,3,5.467002854192735,4.532997145807265,0.5467002854192735,0.7885827279086264,120.0,29.0,False,main,True
9763,0,4,5.467002854192735,5.532997145807265,0.49700025947206683,0.7353974924077561,201.0,38.0,False,main,True
1591,0,1,5.245307598977261,2.754692401022739,0.6556634498721576,0.8918668374127205,49.0,16.0,False,main,True
3544,1,1,6.219292668826205,1.7807073311737944,0.7774115836032757,0.9597125360949649,20.0,9.0,False,main,True
4968,1,1,6.260785507296594,1.7392144927034061,0.7825981884120743,0.9620245005948055,19.0,9.0,False,main,True
512,1,1,6.281415874256207,1.718584125743793,0.7851769842820259,0.9631536260412793,19.0,9.0,False,main,True
6901,1,1,6.384200369594593,1.615799630405407,0.7980250461993241,0.9685714927347975,18.0,9.0,False,main,True
9391,1,1,6.310114531193163,1.6898854688068368,0.7887643163991453,0.964701463731738,19.0,9.0,False,main,True
10240,1,1,6.3078554781955685,1.692144521804432,0.7884819347744461,0.9645805966221902,19.0,9.0,False,main,True
10240,2,2,7.3078554781955685,1.692144521804432,0.8119839420217299,0.9691501836265094,15.0,7.0,False,main,False
10240,3,3,8.307855478195568,1.692144521804432,0.8307855478195568,0.9726742988628663,12.0,6.0,False,main,False
10240,4,4,9.307855478195568,1.692144521804432,0.8461686798359608,0.9754751827075553,9.0,5.0,False,main,False
10240,5,5,10.307855478195568,1.692144521804432,0.8589879565162973,0.977754897142471,7.0,4.0,False,main,False
10240,6,6,11.307855478195568,1.692144521804432,0.8698350367842745,0.9796466038535695,4.0,3.0,False,main,False
10240,7,7,12.307855478195568,1.692144521804432,0.8791325341568264,0.9812416388437644,3.0,2.0,False,main,False
10240,8,8,13.307855478195568,1.692144521804432,0.8871903652130378,0.9826047451811821,1.0,1.0,False,main,False
10240,9,9,14.307855478195568,1.692144521804432,0.894240967387223,0.9837830981042507,-1.0,-1.0,True,main,False
3680,0,1,5.4152572766582345,2.5847427233417655,0.6769071595822793,0.9053873838816396,43.0,15.0,False,main,True
7923,1,1,6.340186880927661,1.6598131190723393,0.7925233601159576,0.9662944359360806,18.0,9.0,False,main,True
7923,2,2,7.340186880927661,1.6598131190723393,0.8155763201030735,0.9706362186043057,15.0,7.0,False,main,False
7923,3,3,8.34018688092766,1.6598131190723393,0.834018688092766,0.9739860718192592,11.0,6.0,False,main,False
7923,4,4,9.34018688092766,1.6598131190723393,0.849107898266151,0.9766493226990891,9.0,5.0,False,main,False
7923,5,5,10.34018688092766,1.6598131190723393,0.8616822400773051,0.9788175715256123,6.0,4.0,False,main,False
7923,6,6,11.34018688092766,1.6598131190723393,0.8723220677636662,0.9806171591200504,4.0,3.0,False,main,False
7923,7,7,12.34018688092766,1.6598131190723393,0.8814419200662614,0.9821347833375274,3.0,2.0,False,main,False
7923,8,8,13.34018688092766,1.6598131190723393,0.889345792061844,0.9834319228789773,1.0,1.0,False,main,False
7923,9,9,14.34018688092766,1.6598131190723393,0.8962616800579788,0.9845533885731874,-1.0,-1.0,True,main,False
3117,0,1,5.430530865864136,2.5694691341358644,0.678816358233017,0.9065706147532929,42.0,15.0,False,main,True
3474,0,1,5.273925198249734,2.7260748017502654,0.6592406497812168,0.8941884886801195,47.0,16.0,False,main,True
5195,0,1,5.211787028659898,2.7882129713401023,0.6514733785824872,0.8891246736920653,50.0,16.0,False,main,True
2653,1,1,6.2875090996959475,1.7124909003040525,0.7859386374619934,0.9634844949080927,19.0,9.0,False,main,True
1611,1,1,6.523570523328627,1.4764294766713735,0.8154463154160784,0.9753386619388074,16.0,8.0,False,main,True
6708,1,1,6.18590753579678,1.8140924642032203,0.7732384419745975,0.957813191493023,20.0,9.0,False,main,True
6708,2,2,7.18590753579678,1.8140924642032203,0.7984341706440866,0.9632873235206744,16.0,8.0,False,main,True
6708,3,3,8.18590753579678,1.8140924642032203,0.8185907535796779,0.9675022774483553,12.0,6.0,False,main,True
6708,4,4,9.18590753579678,1.8140924642032203,0.8350825032542527,0.9708481290318574,9.0,5.0,False,main,False
6708,5,5,10.18590753579678,1.8140924642032203,0.8488256279830649,0.9735687814501718,7.0,4.0,False,main,False
6708,6,6,11.18590753579678,1.8140924642032203,0.8604544258305216,0.9758246170641804,5.0,3.0,False,main,False
6708,7,7,12.18590753579678,1.8140924642032203,0.8704219668426271,0.9777254499793057,3.0,2.0,False,main,False
6708,8,8,13.18590753579678,1.8140924642032203,0.879060502386452,0.9793490101637616,1.0,1.0,False,main,False
6708,9,9,14.18590753579678,1.8140924642032203,0.8866192209872987,0.9807518685106441,-1.0,-1.0,True,main,False
12073,1,1,6.233608542708659,1.766391457291341,0.7792010678385823,0.960516350872075,20.0,9.0,False,main,True
8866,1,1,6.5553063577426505,1.4446936422573495,0.8194132947178313,0.9767816250984405,16.0,8.0,False,main,True
8866,2,2,7.5553063577426505,1.4446936422573495,0.8394784841936278,0.9797414894563267,13.0,7.0,False,main,False
8866,3,3,8.555306357742651,1.4446936422573495,0.8555306357742651,0.9820316318145152,10.0,6.0,False,main,False
8866,4,4,9.555306357742651,1.4446936422573495,0.868664214340241,0.9838563542129944,8.0,5.0,False,main,False
8866,5,5,10.555306357742651,1.4446936422573495,0.8796088631452209,0.9853445004579905,6.0,4.0,False,main,False
