arm,s,n,post_a,post_b,q_mean,q_opt,m_mean,m_opt,confirmed,sel_kind,would_differ
6458,1,1,6.828610707235733,1.1713892927642668,0.8535763384044667,0.9875705662749693,14.0,8.0,False,main,True
5762,1,1,6.85324387994425,1.14675612005575,0.8566554849930312,0.9883895144307554,14.0,8.0,False,main,True
5762,2,2,7.85324387994425,1.14675612005575,0.8725826533271389,0.9898474731804466,11.0,7.0,False,main,False
5762,3,3,8.85324387994425,1.14675612005575,0.885324387994425,0.9909800693210468,9.0,6.0,False,main,False
5762,4,4,9.85324387994425,1.14675612005575,0.8957494436312955,0.9918852963899012,7.0,5.0,False,main,False
5762,5,5,10.85324387994425,1.14675612005575,0.9044369899953542,0.9926253823627965,5.0,4.0,False,main,False
5762,6,6,11.85324387994425,1.14675612005575,0.9117879907649423,0.9932417437515725,4.0,3.0,False,main,False
5762,7,7,12.85324387994425,1.14675612005575,0.9180888485674464,0.9937630151423127,2.0,2.0,False,main,False
5762,8,8,13.85324387994425,1.14675612005575,0.9235495919962833,0.9942096272419155,1.0,1.0,False,main,False
5762,9,9,14.85324387994425,1.14675612005575,0.9283277424965156,0.9945965487048979,-1.0,-1.0,True,main,False
417,1,1,6.757445421884701,1.242554578115299,0.8446806777355876,0.985056656306488,14.0,8.0,False,main,True
11274,1,1,6.702274374721026,1.2977256252789746,0.8377842968401282,0.982960621795574,15.0,8.0,False,main,True
9129,1,1,6.636311144598226,1.363688855401774,0.8295388930747782,0.9802919475081013,15.0,8.0,False,main,True
9129,2,2,7.636311144598226,1.363688855401774,0.8484790160664696,0.9827942518904108,12.0,7.0,False,main,False
9129,3,3,8.636311144598226,1.363688855401774,0.8636311144598225,0.9847324534840891,10.0,6.0,False,main,False
9129,4,4,9.636311144598226,1.363688855401774,0.876028285872566,0.9862780457904032,8.0,5.0,False,main,False
9129,5,5,10.636311144598226,1.363688855401774,0.8863592620498522,0.9875393842319098,6.0,4.0,False,main,False
9129,6,6,11.636311144598226,1.363688855401774,0.8951008572767866,0.9885883007376453,4.0,3.0,False,main,False
9129,7,7,12.636311144598226,1.363688855401774,0.9025936531855876,0.9894742996874849,2.0,2.0,False,main,False
9129,8,8,13.636311144598226,1.363688855401774,0.9090874096398818,0.9902326090463583,1.0,1.0,False,main,False
9129,9,9,14.636311144598226,1.363688855401774,0.9147694465373891,0.990888981492628,-1.0,-1.0,True,main,False
5452,1,1,6.693130829558724,1.3068691704412763,0.8366413536948405,0.982601145613725,15.0,8.0,False,main,True
10706,0,1,5.8557544873117555,2.1442455126882445,0.7319693109139694,0.9372666549807197,31.0,13.0,False,main,True
10706,0,2,5.8557544873117555,3.1442455126882445,0.6506393874790839,0.8780468108241846,53.0,19.0,False,main,False
10706,0,3,5.8557544873117555,4.1442455126882445,0.5855754487311755,0.8200165945934336,87.0,25.0,False,main,False
10706,0,4,5.8557544873117555,5.1442455126882445,0.5323413170283414,0.7663882493180858,141.0,34.0,False,main,False
10706,0,5,5.8557544873117555,6.1442455126882445,0.487979540609313,0.7178443785558257,227.0,44.0,False,main,False
10706,0,6,5.8557544873117555,7.1442455126882445,0.450442652870135,0.6742107366660652,373.0,57.0,False,main,False
10706,0,7,5.8557544873117555,8.144245512688244,0.4182681776651254,0.6350376581811616,636.0,73.0,False,main,False
10706,0,8,5.8557544873117555,9.144245512688244,0.3903836324874504,0.5998167261939478,-1.0,94.0,False,main,True
10706,0,9,5.8557544873117555,10.144245512688244,0.3659846554569847,0.5680618277805466,-1.0,120.0,False,main,True
10706,0,10,5.8557544873117555,11.144245512688244,0.3444561463124562,0.5393365573704687,-1.0,154.0,False,main,True
10706,0,11,5.8557544873117555,12.144245512688244,0.32531969373954195,0.5132599207189914,-1.0,197.0,False,main,True
10706,0,12,5.8557544873117555,13.144245512688244,0.30819760459535556,0.4895035020430334,-1.0,254.0,False,main,True
7599,1,1,6.712502626537843,1.2874973734621578,0.8390628283172303,0.9833587013512763,15.0,8.0,False,main,True
8320,1,1,6.756873332009043,1.2431266679909565,0.8446091665011304,0.9850355721598664,14.0,8.0,False,main,True
8320,2,2,7.756873332009043,1.2431266679909565,0.8618748146676715,0.9869240583677917,12.0,7.0,False,main,False
8320,3,3,8.756873332009043,1.2431266679909565,0.8756873332009043,0.9883891857648418,9.0,6.0,False,main,False
8320,4,4,9.756873332009043,1.2431266679909565,0.8869884847280948,0.9895589976334094,7.0,5.0,False,main,False
8320,5,5,10.756873332009043,1.2431266679909565,0.8964061110007536,0.9905146220934434,5.0,4.0,False,main,False
8320,6,6,11.756873332009043,1.2431266679909565,0.9043748716930033,0.9913099594145406,4.0,3.0,False,main,False
8320,7,7,12.756873332009043,1.2431266679909565,0.9112052380006459,0.9919822218688391,2.0,2.0,False,main,False
8320,8,8,13.756873332009043,1.2431266679909565,0.9171248888006028,0.9925579288997498,1.0,1.0,False,main,False
8320,9,9,14.756873332009043,1.2431266679909565,0.9223045832505652,0.9930564907710957,-1.0,-1.0,True,main,False
4872,1,1,6.722641287403072,1.2773587125969272,0.840330160925384,0.9837490582926658,15.0,8.0,False,main,True
4926,1,1,6.768335035480392,1.2316649645196072,0.846041879435049,0.9854553570956691,14.0,8.0,False,main,True
4926,2,2,7.768335035480392,1.2316649645196072,0.8631483372755991,0.9872897918804723,12.0,7.0,False,main,False
4926,3,3,8.768335035480392,1.2316649645196072,0.8768335035480392,0.9887132054570884,9.0,6.0,False,main,False
4926,4,4,9.768335035480392,1.2316649645196072,0.8880304577709448,0.9898498481449909,7.0,5.0,False,main,False
4926,5,5,10.768335035480392,1.2316649645196072,0.8973612529566993,0.9907784657862331,5.0,4.0,False,main,False
4926,6,6,11.768335035480392,1.2316649645196072,0.9052565411907995,0.9915513868677169,4.0,3.0,False,main,False
4926,7,7,12.768335035480392,1.2316649645196072,0.9120239311057423,0.9922047446413045,2.0,2.0,False,main,False
4926,8,8,13.768335035480392,1.2316649645196072,0.9178890023653595,0.9927642931884175,1.0,1.0,False,main,False
4926,9,9,14.768335035480392,1.2316649645196072,0.9230209397175245,0.9932488848016877,-1.0,-1.0,True,main,False
10691,1,1,6.807061559461278,1.1929384405387213,0.8508826949326598,0.9868323544196304,14.0,8.0,False,main,True
10691,2,2,7.807061559461278,1.1929384405387213,0.8674512843845865,0.988489814312222,11.0,7.0,False,main,False
10691,3,3,8.807061559461278,1.1929384405387213,0.8807061559461278,0.9897765807844539,9.0,6.0,False,main,False
10691,4,4,9.807061559461278,1.1929384405387213,0.8915510508601162,0.9908045253155979,7.0,5.0,False,main,False
10691,5,5,10.807061559461278,1.1929384405387213,0.9005884632884399,0.9916446122684861,5.0,4.0,False,main,False
10691,6,6,11.807061559461278,1.1929384405387213,0.9082355045739445,0.992344032632016,4.0,3.0,False,main,False
10691,7,7,12.807061559461278,1.1929384405387213,0.9147901113900913,0.9929353908966869,2.0,2.0,False,main,False
10691,8,8,13.807061559461278,1.1929384405387213,0.9204707706307519,0.9934419370418227,1.0,1.0,False,main,False
10691,9,9,14.807061559461278,1.1929384405387213,0.9254413474663299,0.9938806971181144,-1.0,-1.0,True,main,False
3157,1,1,6.772194138351812,1.2278058616481882,0.8465242672939765,0.9855954466956608,14.0,8.0,False,main,True
1327,0,1,5.819329335238863,2.180670664761137,0.7274161669048579,0.93481491204039,32.0,14.0,False,main,True
6283,1,1,6.728367383050005,1.2716326169499954,0.8410459228812506,0.983967650690664,15.0,8.0,False,main,True
6283,2,2,7.728367383050005,1.2716326169499954,0.8587074870055561,0.985993845773855,12.0,7.0,False,main,False
6283,3,3,8.728367383050005,1.2716326169499954,0.8728367383050004,0.9875652065910777,9.0,6.0,False,main,False
6283,4,4,9.728367383050005,1.2716326169499954,0.8843970348227277,0.9888194649993792,7.0,5.0,False,main,False
6283,5,5,10.728367383050005,1.2716326169499954,0.894030615254167,0.9898438301445213,6.0,4.0,False,main,False
6283,6,6,11.728367383050005,1.2716326169499954,0.9021821063884619,0.9906962122925617,4.0,3.0,False,main,False
6283,7,7,12.728367383050005,1.2716326169499954,0.9091690987892861,0.9914165753665554,2.0,2.0,False,main,False
6283,8,8,13.728367383050005,1.2716326169499954,0.9152244922033337,0.9920333898941004,1.0,1.0,False,main,False
6283,9,9,14.728367383050005,1.2716326169499954,0.9205229614406253,0.9925674881119565,-1.0,-1.0,True,main,False
5960,0,1,5.748027372530127,2.2519726274698724,0.7185034215662659,0.9299155573076003,34.0,14.0,False,main,True
8992,1,1,6.831552244368364,1.168447755631636,0.8539440305460455,0.9876697633589351,14.0,8.0,False,main,True
859,1,1,6.830722195850163,1.1692778041498366,0.8538402744812704,0.9876418101341469,14.0,8.0,False,main,True
859,2,2,7.830722195850163,1.1692778041498366,0.8700802439833515,0.9891954781026034,11.0,7.0,False,main,False
859,3,3,8.830722195850164,1.1692778041498366,0.8830722195850165,0.9904020540407443,9.0,6.0,False,main,False
859,4,4,9.830722195850164,1.1692778041498366,0.8937020178045604,0.99136617892778,7.0,5.0,False,main,False
859,5,5,10.830722195850164,1.1692778041498366,0.9025601829875137,0.9921542671180624,5.0,4.0,False,main,False
859,6,6,11.830722195850164,1.1692778041498366,0.9100555535269357,0.9928105030763268,4.0,3.0,False,main,False
859,7,7,12.830722195850164,1.1692778041498366,0.9164801568464404,0.9933654248265341,2.0,2.0,False,main,False
859,8,8,13.830722195850164,1.1692778041498366,0.922048146390011,0.9938408151127108,1.0,1.0,False,main,False
859,9,9,14.830722195850164,1.1692778041498366,0.9269201372406353,0.9942526294310683,-1.0,-1.0,True,main,False
10211,1,1,6.85300278832786,1.1469972116721396,0.8566253485409825,0.988381629006639,14.0,8.0,False,main,True
10211,2,2,7.85300278832786,1.1469972116721396,0.8725558653697623,0.9898405962804551,11.0,7.0,False,main,False
10211,3,3,8.85300278832786,1.1469972116721396,0.885300278832786,0.9909739721480253,9.0,6.0,False,main,False
10211,4,4,9.85300278832786,1.1469972116721396,0.8957275262116237,0.9918798200912393,7.0,5.0,False,main,False
10211,5,5,10.85300278832786,1.1469972116721396,0.9044168990273217,0.9926204121517836,5.0,4.0,False,main,False
10211,6,6,11.85300278832786,1.1469972116721396,0.9117694452559892,0.9932371939857334,4.0,3.0,False,main,False
10211,7,7,12.85300278832786,1.1469972116721396,0.9180716277377042,0.9937588202256293,2.0,2.0,False,main,False
10211,8,8,13.85300278832786,1.1469972116721396,0.9235335192218573,0.9942057358204747,1.0,1.0,False,main,False
10211,9,9,14.85300278832786,1.1469972116721396,0.9283126742704912,0.9945929198217327,-1.0,-1.0,True,main,False
6331,1,1,6.893359732887584,1.1066402671124167,0.861669966610948,0.9896654372066598,13.0,8.0,False,main,True
7323,1,1,6.735279845161905,1.264720154838095,0.8419099806452381,0.984229723548564,15.0,8.0,False,main,True
7323,2,2,7.735279845161905,1.264720154838095,0.8594755383513228,0.9862220975251815,12.0,7.0,False,main,True
7323,3,3,8.735279845161905,1.264720154838095,0.8735279845161905,0.9877673731407881,9.0,6.0,False,main,False
7323,4,4,9.735279845161905,1.264720154838095,0.8850254404692641,0.9890008994536008,7.0,5.0,False,main,False
7323,5,5,10.735279845161905,1.264720154838095,0.8946066537634921,0.990008390594108,6.0,4.0,False,main,False
7323,6,6,11.735279845161905,1.264720154838095,0.9027138342432235,0.9908467712565769,4.0,3.0,False,main,False
7323,7,7,12.735279845161905,1.264720154838095,0.9096628460829932,0.991555329223065,2.0,2.0,False,main,False
7323,8,8,13.735279845161905,1.264720154838095,0.9156853230107936,0.9921620556881767,1.0,1.0,False,main,False
7323,9,9,14.735279845161905,1.264720154838095,0.9209549903226191,0.9926874336008717,-1.0,-1.0,True,main,False
12132,1,1,6.634899182933602,1.3651008170663976,0.8293623978667003,0.9802329325765802,15.0,8.0,False,main,True
5095,1,1,6.882699016187438,1.1173009838125623,0.8603373770234297,0.989333411156007,13.0,8.0,False,main,True
3452,1,1,6.907559568833416,1.0924404311665845,0.863444946104177,0.9900996919252184,13.0,8.0,False,main,True
3452,2,2,7.907559568833416,1.0924404311665845,0.8786177298703796,0.9913393636486261,11.0,7.0,False,main,False
3452,3,3,8.907559568833417,1.0924404311665845,0.8907559568833415,0.9923031035758467,9.0,6.0,False,main,False
3452,4,4,9.907559568833417,1.0924404311665845,0.9006872335303104,0.9930738193055995,7.0,5.0,False,main,False
3452,5,5,10.907559568833417,1.0924404311665845,0.9089632974027846,0.993704225844104,5.0,4.0,False,main,False
3452,6,6,11.907559568833417,1.0924404311665845,0.9159661206794935,0.9942294435160819,4.0,3.0,False,main,False
3452,7,7,12.907559568833417,1.0924404311665845,0.9219685406309582,0.9946737736482182,2.0,2.0,False,main,False
3452,8,8,13.907559568833417,1.0924404311665845,0.9271706379222276,0.9950545668849679,1.0,1.0,False,main,False
3452,9,9,14.907559568833417,1.0924404311665845,0.9317224730520886,0.9953845424835281,-1.0,-1.0,True,main,False
4008,1,1,6.679974887819358,1.320025112180642,0.8349968609774198,0.9820779760594046,15.0,8.0,False,main,True
9277,1,1,6.6452378554873315,1.3547621445126685,0.8306547319359164,0.9806632373150156,15.0,8.0,False,main,True
9277,2,2,7.6452378554873315,1.3547621445126685,0.8494708728319257,0.9831173050864314,12.0,7.0,False,main,False
9277,3,3,8.64523785548733,1.3547621445126685,0.8645237855487331,0.9850183708041331,10.0,6.0,False,main,False
9277,4,4,9.64523785548733,1.3547621445126685,0.8768398050443028,0.9865344894282438,8.0,5.0,False,main,False
9277,5,5,10.64523785548733,1.3547621445126685,0.8871031546239442,0.9877718656923432,6.0,4.0,False,main,False
9277,6,6,11.64523785548733,1.3547621445126685,0.8957875273451793,0.9888009171657497,4.0,3.0,False,main,False
9277,7,7,12.64523785548733,1.3547621445126685,0.9032312753919521,0.9896701798256966,2.0,2.0,False,main,False
9277,8,8,13.64523785548733,1.3547621445126685,0.9096825236991554,0.9904141962201489,1.0,1.0,False,main,False
9277,9,9,14.64523785548733,1.3547621445126685,0.9153273659679582,0.9910582202415416,-1.0,-1.0,True,main,False
6084,1,1,6.646359062857665,1.3536409371423348,0.8307948828572082,0.980709649829736,15.0,8.0,False,main,True
7257,0,1,5.712763252177971,2.287236747822029,0.7140954065222463,0.9274443735023924,34.0,14.0,False,main,True
222,1,1,6.689891476783178,1.3101085232168221,0.8362364345978972,0.9824729765962428,15.0,8.0,False,main,True
2384,1,1,6.6019220997994275,1.398077900200573,0.8252402624749284,0.9788324947053088,16.0,8.0,False,main,True
4719,1,1,6.668764615250792,1.3312353847492084,0.833595576906349,0.9816266777799342,15.0,8.0,False,main,True
9390,1,1,6.7443984922431595,1.2556015077568408,0.8430498115303949,0.9845724005939852,14.0,8.0,False,main,True
7634,0,1,5.737919275407451,2.2620807245925487,0.7172399094259314,0.9292104390544261,34.0,14.0,False,main,True
7634,0,2,5.737919275407451,3.2620807245925487,0.6375465861563835,0.8689411158961335,58.0,19.0,False,main,False
7634,0,3,5.737919275407451,4.262080724592549,0.5737919275407452,0.810665988437008,96.0,26.0,False,main,False
7634,0,4,5.737919275407451,5.262080724592549,0.521629025037041,0.7571306911924477,156.0,35.0,False,main,True
7634,0,5,5.737919275407451,6.262080724592549,0.4781599396172876,0.7088296877469733,255.0,46.0,False,main,True
6366,0,1,5.701413678720611,2.2985863212793887,0.7126767098400764,0.9266423636195615,35.0,14.0,False,main,True
3663,1,1,6.594018353971755,1.405981646028245,0.8242522942464694,0.9784905964856557,16.0,8.0,False,main,True
9753,1,1,6.785060206842694,1.2149397931573067,0.8481325258553367,0.9860579252015584,14.0,8.0,False,main,True
9753,2,2,7.785060206842694,1.2149397931573067,0.8650066896491881,0.9878148541413057,11.0,7.0,False,main,False
9753,3,3,8.785060206842694,1.2149397931573067,0.8785060206842694,0.9891784363203516,9.0,6.0,False,main,False
9753,4,4,9.785060206842694,1.2149397931573067,0.8895509278947903,0.9902674931272715,7.0,5.0,False,main,False
9753,5,5,10.785060206842694,1.2149397931573067,0.8987550172368911,0.9911573589762142,5.0,4.0,False,main,False
9753,6,6,11.785060206842694,1.2149397931573067,0.9065430928340533,0.9918981107103368,4.0,3.0,False,main,False
9753,7,7,12.785060206842694,1.2149397931573067,0.9132185862030495,0.9925243353711511,2.0,2.0,False,main,False
9753,8,8,13.785060206842694,1.2149397931573067,0.9190040137895129,0.9930606900203142,1.0,1.0,False,main,False
9753,9,9,14.785060206842694,1.2149397931573067,0.9240662629276684,0.9935252270234067,-1.0,-1.0,True,main,False
5126,1,1,6.635052572711025,1.3649474272889748,0.8293815715888782,0.9802393475074314,15.0,8.0,False,main,True
5126,2,2,7.635052572711025,1.3649474272889748,0.8483391747456694,0.9827484880254039,12.0,7.0,False,main,False
5126,3,3,8.635052572711025,1.3649474272889748,0.8635052572711025,0.9846919520134748,10.0,6.0,False,main,False
5126,4,4,9.635052572711025,1.3649474272889748,0.8759138702464568,0.9862417206050159,8.0,5.0,False,main,False
5126,5,5,10.635052572711025,1.3649474272889748,0.8862543810592521,0.9875064541662892,6.0,4.0,False,main,False
5126,6,6,11.635052572711025,1.3649474272889748,0.8950040440546942,0.9885581851393502,4.0,3.0,False,main,False
5126,7,7,12.635052572711025,1.3649474272889748,0.9025037551936447,0.9894465551789265,2.0,2.0,False,main,False
5126,8,8,13.635052572711025,1.3649474272889748,0.9090035048474017,0.9902068894017195,1.0,1.0,False,main,False
5126,9,9,14.635052572711025,1.3649474272889748,0.9146907857944391,0.9908650111792433,-1.0,-1.0,True,main,False
10272,1,1,6.719600563995323,1.2803994360046769,0.8399500704994154,0.9836324290829281,15.0,8.0,False,main,True
10272,2,2,7.719600563995323,1.2803994360046769,0.8577333959994804,0.9857019102608672,12.0,7.0,False,main,False
10272,3,3,8.719600563995323,1.2803994360046769,0.8719600563995323,0.9873066511187417,9.0,6.0,False,main,False
10272,4,4,9.719600563995323,1.2803994360046769,0.8836000512723021,0.9885874362403053,7.0,5.0,False,main,False
10272,5,5,10.719600563995323,1.2803994360046769,0.8933000469996103,0.9896333895998566,6.0,4.0,False,main,False
10272,6,6,11.719600563995323,1.2803994360046769,0.901507735691948,0.9905036835274015,4.0,3.0,False,main,False
10272,7,7,12.719600563995323,1.2803994360046769,0.9085428974282374,0.9912391476251032,2.0,2.0,False,main,False
10272,8,8,13.719600563995323,1.2803994360046769,0.9146400375996883,0.9918688660363915,1.0,1.0,False,main,False
10272,9,9,14.719600563995323,1.2803994360046769,0.9199750352497077,0.9924141180850146,-1.0,-1.0,True,main,False
3036,0,1,5.692365175935179,2.3076348240648215,0.7115456469918974,0.9260006450664497,35.0,14.0,False,main,True
10348,0,1,5.740269468620394,2.2597305313796063,0.7175336835775492,0.9293746150194695,34.0,14.0,False,main,True
10348,0,2,5.740269468620394,3.2597305313796063,0.6378077187355993,0.8691248843128445,58.0,19.0,False,main,False
10348,0,3,5.740269468620394,4.259730531379606,0.5740269468620394,0.8108540031205613,95.0,26.0,False,main,True
10348,0,4,5.740269468620394,5.259730531379606,0.5218426789654903,0.7573164895489035,155.0,35.0,False,main,True
193,1,1,6.723685965473382,1.276314034526618,0.8404607456841727,0.983789039673916,15.0,8.0,False,main,True
8834,1,1,6.773552683807763,1.2264473161922371,0.8466940854759704,0.9856446130254621,14.0,8.0,False,main,True
10982,1,1,6.591425506705022,1.408574493294978,0.8239281883381278,0.9783779137046023,16.0,8.0,False,main,True
10982,2,2,7.591425506705022,1.408574493294978,0.8434917229672246,0.981129373110853,13.0,7.0,False,main,False
10982,3,3,8.591425506705022,1.408574493294978,0.8591425506705022,0.9832592876321066,10.0,6.0,False,main,False
10982,4,4,9.591425506705022,1.408574493294978,0.8719477733368202,0.9849569737072601,8.0,5.0,False,main,False
10982,5,5,10.591425506705022,1.408574493294978,0.8826187922254185,0.9863419239919087,6.0,4.0,False,main,False
10982,6,6,11.591425506705022,1.408574493294978,0.8916481159003863,0.987493289271207,4.0,3.0,False,main,False
10982,7,7,12.591425506705022,1.408574493294978,0.8993875361932159,0.9884655821679896,2.0,2.0,False,main,False
10982,8,8,13.591425506705022,1.408574493294978,0.9060950337803348,0.9892975736860933,1.0,1.0,False,main,False
10982,9,9,14.591425506705022,1.408574493294978,0.9119640941690639,0.9900175937813512,-1.0,-1.0,True,main,False
11538,1,1,6.751261563732993,1.2487384362670069,0.8439076954666241,0.9848280233169043,14.0,8.0,False,main,True
11538,2,2,7.751261563732993,1.2487384362670069,0.8612512848592214,0.9867432503010807,12.0,7.0,False,main,False
11538,3,3,8.751261563732992,1.2487384362670069,0.8751261563732993,0.988229011204073,9.0,6.0,False,main,False
11538,4,4,9.751261563732992,1.2487384362670069,0.8864783239757266,0.9894152278662496,7.0,5.0,False,main,False
11538,5,5,10.751261563732992,1.2487384362670069,0.895938463644416,0.9903842079465766,5.0,4.0,False,main,False
11538,6,6,11.751261563732992,1.2487384362670069,0.9039431972102302,0.9911906297751959,4.0,3.0,False,main,False
11538,7,7,12.751261563732992,1.2487384362670069,0.9108043974094995,0.9918722396604155,2.0,2.0,False,main,False
11538,8,8,13.751261563732992,1.2487384362670069,0.9167507709155328,0.9924559357865452,1.0,1.0,False,main,False
11538,9,9,14.751261563732992,1.2487384362670069,0.921953847733312,0.9929614044955221,-1.0,-1.0,True,main,False
10597,0,1,5.6829652020130155,2.3170347979869845,0.7103706502516269,0.9253318354100445,35.0,14.0,False,main,True
10597,0,2,5.6829652020130155,3.3170347979869845,0.6314405780014462,0.864619343475946,60.0,20.0,False,main,False
10597,0,3,5.6829652020130155,4.3170347979869845,0.5682965202013015,0.8062521435102172,100.0,27.0,False,main,True
10597,0,4,5.6829652020130155,5.3170347979869845,0.5166332001830014,0.752772778833341,163.0,36.0,False,main,True
11523,1,1,6.936265301115978,1.063734698884022,0.8670331626394973,0.9909494164127338,13.0,8.0,False,main,True
11523,2,2,7.936265301115978,1.063734698884022,0.8818072556795531,0.9920809687876935,11.0,7.0,False,main,False
11523,3,3,8.936265301115977,1.063734698884022,0.8936265301115978,0.9929610032137612,9.0,6.0,False,main,False
11523,4,4,9.936265301115977,1.063734698884022,0.9032968455559979,0.9936649957953724,7.0,5.0,False,main,False
11523,5,5,10.936265301115977,1.063734698884022,0.9113554417596648,0.994240968726562,5.0,4.0,False,main,False
11523,6,6,11.936265301115977,1.063734698884022,0.9181742539319983,0.994720932917404,4.0,3.0,False,main,False
11523,7,7,12.936265301115977,1.063734698884022,0.9240189500797127,0.9951270477532921,2.0,2.0,False,main,False
11523,8,8,13.936265301115977,1.063734698884022,0.9290843534077318,0.9954751402599726,1.0,1.0,False,main,False
11523,9,9,14.936265301115977,1.063734698884022,0.9335165813197486,0.9957768162843539,-1.0,-1.0,True,main,False
6901,1,1,6.7360697400101675,1.263930259989833,0.8420087175012709,0.9842595446220465,15.0,8.0,False,main,True
11853,1,1,6.59297302714916,1.4070269728508402,0.824121628393645,0.9784451985106031,16.0,8.0,False,main,True
10116,1,1,6.919987754454368,1.0800122455456314,0.864998469306796,0.9904722239987354,13.0,8.0,False,main,True
10116,2,2,7.919987754454368,1.0800122455456314,0.8799986393838187,0.9916644658309369,11.0,7.0,False,main,False
10116,3,3,8.919987754454368,1.0800122455456314,0.8919987754454368,0.9925914916447233,9.0,6.0,False,main,False
10116,4,4,9.919987754454368,1.0800122455456314,0.9018170685867607,0.9933329455483672,7.0,5.0,False,main,False
10116,5,5,10.919987754454368,1.0800122455456314,0.909998979537864,0.9939394822907203,5.0,4.0,False,main,False
10116,6,6,11.919987754454368,1.0800122455456314,0.9169221349580283,0.9944448573814733,4.0,3.0,False,main,False
10116,7,7,12.919987754454368,1.0800122455456314,0.922856268175312,0.9948724321486678,2.0,2.0,False,main,False
10116,8,8,13.919987754454368,1.0800122455456314,0.9279991836302912,0.9952388886873456,1.0,1.0,False,main,False
10116,9,9,14.919987754454368,1.0800122455456314,0.932499234653398,0.9955564577599368,-1.0,-1.0,True,main,False
2230,0,1,5.62378088657103,2.37621911342897,0.7029726108213787,0.9210706467858143,37.0,14.0,False,main,True
8372,0,1,5.72031947443109,2.27968052556891,0.7150399343038862,0.9279765331508145,34.0,14.0,False,main,True
8372,0,2,5.72031947443109,3.27968052556891,0.6355910527145655,0.8675621699430898,59.0,19.0,False,main,False
8372,0,3,5.72031947443109,4.27968052556891,0.572031947443109,0.8092560527572847,97.0,26.0,False,main,False
8372,0,4,5.72031947443109,5.27968052556891,0.5200290431300991,0.7557378126782474,158.0,35.0,False,main,True
8372,0,5,5.72031947443109,6.27968052556891,0.47669328953592416,0.7074750819191191,260.0,46.0,False,main,True
4878,0,1,5.734687906396865,2.265312093603135,0.7168359882996082,0.9289844784777224,34.0,14.0,False,main,True
3383,1,1,6.732113863410171,1.2678861365898295,0.8415142329262714,0.9841099373925412,15.0,8.0,False,main,True
8798,1,1,6.602577299268098,1.397422700731902,0.8253221624085123,0.9788607293581669,16.0,8.0,False,main,True
1569,1,1,6.754910649602314,1.2450893503976859,0.8443638312002892,0.9849631336442455,14.0,8.0,False,main,True
8028,0,1,5.8536275624236715,2.1463724375763285,0.7317034453029589,0.9371244572747238,31.0,13.0,False,main,True
8028,0,2,5.8536275624236715,3.1463724375763285,0.650403062491519,0.8778844246186697,53.0,19.0,False,main,False
8028,0,3,5.8536275624236715,4.1463724375763285,0.5853627562423671,0.8198491986970894,87.0,25.0,False,main,True
8028,0,4,5.8536275624236715,5.1463724375763285,0.5321479602203337,0.7662222021087962,141.0,34.0,False,main,True
8048,1,1,6.701874276313124,1.2981257236868768,0.8377342845391405,0.9829449632384261,15.0,8.0,False,main,True
8048,2,2,7.701874276313124,1.2981257236868768,0.8557638084792359,0.9851033012997535,12.0,7.0,False,main,False
8048,3,3,8.701874276313124,1.2981257236868768,0.8701874276313124,0.986776545943696,10.0,6.0,False,main,False
8048,4,4,9.701874276313124,1.2981257236868768,0.8819885705739203,0.9881117590787685,7.0,5.0,False,main,False
8048,5,5,10.701874276313124,1.2981257236868768,0.8918228563594269,0.9892020003577484,6.0,4.0,False,main,False
8048,6,6,11.701874276313124,1.2981257236868768,0.9001441751010095,0.9901090351956465,4.0,3.0,False,main,False
8048,7,7,12.701874276313124,1.2981257236868768,0.907276734022366,0.9908754713433099,2.0,2.0,False,main,False
8048,8,8,13.701874276313124,1.2981257236868768,0.9134582850875416,0.9915316530454746,1.0,1.0,False,main,False
8048,9,9,14.701874276313124,1.2981257236868768,0.9188671422695702,0.9920997775680799,-1.0,-1.0,True,main,False
4968,1,1,6.627086254256854,1.372913745743146,0.8283857817821068,0.9799049679606999,15.0,8.0,False,main,True
7575,1,1,6.888809760810666,1.1111902391893338,0.8611012201013333,0.9895243570126577,13.0,8.0,False,main,True
2859,0,1,5.792395528922675,2.207604471077325,0.7240494411153344,0.9329796604676647,33.0,14.0,False,main,True
9289,1,1,6.825312739583174,1.1746872604168264,0.8531640924478967,0.9874588989584488,14.0,8.0,False,main,True
1624,1,1,6.7978832481228935,1.202116751877106,0.8497354060153617,0.9865118170645227,14.0,8.0,False,main,True
7540,1,1,6.720392331908793,1.2796076680912067,0.8400490414885992,0.9836628346325983,15.0,8.0,False,main,True
1306,0,1,5.750386455167884,2.2496135448321164,0.7187983068959855,0.9300797473479585,34.0,14.0,False,main,True
6266,1,1,6.697545904926798,1.3024540950732018,0.8371932381158498,0.9827751478114313,15.0,8.0,False,main,True
6266,2,2,7.697545904926798,1.3024540950732018,0.8552828783251998,0.9849554527279454,12.0,7.0,False,main,False
6266,3,3,8.697545904926798,1.3024540950732018,0.8697545904926798,0.9866456288963635,10.0,6.0,False,main,False
6266,4,4,9.697545904926798,1.3024540950732018,0.8815950822660725,0.987994292284914,7.0,5.0,False,main,False
6266,5,5,10.697545904926798,1.3024540950732018,0.8914621587438999,0.9890954765248935,6.0,4.0,False,main,False
6266,6,6,11.697545904926798,1.3024540950732018,0.8998112234559076,0.9900115885636768,4.0,3.0,False,main,False
6266,7,7,12.697545904926798,1.3024540950732018,0.9069675646376284,0.9907856759639309,2.0,2.0,False,main,False
6266,8,8,13.697545904926798,1.3024540950732018,0.9131697269951199,0.9914483945862622,1.0,1.0,False,main,False
6266,9,9,14.697545904926798,1.3024540950732018,0.9185966190579249,0.9920221686614098,-1.0,-1.0,True,main,False
3394,1,1,6.598678665101596,1.4013213348984046,0.8248348331376995,0.9786924813802421,16.0,8.0,False,main,True
3394,2,2,7.598678665101596,1.4013213348984046,0.8442976294557328,0.9814029370044276,13.0,7.0,False,main,True
3394,3,3,8.598678665101595,1.4013213348984046,0.8598678665101595,0.9835013128495332,10.0,6.0,False,main,False
3394,4,4,9.598678665101595,1.4013213348984046,0.8726071513728723,0.9851739851708741,8.0,5.0,False,main,False
3394,5,5,10.598678665101595,1.4013213348984046,0.8832232220917996,0.9865386105379037,6.0,4.0,False,main,False
3394,6,6,11.598678665101595,1.4013213348984046,0.8922060511616612,0.9876731337534849,4.0,3.0,False,main,False
3394,7,7,12.598678665101595,1.4013213348984046,0.8999056189358282,0.9886312425274264,2.0,2.0,False,main,False
3394,8,8,13.598678665101595,1.4013213348984046,0.9065785776734396,0.9894511244787048,1.0,1.0,False,main,False
3394,9,9,14.598678665101595,1.4013213348984046,0.9124174165688497,0.9901606853144815,-1.0,-1.0,True,main,False
4045,1,1,6.792886682088222,1.2071133179117783,0.8491108352610277,0.9863357946367757,14.0,8.0,False,main,True
4326,1,1,6.70797697700012,1.2920230229998793,0.838497122125015,0.983183092760354,15.0,8.0,False,main,True
11634,0,1,5.783940185309012,2.216059814690988,0.7229925231636265,0.9323996340962657,33.0,14.0,False,main,True
11582,1,1,6.872512037130312,1.1274879628696879,0.859064004641289,0.9890113570357885,13.0,8.0,False,main,True
11582,2,2,7.872512037130312,1.1274879628696879,0.8747235596811458,0.9903898414907457,11.0,7.0,False,main,False
11582,3,3,8.872512037130312,1.1274879628696879,0.8872512037130311,0.9914609812533435,9.0,6.0,False,main,False
11582,4,4,9.872512037130312,1.1274879628696879,0.8975010942845738,0.9923172650180467,7.0,5.0,False,main,False
11582,5,5,10.872512037130312,1.1274879628696879,0.9060426697608593,0.9930174515040735,5.0,4.0,False,main,False
11582,6,6,11.872512037130312,1.1274879628696879,0.9132701567023317,0.9936006621375482,4.0,3.0,False,main,False
11582,7,7,12.872512037130312,1.1274879628696879,0.919465145509308,0.9940939525310167,2.0,2.0,False,main,False
11582,8,8,13.872512037130312,1.1274879628696879,0.9248341358086875,0.9945166314077117,1.0,1.0,False,main,False
11582,9,9,14.872512037130312,1.1274879628696879,0.9295320023206445,0.9948828482385031,-1.0,-1.0,True,main,False
4697,1,1,6.6622720603877585,1.337727939612242,0.8327840075484698,0.9813630019691388,15.0,8.0,False,main,True
10518,1,1,6.599309890375843,1.4006901096241573,0.8249137362969804,0.9787197619610687,16.0,8.0,False,main,True
10518,2,2,7.599309890375843,1.4006901096241573,0.8443677655973159,0.9814266625914486,13.0,7.0,False,main,False
10518,3,3,8.599309890375842,1.4006901096241573,0.8599309890375842,0.9835223038434192,10.0,6.0,False,main,False
10518,4,4,9.599309890375842,1.4006901096241573,0.8726645354887129,0.9851928071900693,8.0,5.0,False,main,False
10518,5,5,10.599309890375842,1.4006901096241573,0.8832758241979869,0.9865556700727142,6.0,4.0,False,main,False
10518,6,6,11.599309890375842,1.4006901096241573,0.8922546069519879,0.9876887327641913,4.0,3.0,False,main,False
10518,7,7,12.599309890375842,1.4006901096241573,0.8999507064554173,0.9886456114678416,2.0,2.0,False,main,False
10518,8,8,13.599309890375842,1.4006901096241573,0.9066206593583895,0.9894644432291783,1.0,1.0,False,main,False
10518,9,9,14.599309890375842,1.4006901096241573,0.9124568681484901,0.990173096975221,-1.0,-1.0,True,main,False
1007,1,1,6.912715456565617,1.0872845434343832,0.8640894320707021,0.9902550957703582,13.0,8.0,False,main,True
1007,2,2,7.912715456565617,1.0872845434343832,0.8791906062850685,0.9914749764621851,11.0,7.0,False,main,False
1007,3,3,8.912715456565618,1.0872845434343832,0.8912715456565617,0.9924233978264989,9.0,6.0,False,main,False
1007,4,4,9.912715456565618,1.0872845434343832,0.9011559505968744,0.9931819050630772,7.0,5.0,False,main,False
1007,5,5,10.912715456565618,1.0872845434343832,0.9093929547138014,0.9938023531941433,5.0,4.0,False,main,False
1007,6,6,11.912715456565618,1.0872845434343832,0.9163627274281244,0.9943192929040124,4.0,3.0,False,main,False
1007,7,7,12.912715456565618,1.0872845434343832,0.9223368183261156,0.9947566332175999,2.0,2.0,False,main,False
1007,8,8,13.912715456565618,1.0872845434343832,0.9275143637710411,0.9951314457830399,1.0,1.0,False,main,False
1007,9,9,14.912715456565618,1.0872845434343832,0.9320447160353511,0.9954562460119643,-1.0,-1.0,True,main,False
8144,1,1,6.597658783426784,1.4023412165732165,0.824707347928348,0.9786483713181484,16.0,8.0,False,main,True
8144,2,2,7.597658783426784,1.4023412165732165,0.8441843092696426,0.9813645753687291,13.0,7.0,False,main,False
8144,3,3,8.597658783426784,1.4023412165732165,0.8597658783426784,0.9834673729789056,10.0,6.0,False,main,False
8144,4,4,9.597658783426784,1.4023412165732165,0.8725144348569803,0.9851435524306669,8.0,5.0,False,main,False
8144,5,5,10.597658783426784,1.4023412165732165,0.883138231952232,0.9865110276236893,6.0,4.0,False,main,False
8144,6,6,11.597658783426784,1.4023412165732165,0.8921275987251372,0.9876479123952775,4.0,3.0,False,main,False
8144,7,7,12.597658783426784,1.4023412165732165,0.8998327702447703,0.9886080100855611,2.0,2.0,False,main,False
8144,8,8,13.597658783426784,1.4023412165732165,0.9065105855617855,0.9894295900926952,1.0,1.0,False,main,False
8144,9,9,14.597658783426784,1.4023412165732165,0.912353673964174,0.9901406175979767,-1.0,-1.0,True,main,False
8207,1,1,6.732251177726211,1.2677488222737883,0.8415313972157764,0.984115141365683,15.0,8.0,False,main,True
8207,2,2,7.732251177726211,1.2677488222737883,0.8591390197473568,0.9861223003193597,12.0,7.0,False,main,False
8207,3,3,8.732251177726212,1.2677488222737883,0.8732251177726212,0.9876789795852721,9.0,6.0,False,main,False
8207,4,4,9.732251177726212,1.2677488222737883,0.8847501070660193,0.9889215696059604,7.0,5.0,False,main,False
8207,5,5,10.732251177726212,1.2677488222737883,0.8943542648105177,0.9899364379405021,6.0,4.0,False,main,False
8207,6,6,11.732251177726212,1.2677488222737883,0.9024808598250933,0.9907809400709521,4.0,3.0,False,main,False
8207,7,7,12.732251177726212,1.2677488222737883,0.9094465126947294,0.9914946593291254,2.0,2.0,False,main,False
8207,8,8,13.732251177726212,1.2677488222737883,0.9154834118484142,0.9921057964393578,1.0,1.0,False,main,False
8207,9,9,14.732251177726212,1.2677488222737883,0.9207656986078883,0.9926349870383994,-1.0,-1.0,True,main,False
11095,1,1,6.811277914814357,1.1887220851856424,0.8514097393517946,0.9869783830213806,14.0,8.0,False,main,True
11095,2,2,7.811277914814357,1.1887220851856424,0.8679197683127063,0.9886171050425429,11.0,7.0,False,main,False
11095,3,3,8.811277914814358,1.1887220851856424,0.8811277914814358,0.9898893972605155,9.0,6.0,False,main,False
11095,4,4,9.811277914814358,1.1887220851856424,0.8919343558922144,0.9909058241719533,7.0,5.0,False,main,False
11095,5,5,10.811277914814358,1.1887220851856424,0.9009398262345298,0.991736527951218,5.0,4.0,False,main,False
11095,6,6,11.811277914814358,1.1887220851856424,0.9085598396011044,0.9924281564470663,4.0,3.0,False,main,False
11095,7,7,12.811277914814358,1.1887220851856424,0.915091279629597,0.9930129409126263,2.0,2.0,False,main,False
11095,8,8,13.811277914814358,1.1887220851856424,0.9207518609876238,0.9935138663662645,1.0,1.0,False,main,False
11095,9,9,14.811277914814358,1.1887220851856424,0.9257048696758974,0.9939477655602738,-1.0,-1.0,True,main,False
1278,0,1,5.685245598745227,2.314754401254773,0.7106556998431534,0.9254942882919377,35.0,14.0,False,main,True
7461,1,1,6.716463300458483,1.2835366995415167,0.8395579125573104,0.9835116978105282,15.0,8.0,False,main,True
10531,1,1,6.8039371477592425,1.196062852240757,0.8504921434699053,0.9867236477660771,14.0,8.0,False,main,True
10531,2,2,7.8039371477592425,1.196062852240757,0.8671041275288047,0.9883950603106012,11.0,7.0,False,main,False
10531,3,3,8.803937147759243,1.196062852240757,0.8803937147759242,0.989692603858952,9.0,6.0,False,main,False
10531,4,4,9.803937147759243,1.196062852240757,0.8912670134326585,0.9907291235634929,7.0,5.0,False,main,False
10531,5,5,10.803937147759243,1.196062852240757,0.9003280956466035,0.9915761962229455,5.0,4.0,False,main,False
10531,6,6,11.803937147759243,1.196062852240757,0.9079951652122494,0.9922814173635334,4.0,3.0,False,main,False
10531,7,7,12.803937147759243,1.196062852240757,0.9145669391256602,0.9928776694454552,2.0,2.0,False,main,False
10531,8,8,13.803937147759243,1.196062852240757,0.9202624765172829,0.9933883997656595,1.0,1.0,False,main,False
10531,9,9,14.803937147759243,1.196062852240757,0.9252460717349527,0.9938307783171481,-1.0,-1.0,True,main,False
4534,1,1,6.7355240657903925,1.2644759342096075,0.8419405082237991,0.9842389464334821,15.0,8.0,False,main,True
871,1,1,6.904901190856287,1.0950988091437126,0.8631126488570359,0.9900190918446294,13.0,8.0,False,main,True
871,2,2,7.904901190856287,1.0950988091437126,0.8783223545395874,0.9912690311834026,11.0,7.0,False,main,False
871,3,3,8.904901190856286,1.0950988091437126,0.8904901190856288,0.9922407177845097,9.0,6.0,False,main,False
871,4,4,9.904901190856286,1.0950988091437126,0.900445562805117,0.993017766422272,7.0,5.0,False,main,False
871,5,5,10.904901190856286,1.0950988091437126,0.9087417659046907,0.9936533384328993,5.0,4.0,False,main,False
871,6,6,11.904901190856286,1.0950988091437126,0.9157616300658683,0.9941828497525745,4.0,3.0,False,main,False
871,7,7,12.904901190856286,1.0950988091437126,0.9217786564897348,0.9946308052734558,2.0,2.0,False,main,False
871,8,8,13.904901190856286,1.0950988091437126,0.9269934127237525,0.9950147004011539,1.0,1.0,False,main,False
871,9,9,14.904901190856286,1.0950988091437126,0.931556324428518,0.9953473601547959,-1.0,-1.0,True,main,False
10591,1,1,6.587657173054306,1.4123428269456941,0.8234571466317883,0.9782136867995533,16.0,8.0,False,main,True
10591,2,2,7.587657173054306,1.4123428269456941,0.8430730192282563,0.9809865616933583,13.0,7.0,False,main,False
10591,3,3,8.587657173054307,1.4123428269456941,0.8587657173054305,0.9831329464418388,10.0,6.0,False,main,False
10591,4,4,9.587657173054307,1.4123428269456941,0.8716051975503915,0.9848436941723349,8.0,5.0,False,main,False
10591,5,5,10.587657173054307,1.4123428269456941,0.8823047644211921,0.9862392569890529,6.0,4.0,False,main,False
10591,6,6,11.587657173054307,1.4123428269456941,0.8913582440811004,0.9873994157708222,4.0,3.0,False,main,False
10591,7,7,12.587657173054307,1.4123428269456941,0.8991183695038789,0.9883791140842911,2.0,2.0,False,main,False
10591,8,8,13.587657173054307,1.4123428269456941,0.9058438115369537,0.989217427670342,1.0,1.0,False,main,False
10591,9,9,14.587657173054307,1.4123428269456941,0.9117285733158942,0.9899429080773772,-1.0,-1.0,True,main,False
10926,0,1,5.801339608246041,2.1986603917539598,0.7251674510307551,0.9335911977118726,32.0,14.0,False,main,True
10926,0,2,5.801339608246041,3.1986603917539598,0.6445932898051157,0.8738694576768837,55.0,19.0,False,main,False
10926,0,3,5.801339608246041,4.198660391753959,0.5801339608246041,0.815717951040787,91.0,26.0,False,main,False
10926,0,4,5.801339608246041,5.198660391753959,0.5273945098405491,0.7621279609208604,147.0,34.0,False,main,True
10926,0,5,5.801339608246041,6.198660391753959,0.48344496735383674,0.7136933334430933,239.0,45.0,False,main,True
1349,0,1,5.614041901317232,2.385958098682768,0.701755237664654,0.9203612238237499,37.0,14.0,False,main,True
9465,1,1,6.644309651585027,1.3556903484149738,0.8305387064481283,0.980624776658398,15.0,8.0,False,main,True
9465,2,2,7.644309651585027,1.3556903484149738,0.849367739065003,0.9830838396368632,12.0,7.0,False,main,False
9465,3,3,8.644309651585026,1.3556903484149738,0.8644309651585026,0.9849887513180972,10.0,6.0,False,main,False
9465,4,4,9.644309651585026,1.3556903484149738,0.876755422871366,0.986507922561441,8.0,5.0,False,main,False
9465,5,5,10.644309651585026,1.3556903484149738,0.8870258042987521,0.9877477807338562,6.0,4.0,False,main,False
9465,6,6,11.644309651585026,1.3556903484149738,0.895716127045002,0.9887788898310368,4.0,3.0,False,main,False
9465,7,7,12.644309651585026,1.3556903484149738,0.9031649751132161,0.9896498860960473,2.0,2.0,False,main,False
9465,8,8,13.644309651585026,1.3556903484149738,0.9096206434390017,0.990395383048139,1.0,1.0,False,main,False
9465,9,9,14.644309651585026,1.3556903484149738,0.9152693532240641,0.9910406862294461,-1.0,-1.0,True,main,False
3716,1,1,6.685899428102969,1.314100571897031,0.8357374285128711,0.9823144417598307,15.0,8.0,False,main,True
4290,0,1,5.7519833515929095,2.2480166484070905,0.7189979189491137,0.9301908093760558,34.0,14.0,False,main,True
4301,1,1,6.861386499051081,1.138613500948919,0.8576733123813851,0.9886543204265119,14.0,8.0,False,main,True
9602,1,1,6.806775406565954,1.193224593434046,0.8508469258207443,0.9868224159524832,14.0,8.0,False,main,True
9602,2,2,7.806775406565954,1.193224593434046,0.8674194896184394,0.9884811513268629,11.0,7.0,False,main,False
9602,3,3,8.806775406565954,1.193224593434046,0.8806775406565954,0.9897689030134722,9.0,6.0,False,main,False
9602,4,4,9.806775406565954,1.193224593434046,0.8915250369605413,0.9907976314835117,7.0,5.0,False,main,False
9602,5,5,10.806775406565954,1.193224593434046,0.9005646172138295,0.9916383570780256,5.0,4.0,False,main,False
9602,6,6,11.806775406565954,1.193224593434046,0.9082134928127658,0.9923383077630639,4.0,3.0,False,main,False
9602,7,7,12.806775406565954,1.193224593434046,0.9147696718975682,0.9929301134380117,2.0,2.0,False,main,False
9602,8,8,13.806775406565954,1.193224593434046,0.9204516937710636,0.9934370421192221,1.0,1.0,False,main,False
9602,9,9,14.806775406565954,1.193224593434046,0.9254234629103721,0.993876133015596,-1.0,-1.0,True,main,False
5705,1,1,6.747506333454093,1.2524936665459072,0.8434382916817617,0.9846883998412089,14.0,8.0,False,main,True
11247,0,1,5.722934998193101,2.277065001806899,0.7153668747741376,0.9281604005318109,34.0,14.0,False,main,True
11247,0,2,5.722934998193101,3.277065001806899,0.6358816664659002,0.8677674049196419,59.0,19.0,False,main,False
11247,0,3,5.722934998193101,4.277065001806899,0.5722934998193101,0.8094658030648649,97.0,26.0,False,main,False
11247,0,4,5.722934998193101,5.277065001806899,0.5202668180175546,0.7559449768666197,158.0,35.0,False,main,True
11247,0,5,5.722934998193101,6.277065001806899,0.47691124984942507,0.7076765258233169,259.0,46.0,False,main,True
444,1,1,6.692832612005558,1.3071673879944414,0.8366040765006948,0.9825893640471939,15.0,8.0,False,main,True
11448,0,1,5.609060391748293,2.3909396082517076,0.7011325489685366,0.9199974610753453,37.0,14.0,False,main,True
3684,1,1,6.629092994810202,1.3709070051897978,0.8286366243512753,0.9799894332324166,15.0,8.0,False,main,True
8400,1,1,6.669325735641389,1.3306742643586107,0.8336657169551737,0.9816493869282663,15.0,8.0,False,main,True
8400,2,2,7.669325735641389,1.3306742643586107,0.8521473039601544,0.983975491728305,12.0,7.0,False,main,False
8400,3,3,8.66932573564139,1.3306742643586107,0.866932573564139,0.9857780102863757,10.0,6.0,False,main,False
8400,4,4,9.66932573564139,1.3306742643586107,0.8790296123310355,0.987215895044612,8.0,5.0,False,main,False
8400,5,5,10.66932573564139,1.3306742643586107,0.8891104779701159,0.9883896542032619,6.0,4.0,False,main,False
8400,6,6,11.66932573564139,1.3306742643586107,0.8976404412031839,0.9893659574579856,4.0,3.0,False,main,False
8400,7,7,12.66932573564139,1.3306742643586107,0.9049518382600993,0.9901907737301833,2.0,2.0,False,main,False
8400,8,8,13.66932573564139,1.3306742643586107,0.9112883823760927,0.9908968281243338,1.0,1.0,False,main,False
8400,9,9,14.66932573564139,1.3306742643586107,0.9168328584775869,0.9915080516353165,-1.0,-1.0,True,main,False
11570,1,1,6.600556846225127,1.3994431537748726,0.8250696057781409,0.9787736084453457,16.0,8.0,False,main,True
8603,0,1,5.765802327694163,2.2341976723058368,0.7207252909617704,0.9311491790826891,33.0,14.0,False,main,True
5410,1,1,6.631821432373369,1.3681785676266314,0.8289776790466711,0.9801040226413742,15.0,8.0,False,main,True
5729,1,1,6.657481237981386,1.3425187620186136,0.8321851547476733,0.9811673592544474,15.0,8.0,False,main,True
6147,1,1,6.637835104911271,1.3621648950887297,0.8297293881139088,0.9803555557307679,15.0,8.0,False,main,True
11957,1,1,6.627206578240378,1.3727934217596218,0.8284008222800473,0.9799100369256412,15.0,8.0,False,main,True
11957,2,2,7.627206578240378,1.3727934217596218,0.8474673975822643,0.9824619903715434,12.0,7.0,False,main,True
11957,3,3,8.62720657824038,1.3727934217596218,0.8627206578240377,0.9844384083543617,10.0,6.0,False,main,False
11957,4,4,9.62720657824038,1.3727934217596218,0.8752005980218526,0.9860143277107024,8.0,5.0,False,main,False
11957,5,5,10.62720657824038,1.3727934217596218,0.8856005481866981,0.9873003194095614,6.0,4.0,False,main,False
11957,6,6,11.62720657824038,1.3727934217596218,0.8944005060184906,0.9883696720388633,4.0,3.0,False,main,False
11957,7,7,12.62720657824038,1.3727934217596218,0.9019433270171698,0.9892728871489819,2.0,2.0,False,main,False
11957,8,8,13.62720657824038,1.3727934217596218,0.9084804385493586,0.9900458983703889,1.0,1.0,False,main,False
11957,9,9,14.62720657824038,1.3727934217596218,0.9142004111400237,0.9907149718339204,-1.0,-1.0,True,main,False
4308,1,1,6.629072805570664,1.3709271944293357,0.828634100696333,0.9799885842355143,15.0,8.0,False,main,True
9606,0,1,5.663088015445921,2.336911984554079,0.7078860019307401,0.9239103383494012,36.0,14.0,False,main,True
9606,0,2,5.663088015445921,3.336911984554079,0.6292320017162134,0.8630444985978432,61.0,20.0,False,main,False
9606,0,3,5.663088015445921,4.336911984554079,0.5663088015445921,0.8046473659705555,101.0,27.0,False,main,True
9606,0,4,5.663088015445921,5.336911984554079,0.5148261832223565,0.7511901580292161,166.0,36.0,False,main,True
4078,1,1,6.643592545960452,1.3564074540395479,0.8304490682450565,0.9805950397052617,15.0,8.0,False,main,True
3784,1,1,6.765175626358338,1.2348243736416622,0.8456469532947922,0.9853401975779603,14.0,8.0,False,main,True
636,1,1,6.629716021379243,1.3702839786207561,0.8287145026724054,0.9800156248783268,15.0,8.0,False,main,True
1491,1,1,6.828088972337249,1.1719110276627511,0.8535111215421561,0.9875529323086331,14.0,8.0,False,main,True
1491,2,2,7.828088972337249,1.1719110276627511,0.8697876635930277,0.989117987620103,11.0,7.0,False,main,True
1491,3,3,8.828088972337248,1.1719110276627511,0.8828088972337248,0.9903333633713609,9.0,6.0,False,main,False
1491,4,4,9.828088972337248,1.1719110276627511,0.8934626338488407,0.9913044927332202,7.0,5.0,False,main,False
1491,5,5,10.828088972337248,1.1719110276627511,0.9023407476947707,0.992098288749258,5.0,4.0,False,main,False
1491,6,6,11.828088972337248,1.1719110276627511,0.9098529978720961,0.992759265497814,4.0,3.0,False,main,False
1491,7,7,12.828088972337248,1.1719110276627511,0.9162920694526606,0.9933181876070131,2.0,2.0,False,main,False
1491,8,8,13.828088972337248,1.1719110276627511,0.9218725981558166,0.9937969987449531,1.0,1.0,False,main,False
1491,9,9,14.828088972337248,1.1719110276627511,0.926755560771078,0.9942117718431337,-1.0,-1.0,True,main,False
11140,0,1,5.705896488662262,2.294103511337738,0.7132370610827827,0.926959524587742,35.0,14.0,False,main,True
11140,0,2,5.705896488662262,3.294103511337738,0.6339884987402513,0.8664284965275186,59.0,19.0,False,main,False
11140,0,3,5.705896488662262,4.294103511337738,0.5705896488662262,0.8080980422813331,98.0,27.0,False,main,True
11140,0,4,5.705896488662262,5.294103511337738,0.5187178626056602,0.7545943832701789,160.0,35.0,False,main,True
230,1,1,6.926190240533957,1.0738097594660432,0.8657737800667447,0.9906554943923139,13.0,8.0,False,main,True
4760,1,1,6.6109100130929175,1.3890899869070825,0.8263637516366147,0.9792183684611484,16.0,8.0,False,main,True
7485,0,1,5.625437875691074,2.374562124308926,0.7031797344613843,0.9211911178754381,37.0,14.0,False,main,True
8571,1,1,6.643277602956291,1.356722397043709,0.8304097003695364,0.9805819732320576,15.0,8.0,False,main,True
1968,1,1,6.624796526423722,1.3752034735762777,0.8280995658029653,0.9798083994101423,16.0,8.0,False,main,True
10570,0,1,5.610022478951445,2.3899775210485554,0.7012528098689306,0.9200677621213513,37.0,14.0,False,main,True
10570,0,2,5.610022478951445,3.3899775210485554,0.623335830994605,0.8588101330004191,64.0,20.0,False,main,False
10570,0,3,5.610022478951445,4.389977521048555,0.5610022478951444,0.8003417001852449,106.0,27.0,False,main,True
10570,0,4,5.610022478951445,5.389977521048555,0.5100020435410404,0.7469485912923597,175.0,37.0,False,main,True
11056,0,1,5.623884317683435,2.3761156823165646,0.7029855397104294,0.9210781686852031,37.0,14.0,False,main,True
11056,0,2,5.623884317683435,3.3761156823165646,0.6248760352981595,0.8599204428705229,63.0,20.0,False,main,False
11056,0,3,5.623884317683435,4.376115682316565,0.5623884317683435,0.8014694365015538,105.0,27.0,False,main,True
11056,0,4,5.623884317683435,5.376115682316565,0.5112622106984941,0.7480588929266694,173.0,36.0,False,main,True
5736,0,1,5.6895060885994395,2.3104939114005605,0.7111882610749299,0.925797453666598,35.0,14.0,False,main,True
8979,0,1,5.65168218021848,2.3483178197815198,0.70646027252731,0.9230902482840772,36.0,14.0,False,main,True
10477,0,1,5.613709562689753,2.3862904373102474,0.7017136953362191,0.9203369743594134,37.0,14.0,False,main,True
10477,0,2,5.613709562689753,3.3862904373102474,0.6237455069655281,0.8591057515844314,63.0,20.0,False,main,False
10477,0,3,5.613709562689753,4.386290437310247,0.5613709562689753,0.800641871824838,106.0,27.0,False,main,False
10477,0,4,5.613709562689753,5.386290437310247,0.5103372329717957,0.7472440780637568,174.0,36.0,False,main,True
10477,0,5,5.613709562689753,6.386290437310247,0.46780913022414605,0.6992240951682294,290.0,48.0,False,main,True
4356,1,1,6.71592623468181,1.2840737653181908,0.8394907793352262,0.9834909893234903,15.0,8.0,False,main,True
1558,1,1,6.773556789130887,1.2264432108691128,0.8466945986413609,0.9856447614800674,14.0,8.0,False,main,True
512,1,1,6.611274766273818,1.388725233726182,0.8264093457842272,0.9792339623342533,16.0,8.0,False,main,True
6064,1,1,6.744378998607891,1.255621001392109,0.8430473748259864,0.9845716717256515,14.0,8.0,False,main,True
6064,2,2,7.744378998607891,1.255621001392109,0.8604865554008767,0.9865199425034343,12.0,7.0,False,main,True
6064,3,3,8.74437899860789,1.255621001392109,0.8744378998607891,0.9880311972205392,9.0,6.0,False,main,False
6064,4,4,9.74437899860789,1.255621001392109,0.885852636237081,0.9892376809435016,7.0,5.0,False,main,False
6064,5,5,10.74437899860789,1.255621001392109,0.8953649165506575,0.990223159765045,5.0,4.0,False,main,False
6064,6,6,11.74437899860789,1.255621001392109,0.9034137691236839,0.9910432738827235,4.0,3.0,False,main,False
6064,7,7,12.74437899860789,1.255621001392109,0.9103127856148493,0.9917364297113113,2.0,2.0,False,main,False
6064,8,8,13.74437899860789,1.255621001392109,0.916291933240526,0.9923299935337171,1.0,1.0,False,main,False
6064,9,9,14.74437899860789,1.255621001392109,0.9215236874129932,0.9928439928743733,-1.0,-1.0,True,main,False
2918,0,1,5.747273569983697,2.252726430016303,0.7184091962479622,0.9298630634287277,34.0,14.0,False,main,True
6935,0,1,5.638453919626443,2.3615460803735573,0.7048067399533053,0.9221351143210342,36.0,14.0,False,main,True
11243,1,1,6.813758817999209,1.1862411820007908,0.8517198522499011,0.9870639460889162,14.0,8.0,False,main,True
11243,2,2,7.813758817999209,1.1862411820007908,0.8681954242221344,0.988691691692198,11.0,7.0,False,main,False
11243,3,3,8.813758817999208,1.1862411820007908,0.881375881799921,0.9899555045016,9.0,6.0,False,main,False
11243,4,4,9.813758817999208,1.1862411820007908,0.8921598925453826,0.9909651837321165,7.0,5.0,False,main,False
11243,5,5,10.813758817999208,1.1862411820007908,0.9011465681666008,0.9917903900847507,5.0,4.0,False,main,False
11243,6,6,11.813758817999208,1.1862411820007908,0.9087506783076315,0.9924774533170795,4.0,3.0,False,main,False
11243,7,7,12.813758817999208,1.1862411820007908,0.9152684869999436,0.99305838607918,2.0,2.0,False,main,False
11243,8,8,13.813758817999208,1.1862411820007908,0.9209172545332807,0.9935560181940143,1.0,1.0,False,main,False
11243,9,9,14.813758817999208,1.1862411820007908,0.9258599261249506,0.9939870691876725,-1.0,-1.0,True,main,False
10601,0,1,5.7314390442626655,2.268560955737334,0.7164298805328332,0.9287570277862648,34.0,14.0,False,main,True
10601,0,2,5.7314390442626655,3.268560955737334,0.6368265604736295,0.8684339566531357,58.0,19.0,False,main,False
10601,0,3,5.7314390442626655,4.268560955737334,0.5731439044262665,0.8101472529698788,96.0,26.0,False,main,True
10601,0,4,5.7314390442626655,5.268560955737334,0.5210399131147878,0.7566181418730924,156.0,35.0,False,main,True
5626,1,1,6.654837934175501,1.3451620658244992,0.8318547417719376,0.9810590239899736,15.0,8.0,False,main,True
1653,0,1,5.693290468035693,2.3067095319643065,0.7116613085044616,0.9260663605974166,35.0,14.0,False,main,True
11990,0,1,5.648592020709611,2.3514079792903897,0.7060740025887013,0.9228675111183022,36.0,14.0,False,main,True
7427,1,1,6.616294143928768,1.383705856071232,0.827036767991096,0.9794480265197327,16.0,8.0,False,main,True
12087,0,1,5.856830132720667,2.143169867279333,0.7321037665900834,0.9373385226082168,31.0,13.0,False,main,True
890,1,1,6.653566535612223,1.346433464387777,0.8316958169515278,0.9810068171831293,15.0,8.0,False,main,True
890,2,2,7.653566535612223,1.346433464387777,0.8503962817346914,0.9834162764242218,12.0,7.0,False,main,True
890,3,3,8.653566535612223,1.346433464387777,0.8653566535612223,0.9852829934889068,10.0,6.0,False,main,False
890,4,4,9.653566535612223,1.346433464387777,0.8775969577829293,0.9867718469526556,8.0,5.0,False,main,False
890,5,5,10.653566535612223,1.346433464387777,0.8877972113010185,0.9879870542402603,6.0,4.0,False,main,False
890,6,6,11.653566535612223,1.346433464387777,0.896428195047094,0.98899772570215,4.0,3.0,False,main,False
890,7,7,12.653566535612223,1.346433464387777,0.9038261811151588,0.9898515021048202,2.0,2.0,False,main,False
890,8,8,13.653566535612223,1.346433464387777,0.9102377690408149,0.9905822922862034,1.0,1.0,False,main,False
890,9,9,14.653566535612223,1.346433464387777,0.9158479084757639,0.9912148889215819,-1.0,-1.0,True,main,False
6739,0,1,5.723853936183017,2.276146063816982,0.7154817420228772,0.9282249595022211,34.0,14.0,False,main,True
878,0,1,5.590257402899015,2.409742597100985,0.6987821753623769,0.9186190009767,37.0,14.0,False,main,True
8309,1,1,6.839236015096315,1.160763984903685,0.8549045018870394,0.9879270908604881,14.0,8.0,False,main,True
8309,2,2,7.839236015096315,1.160763984903685,0.8710262238995905,0.9894442227928637,11.0,7.0,False,main,False
8309,3,3,8.839236015096315,1.160763984903685,0.8839236015096315,0.990622561595856,9.0,6.0,False,main,False
8309,4,4,9.839236015096315,1.160763984903685,0.8944760013723922,0.9915642083583655,7.0,5.0,False,main,False
8309,5,5,10.839236015096315,1.160763984903685,0.9032696679246929,0.9923339782573196,5.0,4.0,False,main,False
8309,6,6,11.839236015096315,1.160763984903685,0.9107104626997166,0.9929749986082143,4.0,3.0,False,main,False
8309,7,7,12.839236015096315,1.160763984903685,0.9170882867925939,0.9935170805742998,2.0,2.0,False,main,False
8309,8,8,13.839236015096315,1.160763984903685,0.9226157343397543,0.9939814906647195,1.0,1.0,False,main,False
8309,9,9,14.839236015096315,1.160763984903685,0.9274522509435197,0.9943838076189052,-1.0,-1.0,True,main,False
4002,0,1,5.786565617790169,2.2134343822098317,0.7233207022237711,0.9325799334878142,33.0,14.0,False,main,True
8233,0,1,5.692999176545602,2.307000823454398,0.7116248970682002,0.926045674976893,35.0,14.0,False,main,True
8233,0,2,5.692999176545602,3.307000823454398,0.6325554640606224,0.8654119814075137,60.0,20.0,False,main,False
8233,0,3,5.692999176545602,4.307000823454398,0.5692999176545601,0.8070605670198927,99.0,27.0,False,main,False
8233,0,4,5.692999176545602,5.307000823454398,0.5175453796859638,0.7535704044490896,162.0,35.0,False,main,False
8233,0,5,5.692999176545602,6.307000823454398,0.4744165980454668,0.7053681015517366,267.0,47.0,False,main,False
8233,0,6,5.692999176545602,7.307000823454398,0.4379230135804309,0.6621631180152627,451.0,61.0,False,main,True
8233,0,7,5.692999176545602,8.307000823454398,0.4066427983246858,0.623449141627433,796.0,78.0,False,main,True
8233,0,8,5.692999176545602,9.307000823454398,0.37953327843637347,0.5886891733407491,-1.0,101.0,False,main,True
8233,0,9,5.692999176545602,10.307000823454398,0.3558124485341001,0.5573826245207332,-1.0,130.0,False,main,True
1957,1,1,6.653058896930318,1.3469411030696823,0.8316323621162898,0.9809859543567437,15.0,8.0,False,main,True
1957,2,2,7.653058896930318,1.3469411030696823,0.850339877436702,0.9833981215384033,12.0,7.0,False,main,True
1957,3,3,8.653058896930318,1.3469411030696823,0.8653058896930318,0.9852669238856832,10.0,6.0,False,main,False
1957,4,4,9.653058896930318,1.3469411030696823,0.8775508088118471,0.9867574326978493,8.0,5.0,False,main,False
1957,5,5,10.653058896930318,1.3469411030696823,0.8877549080775265,0.9879739859937985,6.0,4.0,False,main,False
1957,6,6,11.653058896930318,1.3469411030696823,0.8963891459177168,0.9889857734571168,4.0,3.0,False,main,False
1957,7,7,12.653058896930318,1.3469411030696823,0.9037899212093085,0.989840490187891,2.0,2.0,False,main,False
1957,8,8,13.653058896930318,1.3469411030696823,0.9102039264620212,0.9905720834888878,1.0,1.0,False,main,False
1957,9,9,14.653058896930318,1.3469411030696823,0.9158161810581449,0.9912053740319018,-1.0,-1.0,True,main,False
3362,1,1,6.755745389153933,1.2442546108460668,0.8444681736442416,0.984993961936243,14.0,8.0,False,main,True
3990,1,1,6.823048644730358,1.1769513552696422,0.8528810805912947,0.9873819627944682,14.0,8.0,False,main,True
2604,0,1,5.670366190486222,2.329633809513778,0.7087957738107777,0.9244319663641759,35.0,14.0,False,main,True
5753,1,1,6.7905180079295935,1.2094819920704065,0.8488147509911992,0.9862519747230781,14.0,8.0,False,main,True
1165,1,1,6.9418558079991035,1.0581441920008963,0.8677319759998879,0.9911104868258628,13.0,8.0,False,main,True
5752,1,1,6.588510438531933,1.411489561468067,0.8235638048164916,0.9782509203026712,16.0,8.0,False,main,True
8733,1,1,6.629911940631828,1.3700880593681717,0.8287389925789785,0.980023858062654,15.0,8.0,False,main,True
8733,2,2,7.629911940631828,1.3700880593681717,0.8477679934035365,0.9825610111100512,12.0,7.0,False,main,False
8733,3,3,8.629911940631828,1.3700880593681717,0.8629911940631828,0.9845260375051138,10.0,6.0,False,main,False
8733,4,4,9.629911940631828,1.3700880593681717,0.8754465400574389,0.9860929173813738,8.0,5.0,False,main,False
8733,5,5,10.629911940631828,1.3700880593681717,0.8858259950526524,0.9873715610542034,6.0,4.0,False,main,False
8733,6,6,11.629911940631828,1.3700880593681717,0.8946086108178329,0.9884348227878168,4.0,3.0,False,main,False
8733,7,7,12.629911940631828,1.3700880593681717,0.9021365671879877,0.989332906832417,2.0,2.0,False,main,False
8733,8,8,13.629911940631828,1.3700880593681717,0.9086607960421219,0.9901015364405971,1.0,1.0,False,main,False
8733,9,9,14.629911940631828,1.3700880593681717,0.9143694962894893,0.9907668246764393,-1.0,-1.0,True,main,False
3237,0,1,5.8101844114018695,2.1898155885981305,0.7262730514252337,0.9341939022128666,32.0,14.0,False,main,True
4144,1,1,6.859474669050278,1.1405253309497223,0.8574343336312847,0.9885924106738876,14.0,8.0,False,main,True
4144,2,2,7.859474669050278,1.1405253309497223,0.8732749632278086,0.990024425810086,11.0,7.0,False,main,True
4144,3,3,8.859474669050279,1.1405253309497223,0.8859474669050277,0.9911369627007913,9.0,6.0,False,main,False
4144,4,4,9.859474669050279,1.1405253309497223,0.8963158790045707,0.9920262163634407,7.0,5.0,False,main,False
4144,5,5,10.859474669050279,1.1405253309497223,0.9049562224208564,0.992753281560803,5.0,4.0,False,main,False
4144,6,6,11.859474669050279,1.1405253309497223,0.9122672822346367,0.9933588252574677,4.0,3.0,False,main,False
4144,7,7,12.859474669050279,1.1405253309497223,0.9185339049321627,0.993870966437915,2.0,2.0,False,main,False
4144,8,8,13.859474669050279,1.1405253309497223,0.9239649779366852,0.9943097694762401,1.0,1.0,False,main,False
4144,9,9,14.859474669050279,1.1405253309497223,0.9287171668156424,0.9946899355856863,-1.0,-1.0,True,main,False
10062,0,1,5.599928768267287,2.4000712317327126,0.6999910960334109,0.9193290835293262,37.0,14.0,False,main,True
10062,0,2,5.599928768267287,3.4000712317327126,0.6222143075852542,0.8579997799504483,64.0,20.0,False,main,False
10062,0,3,5.599928768267287,4.400071231732713,0.5599928768267287,0.7995191864046055,107.0,27.0,False,main,False
10062,0,4,5.599928768267287,5.400071231732713,0.5090844334788444,0.7461390782782663,176.0,37.0,False,main,True
10062,0,5,5.599928768267287,6.400071231732713,0.4666607306889406,0.6981518284351336,295.0,48.0,False,main,True
9690,0,1,5.782974235320772,2.217025764679228,0.7228717794150965,0.9323332534862303,33.0,14.0,False,main,True
9690,0,2,5.782974235320772,3.217025764679228,0.6425526928134191,0.872448872165544,56.0,19.0,False,main,False
9690,0,3,5.782974235320772,4.217025764679228,0.5782974235320772,0.814259624529346,92.0,26.0,False,main,True
9690,0,4,5.782974235320772,5.217025764679228,0.5257249304837065,0.7606843748201405,150.0,34.0,False,main,True
5861,0,1,5.631865030481071,2.368134969518929,0.7039831288101339,0.9216577688540819,36.0,14.0,False,main,True
2673,1,1,6.6585749054001635,1.3414250945998365,0.8323218631750204,0.9812121017834295,15.0,8.0,False,main,True
11037,1,1,6.611928062131075,1.3880719378689252,0.8264910077663844,0.9792618790680244,16.0,8.0,False,main,True
11037,2,2,7.611928062131075,1.3880719378689252,0.8457697846812305,0.9818981691688162,13.0,7.0,False,main,False
11037,3,3,8.611928062131074,1.3880719378689252,0.8611928062131075,0.9839394877845404,10.0,6.0,False,main,False
11037,4,4,9.611928062131074,1.3880719378689252,0.8738116420119159,0.985566900112681,8.0,5.0,False,main,False
11037,5,5,10.611928062131074,1.3880719378689252,0.8843273385109228,0.9868947448991138,6.0,4.0,False,main,False
11037,6,6,11.611928062131074,1.3880719378689252,0.8932252355485442,0.987998787124901,4.0,3.0,False,main,False
11037,7,7,12.611928062131074,1.3880719378689252,0.9008520044379339,0.9889312231335422,2.0,2.0,False,main,False
11037,8,8,13.611928062131074,1.3880719378689252,0.9074618708087383,0.9897291856468079,1.0,1.0,False,main,False
11037,9,9,14.611928062131074,1.3880719378689252,0.9132455038831921,0.9904198131140646,-1.0,-1.0,True,main,False
1763,0,1,5.616562314413144,2.3834376855868564,0.702070289301643,0.9205450412277352,37.0,14.0,False,main,True
11481,1,1,6.70264489610925,1.2973551038907503,0.8378306120136563,0.9829751169809358,15.0,8.0,False,main,True
11481,2,2,7.70264489610925,1.2973551038907503,0.8558494329010278,0.9851295551675077,12.0,7.0,False,main,True
11481,3,3,8.70264489610925,1.2973551038907503,0.8702644896109251,0.9867997937285945,10.0,6.0,False,main,False
11481,4,4,9.70264489610925,1.2973551038907503,0.8820586269190227,0.988132618764274,7.0,5.0,False,main,False
11481,5,5,10.70264489610925,1.2973551038907503,0.8918870746757709,0.9892209170543365,6.0,4.0,False,main,False
11481,6,6,11.70264489610925,1.2973551038907503,0.9002034535468654,0.9901263401394138,4.0,3.0,False,main,False
11481,7,7,12.70264489610925,1.2973551038907503,0.9073317782935179,0.9908914176978256,2.0,2.0,False,main,False
11481,8,8,13.70264489610925,1.2973551038907503,0.9135096597406167,0.9915464386557873,1.0,1.0,False,main,False
11481,9,9,14.70264489610925,1.2973551038907503,0.9189153060068281,0.992113559986577,-1.0,-1.0,True,main,False
7015,1,1,6.697742611689916,1.3022573883100836,0.8372178264612395,0.9827828817712637,15.0,8.0,False,main,True
3656,1,1,6.858792813505754,1.1412071864942466,0.8573491016882192,0.9885702911587699,14.0,8.0,False,main,True
4828,1,1,6.8151449485130176,1.1848550514869824,0.8518931185641272,0.9871116355370716,14.0,8.0,False,main,True
1167,0,1,5.665604134128609,2.3343958658713913,0.7082005167660761,0.924090817213539,36.0,14.0,False,main,True
7877,1,1,6.846747557232856,1.1532524427671444,0.855843444654107,0.9881761379899676,14.0,8.0,False,main,True
7877,2,2,7.846747557232856,1.1532524427671444,0.8718608396925396,0.9896613933811589,11.0,7.0,False,main,False
7877,3,3,8.846747557232856,1.1532524427671444,0.8846747557232856,0.9908150922388641,9.0,6.0,False,main,False
7877,4,4,9.846747557232856,1.1532524427671444,0.8951588688393506,0.9917371219868474,7.0,5.0,False,main,False
7877,5,5,10.846747557232856,1.1532524427671444,0.9038956297694046,0.9924909036453949,5.0,4.0,False,main,False
7877,6,6,11.846747557232856,1.1532524427671444,0.9112882736332966,0.9931186427142842,4.0,3.0,False,main,False
7877,7,7,12.846747557232856,1.1532524427671444,0.9176248255166326,0.9936495164373055,2.0,2.0,False,main,False
7877,8,8,13.846747557232856,1.1532524427671444,0.9231165038155237,0.9941043410337,1.0,1.0,False,main,False
7877,9,9,14.846747557232856,1.1532524427671444,0.9279217223270535,0.9944983665744836,-1.0,-1.0,True,main,False
2608,1,1,6.739314871035009,1.2606851289649914,0.8424143588793761,0.9843817864028364,14.0,8.0,False,main,True
7743,1,1,6.617400415254606,1.3825995847453945,0.8271750519068257,0.9794950748556032,16.0,8.0,False,main,True
7743,2,2,7.617400415254606,1.3825995847453945,0.8463778239171784,0.9821010113108636,12.0,7.0,False,main,False
7743,3,3,8.617400415254606,1.3825995847453945,0.8617400415254606,0.9841189737928193,10.0,6.0,False,main,False
7743,4,4,9.617400415254606,1.3825995847453945,0.8743091286595096,0.9857278564654149,8.0,5.0,False,main,False
7743,5,5,10.617400415254606,1.3825995847453945,0.8847833679378838,0.9870406413886063,6.0,4.0,False,main,False
7743,6,6,11.617400415254606,1.3825995847453945,0.8936461857888158,0.9881322019710058,4.0,3.0,False,main,False
7743,7,7,12.617400415254606,1.3825995847453945,0.9012428868039004,0.9890541244464285,2.0,2.0,False,main,False
7743,8,8,13.617400415254606,1.3825995847453945,0.907826694350307,0.9898431099123578,1.0,1.0,False,main,False
7743,9,9,14.617400415254606,1.3825995847453945,0.9135875259534129,0.9905259828415469,-1.0,-1.0,True,main,False
5145,1,1,6.766617274418301,1.2333827255816994,0.8458271593022876,0.9853927976034771,14.0,8.0,False,main,True
512,2,2,7.611274766273818,1.388725233726182,0.8456971962526464,0.9818738869923764,13.0,7.0,False,main,True
512,3,3,8.611274766273818,1.388725233726182,0.8611274766273818,0.9839180021093492,10.0,6.0,False,main,False
512,4,4,9.611274766273818,1.388725233726182,0.8737522514794379,0.9855476329453535,8.0,5.0,False,main,False
512,5,5,10.611274766273818,1.388725233726182,0.8842728971894848,0.9868772807431334,6.0,4.0,False,main,False
512,6,6,11.611274766273818,1.388725233726182,0.8931749820210629,0.9879828172629204,4.0,3.0,False,main,False
512,7,7,12.611274766273818,1.388725233726182,0.9008053404481299,0.9889165119131673,2.0,2.0,False,main,False
512,8,8,13.611274766273818,1.388725233726182,0.9074183177515879,0.9897155491029044,1.0,1.0,False,main,False
512,9,9,14.611274766273818,1.388725233726182,0.9132046728921136,0.9904071048786771,-1.0,-1.0,True,main,False
8233,0,10,5.692999176545602,11.307000823454398,0.33488230450268247,0.5290860269875657,-1.0,168.0,False,main,True
3990,2,2,7.823048644730358,1.1769513552696422,0.869227627192262,0.9889689295858812,11.0,7.0,False,main,True
3990,3,3,8.823048644730358,1.1769513552696422,0.8823048644730358,0.9902012366074212,9.0,6.0,False,main,False
3990,4,4,9.823048644730358,1.1769513552696422,0.8930044222482144,0.9911858421226323,7.0,5.0,False,main,False
3990,5,5,10.823048644730358,1.1769513552696422,0.9019207203941965,0.9919906191048673,5.0,4.0,False,main,False
3990,6,6,11.823048644730358,1.1769513552696422,0.9094652803638736,0.9926607160425889,4.0,3.0,False,main,False
3990,7,7,12.823048644730358,1.1769513552696422,0.9159320460521684,0.9932273336747841,2.0,2.0,False,main,False
3990,8,8,13.823048644730358,1.1769513552696422,0.9215365763153572,0.9937127253546852,1.0,1.0,False,main,False
3990,9,9,14.823048644730358,1.1769513552696422,0.9264405402956474,0.9941331899953816,-1.0,-1.0,True,main,False
10348,0,5,5.740269468620394,6.259730531379606,0.47835578905169945,0.7090104143312148,254.0,46.0,False,main,True
6331,2,2,7.893359732887584,1.1066402671124167,0.8770399703208427,0.9909604525631076,11.0,7.0,False,main,False
6331,3,3,8.893359732887584,1.1066402671124167,0.8893359732887584,0.9919670210338761,9.0,6.0,False,main,False
6331,4,4,9.893359732887584,1.1066402671124167,0.8993963393534167,0.9927718648659378,7.0,5.0,False,main,False
6331,5,5,10.893359732887584,1.1066402671124167,0.907779977740632,0.9934301061882076,5.0,4.0,False,main,False
6331,6,6,11.893359732887584,1.1066402671124167,0.9148738256067372,0.9939784593546438,4.0,3.0,False,main,False
6331,7,7,12.893359732887584,1.1066402671124167,0.9209542666348274,0.9944423232430529,2.0,2.0,False,main,False
6331,8,8,13.893359732887584,1.1066402671124167,0.9262239821925056,0.9948398289167049,1.0,1.0,False,main,False
6331,9,9,14.893359732887584,1.1066402671124167,0.930834983305474,0.9951842657540961,-1.0,-1.0,True,main,False
11140,0,5,5.705896488662262,6.294103511337738,0.4754913740551885,0.7063633999150192,263.0,46.0,False,main,True
11853,2,2,7.59297302714916,1.4070269728508402,0.84366366968324,0.981187885550539,13.0,7.0,False,main,True
11853,3,3,8.59297302714916,1.4070269728508402,0.859297302714916,0.9833110530592438,10.0,6.0,False,main,False
11853,4,4,9.59297302714916,1.4070269728508402,0.87208845701356,0.9850033882212283,8.0,5.0,False,main,False
11853,5,5,10.59297302714916,1.4070269728508402,0.88274775226243,0.986383990773941,6.0,4.0,False,main,False
11853,6,6,11.59297302714916,1.4070269728508402,0.8917671559345508,0.987531753444956,4.0,3.0,False,main,False
11853,7,7,12.59297302714916,1.4070269728508402,0.8994980733677972,0.988501012352067,2.0,2.0,False,main,False
11853,8,8,13.59297302714916,1.4070269728508402,0.906198201809944,0.989330413679685,1.0,1.0,False,main,False
11853,9,9,14.59297302714916,1.4070269728508402,0.9120608141968225,0.9900481966163871,-1.0,-1.0,True,main,False
5626,2,2,7.654837934175501,1.3451620658244992,0.8505375482417223,0.9834617073637119,12.0,7.0,False,main,True
5626,3,3,8.6548379341755,1.3451620658244992,0.86548379341755,0.9853232064965226,10.0,6.0,False,main,False
5626,4,4,9.6548379341755,1.3451620658244992,0.8777125394705,0.9868079177814487,8.0,5.0,False,main,False
5626,5,5,10.6548379341755,1.3451620658244992,0.8879031611812916,0.9880197569154361,6.0,4.0,False,main,False
5626,6,6,11.6548379341755,1.3451620658244992,0.8965259949365769,0.9890276357516965,4.0,3.0,False,main,False
5626,7,7,12.6548379341755,1.3451620658244992,0.90391699529825,0.9898790591075941,2.0,2.0,False,main,False
5626,8,8,13.6548379341755,1.3451620658244992,0.9103225289450333,0.9906078395759387,1.0,1.0,False,main,False
5626,9,9,14.6548379341755,1.3451620658244992,0.9159273708859688,0.991238699779368,-1.0,-1.0,True,main,False
12132,2,2,7.634899182933602,1.3651008170663976,0.8483221314370669,0.9827429068511075,12.0,7.0,False,main,True
12132,3,3,8.634899182933601,1.3651008170663976,0.8634899182933602,0.9846870126482508,10.0,6.0,False,main,False
12132,4,4,9.634899182933601,1.3651008170663976,0.8758999257212365,0.9862372905799242,8.0,5.0,False,main,False
12132,5,5,10.634899182933601,1.3651008170663976,0.8862415985778002,0.9875024382067544,6.0,4.0,False,main,False
12132,6,6,11.634899182933601,1.3651008170663976,0.8949922448410462,0.9885545124271566,4.0,3.0,False,main,False
12132,7,7,12.634899182933601,1.3651008170663976,0.9024927987809716,0.9894431716388709,2.0,2.0,False,main,False
12132,8,8,13.634899182933601,1.3651008170663976,0.9089932788622401,0.9902037528077674,1.0,1.0,False,main,False
12132,9,9,14.634899182933601,1.3651008170663976,0.9146811989333501,0.9908620879273998,-1.0,-1.0,True,main,False
11247,0,6,5.722934998193101,7.277065001806899,0.440225769091777,0.6643904254972848,435.0,60.0,False,main,True
8372,0,6,5.72031947443109,7.27968052556891,0.4400245749562377,0.6641960282659681,436.0,60.0,False,main,True
5753,2,2,7.7905180079295935,1.2094819920704065,0.865613111992177,0.9879839644036772,11.0,7.0,False,main,False
5753,3,3,8.790518007929593,1.2094819920704065,0.8790518007929593,0.9893282902110523,9.0,6.0,False,main,False
5753,4,4,9.790518007929593,1.2094819920704065,0.8900470916299631,0.9904020291674328,7.0,5.0,False,main,False
5753,5,5,10.790518007929593,1.2094819920704065,0.8992098339941328,0.9912794191486322,5.0,4.0,False,main,False
5753,6,6,11.790518007929593,1.2094819920704065,0.9069629236868918,0.9920098130348783,4.0,3.0,False,main,False
5753,7,7,12.790518007929593,1.2094819920704065,0.9136084291378281,0.9926273006010352,2.0,2.0,False,main,False
5753,8,8,13.790518007929593,1.2094819920704065,0.9193678671953063,0.993156186033668,1.0,1.0,False,main,False
5753,9,9,14.790518007929593,1.2094819920704065,0.9244073754955996,0.9936142643455671,-1.0,-1.0,True,main,False
7599,2,2,7.712502626537843,1.2874973734621578,0.8569447362819825,0.9854635487319703,12.0,7.0,False,main,True
7599,3,3,8.712502626537843,1.2874973734621578,0.8712502626537842,0.9870955578978268,9.0,6.0,False,main,False
7599,4,4,9.712502626537843,1.2874973734621578,0.8829547842307129,0.9883980101685648,7.0,5.0,False,main,False
7599,5,5,10.712502626537843,1.2874973734621578,0.8927085522114869,0.9894615951766098,6.0,4.0,False,main,False
7599,6,6,11.712502626537843,1.2874973734621578,0.900961740502911,0.9903465169585529,4.0,3.0,False,main,False
7599,7,7,12.712502626537843,1.2874973734621578,0.9080359018955602,0.9910943126671976,2.0,2.0,False,main,False
7599,8,8,13.712502626537843,1.2874973734621578,0.9141668417691895,0.991734567905692,1.0,1.0,False,main,False
7599,9,9,14.712502626537843,1.2874973734621578,0.9195314141586152,0.9922889273235993,-1.0,-1.0,True,main,False
1968,2,2,7.624796526423722,1.3752034735762777,0.8471996140470802,0.9823735714568383,12.0,7.0,False,main,True
1968,3,3,8.624796526423722,1.3752034735762777,0.8624796526423723,0.9843601630270303,10.0,6.0,False,main,False
1968,4,4,9.624796526423722,1.3752034735762777,0.8749815024021566,0.985944155035393,8.0,5.0,False,main,False
1968,5,5,10.624796526423722,1.3752034735762777,0.8853997105353102,0.9872367086390792,6.0,4.0,False,main,False
1968,6,6,11.624796526423722,1.3752034735762777,0.8942151174172094,0.9883115003979674,4.0,3.0,False,main,False
1968,7,7,12.624796526423722,1.3752034735762777,0.9017711804588373,0.9892192974195619,2.0,2.0,False,main,False
1968,8,8,13.624796526423722,1.3752034735762777,0.9083197684282481,0.9899962212414373,1.0,1.0,False,main,False
1968,9,9,14.624796526423722,1.3752034735762777,0.9140497829014826,0.9906686747067153,-1.0,-1.0,True,main,False
7485,0,2,5.625437875691074,3.374562124308926,0.6250486528545638,0.8600446953716174,63.0,20.0,False,main,True
3656,2,2,7.858792813505754,1.1412071864942466,0.8731992015006393,0.9900051340509991,11.0,7.0,False,main,False
3656,3,3,8.858792813505755,1.1412071864942466,0.8858792813505753,0.9911198574453487,9.0,6.0,False,main,False
3656,4,4,9.858792813505755,1.1412071864942466,0.8962538921368867,0.992010852320182,7.0,5.0,False,main,False
3656,5,5,10.858792813505755,1.1412071864942466,0.9048994011254794,0.992739336921121,5.0,4.0,False,main,False
3656,6,6,11.858792813505755,1.1412071864942466,0.9122148318081348,0.993346059894747,4.0,3.0,False,main,False
3656,7,7,12.858792813505755,1.1412071864942466,0.9184852009646967,0.9938591964166498,2.0,2.0,False,main,False
3656,8,8,13.858792813505755,1.1412071864942466,0.9239195209003835,0.994298850786452,1.0,1.0,False,main,False
3656,9,9,14.858792813505755,1.1412071864942466,0.9286745508441097,0.9946797533662421,-1.0,-1.0,True,main,False
4760,2,2,7.6109100130929175,1.3890899869070825,0.8456566681214353,0.9818603234042647,13.0,7.0,False,main,True
4760,3,3,8.610910013092917,1.3890899869070825,0.8610910013092917,0.9839060006472831,10.0,6.0,False,main,False
4760,4,4,9.610910013092917,1.3890899869070825,0.8737190920993562,0.9855368707324367,8.0,5.0,False,main,False
4760,5,5,10.610910013092917,1.3890899869070825,0.8842425010910765,0.9868675256785159,6.0,4.0,False,main,False
4760,6,6,11.610910013092917,1.3890899869070825,0.8931469240840706,0.9879738968952589,4.0,3.0,False,main,False
4760,7,7,12.610910013092917,1.3890899869070825,0.9007792866494941,0.9889082946065746,2.0,2.0,False,main,False
4760,8,8,13.610910013092917,1.3890899869070825,0.9073940008728612,0.9897079320947074,1.0,1.0,False,main,False
4760,9,9,14.610910013092917,1.3890899869070825,0.9131818758183073,0.990400006408346,-1.0,-1.0,True,main,False
7540,2,2,7.720392331908793,1.2796076680912067,0.8578213702120882,0.9857283884894822,12.0,7.0,False,main,True
7540,3,3,8.720392331908794,1.2796076680912067,0.8720392331908794,0.9873301010370019,9.0,6.0,False,main,False
7540,4,4,9.720392331908794,1.2796076680912067,0.8836720301735267,0.9886084797444892,7.0,5.0,False,main,False
7540,5,5,10.720392331908794,1.2796076680912067,0.8933660276590661,0.9896524747893267,6.0,4.0,False,main,False
7540,6,6,11.720392331908794,1.2796076680912067,0.901568640916061,0.9905211439641356,4.0,3.0,False,main,False
7540,7,7,12.720392331908794,1.2796076680912067,0.9085994522791996,0.9912552383139548,2.0,2.0,False,main,False
7540,8,8,13.720392331908794,1.2796076680912067,0.9146928221272529,0.9918837863028164,1.0,1.0,False,main,False
7540,9,9,14.720392331908794,1.2796076680912067,0.9200245207442996,0.9924280266882693,-1.0,-1.0,True,main,False
10706,0,13,5.8557544873117555,14.144245512688244,0.29278772436558775,0.46778567357643486,-1.0,329.0,False,main,True
3663,2,2,7.594018353971755,1.405981646028245,0.8437798171079728,0.9812273652482268,13.0,7.0,False,main,True
3663,3,3,8.594018353971755,1.405981646028245,0.8594018353971755,0.9833459807663567,10.0,6.0,False,main,False
3663,4,4,9.594018353971755,1.405981646028245,0.872183486724705,0.9850347057687697,8.0,5.0,False,main,False
3663,5,5,10.594018353971755,1.405981646028245,0.8828348628309796,0.9864123749429411,6.0,4.0,False,main,False
3663,6,6,11.594018353971755,1.405981646028245,0.891847565690135,0.9875577069329977,4.0,3.0,False,main,False
3663,7,7,12.594018353971755,1.405981646028245,0.8995727395694111,0.9885249187845982,2.0,2.0,False,main,False
3663,8,8,13.594018353971755,1.405981646028245,0.9062678902647837,0.9893525724757368,1.0,1.0,False,main,False
3663,9,9,14.594018353971755,1.405981646028245,0.9121261471232347,0.9900688459598742,-1.0,-1.0,True,main,False
3716,2,2,7.685899428102969,1.314100571897031,0.8539888253447744,0.9845543773094908,12.0,7.0,False,main,True
3716,3,3,8.685899428102969,1.314100571897031,0.8685899428102969,0.9862905080013923,10.0,6.0,False,main,False
3716,4,4,9.685899428102969,1.314100571897031,0.8805363116457244,0.9876756727662611,8.0,5.0,False,main,False
3716,5,5,10.685899428102969,1.314100571897031,0.8904916190085808,0.9888065511752803,6.0,4.0,False,main,False
3716,6,6,11.685899428102969,1.314100571897031,0.8989153406233054,0.9897472926086992,4.0,3.0,False,main,False
3716,7,7,12.685899428102969,1.314100571897031,0.9061356734359264,0.9905421389732866,2.0,2.0,False,main,False
3716,8,8,13.685899428102969,1.314100571897031,0.9123932952068646,0.9912225922274006,1.0,1.0,False,main,False
3716,9,9,14.685899428102969,1.314100571897031,0.9178687142564356,0.9918116927822451,-1.0,-1.0,True,main,False
4356,2,2,7.71592623468181,1.2840737653181908,0.8573251371868678,0.9855787425143276,12.0,7.0,False,main,True
4356,3,3,8.71592623468181,1.2840737653181908,0.871592623468181,0.987197572075147,9.0,6.0,False,main,False
4356,4,4,9.71592623468181,1.2840737653181908,0.88326602133471,0.9884895522472358,7.0,5.0,False,main,False
4356,5,5,10.71592623468181,1.2840737653181908,0.8929938528901508,0.9895446157733059,6.0,4.0,False,main,False
4356,6,6,11.71592623468181,1.2840737653181908,0.9012250949755238,0.9904224679541422,4.0,3.0,False,main,False
4356,7,7,12.71592623468181,1.2840737653181908,0.908280445334415,0.9911643039200241,2.0,2.0,False,main,False
4356,8,8,13.71592623468181,1.2840737653181908,0.9143950823121206,0.9917994668816386,1.0,1.0,False,main,False
4356,9,9,14.71592623468181,1.2840737653181908,0.9197453896676131,0.992349424904452,-1.0,-1.0,True,main,False
5752,2,2,7.588510438531933,1.411489561468067,0.843167826503548,0.9810189393660323,13.0,7.0,False,main,True
5752,3,3,8.588510438531934,1.411489561468067,0.8588510438531933,0.9831615897004949,10.0,6.0,False,main,False
5752,4,4,9.588510438531934,1.411489561468067,0.8716827671392667,0.9848693759335175,8.0,5.0,False,main,False
5752,5,5,10.588510438531934,1.411489561468067,0.8823758698776611,0.9862625325904705,6.0,4.0,False,main,False
5752,6,6,11.588510438531934,1.411489561468067,0.8914238798870718,0.9874206976663817,4.0,3.0,False,main,False
5752,7,7,12.588510438531934,1.411489561468067,0.8991793170379953,0.9883987170075857,2.0,2.0,False,main,False
5752,8,8,13.588510438531934,1.411489561468067,0.905900695902129,0.9892355972549332,1.0,1.0,False,main,False
5752,9,9,14.588510438531934,1.411489561468067,0.9117819024082459,0.9899598397111352,-1.0,-1.0,True,main,False
2914,0,1,5.477818551099742,2.522181448900258,0.6847273188874677,0.9101998872892341,41.0,15.0,False,main,True
336,1,1,6.3192692494668625,1.680730750533138,0.7899086561833578,0.9651895592518881,19.0,9.0,False,main,True
3837,0,1,5.517918157776303,2.482081842223697,0.6897397697220379,0.9132367283784915,39.0,15.0,False,main,True
8262,1,1,6.273529024224021,1.726470975775979,0.7841911280280026,0.9627235828276206,19.0,9.0,False,main,True
8262,2,2,7.273529024224021,1.726470975775979,0.8081698915804467,0.9675405942307608,15.0,7.0,False,main,False
8262,3,3,8.273529024224022,1.726470975775979,0.8273529024224022,0.971253851045355,12.0,6.0,False,main,False
8262,4,4,9.273529024224022,1.726470975775979,0.8430480931112747,0.9742040425482001,9.0,5.0,False,main,False
8262,5,5,10.273529024224022,1.726470975775979,0.8561274186853352,0.9766046285956753,7.0,4.0,False,main,False
8262,6,6,11.273529024224022,1.726470975775979,0.8671945403249247,0.9785961952455045,5.0,3.0,False,main,False
8262,7,7,12.273529024224022,1.726470975775979,0.8766806445874301,0.9802751233289885,3.0,2.0,False,main,False
8262,8,8,13.273529024224022,1.726470975775979,0.8849019349482681,0.9817097043905801,1.0,1.0,False,main,False
8262,9,9,14.273529024224022,1.726470975775979,0.8920955640140014,0.9829496825910127,-1.0,-1.0,True,main,False
11627,0,1,5.239140849054114,2.7608591509458855,0.6548926061317643,0.8913642012275644,49.0,16.0,False,main,True
7338,1,1,6.425689695613663,1.5743103043863367,0.8032112119517079,0.9706575459741914,18.0,9.0,False,main,True
6720,0,1,5.280416154073853,2.7195838459261465,0.6600520192592316,0.8947125753614963,47.0,16.0,False,main,True
8374,0,1,5.228214137377812,2.7717858626221883,0.6535267671722265,0.8904715556118198,49.0,16.0,False,main,True
8374,0,2,5.228214137377812,3.7717858626221883,0.580912681930868,0.8270851909340562,87.0,23.0,False,main,False
8374,0,3,5.228214137377812,4.771785862622188,0.5228214137377811,0.7684511909580981,150.0,31.0,False,main,False
8374,0,4,5.228214137377812,5.771785862622188,0.4752921943070738,0.7157228298333258,259.0,42.0,False,main,False
8374,0,5,5.228214137377812,6.771785862622188,0.43568451144815096,0.6687319641821103,461.0,56.0,False,main,True
8374,0,6,5.228214137377812,7.771785862622188,0.4021703182598317,0.6269143066863102,866.0,74.0,False,main,True
8374,0,7,5.228214137377812,8.771785862622188,0.373443866955558,0.5896304066777985,-1.0,97.0,False,main,True
8374,0,8,5.228214137377812,9.771785862622188,0.3485476091585208,0.556277171248873,-1.0,128.0,False,main,True
5196,0,1,5.398188317465178,2.6018116825348225,0.6747735396831472,0.9040587597962734,43.0,15.0,False,main,True
4555,1,1,6.554937655228711,1.4450623447712887,0.8193672069035889,0.9767650763931097,16.0,8.0,False,main,True
4555,2,2,7.554937655228711,1.4450623447712887,0.8394375172476346,0.9797271041281711,13.0,7.0,False,main,False
4555,3,3,8.554937655228711,1.4450623447712887,0.8554937655228712,0.9820189091489557,10.0,6.0,False,main,False
4555,4,4,9.554937655228711,1.4450623447712887,0.8686306959298828,0.9838449494183238,8.0,5.0,False,main,False
4555,5,5,10.554937655228711,1.4450623447712887,0.8795781379357259,0.9853341659786229,6.0,4.0,False,main,False
4555,6,6,11.554937655228711,1.4450623447712887,0.8888413580945163,0.9865719118475027,4.0,3.0,False,main,False
4555,7,7,12.554937655228711,1.4450623447712887,0.8967812610877651,0.9876169400681416,2.0,2.0,False,main,False
4555,8,8,13.554937655228711,1.4450623447712887,0.9036625103485807,0.9885110193346885,1.0,1.0,False,main,False
4555,9,9,14.554937655228711,1.4450623447712887,0.9096836034517944,0.9892846588723667,-1.0,-1.0,True,main,False
833,0,1,5.401492568888269,2.5985074311117304,0.6751865711110336,0.9043164763768301,43.0,15.0,False,main,True
6221,0,1,5.585707833160825,2.414292166839175,0.6982134791451031,0.9182841859752817,38.0,14.0,False,main,True
10224,1,1,6.264786244103979,1.7352137558960214,0.7830982805129973,0.9622445325430297,19.0,9.0,False,main,True
10224,2,2,7.264786244103979,1.7352137558960214,0.8071984715671088,0.9671254695988476,15.0,8.0,False,main,False
10224,3,3,8.264786244103979,1.7352137558960214,0.8264786244103979,0.9708875723329474,12.0,6.0,False,main,False
10224,4,4,9.264786244103979,1.7352137558960214,0.8422532949185435,0.9738763097562404,9.0,5.0,False,main,False
10224,5,5,10.264786244103979,1.7352137558960214,0.8553988536753315,0.9763080923892904,7.0,4.0,False,main,False
10224,6,6,11.264786244103979,1.7352137558960214,0.8665220187772291,0.978325427152642,5.0,3.0,False,main,False
10224,7,7,12.264786244103979,1.7352137558960214,0.8760561602931414,0.980025999477899,3.0,2.0,False,main,False
10224,8,8,13.264786244103979,1.7352137558960214,0.8843190829402653,0.9814790181980879,1.0,1.0,False,main,False
10224,9,9,14.264786244103979,1.7352137558960214,0.8915491402564987,0.9827348913341792,-1.0,-1.0,True,main,False
1361,1,1,6.225969102521673,1.7740308974783265,0.7782461378152091,0.9600882080207318,20.0,9.0,False,main,True
3558,1,1,6.4775414909042714,1.5224585090957286,0.8096926863630339,0.9731801040599871,17.0,8.0,False,main,True
3558,2,2,7.4775414909042714,1.5224585090957286,0.8308379434338079,0.9766121215311298,13.0,7.0,False,main,True
3558,3,3,8.477541490904272,1.5224585090957286,0.8477541490904272,0.9792648516743021,11.0,6.0,False,main,False
3558,4,4,9.477541490904272,1.5224585090957286,0.8615946809912974,0.9813767978978405,8.0,5.0,False,main,False
3558,5,5,10.477541490904272,1.5224585090957286,0.8731284575753561,0.9830981034523577,6.0,4.0,False,main,False
3558,6,6,11.477541490904272,1.5224585090957286,0.8828878069926364,0.9845280176199369,4.0,3.0,False,main,False
3558,7,7,12.477541490904272,1.5224585090957286,0.8912529636360195,0.9857347824351747,2.0,2.0,False,main,False
3558,8,8,13.477541490904272,1.5224585090957286,0.8985027660602848,0.9867668678567868,1.0,1.0,False,main,False
3558,9,9,14.477541490904272,1.5224585090957286,0.904846343181517,0.9876596506895193,-1.0,-1.0,True,main,False
3954,0,1,5.564858322249505,2.4351416777504946,0.6956072902811882,0.9167434510597425,38.0,14.0,False,main,True
9808,0,1,5.303163809520211,2.6968361904797886,0.6628954761900264,0.8965419043207984,46.0,15.0,False,main,True
9808,0,2,5.303163809520211,3.6968361904797886,0.5892404232800235,0.833484233241033,81.0,22.0,False,main,False
9808,0,3,5.303163809520211,4.696836190479789,0.5303163809520212,0.7748368121361038,139.0,30.0,False,main,False
9808,0,4,5.303163809520211,5.696836190479789,0.4821058008654738,0.7219506446478949,238.0,41.0,False,main,True
9808,0,5,5.303163809520211,6.696836190479789,0.4419303174600176,0.6747415797276397,418.0,54.0,False,main,True
9808,0,6,5.303163809520211,7.696836190479789,0.4079356776554009,0.6326842179349397,769.0,72.0,False,main,True
9808,0,7,5.303163809520211,8.69683619047979,0.3787974149657294,0.5951579428956083,-1.0,94.0,False,main,True
1563,0,1,5.394835442811119,2.605164557188881,0.6743544303513899,0.9037969969839938,43.0,15.0,False,main,True
3986,0,1,5.350185224323787,2.649814775676213,0.6687731530404734,0.900286842471856,45.0,15.0,False,main,True
7848,0,1,5.265577155491215,2.734422844508785,0.6581971444364019,0.8935130958817754,48.0,16.0,False,main,True
7848,0,2,5.265577155491215,3.734422844508785,0.5850641283879128,0.8302854801692525,84.0,22.0,False,main,False
7848,0,3,5.265577155491215,4.734422844508785,0.5265577155491215,0.7716421032065045,144.0,31.0,False,main,True
7848,0,4,5.265577155491215,5.734422844508785,0.4786888323173832,0.7188334536748866,248.0,41.0,False,main,True
9592,1,1,6.20524505297468,1.7947549470253201,0.775655631621835,0.9589175539177374,20.0,9.0,False,main,True
9592,2,2,7.20524505297468,1.7947549470253201,0.8005827836638534,0.9642435406433204,16.0,8.0,False,main,False
9592,3,3,8.20524505297468,1.7947549470253201,0.820524505297468,0.9683454677764145,12.0,6.0,False,main,False
9592,4,4,9.20524505297468,1.7947549470253201,0.8368404593613346,0.9716022284995091,9.0,5.0,False,main,False
9592,5,5,10.20524505297468,1.7947549470253201,0.8504370877478901,0.9742508412100689,7.0,4.0,False,main,False
9592,6,6,11.20524505297468,1.7947549470253201,0.8619419271518984,0.9764472155500875,5.0,3.0,False,main,False
9592,7,7,12.20524505297468,1.7947549470253201,0.87180321806962,0.9782981328199262,3.0,2.0,False,main,False
9592,8,8,13.20524505297468,1.7947549470253201,0.880349670198312,0.9798791933851679,1.0,1.0,False,main,False
9592,9,9,14.20524505297468,1.7947549470253201,0.8878278158109175,0.9812454285884621,-1.0,-1.0,True,main,False
10321,1,1,6.198459067041287,1.801540932958713,0.7748073833801609,0.9585313240657248,20.0,9.0,False,main,True
10321,2,2,7.198459067041287,1.801540932958713,0.7998287852268097,0.9639090985489656,16.0,8.0,False,main,False
10321,3,3,8.198459067041288,1.801540932958713,0.8198459067041288,0.9680505420726248,12.0,6.0,False,main,False
10321,4,4,9.198459067041288,1.801540932958713,0.836223551549208,0.9713384537768638,9.0,5.0,False,main,False
10321,5,5,10.198459067041288,1.801540932958713,0.8498715889201073,0.9740122573993685,7.0,4.0,False,main,False
10321,6,6,11.198459067041288,1.801540932958713,0.8614199282339452,0.976229425495506,5.0,3.0,False,main,False
10321,7,7,12.198459067041288,1.801540932958713,0.8713185047886635,0.9780977992746751,3.0,2.0,False,main,False
10321,8,8,13.198459067041288,1.801540932958713,0.8798972711360858,0.9796937234434283,1.0,1.0,False,main,False
10321,9,9,14.198459067041288,1.801540932958713,0.8874036916900805,0.9810727675001641,-1.0,-1.0,True,main,False
7366,1,1,6.3241958065146715,1.6758041934853287,0.7905244758143339,0.9654510841327206,19.0,9.0,False,main,True
3536,0,1,5.458366810385776,2.5416331896142235,0.682295851298222,0.9087132499111765,41.0,15.0,False,main,True
11729,1,1,6.22795199934254,1.7720480006574593,0.7784939999178175,0.9601995132194118,20.0,9.0,False,main,True
6851,1,1,6.201243736274766,1.7987562637252337,0.7751554670343458,0.9586899884382712,20.0,9.0,False,main,True
7895,0,1,5.373164115951299,2.6268358840487003,0.6716455144939124,0.9020989401416178,44.0,15.0,False,main,True
7895,0,2,5.373164115951299,3.6268358840487003,0.5970182351057,0.8393858750363007,77.0,21.0,False,main,False
7895,0,3,5.373164115951299,4.626835884048701,0.5373164115951299,0.7807455801557341,130.0,30.0,False,main,False
7895,0,4,5.373164115951299,5.626835884048701,0.48846946508648176,0.7277238377783009,221.0,40.0,False,main,True
7895,0,5,5.373164115951299,6.626835884048701,0.44776367632927494,0.6803187729689589,383.0,53.0,False,main,True
9026,1,1,6.575368084959568,1.4246319150404316,0.821921010619946,0.9776743573776885,16.0,8.0,False,main,True
9026,2,2,7.575368084959568,1.4246319150404316,0.8417075649955076,0.9805176028847381,13.0,7.0,False,main,False
9026,3,3,8.575368084959567,1.4246319150404316,0.8575368084959567,0.9827180995590916,10.0,6.0,False,main,False
9026,4,4,9.575368084959567,1.4246319150404316,0.870488007723597,0.9844717552557971,8.0,5.0,False,main,False
9026,5,5,10.575368084959567,1.4246319150404316,0.8812806737466307,0.9859021771766471,6.0,4.0,False,main,False
9026,6,6,11.575368084959567,1.4246319150404316,0.8904129296122745,0.9870912177819382,4.0,3.0,False,main,False
9026,7,7,12.575368084959567,1.4246319150404316,0.898240577497112,0.9880952372214167,2.0,2.0,False,main,False
9026,8,8,13.575368084959567,1.4246319150404316,0.9050245389973045,0.9889543128139567,1.0,1.0,False,main,False
9026,9,9,14.575368084959567,1.4246319150404316,0.910960505309973,0.9896977243287118,-1.0,-1.0,True,main,False
2718,1,1,6.4607590957218655,1.539240904278135,0.8075948869652332,0.972374073249997,17.0,8.0,False,main,True
7162,1,1,6.429239873347712,1.5707601266522877,0.803654984168464,0.9708332790020141,17.0,9.0,False,main,True
1747,0,1,5.197864999544169,2.8021350004558307,0.6497331249430212,0.8879786060812128,50.0,16.0,False,main,True
6611,1,1,6.381108683359588,1.6188913166404126,0.7976385854199485,0.968413680365741,18.0,9.0,False,main,True
7285,1,1,6.2964601844262456,1.7035398155737544,0.7870575230532807,0.9639683678805544,19.0,9.0,False,main,True
2816,1,1,6.3798599962117635,1.6201400037882365,0.7974824995264704,0.9683498500303708,18.0,9.0,False,main,True
560,0,1,5.535139888200666,2.4648601117993345,0.6918924860250832,0.9145293690789309,39.0,14.0,False,main,True
2327,0,1,5.563156642362028,2.436843357637972,0.6953945802952535,0.9166172407042308,38.0,14.0,False,main,True
739,0,1,5.569023812730605,2.430976187269395,0.6961279765913256,0.9170521052501228,38.0,14.0,False,main,True
5010,1,1,6.513720488351508,1.4862795116484926,0.8142150610439385,0.9748832298413448,17.0,8.0,False,main,True
11655,0,1,5.463120373506375,2.536879626493625,0.6828900466882969,0.9090773606671115,41.0,15.0,False,main,True
11150,1,1,6.222819577061115,1.7771804229388857,0.7778524471326393,0.9599111633752264,20.0,9.0,False,main,True
11150,2,2,7.222819577061115,1.7771804229388857,0.8025355085623461,0.9651040372988451,16.0,8.0,False,main,False
11150,3,3,8.222819577061115,1.7771804229388857,0.8222819577061115,0.9691043677950818,12.0,6.0,False,main,False
11150,4,4,9.222819577061115,1.7771804229388857,0.8384381433691922,0.9722810241264909,9.0,5.0,False,main,False
11150,5,5,10.222819577061115,1.7771804229388857,0.8519016314217596,0.9748648490725988,7.0,4.0,False,main,False
11150,6,6,11.222819577061115,1.7771804229388857,0.8632938136200857,0.9770077381839565,5.0,3.0,False,main,False
11150,7,7,12.222819577061115,1.7771804229388857,0.873058541218651,0.9788137498194774,3.0,2.0,False,main,False
11150,8,8,13.222819577061115,1.7771804229388857,0.8815213051374077,0.9803565716892778,1.0,1.0,False,main,False
11150,9,9,14.222819577061115,1.7771804229388857,0.8889262235663197,0.9816898520427438,-1.0,-1.0,True,main,False
3198,0,1,5.34251488892322,2.65748511107678,0.6678143611154025,0.8996793234771887,45.0,15.0,False,main,True
5688,1,1,6.491006284109073,1.5089937158909275,0.8113757855136341,0.9738194957018489,17.0,8.0,False,main,True
5688,2,2,7.491006284109073,1.5089937158909275,0.8323340315676747,0.9771674976424363,13.0,7.0,False,main,True
5688,3,3,8.491006284109073,1.5089937158909275,0.8491006284109073,0.9797557496424845,11.0,6.0,False,main,False
5688,4,4,9.491006284109073,1.5089937158909275,0.8628187531008248,0.9818166444729971,8.0,5.0,False,main,False
5688,5,5,10.491006284109073,1.5089937158909275,0.8742505236757561,0.9834965240970218,6.0,4.0,False,main,False
5688,6,6,11.491006284109073,1.5089937158909275,0.8839235603160825,0.9848921485014144,4.0,3.0,False,main,False
5688,7,7,12.491006284109073,1.5089937158909275,0.8922147345792195,0.9860700610803268,2.0,2.0,False,main,False
5688,8,8,13.491006284109073,1.5089937158909275,0.8994004189406049,0.9870775328586181,1.0,1.0,False,main,False
5688,9,9,14.491006284109073,1.5089937158909275,0.905687892756817,0.9879490701806366,-1.0,-1.0,True,main,False
4701,1,1,6.315804658554665,1.684195341445335,0.7894755823193331,0.9650051638700567,19.0,9.0,False,main,True
3086,1,1,6.24522188776372,1.7547781122362802,0.780652735970465,0.961163683000243,20.0,9.0,False,main,True
3086,2,2,7.24522188776372,1.7547781122362802,0.8050246541959689,0.9661889973617709,15.0,8.0,False,main,False
3086,3,3,8.24522188776372,1.7547781122362802,0.824522188776372,0.9700613873911634,12.0,6.0,False,main,False
3086,4,4,9.24522188776372,1.7547781122362802,0.840474717069429,0.9731371369559172,9.0,5.0,False,main,False
3086,5,5,10.24522188776372,1.7547781122362802,0.8537684906469766,0.9756393294548363,7.0,4.0,False,main,False
3086,6,6,11.24522188776372,1.7547781122362802,0.8650170682895169,0.9777148140912835,5.0,3.0,False,main,False
3086,7,7,12.24522188776372,1.7547781122362802,0.8746587062688371,0.9794642245397717,3.0,2.0,False,main,False
3086,8,8,13.24522188776372,1.7547781122362802,0.8830147925175813,0.9809588420705917,1.0,1.0,False,main,False
3086,9,9,14.24522188776372,1.7547781122362802,0.8903263679852325,0.9822505742537169,-1.0,-1.0,True,main,False
8854,1,1,6.311555383137257,1.6884446168627423,0.7889444228921572,0.9647784669696117,19.0,9.0,False,main,True
7570,1,1,6.436758072564925,1.5632419274350746,0.8045947590706156,0.971203974172847,17.0,9.0,False,main,True
3207,0,1,5.501518979041641,2.4984810209583586,0.6876898723802052,0.9119993311259871,40.0,15.0,False,main,True
10802,0,1,5.543613310171822,2.456386689828178,0.6929516637714778,0.9151627965831226,39.0,14.0,False,main,True
10802,0,2,5.543613310171822,3.456386689828178,0.6159570344635358,0.8534499079513594,67.0,20.0,False,main,False
10802,0,3,5.543613310171822,4.456386689828178,0.5543613310171822,0.7949095515697229,112.0,28.0,False,main,False
10802,0,4,5.543613310171822,5.456386689828178,0.5039648463792565,0.741606666326919,186.0,37.0,False,main,True
10802,0,5,5.543613310171822,6.456386689828178,0.46196777584765186,0.6937563663745204,313.0,49.0,False,main,True
10802,0,6,5.543613310171822,7.456386689828178,0.4264317930901402,0.6509712658047573,544.0,65.0,False,main,True
6229,1,1,6.526199224239408,1.4738007757605929,0.815774903029926,0.9754596011492666,16.0,8.0,False,main,True
6229,2,2,7.526199224239408,1.4738007757605929,0.836244358248823,0.9785924715677162,13.0,7.0,False,main,False
6229,3,3,8.526199224239408,1.4738007757605929,0.8526199224239408,0.9810155391321596,10.0,6.0,False,main,False
6229,4,4,9.526199224239408,1.4738007757605929,0.8660181112944916,0.9829455982206533,8.0,5.0,False,main,False
6229,5,5,10.526199224239408,1.4738007757605929,0.8771832686866173,0.9845192791607124,6.0,4.0,False,main,False
6229,6,6,11.526199224239408,1.4738007757605929,0.8866307095568775,0.9858269780296205,4.0,3.0,False,main,False
6229,7,7,12.526199224239408,1.4738007757605929,0.8947285160171006,0.9869308933435355,2.0,2.0,False,main,False
6229,8,8,13.526199224239408,1.4738007757605929,0.9017466149492939,0.9878752281069487,1.0,1.0,False,main,False
6229,9,9,14.526199224239408,1.4738007757605929,0.907887451514963,0.9886922603945888,-1.0,-1.0,True,main,False
150,1,1,6.165370934708949,1.8346290652910515,0.7706713668386186,0.9566277591414831,21.0,9.0,False,main,True
11742,1,1,6.394064285996228,1.6059357140037724,0.7992580357495285,0.9690728076950578,18.0,9.0,False,main,True
11742,2,2,7.394064285996228,1.6059357140037724,0.8215626984440253,0.9730464234185038,14.0,7.0,False,main,True
11742,3,3,8.394064285996228,1.6059357140037724,0.8394064285996228,0.9761143954130203,11.0,6.0,False,main,False
11742,4,4,9.394064285996228,1.6059357140037724,0.8540058441814753,0.9785548669215485,9.0,5.0,False,main,False
11742,5,5,10.394064285996228,1.6059357140037724,0.866172023833019,0.9805425977582772,6.0,4.0,False,main,False
11742,6,6,11.394064285996228,1.6059357140037724,0.8764664835381714,0.9821929359989005,4.0,3.0,False,main,False
11742,7,7,12.394064285996228,1.6059357140037724,0.8852903061425877,0.9835850974499497,2.0,2.0,False,main,False
11742,8,8,13.394064285996228,1.6059357140037724,0.8929376190664152,0.9847752908432722,1.0,1.0,False,main,False
11742,9,9,14.394064285996228,1.6059357140037724,0.8996290178747642,0.9858045074921272,-1.0,-1.0,True,main,False
5622,1,1,6.4059951620236735,1.5940048379763263,0.8007493952529592,0.969674716418929,18.0,9.0,False,main,True
969,1,1,6.2837487142962,1.7162512857037995,0.785468589287025,0.963280443583882,19.0,9.0,False,main,True
380,0,1,5.339943922847092,2.660056077152908,0.6674929903558865,0.8994753983810851,45.0,15.0,False,main,True
5549,0,1,5.286577307686886,2.7134226923131144,0.6608221634608608,0.8952091742981351,47.0,15.0,False,main,True
2679,0,1,5.531277240584609,2.46872275941539,0.6914096550730762,0.9142400536265103,39.0,14.0,False,main,True
759,1,1,6.160170129663337,1.8398298703366631,0.7700212662079171,0.9563255105657767,21.0,9.0,False,main,True
6579,1,1,6.399903829349514,1.6000961706504864,0.7999879786686892,0.9693680219417535,18.0,9.0,False,main,True
10368,1,1,6.571210345377672,1.428789654622328,0.821401293172209,0.9774905888354162,16.0,8.0,False,main,True
10368,2,2,7.571210345377672,1.428789654622328,0.8412455939308524,0.9803578263903255,13.0,7.0,False,main,False
10368,3,3,8.571210345377672,1.428789654622328,0.8571210345377672,0.9825767688635821,10.0,6.0,False,main,False
10368,4,4,9.571210345377672,1.428789654622328,0.8701100313979702,0.9843450492800436,8.0,5.0,False,main,False
10368,5,5,10.571210345377672,1.428789654622328,0.8809341954481393,0.9857873513646018,6.0,4.0,False,main,False
10368,6,6,11.571210345377672,1.428789654622328,0.8900931034905901,0.9869862342470355,4.0,3.0,False,main,False
10368,7,7,12.571210345377672,1.428789654622328,0.8979435960984051,0.9879985412240466,2.0,2.0,False,main,False
10368,8,8,13.571210345377672,1.428789654622328,0.9047473563585114,0.9888646911680159,1.0,1.0,False,main,False
10368,9,9,14.571210345377672,1.428789654622328,0.9107006465861045,0.9896142121524056,-1.0,-1.0,True,main,False
11922,1,1,6.224445181560479,1.7755548184395211,0.7780556476950599,0.9600025825026147,20.0,9.0,False,main,True
11027,0,1,5.333141957038262,2.6668580429617377,0.6666427446297828,0.8989351635101475,45.0,15.0,False,main,True
11027,0,2,5.333141957038262,3.6668580429617377,0.5925713285598069,0.8360205402670297,79.0,22.0,False,main,False
11027,0,3,5.333141957038262,4.666858042961738,0.5333141957038262,0.7773738167484852,135.0,30.0,False,main,True
11027,0,4,5.333141957038262,5.666858042961738,0.4848310870034784,0.7244281799114596,231.0,40.0,False,main,True
6174,0,1,5.480825920625201,2.5191740793747983,0.6851032400781502,0.9104289466086477,41.0,15.0,False,main,True
5086,1,1,6.294682587995151,1.7053174120048489,0.7868353234993939,0.9638724824990279,19.0,9.0,False,main,True
4683,1,1,6.299628138868983,1.7003718611310168,0.7874535173586229,0.9641389957635796,19.0,9.0,False,main,True
3956,1,1,6.531651312993416,1.4683486870065838,0.816456414124177,0.9757096239773271,16.0,8.0,False,main,True
3956,2,2,7.531651312993416,1.4683486870065838,0.8368501458881573,0.9788097473923456,13.0,7.0,False,main,True
3956,3,3,8.531651312993416,1.4683486870065838,0.8531651312993416,0.9812076605012949,10.0,6.0,False,main,False
3956,4,4,9.531651312993416,1.4683486870065838,0.8665137557266742,0.98311778952983,8.0,5.0,False,main,False
3956,5,5,10.531651312993416,1.4683486870065838,0.877637609416118,0.9846752893311574,6.0,4.0,False,main,False
3956,6,6,11.531651312993416,1.4683486870065838,0.8870501009994936,0.9859695885879038,4.0,3.0,False,main,False
3956,7,7,12.531651312993416,1.4683486870065838,0.8951179509281012,0.9870622250474794,2.0,2.0,False,main,False
3956,8,8,13.531651312993416,1.4683486870065838,0.9021100875328945,0.9879969349610728,1.0,1.0,False,main,False
3956,9,9,14.531651312993416,1.4683486870065838,0.9082282070620885,0.988805657303283,-1.0,-1.0,True,main,False
11329,0,1,5.480276255877965,2.519723744122035,0.6850345319847456,0.9103870965719473,41.0,15.0,False,main,True
11521,0,1,5.399250401490564,2.6007495985094358,0.6749063001863205,0.9041416246124164,43.0,15.0,False,main,True
3375,0,1,5.350086749381892,2.6499132506181082,0.6687608436727365,0.9002790512545985,45.0,15.0,False,main,True
90,1,1,6.32812684431352,1.6718731556864799,0.79101585553919,0.9656591877459665,19.0,9.0,False,main,True
90,2,2,7.32812684431352,1.6718731556864799,0.8142363160348355,0.970085346378429,15.0,7.0,False,main,True
90,3,3,8.32812684431352,1.6718731556864799,0.8328126844313519,0.9734997575658989,11.0,6.0,False,main,False
90,4,4,9.32812684431352,1.6718731556864799,0.8480115313012291,0.9762140046874637,9.0,5.0,False,main,False
90,5,5,10.32812684431352,1.6718731556864799,0.8606772370261266,0.9784235592540141,7.0,4.0,False,main,False
90,6,6,11.32812684431352,1.6718731556864799,0.8713943726395015,0.9802572867792251,4.0,3.0,False,main,False
90,7,7,12.32812684431352,1.6718731556864799,0.8805804888795371,0.9818036022785026,3.0,2.0,False,main,False
90,8,8,13.32812684431352,1.6718731556864799,0.8885417896209014,0.9831251932245809,1.0,1.0,False,main,False
90,9,9,14.32812684431352,1.6718731556864799,0.895507927769595,0.9842677461024152,-1.0,-1.0,True,main,False
2740,1,1,6.276545683117309,1.7234543168826906,0.7845682103896636,0.962888307558662,19.0,9.0,False,main,True
1875,1,1,6.452559475254793,1.5474405247452068,0.8065699344068491,0.9719766134310494,17.0,8.0,False,main,True
9111,1,1,6.239586497074362,1.7604135029256376,0.7799483121342953,0.9608500963101406,20.0,9.0,False,main,True
12092,1,1,6.532728004350624,1.4672719956493754,0.816591000543828,0.9757588691980985,16.0,8.0,False,main,True
9421,1,1,6.553110992342962,1.4468890076570382,0.8191388740428702,0.9766830140181446,16.0,8.0,False,main,True
2286,0,1,5.46021229777104,2.53978770222896,0.68252653722138,0.9088546716563308,41.0,15.0,False,main,True
11982,0,1,5.3222968195851434,2.6777031804148566,0.6652871024481429,0.8980716688288186,46.0,15.0,False,main,True
5273,0,1,5.473640895000534,2.5263591049994663,0.6842051118750667,0.9098813426229405,41.0,15.0,False,main,True
11038,1,1,6.535727552999668,1.4642724470003317,0.8169659441249585,0.9758958348801005,16.0,8.0,False,main,True
11038,2,2,7.535727552999668,1.4642724470003317,0.8373030614444076,0.9789715775311019,13.0,7.0,False,main,False
11038,3,3,8.535727552999667,1.4642724470003317,0.8535727552999669,0.9813507608781289,10.0,6.0,False,main,False
11038,4,4,9.535727552999667,1.4642724470003317,0.8668843229999699,0.9832460490904913,8.0,5.0,False,main,False
11038,5,5,10.535727552999667,1.4642724470003317,0.8779772960833058,0.9847914989922171,6.0,4.0,False,main,False
11038,6,6,11.535727552999667,1.4642724470003317,0.8873636579230514,0.9860758192502518,4.0,3.0,False,main,False
11038,7,7,12.535727552999667,1.4642724470003317,0.8954091109285478,0.9871600557620879,2.0,2.0,False,main,False
11038,8,8,13.535727552999667,1.4642724470003317,0.9023818368666445,0.988087597317,1.0,1.0,False,main,False
11038,9,9,14.535727552999667,1.4642724470003317,0.9084829720624793,0.9888901304378493,-1.0,-1.0,True,main,False
10616,0,1,5.5087837372781445,2.4912162627218555,0.6885979671597681,0.9125482719685574,40.0,15.0,False,main,True
10616,0,2,5.5087837372781445,3.4912162627218555,0.6120870819197939,0.8506117071742227,69.0,21.0,False,main,False
10616,0,3,5.5087837372781445,4.4912162627218555,0.5508783737278145,0.7920411574263073,115.0,28.0,False,main,False
10616,0,4,5.5087837372781445,5.4912162627218555,0.5007985215707405,0.7387899744378681,193.0,38.0,False,main,True
10616,0,5,5.5087837372781445,6.4912162627218555,0.45906531143984536,0.6910269191401476,326.0,50.0,False,main,True
5745,1,1,6.527546604408611,1.4724533955913883,0.8159433255510764,0.9755214916257621,16.0,8.0,False,main,True
5745,2,2,7.527546604408611,1.4724533955913883,0.8363940671565123,0.9786462546716628,13.0,7.0,False,main,True
5745,3,3,8.527546604408611,1.4724533955913883,0.8527546604408611,0.9810630948529576,10.0,6.0,False,main,False
5745,4,4,9.527546604408611,1.4724533955913883,0.8661406004007829,0.9829882200956914,8.0,5.0,False,main,False
5745,5,5,10.527546604408611,1.4724533955913883,0.8772955503673843,0.9845578953653061,6.0,4.0,False,main,False
5745,6,6,11.527546604408611,1.4724533955913883,0.8867343541852778,0.9858622772027623,4.0,3.0,False,main,False
5745,7,7,12.527546604408611,1.4724533955913883,0.8948247574577579,0.9869634005187194,2.0,2.0,False,main,False
5745,8,8,13.527546604408611,1.4724533955913883,0.9018364402939074,0.9879053527543491,1.0,1.0,False,main,False
5745,9,9,14.527546604408611,1.4724533955913883,0.9079716627755382,0.9887203280292186,-1.0,-1.0,True,main,False
5297,1,1,6.433136318258654,1.5668636817413457,0.8041420397823318,0.9710256455121943,17.0,9.0,False,main,True
5297,2,2,7.433136318258654,1.5668636817413457,0.8259040353620727,0.9747413500909348,14.0,7.0,False,main,False
5297,3,3,8.433136318258654,1.5668636817413457,0.8433136318258654,0.9776116697227003,11.0,6.0,False,main,False
5297,4,4,9.433136318258654,1.5668636817413457,0.8575578471144231,0.9798958180947566,8.0,5.0,False,main,False
5297,5,5,10.433136318258654,1.5668636817413457,0.8694280265215545,0.9817568086978194,6.0,4.0,False,main,False
5297,6,6,11.433136318258654,1.5668636817413457,0.8794720244814349,0.9833023122968806,4.0,3.0,False,main,False
5297,7,7,12.433136318258654,1.5668636817413457,0.8880811655899039,0.9846063139322926,2.0,2.0,False,main,False
5297,8,8,13.433136318258654,1.5668636817413457,0.8955424212172436,0.9857213349978375,1.0,1.0,False,main,False
5297,9,9,14.433136318258654,1.5668636817413457,0.9020710198911659,0.9866856924930685,-1.0,-1.0,True,main,False
6785,0,1,5.397918674839419,2.602081325160581,0.6747398343549273,0.904037717935443,43.0,15.0,False,main,True
5850,1,1,6.305082438329639,1.6949175616703611,0.7881353047912049,0.9644320011930806,19.0,9.0,False,main,True
5850,2,2,7.305082438329639,1.6949175616703611,0.811675826481071,0.9690213643131343,15.0,7.0,False,main,True
5850,3,3,8.305082438329638,1.6949175616703611,0.8305082438329638,0.9725606021488477,12.0,6.0,False,main,False
5850,4,4,9.305082438329638,1.6949175616703611,0.8459165853026943,0.9753734266536858,9.0,5.0,False,main,False
5850,5,5,10.305082438329638,1.6949175616703611,0.8587568698608031,0.9776628094818737,7.0,4.0,False,main,False
5850,6,6,11.305082438329638,1.6949175616703611,0.8696217260253568,0.9795625051244659,4.0,3.0,False,main,False
5850,7,7,12.305082438329638,1.6949175616703611,0.8789344598806884,0.9811642525334573,3.0,2.0,False,main,False
5850,8,8,13.305082438329638,1.6949175616703611,0.8870054958886425,0.9825330782872727,1.0,1.0,False,main,False
5850,9,9,14.305082438329638,1.6949175616703611,0.8940676523956024,0.9837163629200915,-1.0,-1.0,True,main,False
10557,0,1,5.243099427206723,2.756900572793277,0.6553874284008404,0.8916869503652589,49.0,16.0,False,main,True
10557,0,2,5.243099427206723,3.756900572793277,0.5825666030229693,0.8283626265920132,86.0,22.0,False,main,False
10557,0,3,5.243099427206723,4.756900572793278,0.5243099427206723,0.769724255303956,148.0,31.0,False,main,True
10557,0,4,5.243099427206723,5.756900572793278,0.4766454024733385,0.716963523260069,255.0,42.0,False,main,True
6044,1,1,6.146320130909217,1.8536798690907825,0.7682900163636521,0.9555166063935375,21.0,9.0,False,main,True
8106,1,1,6.3503427671337045,1.649657232866296,0.7937928458917131,0.9668256321885207,18.0,9.0,False,main,True
8106,2,2,7.3503427671337045,1.649657232866296,0.8167047519037449,0.9710969155554555,14.0,7.0,False,main,False
8106,3,3,8.350342767133704,1.649657232866296,0.8350342767133704,0.9743928159224926,11.0,6.0,False,main,False
8106,4,4,9.350342767133704,1.649657232866296,0.8500311606485185,0.9770134405254232,9.0,5.0,False,main,False
8106,5,5,10.350342767133704,1.649657232866296,0.8625285639278086,0.9791471584180064,6.0,4.0,False,main,False
8106,6,6,11.350342767133704,1.649657232866296,0.8731032897795157,0.9809182024707865,4.0,3.0,False,main,False
8106,7,7,12.350342767133704,1.649657232866296,0.8821673405095503,0.9824118364745308,3.0,2.0,False,main,False
8106,8,8,13.350342767133704,1.649657232866296,0.8900228511422469,0.9836885294396878,1.0,1.0,False,main,False
8106,9,9,14.350342767133704,1.649657232866296,0.8968964229458565,0.9847923606365924,-1.0,-1.0,True,main,False
3680,0,1,5.249362137734687,2.750637862265313,0.6561702672168359,0.8921968598591213,48.0,16.0,False,main,True
1496,0,1,5.586125120228192,2.413874879771808,0.698265640028524,0.9183149160155528,38.0,14.0,False,main,True
4704,0,1,5.374348445987328,2.6256515540126717,0.671793555748416,0.9021920129298214,44.0,15.0,False,main,True
2111,1,1,6.212653122055773,1.7873468779442272,0.7765816402569716,0.9593375574567319,20.0,9.0,False,main,True
1454,0,1,5.239017334973716,2.760982665026284,0.6548771668717145,0.8913541254266228,49.0,16.0,False,main,True
2357,0,1,5.295979912084148,2.7040200879158527,0.6619974890105185,0.8959654234843626,47.0,15.0,False,main,True
9633,0,1,5.550222417720038,2.449777582279962,0.6937778022150047,0.9156556743338593,39.0,14.0,False,main,True
9633,0,2,5.550222417720038,3.449777582279962,0.6166913797466709,0.8539863877412067,67.0,20.0,False,main,False
9633,0,3,5.550222417720038,4.449777582279962,0.5550222417720038,0.7954523406806319,111.0,28.0,False,main,False
9633,0,4,5.550222417720038,5.449777582279962,0.5045656743381852,0.742139983157738,185.0,37.0,False,main,True
9633,0,5,5.550222417720038,6.449777582279962,0.46251853481000316,0.6942733469059585,311.0,49.0,False,main,True
