arm,s,n,post_a,post_b,q_mean,q_opt,m_mean,m_opt,confirmed,sel_kind,would_differ
8841,1,1,6.7163805064940565,1.283619493505944,0.8395475633117571,0.9835085061670344,15.0,8.0,False,main,True
6872,0,1,5.6378909021986905,2.3621090978013095,0.7047363627748363,0.9220943669125117,36.0,14.0,False,main,True
336,1,1,6.790070786139148,1.2099292138608522,0.8487588482673935,0.986236121948218,14.0,8.0,False,main,True
1957,1,1,6.83414491808095,1.1658550819190496,0.8542681147601188,0.9877568812330189,14.0,8.0,False,main,True
1957,2,2,7.83414491808095,1.1658550819190496,0.870460546453439,0.9892958092054085,11.0,7.0,False,main,False
1957,3,3,8.83414491808095,1.1658550819190496,0.8834144918080951,0.9904909938089628,9.0,6.0,False,main,False
1957,4,4,9.83414491808095,1.1658550819190496,0.8940131743709955,0.9914460509983625,7.0,5.0,False,main,False
1957,5,5,10.83414491808095,1.1658550819190496,0.9028454098400792,0.9922267498028176,5.0,4.0,False,main,False
1957,6,6,11.83414491808095,1.1658550819190496,0.9103188398523808,0.9928768481185265,4.0,3.0,False,main,False
1957,7,7,12.83414491808095,1.1658550819190496,0.9167246370057821,0.9934265906911469,2.0,2.0,False,main,False
1957,8,8,13.83414491808095,1.1658550819190496,0.9222763278720634,0.9938975519804397,1.0,1.0,False,main,False
1957,9,9,14.83414491808095,1.1658550819190496,0.9271340573800594,0.9943055354790715,-1.0,-1.0,True,main,False
7015,1,1,6.7310258504397975,1.268974149560202,0.8413782313049747,0.9840686759479299,15.0,8.0,False,main,True
11261,1,1,6.66610671706913,1.3338932829308694,0.8332633396336413,0.9815189386814083,15.0,8.0,False,main,True
11261,2,2,7.66610671706913,1.3338932829308694,0.8517896352299034,0.9838619575064022,12.0,7.0,False,main,False
11261,3,3,8.66610671706913,1.3338932829308694,0.8666106717069131,0.9856775046638422,10.0,6.0,False,main,False
11261,4,4,9.66610671706913,1.3338932829308694,0.8787369742790119,0.9871257341344438,8.0,5.0,False,main,False
11261,5,5,10.66610671706913,1.3338932829308694,0.8888422264224275,0.9883079063356579,6.0,4.0,False,main,False
11261,6,6,11.66610671706913,1.3338932829308694,0.8973928243899331,0.9892911860026404,4.0,3.0,False,main,False
11261,7,7,12.66610671706913,1.3338932829308694,0.9047219083620808,0.9901218812041903,2.0,2.0,False,main,False
11261,8,8,13.66610671706913,1.3338932829308694,0.911073781137942,0.9908329572015439,1.0,1.0,False,main,False
11261,9,9,14.66610671706913,1.3338932829308694,0.9166316698168206,0.9914485198242728,-1.0,-1.0,True,main,False
11059,1,1,6.747793952762853,1.2522060472371468,0.8434742440953567,0.984699114720895,14.0,8.0,False,main,True
11059,2,2,7.747793952762853,1.2522060472371468,0.8608659947514281,0.9866309559637216,12.0,7.0,False,main,False
11059,3,3,8.747793952762853,1.2522060472371468,0.8747793952762853,0.9881295354696757,9.0,6.0,False,main,False
11059,4,4,9.747793952762853,1.2522060472371468,0.8861630866148048,0.9893259429274864,7.0,5.0,False,main,False
11059,5,5,10.747793952762853,1.2522060472371468,0.8956494960635711,0.9903032191700406,5.0,4.0,False,main,False
11059,6,6,11.747793952762853,1.2522060472371468,0.9036764579048349,0.9911165260930702,4.0,3.0,False,main,False
11059,7,7,12.747793952762853,1.2522060472371468,0.9105567109116324,0.9918039418765573,2.0,2.0,False,main,False
11059,8,8,13.747793952762853,1.2522060472371468,0.9165195968508569,0.9923926000507632,1.0,1.0,False,main,False
11059,9,9,14.747793952762853,1.2522060472371468,0.9217371220476783,0.9929023584983283,-1.0,-1.0,True,main,False
1491,1,1,6.763367842394952,1.2366321576050483,0.845420980299369,0.9852741145577313,14.0,8.0,False,main,True
1491,2,2,7.763367842394952,1.2366321576050483,0.8625964269327724,0.9871318804799204,12.0,7.0,False,main,False
1491,3,3,8.763367842394953,1.2366321576050483,0.8763367842394952,0.9885733008734857,9.0,6.0,False,main,False
1491,4,4,9.763367842394953,1.2366321576050483,0.8875788947631775,0.9897242625887724,7.0,5.0,False,main,False
1491,5,5,10.763367842394953,1.2366321576050483,0.8969473201995793,0.990664539451523,5.0,4.0,False,main,False
1491,6,6,11.763367842394953,1.2366321576050483,0.9048744494149964,0.9914471382522709,4.0,3.0,False,main,False
1491,7,7,12.763367842394953,1.2366321576050483,0.9116691315996395,0.9921086579273469,2.0,2.0,False,main,False
1491,8,8,13.763367842394953,1.2366321576050483,0.9175578561596635,0.9926751828928518,1.0,1.0,False,main,False
1491,9,9,14.763367842394953,1.2366321576050483,0.9227104901496845,0.9931658062767048,-1.0,-1.0,True,main,False
7309,1,1,6.757857710205325,1.2421422897946746,0.8447322137756657,0.9850718424896036,14.0,8.0,False,main,True
4691,0,1,5.60857459622528,2.3914254037747202,0.70107182452816,0.9199619547895365,37.0,14.0,False,main,True
10778,1,1,6.822597307664297,1.1774026923357037,0.8528246634580371,0.9873665991648481,14.0,8.0,False,main,True
10778,2,2,7.822597307664297,1.1774026923357037,0.8691774786293663,0.9889555353632584,11.0,7.0,False,main,False
10778,3,3,8.822597307664296,1.1774026923357037,0.8822597307664296,0.9901893640866671,9.0,6.0,False,main,False
10778,4,4,9.822597307664296,1.1774026923357037,0.892963391605845,0.9911751807230431,7.0,5.0,False,main,False
10778,5,5,10.822597307664296,1.1774026923357037,0.9018831089720246,0.9919809445470971,5.0,4.0,False,main,False
10778,6,6,11.822597307664296,1.1774026923357037,0.9094305621280228,0.9926518610790126,4.0,3.0,False,main,False
10778,7,7,12.822597307664296,1.1774026923357037,0.9158998076903069,0.9932191702606215,2.0,2.0,False,main,False
10778,8,8,13.822597307664296,1.1774026923357037,0.9215064871776197,0.9937051532819902,1.0,1.0,False,main,False
10778,9,9,14.822597307664296,1.1774026923357037,0.9264123317290185,0.9941261293683044,-1.0,-1.0,True,main,False
3656,1,1,6.89868584857046,1.1013141514295408,0.8623357310713075,0.9898293921648681,13.0,8.0,False,main,True
9770,1,1,6.755982643750562,1.2440173562494379,0.8444978304688202,0.9850027187887288,14.0,8.0,False,main,True
9770,2,2,7.755982643750562,1.2440173562494379,0.861775849305618,0.98689543711575,12.0,7.0,False,main,False
9770,3,3,8.755982643750562,1.2440173562494379,0.8755982643750562,0.9883638302208861,9.0,6.0,False,main,False
9770,4,4,9.755982643750562,1.2440173562494379,0.8869075130682329,0.9895362386049138,7.0,5.0,False,main,False
9770,5,5,10.755982643750562,1.2440173562494379,0.8963318869792135,0.9904939770250443,5.0,4.0,False,main,False
9770,6,6,11.755982643750562,1.2440173562494379,0.9043063572115817,0.9912910688703875,4.0,3.0,False,main,False
9770,7,7,12.755982643750562,1.2440173562494379,0.9111416174107544,0.991964810922731,2.0,2.0,False,main,False
9770,8,8,13.755982643750562,1.2440173562494379,0.9170655095833707,0.9925417825626317,1.0,1.0,False,main,False
9770,9,9,14.755982643750562,1.2440173562494379,0.9222489152344101,0.9930414377458302,-1.0,-1.0,True,main,False
5086,1,1,6.683828706974812,1.316171293025188,0.8354785883718515,0.9822319542090084,15.0,8.0,False,main,True
4308,1,1,6.6810114505864036,1.3189885494135964,0.8351264313233004,0.9821194504554334,15.0,8.0,False,main,True
1478,1,1,6.794480589666054,1.2055194103339464,0.8493100737082567,0.9863920624523486,14.0,8.0,False,main,True
3956,1,1,6.780475688690507,1.2195243113094925,0.8475594610863134,0.9858939407505118,14.0,8.0,False,main,True
6739,0,1,5.634539339675776,2.3654606603242243,0.704317417459472,0.9218516427310586,36.0,14.0,False,main,True
1875,1,1,6.692784521333754,1.3072154786662462,0.8365980651667192,0.9825874638096426,15.0,8.0,False,main,True
9127,0,1,5.657102807919522,2.342897192080478,0.7071378509899402,0.923480396490279,36.0,14.0,False,main,True
3205,0,1,5.704904798015845,2.2950952019841546,0.7131130997519807,0.926889405397093,35.0,14.0,False,main,True
1459,1,1,6.722773492882158,1.2772265071178421,0.8403466866102698,0.9837541204822052,15.0,8.0,False,main,True
6366,0,1,5.688686485319599,2.3113135146804007,0.7110858106649499,0.9257391679793175,35.0,14.0,False,main,True
5396,1,1,6.702382957074444,1.2976170429255558,0.8377978696343055,0.9829648702312189,15.0,8.0,False,main,True
5396,2,2,7.702382957074444,1.2976170429255558,0.8558203285638271,0.9851206336361913,12.0,7.0,False,main,True
5396,3,3,8.702382957074445,1.2976170429255558,0.8702382957074445,0.9867918937009896,10.0,6.0,False,main,False
5396,4,4,9.702382957074445,1.2976170429255558,0.8820348142794949,0.9881255302452197,7.0,5.0,False,main,False
5396,5,5,10.702382957074445,1.2976170429255558,0.8918652464228704,0.9892144887913116,6.0,4.0,False,main,False
5396,6,6,11.702382957074445,1.2976170429255558,0.9001833043903419,0.990120459574938,4.0,3.0,False,main,False
5396,7,7,12.702382957074445,1.2976170429255558,0.9073130683624603,0.9908859988039699,2.0,2.0,False,main,False
5396,8,8,13.702382957074445,1.2976170429255558,0.9134921971382963,0.9915414142022996,1.0,1.0,False,main,False
5396,9,9,14.702382957074445,1.2976170429255558,0.9188989348171528,0.9921088764350265,-1.0,-1.0,True,main,False
5965,1,1,6.740487744950609,1.2595122550493918,0.8425609681188261,0.9844258598418251,14.0,8.0,False,main,True
1007,1,1,6.943015519360442,1.056984480639558,0.8678769399200552,0.9911437184801584,13.0,8.0,False,main,True
1007,2,2,7.943015519360442,1.056984480639558,0.882557279928938,0.9922505809632505,11.0,7.0,False,main,False
1007,3,3,8.943015519360442,1.056984480639558,0.8943015519360442,0.993111493793367,9.0,6.0,False,main,False
1007,4,4,9.943015519360442,1.056984480639558,0.9039105017600402,0.99380023999772,7.0,5.0,False,main,False
1007,5,5,10.943015519360442,1.056984480639558,0.9119179599467034,0.9943637719883633,5.0,4.0,False,main,False
1007,6,6,11.943015519360442,1.056984480639558,0.9186935014892648,0.994833391510308,4.0,3.0,False,main,False
1007,7,7,12.943015519360442,1.056984480639558,0.9245011085257459,0.9952307692474337,2.0,2.0,False,main,False
1007,8,8,13.943015519360442,1.056984480639558,0.9295343679573628,0.995571384488478,1.0,1.0,False,main,False
1007,9,9,14.943015519360442,1.056984480639558,0.9339384699600276,0.9958665888974411,-1.0,-1.0,True,main,False
8233,0,1,5.771747869113229,2.228252130886771,0.7214684836391536,0.9315600072396603,33.0,14.0,False,main,True
8233,0,2,5.771747869113229,3.228252130886771,0.6413053187903588,0.8715778534648408,57.0,19.0,False,main,False
8233,0,3,5.771747869113229,4.228252130886771,0.5771747869113228,0.8133663194962726,93.0,26.0,False,main,False
8233,0,4,5.771747869113229,5.228252130886771,0.5247043517375662,0.7598005225342807,151.0,35.0,False,main,False
8233,0,5,5.771747869113229,6.228252130886771,0.4809789890927691,0.711427404704559,246.0,45.0,False,main,False
8233,0,6,5.771747869113229,7.228252130886771,0.4439806053164022,0.6680112251966145,411.0,59.0,False,main,True
8233,0,7,5.771747869113229,8.228252130886771,0.4122677049366592,0.629072374128647,712.0,76.0,False,main,True
8233,0,8,5.771747869113229,9.228252130886771,0.3847831912742153,0.5940873048807929,1321.0,98.0,False,main,True
8233,0,9,5.771747869113229,10.228252130886771,0.3607342418195768,0.5625622148619767,2745.0,125.0,False,main,True
8233,0,10,5.771747869113229,11.228252130886771,0.3395145805360723,0.5340569189555394,-1.0,161.0,False,main,True
3354,1,1,6.625306423833649,1.3746935761663512,0.8281633029792062,0.979829921883434,16.0,8.0,False,main,True
5688,1,1,6.73085464130747,1.2691453586925303,0.8413568301634338,0.9840621785991354,15.0,8.0,False,main,True
5688,2,2,7.73085464130747,1.2691453586925303,0.8589838490341634,0.9860761726540932,12.0,7.0,False,main,True
5688,3,3,8.73085464130747,1.2691453586925303,0.8730854641307471,0.9876381235999222,9.0,6.0,False,main,False
5688,4,4,9.73085464130747,1.2691453586925303,0.88462314920977,0.9888849034491919,7.0,5.0,False,main,False
5688,5,5,10.73085464130747,1.2691453586925303,0.8942378867756225,0.989903181904833,6.0,4.0,False,main,False
5688,6,6,11.73085464130747,1.2691453586925303,0.9023734339467284,0.9907505136323774,4.0,3.0,False,main,False
5688,7,7,12.73085464130747,1.2691453586925303,0.9093467600933908,0.9914666186105526,2.0,2.0,False,main,False
5688,8,8,13.73085464130747,1.2691453586925303,0.915390309420498,0.9920797944355965,1.0,1.0,False,main,False
5688,9,9,14.73085464130747,1.2691453586925303,0.9206784150817169,0.9926107473340995,-1.0,-1.0,True,main,False
1569,1,1,6.728888280822543,1.271111719177457,0.8411110351028179,0.9839874685532434,15.0,8.0,False,main,True
11618,1,1,6.608948795118749,1.391051204881251,0.8261185993898437,0.9791344345258156,16.0,8.0,False,main,True
9747,1,1,6.6967108408618525,1.303289159138147,0.8370888551077316,0.9827422979064646,15.0,8.0,False,main,True
9747,2,2,7.6967108408618525,1.303289159138147,0.8551900934290947,0.98492685300058,12.0,7.0,False,main,False
9747,3,3,8.696710840861853,1.303289159138147,0.8696710840861852,0.9866203049351513,10.0,6.0,False,main,False
9747,4,4,9.696710840861853,1.303289159138147,0.8815191673510775,0.9879715704601096,7.0,5.0,False,main,False
9747,5,5,10.696710840861853,1.303289159138147,0.891392570071821,0.9890748716995434,6.0,4.0,False,main,False
9747,6,6,11.696710840861853,1.303289159138147,0.8997469877586041,0.9899927397471653,4.0,3.0,False,main,False
9747,7,7,12.696710840861853,1.303289159138147,0.906907917204418,0.99076830727123,2.0,2.0,False,main,False
9747,8,8,13.696710840861853,1.303289159138147,0.9131140560574569,0.9914322904286735,1.0,1.0,False,main,False
9747,9,9,14.696710840861853,1.303289159138147,0.9185444275538658,0.9920071573652651,-1.0,-1.0,True,main,False
9602,1,1,6.817589072968373,1.1824109270316276,0.8521986341210466,0.9871955215286433,14.0,8.0,False,main,True
9602,2,2,7.817589072968373,1.1824109270316276,0.8686210081075969,0.9888063919940463,11.0,7.0,False,main,False
9602,3,3,8.817589072968373,1.1824109270316276,0.8817589072968373,0.9900571677467132,9.0,6.0,False,main,False
9602,4,4,9.817589072968373,1.1824109270316276,0.8925080975425793,0.9910564719399747,7.0,5.0,False,main,False
9602,5,5,10.817589072968373,1.1824109270316276,0.9014657560806977,0.9918732252819509,5.0,4.0,False,main,False
9602,6,6,11.817589072968373,1.1824109270316276,0.9090453133052594,0.9925532686038228,4.0,3.0,False,main,False
9602,7,7,12.817589072968373,1.1824109270316276,0.9155420766405981,0.9931282785260005,2.0,2.0,False,main,False
9602,8,8,13.817589072968373,1.1824109270316276,0.9211726048645582,0.9936208462966135,1.0,1.0,False,main,False
9602,9,9,14.817589072968373,1.1824109270316276,0.9260993170605233,0.9940475173760662,-1.0,-1.0,True,main,False
8571,1,1,6.593447191894526,1.4065528081054737,0.8241808989868158,0.9784657964155068,16.0,8.0,False,main,True
11506,1,1,6.672988732949099,1.327011267050901,0.8341235916186374,0.9817973225701925,15.0,8.0,False,main,True
11506,2,2,7.672988732949099,1.327011267050901,0.852554303661011,0.9841042507436786,12.0,7.0,False,main,True
11506,3,3,8.672988732949099,1.327011267050901,0.8672988732949098,0.9858919968418224,10.0,6.0,False,main,False
11506,4,4,9.672988732949099,1.327011267050901,0.8793626120862817,0.9873181516411285,8.0,5.0,False,main,False
11506,5,5,10.672988732949099,1.327011267050901,0.8894157277457583,0.9884823707772602,6.0,4.0,False,main,False
11506,6,6,11.672988732949099,1.327011267050901,0.8979222102268538,0.9894507628152484,4.0,3.0,False,main,False
11506,7,7,12.672988732949099,1.327011267050901,0.9052134809249356,0.9902689122220769,2.0,2.0,False,main,False
11506,8,8,13.672988732949099,1.327011267050901,0.9115325821966066,0.9909692718460968,1.0,1.0,False,main,False
11506,9,9,14.672988732949099,1.327011267050901,0.9170617958093187,0.9915755744689643,-1.0,-1.0,True,main,False
5386,1,1,6.7168743672209414,1.2831256327790588,0.8396092959026177,0.9835275399432105,15.0,8.0,False,main,True
3784,1,1,6.897643563406476,1.1023564365935248,0.8622054454258095,0.9897974085214205,13.0,8.0,False,main,True
11796,1,1,6.672950624032433,1.3270493759675674,0.8341188280040541,0.9817957862526396,15.0,8.0,False,main,True
11796,2,2,7.672950624032433,1.3270493759675674,0.852550069336937,0.9841029135497295,12.0,7.0,False,main,True
11796,3,3,8.672950624032433,1.3270493759675674,0.8672950624032433,0.9858908130456567,10.0,6.0,False,main,False
11796,4,4,9.672950624032433,1.3270493759675674,0.8793591476393121,0.9873170896526982,8.0,5.0,False,main,False
11796,5,5,10.672950624032433,1.3270493759675674,0.8894125520027027,0.9884814078577417,6.0,4.0,False,main,False
11796,6,6,11.672950624032433,1.3270493759675674,0.8979192787717256,0.9894498820516937,4.0,3.0,False,main,False
11796,7,7,12.672950624032433,1.3270493759675674,0.9052107588594595,0.9902681006932487,2.0,2.0,False,main,False
11796,8,8,13.672950624032433,1.3270493759675674,0.9115300416021622,0.9909685194576277,1.0,1.0,False,main,False
11796,9,9,14.672950624032433,1.3270493759675674,0.9170594140020271,0.9915748731846152,-1.0,-1.0,True,main,False
7382,0,1,5.712553773079058,2.287446226920942,0.7140692216348823,0.927429600109844,34.0,14.0,False,main,True
4555,1,1,6.668795632637368,1.331204367362632,0.833599454079671,0.9816279334160372,15.0,8.0,False,main,True
4555,2,2,7.668795632637368,1.331204367362632,0.8520884036263742,0.9839568196220327,12.0,7.0,False,main,True
4555,3,3,8.668795632637368,1.331204367362632,0.8668795632637367,0.9857614807096209,10.0,6.0,False,main,False
4555,4,4,9.668795632637368,1.331204367362632,0.8789814211488516,0.9872010666722258,8.0,5.0,False,main,False
4555,5,5,10.668795632637368,1.331204367362632,0.8890663027197806,0.9883762093918002,6.0,4.0,False,main,False
4555,6,6,11.668795632637368,1.331204367362632,0.8975996640490282,0.9893536599627536,4.0,3.0,False,main,False
4555,7,7,12.668795632637368,1.331204367362632,0.904913973759812,0.9901794430737042,2.0,2.0,False,main,False
4555,8,8,13.668795632637368,1.331204367362632,0.9112530421758245,0.9908863233199058,1.0,1.0,False,main,False
4555,9,9,14.668795632637368,1.331204367362632,0.9167997270398355,0.9914982604461899,-1.0,-1.0,True,main,False
9277,1,1,6.748403994331739,1.2515960056682602,0.8435504992914674,0.9847218295567455,14.0,8.0,False,main,True
9277,2,2,7.748403994331739,1.2515960056682602,0.860933777147971,0.9866507429118306,12.0,7.0,False,main,False
9277,3,3,8.748403994331738,1.2515960056682602,0.874840399433174,0.9881470634929037,9.0,6.0,False,main,False
9277,4,4,9.748403994331738,1.2515960056682602,0.8862185449392491,0.9893416751438049,7.0,5.0,False,main,False
9277,5,5,10.748403994331738,1.2515960056682602,0.8957003328609784,0.9903174894745133,5.0,4.0,False,main,False
9277,6,6,11.748403994331738,1.2515960056682602,0.9037233841793646,0.9911295831549171,4.0,3.0,False,main,False
9277,7,7,12.748403994331738,1.2515960056682602,0.91060028530941,0.9918159758761945,2.0,2.0,False,main,False
9277,8,8,13.748403994331738,1.2515960056682602,0.9165602662887826,0.992403759692472,1.0,1.0,False,main,False
9277,9,9,14.748403994331738,1.2515960056682602,0.9217752496457338,0.9929127622555985,-1.0,-1.0,True,main,False
5845,1,1,6.805549165825262,1.1944508341747375,0.8506936457281578,0.9867797868894869,14.0,8.0,False,main,True
560,0,1,5.594967234083274,2.4050327659167263,0.6993709042604093,0.9189650842662155,37.0,14.0,False,main,True
2384,1,1,6.821540906535872,1.1784590934641284,0.852692613316984,0.9873306042537252,14.0,8.0,False,main,True
8300,1,1,6.5897030396153795,1.41029696038462,0.8237128799519224,0.9783029146078539,16.0,8.0,False,main,True
8300,2,2,7.5897030396153795,1.41029696038462,0.8433003377350422,0.9810641533054806,13.0,7.0,False,main,False
8300,3,3,8.58970303961538,1.41029696038462,0.858970303961538,0.9832015890402794,10.0,6.0,False,main,False
8300,4,4,9.58970303961538,1.41029696038462,0.87179118541958,0.9849052398810907,8.0,5.0,False,main,False
8300,5,5,10.58970303961538,1.41029696038462,0.8824752533012816,0.9862950365695258,6.0,4.0,False,main,False
8300,6,6,11.58970303961538,1.41029696038462,0.8915156184319523,0.9874504176006236,4.0,3.0,False,main,False
8300,7,7,12.58970303961538,1.41029696038462,0.89926450282967,0.9884260923767513,2.0,2.0,False,main,False
8300,8,8,13.58970303961538,1.41029696038462,0.9059802026410253,0.9892609710546924,1.0,1.0,False,main,False
8300,9,9,14.58970303961538,1.41029696038462,0.9118564399759612,0.9899834847782605,-1.0,-1.0,True,main,False
4078,1,1,6.833446833641391,1.166553166358609,0.8541808542051739,0.9877334535264108,14.0,8.0,False,main,True
11499,1,1,6.7556675919823235,1.244332408017676,0.8444584489977904,0.9849910899977287,14.0,8.0,False,main,True
7747,0,1,5.615329844649508,2.3846701553504923,0.7019162305811885,0.9204551747067824,37.0,14.0,False,main,True
7747,0,2,5.615329844649508,3.3846701553504923,0.6239255382943898,0.8592355943043114,63.0,20.0,False,main,False
7747,0,3,5.615329844649508,4.384670155350492,0.5615329844649508,0.8007737341894283,105.0,27.0,False,main,True
7747,0,4,5.615329844649508,5.384670155350492,0.5104845313317734,0.7473738925398683,174.0,36.0,False,main,True
4031,1,1,6.686826298467393,1.3131737015326075,0.8358532873084241,0.9823513076898469,15.0,8.0,False,main,True
871,1,1,6.92361955062257,1.07638044937743,0.8654524438278213,0.9905797503907027,13.0,8.0,False,main,True
871,2,2,7.92361955062257,1.07638044937743,0.8804021722913967,0.9917583105076373,11.0,7.0,False,main,False
871,3,3,8.92361955062257,1.07638044937743,0.892361955062257,0.9926747440005164,9.0,6.0,False,main,False
871,4,4,9.92361955062257,1.07638044937743,0.9021472318747791,0.9934077545765136,7.0,5.0,False,main,False
871,5,5,10.92361955062257,1.07638044937743,0.9103016292185475,0.994007403143313,5.0,4.0,False,main,False
871,6,6,11.92361955062257,1.07638044937743,0.9172015038940439,0.9945070517367792,4.0,3.0,False,main,False
871,7,7,12.92361955062257,1.07638044937743,0.9231156821873264,0.9949297906378255,2.0,2.0,False,main,False
871,8,8,13.92361955062257,1.07638044937743,0.928241303374838,0.9952921091385941,1.0,1.0,False,main,False
871,9,9,14.92361955062257,1.07638044937743,0.9327262219139106,0.9956060971075165,-1.0,-1.0,True,main,False
11056,0,1,5.725635970057398,2.274364029942602,0.7157044962571748,0.9283500935401962,34.0,14.0,False,main,True
11056,0,2,5.725635970057398,3.274364029942602,0.636181774450822,0.8679792319092372,58.0,19.0,False,main,False
11056,0,3,5.725635970057398,4.274364029942602,0.5725635970057399,0.8096823258453789,96.0,26.0,False,main,True
11056,0,4,5.725635970057398,5.274364029942602,0.520512360914309,0.7561588477900092,157.0,35.0,False,main,True
8733,1,1,6.6276108904488105,1.3723891095511895,0.8284513613061013,0.9799270654998335,15.0,8.0,False,main,True
8733,2,2,7.6276108904488105,1.3723891095511895,0.847512321160979,0.9824768044993064,12.0,7.0,False,main,False
8733,3,3,8.62761089044881,1.3723891095511895,0.862761089044881,0.9844515181036527,10.0,6.0,False,main,False
8733,4,4,9.62761089044881,1.3723891095511895,0.8752373536771646,0.9860260850214078,8.0,5.0,False,main,False
8733,5,5,10.62761089044881,1.3723891095511895,0.8856342408707342,0.9873109773633855,6.0,4.0,False,main,False
8733,6,6,11.62761089044881,1.3723891095511895,0.8944316069576008,0.9883794187286524,4.0,3.0,False,main,False
8733,7,7,12.62761089044881,1.3723891095511895,0.9019722064606294,0.9892818661829772,2.0,2.0,False,main,False
8733,8,8,13.62761089044881,1.3723891095511895,0.9085073926965873,0.9900542218789277,1.0,1.0,False,main,False
8733,9,9,14.62761089044881,1.3723891095511895,0.9142256806530507,0.9907227290450342,-1.0,-1.0,True,main,False
4245,1,1,6.644068616606317,1.3559313833936828,0.8305085770757896,0.9806147836771778,15.0,8.0,False,main,True
9808,0,1,5.672336352397084,2.3276636476029164,0.7090420440496354,0.9245729426232225,35.0,14.0,False,main,True
9808,0,2,5.672336352397084,3.3276636476029164,0.6302595947107871,0.8637779988050022,61.0,20.0,False,main,False
9808,0,3,5.672336352397084,4.327663647602916,0.5672336352397084,0.8053945724471028,101.0,27.0,False,main,False
9808,0,4,5.672336352397084,5.327663647602916,0.5156669411270076,0.7519269291298221,165.0,36.0,False,main,False
9808,0,5,5.672336352397084,6.327663647602916,0.4726946960330903,0.7037711467058554,273.0,47.0,False,main,True
9808,0,6,5.672336352397084,7.327663647602916,0.43633356556900643,0.660622745506118,462.0,61.0,False,main,True
9808,0,7,5.672336352397084,8.327663647602916,0.4051668823140774,0.6219686196833449,821.0,79.0,False,main,True
11044,1,1,6.597126787945723,1.4028732120542766,0.8246408484932154,0.9786253465649735,16.0,8.0,False,main,True
11044,2,2,7.597126787945723,1.4028732120542766,0.844125198660636,0.9813445513722748,13.0,7.0,False,main,False
11044,3,3,8.597126787945722,1.4028732120542766,0.8597126787945724,0.9834496571680581,10.0,6.0,False,main,False
11044,4,4,9.597126787945722,1.4028732120542766,0.8724660716314294,0.9851276673392829,8.0,5.0,False,main,False
11044,5,5,10.597126787945722,1.4028732120542766,0.883093898995477,0.9864966301252912,6.0,4.0,False,main,False
11044,6,6,11.597126787945722,1.4028732120542766,0.8920866759958249,0.9876347476062515,4.0,3.0,False,main,False
11044,7,7,12.597126787945722,1.4028732120542766,0.8997947705675517,0.988595883485018,2.0,2.0,False,main,False
11044,8,8,13.597126787945722,1.4028732120542766,0.9064751191963816,0.9894183498505049,1.0,1.0,False,main,False
11044,9,9,14.597126787945722,1.4028732120542766,0.9123204242466078,0.9901301429306264,-1.0,-1.0,True,main,False
2983,1,1,6.611150310820944,1.3888496891790556,0.826393788852618,0.9792286422121947,16.0,8.0,False,main,True
6283,1,1,6.632343069350103,1.3676569306498967,0.8290428836687629,0.9801258972571819,15.0,8.0,False,main,True
6283,2,2,7.632343069350103,1.3676569306498967,0.8480381188166781,0.9826497844205916,12.0,7.0,False,main,True
6283,3,3,8.632343069350103,1.3676569306498967,0.8632343069350104,0.9846045997902598,10.0,6.0,False,main,False
6283,4,4,9.632343069350103,1.3676569306498967,0.8756675517591003,0.9861633766691259,8.0,5.0,False,main,False
6283,5,5,10.632343069350103,1.3676569306498967,0.8860285891125086,0.9874354333591404,6.0,4.0,False,main,False
6283,6,6,11.632343069350103,1.3676569306498967,0.8947956207192387,0.9884932348990321,4.0,3.0,False,main,False
6283,7,7,12.632343069350103,1.3676569306498967,0.9023102192392931,0.9893867190943744,2.0,2.0,False,main,False
6283,8,8,13.632343069350103,1.3676569306498967,0.9088228712900068,0.9901514206455384,1.0,1.0,False,main,False
6283,9,9,14.632343069350103,1.3676569306498967,0.9145214418343814,0.9908133154245481,-1.0,-1.0,True,main,False
11274,1,1,6.843007888657022,1.1569921113429777,0.8553759860821277,0.9880524594350572,14.0,8.0,False,main,True
6312,1,1,6.647134310950726,1.3528656890492743,0.8308917888688407,0.9807417122858129,15.0,8.0,False,main,True
7575,1,1,6.929871924473802,1.070128075526198,0.8662339905592252,0.990763443622622,13.0,8.0,False,main,True
7838,1,1,6.70612071952572,1.2938792804742796,0.838265089940715,0.9831108219747526,15.0,8.0,False,main,True
7838,2,2,7.70612071952572,1.2938792804742796,0.8562356355028578,0.9852477117578434,12.0,7.0,False,main,False
7838,3,3,8.706120719525721,1.2938792804742796,0.8706120719525721,0.9869044231694297,10.0,6.0,False,main,False
7838,4,4,9.706120719525721,1.2938792804742796,0.8823746108659747,0.9882265015844033,7.0,5.0,False,main,False
7838,5,5,10.706120719525721,1.2938792804742796,0.8921767266271434,0.9893060560563793,6.0,4.0,False,main,False
7838,6,6,11.706120719525721,1.2938792804742796,0.9004708245789016,0.9902042257953971,4.0,3.0,False,main,False
7838,7,7,12.706120719525721,1.2938792804742796,0.9075800513946943,0.9909631892087073,2.0,2.0,False,main,False
7838,8,8,13.706120719525721,1.2938792804742796,0.9137413813017148,0.9916129863190003,1.0,1.0,False,main,False
7838,9,9,14.706120719525721,1.2938792804742796,0.9191325449703576,0.9921755927985876,-1.0,-1.0,True,main,False
7218,1,1,6.811265420225947,1.1887345797740525,0.8514081775282434,0.9869779514237529,14.0,8.0,False,main,True
7811,1,1,6.738598428740849,1.261401571259151,0.8423248035926061,0.9843548362371688,15.0,8.0,False,main,True
7811,2,2,7.738598428740849,1.261401571259151,0.8598442698600943,0.9863310702179297,12.0,7.0,False,main,False
7811,3,3,8.738598428740849,1.261401571259151,0.8738598428740849,0.9878638962696284,9.0,6.0,False,main,False
7811,4,4,9.738598428740849,1.261401571259151,0.8853271298855317,0.9890875270911007,7.0,5.0,False,main,False
7811,5,5,10.738598428740849,1.261401571259151,0.8948832023950707,0.9900869637138418,6.0,4.0,False,main,False
7811,6,6,11.738598428740849,1.261401571259151,0.9029691099031422,0.9909186606653252,4.0,3.0,False,main,False
7811,7,7,12.738598428740849,1.261401571259151,0.9098998877672034,0.9916215831391016,2.0,2.0,False,main,False
7811,8,8,13.738598428740849,1.261401571259151,0.9159065619160566,0.9922234936180684,1.0,1.0,False,main,False
7811,9,9,14.738598428740849,1.261401571259151,0.921162401796303,0.9927447083773068,-1.0,-1.0,True,main,False
11582,1,1,6.8086321024121785,1.1913678975878215,0.8510790128015223,0.9868868383494501,14.0,8.0,False,main,True
11582,2,2,7.8086321024121785,1.1913678975878215,0.8676257891569087,0.9885373063718267,11.0,7.0,False,main,False
11582,3,3,8.80863210241218,1.1913678975878215,0.8808632102412179,0.9898186720468789,9.0,6.0,False,main,False
11582,4,4,9.80863210241218,1.1913678975878215,0.8916938274920163,0.9908423190812834,7.0,5.0,False,main,False
11582,5,5,10.80863210241218,1.1913678975878215,0.9007193418676817,0.9916789050066921,5.0,4.0,False,main,False
11582,6,6,11.80863210241218,1.1913678975878215,0.9083563155701676,0.9923754181255654,4.0,3.0,False,main,False
11582,7,7,12.80863210241218,1.1913678975878215,0.9149022930294414,0.9929643236494354,2.0,2.0,False,main,False
11582,8,8,13.80863210241218,1.1913678975878215,0.9205754734941453,0.9934687726859044,1.0,1.0,False,main,False
11582,9,9,14.80863210241218,1.1913678975878215,0.9255395064007612,0.9939057191566646,-1.0,-1.0,True,main,False
529,1,1,6.703456472124807,1.2965435278751931,0.8379320590156009,0.9830068471154507,15.0,8.0,False,main,True
529,2,2,7.703456472124807,1.2965435278751931,0.8559396080138675,0.9851571817860045,12.0,7.0,False,main,True
529,3,3,8.703456472124806,1.2965435278751931,0.8703456472124806,0.9868242572445142,10.0,6.0,False,main,False
529,4,4,9.703456472124806,1.2965435278751931,0.8821324065568006,0.9881545694102416,7.0,5.0,False,main,False
529,5,5,10.703456472124806,1.2965435278751931,0.8919547060104005,0.9892408231766547,6.0,4.0,False,main,False
529,6,6,11.703456472124806,1.2965435278751931,0.9002658824711389,0.9901445502702303,4.0,3.0,False,main,False
529,7,7,12.703456472124806,1.2965435278751931,0.9073897480089147,0.9909081982230352,2.0,2.0,False,main,False
529,8,8,13.703456472124806,1.2965435278751931,0.9135637648083204,0.9915619977554974,1.0,1.0,False,main,False
529,9,9,14.703456472124806,1.2965435278751931,0.9189660295078004,0.9921280634447213,-1.0,-1.0,True,main,False
6458,1,1,6.6667071270488725,1.3332928729511275,0.8333383908811091,0.9815433012602673,15.0,8.0,False,main,True
4356,1,1,6.88107239668347,1.1189276033165299,0.8601340495854337,0.9892822996505242,13.0,8.0,False,main,True
10240,1,1,6.694353156912031,1.3056468430879682,0.8367941446140039,0.9826493979199875,15.0,8.0,False,main,True
10240,2,2,7.694353156912031,1.3056468430879682,0.8549281285457813,0.9848459739832147,12.0,7.0,False,main,False
10240,3,3,8.694353156912031,1.3056468430879682,0.8694353156912031,0.9865486906197474,10.0,6.0,False,main,False
10240,4,4,9.694353156912031,1.3056468430879682,0.8813048324465483,0.9879073154691983,7.0,5.0,False,main,False
10240,5,5,10.694353156912031,1.3056468430879682,0.891196096409336,0.9890166038589822,6.0,4.0,False,main,False
10240,6,6,11.694353156912031,1.3056468430879682,0.8995656274547716,0.9899394380495947,4.0,3.0,False,main,False
10240,7,7,12.694353156912031,1.3056468430879682,0.9067395112080022,0.9907191914350906,2.0,2.0,False,main,False
10240,8,8,13.694353156912031,1.3056468430879682,0.9129568771274688,0.9913867507190347,1.0,1.0,False,main,False
10240,9,9,14.694353156912031,1.3056468430879682,0.918397072307002,0.9919647082567938,-1.0,-1.0,True,main,False
8320,1,1,6.836985399827814,1.1630146001721862,0.8546231749784767,0.9878519870316675,14.0,8.0,False,main,True
8320,2,2,7.836985399827814,1.1630146001721862,0.8707761555364237,0.9893787352978463,11.0,7.0,False,main,False
8320,3,3,8.836985399827814,1.1630146001721862,0.8836985399827814,0.9905645066176024,9.0,6.0,False,main,False
8320,4,4,9.836985399827814,1.1630146001721862,0.8942713999843467,0.9915120703094514,7.0,5.0,False,main,False
8320,5,5,10.836985399827814,1.1630146001721862,0.9030821166523179,0.9922866623289076,5.0,4.0,False,main,False
8320,6,6,11.836985399827814,1.1630146001721862,0.9105373384482933,0.992931688173882,4.0,3.0,False,main,False
8320,7,7,12.836985399827814,1.1630146001721862,0.9169275285591295,0.9934771502895694,2.0,2.0,False,main,False
8320,8,8,13.836985399827814,1.1630146001721862,0.9224656933218542,0.9939444510459879,1.0,1.0,False,main,False
8320,9,9,14.836985399827814,1.1630146001721862,0.9273115874892384,0.9943492683407413,-1.0,-1.0,True,main,False
11538,1,1,6.641411588553898,1.3585884114461018,0.8301764485692372,0.9805044751250047,15.0,8.0,False,main,True
11538,2,2,7.641411588553898,1.3585884114461018,0.8490457320615442,0.9829791648521684,12.0,7.0,False,main,True
11538,3,3,8.641411588553897,1.3585884114461018,0.8641411588553899,0.9848961075875162,10.0,6.0,False,main,False
11538,4,4,9.641411588553897,1.3585884114461018,0.876491962595809,0.9864248278414365,8.0,5.0,False,main,False
11538,5,5,10.641411588553897,1.3585884114461018,0.8867842990461582,0.9876724495813987,6.0,4.0,False,main,False
11538,6,6,11.641411588553897,1.3585884114461018,0.8954931991195306,0.9887099949349452,4.0,3.0,False,main,False
11538,7,7,12.641411588553897,1.3585884114461018,0.9029579706109927,0.9895864138391222,2.0,2.0,False,main,False
11538,8,8,13.641411588553897,1.3585884114461018,0.9094274392369266,0.9903365418480466,1.0,1.0,False,main,False
11538,9,9,14.641411588553897,1.3585884114461018,0.9150882242846187,0.9909858460862255,-1.0,-1.0,True,main,False
11481,1,1,6.610511008286487,1.3894889917135136,0.8263138760358109,0.9792013043711614,16.0,8.0,False,main,True
11481,2,2,7.610511008286487,1.3894889917135136,0.8456123342540541,0.9818454810797456,13.0,7.0,False,main,True
11481,3,3,8.610511008286487,1.3894889917135136,0.8610511008286487,0.9838928677631562,10.0,6.0,False,main,False
11481,4,4,9.610511008286487,1.3894889917135136,0.8736828189351352,0.98552509395534,8.0,5.0,False,main,False
11481,5,5,10.610511008286487,1.3894889917135136,0.8842092506905406,0.9868568510159823,6.0,4.0,False,main,False
11481,6,6,11.610511008286487,1.3894889917135136,0.8931162314066529,0.9879641356316726,4.0,3.0,False,main,False
11481,7,7,12.610511008286487,1.3894889917135136,0.9007507863061777,0.9888993026919436,2.0,2.0,False,main,False
11481,8,8,13.610511008286487,1.3894889917135136,0.9073674005524325,0.9896995970756834,1.0,1.0,False,main,False
11481,9,9,14.610511008286487,1.3894889917135136,0.9131569380179054,0.9903922388145946,-1.0,-1.0,True,main,False
5221,1,1,6.631517649178917,1.3684823508210822,0.8289397061473647,0.9800912787167478,15.0,8.0,False,main,True
7327,1,1,6.592871844850045,1.407128155149955,0.8241089806062556,0.9784408019963869,16.0,8.0,False,main,True
2653,1,1,6.732261095856355,1.2677389041436444,0.8415326369820444,0.9841155172152278,15.0,8.0,False,main,True
5850,1,1,6.7054847546322485,1.2945152453677513,0.8381855943290311,0.9830860291703545,15.0,8.0,False,main,True
5850,2,2,7.7054847546322485,1.2945152453677513,0.8561649727369165,0.9852261246479214,12.0,7.0,False,main,True
5850,3,3,8.705484754632248,1.2945152453677513,0.8705484754632249,0.9868853072323477,10.0,6.0,False,main,False
5850,4,4,9.705484754632248,1.2945152453677513,0.8823167958756589,0.9882093489092645,7.0,5.0,False,main,False
5850,5,5,10.705484754632248,1.2945152453677513,0.8921237295526874,0.989290500786042,6.0,4.0,False,main,False
5850,6,6,11.705484754632248,1.2945152453677513,0.9004219042024807,0.9901899956548275,4.0,3.0,False,main,False
5850,7,7,12.705484754632248,1.2945152453677513,0.9075346253308749,0.9909500760878759,2.0,2.0,False,main,False
5850,8,8,13.705484754632248,1.2945152453677513,0.9136989836421499,0.9916008275750384,1.0,1.0,False,main,False
5850,9,9,14.705484754632248,1.2945152453677513,0.9190927971645155,0.9921642589075397,-1.0,-1.0,True,main,False
3168,1,1,6.769305495061376,1.2306945049386244,0.846163186882672,0.9854906452337828,14.0,8.0,False,main,True
3168,2,2,7.769305495061376,1.2306945049386244,0.8632561661179307,0.9873205384156213,12.0,7.0,False,main,False
3168,3,3,8.769305495061376,1.2306945049386244,0.8769305495061376,0.9887404466056265,9.0,6.0,False,main,False
3168,4,4,9.769305495061376,1.2306945049386244,0.888118681369216,0.989874301681236,7.0,5.0,False,main,False
3168,5,5,10.769305495061376,1.2306945049386244,0.897442124588448,0.9908006494355213,5.0,4.0,False,main,False
3168,6,6,11.769305495061376,1.2306945049386244,0.9053311919277982,0.9915716863447992,4.0,3.0,False,main,False
3168,7,7,12.769305495061376,1.2306945049386244,0.9120932496472411,0.9922234550242098,2.0,2.0,False,main,False
3168,8,8,13.769305495061376,1.2306945049386244,0.9179536996707583,0.9927816452583508,1.0,1.0,False,main,False
3168,9,9,14.769305495061376,1.2306945049386244,0.923081593441336,0.9932650624612478,-1.0,-1.0,True,main,False
8854,1,1,6.716349011987521,1.2836509880124787,0.8395436264984402,0.9835072920040892,15.0,8.0,False,main,True
11402,1,1,6.591239580538534,1.4087604194614651,0.8239049475673168,0.9783698236327085,16.0,8.0,False,main,True
8869,0,1,5.688851816161531,2.311148183838469,0.7111064770201914,0.9257509267502619,35.0,14.0,False,main,True
11037,1,1,6.7671936521265055,1.232806347873495,0.8458992065158132,0.9854138027428744,14.0,8.0,False,main,True
11037,2,2,7.7671936521265055,1.232806347873495,0.863021516902945,0.9872535860133518,12.0,7.0,False,main,False
11037,3,3,8.767193652126505,1.232806347873495,0.8767193652126505,0.9886811276732944,9.0,6.0,False,main,False
11037,4,4,9.767193652126505,1.232806347873495,0.8879266956478641,0.9898210531114083,7.0,5.0,False,main,False
11037,5,5,10.767193652126505,1.232806347873495,0.8972661376772088,0.9907523437841205,5.0,4.0,False,main,False
11037,6,6,11.767193652126505,1.232806347873495,0.9051687424712695,0.9915274836538238,4.0,3.0,False,main,False
11037,7,7,12.767193652126505,1.232806347873495,0.9119424037233218,0.9921827127173656,2.0,2.0,False,main,False
11037,8,8,13.767193652126505,1.232806347873495,0.917812910141767,0.9927438607786199,1.0,1.0,False,main,False
11037,9,9,14.767193652126505,1.232806347873495,0.9229496032579065,0.9932298353383444,-1.0,-1.0,True,main,False
10757,1,1,6.815428580248968,1.1845714197510318,0.851928572531121,0.987121383522237,14.0,8.0,False,main,True
10757,2,2,7.815428580248968,1.1845714197510318,0.8683809533609964,0.9887417619275005,11.0,7.0,False,main,False
10757,3,3,8.815428580248968,1.1845714197510318,0.8815428580248967,0.9899998832566543,9.0,6.0,False,main,False
10757,4,4,9.815428580248968,1.1845714197510318,0.8923116891135425,0.991005033218179,7.0,5.0,False,main,False
10757,5,5,10.815428580248968,1.1845714197510318,0.9012857150207473,0.9918265494201081,5.0,4.0,False,main,False
10757,6,6,11.815428580248968,1.1845714197510318,0.9088791215576129,0.9925105481529234,4.0,3.0,False,main,False
10757,7,7,12.815428580248968,1.1845714197510318,0.9153877557320691,0.9930888953583044,2.0,2.0,False,main,False
10757,8,8,13.815428580248968,1.1845714197510318,0.9210285720165978,0.9935843167009705,1.0,1.0,False,main,False
10757,9,9,14.815428580248968,1.1845714197510318,0.9259642862655605,0.9940134557137319,-1.0,-1.0,True,main,False
4144,1,1,6.882952305447899,1.117047694552101,0.8603690381809874,0.9893413592710019,13.0,8.0,False,main,True
4144,2,2,7.882952305447899,1.117047694552101,0.8758835894942111,0.990677714874612,11.0,7.0,False,main,False
4144,3,3,8.8829523054479,1.117047694552101,0.88829523054479,0.9917162673134727,9.0,6.0,False,main,False
4144,4,4,9.8829523054479,1.117047694552101,0.8984502095861727,0.9925465928566689,7.0,5.0,False,main,False
4144,5,5,10.8829523054479,1.117047694552101,0.9069126921206583,0.993225613832767,5.0,4.0,False,main,False
4144,6,6,11.8829523054479,1.117047694552101,0.914073254265223,0.9937912363216175,4.0,3.0,False,main,False
4144,7,7,12.8829523054479,1.117047694552101,0.9202108789605642,0.9942696795328984,2.0,2.0,False,main,False
4144,8,8,13.8829523054479,1.117047694552101,0.9255301536965266,0.9946796577027117,1.0,1.0,False,main,False
4144,9,9,14.8829523054479,1.117047694552101,0.9301845190904937,0.9950348861576975,-1.0,-1.0,True,main,False
7379,1,1,6.890874740529908,1.1091252594700927,0.8613593425662385,0.9895885015143787,13.0,8.0,False,main,True
10591,1,1,6.647230087861508,1.352769912138492,0.8309037609826885,0.9807456717478342,15.0,8.0,False,main,True
10591,2,2,7.647230087861508,1.352769912138492,0.849692231984612,0.983189034211277,12.0,7.0,False,main,False
10591,3,3,8.647230087861509,1.352769912138492,0.8647230087861508,0.9850818573425849,10.0,6.0,False,main,False
10591,4,4,9.647230087861509,1.352769912138492,0.877020917078319,0.9865914335118801,8.0,5.0,False,main,False
10591,5,5,10.647230087861509,1.352769912138492,0.8872691739884591,0.9878234903892773,6.0,4.0,False,main,False
10591,6,6,11.647230087861509,1.352769912138492,0.8959407759893468,0.9888481317662856,4.0,3.0,False,main,False
10591,7,7,12.647230087861509,1.352769912138492,0.9033735777043935,0.9897136787532202,2.0,2.0,False,main,False
10591,8,8,13.647230087861509,1.352769912138492,0.9098153391907673,0.9904545218045959,1.0,1.0,False,main,False
10591,9,9,14.647230087861509,1.352769912138492,0.9154518804913443,0.991095804123704,-1.0,-1.0,True,main,False
4125,1,1,6.593895311883013,1.4061046881169872,0.8242369139853766,0.9784852550087578,16.0,8.0,False,main,True
3747,1,1,6.659914260735214,1.3400857392647856,0.8324892825919018,0.9812668307278504,15.0,8.0,False,main,True
8940,1,1,6.675668636664493,1.3243313633355072,0.8344585795830616,0.9819052136917297,15.0,8.0,False,main,True
4391,0,1,5.589940839363616,2.410059160636384,0.698742604920452,0.9185957203665378,37.0,14.0,False,main,True
3748,1,1,6.775820638247812,1.2241793617521877,0.8469775797809765,0.9857265165671943,14.0,8.0,False,main,True
11287,1,1,6.798858693386449,1.2011413066135515,0.8498573366733061,0.9865460554220289,14.0,8.0,False,main,True
11287,2,2,7.798858693386449,1.2011413066135515,0.8665398548207165,0.9882402691346067,11.0,7.0,False,main,False
11287,3,3,8.79885869338645,1.2011413066135515,0.8798858693386448,0.9895554229434244,9.0,6.0,False,main,False
11287,4,4,9.79885869338645,1.2011413066135515,0.8908053357624044,0.9906059540070015,7.0,5.0,False,main,False
11287,5,5,10.79885869338645,1.2011413066135515,0.8999048911155373,0.9914644403490713,5.0,4.0,False,main,False
11287,6,6,11.79885869338645,1.2011413066135515,0.9076045148758806,0.9921791387708015,4.0,3.0,False,main,False
11287,7,7,12.79885869338645,1.2011413066135515,0.9142041923847463,0.9927833860739896,2.0,2.0,False,main,False
11287,8,8,13.79885869338645,1.2011413066135515,0.9199239128924299,0.9933009520478002,1.0,1.0,False,main,False
11287,9,9,14.79885869338645,1.2011413066135515,0.9249286683366531,0.9937492419274422,-1.0,-1.0,True,main,False
7793,1,1,6.616213222541914,1.383786777458086,0.8270266528177392,0.9794445831693466,16.0,8.0,False,main,True
7793,2,2,7.616213222541914,1.383786777458086,0.8462459136157682,0.9820570907871615,12.0,7.0,False,main,False
7793,3,3,8.616213222541914,1.383786777458086,0.8616213222541914,0.9840801097800336,10.0,6.0,False,main,False
7793,4,4,9.616213222541914,1.383786777458086,0.8742012020492649,0.9856930041823342,8.0,5.0,False,main,False
7793,5,5,10.616213222541914,1.383786777458086,0.8846844352118262,0.9870090496993066,6.0,4.0,False,main,False
7793,6,6,11.616213222541914,1.383786777458086,0.8935548632724549,0.988103312725399,4.0,3.0,False,main,False
7793,7,7,12.616213222541914,1.383786777458086,0.9011580873244224,0.9890275115621934,2.0,2.0,False,main,False
7793,8,8,13.616213222541914,1.383786777458086,0.9077475481694609,0.9898184407425411,1.0,1.0,False,main,False
7793,9,9,14.616213222541914,1.383786777458086,0.9135133264088696,0.9905029927090777,-1.0,-1.0,True,main,False
3440,1,1,6.835174796652669,1.1648252033473314,0.8543968495815836,0.9877914048775268,14.0,8.0,False,main,True
9753,1,1,6.921660822060217,1.078339177939783,0.8652076027575272,0.9905218336464844,13.0,8.0,False,main,True
9753,2,2,7.921660822060217,1.078339177939783,0.8801845357844686,0.9917077626559648,11.0,7.0,False,main,False
9753,3,3,8.921660822060218,1.078339177939783,0.8921660822060217,0.9926299012067547,9.0,6.0,False,main,False
9753,4,4,9.921660822060218,1.078339177939783,0.9019691656418379,0.9933674594450369,7.0,5.0,False,main,False
9753,5,5,10.921660822060218,1.078339177939783,0.9101384018383514,0.9939708180918599,5.0,4.0,False,main,False
9753,6,6,11.921660822060218,1.078339177939783,0.9170508324661705,0.994473551093287,4.0,3.0,False,main,False
9753,7,7,12.921660822060218,1.078339177939783,0.9229757730043012,0.9948988947086593,2.0,2.0,False,main,False
9753,8,8,13.921660822060218,1.078339177939783,0.9281107214706811,0.9952634420699419,1.0,1.0,False,main,False
9753,9,9,14.921660822060218,1.078339177939783,0.9326038013787636,0.9955793589292384,-1.0,-1.0,True,main,False
6308,1,1,6.608067169760007,1.3919328302399927,0.8260083962200009,0.9790966552937678,16.0,8.0,False,main,True
3394,1,1,6.838823088522246,1.161176911477754,0.8548528860652808,0.9879133280505872,14.0,8.0,False,main,True
3394,2,2,7.838823088522246,1.161176911477754,0.8709803431691384,0.9894322220596838,11.0,7.0,False,main,False
3394,3,3,8.838823088522247,1.161176911477754,0.8838823088522247,0.9906119228063159,9.0,6.0,False,main,False
3394,4,4,9.838823088522247,1.161176911477754,0.8944384625929316,0.9915546538097247,7.0,5.0,False,main,False
3394,5,5,10.838823088522247,1.161176911477754,0.903235257376854,0.9923253073425996,5.0,4.0,False,main,False
3394,6,6,11.838823088522247,1.161176911477754,0.9106786991170959,0.9929670616907377,4.0,3.0,False,main,False
3394,7,7,12.838823088522247,1.161176911477754,0.9170587920373033,0.9935097630659445,2.0,2.0,False,main,False
3394,8,8,13.838823088522247,1.161176911477754,0.9225882059014832,0.9939747028715341,1.0,1.0,False,main,False
3394,9,9,14.838823088522247,1.161176911477754,0.9274264430326404,0.9943774780162185,-1.0,-1.0,True,main,False
8386,0,1,5.761228356185827,2.238771643814173,0.7201535445232283,0.9308325072992825,33.0,14.0,False,main,True
8386,0,2,5.761228356185827,3.238771643814173,0.6401364840206474,0.8707598610726174,57.0,19.0,False,main,False
8386,0,3,5.761228356185827,4.238771643814173,0.5761228356185827,0.8125279805376222,94.0,26.0,False,main,True
8386,0,4,5.761228356185827,5.238771643814173,0.5237480323805297,0.7589713443927972,152.0,35.0,False,main,True
9690,0,1,5.683992768789342,2.3160072312106577,0.7104990960986678,0.9254050541283134,35.0,14.0,False,main,True
9690,0,2,5.683992768789342,3.3160072312106577,0.6315547520877047,0.8647005888266286,60.0,20.0,False,main,False
9690,0,3,5.683992768789342,4.316007231210658,0.5683992768789342,0.8063349845458327,100.0,27.0,False,main,True
9690,0,4,5.683992768789342,5.316007231210658,0.5167266153444857,0.7528545021182256,163.0,36.0,False,main,True
4159,1,1,6.726052471710118,1.2739475282898818,0.8407565589637648,0.9838794426850574,15.0,8.0,False,main,True
5819,1,1,6.591332557053855,1.4086674429461445,0.8239165696317319,0.9783738694184645,16.0,8.0,False,main,True
6430,0,1,5.664073488539179,2.3359265114608205,0.7080091860673974,0.9239810440681139,36.0,14.0,False,main,True
11095,1,1,6.661885788165932,1.3381142118340674,0.8327357235207415,0.9813472616530052,15.0,8.0,False,main,True
11095,2,2,7.661885788165932,1.3381142118340674,0.851320643129548,0.983712546318255,12.0,7.0,False,main,False
11095,3,3,8.661885788165932,1.3381142118340674,0.8661885788165933,0.9855452432169863,10.0,6.0,False,main,False
11095,4,4,9.661885788165932,1.3381142118340674,0.8783532534696302,0.9870070888089386,8.0,5.0,False,main,False
11095,5,5,10.661885788165932,1.3381142118340674,0.888490482347161,0.9882003340881047,6.0,4.0,False,main,False
11095,6,6,11.661885788165932,1.3381142118340674,0.8970681375512256,0.9891927956300152,4.0,3.0,False,main,False
11095,7,7,12.661885788165932,1.3381142118340674,0.9044204134404238,0.9900312280379862,2.0,2.0,False,main,False
11095,8,8,13.661885788165932,1.3381142118340674,0.9107923858777288,0.9907489127520298,1.0,1.0,False,main,False
11095,9,9,14.661885788165932,1.3381142118340674,0.9163678617603708,0.991370185767923,-1.0,-1.0,True,main,False
7877,1,1,6.797544421136631,1.2024555788633693,0.8496930526420788,0.986499914571901,14.0,8.0,False,main,True
7877,2,2,7.797544421136631,1.2024555788633693,0.8663938245707368,0.9882000537343778,11.0,7.0,False,main,False
7877,3,3,8.797544421136632,1.2024555788633693,0.8797544421136632,0.9895197837155921,9.0,6.0,False,main,False
7877,4,4,9.797544421136632,1.2024555788633693,0.8906858564669665,0.9905739555678584,7.0,5.0,False,main,False
7877,5,5,10.797544421136632,1.2024555788633693,0.8997953684280526,0.9914354075876921,5.0,4.0,False,main,False
7877,6,6,11.797544421136632,1.2024555788633693,0.9075034170105101,0.9921525684628882,4.0,3.0,False,main,False
7877,7,7,12.797544421136632,1.2024555788633693,0.9141103157954736,0.9927588930851075,2.0,2.0,False,main,False
7877,8,8,13.797544421136632,1.2024555788633693,0.9198362947424421,0.993278235059083,1.0,1.0,False,main,False
7877,9,9,14.797544421136632,1.2024555788633693,0.9248465263210395,0.9937280607564452,-1.0,-1.0,True,main,False
1968,1,1,6.666037148353804,1.3339628516461963,0.8332546435442255,0.981516114890331,15.0,8.0,False,main,True
890,1,1,6.660576111095604,1.3394238889043966,0.8325720138869505,0.9812938490012594,15.0,8.0,False,main,True
890,2,2,7.660576111095604,1.3394238889043966,0.8511751234550671,0.9836660624790419,12.0,7.0,False,main,True
890,3,3,8.660576111095605,1.3394238889043966,0.8660576111095603,0.9855040958384605,10.0,6.0,False,main,False
890,4,4,9.660576111095605,1.3394238889043966,0.8782341919177821,0.9869701781595073,8.0,5.0,False,main,False
890,5,5,10.660576111095605,1.3394238889043966,0.8883813425913002,0.988166868769971,6.0,4.0,False,main,False
890,6,6,11.660576111095605,1.3394238889043966,0.8969673931612002,0.9891621871267322,4.0,3.0,False,main,False
890,7,7,12.660576111095605,1.3394238889043966,0.9043268650782573,0.9900030268059712,2.0,2.0,False,main,False
890,8,8,13.660576111095605,1.3394238889043966,0.9107050740730402,0.9907227676457312,1.0,1.0,False,main,False
890,9,9,14.660576111095605,1.3394238889043966,0.9162860069434753,0.9913458172689035,-1.0,-1.0,True,main,False
11523,1,1,6.929563274911308,1.0704367250886921,0.8661954093639135,0.9907544178033487,13.0,8.0,False,main,True
11523,2,2,7.929563274911308,1.0704367250886921,0.8810625861012564,0.991910761152823,11.0,7.0,False,main,False
11523,3,3,8.929563274911308,1.0704367250886921,0.8929563274911307,0.9928099928863341,9.0,6.0,False,main,False
11523,4,4,9.929563274911308,1.0704367250886921,0.9026875704464825,0.993529290617138,7.0,5.0,False,main,False
11523,5,5,10.929563274911308,1.0704367250886921,0.9107969395759423,0.9941177514048692,5.0,4.0,False,main,False
11523,6,6,11.929563274911308,1.0704367250886921,0.917658713454716,0.9946080985668441,4.0,3.0,False,main,False
11523,7,7,12.929563274911308,1.0704367250886921,0.9235402339222363,0.9950229823528516,2.0,2.0,False,main,False
11523,8,8,13.929563274911308,1.0704367250886921,0.9286375516607539,0.9953785790226347,1.0,1.0,False,main,False
11523,9,9,14.929563274911308,1.0704367250886921,0.9330977046819567,0.9956867496744161,-1.0,-1.0,True,main,False
9622,1,1,6.809560562670246,1.1904394373297542,0.8511950703337807,0.9869189974665521,14.0,8.0,False,main,True
9622,2,2,7.809560562670246,1.1904394373297542,0.867728951407805,0.9885653389233033,11.0,7.0,False,main,False
9622,3,3,8.809560562670246,1.1904394373297542,0.8809560562670246,0.9898435169964361,9.0,6.0,False,main,False
9622,4,4,9.809560562670246,1.1904394373297542,0.8917782329700223,0.990864627558461,7.0,5.0,False,main,False
9622,5,5,10.809560562670246,1.1904394373297542,0.9007967135558538,0.9916991470725475,5.0,4.0,False,main,False
9622,6,6,11.809560562670246,1.1904394373297542,0.9084277355900189,0.992393944227007,4.0,3.0,False,main,False
9622,7,7,12.809560562670246,1.1904394373297542,0.9149686116193033,0.992981402036535,2.0,2.0,False,main,False
9622,8,8,13.809560562670246,1.1904394373297542,0.920637370844683,0.9934846132573291,1.0,1.0,False,main,False
9622,9,9,14.809560562670246,1.1904394373297542,0.9255975351668904,0.9939204892417114,-1.0,-1.0,True,main,False
11634,0,1,5.923253828399639,2.0767461716003606,0.7404067285499549,0.9417164413837138,30.0,13.0,False,main,True
2673,1,1,6.792169496631934,1.207830503368066,0.8490211870789918,0.986310441112304,14.0,8.0,False,main,True
2645,0,1,5.590804936990286,2.4091950630097148,0.6988506171237857,0.918659261842433,37.0,14.0,False,main,True
254,1,1,6.632478734564832,1.3675212654351685,0.829059841820604,0.9801315845712033,15.0,8.0,False,main,True
7720,0,1,5.661054081287147,2.338945918712853,0.7076317601608934,0.9237643317770776,36.0,14.0,False,main,True
7720,0,2,5.661054081287147,3.338945918712853,0.6290060090319052,0.8628830055026024,61.0,20.0,False,main,False
7720,0,3,5.661054081287147,4.338945918712853,0.5661054081287147,0.8044829098727462,102.0,27.0,False,main,True
7720,0,4,5.661054081287147,5.338945918712853,0.5146412801170134,0.75102802637338,167.0,36.0,False,main,True
1165,1,1,6.812659740205088,1.1873402597949114,0.851582467525636,0.9870260733039199,14.0,8.0,False,main,True
4481,0,1,5.653170424045571,2.346829575954428,0.7066463030056964,0.923197436315142,36.0,14.0,False,main,True
1431,0,1,5.791115617857357,2.2088843821426427,0.7238894522321696,0.9328919789194238,33.0,14.0,False,main,True
5753,1,1,6.748116616795691,1.2518833832043088,0.8435145770994614,0.9847111310244179,14.0,8.0,False,main,True
9289,1,1,6.813753149619595,1.186246850380405,0.8517191437024494,0.9870637508985017,14.0,8.0,False,main,True
6084,1,1,6.772823663787994,1.2271763362120054,0.8466029579734993,0.9856182392268616,14.0,8.0,False,main,True
10531,1,1,6.858557213913409,1.1414427860865908,0.8573196517391761,0.9885626434581346,14.0,8.0,False,main,True
10531,2,2,7.858557213913409,1.1414427860865908,0.8731730237681565,0.9899984640649468,11.0,7.0,False,main,False
10531,3,3,8.858557213913409,1.1414427860865908,0.885855721391341,0.9911139434498915,9.0,6.0,False,main,False
10531,4,4,9.858557213913409,1.1414427860865908,0.8962324739921281,0.9920055403501136,7.0,5.0,False,main,False
10531,5,5,10.858557213913409,1.1414427860865908,0.9048797678261175,0.9927345157081037,5.0,4.0,False,main,False
10531,6,6,11.858557213913409,1.1414427860865908,0.91219670876257,0.9933416464134134,4.0,3.0,False,main,False
10531,7,7,12.858557213913409,1.1414427860865908,0.9184683724223863,0.9938551270704941,2.0,2.0,False,main,False
10531,8,8,13.858557213913409,1.1414427860865908,0.923903814260894,0.9942950757836654,1.0,1.0,False,main,False
10531,9,9,14.858557213913409,1.1414427860865908,0.9286598258695881,0.9946762329934847,-1.0,-1.0,True,main,False
11501,1,1,6.710308731156052,1.2896912688439484,0.8387885913945065,0.9832736765234202,15.0,8.0,False,main,True
5196,0,1,5.696782114824027,2.3032178851759726,0.7120977643530034,0.9263141495511887,35.0,14.0,False,main,True
6579,1,1,6.626674334853573,1.3733256651464272,0.8283342918566966,0.9798876104885321,15.0,8.0,False,main,True
2499,1,1,6.595719219449851,1.4042807805501492,0.8244649024312314,0.9785643746308779,16.0,8.0,False,main,True
11243,1,1,6.730183602963468,1.2698163970365326,0.8412729503704335,0.9840367011275024,15.0,8.0,False,main,True
11243,2,2,7.730183602963468,1.2698163970365326,0.8589092892181631,0.9860539834236425,12.0,7.0,False,main,False
11243,3,3,8.730183602963468,1.2698163970365326,0.8730183602963468,0.9876184704251864,9.0,6.0,False,main,False
11243,4,4,9.730183602963468,1.2698163970365326,0.8845621457239516,0.988867265850104,7.0,5.0,False,main,False
11243,5,5,10.730183602963468,1.2698163970365326,0.8941819669136223,0.9898871847714455,6.0,4.0,False,main,False
11243,6,6,11.730183602963468,1.2698163970365326,0.9023218156125744,0.9907358776850057,4.0,3.0,False,main,False
11243,7,7,12.730183602963468,1.2698163970365326,0.9092988287831049,0.9914531303109978,2.0,2.0,False,main,False
11243,8,8,13.730183602963468,1.2698163970365326,0.9153455735308978,0.9920672868503421,1.0,1.0,False,main,False
11243,9,9,14.730183602963468,1.2698163970365326,0.9206364751852167,0.9925990874895956,-1.0,-1.0,True,main,False
10308,1,1,6.5898375538085805,1.41016244619142,0.8237296942260726,0.9783087756651606,16.0,8.0,False,main,True
10308,2,2,7.5898375538085805,1.41016244619142,0.843315283756509,0.98106925008301,13.0,7.0,False,main,False
10308,3,3,8.58983755380858,1.41016244619142,0.858983755380858,0.9832060980226631,10.0,6.0,False,main,False
10308,4,4,9.58983755380858,1.41016244619142,0.8718034139825982,0.9849092827129676,8.0,5.0,False,main,False
10308,5,5,10.58983755380858,1.41016244619142,0.8824864628173817,0.9862987006553001,6.0,4.0,False,main,False
10308,6,6,11.58983755380858,1.41016244619142,0.8915259656775831,0.9874537678581488,4.0,3.0,False,main,False
10308,7,7,12.58983755380858,1.41016244619142,0.8992741109863271,0.9884291783444407,2.0,2.0,False,main,False
10308,8,8,13.58983755380858,1.41016244619142,0.9059891702539054,0.9892638313955178,1.0,1.0,False,main,False
10308,9,9,14.58983755380858,1.41016244619142,0.9118648471130363,0.9899861502469813,-1.0,-1.0,True,main,False
10148,1,1,6.694084693750636,1.3059153062493647,0.8367605867188295,0.9826388053287153,15.0,8.0,False,main,True
10148,2,2,7.694084693750636,1.3059153062493647,0.8548982993056262,0.984836752172247,12.0,7.0,False,main,False
10148,3,3,8.694084693750636,1.3059153062493647,0.8694084693750636,0.9865405252575689,10.0,6.0,False,main,False
10148,4,4,9.694084693750636,1.3059153062493647,0.8812804267046033,0.987899989269736,7.0,5.0,False,main,False
10148,5,5,10.694084693750636,1.3059153062493647,0.8911737244792196,0.9890099603461939,6.0,4.0,False,main,False
10148,6,6,11.694084693750636,1.3059153062493647,0.8995449764423566,0.9899333607954098,4.0,3.0,False,main,False
10148,7,7,12.694084693750636,1.3059153062493647,0.9067203352679025,0.9907135914636562,2.0,2.0,False,main,False
10148,8,8,13.694084693750636,1.3059153062493647,0.9129389795833757,0.9913815585030754,1.0,1.0,False,main,False
10148,9,9,14.694084693750636,1.3059153062493647,0.9183802933594147,0.9919598684332124,-1.0,-1.0,True,main,False
11448,0,1,5.716236551835854,2.2837634481641467,0.7145295689794817,0.9276891650370087,34.0,14.0,False,main,True
6851,1,1,6.593010087763751,1.4069899122362486,0.8241262609704689,0.9784468087486858,16.0,8.0,False,main,True
6851,2,2,7.593010087763751,1.4069899122362486,0.8436677875293057,0.9811892858632958,13.0,7.0,False,main,True
6851,3,3,8.593010087763751,1.4069899122362486,0.8593010087763752,0.9833122919114272,10.0,6.0,False,main,False
6851,4,4,9.593010087763751,1.4069899122362486,0.8720918261603411,0.9850044990208803,8.0,5.0,False,main,False
6851,5,5,10.593010087763751,1.4069899122362486,0.8827508406469793,0.9863849975271554,6.0,4.0,False,main,False
6851,6,6,11.593010087763751,1.4069899122362486,0.8917700067510578,0.98753267398276,4.0,3.0,False,main,False
6851,7,7,12.593010087763751,1.4069899122362486,0.8995007205545537,0.9885018602818216,2.0,2.0,False,main,False
6851,8,8,13.593010087763751,1.4069899122362486,0.9062006725175834,0.9893311996218506,1.0,1.0,False,main,False
6851,9,9,14.593010087763751,1.4069899122362486,0.9120631304852345,0.9900489290193588,-1.0,-1.0,True,main,False
3085,1,1,6.653139374119962,1.3468606258800377,0.8316424217649953,0.980989262472721,15.0,8.0,False,main,True
8176,1,1,6.672514960071953,1.3274850399280471,0.8340643700089941,0.981778218817754,15.0,8.0,False,main,True
8176,2,2,7.672514960071953,1.3274850399280471,0.8525016622302171,0.9840876230865453,12.0,7.0,False,main,False
8176,3,3,8.672514960071954,1.3274850399280471,0.8672514960071952,0.9858772766726615,10.0,6.0,False,main,False
8176,4,4,9.672514960071954,1.3274850399280471,0.8793195418247229,0.9873049461353894,8.0,5.0,False,main,False
8176,5,5,10.672514960071954,1.3274850399280471,0.8893762466726627,0.9884703971773402,6.0,4.0,False,main,False
8176,6,6,11.672514960071954,1.3274850399280471,0.897885766159381,0.9894398108091771,4.0,3.0,False,main,False
8176,7,7,12.672514960071954,1.3274850399280471,0.9051796400051395,0.9902588211351713,2.0,2.0,False,main,False
8176,8,8,13.672514960071954,1.3274850399280471,0.9115009973381302,0.990959916155924,1.0,1.0,False,main,False
8176,9,9,14.672514960071954,1.3274850399280471,0.9170321850044971,0.9915668542459252,-1.0,-1.0,True,main,False
193,1,1,6.88899497585782,1.11100502414218,0.8611243719822275,0.9895301182179305,13.0,8.0,False,main,True
9556,1,1,6.615111684439626,1.3848883155603744,0.8268889605549532,0.979397685469117,16.0,8.0,False,main,True
9556,2,2,7.615111684439626,1.3848883155603744,0.8461235204932918,0.9820162970243262,12.0,7.0,False,main,False
9556,3,3,8.615111684439626,1.3848883155603744,0.8615111684439626,0.9840440128906941,10.0,6.0,False,main,False
9556,4,4,9.615111684439626,1.3848883155603744,0.8741010622217842,0.9856606336283452,8.0,5.0,False,main,False
9556,5,5,10.615111684439626,1.3848883155603744,0.8845926403699688,0.9869797077383052,6.0,4.0,False,main,False
9556,6,6,11.615111684439626,1.3848883155603744,0.8934701295722789,0.9880764808928881,4.0,3.0,False,main,False
9556,7,7,12.615111684439626,1.3848883155603744,0.9010794060314018,0.9890027940775101,2.0,2.0,False,main,False
9556,8,8,13.615111684439626,1.3848883155603744,0.907674112295975,0.9897955286196807,1.0,1.0,False,main,False
9556,9,9,14.615111684439626,1.3848883155603744,0.9134444802774766,0.9904816401000407,-1.0,-1.0,True,main,False
11569,1,1,6.8108784409921155,1.189121559007885,0.8513598051240144,0.9869645807394767,14.0,8.0,False,main,True
11569,2,2,7.8108784409921155,1.189121559007885,0.8678753823324573,0.98860507356921,11.0,7.0,False,main,False
11569,3,3,8.810878440992116,1.189121559007885,0.8810878440992115,0.9898787337178576,9.0,6.0,False,main,False
11569,4,4,9.810878440992116,1.189121559007885,0.8918980400901922,0.9908962491668619,7.0,5.0,False,main,False
11569,5,5,10.810878440992116,1.189121559007885,0.9009065367493428,0.991727839776663,5.0,4.0,False,main,False
11569,6,6,11.810878440992116,1.189121559007885,0.9085291108455473,0.9924202047182887,4.0,3.0,False,main,False
11569,7,7,12.810878440992116,1.189121559007885,0.915062745785151,0.9930056105141787,2.0,2.0,False,main,False
11569,8,8,13.810878440992116,1.189121559007885,0.9207252293994743,0.9935070672212108,1.0,1.0,False,main,False
11569,9,9,14.810878440992116,1.189121559007885,0.9256799025620073,0.9939414258586786,-1.0,-1.0,True,main,False
4326,1,1,6.594107325971447,1.4058926740285522,0.8242634157464309,0.9784944585576549,16.0,8.0,False,main,True
4254,0,1,5.888502630379281,2.111497369620719,0.7360628287974101,0.9394408394124523,31.0,13.0,False,main,True
9559,1,1,6.604369421627348,1.3956305783726517,0.8255461777034185,0.9789378731987771,16.0,8.0,False,main,True
9559,2,2,7.604369421627348,1.3956305783726517,0.844929935736372,0.9816163571401183,13.0,7.0,False,main,False
9559,3,3,8.604369421627348,1.3956305783726517,0.8604369421627348,0.9836901382955994,10.0,6.0,False,main,False
9559,4,4,9.604369421627348,1.3956305783726517,0.8731244928752134,0.9853433022916476,8.0,5.0,False,main,False
9559,5,5,10.604369421627348,1.3956305783726517,0.883697451802279,0.986692074925483,6.0,4.0,False,main,False
9559,6,6,11.604369421627348,1.3956305783726517,0.8926438016636422,0.9878134610729293,4.0,3.0,False,main,False
9559,7,7,12.604369421627348,1.3956305783726517,0.9003121015448106,0.9887605054272742,2.0,2.0,False,main,False
9559,8,8,13.604369421627348,1.3956305783726517,0.9069579614418232,0.9895709408090714,1.0,1.0,False,main,False
9559,9,9,14.604369421627348,1.3956305783726517,0.9127730888517093,0.9902723421556463,-1.0,-1.0,True,main,False
10205,1,1,6.593055260365563,1.4069447396344366,0.8241319075456954,0.9784487713714862,16.0,8.0,False,main,True
10205,2,2,7.593055260365563,1.4069447396344366,0.8436728067072848,0.9811909926214484,13.0,7.0,False,main,False
10205,3,3,8.593055260365563,1.4069447396344366,0.8593055260365563,0.9833138018753789,10.0,6.0,False,main,False
10205,4,4,9.593055260365563,1.4069447396344366,0.8720959327605058,0.9850058529095065,8.0,5.0,False,main,False
10205,5,5,10.593055260365563,1.4069447396344366,0.8827546050304637,0.9863862245999385,6.0,4.0,False,main,False
10205,6,6,11.593055260365563,1.4069447396344366,0.8917734815665818,0.9875337959728065,4.0,3.0,False,main,False
10205,7,7,12.593055260365563,1.4069447396344366,0.8995039471689689,0.9885028937742889,2.0,2.0,False,main,False
10205,8,8,13.593055260365563,1.4069447396344366,0.9062036840243709,0.9893321575613572,1.0,1.0,False,main,False
10205,9,9,14.593055260365563,1.4069447396344366,0.9120659537728477,0.9900498217031318,-1.0,-1.0,True,main,False
1681,1,1,6.664555706698437,1.3354442933015633,0.8330694633373046,0.9814559373581254,15.0,8.0,False,main,True
7743,1,1,6.641848560812942,1.3581514391870577,0.8302310701016178,0.9805226354773507,15.0,8.0,False,main,True
7743,2,2,7.641848560812942,1.3581514391870577,0.8490942845347713,0.982994966026469,12.0,7.0,False,main,False
7743,3,3,8.641848560812942,1.3581514391870577,0.8641848560812943,0.9849100924722344,10.0,6.0,False,main,False
7743,4,4,9.641848560812942,1.3581514391870577,0.8765316873466311,0.9864373711699719,8.0,5.0,False,main,False
7743,5,5,10.641848560812942,1.3581514391870577,0.8868207134010785,0.98768382090883,6.0,4.0,False,main,False
7743,6,6,11.641848560812942,1.3581514391870577,0.8955268123702264,0.9887203946462236,4.0,3.0,False,main,False
7743,7,7,12.641848560812942,1.3581514391870577,0.9029891829152101,0.9895959949579928,2.0,2.0,False,main,False
7743,8,8,13.641848560812942,1.3581514391870577,0.9094565707208628,0.9903454238763818,1.0,1.0,False,main,False
7743,9,9,14.641848560812942,1.3581514391870577,0.9151155350508089,0.9909941241313274,-1.0,-1.0,True,main,False
5705,1,1,6.679380469664549,1.3206195303354509,0.8349225587080686,0.9820541729961786,15.0,8.0,False,main,True
4002,0,1,5.776811501412375,2.2231884985876254,0.7221014376765469,0.9319091804313707,33.0,14.0,False,main,True
4510,1,1,6.631100178963562,1.368899821036438,0.8288875223704453,0.9800737596438898,15.0,8.0,False,main,True
6331,1,1,6.839336584354195,1.1606634156458053,0.8549170730442743,0.9879304416891355,14.0,8.0,False,main,True
5126,1,1,6.6461476769040235,1.3538523230959767,0.8307684596130029,0.9807009032797083,15.0,8.0,False,main,True
5126,2,2,7.6461476769040235,1.3538523230959767,0.8495719641004471,0.9831500793855495,12.0,7.0,False,main,False
5126,3,3,8.646147676904024,1.3538523230959767,0.8646147676904024,0.9850473787902942,10.0,6.0,False,main,False
5126,4,4,9.646147676904024,1.3538523230959767,0.876922516082184,0.9865605079732026,8.0,5.0,False,main,False
5126,5,5,10.646147676904024,1.3538523230959767,0.8871789730753353,0.9877954536681491,6.0,4.0,False,main,False
5126,6,6,11.646147676904024,1.3538523230959767,0.8958575136080018,0.9888224900621124,4.0,3.0,False,main,False
5126,7,7,12.646147676904024,1.3538523230959767,0.9032962626360017,0.9896900549489588,2.0,2.0,False,main,False
5126,8,8,13.646147676904024,1.3538523230959767,0.9097431784602682,0.9904326213782678,1.0,1.0,False,main,False
5126,9,9,14.646147676904024,1.3538523230959767,0.9153842298065015,0.9910753926639975,-1.0,-1.0,True,main,False
1090,1,1,6.810541297346989,1.1894587026530103,0.8513176621683737,0.9869529266534567,14.0,8.0,False,main,True
1090,2,2,7.810541297346989,1.1894587026530103,0.8678379219274432,0.9885949147228928,11.0,7.0,False,main,True
1090,3,3,8.81054129734699,1.1894587026530103,0.881054129734699,0.9898697299197372,9.0,6.0,False,main,False
1090,4,4,9.81054129734699,1.1894587026530103,0.8918673906679082,0.9908881644988073,7.0,5.0,False,main,False
1090,5,5,10.81054129734699,1.1894587026530103,0.9008784414455825,0.9917205039196216,5.0,4.0,False,main,False
1090,6,6,11.81054129734699,1.1894587026530103,0.9085031767189993,0.9924134906899382,4.0,3.0,False,main,False
1090,7,7,12.81054129734699,1.1894587026530103,0.9150386640962136,0.9929994211135074,2.0,2.0,False,main,False
1090,8,8,13.81054129734699,1.1894587026530103,0.920702753156466,0.9935013263895187,1.0,1.0,False,main,False
1090,9,9,14.81054129734699,1.1894587026530103,0.9256588310841869,0.9939360729616863,-1.0,-1.0,True,main,False
4301,1,1,6.891900967664115,1.1080990323358855,0.8614876209580143,0.9896203075109681,13.0,8.0,False,main,True
2980,1,1,6.6007552373051315,1.399244762694868,0.8250944046631414,0.9787821699241865,16.0,8.0,False,main,True
2980,2,2,7.6007552373051315,1.399244762694868,0.8445283597005702,0.9814809386465131,13.0,7.0,False,main,True
2980,3,3,8.600755237305131,1.399244762694868,0.8600755237305131,0.983570324494539,10.0,6.0,False,main,False
2980,4,4,9.600755237305131,1.399244762694868,0.8727959306641029,0.9852358662148125,8.0,5.0,False,main,False
2980,5,5,10.600755237305131,1.399244762694868,0.8833962697754276,0.9865946972848142,6.0,4.0,False,main,False
2980,6,6,11.600755237305131,1.399244762694868,0.8923657874850102,0.9877244188857082,4.0,3.0,False,main,False
2980,7,7,12.600755237305131,1.399244762694868,0.9000539455217951,0.988678483660321,2.0,2.0,False,main,False
2980,8,8,13.600755237305131,1.399244762694868,0.9067170158203421,0.9894949129726883,1.0,1.0,False,main,False
2980,9,9,14.600755237305131,1.399244762694868,0.9125472023315707,0.990201491617832,-1.0,-1.0,True,main,False
3452,1,1,6.8945960086164355,1.1054039913835647,0.8618245010770544,0.9897036083379775,13.0,8.0,False,main,True
3452,2,2,7.8945960086164355,1.1054039913835647,0.8771773342907151,0.9909937566129271,11.0,7.0,False,main,False
3452,3,3,8.894596008616436,1.1054039913835647,0.8894596008616436,0.991996559100399,9.0,6.0,False,main,False
3452,4,4,9.894596008616436,1.1054039913835647,0.8995087280560395,0.9927984022928686,7.0,5.0,False,main,False
3452,5,5,10.894596008616436,1.1054039913835647,0.9078830007180363,0.9934541964973514,5.0,4.0,False,main,False
3452,6,6,11.894596008616436,1.1054039913835647,0.9149689237397258,0.9940005158206193,4.0,3.0,False,main,False
3452,7,7,12.894596008616436,1.1054039913835647,0.9210425720440311,0.9944626625882964,2.0,2.0,False,main,False
3452,8,8,13.894596008616436,1.1054039913835647,0.926306400574429,0.9948586992176867,1.0,1.0,False,main,False
3452,9,9,14.894596008616436,1.1054039913835647,0.9309122505385272,0.9952018649440366,-1.0,-1.0,True,main,False
9779,1,1,6.7326010794415945,1.2673989205584055,0.8415751349301993,0.9841283984937765,15.0,8.0,False,main,True
9779,2,2,7.7326010794415945,1.2673989205584055,0.8591778977157327,0.986133846660935,12.0,7.0,False,main,False
9779,3,3,8.732601079441594,1.2673989205584055,0.8732601079441593,0.9876892064327168,9.0,6.0,False,main,False
9779,4,4,9.732601079441594,1.2673989205584055,0.8847819163128722,0.9889307477310565,7.0,5.0,False,main,False
9779,5,5,10.732601079441594,1.2673989205584055,0.8943834232867994,0.9899447624964425,6.0,4.0,False,main,False
9779,6,6,11.732601079441594,1.2673989205584055,0.902507775341661,0.990788556359426,4.0,3.0,False,main,False
9779,7,7,12.732601079441594,1.2673989205584055,0.9094715056743995,0.9915016784512826,2.0,2.0,False,main,False
9779,8,8,13.732601079441594,1.2673989205584055,0.9155067386294395,0.9921123052504828,1.0,1.0,False,main,False
9779,9,9,14.732601079441594,1.2673989205584055,0.9207875674650996,0.992641054725764,-1.0,-1.0,True,main,False
10982,1,1,6.600595914349778,1.3994040856502217,0.8250744892937223,0.9787752945326226,16.0,8.0,False,main,True
10982,2,2,7.600595914349778,1.3994040856502217,0.8445106571499754,0.981474959093146,13.0,7.0,False,main,False
10982,3,3,8.600595914349778,1.3994040856502217,0.8600595914349778,0.9835650340662744,10.0,6.0,False,main,False
10982,4,4,9.600595914349778,1.3994040856502217,0.8727814467590708,0.985231122388355,8.0,5.0,False,main,False
10982,5,5,10.600595914349778,1.3994040856502217,0.8833829928624816,0.9865903976299192,6.0,4.0,False,main,False
10982,6,6,11.600595914349778,1.3994040856502217,0.8923535318730599,0.9877204873101343,4.0,3.0,False,main,False
10982,7,7,12.600595914349778,1.3994040856502217,0.9000425653106985,0.988674862089674,2.0,2.0,False,main,False
10982,8,8,13.600595914349778,1.3994040856502217,0.9067063942899852,0.9894915560762058,1.0,1.0,False,main,False
10982,9,9,14.600595914349778,1.3994040856502217,0.9125372446468611,0.9901983633329369,-1.0,-1.0,True,main,False
7634,0,1,5.74490670373241,2.2550932962675896,0.7181133379665513,0.9296981437420556,34.0,14.0,False,main,True
7634,0,2,5.74490670373241,3.2550932962675896,0.6383229670813789,0.8694872274548133,58.0,19.0,False,main,False
7634,0,3,5.74490670373241,4.25509329626759,0.5744906703732411,0.8112247996394868,95.0,26.0,False,main,False
7634,0,4,5.74490670373241,5.25509329626759,0.5222642457938554,0.7576829555109176,155.0,35.0,False,main,True
7634,0,5,5.74490670373241,6.25509329626759,0.4787422253110342,0.7093669000154317,253.0,46.0,False,main,True
8776,0,1,5.68889972389251,2.31110027610749,0.7111124654865637,0.9257543339486398,35.0,14.0,False,main,True
8028,0,1,5.690352881463309,2.3096471185366907,0.7112941101829137,0.9258576553296886,35.0,14.0,False,main,True
8028,0,2,5.690352881463309,3.3096471185366907,0.632261431273701,0.8652030890144569,60.0,20.0,False,main,False
8028,0,3,5.690352881463309,4.309647118536691,0.569035288146331,0.8068474672580396,99.0,27.0,False,main,True
8028,0,4,5.690352881463309,5.309647118536691,0.5173048074057554,0.7533601271896545,162.0,36.0,False,main,True
3990,1,1,6.88258163873238,1.11741836126762,0.8603227048415475,0.9893297269190182,13.0,8.0,False,main,True
4611,1,1,6.708059872900984,1.2919401270990156,0.838507484112623,0.9831863169083677,15.0,8.0,False,main,True
5089,1,1,6.687058794719821,1.312941205280179,0.8358823493399776,0.9823605496955203,15.0,8.0,False,main,True
5410,1,1,6.843861279331502,1.1561387206684972,0.8554826599164378,0.9880807371991123,14.0,8.0,False,main,True
3362,1,1,6.841367554763028,1.1586324452369714,0.8551709443453785,0.9879980154817043,14.0,8.0,False,main,True
7555,1,1,6.6050862129305,1.3949137870695,0.8256357766163125,0.9789686935943667,16.0,8.0,False,main,True
8407,1,1,6.748577389775262,1.251422610224738,0.8435721737219077,0.9847282830746021,14.0,8.0,False,main,True
8407,2,2,7.748577389775262,1.251422610224738,0.8609530433083624,0.9866563646107803,12.0,7.0,False,main,False
8407,3,3,8.748577389775262,1.251422610224738,0.8748577389775262,0.9881520434216532,9.0,6.0,False,main,False
8407,4,4,9.748577389775262,1.251422610224738,0.8862343081613875,0.989346144873069,7.0,5.0,False,main,False
8407,5,5,10.748577389775262,1.251422610224738,0.8957147824812718,0.9903215438638836,5.0,4.0,False,main,False
8407,6,6,11.748577389775262,1.251422610224738,0.9037367222904048,0.9911332928517977,4.0,3.0,False,main,False
8407,7,7,12.748577389775262,1.251422610224738,0.910612670698233,0.9918193949115064,2.0,2.0,False,main,False
8407,8,8,13.748577389775262,1.251422610224738,0.9165718259850174,0.9924069303138153,1.0,1.0,False,main,False
8407,9,9,14.748577389775262,1.251422610224738,0.9217860868609539,0.9929157181219922,-1.0,-1.0,True,main,False
6064,1,1,6.852642561831383,1.1473574381686178,0.8565803202289228,0.988369842214856,14.0,8.0,False,main,True
6064,2,2,7.852642561831383,1.1473574381686178,0.8725158402034869,0.9898303170208559,11.0,7.0,False,main,True
6064,3,3,8.852642561831383,1.1473574381686178,0.8852642561831383,0.9909648584098364,9.0,6.0,False,main,False
6064,4,4,9.852642561831383,1.1473574381686178,0.8956947783483075,0.9918716344202156,7.0,5.0,False,main,False
6064,5,5,10.852642561831383,1.1473574381686178,0.9043868801526153,0.9926129829648724,5.0,4.0,False,main,False
6064,6,6,11.852642561831383,1.1473574381686178,0.911741735525491,0.993230393265318,4.0,3.0,False,main,False
6064,7,7,12.852642561831383,1.1473574381686178,0.9180458972736701,0.9937525499197785,2.0,2.0,False,main,False
6064,8,8,13.852642561831383,1.1473574381686178,0.9235095041220922,0.9941999191664126,1.0,1.0,False,main,False
6064,9,9,14.852642561831383,1.1473574381686178,0.9282901601144614,0.9945874955980109,-1.0,-1.0,True,main,False
1558,1,1,6.843669478564431,1.1563305214355692,0.8554586848205539,0.9880743845311163,14.0,8.0,False,main,True
8400,1,1,6.629403493062561,1.3705965069374384,0.8286754366328202,0.9800024882818016,15.0,8.0,False,main,True
8400,2,2,7.629403493062561,1.3705965069374384,0.8477114992291734,0.9825424198635149,12.0,7.0,False,main,False
8400,3,3,8.629403493062561,1.3705965069374384,0.8629403493062562,0.9845095848910815,10.0,6.0,False,main,False
8400,4,4,9.629403493062561,1.3705965069374384,0.8754003175511419,0.9860781618488222,8.0,5.0,False,main,False
8400,5,5,10.629403493062561,1.3705965069374384,0.8857836244218801,0.9873581850662545,6.0,4.0,False,main,False
8400,6,6,11.629403493062561,1.3705965069374384,0.8945694994663509,0.9884225903387824,4.0,3.0,False,main,False
8400,7,7,12.629403493062561,1.3705965069374384,0.9021002495044687,0.9893216377270827,2.0,2.0,False,main,False
8400,8,8,13.629403493062561,1.3705965069374384,0.9086268995375041,0.9900910899775623,1.0,1.0,False,main,False
8400,9,9,14.629403493062561,1.3705965069374384,0.9143377183164101,0.9907570888896841,-1.0,-1.0,True,main,False
2859,0,1,5.948234697279624,2.0517653027203764,0.743529337159953,0.9433319180547151,30.0,13.0,False,main,True
7757,1,1,6.590467358823778,1.4095326411762223,0.8238084198529723,0.9783362083491399,16.0,8.0,False,main,True
7757,2,2,7.590467358823778,1.4095326411762223,0.8433852620915309,0.9810931056541256,13.0,7.0,False,main,False
7757,3,3,8.590467358823778,1.4095326411762223,0.8590467358823778,0.9832272024733938,10.0,6.0,False,main,False
7757,4,4,9.590467358823778,1.4095326411762223,0.8718606689839798,0.9849282053768864,8.0,5.0,False,main,False
7757,5,5,10.590467358823778,1.4095326411762223,0.8825389465686482,0.9863158506147274,6.0,4.0,False,main,False
7757,6,6,11.590467358823778,1.4095326411762223,0.8915744122172137,0.9874694489526998,4.0,3.0,False,main,False
7757,7,7,12.590467358823778,1.4095326411762223,0.8993190970588413,0.9884436224334922,2.0,2.0,False,main,False
7757,8,8,13.590467358823778,1.4095326411762223,0.9060311572549186,0.9892772194378817,1.0,1.0,False,main,False
7757,9,9,14.590467358823778,1.4095326411762223,0.9119042099264861,0.9899986261882838,-1.0,-1.0,True,main,False
9908,1,1,6.781765272767389,1.2182347272326113,0.8477206590959236,0.9859401587915657,14.0,8.0,False,main,True
9908,2,2,7.781765272767389,1.2182347272326113,0.8646405858630433,0.9877122279828832,11.0,7.0,False,main,False
9908,3,3,8.78176527276739,1.2182347272326113,0.8781765272767389,0.9890874993984172,9.0,6.0,False,main,False
9908,4,4,9.78176527276739,1.2182347272326113,0.889251388433399,0.9901858540060526,7.0,5.0,False,main,False
9908,5,5,10.78176527276739,1.2182347272326113,0.8984804393972824,0.9910832921904571,5.0,4.0,False,main,False
9908,6,6,11.78176527276739,1.2182347272326113,0.9062896363667222,0.9918303304343442,4.0,3.0,False,main,False
9908,7,7,12.78176527276739,1.2182347272326113,0.9129832337690992,0.9924618577248959,2.0,2.0,False,main,False
9908,8,8,13.78176527276739,1.2182347272326113,0.9187843515178259,0.993002745376675,1.0,1.0,False,main,False
9908,9,9,14.78176527276739,1.2182347272326113,0.9238603295479618,0.9934712020003186,-1.0,-1.0,True,main,False
11984,1,1,6.680759568373024,1.3192404316269752,0.835094946046628,0.9821093762596252,15.0,8.0,False,main,True
6735,0,1,5.597829074937338,2.402170925062662,0.6997286343671673,0.9191751137106202,37.0,14.0,False,main,True
3295,1,1,6.7119978145169,1.2880021854830994,0.8389997268146125,0.9833391547485064,15.0,8.0,False,main,True
3295,2,2,7.7119978145169,1.2880021854830994,0.8568886460574334,0.9854465282964471,12.0,7.0,False,main,True
3295,3,3,8.7119978145169,1.2880021854830994,0.8711997814516901,0.987080485058703,10.0,6.0,False,main,False
3295,4,4,9.7119978145169,1.2880021854830994,0.8829088922288091,0.9883844847813918,7.0,5.0,False,main,False
3295,5,5,10.7119978145169,1.2880021854830994,0.8926664845430751,0.9894493289704027,6.0,4.0,False,main,False
3295,6,6,11.7119978145169,1.2880021854830994,0.9009229088089923,0.9903352953750061,4.0,3.0,False,main,False
3295,7,7,12.7119978145169,1.2880021854830994,0.9079998438940643,0.9910839716964708,2.0,2.0,False,main,False
3295,8,8,13.7119978145169,1.2880021854830994,0.91413318763446,0.991724979360557,1.0,1.0,False,main,False
3295,9,9,14.7119978145169,1.2880021854830994,0.9194998634073063,0.9922799891130158,-1.0,-1.0,True,main,False
10926,0,1,5.765588801292821,2.2344111987071793,0.7206986001616026,0.9311344078471271,33.0,14.0,False,main,True
10926,0,2,5.765588801292821,3.2344111987071793,0.6406209779214245,0.8710991402223895,57.0,19.0,False,main,False
10926,0,3,5.765588801292821,4.234411198707179,0.576558880129282,0.8128756307217502,93.0,26.0,False,main,True
10926,0,4,5.765588801292821,5.234411198707179,0.5241444364811655,0.7593151617875968,152.0,35.0,False,main,True
8992,1,1,6.706628940183598,1.2933710598164019,0.8383286175229497,0.9831306228431382,15.0,8.0,False,main,True
8418,1,1,6.616790509559772,1.383209490440228,0.8270988136949715,0.9794691422069421,16.0,8.0,False,main,True
8418,2,2,7.616790509559772,1.383209490440228,0.8463100566177525,0.982078453555768,12.0,7.0,False,main,False
8418,3,3,8.616790509559772,1.383209490440228,0.8616790509559772,0.9840990130340111,10.0,6.0,False,main,False
8418,4,4,9.616790509559772,1.383209490440228,0.874253682687252,0.9857099561181385,8.0,5.0,False,main,False
8418,5,5,10.616790509559772,1.383209490440228,0.8847325424633143,0.9870244156777478,6.0,4.0,False,main,False
8418,6,6,11.616790509559772,1.383209490440228,0.8935992699661364,0.9881173642354237,4.0,3.0,False,main,False
8418,7,7,12.616790509559772,1.383209490440228,0.9011993221114123,0.9890404558529781,2.0,2.0,False,main,False
8418,8,8,13.616790509559772,1.383209490440228,0.9077860339706515,0.989830439615124,1.0,1.0,False,main,False
8418,9,9,14.616790509559772,1.383209490440228,0.9135494068474858,0.9905141749032403,-1.0,-1.0,True,main,False
10211,1,1,6.858010184929682,1.141989815070318,0.8572512731162103,0.988544877056776,14.0,8.0,False,main,True
10211,2,2,7.858010184929682,1.141989815070318,0.8731122427699647,0.9899829690623064,11.0,7.0,False,main,False
10211,3,3,8.858010184929682,1.141989815070318,0.8858010184929682,0.9911002047294113,9.0,6.0,False,main,False
10211,4,4,9.858010184929682,1.141989815070318,0.8961827440845166,0.991993200218538,7.0,5.0,False,main,False
10211,5,5,10.858010184929682,1.141989815070318,0.9048341820774736,0.9927233156680703,5.0,4.0,False,main,False
10211,6,6,11.858010184929682,1.141989815070318,0.9121546296099756,0.9933313935826165,4.0,3.0,False,main,False
10211,7,7,12.858010184929682,1.141989815070318,0.9184292989235487,0.9938456737040585,2.0,2.0,False,main,False
10211,8,8,13.858010184929682,1.141989815070318,0.9238673456619788,0.9942863062077754,1.0,1.0,False,main,False
10211,9,9,14.858010184929682,1.141989815070318,0.9286256365581051,0.9946680549484785,-1.0,-1.0,True,main,False
8106,1,1,6.59082115614142,1.4091788438585802,0.8238526445176775,0.9783516121943577,16.0,8.0,False,main,True
8106,2,2,7.59082115614142,1.4091788438585802,0.8434245729046022,0.9811065009709813,13.0,7.0,False,main,False
8106,3,3,8.59082115614142,1.4091788438585802,0.8590821156141419,0.9832390530367066,10.0,6.0,False,main,False
8106,4,4,9.59082115614142,1.4091788438585802,0.8718928323764927,0.9849388308580777,8.0,5.0,False,main,False
8106,5,5,10.59082115614142,1.4091788438585802,0.8825684296784516,0.9863254807092143,6.0,4.0,False,main,False
8106,6,6,11.59082115614142,1.4091788438585802,0.8916016273954939,0.9874782542646692,4.0,3.0,False,main,False
8106,7,7,12.59082115614142,1.4091788438585802,0.8993443682958157,0.98845173315154,2.0,2.0,False,main,False
8106,8,8,13.59082115614142,1.4091788438585802,0.9060547437427613,0.9892847371706172,1.0,1.0,False,main,False
8106,9,9,14.59082115614142,1.4091788438585802,0.9119263222588387,0.9900056317617549,-1.0,-1.0,True,main,False
10116,1,1,6.89970880460761,1.1002911953923897,0.8624636005759513,0.989860734718271,13.0,8.0,False,main,True
10116,2,2,7.89970880460761,1.1002911953923897,0.8777454227341789,0.9911308530673063,11.0,7.0,False,main,False
10116,3,3,8.89970880460761,1.1002911953923897,0.8899708804607609,0.992118156095102,9.0,6.0,False,main,False
10116,4,4,9.89970880460761,1.1002911953923897,0.8999735276916009,0.992907649106779,7.0,5.0,False,main,False
10116,5,5,10.89970880460761,1.1002911953923897,0.9083090670506341,0.9935533709479548,5.0,4.0,False,main,False
10116,6,6,11.89970880460761,1.1002911953923897,0.9153622157390469,0.9940913186823916,4.0,3.0,False,main,False
10116,7,7,12.89970880460761,1.1002911953923897,0.9214077717576864,0.9945463973473354,2.0,2.0,False,main,False
10116,8,8,13.89970880460761,1.1002911953923897,0.9266472536405073,0.9949363868829085,1.0,1.0,False,main,False
10116,9,9,14.89970880460761,1.1002911953923897,0.9312318002879756,0.9952743201757713,-1.0,-1.0,True,main,False
1220,1,1,6.633859615454615,1.3661403845453848,0.8292324519318269,0.9801894323842246,15.0,8.0,False,main,True
1220,2,2,7.633859615454615,1.3661403845453848,0.8482066239394017,0.9827050606789413,12.0,7.0,False,main,False
1220,3,3,8.633859615454615,1.3661403845453848,0.8633859615454614,0.984653518775494,10.0,6.0,False,main,False
1220,4,4,9.633859615454615,1.3661403845453848,0.8758054195867832,0.986207250663364,8.0,5.0,False,main,False
1220,5,5,10.633859615454615,1.3661403845453848,0.8861549679545512,0.9874752061464849,6.0,4.0,False,main,False
1220,6,6,11.633859615454615,1.3661403845453848,0.8949122781118934,0.9885296079778052,4.0,3.0,False,main,False
1220,7,7,12.633859615454615,1.3661403845453848,0.9024185439610439,0.9894202280988963,2.0,2.0,False,main,False
1220,8,8,13.633859615454615,1.3661403845453848,0.9089239743636409,0.9901824838306943,1.0,1.0,False,main,False
1220,9,9,14.633859615454615,1.3661403845453848,0.9146162259659134,0.9908422656365379,-1.0,-1.0,True,main,False
859,1,1,6.614376081481079,1.3856239185189207,0.8267970101851349,0.9793663411491698,16.0,8.0,False,main,True
859,2,2,7.614376081481079,1.3856239185189207,0.846041786831231,0.9819890325752748,13.0,7.0,False,main,False
859,3,3,8.61437608148108,1.3856239185189207,0.861437608148108,0.9840198877735176,10.0,6.0,False,main,False
859,4,4,9.61437608148108,1.3856239185189207,0.8740341892255526,0.9856389991122326,8.0,5.0,False,main,False
859,5,5,10.61437608148108,1.3856239185189207,0.8845313401234233,0.9869600974448641,6.0,4.0,False,main,False
859,6,6,11.61437608148108,1.3856239185189207,0.8934135447293138,0.9880585482804178,4.0,3.0,False,main,False
859,7,7,12.61437608148108,1.3856239185189207,0.9010268629629342,0.9889862746095989,2.0,2.0,False,main,False
859,8,8,13.61437608148108,1.3856239185189207,0.9076250720987387,0.9897802157749369,1.0,1.0,False,main,False
859,9,9,14.61437608148108,1.3856239185189207,0.9133985050925675,0.9904673695590119,-1.0,-1.0,True,main,False
230,1,1,6.925197348405554,1.0748026515944455,0.8656496685506943,0.9906262753740763,13.0,8.0,False,main,True
417,1,1,6.624206068802418,1.3757939311975822,0.8280257586003023,0.9797834638649566,16.0,8.0,False,main,True
8309,1,1,6.800187303517383,1.1998126964826175,0.8500234129396729,0.986592624020729,14.0,8.0,False,main,True
8309,2,2,7.800187303517383,1.1998126964826175,0.8666874781685981,0.9882808579376036,11.0,7.0,False,main,False
8309,3,3,8.800187303517383,1.1998126964826175,0.8800187303517383,0.9895913934816425,9.0,6.0,False,main,False
8309,4,4,9.800187303517383,1.1998126964826175,0.8909261185015803,0.9906382501931008,7.0,5.0,False,main,False
8309,5,5,10.800187303517383,1.1998126964826175,0.9000156086264486,0.9914937434690476,5.0,4.0,False,main,False
8309,6,6,11.800187303517383,1.1998126964826175,0.9077067156551833,0.9922059566633754,4.0,3.0,False,main,False
8309,7,7,12.800187303517383,1.1998126964826175,0.9142990931083845,0.9928081074124245,2.0,2.0,False,main,False
8309,8,8,13.800187303517383,1.1998126964826175,0.9200124869011589,0.9933238809243892,1.0,1.0,False,main,False
8309,9,9,14.800187303517383,1.1998126964826175,0.9250117064698364,0.9937706207385446,-1.0,-1.0,True,main,False
5145,1,1,6.790012561775475,1.2099874382245248,0.8487515702219344,0.9862340574249048,14.0,8.0,False,main,True
10798,0,1,5.6076700946644635,2.3923299053355365,0.7009587618330579,0.9198958304658316,37.0,14.0,False,main,True
10798,0,2,5.6076700946644635,3.3923299053355365,0.6230744549627182,0.8586214168526694,64.0,20.0,False,main,False
10798,0,3,5.6076700946644635,4.3923299053355365,0.5607670094664463,0.8001501102050725,106.0,27.0,False,main,False
10798,0,4,5.6076700946644635,5.3923299053355365,0.5097881904240421,0.7467600082315056,175.0,37.0,False,main,True
10798,0,5,5.6076700946644635,6.3923299053355365,0.4673058412220386,0.6987543327919805,292.0,48.0,False,main,True
10798,0,6,5.6076700946644635,7.3923299053355365,0.4313592380511126,0.655786122034943,501.0,63.0,False,main,True
7371,1,1,6.603540068097423,1.396459931902577,0.8254425085121779,0.9789021881654788,16.0,8.0,False,main,True
4045,1,1,6.800783185171963,1.1992168148280364,0.8500978981464954,0.9866134853266464,14.0,8.0,False,main,True
7904,0,1,5.659519756551951,2.340480243448049,0.7074399695689939,0.923654122211514,36.0,14.0,False,main,True
7904,0,2,5.659519756551951,3.340480243448049,0.6288355285057724,0.8627611385117366,61.0,20.0,False,main,False
7904,0,3,5.659519756551951,4.340480243448049,0.5659519756551952,0.8043588199284059,102.0,27.0,False,main,True
7904,0,4,5.659519756551951,5.340480243448049,0.5145017960501774,0.7509056969193085,167.0,36.0,False,main,True
5452,1,1,6.729285752247401,1.2707142477525988,0.8411607190309252,0.984002583029731,15.0,8.0,False,main,True
8061,0,1,5.712307249304167,2.2876927506958333,0.7140384061630208,0.9274122127493534,34.0,14.0,False,main,True
8061,0,2,5.712307249304167,3.2876927506958333,0.6347008054782407,0.8669327973773413,59.0,19.0,False,main,False
8061,0,3,5.712307249304167,4.287692750695833,0.5712307249304167,0.8086130432021676,97.0,26.0,False,main,True
8061,0,4,5.712307249304167,5.287692750695833,0.5193006590276515,0.7551028363051413,159.0,35.0,False,main,True
4629,0,1,5.6087179269968646,2.3912820730031354,0.7010897408746081,0.9199724312808838,37.0,14.0,False,main,True
4683,1,1,6.776850367209243,1.2231496327907574,0.8471062959011554,0.9857636313967723,14.0,8.0,False,main,True
5402,0,1,5.761352472602016,2.2386475273979842,0.720169059075252,0.930841107379844,33.0,14.0,False,main,True
8262,1,1,6.761851398154478,1.2381486018455221,0.8452314247693098,0.9852185749357296,14.0,8.0,False,main,True
8262,2,2,7.761851398154478,1.2381486018455221,0.8624279331282754,0.9870834921190548,12.0,7.0,False,main,False
8262,3,3,8.761851398154478,1.2381486018455221,0.8761851398154479,0.9885304314521083,9.0,6.0,False,main,False
8262,4,4,9.761851398154478,1.2381486018455221,0.8874410361958617,0.98968578161109,7.0,5.0,False,main,False
8262,5,5,10.761851398154478,1.2381486018455221,0.8968209498462065,0.9906296316079148,5.0,4.0,False,main,False
8262,6,6,11.761851398154478,1.2381486018455221,0.9047577998580368,0.9914151961872062,4.0,3.0,False,main,False
8262,7,7,12.761851398154478,1.2381486018455221,0.9115608141538913,0.9920792170447064,2.0,2.0,False,main,False
8262,8,8,13.761851398154478,1.2381486018455221,0.9174567598769652,0.9926478798575087,1.0,1.0,False,main,False
8262,9,9,14.761851398154478,1.2381486018455221,0.9226157123846549,0.9931403515757665,-1.0,-1.0,True,main,False
222,1,1,6.7443488160248695,1.2556511839751308,0.8430436020031087,0.9845705431655226,14.0,8.0,False,main,True
1744,1,1,6.683617476285229,1.316382523714771,0.8354521845356536,0.9822235300662762,15.0,8.0,False,main,True
2893,1,1,6.649339258413871,1.350660741586129,0.8311674073017339,0.9808327739157453,15.0,8.0,False,main,True
1278,0,1,5.641470163438472,2.358529836561528,0.705183770429809,0.9223532774195243,36.0,14.0,False,main,True
2608,1,1,6.6586665653894945,1.3413334346105057,0.8323333206736868,0.9812158494831209,15.0,8.0,False,main,True
9755,1,1,6.694291300681454,1.3057086993185465,0.8367864125851817,0.9826469575549204,15.0,8.0,False,main,True
9755,2,2,7.694291300681454,1.3057086993185465,0.8549212556312726,0.9848438494218011,12.0,7.0,False,main,False
9755,3,3,8.694291300681453,1.3057086993185465,0.8694291300681453,0.986546809446041,10.0,6.0,False,main,False
9755,4,4,9.694291300681453,1.3057086993185465,0.8812992091528593,0.9879056276245166,7.0,5.0,False,main,False
9755,5,5,10.694291300681453,1.3057086993185465,0.8911909417234544,0.9890150732940663,6.0,4.0,False,main,False
9755,6,6,11.694291300681453,1.3057086993185465,0.8995608692831887,0.9899380379414688,4.0,3.0,False,main,False
9755,7,7,12.694291300681453,1.3057086993185465,0.9067350929058181,0.990717901285256,2.0,2.0,False,main,False
9755,8,8,13.694291300681453,1.3057086993185465,0.9129527533787635,0.9913855545095899,1.0,1.0,False,main,False
9755,9,9,14.694291300681453,1.3057086993185465,0.9183932062925908,0.9919635932330096,-1.0,-1.0,True,main,False
5086,2,2,7.683828706974812,1.316171293025188,0.8537587452194235,0.9844825717417504,12.0,7.0,False,main,True
5086,3,3,8.683828706974811,1.316171293025188,0.8683828706974811,0.9862269334103775,10.0,6.0,False,main,False
5086,4,4,9.683828706974811,1.316171293025188,0.8803480642704374,0.9876186352974938,8.0,5.0,False,main,False
5086,5,5,10.683828706974811,1.316171293025188,0.8903190589145676,0.9887548312642365,6.0,4.0,False,main,False
5086,6,6,11.683828706974811,1.316171293025188,0.8987560543826778,0.9896999829680728,4.0,3.0,False,main,False
5086,7,7,12.683828706974811,1.316171293025188,0.9059877647839151,0.9904985463334224,2.0,2.0,False,main,False
5086,8,8,13.683828706974811,1.316171293025188,0.9122552471316541,0.9911821749147143,1.0,1.0,False,main,False
5086,9,9,14.683828706974811,1.316171293025188,0.9177392941859257,0.991774019513527,-1.0,-1.0,True,main,False
3990,2,2,7.88258163873238,1.11741836126762,0.8758424043035977,0.9906675669744555,11.0,7.0,False,main,False
3990,3,3,8.882581638732379,1.11741836126762,0.8882581638732379,0.9917072677754625,9.0,6.0,False,main,False
3990,4,4,9.882581638732379,1.11741836126762,0.8984165126120345,0.9925385081457256,7.0,5.0,False,main,False
3990,5,5,10.882581638732379,1.11741836126762,0.9068818032276983,0.9932182750892797,5.0,4.0,False,main,False
3990,6,6,11.882581638732379,1.11741836126762,0.9140447414409523,0.9937845174947729,4.0,3.0,False,main,False
3990,7,7,12.882581638732379,1.11741836126762,0.9201844027665985,0.9942634840361637,2.0,2.0,False,main,False
3990,8,8,13.882581638732379,1.11741836126762,0.9255054425821586,0.9946739098936638,1.0,1.0,False,main,False
3990,9,9,14.882581638732379,1.11741836126762,0.9301613524207737,0.9950295256902107,-1.0,-1.0,True,main,False
1459,2,2,7.722773492882158,1.2772265071178421,0.8580859436535732,0.9858078848127371,12.0,7.0,False,main,True
1459,3,3,8.722773492882158,1.2772265071178421,0.8722773492882159,0.9874005063097065,9.0,6.0,False,main,False
1459,4,4,9.722773492882158,1.2772265071178421,0.8838884993529235,0.9886716607358563,7.0,5.0,False,main,False
1459,5,5,10.722773492882158,1.2772265071178421,0.8935644577401799,0.9897097766216986,6.0,4.0,False,main,False
1459,6,6,11.722773492882158,1.2772265071178421,0.9017518071447814,0.9905735679643075,4.0,3.0,False,main,False
1459,7,7,12.722773492882158,1.2772265071178421,0.9087695352058685,0.9913035500035061,2.0,2.0,False,main,False
1459,8,8,13.722773492882158,1.2772265071178421,0.9148515661921439,0.991928584065565,1.0,1.0,False,main,False
1459,9,9,14.722773492882158,1.2772265071178421,0.9201733433051349,0.992469787134024,-1.0,-1.0,True,main,False
1681,2,2,7.664555706698437,1.3354442933015633,0.8516173007442708,0.9838071264103281,12.0,7.0,False,main,True
1681,3,3,8.664555706698437,1.3354442933015633,0.8664555706698437,0.9856289666616684,10.0,6.0,False,main,False
1681,4,4,9.664555706698437,1.3354442933015633,0.8785959733362215,0.9870821926677666,8.0,5.0,False,main,False
1681,5,5,10.664555706698437,1.3354442933015633,0.888712975558203,0.9882684282823391,6.0,4.0,False,main,False
1681,6,6,11.664555706698437,1.3354442933015633,0.8972735158998797,0.9892550774052306,4.0,3.0,False,main,False
1681,7,7,12.664555706698437,1.3354442933015633,0.9046111219070312,0.9900886119465302,2.0,2.0,False,main,False
1681,8,8,13.664555706698437,1.3354442933015633,0.9109703804465624,0.9908021131817212,1.0,1.0,False,main,False
1681,9,9,14.664555706698437,1.3354442933015633,0.9165347316686523,0.991419771396038,-1.0,-1.0,True,main,False
6331,2,2,7.839336584354195,1.1606634156458053,0.8710373982615772,0.9894471446172429,11.0,7.0,False,main,True
6331,3,3,8.839336584354195,1.1606634156458053,0.8839336584354195,0.9906251518327303,9.0,6.0,False,main,False
6331,4,4,9.839336584354195,1.1606634156458053,0.8944851440321995,0.9915665346179727,7.0,5.0,False,main,False
6331,5,5,10.839336584354195,1.1606634156458053,0.9032780486961829,0.9923360893802308,5.0,4.0,False,main,False
6331,6,6,11.839336584354195,1.1606634156458053,0.9107181987964765,0.9929769310257295,4.0,3.0,False,main,False
6331,7,7,12.839336584354195,1.1606634156458053,0.9170954703110139,0.9935188621847226,2.0,2.0,False,main,False
6331,8,8,13.839336584354195,1.1606634156458053,0.9226224389569463,0.9939831433055378,1.0,1.0,False,main,False
6331,9,9,14.839336584354195,1.1606634156458053,0.9274585365221372,0.9943853487040373,-1.0,-1.0,True,main,False
5819,2,2,7.591332557053855,1.4086674429461445,0.8434813952282061,0.981125856136539,13.0,7.0,False,main,True
5819,3,3,8.591332557053855,1.4086674429461445,0.8591332557053855,0.9832561762178109,10.0,6.0,False,main,False
5819,4,4,9.591332557053855,1.4086674429461445,0.8719393233685323,0.9849541839299945,8.0,5.0,False,main,False
5819,5,5,10.591332557053855,1.4086674429461445,0.8826110464211546,0.986339395549032,6.0,4.0,False,main,False
5819,6,6,11.591332557053855,1.4086674429461445,0.8916409659272196,0.9874909773729149,4.0,3.0,False,main,False
5819,7,7,12.591332557053855,1.4086674429461445,0.8993808969324182,0.988463452634688,2.0,2.0,False,main,False
5819,8,8,13.591332557053855,1.4086674429461445,0.9060888371369237,0.9892955998413233,1.0,1.0,False,main,False
5819,9,9,14.591332557053855,1.4086674429461445,0.9119582848158659,0.9900157544047818,-1.0,-1.0,True,main,False
6579,2,2,7.626674334853573,1.3733256651464272,0.8474082594281748,0.9824424804345512,12.0,7.0,False,main,True
6579,3,3,8.626674334853572,1.3733256651464272,0.8626674334853572,0.9844211431198757,10.0,6.0,False,main,False
6579,4,4,9.626674334853572,1.3733256651464272,0.8751522122594156,0.9859988436536212,8.0,5.0,False,main,False
6579,5,5,10.626674334853572,1.3733256651464272,0.885556194571131,0.9872862832100615,6.0,4.0,False,main,False
6579,6,6,11.626674334853572,1.3733256651464272,0.8943595642195056,0.98835683597232,4.0,3.0,False,main,False
6579,7,7,12.626674334853572,1.3733256651464272,0.901905309632398,0.989261062079739,2.0,2.0,False,main,False
6579,8,8,13.626674334853572,1.3733256651464272,0.9084449556569048,0.9900349366207862,1.0,1.0,False,main,False
6579,9,9,14.626674334853572,1.3733256651464272,0.9141671459283482,0.9907047558895872,-1.0,-1.0,True,main,False
3748,2,2,7.775820638247812,1.2241793617521877,0.8639800709164236,0.9875260613670193,11.0,7.0,False,main,True
3748,3,3,8.775820638247811,1.2241793617521877,0.8775820638247811,0.9889225437446143,9.0,6.0,False,main,False
3748,4,4,9.775820638247811,1.2241793617521877,0.8887109671134374,0.990037768680039,7.0,5.0,False,main,False
3748,5,5,10.775820638247811,1.2241793617521877,0.8979850531873176,0.990948945654772,5.0,4.0,False,main,False
3748,6,6,11.775820638247811,1.2241793617521877,0.9058323567882932,0.991707389236606,4.0,3.0,False,main,False
3748,7,7,12.775820638247811,1.2241793617521877,0.9125586170177008,0.9923485364851556,2.0,2.0,False,main,False
3748,8,8,13.775820638247811,1.2241793617521877,0.9183880425498541,0.9928976475811893,1.0,1.0,False,main,False
3748,9,9,14.775820638247811,1.2241793617521877,0.9234887898904882,0.9933732146985348,-1.0,-1.0,True,main,False
4245,2,2,7.644068616606317,1.3559313833936828,0.8493409574007019,0.9830751445830489,12.0,7.0,False,main,True
4245,3,3,8.644068616606317,1.3559313833936828,0.8644068616606317,0.9849810555668321,10.0,6.0,False,main,False
4245,4,4,9.644068616606317,1.3559313833936828,0.8767335106005743,0.9865010199697412,8.0,5.0,False,main,False
4245,5,5,10.644068616606317,1.3559313833936828,0.8870057180505264,0.9877415230097717,6.0,4.0,False,main,False
4245,6,6,11.644068616606317,1.3559313833936828,0.8956975858927936,0.9887731667307501,4.0,3.0,False,main,False
4245,7,7,12.644068616606317,1.3559313833936828,0.9031477583290226,0.9896446134289667,2.0,2.0,False,main,False
4245,8,8,13.644068616606317,1.3559313833936828,0.9096045744404211,0.9903904950647685,1.0,1.0,False,main,False
4245,9,9,14.644068616606317,1.3559313833936828,0.9152542885378948,0.9910361306007708,-1.0,-1.0,True,main,False
10926,0,5,5.765588801292821,6.234411198707179,0.4804657334410684,0.7109550311493086,248.0,45.0,False,main,True
1744,2,2,7.683617476285229,1.316382523714771,0.8537352751428032,0.9844752386008709,12.0,7.0,False,main,True
1744,3,3,8.683617476285228,1.316382523714771,0.8683617476285228,0.9862204409192441,10.0,6.0,False,main,False
1744,4,4,9.683617476285228,1.316382523714771,0.8803288614804753,0.9876128104469006,8.0,5.0,False,main,False
1744,5,5,10.683617476285228,1.316382523714771,0.8903014563571023,0.9887495494916999,6.0,4.0,False,main,False
1744,6,6,11.683617476285228,1.316382523714771,0.8987398058680944,0.989695151607938,4.0,3.0,False,main,False
1744,7,7,12.683617476285228,1.316382523714771,0.9059726768775163,0.9904940945798301,2.0,2.0,False,main,False
1744,8,8,13.683617476285228,1.316382523714771,0.9122411650856819,0.9911780474455383,1.0,1.0,False,main,False
1744,9,9,14.683617476285228,1.316382523714771,0.9177260922678268,0.9917701722815123,-1.0,-1.0,True,main,False
5845,2,2,7.805549165825262,1.1944508341747375,0.8672832406472514,0.9884439934945249,11.0,7.0,False,main,True
5845,3,3,8.805549165825262,1.1944508341747375,0.8805549165825262,0.9897359712343219,9.0,6.0,False,main,False
5845,4,4,9.805549165825262,1.1944508341747375,0.8914135605295693,0.9907680623520255,7.0,5.0,False,main,False
5845,5,5,10.805549165825262,1.1944508341747375,0.9004624304854385,0.9916115273268906,5.0,4.0,False,main,False
5845,6,6,11.805549165825262,1.1944508341747375,0.9081191666019433,0.9923137527482502,4.0,3.0,False,main,False
5845,7,7,12.805549165825262,1.1944508341747375,0.914682083273233,0.9929074775118532,2.0,2.0,False,main,False
5845,8,8,13.805549165825262,1.1944508341747375,0.9203699443883508,0.9934160470063619,1.0,1.0,False,main,False
5845,9,9,14.805549165825262,1.1944508341747375,0.9253468228640789,0.9938565568839839,-1.0,-1.0,True,main,False
3956,2,2,7.780475688690507,1.2195243113094925,0.8644972987433897,0.9876719528203336,11.0,7.0,False,main,True
3956,3,3,8.780475688690508,1.2195243113094925,0.8780475688690508,0.989051812306282,9.0,6.0,False,main,False
3956,4,4,9.780475688690508,1.2195243113094925,0.889134153517319,0.9901538162077048,7.0,5.0,False,main,False
3956,5,5,10.780475688690508,1.2195243113094925,0.8983729740575424,0.9910542263744573,5.0,4.0,False,main,False
3956,6,6,11.780475688690508,1.2195243113094925,0.9061904375915776,0.9918037318845837,4.0,3.0,False,main,False
3956,7,7,12.780475688690508,1.2195243113094925,0.9128911206207506,0.9924373402583647,2.0,2.0,False,main,False
3956,8,8,13.780475688690508,1.2195243113094925,0.9186983792460339,0.9929800069149859,1.0,1.0,False,main,False
3956,9,9,14.780475688690508,1.2195243113094925,0.9237797305431568,0.9934500017967284,-1.0,-1.0,True,main,False
336,2,2,7.790070786139148,1.2099292138608522,0.8655634206821275,0.9879701486501089,11.0,7.0,False,main,True
336,3,3,8.790070786139147,1.2099292138608522,0.8790070786139148,0.9893160473831129,9.0,6.0,False,main,False
336,4,4,9.790070786139147,1.2099292138608522,0.8900064351035589,0.9903910376017584,7.0,5.0,False,main,False
336,5,5,10.790070786139147,1.2099292138608522,0.8991725655115957,0.9912694467248588,5.0,4.0,False,main,False
336,6,6,11.790070786139147,1.2099292138608522,0.9069285220107037,0.9920006867552053,4.0,3.0,False,main,False
336,7,7,12.790070786139147,1.2099292138608522,0.9135764847242249,0.9926188880792285,2.0,2.0,False,main,False
336,8,8,13.790070786139147,1.2099292138608522,0.9193380524092766,0.9931483837039452,1.0,1.0,False,main,False
336,9,9,14.790070786139147,1.2099292138608522,0.9243794241336968,0.9936069896617675,-1.0,-1.0,True,main,False
8854,2,2,7.716349011987521,1.2836509880124787,0.8573721124430579,0.9855929388680597,12.0,7.0,False,main,True
8854,3,3,8.716349011987521,1.2836509880124787,0.8716349011987521,0.9872101443904107,9.0,6.0,False,main,False
8854,4,4,9.716349011987521,1.2836509880124787,0.8833044556352292,0.9885008341145235,7.0,5.0,False,main,False
8854,5,5,10.716349011987521,1.2836509880124787,0.8930290843322934,0.9895548475370417,6.0,4.0,False,main,False
8854,6,6,11.716349011987521,1.2836509880124787,0.9012576163067324,0.990431828513141,4.0,3.0,False,main,False
8854,7,7,12.716349011987521,1.2836509880124787,0.9083106437133944,0.9911729300332458,2.0,2.0,False,main,False
8854,8,8,13.716349011987521,1.2836509880124787,0.9144232674658348,0.9918074654423735,1.0,1.0,False,main,False
8854,9,9,14.716349011987521,1.2836509880124787,0.9197718132492201,0.9923568810480815,-1.0,-1.0,True,main,False
3440,2,2,7.835174796652669,1.1648252033473314,0.8705749774058521,0.9893259112880132,11.0,7.0,False,main,True
3440,3,3,8.83517479665267,1.1648252033473314,0.883517479665267,0.990517678677203,9.0,6.0,False,main,False
3440,4,4,9.83517479665267,1.1648252033473314,0.8941067996956972,0.9914700156118549,7.0,5.0,False,main,False
3440,5,5,10.83517479665267,1.1648252033473314,0.9029312330543892,0.9922484975842156,5.0,4.0,False,main,False
3440,6,6,11.83517479665267,1.1648252033473314,0.9103980612809746,0.9928967545523603,4.0,3.0,False,main,False
3440,7,7,12.83517479665267,1.1648252033473314,0.9167981997609049,0.9934449432965311,2.0,2.0,False,main,False
3440,8,8,13.83517479665267,1.1648252033473314,0.9223449864435113,0.9939145758015695,1.0,1.0,False,main,False
3440,9,9,14.83517479665267,1.1648252033473314,0.9271984247907918,0.9943214099651211,-1.0,-1.0,True,main,False
2499,2,2,7.595719219449851,1.4042807805501492,0.8439688021610946,0.9812915263134789,13.0,7.0,False,main,True
2499,3,3,8.595719219449851,1.4042807805501492,0.8595719219449851,0.9834027447363617,10.0,6.0,False,main,False
2499,4,4,9.595719219449851,1.4042807805501492,0.8723381108590774,0.9850856030179261,8.0,5.0,False,main,False
2499,5,5,10.595719219449851,1.4042807805501492,0.8829766016208209,0.9864585052003816,6.0,4.0,False,main,False
2499,6,6,11.595719219449851,1.4042807805501492,0.8919784014961424,0.9875998870718121,4.0,3.0,False,main,False
2499,7,7,12.595719219449851,1.4042807805501492,0.8996942299607037,0.9885637722001336,2.0,2.0,False,main,False
2499,8,8,13.595719219449851,1.4042807805501492,0.9063812812966567,0.9893885857348215,1.0,1.0,False,main,False
2499,9,9,14.595719219449851,1.4042807805501492,0.9122324512156157,0.9901024061252743,-1.0,-1.0,True,main,False
5753,2,2,7.748116616795691,1.2518833832043088,0.8609018463106324,0.9866414233781942,12.0,7.0,False,main,True
5753,3,3,8.748116616795691,1.2518833832043088,0.8748116616795691,0.9881388078881985,9.0,6.0,False,main,False
5753,4,4,9.748116616795691,1.2518833832043088,0.8861924197086992,0.9893342653466293,7.0,5.0,False,main,False
5753,5,5,10.748116616795691,1.2518833832043088,0.8956763847329743,0.9903107682249117,5.0,4.0,False,main,False
5753,6,6,11.748116616795691,1.2518833832043088,0.9037012782150532,0.9911234333328025,4.0,3.0,False,main,False
5753,7,7,12.748116616795691,1.2518833832043088,0.9105797583425493,0.9918103079087699,2.0,2.0,False,main,False
5753,8,8,13.748116616795691,1.2518833832043088,0.9165411077863794,0.9923985035415918,1.0,1.0,False,main,False
5753,9,9,14.748116616795691,1.2518833832043088,0.9217572885497307,0.9929078621214108,-1.0,-1.0,True,main,False
1968,2,2,7.666037148353804,1.3339628516461963,0.8517819053726449,0.9838594998943717,12.0,7.0,False,main,True
1968,3,3,8.666037148353805,1.3339628516461963,0.8666037148353803,0.9856753291043393,10.0,6.0,False,main,False
1968,4,4,9.666037148353805,1.3339628516461963,0.8787306498503458,0.9871237825190845,8.0,5.0,False,main,False
1968,5,5,10.666037148353805,1.3339628516461963,0.8888364290294836,0.9883061368436628,6.0,4.0,False,main,False
1968,6,6,11.666037148353805,1.3339628516461963,0.8973874729502925,0.9892895675317458,4.0,3.0,False,main,False
1968,7,7,12.666037148353805,1.3339628516461963,0.9047169391681288,0.9901203899950375,2.0,2.0,False,main,False
1968,8,8,13.666037148353805,1.3339628516461963,0.9110691432235869,0.9908315746942737,1.0,1.0,False,main,False
1968,9,9,14.666037148353805,1.3339628516461963,0.9166273217721128,0.9914472312441823,-1.0,-1.0,True,main,False
3656,2,2,7.89868584857046,1.1013141514295408,0.8776317609522732,0.9911035053397798,11.0,7.0,False,main,False
3656,3,3,8.898685848570459,1.1013141514295408,0.8898685848570459,0.9920938997504346,9.0,6.0,False,main,False
3656,4,4,9.898685848570459,1.1013141514295408,0.8998805316882236,0.9928858560961888,7.0,5.0,False,main,False
3656,5,5,10.898685848570459,1.1013141514295408,0.9082238207142049,0.9935335869949271,5.0,4.0,False,main,False
3656,6,6,11.898685848570459,1.1013141514295408,0.9152835268131122,0.99407320458097,4.0,3.0,False,main,False
3656,7,7,12.898685848570459,1.1013141514295408,0.9213347034693185,0.9945296931200044,2.0,2.0,False,main,False
3656,8,8,13.898685848570459,1.1013141514295408,0.926579056571364,0.9949208888866597,1.0,1.0,False,main,False
3656,9,9,14.898685848570459,1.1013141514295408,0.9311678655356537,0.9952598659210202,-1.0,-1.0,True,main,False
4159,2,2,7.726052471710118,1.2739475282898818,0.8584502746344576,0.9859170250777693,12.0,7.0,False,main,True
4159,3,3,8.726052471710119,1.2739475282898818,0.872605247171012,0.987497167776732,9.0,6.0,False,main,False
4159,4,4,9.726052471710119,1.2739475282898818,0.8841865883372836,0.988758405387112,7.0,5.0,False,main,False
4159,5,5,10.726052471710119,1.2739475282898818,0.8938377059758432,0.9897884506355341,6.0,4.0,False,main,False
4159,6,6,11.726052471710119,1.2739475282898818,0.9020040362853938,0.9906455457270534,4.0,3.0,False,main,False
4159,7,7,12.726052471710119,1.2739475282898818,0.9090037479792942,0.9913698822852991,2.0,2.0,False,main,False
4159,8,8,13.726052471710119,1.2739475282898818,0.9150701647806746,0.9919900922472077,1.0,1.0,False,main,False
4159,9,9,14.726052471710119,1.2739475282898818,0.9203782794818824,0.992527125459741,-1.0,-1.0,True,main,False
7327,2,2,7.592871844850045,1.407128155149955,0.8436524272055606,0.9811840622089029,13.0,7.0,False,main,True
7327,3,3,8.592871844850045,1.407128155149955,0.8592871844850045,0.9833076705631552,10.0,6.0,False,main,False
7327,4,4,9.592871844850045,1.407128155149955,0.8720792586227314,0.9850003553543225,8.0,5.0,False,main,False
7327,5,5,10.592871844850045,1.407128155149955,0.8827393204041704,0.9863812419907617,6.0,4.0,False,main,False
7327,6,6,11.592871844850045,1.407128155149955,0.8917593726807727,0.9875292400603056,4.0,3.0,False,main,False
7327,7,7,12.592871844850045,1.407128155149955,0.8994908460607175,0.9884986972129308,2.0,2.0,False,main,False
7327,8,8,13.592871844850045,1.407128155149955,0.9061914563233363,0.9893282677883898,1.0,1.0,False,main,False
7327,9,9,14.592871844850045,1.407128155149955,0.9120544903031278,0.9900461969057939,-1.0,-1.0,True,main,False
7904,0,5,5.659519756551951,6.340480243448049,0.4716266463793293,0.7027791223641677,276.0,47.0,False,main,True
8061,0,5,5.712307249304167,6.287692750695833,0.47602560410868056,0.7068576992704707,262.0,46.0,False,main,True
4356,2,2,7.88107239668347,1.1189276033165299,0.8756747107426077,0.9906261925191922,11.0,7.0,False,main,False
4356,3,3,8.88107239668347,1.1189276033165299,0.8881072396683469,0.9916705756488904,9.0,6.0,False,main,False
4356,4,4,9.88107239668347,1.1189276033165299,0.8982793087894063,0.992505546078315,7.0,5.0,False,main,False
4356,5,5,10.88107239668347,1.1189276033165299,0.9067560330569558,0.9931883545480003,5.0,4.0,False,main,False
4356,6,6,11.88107239668347,1.1189276033165299,0.9139286458987285,0.9937571245098347,4.0,3.0,False,main,False
4356,7,7,12.88107239668347,1.1189276033165299,0.920076599763105,0.9942382247830786,2.0,2.0,False,main,False
4356,8,8,13.88107239668347,1.1189276033165299,0.9254048264455647,0.9946504759494555,1.0,1.0,False,main,False
4356,9,9,14.88107239668347,1.1189276033165299,0.9300670247927169,0.9950076710030715,-1.0,-1.0,True,main,False
4125,2,2,7.593895311883013,1.4061046881169872,0.8437661457647792,0.9812227200861339,13.0,7.0,False,main,True
4125,3,3,8.593895311883013,1.4061046881169872,0.8593895311883013,0.9833418711735721,10.0,6.0,False,main,False
4125,4,4,9.593895311883013,1.4061046881169872,0.872172301080274,0.9850310209361743,8.0,5.0,False,main,False
4125,5,5,10.593895311883013,1.4061046881169872,0.8828246093235844,0.9864090352445142,6.0,4.0,False,main,False
4125,6,6,11.593895311883013,1.4061046881169872,0.891838100914078,0.9875546532238707,4.0,3.0,False,main,False
4125,7,7,12.593895311883013,1.4061046881169872,0.8995639508487867,0.9885221059290391,2.0,2.0,False,main,False
4125,8,8,13.593895311883013,1.4061046881169872,0.9062596874588675,0.9893499652451917,1.0,1.0,False,main,False
4125,9,9,14.593895311883013,1.4061046881169872,0.9121184569926883,0.9900664163303629,-1.0,-1.0,True,main,False
11499,2,2,7.7556675919823235,1.244332408017676,0.8617408435535915,0.9868853063937915,12.0,7.0,False,main,False
11499,3,3,8.755667591982323,1.244332408017676,0.8755667591982323,0.9883548554676712,9.0,6.0,False,main,False
11499,4,4,9.755667591982323,1.244332408017676,0.886878871998393,0.989528182936556,7.0,5.0,False,main,False
11499,5,5,10.755667591982323,1.244332408017676,0.8963056326651936,0.9904866696265846,5.0,4.0,False,main,False
11499,6,6,11.755667591982323,1.244332408017676,0.9042821224601787,0.9912843825100344,4.0,3.0,False,main,False
11499,7,7,12.755667591982323,1.244332408017676,0.9111191137130231,0.9919586482839371,2.0,2.0,False,main,False
11499,8,8,13.755667591982323,1.244332408017676,0.9170445061321549,0.9925360675455414,1.0,1.0,False,main,False
11499,9,9,14.755667591982323,1.244332408017676,0.9222292244988952,0.9930361097166169,-1.0,-1.0,True,main,False
6084,2,2,7.772823663787994,1.2271763362120054,0.8636470737542216,0.9874317137137806,12.0,7.0,False,main,False
6084,3,3,8.772823663787994,1.2271763362120054,0.8772823663787994,0.9888389487469769,9.0,6.0,False,main,False
6084,4,4,9.772823663787994,1.2271763362120054,0.8884385148898176,0.9899627253141381,7.0,5.0,False,main,False
6084,5,5,10.772823663787994,1.2271763362120054,0.8977353053156661,0.9908808661508482,5.0,4.0,False,main,False
6084,6,6,11.772823663787994,1.2271763362120054,0.9056018202913841,0.991645090565461,4.0,3.0,False,main,False
6084,7,7,12.772823663787994,1.2271763362120054,0.9123445474134282,0.9922911135400625,2.0,2.0,False,main,False
6084,8,8,13.772823663787994,1.2271763362120054,0.918188244252533,0.9928443924302328,1.0,1.0,False,main,False
6084,9,9,14.772823663787994,1.2271763362120054,0.9233014789867496,0.9933235631810937,-1.0,-1.0,True,main,False
7882,1,1,6.544137625130215,1.4558623748697848,0.8180172031412769,0.9762780761114291,16.0,8.0,False,main,True
7882,2,2,7.544137625130215,1.4558623748697848,0.8382375139033572,0.9793037941602192,13.0,7.0,False,main,False
7882,3,3,8.544137625130215,1.4558623748697848,0.8544137625130215,0.9816445428486523,10.0,6.0,False,main,False
7882,4,4,9.544137625130215,1.4558623748697848,0.8676488750118377,0.9835093738418637,8.0,5.0,False,main,False
7882,5,5,10.544137625130215,1.4558623748697848,0.8786781354275179,0.9850300923353125,6.0,4.0,False,main,False
7882,6,6,11.544137625130215,1.4558623748697848,0.8880105865484781,0.9862939302759297,4.0,3.0,False,main,False
7882,7,7,12.544137625130215,1.4558623748697848,0.896009830366444,0.9873609246626581,2.0,2.0,False,main,False
7882,8,8,13.544137625130215,1.4558623748697848,0.9029425083420144,0.9882737514807364,1.0,1.0,False,main,False
7882,9,9,14.544137625130215,1.4558623748697848,0.9090086015706385,0.9890635793107359,-1.0,-1.0,True,main,False
11973,1,1,6.538127179552658,1.4618728204473417,0.8172658974440823,0.9760051667577665,16.0,8.0,False,main,True
11973,2,2,7.538127179552658,1.4618728204473417,0.8375696866169621,0.9790665978401035,13.0,7.0,False,main,False
11973,3,3,8.538127179552658,1.4618728204473417,0.8538127179552658,0.9814347860551654,10.0,6.0,False,main,False
11973,4,4,9.538127179552658,1.4618728204473417,0.8671024708684235,0.9833213616707103,8.0,5.0,False,main,False
11973,5,5,10.538127179552658,1.4618728204473417,0.8781772649627215,0.9848597371601524,6.0,4.0,False,main,False
11973,6,6,11.538127179552658,1.4618728204473417,0.8875482445809737,0.9861381986304226,4.0,3.0,False,main,False
11973,7,7,12.538127179552658,1.4618728204473417,0.8955805128251899,0.9872175033037864,2.0,2.0,False,main,False
11973,8,8,13.538127179552658,1.4618728204473417,0.9025418119701772,0.9881408360263957,1.0,1.0,False,main,False
11973,9,9,14.538127179552658,1.4618728204473417,0.9086329487220411,0.9889397351372121,-1.0,-1.0,True,main,False
7366,1,1,6.456743719144865,1.543256280855135,0.8070929648931081,0.9721797339453117,17.0,8.0,False,main,True
11911,1,1,6.226026493269904,1.7739735067300964,0.778253311658738,0.9600914312480096,20.0,9.0,False,main,True
11911,2,2,7.226026493269904,1.7739735067300964,0.8028918325855449,0.9652601728080781,16.0,8.0,False,main,True
11911,3,3,8.226026493269904,1.7739735067300964,0.8226026493269905,0.9692420806254912,12.0,6.0,False,main,False
11911,4,4,9.226026493269904,1.7739735067300964,0.8387296812063549,0.9724042091415472,9.0,5.0,False,main,False
11911,5,5,10.226026493269904,1.7739735067300964,0.8521688744391587,0.974976282619598,7.0,4.0,False,main,False
11911,6,6,11.226026493269904,1.7739735067300964,0.8635404994823003,0.9771094693732211,5.0,3.0,False,main,False
11911,7,7,12.226026493269904,1.7739735067300964,0.873287606662136,0.9789073343293562,3.0,2.0,False,main,False
11911,8,8,13.226026493269904,1.7739735067300964,0.8817350995513269,0.980443218535479,1.0,1.0,False,main,False
11911,9,9,14.226026493269904,1.7739735067300964,0.889126655829369,0.9817705195209567,-1.0,-1.0,True,main,False
11636,0,1,5.376193379610655,2.623806620389345,0.6720241724513318,0.9023369373406447,44.0,15.0,False,main,True
6100,1,1,6.312053071726053,1.6879469282739463,0.7890066339657567,0.9648050490566696,19.0,9.0,False,main,True
11259,1,1,6.376489622924721,1.6235103770752792,0.7970612028655901,0.9681772989275955,18.0,9.0,False,main,True
11259,2,2,7.376489622924721,1.6235103770752792,0.8196099581027467,0.9722694245159501,14.0,7.0,False,main,False
11259,3,3,8.376489622924721,1.6235103770752792,0.8376489622924721,0.9754281655126943,11.0,6.0,False,main,False
11259,4,4,9.376489622924721,1.6235103770752792,0.852408147538611,0.9779403948560428,9.0,5.0,False,main,False
11259,5,5,10.376489622924721,1.6235103770752792,0.86470746857706,0.979986283959879,6.0,4.0,False,main,False
11259,6,6,11.376489622924721,1.6235103770752792,0.8751145863788247,0.9816847151447012,4.0,3.0,False,main,False
11259,7,7,12.376489622924721,1.6235103770752792,0.8840349730660515,0.9831173107126423,3.0,2.0,False,main,False
11259,8,8,13.376489622924721,1.6235103770752792,0.8917659748616481,0.98434197496037,1.0,1.0,False,main,False
11259,9,9,14.376489622924721,1.6235103770752792,0.8985306014327951,0.9854009284288202,-1.0,-1.0,True,main,False
10321,1,1,6.399444009759787,1.6005559902402136,0.7999305012199733,0.9693448185233424,18.0,9.0,False,main,True
10321,2,2,7.399444009759787,1.6005559902402136,0.8221604455288651,0.9732824665441762,14.0,7.0,False,main,False
10321,3,3,8.399444009759787,1.6005559902402136,0.8399444009759787,0.9763228837481094,11.0,6.0,False,main,False
10321,4,4,9.399444009759787,1.6005559902402136,0.8544949099781625,0.978741567826175,9.0,5.0,False,main,False
10321,5,5,10.399444009759787,1.6005559902402136,0.8666203341466489,0.9807116379261366,6.0,4.0,False,main,False
10321,6,6,11.399444009759787,1.6005559902402136,0.8768803084430605,0.9823473702877898,4.0,3.0,False,main,False
10321,7,7,12.399444009759787,1.6005559902402136,0.885674572125699,0.983727250712686,2.0,2.0,False,main,False
10321,8,8,13.399444009759787,1.6005559902402136,0.8932962673173191,0.9849069734816268,1.0,1.0,False,main,False
10321,9,9,14.399444009759787,1.6005559902402136,0.8999652506099867,0.9859271568846629,-1.0,-1.0,True,main,False
11038,1,1,6.279745697940027,1.7202543020599732,0.7849682122425033,0.9630627242455106,19.0,9.0,False,main,True
11038,2,2,7.279745697940027,1.7202543020599732,0.8088606331044474,0.9678345039699083,15.0,7.0,False,main,False
11038,3,3,8.279745697940026,1.7202543020599732,0.8279745697940026,0.9715131937146745,12.0,6.0,False,main,False
11038,4,4,9.279745697940026,1.7202543020599732,0.8436132452672751,0.9744361040329605,9.0,5.0,False,main,False
11038,5,5,10.279745697940026,1.7202543020599732,0.8566454748283355,0.9768146084342727,7.0,4.0,False,main,False
11038,6,6,11.279745697940026,1.7202543020599732,0.8676727459953866,0.9787879344953453,5.0,3.0,False,main,False
11038,7,7,12.279745697940026,1.7202543020599732,0.8771246927100018,0.9804515402500108,3.0,2.0,False,main,False
11038,8,8,13.279745697940026,1.7202543020599732,0.8853163798626684,0.9818730683197674,1.0,1.0,False,main,False
11038,9,9,14.279745697940026,1.7202543020599732,0.8924841061212516,0.9831017931745554,-1.0,-1.0,True,main,False
8871,1,1,6.364377248462573,1.6356227515374269,0.7955471560578217,0.9675540117948681,18.0,9.0,False,main,True
9208,1,1,6.415877962272016,1.5841220377279843,0.801984745284002,0.9701695851938029,18.0,9.0,False,main,True
8934,0,1,5.438735504391198,2.5612644956088024,0.6798419380488997,0.9072040111039574,42.0,15.0,False,main,True
4576,0,1,5.368566634090093,2.6314333659099076,0.6710708292612616,0.9017373383194778,44.0,15.0,False,main,True
11438,1,1,6.470018604182091,1.529981395817909,0.8087523255227613,0.9728200359148795,17.0,8.0,False,main,True
11438,2,2,7.470018604182091,1.529981395817909,0.8300020671313434,0.9762994018194694,14.0,7.0,False,main,False
11438,3,3,8.47001860418209,1.529981395817909,0.847001860418209,0.9789884620752464,11.0,6.0,False,main,False
11438,4,4,9.47001860418209,1.529981395817909,0.8609107821983719,0.9811291684833471,8.0,5.0,False,main,False
11438,5,5,10.47001860418209,1.529981395817909,0.8725015503485075,0.9828738086720409,6.0,4.0,False,main,False
11438,6,6,11.47001860418209,1.529981395817909,0.8823091233986223,0.9843230357811585,4.0,3.0,False,main,False
11438,7,7,12.47001860418209,1.529981395817909,0.890715614584435,0.9855460495888663,2.0,2.0,False,main,False
11438,8,8,13.47001860418209,1.529981395817909,0.898001240278806,0.986591995922322,1.0,1.0,False,main,False
11438,9,9,14.47001860418209,1.529981395817909,0.9043761627613807,0.9874967422101074,-1.0,-1.0,True,main,False
6266,1,1,6.514999863949765,1.4850001360502354,0.8143749829937206,0.9749425849470912,17.0,8.0,False,main,True
6266,2,2,7.514999863949765,1.4850001360502354,0.8349999848833072,0.9781432129153935,13.0,7.0,False,main,False
6266,3,3,8.514999863949765,1.4850001360502354,0.8514999863949765,0.9806183194018143,10.0,6.0,False,main,False
6266,4,4,9.514999863949765,1.4850001360502354,0.8649999876317968,0.9825896040238495,8.0,5.0,False,main,False
6266,5,5,10.514999863949765,1.4850001360502354,0.8762499886624804,0.9841967524243629,6.0,4.0,False,main,False
6266,6,6,11.514999863949765,1.4850001360502354,0.8857692203038281,0.9855321634457425,4.0,3.0,False,main,False
6266,7,7,12.514999863949765,1.4850001360502354,0.8939285617106975,0.9866594033247527,2.0,2.0,False,main,False
6266,8,8,13.514999863949765,1.4850001360502354,0.9009999909299843,0.9876236410525021,1.0,1.0,False,main,False
6266,9,9,14.514999863949765,1.4850001360502354,0.9071874914968603,0.9884578564145177,-1.0,-1.0,True,main,False
2530,1,1,6.574436973324737,1.425563026675263,0.8218046216655921,0.9776332599404475,16.0,8.0,False,main,True
5656,0,1,5.344780701727107,2.6552192982728933,0.6680975877158883,0.8998589215329043,45.0,15.0,False,main,True
4596,1,1,6.290262871474527,1.7097371285254739,0.7862828589343158,0.9636336336353424,19.0,9.0,False,main,True
9468,0,1,5.435660398695129,2.5643396013048707,0.6794575498368911,0.9069667948749416,42.0,15.0,False,main,True
9468,0,2,5.435660398695129,3.5643396013048707,0.603962266521681,0.8445932715105412,73.0,21.0,False,main,False
9468,0,3,5.435660398695129,4.564339601304871,0.5435660398695129,0.785975795173987,123.0,29.0,False,main,True
9468,0,4,5.435660398695129,5.564339601304871,0.4941509453359208,0.7328428153297994,207.0,39.0,False,main,True
9737,1,1,6.223813263042165,1.7761867369578352,0.7779766578802706,0.9599670551370297,20.0,9.0,False,main,True
9737,2,2,7.223813263042165,1.7761867369578352,0.8026459181157961,0.965152446269552,16.0,8.0,False,main,False
9737,3,3,8.223813263042164,1.7761867369578352,0.8223813263042163,0.9691470645235023,12.0,6.0,False,main,False
9737,4,4,9.223813263042164,1.7761867369578352,0.8385284784583785,0.9723192163542435,9.0,5.0,False,main,False
9737,5,5,10.223813263042164,1.7761867369578352,0.851984438586847,0.9748993976842918,7.0,4.0,False,main,False
9737,6,6,11.223813263042164,1.7761867369578352,0.8633702510032434,0.9770392785516605,5.0,3.0,False,main,False
9737,7,7,12.223813263042164,1.7761867369578352,0.873129518788726,0.9788427643082367,3.0,2.0,False,main,False
9737,8,8,13.223813263042164,1.7761867369578352,0.8815875508694776,0.980383435170565,1.0,1.0,False,main,False
9737,9,9,14.223813263042164,1.7761867369578352,0.8889883289401352,0.9817148616457442,-1.0,-1.0,True,main,False
1763,0,1,5.381878336398905,2.6181216636010953,0.6727347920498631,0.9027830216800603,44.0,15.0,False,main,True
8017,0,1,5.513119637867973,2.486880362132027,0.6891399547334967,0.9128753112539117,40.0,15.0,False,main,True
8017,0,2,5.513119637867973,3.486880362132027,0.612568848651997,0.8509660366478299,69.0,21.0,False,main,False
8017,0,3,5.513119637867973,4.486880362132027,0.5513119637867974,0.7923989670530868,115.0,28.0,False,main,True
8017,0,4,5.513119637867973,5.486880362132027,0.5011926943516339,0.7391411848310662,192.0,38.0,False,main,True
4968,1,1,6.453579244395228,1.5464207556047718,0.8066974055494035,0.9720261743785304,17.0,8.0,False,main,True
4968,2,2,7.453579244395228,1.5464207556047718,0.8281754715994698,0.9756100221543035,14.0,7.0,False,main,True
4968,3,3,8.453579244395229,1.5464207556047718,0.8453579244395228,0.9783792311940933,11.0,6.0,False,main,False
4968,4,4,9.453579244395229,1.5464207556047718,0.8594162949450208,0.9805833744486836,8.0,5.0,False,main,False
4968,5,5,10.453579244395229,1.5464207556047718,0.8711316036996024,0.9823794767493418,6.0,4.0,False,main,False
4968,6,6,11.453579244395229,1.5464207556047718,0.8810445572611715,0.9838712915231969,4.0,3.0,False,main,False
4968,7,7,12.453579244395229,1.5464207556047718,0.8895413745996592,0.9851301330831647,2.0,2.0,False,main,False
4968,8,8,13.453579244395229,1.5464207556047718,0.896905282959682,0.9862066391409907,1.0,1.0,False,main,False
4968,9,9,14.453579244395229,1.5464207556047718,0.9033487027747018,0.9871377599163619,-1.0,-1.0,True,main,False
2357,0,1,5.224550432304368,2.775449567695632,0.653068804038046,0.8901716712672202,49.0,16.0,False,main,True
3036,0,1,5.373096291930387,2.626903708069613,0.6716370364912984,0.9020936091049833,44.0,15.0,False,main,True
5394,0,1,5.212546413423329,2.787453586576671,0.6515683016779161,0.8891870658626797,50.0,16.0,False,main,True
11630,0,1,5.403337412154381,2.5966625878456187,0.6754171765192977,0.9044602576430081,43.0,15.0,False,main,True
5010,1,1,6.443633954875014,1.5563660451249857,0.8054542443593767,0.9715412639027917,17.0,8.0,False,main,True
2714,1,1,6.314334695551868,1.6856653044481313,0.7892918369439835,0.9649268090614123,19.0,9.0,False,main,True
5916,1,1,6.162130407451143,1.8378695925488566,0.7702663009313929,0.9564395301182256,21.0,9.0,False,main,True
3,1,1,6.448236202868071,1.5517637971319282,0.8060295253585089,0.971766093361926,17.0,8.0,False,main,True
3,2,2,7.448236202868071,1.5517637971319282,0.8275818003186746,0.9753841977881768,14.0,7.0,False,main,True
3,3,3,8.44823620286807,1.5517637971319282,0.8448236202868072,0.9781796795765433,11.0,6.0,False,main,False
3,4,4,9.44823620286807,1.5517637971319282,0.8589305638970974,0.9804046139256198,8.0,5.0,False,main,False
3,5,5,10.44823620286807,1.5517637971319282,0.870686350239006,0.9822175804351189,6.0,4.0,False,main,False
3,6,6,11.44823620286807,1.5517637971319282,0.8806335540667748,0.9837233497569873,4.0,3.0,False,main,False
3,7,7,12.44823620286807,1.5517637971319282,0.8891597287762909,0.9849939298329409,2.0,2.0,False,main,False
3,8,8,13.44823620286807,1.5517637971319282,0.8965490801912048,0.9860804476616636,1.0,1.0,False,main,False
3,9,9,14.44823620286807,1.5517637971319282,0.9030147626792545,0.9870202085240696,-1.0,-1.0,True,main,False
8917,1,1,6.315359385193639,1.684640614806361,0.7894199231492048,0.9649814365414926,19.0,9.0,False,main,True
1755,0,1,5.377711984956912,2.6222880150430883,0.672213998119614,0.9024561700681797,44.0,15.0,False,main,True
3663,1,1,6.53733325954032,1.4626667404596803,0.81716665744254,0.9759690177890302,16.0,8.0,False,main,True
3663,2,2,7.53733325954032,1.4626667404596803,0.8374814732822577,0.9790351805048917,13.0,7.0,False,main,True
3663,3,3,8.53733325954032,1.4626667404596803,0.8537333259540321,0.9814070039451185,10.0,6.0,False,main,False
3663,4,4,9.53733325954032,1.4626667404596803,0.8670302963218472,0.9832964601666198,8.0,5.0,False,main,False
3663,5,5,10.53733325954032,1.4626667404596803,0.8781111049616933,0.9848371746594229,6.0,4.0,False,main,False
3663,6,6,11.53733325954032,1.4626667404596803,0.8874871738107939,0.9861175732280989,4.0,3.0,False,main,False
3663,7,7,12.53733325954032,1.4626667404596803,0.89552380425288,0.9871985085321252,2.0,2.0,False,main,False
3663,8,8,13.53733325954032,1.4626667404596803,0.9024888839693547,0.9881232328430455,1.0,1.0,False,main,False
3663,9,9,14.53733325954032,1.4626667404596803,0.90858332872127,0.988923333491305,-1.0,-1.0,True,main,False
328,1,1,6.185850314176348,1.8141496858236512,0.7732312892720435,0.9578099064551391,20.0,9.0,False,main,True
6221,0,1,5.478651834270408,2.5213481657295924,0.684831479283801,0.9102633762305892,41.0,15.0,False,main,True
745,1,1,6.390809922812238,1.6091900771877619,0.7988512403515298,0.9689077783736302,18.0,9.0,False,main,True
5861,0,1,5.205918221829376,2.7940817781706238,0.650739777728672,0.8886420624083646,50.0,16.0,False,main,True
2740,1,1,6.326187493010317,1.6738125069896834,0.7907734366262896,0.9655565850127628,19.0,9.0,False,main,True
4713,1,1,6.247758376101347,1.7522416238986533,0.7809697970126683,0.9613045001607685,20.0,9.0,False,main,True
9120,0,1,5.287643846863993,2.7123561531360068,0.6609554808579992,0.8952950540186463,47.0,15.0,False,main,True
6631,1,1,6.17415687542477,1.82584312457523,0.7717696094280962,0.9571364884954898,21.0,9.0,False,main,True
5728,1,1,6.3258484587587285,1.6741515412412713,0.7907310573448411,0.9655386354070763,19.0,9.0,False,main,True
422,1,1,6.2717928381845365,1.728207161815464,0.7839741047730671,0.962628645709531,19.0,9.0,False,main,True
8716,1,1,6.284841363767201,1.7151586362327982,0.7856051704709002,0.9633397815969675,19.0,9.0,False,main,True
4003,1,1,6.496385549555657,1.503614450444343,0.8120481936944571,0.9740731073926522,17.0,8.0,False,main,True
6993,1,1,6.502933387696311,1.4970666123036889,0.8128666734620389,0.974380396878325,17.0,8.0,False,main,True
10916,1,1,6.1765354377318005,1.823464562268199,0.7720669297164751,0.957273807977591,21.0,9.0,False,main,True
10916,2,2,7.1765354377318005,1.823464562268199,0.7973928264146445,0.9628203699857836,16.0,8.0,False,main,False
10916,3,3,8.1765354377318,1.823464562268199,0.81765354377318,0.9670905676063898,12.0,6.0,False,main,False
10916,4,4,9.1765354377318,1.823464562268199,0.8342304943392546,0.9704799540365137,9.0,5.0,False,main,False
10916,5,5,10.1765354377318,1.823464562268199,0.8480446198109833,0.9732358029740287,7.0,4.0,False,main,False
10916,6,6,11.1765354377318,1.823464562268199,0.8597334952101385,0.9755206855628893,5.0,3.0,False,main,False
10916,7,7,12.1765354377318,1.823464562268199,0.8697525312665572,0.977445899577431,3.0,2.0,False,main,False
10916,8,8,13.1765354377318,1.823464562268199,0.8784356958487867,0.9790902165326864,1.0,1.0,False,main,False
10916,9,9,14.1765354377318,1.823464562268199,0.8860334648582375,0.980510960124752,-1.0,-1.0,True,main,False
1113,1,1,6.188255187185667,1.8117448128143328,0.7735318983982084,0.9579478810350301,20.0,9.0,False,main,True
3716,1,1,6.492394022432279,1.5076059775677204,0.8115492528040349,0.9738850224588401,17.0,8.0,False,main,True
3716,2,2,7.492394022432279,1.5076059775677204,0.8324882247146976,0.9772244188559127,13.0,7.0,False,main,True
3716,3,3,8.49239402243228,1.5076059775677204,0.8492394022432279,0.9798060654980028,11.0,6.0,False,main,False
3716,4,4,9.49239402243228,1.5076059775677204,0.8629449111302072,0.9818617298528319,8.0,5.0,False,main,False
3716,5,5,10.49239402243228,1.5076059775677204,0.8743661685360232,0.9835373647951893,6.0,4.0,False,main,False
3716,6,6,11.49239402243228,1.5076059775677204,0.8840303094178676,0.9849294754636924,4.0,3.0,False,main,False
3716,7,7,12.49239402243228,1.5076059775677204,0.8923138587451628,0.9861044313215532,2.0,2.0,False,main,False
3716,8,8,13.49239402243228,1.5076059775677204,0.8994929348288186,0.9871093806135384,1.0,1.0,False,main,False
3716,9,9,14.49239402243228,1.5076059775677204,0.9057746264020174,0.9879787405323205,-1.0,-1.0,True,main,False
9339,1,1,6.499907006995237,1.5000929930047633,0.8124883758744046,0.9742385626323337,17.0,8.0,False,main,True
8165,0,1,5.434856030986883,2.565143969013117,0.6793570038733604,0.9069047093994128,42.0,15.0,False,main,True
8165,0,2,5.434856030986883,3.565143969013117,0.6038728923318759,0.8445266201559193,73.0,21.0,False,main,False
8165,0,3,5.434856030986883,4.565143969013117,0.5434856030986883,0.7859087498749789,123.0,29.0,False,main,False
8165,0,4,5.434856030986883,5.565143969013117,0.49407782099880754,0.7327771423208365,207.0,39.0,False,main,True
8165,0,5,5.434856030986883,6.565143969013117,0.45290466924890693,0.6852056487986963,355.0,51.0,False,main,True
12007,1,1,6.192921869974185,1.8070781300258152,0.7741152337467732,0.9582151139818853,20.0,9.0,False,main,True
1419,0,1,5.445992713980066,2.5540072860199343,0.6807490892475082,0.9077629753094021,42.0,15.0,False,main,True
969,1,1,6.198104116937655,1.801895883062345,0.7747630146172069,0.958511082533348,20.0,9.0,False,main,True
7512,1,1,6.1957064845234955,1.8042935154765045,0.7744633105654369,0.9583742520823549,20.0,9.0,False,main,True
2718,1,1,6.297618393035222,1.7023816069647781,0.7872022991294028,0.9640307875563416,19.0,9.0,False,main,True
763,1,1,6.330604245915027,1.6693957540849726,0.7913255307393784,0.9657900754730422,19.0,9.0,False,main,True
1561,1,1,6.48845525184549,1.51154474815451,0.8110569064806863,0.9736988585463295,17.0,8.0,False,main,True
1561,2,2,7.48845525184549,1.51154474815451,0.8320505835383878,0.9770627058585909,13.0,7.0,False,main,True
1561,3,3,8.48845525184549,1.51154474815451,0.848845525184549,0.9796631198096031,11.0,6.0,False,main,False
1561,4,4,9.48845525184549,1.51154474815451,0.8625868410768628,0.9817336448311754,8.0,5.0,False,main,False
1561,5,5,10.48845525184549,1.51154474815451,0.8740379376537909,0.9834213394455132,6.0,4.0,False,main,False
1561,6,6,11.48845525184549,1.51154474815451,0.8837273270650378,0.98482343295218,4.0,3.0,False,main,False
1561,7,7,12.48845525184549,1.51154474815451,0.8920325179889635,0.9860067890320638,2.0,2.0,False,main,False
1561,8,8,13.48845525184549,1.51154474815451,0.8992303501230327,0.987018904796654,1.0,1.0,False,main,False
1561,9,9,14.48845525184549,1.51154474815451,0.9055284532403431,0.9878944507489555,-1.0,-1.0,True,main,False
10802,0,1,5.571747220928539,2.428252779071461,0.6964684026160674,0.9172536795433566,38.0,14.0,False,main,True
10802,0,2,5.571747220928539,3.428252779071461,0.6190830245476154,0.8557289912873544,66.0,20.0,False,main,False
10802,0,3,5.571747220928539,4.428252779071461,0.5571747220928539,0.7972167860602687,109.0,28.0,False,main,False
10802,0,4,5.571747220928539,5.428252779071461,0.5065224746298672,0.7438743317195209,181.0,37.0,False,main,True
10802,0,5,5.571747220928539,6.428252779071461,0.46431226841071155,0.6959549766178739,304.0,49.0,False,main,True
10802,0,6,5.571747220928539,7.428252779071461,0.42859594007142604,0.653088889975685,525.0,64.0,False,main,True
8207,1,1,6.503111984334281,1.4968880156657185,0.8128889980417852,0.9743887565735273,17.0,8.0,False,main,True
8207,2,2,7.503111984334281,1.4968880156657185,0.8336791093704757,0.9776620270800662,13.0,7.0,False,main,False
8207,3,3,8.503111984334282,1.4968880156657185,0.8503111984334282,0.9801929112849511,10.0,6.0,False,main,False
8207,4,4,9.503111984334282,1.4968880156657185,0.8639192713031165,0.9822083754852624,8.0,5.0,False,main,False
8207,5,5,10.503111984334282,1.4968880156657185,0.8752593320278569,0.983851384446973,6.0,4.0,False,main,False
8207,6,6,11.503111984334282,1.4968880156657185,0.8848547680257141,0.9852164858112041,4.0,3.0,False,main,False
8207,7,7,12.503111984334282,1.4968880156657185,0.8930794274524487,0.9863687128967579,2.0,2.0,False,main,False
8207,8,8,13.503111984334282,1.4968880156657185,0.9002074656222855,0.9873542706456597,1.0,1.0,False,main,False
8207,9,9,14.503111984334282,1.4968880156657185,0.9064444990208926,0.9882068912491797,-1.0,-1.0,True,main,False
6067,1,1,6.548326738622834,1.4516732613771657,0.8185408423278543,0.9764674909027029,16.0,8.0,False,main,True
11985,0,1,5.2823119410554025,2.717688058944597,0.6602889926319253,0.8948654680426602,47.0,16.0,False,main,True
8352,1,1,6.22030876206483,1.7796912379351695,0.7775385952581038,0.9597698000231965,20.0,9.0,False,main,True
8352,2,2,7.22030876206483,1.7796912379351695,0.8022565291183145,0.9649816020454485,16.0,8.0,False,main,False
8352,3,3,8.22030876206483,1.7796912379351695,0.822030876206483,0.9689963814243756,12.0,6.0,False,main,False
8352,4,4,9.22030876206483,1.7796912379351695,0.8382098874604391,0.9721844313939935,9.0,5.0,False,main,False
8352,5,5,10.22030876206483,1.7796912379351695,0.8516923968387359,0.9747774722684671,7.0,4.0,False,main,False
8352,6,6,11.22030876206483,1.7796912379351695,0.8631006740049869,0.9769279701081856,5.0,3.0,False,main,False
8352,7,7,12.22030876206483,1.7796912379351695,0.872879197290345,0.978740370339772,3.0,2.0,False,main,False
8352,8,8,13.22030876206483,1.7796912379351695,0.8813539174709887,0.9802886325953565,1.0,1.0,False,main,False
8352,9,9,14.22030876206483,1.7796912379351695,0.8887692976290519,0.9816266017806288,-1.0,-1.0,True,main,False
1595,0,1,5.33551263653815,2.66448736346185,0.6669390795672687,0.8991235682733945,45.0,15.0,False,main,True
1563,0,1,5.52543828515771,2.47456171484229,0.6906797856447138,0.9138020410945121,39.0,14.0,False,main,True
1401,1,1,6.477871063137307,1.5221289368626925,0.8097338828921634,0.9731958320311105,17.0,8.0,False,main,True
1401,2,2,7.477871063137307,1.5221289368626925,0.8308745625708119,0.9766257818828149,13.0,7.0,False,main,True
1401,3,3,8.477871063137307,1.5221289368626925,0.8477871063137308,0.979276925430696,11.0,6.0,False,main,False
1401,4,4,9.477871063137307,1.5221289368626925,0.8616246421033916,0.9813876155740011,8.0,5.0,False,main,False
1401,5,5,10.477871063137307,1.5221289368626925,0.873155921928109,0.9831079019565923,6.0,4.0,False,main,False
1401,6,6,11.477871063137307,1.5221289368626925,0.8829131587028698,0.9845369725725525,4.0,3.0,False,main,False
1401,7,7,12.477871063137307,1.5221289368626925,0.8912765045098077,0.9857430276408453,2.0,2.0,False,main,False
1401,8,8,13.477871063137307,1.5221289368626925,0.8985247375424872,0.9867745076093233,1.0,1.0,False,main,False
1401,9,9,14.477871063137307,1.5221289368626925,0.9048669414460817,0.987666767859075,-1.0,-1.0,True,main,False
189,1,1,6.284940180072596,1.7150598199274039,0.7856175225090745,0.9633451460658996,19.0,9.0,False,main,True
8474,1,1,6.473450394776453,1.5265496052235474,0.8091812993470566,0.9729845430745121,17.0,8.0,False,main,True
8474,2,2,7.473450394776453,1.5265496052235474,0.8303833771973836,0.9764422733440471,13.0,7.0,False,main,False
8474,3,3,8.473450394776453,1.5265496052235474,0.8473450394776453,0.9791147334165395,11.0,6.0,False,main,False
8474,4,4,9.473450394776453,1.5265496052235474,0.8612227631614957,0.981242298953992,8.0,5.0,False,main,False
8474,5,5,10.473450394776453,1.5265496052235474,0.8727875328980378,0.9829762775352664,6.0,4.0,False,main,False
8474,6,6,11.473450394776453,1.5265496052235474,0.8825731072904964,0.9844166807278087,4.0,3.0,False,main,False
8474,7,7,12.473450394776453,1.5265496052235474,0.8909607424840323,0.9856322706339886,2.0,2.0,False,main,False
8474,8,8,13.473450394776453,1.5265496052235474,0.8982300263184302,0.9866718842294705,1.0,1.0,False,main,False
8474,9,9,14.473450394776453,1.5265496052235474,0.9045906496735283,0.9875711647493104,-1.0,-1.0,True,main,False
5691,1,1,6.427158281241783,1.5728417187582169,0.8033947851552229,0.9707302939671616,18.0,9.0,False,main,True
5736,0,1,5.209550563455583,2.7904494365444177,0.6511938204319478,0.888940849801572,50.0,16.0,False,main,True
8715,0,1,5.264390883784587,2.7356091162154126,0.6580488604730734,0.8934169970906446,48.0,16.0,False,main,True
12088,1,1,6.165142612386669,1.8348573876133314,0.7706428265483336,0.9566145072931195,21.0,9.0,False,main,True
6147,1,1,6.421793729717292,1.578206270282708,0.8027242162146615,0.970464190987127,18.0,9.0,False,main,True
4760,1,1,6.540209432250749,1.4597905677492515,0.8175261790313436,0.9760998652401628,16.0,8.0,False,main,True
4760,2,2,7.540209432250749,1.4597905677492515,0.837801048027861,0.9791489022790621,13.0,7.0,False,main,True
4760,3,3,8.540209432250748,1.4597905677492515,0.8540209432250748,0.9815075681083019,10.0,6.0,False,main,False
4760,4,4,9.540209432250748,1.4597905677492515,0.8672917665682498,0.9833865978781569,8.0,5.0,False,main,False
4760,5,5,10.540209432250748,1.4597905677492515,0.8783507860208957,0.9849188461612571,6.0,4.0,False,main,False
4760,6,6,11.540209432250748,1.4597905677492515,0.8877084178654422,0.9861922331754389,4.0,3.0,False,main,False
4760,7,7,12.540209432250748,1.4597905677492515,0.8957292451607677,0.9872672661707954,2.0,2.0,False,main,False
4760,8,8,13.540209432250748,1.4597905677492515,0.9026806288167165,0.9881869533862523,1.0,1.0,False,main,False
4760,9,9,14.540209432250748,1.4597905677492515,0.9087630895156718,0.9889827048347241,-1.0,-1.0,True,main,False
48,1,1,6.437571426366425,1.5624285736335755,0.8046964282958031,0.9712439590334807,17.0,9.0,False,main,True
1167,0,1,5.538367446965792,2.4616325530342076,0.692295930870724,0.9147708448241,39.0,14.0,False,main,True
12090,1,1,6.570509616952572,1.429490383047428,0.8213137021190715,0.9774595528043339,16.0,8.0,False,main,True
12090,2,2,7.570509616952572,1.429490383047428,0.8411677352169524,0.9803308430067874,13.0,7.0,False,main,True
12090,3,3,8.570509616952572,1.429490383047428,0.8570509616952572,0.9825529011241368,10.0,6.0,False,main,False
12090,4,4,9.570509616952572,1.429490383047428,0.8700463288138702,0.9843236516813887,8.0,5.0,False,main,False
12090,5,5,10.570509616952572,1.429490383047428,0.8808758014127144,0.9857679602871176,6.0,4.0,False,main,False
12090,6,6,11.570509616952572,1.429490383047428,0.890039201304044,0.9869685054584378,4.0,3.0,False,main,False
12090,7,7,12.570509616952572,1.429490383047428,0.8978935440680409,0.9879822121123851,2.0,2.0,False,main,False
12090,8,8,13.570509616952572,1.429490383047428,0.9047006411301715,0.9888495568191293,1.0,1.0,False,main,False
12090,9,9,14.570509616952572,1.429490383047428,0.9106568510595358,0.9896001095960597,-1.0,-1.0,True,main,False
8603,0,1,5.357865248192793,2.6421347518072067,0.6697331560240991,0.9008938056308009,44.0,15.0,False,main,True
1523,0,1,5.395373957441241,2.6046260425587584,0.6744217446801551,0.9038390566717267,43.0,15.0,False,main,True
7540,1,1,6.478319397130396,1.5216806028696035,0.8097899246412995,0.973217221339463,17.0,8.0,False,main,True
7540,2,2,7.478319397130396,1.5216806028696035,0.8309243774589329,0.9766443594038462,13.0,7.0,False,main,True
7540,3,3,8.478319397130395,1.5216806028696035,0.8478319397130397,0.979293345299583,11.0,6.0,False,main,False
7540,4,4,9.478319397130395,1.5216806028696035,0.8616653997391269,0.9814023272565201,8.0,5.0,False,main,False
7540,5,5,10.478319397130395,1.5216806028696035,0.8731932830941997,0.9831212276258818,6.0,4.0,False,main,False
7540,6,6,11.478319397130395,1.5216806028696035,0.8829476459331075,0.984549151057402,4.0,3.0,False,main,False
7540,7,7,12.478319397130395,1.5216806028696035,0.8913085283664569,0.985754240905304,2.0,2.0,False,main,False
7540,8,8,13.478319397130395,1.5216806028696035,0.8985546264753598,0.9867848974855801,1.0,1.0,False,main,False
7540,9,9,14.478319397130395,1.5216806028696035,0.9048949623206498,0.9876764470450924,-1.0,-1.0,True,main,False
10462,0,1,5.472157179084189,2.527842820915811,0.6840196473855237,0.9097681121939802,41.0,15.0,False,main,True
10462,0,2,5.472157179084189,3.527842820915811,0.6080174643426877,0.8476072298247719,71.0,21.0,False,main,False
10462,0,3,5.472157179084189,4.5278428209158115,0.5472157179084189,0.7890104135163682,119.0,29.0,False,main,True
10462,0,4,5.472157179084189,5.5278428209158115,0.497468834462199,0.7358168122694472,200.0,38.0,False,main,True
10244,0,1,5.5709939537724456,2.4290060462275544,0.6963742442215557,0.9171979439106592,38.0,14.0,False,main,True
10244,0,2,5.5709939537724456,3.4290060462275544,0.6189993281969384,0.8556681280114105,66.0,20.0,False,main,False
10244,0,3,5.5709939537724456,4.4290060462275544,0.5570993953772445,0.7971551248795172,109.0,28.0,False,main,False
10244,0,4,5.5709939537724456,5.4290060462275544,0.5064539957974951,0.7438137042840758,181.0,37.0,False,main,True
10244,0,5,5.5709939537724456,6.4290060462275544,0.4642494961477038,0.6958961815198905,304.0,49.0,False,main,True
9911,1,1,6.190250990639458,1.809749009360542,0.7737813738299323,0.9580622508914448,20.0,9.0,False,main,True
9911,2,2,7.190250990639458,1.809749009360542,0.7989167767377175,0.9635029548711487,16.0,8.0,False,main,False
9911,3,3,8.19025099063946,1.809749009360542,0.8190250990639457,0.9676924089737005,12.0,6.0,False,main,False
9911,4,4,9.19025099063946,1.809749009360542,0.8354773627854053,0.9710181632371834,9.0,5.0,False,main,False
9911,5,5,10.19025099063946,1.809749009360542,0.8491875825532882,0.9737225662582466,7.0,4.0,False,main,False
9911,6,6,11.19025099063946,1.809749009360542,0.8607885377414968,0.9759649906713298,5.0,3.0,False,main,False
9911,7,7,12.19025099063946,1.809749009360542,0.8707322136171041,0.9778545660331174,3.0,2.0,False,main,False
9911,8,8,13.19025099063946,1.809749009360542,0.8793500660426306,0.9794685416939465,1.0,1.0,False,main,False
9911,9,9,14.19025099063946,1.809749009360542,0.8868906869149662,0.9808631411332593,-1.0,-1.0,True,main,False
7461,1,1,6.455707828923728,1.5442921710762723,0.806963478615466,0.9721295053106561,17.0,8.0,False,main,True
444,1,1,6.567625195070928,1.432374804929072,0.820953149383866,0.9773316031680057,16.0,8.0,False,main,True
9963,1,1,6.2141954586873185,1.7858045413126813,0.7767744323359148,0.9594247859670592,20.0,9.0,False,main,True
9963,2,2,7.2141954586873185,1.7858045413126813,0.8015772731874798,0.9646827984901158,16.0,8.0,False,main,False
9963,3,3,8.214195458687318,1.7858045413126813,0.8214195458687319,0.9687328497996266,12.0,6.0,False,main,False
9963,4,4,9.214195458687318,1.7858045413126813,0.8376541326079381,0.9719487115087333,9.0,5.0,False,main,False
9963,5,5,10.214195458687318,1.7858045413126813,0.8511829548906099,0.9745642471739848,7.0,4.0,False,main,False
9963,6,6,11.214195458687318,1.7858045413126813,0.8626304198990246,0.976733316069021,5.0,3.0,False,main,False
9963,7,7,12.214195458687318,1.7858045413126813,0.8724425327633799,0.9785613087684943,3.0,2.0,False,main,False
9963,8,8,13.214195458687318,1.7858045413126813,0.8809463639124879,0.980122848836471,1.0,1.0,False,main,False
9963,9,9,14.214195458687318,1.7858045413126813,0.8883872161679575,0.9814722613090209,-1.0,-1.0,True,main,False
10732,1,1,6.544480366676095,1.4555196333239053,0.8180600458345119,0.9762935980720626,16.0,8.0,False,main,True
10732,2,2,7.544480366676095,1.4555196333239053,0.8382755962973438,0.9793172853779439,13.0,7.0,False,main,False
10732,3,3,8.544480366676094,1.4555196333239053,0.8544480366676094,0.9816564736785635,10.0,6.0,False,main,False
10732,4,4,9.544480366676094,1.4555196333239053,0.8676800333341904,0.9835200680723323,8.0,5.0,False,main,False
10732,5,5,10.544480366676094,1.4555196333239053,0.8787066972230079,0.98503978238758,6.0,4.0,False,main,False
10732,6,6,11.544480366676094,1.4555196333239053,0.8880369512827765,0.9863027886414296,4.0,3.0,False,main,False
10732,7,7,12.544480366676094,1.4555196333239053,0.8960343119054353,0.9873690828847534,2.0,2.0,False,main,False
10732,8,8,13.544480366676094,1.4555196333239053,0.9029653577784063,0.9882813121700328,1.0,1.0,False,main,False
10732,9,9,14.544480366676094,1.4555196333239053,0.9090300229172559,0.9890706240531684,-1.0,-1.0,True,main,False
66,1,1,6.277547586873287,1.722452413126713,0.7846934483591609,0.9629429517569362,19.0,9.0,False,main,True
6485,1,1,6.240586646110616,1.759413353889384,0.780073330763827,0.9609058238620113,20.0,9.0,False,main,True
10475,1,1,6.526672308393364,1.4733276916066358,0.8158340385491705,0.9754813393945616,16.0,8.0,False,main,True
10475,2,2,7.526672308393364,1.4733276916066358,0.8362969231548182,0.9786113621111816,13.0,7.0,False,main,False
10475,3,3,8.526672308393364,1.4733276916066358,0.8526672308393364,0.9810322423363259,10.0,6.0,False,main,False
10475,4,4,9.526672308393364,1.4733276916066358,0.8660611189448513,0.9829605684461531,8.0,5.0,False,main,False
10475,5,5,10.526672308393364,1.4733276916066358,0.8772226923661136,0.9845328424300828,6.0,4.0,False,main,False
10475,6,6,11.526672308393364,1.4733276916066358,0.8866671006456434,0.9858393762262011,4.0,3.0,False,main,False
10475,7,7,12.526672308393364,1.4733276916066358,0.8947623077423831,0.9869423108833696,2.0,2.0,False,main,False
10475,8,8,13.526672308393364,1.4733276916066358,0.901778153892891,0.9878858088141667,1.0,1.0,False,main,False
10475,9,9,14.526672308393364,1.4733276916066358,0.9079170192745852,0.9887021186040457,-1.0,-1.0,True,main,False
7955,1,1,6.25286128185518,1.7471387181448197,0.7816076602318975,0.9615871774966525,20.0,9.0,False,main,True
7955,2,2,7.25286128185518,1.7471387181448197,0.8058734757616867,0.9665558984414011,15.0,8.0,False,main,False
7955,3,3,8.25286128185518,1.7471387181448197,0.825286128185518,0.9703850630406595,12.0,6.0,False,main,False
7955,4,4,9.25286128185518,1.7471387181448197,0.84116920744138,0.9734267126749403,9.0,5.0,False,main,False
7955,5,5,10.25286128185518,1.7471387181448197,0.854405106821265,0.9759013136504716,7.0,4.0,False,main,False
7955,6,6,11.25286128185518,1.7471387181448197,0.8656047139888601,0.9779540124164942,5.0,3.0,False,main,False
7955,7,7,12.25286128185518,1.7471387181448197,0.87520437727537,0.9796842866949024,3.0,2.0,False,main,False
7955,8,8,13.25286128185518,1.7471387181448197,0.883524085457012,0.9811626052775514,1.0,1.0,False,main,False
7955,9,9,14.25286128185518,1.7471387181448197,0.8908038301159488,0.9824402879030454,-1.0,-1.0,True,main,False
8225,1,1,6.554418066132782,1.445581933867218,0.8193022582665977,0.9767417467026981,16.0,8.0,False,main,True
8225,2,2,7.554418066132782,1.445581933867218,0.8393797851258646,0.9797068243768999,13.0,7.0,False,main,False
8225,3,3,8.554418066132783,1.445581933867218,0.8554418066132783,0.9820009734062013,10.0,6.0,False,main,False
8225,4,4,9.554418066132783,1.445581933867218,0.8685834605575257,0.9838288715867832,8.0,5.0,False,main,False
8225,5,5,10.554418066132783,1.445581933867218,0.8795348388443985,0.9853195970506291,6.0,4.0,False,main,False
8225,6,6,11.554418066132783,1.445581933867218,0.8888013897025218,0.9865585927608586,4.0,3.0,False,main,False
8225,7,7,12.554418066132783,1.445581933867218,0.896744147580913,0.9876046732312332,2.0,2.0,False,main,False
8225,8,8,13.554418066132783,1.445581933867218,0.9036278710755189,0.9884996505972776,1.0,1.0,False,main,False
8225,9,9,14.554418066132783,1.445581933867218,0.9096511291332989,0.9892740656567551,-1.0,-1.0,True,main,False
7986,0,1,5.273954028430927,2.7260459715690737,0.6592442535538658,0.8941908185108604,47.0,16.0,False,main,True
7986,0,2,5.273954028430927,3.7260459715690737,0.5859948920478808,0.8310001810136368,83.0,22.0,False,main,False
7986,0,3,5.273954028430927,4.726045971569073,0.5273954028430927,0.7723554321486394,143.0,31.0,False,main,True
7986,0,4,5.273954028430927,5.726045971569073,0.47945036622099335,0.7195292229330377,246.0,41.0,False,main,True
1631,1,1,6.2332118650141775,1.7667881349858225,0.7791514831267722,0.9604941647489152,20.0,9.0,False,main,True
5824,0,1,5.164222870455748,2.835777129544252,0.6455278588069685,0.8851919092049653,52.0,16.0,False,main,True
4722,1,1,6.438191324105555,1.5618086758944452,0.8047739155131943,0.9712744179174728,17.0,9.0,False,main,True
3522,0,1,5.314166604734438,2.685833395265562,0.6642708255918047,0.8974226182891513,46.0,15.0,False,main,True
9841,1,1,6.3820250409772585,1.6179749590227412,0.7977531301221573,0.9684604889526219,18.0,9.0,False,main,True
9841,2,2,7.3820250409772585,1.6179749590227412,0.8202250045530287,0.9725151215891868,14.0,7.0,False,main,False
9841,3,3,8.382025040977258,1.6179749590227412,0.8382025040977259,0.9756451495091206,11.0,6.0,False,main,False
9841,4,4,9.382025040977258,1.6179749590227412,0.852911367361569,0.9781346817091174,9.0,5.0,False,main,False
9841,5,5,10.382025040977258,1.6179749590227412,0.8651687534147716,0.9801621765817979,6.0,4.0,False,main,False
9841,6,6,11.382025040977258,1.6179749590227412,0.8755403877674814,0.9818453978803031,4.0,3.0,False,main,False
9841,7,7,12.382025040977258,1.6179749590227412,0.8844303600698042,0.9832652063651923,3.0,2.0,False,main,False
9841,8,8,13.382025040977258,1.6179749590227412,0.8921350027318172,0.9844789698247496,1.0,1.0,False,main,False
9841,9,9,14.382025040977258,1.6179749590227412,0.8988765650610787,0.9855285198838555,-1.0,-1.0,True,main,False
4878,0,1,5.435490392811303,2.564509607188697,0.6794362991014129,0.9069536741354999,42.0,15.0,False,main,True
12131,1,1,6.223556009884158,1.7764439901158426,0.7779445012355197,0.9599525884108918,20.0,9.0,False,main,True
1490,1,1,6.519389581948632,1.4806104180513682,0.814923697743579,0.9751457845641126,17.0,8.0,False,main,True
11371,1,1,6.225928479975808,1.774071520024192,0.778241059996976,0.9600859264808241,20.0,9.0,False,main,True
11371,2,2,7.225928479975808,1.774071520024192,0.8028809422195342,0.9652554048793247,16.0,8.0,False,main,True
11371,3,3,8.225928479975808,1.774071520024192,0.8225928479975808,0.9692378752182543,12.0,6.0,False,main,False
11371,4,4,9.225928479975808,1.774071520024192,0.8387207709068917,0.972400447340099,9.0,5.0,False,main,False
11371,5,5,10.225928479975808,1.774071520024192,0.8521607066646507,0.9749728796551824,7.0,4.0,False,main,False
11371,6,6,11.225928479975808,1.774071520024192,0.8635329599981391,0.9771063626797316,5.0,3.0,False,main,False
11371,7,7,12.225928479975808,1.774071520024192,0.8732806057125577,0.9789044764057552,3.0,2.0,False,main,False
11371,8,8,13.225928479975808,1.774071520024192,0.8817285653317205,0.9804405724650501,1.0,1.0,False,main,False
11371,9,9,14.225928479975808,1.774071520024192,0.889120529998488,0.9817680560421569,-1.0,-1.0,True,main,False
3004,0,1,5.205517232105792,2.7944827678942086,0.650689654013224,0.8886090604797158,50.0,16.0,False,main,True
10477,0,1,5.259288449189735,2.740711550810265,0.6574110561487169,0.893003301363895,48.0,16.0,False,main,True
10477,0,2,5.259288449189735,3.740711550810265,0.5843653832433039,0.8297482607859835,84.0,22.0,False,main,False
10477,0,3,5.259288449189735,4.740711550810265,0.5259288449189735,0.7711060901995093,145.0,31.0,False,main,True
10477,0,4,5.259288449189735,5.740711550810265,0.47811713174452136,0.7183107295623918,250.0,42.0,False,main,True
10477,0,5,5.259288449189735,6.740711550810265,0.4382740374324779,0.6712283573897333,442.0,55.0,False,main,True
9988,0,1,5.278890126275564,2.7211098737244366,0.6598612657844455,0.8945894457067208,47.0,16.0,False,main,True
9988,0,2,5.278890126275564,3.7211098737244366,0.5865433473639515,0.8314208376184404,83.0,22.0,False,main,False
9988,0,3,5.278890126275564,4.721109873724437,0.5278890126275564,0.7727754063767922,142.0,31.0,False,main,True
9988,0,4,5.278890126275564,5.721109873724437,0.4798991023886876,0.7199389260262471,245.0,41.0,False,main,True
11627,0,1,5.44039264825807,2.5596073517419304,0.6800490810322587,0.9073317543615667,42.0,15.0,False,main,True
4153,1,1,6.229509922439332,1.7704900775606678,0.7786887403049165,0.9602868769153684,20.0,9.0,False,main,True
1349,0,1,5.20114194824099,2.7988580517590096,0.6501427435301238,0.8882487433326489,50.0,16.0,False,main,True
1496,0,1,5.224240063283585,2.775759936716416,0.6530300079104481,0.8901462532950778,49.0,16.0,False,main,True
5695,0,1,5.24859770281718,2.75140229718282,0.6560747128521475,0.8921346655612046,48.0,16.0,False,main,True
4719,1,1,6.261096654982762,1.7389033450172384,0.7826370818728452,0.962041631392688,19.0,9.0,False,main,True
7191,0,1,5.330737895040727,2.669262104959273,0.6663422368800909,0.8987439774907595,45.0,15.0,False,main,True
11921,0,1,5.439916513934252,2.5600834860657478,0.6799895642417815,0.9072950573509994,42.0,15.0,False,main,True
3864,1,1,6.537916357337835,1.4620836426621655,0.8172395446672294,0.9759955698279439,16.0,8.0,False,main,True
6198,0,1,5.183872416580193,2.8161275834198074,0.6479840520725241,0.8868225104715839,51.0,16.0,False,main,True
1721,1,1,6.188123593723706,1.811876406276294,0.7735154492154632,0.9579403357379371,20.0,9.0,False,main,True
11198,1,1,6.5248832948763305,1.4751167051236693,0.8156104118595413,0.9753990907246337,16.0,8.0,False,main,True
11198,2,2,7.5248832948763305,1.4751167051236693,0.8360981438751478,0.978539888498395,13.0,7.0,False,main,False
11198,3,3,8.52488329487633,1.4751167051236693,0.8524883294876331,0.9809690450092919,10.0,6.0,False,main,False
11198,4,4,9.52488329487633,1.4751167051236693,0.8658984813523937,0.9829039281637358,8.0,5.0,False,main,False
11198,5,5,10.52488329487633,1.4751167051236693,0.8770736079063609,0.9844815255832376,6.0,4.0,False,main,False
11198,6,6,11.52488329487633,1.4751167051236693,0.8865294842212562,0.9857924675834138,4.0,3.0,False,main,False
11198,7,7,12.52488329487633,1.4751167051236693,0.894634521062595,0.9868991126627277,2.0,2.0,False,main,False
11198,8,8,13.52488329487633,1.4751167051236693,0.9016588863250887,0.9878457768270664,1.0,1.0,False,main,False
11198,9,9,14.52488329487633,1.4751167051236693,0.9078052059297707,0.9886648202435013,-1.0,-1.0,True,main,False
2431,1,1,6.536241346640507,1.4637586533594935,0.8170301683300634,0.9759192623341467,16.0,8.0,False,main,True
2431,2,2,7.536241346640507,1.4637586533594935,0.837360149626723,0.9789919381166975,13.0,7.0,False,main,True
2431,3,3,8.536241346640507,1.4637586533594935,0.8536241346640507,0.9813687653289362,10.0,6.0,False,main,False
2431,4,4,9.536241346640507,1.4637586533594935,0.8669310315127734,0.9832621865555426,8.0,5.0,False,main,False
2431,5,5,10.536241346640507,1.4637586533594935,0.8780201122200423,0.9848061205285691,6.0,4.0,False,main,False
2431,6,6,11.536241346640507,1.4637586533594935,0.8874031805108082,0.98608918535765,4.0,3.0,False,main,False
2431,7,7,12.536241346640507,1.4637586533594935,0.8954458104743219,0.9871723650765953,2.0,2.0,False,main,False
2431,8,8,13.536241346640507,1.4637586533594935,0.9024160897760338,0.9880990047699881,1.0,1.0,False,main,False
2431,9,9,14.536241346640507,1.4637586533594935,0.9085150841650317,0.988900759205555,-1.0,-1.0,True,main,False
4605,1,1,6.371037685190876,1.628962314809124,0.7963797106488595,0.967897363399105,18.0,9.0,False,main,True
6168,1,1,6.466866580756555,1.5331334192434445,0.8083583225945694,0.9726685690808029,17.0,8.0,False,main,True
6413,1,1,6.468187334385093,1.531812665614907,0.8085234167981367,0.9727320795242119,17.0,8.0,False,main,True
7339,0,1,5.156962580667423,2.8430374193325774,0.6446203225834278,0.8845873235123237,52.0,16.0,False,main,True
10597,0,1,5.5231562610349565,2.476843738965043,0.6903945326293696,0.9136306348453864,39.0,15.0,False,main,True
10597,0,2,5.5231562610349565,3.476843738965043,0.6136840290038841,0.8517851339232267,68.0,21.0,False,main,False
10597,0,3,5.5231562610349565,4.476843738965043,0.5523156261034956,0.7932264232029955,114.0,28.0,False,main,True
10597,0,4,5.5231562610349565,5.476843738965043,0.5021051146395415,0.7399535426174275,190.0,38.0,False,main,True
9377,1,1,6.45827191874528,1.5417280812547203,0.80728398984316,0.9722537643871635,17.0,8.0,False,main,True
2506,1,1,6.190536999138215,1.8094630008617854,0.7738171248922768,0.9580786306025564,20.0,9.0,False,main,True
4267,1,1,6.366160463810317,1.6338395361896831,0.7957700579762896,0.9676460849969695,18.0,9.0,False,main,True
894,1,1,6.265707805194915,1.7342921948050851,0.7832134756493644,0.9622951438940149,19.0,9.0,False,main,True
7967,0,1,5.146915663735695,2.8530843362643052,0.6433644579669618,0.8837488263631369,53.0,16.0,False,main,True
7967,0,2,5.146915663735695,3.8530843362643052,0.571879518192855,0.8200511900534583,93.0,23.0,False,main,False
7967,0,3,5.146915663735695,4.853084336264305,0.5146915663735695,0.7614557178913286,162.0,32.0,False,main,True
7967,0,4,5.146915663735695,5.853084336264305,0.46790142397597223,0.7089130567532547,285.0,43.0,False,main,True
7967,0,5,5.146915663735695,6.853084336264305,0.4289096386446412,0.6621685145052859,516.0,58.0,False,main,True
8522,1,1,6.36342722278015,1.6365727772198504,0.7954284028475187,0.9675049151067215,18.0,9.0,False,main,True
8623,1,1,6.348573377407287,1.6514266225927134,0.7935716721759108,0.9667333332739767,18.0,9.0,False,main,True
10616,0,1,5.381496819502295,2.6185031804977053,0.6726871024377868,0.902753107897336,44.0,15.0,False,main,True
10616,0,2,5.381496819502295,3.6185031804977053,0.5979440910558105,0.8400835516177888,76.0,21.0,False,main,False
10616,0,3,5.381496819502295,4.618503180497705,0.5381496819502295,0.7814453934656617,129.0,29.0,False,main,False
10616,0,4,5.381496819502295,5.618503180497705,0.4892269835911177,0.7284082817971547,219.0,40.0,False,main,True
10616,0,5,5.381496819502295,6.618503180497705,0.4484580682918579,0.6809803908097396,379.0,53.0,False,main,True
11376,1,1,6.179135380892915,1.820864619107085,0.7723919226116144,0.957423710103245,21.0,9.0,False,main,True
11376,2,2,7.179135380892915,1.820864619107085,0.7976817089881016,0.9629501379614644,16.0,8.0,False,main,False
11376,3,3,8.179135380892916,1.820864619107085,0.8179135380892916,0.9672049799700531,12.0,6.0,False,main,False
11376,4,4,9.179135380892916,1.820864619107085,0.8344668528084469,0.970582266035653,9.0,5.0,False,main,False
11376,5,5,10.179135380892916,1.820864619107085,0.8482612817410763,0.973328332623153,7.0,4.0,False,main,False
11376,6,6,11.179135380892916,1.820864619107085,0.8599334908379166,0.9756051423043466,5.0,3.0,False,main,False
11376,7,7,12.179135380892916,1.820864619107085,0.8699382414923511,0.9775235803633688,3.0,2.0,False,main,False
11376,8,8,13.179135380892916,1.820864619107085,0.878609025392861,0.9791621287616744,1.0,1.0,False,main,False
11376,9,9,14.179135380892916,1.820864619107085,0.8861959613058072,0.980577901924102,-1.0,-1.0,True,main,False
12024,0,1,5.440676858279392,2.5593231417206073,0.680084607284924,0.9073536567394141,42.0,15.0,False,main,True
6751,1,1,6.505697067915509,1.4943029320844905,0.8132121334894387,0.9745096283009855,17.0,8.0,False,main,True
4094,0,1,5.2093918411747095,2.7906081588252905,0.6511739801468387,0.8889277996724497,50.0,16.0,False,main,True
8185,0,1,5.431496707510215,2.5685032924897855,0.6789370884387769,0.9066452578393904,42.0,15.0,False,main,True
8185,0,2,5.431496707510215,3.5685032924897855,0.6034996341678016,0.8442481556604169,73.0,21.0,False,main,False
8185,0,3,5.431496707510215,4.568503292489785,0.5431496707510215,0.785628668597783,124.0,29.0,False,main,True
8185,0,4,5.431496707510215,5.568503292489785,0.4937724279554741,0.7325028090408846,208.0,39.0,False,main,True
9490,0,1,5.356299561124456,2.643700438875544,0.669537445140557,0.9007701747459622,45.0,15.0,False,main,True
9490,0,2,5.356299561124456,3.643700438875544,0.5951443956804952,0.8379706873955178,78.0,22.0,False,main,False
9490,0,3,5.356299561124456,4.643700438875544,0.5356299561124456,0.7793269122848117,132.0,30.0,False,main,False
9490,0,4,5.356299561124456,5.643700438875544,0.4869363237385869,0.7263367788387634,225.0,40.0,False,main,True
9490,0,5,5.356299561124456,6.643700438875544,0.44635829676037136,0.6789782418257868,391.0,53.0,False,main,True
10969,0,1,5.225660875983221,2.7743391240167794,0.6532076094979026,0.8902625949755917,49.0,16.0,False,main,True
10969,0,2,5.225660875983221,3.7743391240167794,0.5806289862203579,0.8268657476032792,87.0,23.0,False,main,False
10969,0,3,5.225660875983221,4.774339124016779,0.522566087598322,0.7682325816207889,150.0,31.0,False,main,True
10969,0,4,5.225660875983221,5.774339124016779,0.47506007963483826,0.7155098240375442,260.0,42.0,False,main,True
6305,1,1,6.383122018145505,1.6168779818544952,0.7978902522681881,0.9685164862066787,18.0,9.0,False,main,True
8964,1,1,6.400716777169924,1.599283222830076,0.8000895971462405,0.9694090271387018,18.0,9.0,False,main,True
7754,1,1,6.584323081262486,1.4156769187375142,0.8230403851578107,0.9780679323400494,16.0,8.0,False,main,True
7754,2,2,7.584323081262486,1.4156769187375142,0.8427025645847207,0.9808598187844686,13.0,7.0,False,main,False
7754,3,3,8.584323081262486,1.4156769187375142,0.8584323081262486,0.9830208238995853,10.0,6.0,False,main,False
7754,4,4,9.584323081262486,1.4156769187375142,0.8713020982965897,0.9847431656269174,8.0,5.0,False,main,False
7754,5,5,10.584323081262486,1.4156769187375142,0.8820269234385405,0.9861481481029759,6.0,4.0,False,main,False
7754,6,6,11.584323081262486,1.4156769187375142,0.8911017754817296,0.9873161117037379,4.0,3.0,False,main,False
7754,7,7,12.584323081262486,1.4156769187375142,0.8988802200901775,0.9883023826267783,2.0,2.0,False,main,False
7754,8,8,13.584323081262486,1.4156769187375142,0.9056215387508324,0.989146307169085,1.0,1.0,False,main,False
7754,9,9,14.584323081262486,1.4156769187375142,0.9115201925789054,0.9898766336062829,-1.0,-1.0,True,main,False
2918,0,1,5.469393742924276,2.530606257075724,0.6836742178655345,0.9095570830101223,41.0,15.0,False,main,True
1818,1,1,6.34089813224045,1.6591018677595502,0.7926122665300562,0.966331749412761,18.0,9.0,False,main,True
9940,0,1,5.1630732460093665,2.8369267539906335,0.6453841557511708,0.8850962518627719,52.0,16.0,False,main,True
9940,0,2,5.1630732460093665,3.8369267539906335,0.5736748051121519,0.8214568173569301,92.0,23.0,False,main,False
9940,0,3,5.1630732460093665,4.8369267539906335,0.5163073246009366,0.7628517334693554,160.0,32.0,False,main,True
9940,0,4,5.1630732460093665,5.8369267539906335,0.4693702950917606,0.710270974691952,279.0,43.0,False,main,True
9940,0,5,5.1630732460093665,6.8369267539906335,0.4302561038341139,0.6634766837773265,504.0,58.0,False,main,True
8544,0,1,5.305521747387287,2.694478252612713,0.6631902184234109,0.8967308706721125,46.0,15.0,False,main,True
8873,1,1,6.259635522133377,1.7403644778666236,0.7824544402666721,0.9619611592615172,19.0,9.0,False,main,True
7299,1,1,6.162318440839987,1.8376815591600133,0.7702898051049983,0.9564504609411564,21.0,9.0,False,main,True
7599,1,1,6.3072899696625235,1.692710030337476,0.7884112462078154,0.9645503138317344,19.0,9.0,False,main,True
4179,0,1,5.253276981395323,2.7467230186046776,0.6566596226744154,0.8925151704786031,48.0,16.0,False,main,True
1654,0,1,5.580708241326328,2.4192917586736717,0.697588530165791,0.9179156779466796,38.0,14.0,False,main,True
9026,1,1,6.423210876830142,1.576789123169858,0.8029013596037677,0.9705345844899842,18.0,9.0,False,main,True
9026,2,2,7.423210876830142,1.576789123169858,0.8248012085366825,0.9743150751921165,14.0,7.0,False,main,True
9026,3,3,8.423210876830142,1.576789123169858,0.8423210876830142,0.9772350589621848,11.0,6.0,False,main,False
9026,4,4,9.423210876830142,1.576789123169858,0.8566555342572856,0.9795584955618774,8.0,5.0,False,main,False
9026,5,5,10.423210876830142,1.576789123169858,0.8686009064025119,0.9814513450850689,6.0,4.0,False,main,False
9026,6,6,11.423210876830142,1.576789123169858,0.878708528986934,0.9830232049485182,4.0,3.0,False,main,False
9026,7,7,12.423210876830142,1.576789123169858,0.8873722054878673,0.9843493732942644,2.0,2.0,False,main,False
9026,8,8,13.423210876830142,1.576789123169858,0.8948807251220094,0.9854832974059604,1.0,1.0,False,main,False
9026,9,9,14.423210876830142,1.576789123169858,0.9014506798018839,0.9864639659484953,-1.0,-1.0,True,main,False
9088,1,1,6.386156018696609,1.6138439813033907,0.7982695023370762,0.9686711489668257,18.0,9.0,False,main,True
2294,0,1,5.440481997809081,2.559518002190919,0.6800602497261351,0.9073386402010457,42.0,15.0,False,main,True
1836,0,1,5.28787730044097,2.71212269955903,0.6609846625551212,0.8953138487844343,47.0,15.0,False,main,True
11150,1,1,6.542974956127724,1.4570250438722763,0.8178718695159655,0.9762253889685746,16.0,8.0,False,main,True
11150,2,2,7.542974956127724,1.4570250438722763,0.8381083284586359,0.9792580004682627,13.0,7.0,False,main,False
11150,3,3,8.542974956127724,1.4570250438722763,0.8542974956127724,0.9816040458853517,10.0,6.0,False,main,False
11150,4,4,9.542974956127724,1.4570250438722763,0.8675431778297931,0.9834730744605921,8.0,5.0,False,main,False
11150,5,5,10.542974956127724,1.4570250438722763,0.8785812463439769,0.9849972015612499,6.0,4.0,False,main,False
11150,6,6,11.542974956127724,1.4570250438722763,0.8879211504713633,0.9862638625789563,4.0,3.0,False,main,False
11150,7,7,12.542974956127724,1.4570250438722763,0.8959267825805517,0.9873332335174708,2.0,2.0,False,main,False
11150,8,8,13.542974956127724,1.4570250438722763,0.9028649970751815,0.9882480885776267,1.0,1.0,False,main,False
11150,9,9,14.542974956127724,1.4570250438722763,0.9089359347579827,0.989039667709877,-1.0,-1.0,True,main,False
2513,1,1,6.529935115899349,1.4700648841006512,0.8162418894874186,0.9756310407119637,16.0,8.0,False,main,True
9456,0,1,5.384197317381457,2.6158026826185434,0.6730246646726821,0.9029647762509706,44.0,15.0,False,main,True
9456,0,2,5.384197317381457,3.6158026826185434,0.5982441463757174,0.840309435745731,76.0,21.0,False,main,False
9456,0,3,5.384197317381457,4.615802682618543,0.5384197317381456,0.7816720294779039,129.0,29.0,False,main,True
6963,1,1,6.479922340903923,1.520077659096077,0.8099902926129904,0.9732936362490285,17.0,8.0,False,main,True
6963,2,2,7.479922340903923,1.520077659096077,0.8311024823226582,0.9767107297347325,13.0,7.0,False,main,False
6963,3,3,8.479922340903922,1.520077659096077,0.8479922340903923,0.9793520076666689,11.0,6.0,False,main,False
6963,4,4,9.479922340903922,1.520077659096077,0.8618111219003566,0.9814548872281253,8.0,5.0,False,main,False
6963,5,5,10.479922340903922,1.520077659096077,0.8733268617419935,0.9831688360849102,6.0,4.0,False,main,False
6963,6,6,11.479922340903922,1.520077659096077,0.8830709493003017,0.9845926611749812,4.0,3.0,False,main,False
6963,7,7,12.479922340903922,1.520077659096077,0.8914230243502802,0.9857943027232541,2.0,2.0,False,main,False
6963,8,8,13.479922340903922,1.520077659096077,0.8986614893935948,0.9868220176861399,1.0,1.0,False,main,False
6963,9,9,14.479922340903922,1.520077659096077,0.9049951463064951,0.9877110282352384,-1.0,-1.0,True,main,False
11655,0,1,5.265267394181467,2.7347326058185333,0.6581584242726833,0.8934880053811705,48.0,16.0,False,main,True
8755,0,1,5.271785561499069,2.7282144385009315,0.6589731951873836,0.8940155288523731,48.0,16.0,False,main,True
8755,0,2,5.271785561499069,3.7282144385009315,0.5857539512776744,0.8308152699607338,84.0,22.0,False,main,True
8755,0,3,5.271785561499069,4.728214438500931,0.5271785561499069,0.7721708504351663,143.0,31.0,False,main,True
10368,1,1,6.186722591437796,1.8132774085622034,0.7733403239297245,0.9578599721146535,20.0,9.0,False,main,True
10368,2,2,7.186722591437796,1.8132774085622034,0.7985247323819773,0.9633278245895125,16.0,8.0,False,main,False
10368,3,3,8.186722591437796,1.8132774085622034,0.8186722591437796,0.9675379884785958,12.0,6.0,False,main,False
10368,4,4,9.186722591437796,1.8132774085622034,0.8351565992216178,0.97088006496629,9.0,5.0,False,main,False
10368,5,5,10.186722591437796,1.8132774085622034,0.848893549286483,0.973597665151282,7.0,4.0,False,main,False
10368,6,6,11.186722591437796,1.8132774085622034,0.860517122418292,0.9758509816929878,5.0,3.0,False,main,False
10368,7,7,12.186722591437796,1.8132774085622034,0.8704801851026998,0.9777497000928869,3.0,2.0,False,main,False
10368,8,8,13.186722591437796,1.8132774085622034,0.8791148394291864,0.9793714600299482,1.0,1.0,False,main,False
10368,9,9,14.186722591437796,1.8132774085622034,0.8866701619648623,0.9807727671335859,-1.0,-1.0,True,main,False
6299,1,1,6.212251572056137,1.7877484279438636,0.7765314465070171,0.9593148351981275,20.0,9.0,False,main,True
9421,1,1,6.325999999240622,1.6740000007593778,0.7907499999050778,0.9655466589356002,19.0,9.0,False,main,True
11614,0,1,5.469051389252378,2.5309486107476213,0.6836314236565473,0.9095309269021797,41.0,15.0,False,main,True
11922,1,1,6.430465284755985,1.569534715244015,0.8038081605944981,0.9708938344620139,17.0,9.0,False,main,True
9898,1,1,6.348141191843093,1.651858808156907,0.7935176489803866,0.9667107727245798,18.0,9.0,False,main,True
9898,2,2,7.348141191843093,1.651858808156907,0.8164601324270103,0.9709972956615287,14.0,7.0,False,main,False
9898,3,3,8.348141191843093,1.651858808156907,0.8348141191843093,0.9743048597606877,11.0,6.0,False,main,False
9898,4,4,9.348141191843093,1.651858808156907,0.8498310174402811,0.9769347000427961,9.0,5.0,False,main,False
9898,5,5,10.348141191843093,1.651858808156907,0.8623450993202577,0.9790758837861522,6.0,4.0,False,main,False
9898,6,6,11.348141191843093,1.651858808156907,0.872933937834084,0.9808530994108994,4.0,3.0,False,main,False
9898,7,7,12.348141191843093,1.651858808156907,0.8820100851316495,0.9823519206507761,3.0,2.0,False,main,False
9898,8,8,13.348141191843093,1.651858808156907,0.8898760794562062,0.9836330347551921,1.0,1.0,False,main,False
9898,9,9,14.348141191843093,1.651858808156907,0.8967588244901933,0.9847406791260853,-1.0,-1.0,True,main,False
636,1,1,6.473115186262589,1.5268848137374105,0.8091393982828237,0.972968492998139,17.0,8.0,False,main,True
597,1,1,6.160591060051309,1.839408939948691,0.7700738825064136,0.9563500038245791,21.0,9.0,False,main,True
597,2,2,7.160591060051309,1.839408939948691,0.7956212288945899,0.9620207290864947,16.0,8.0,False,main,True
597,3,3,8.16059106005131,1.839408939948691,0.816059106005131,0.9663856034023847,13.0,6.0,False,main,False
597,4,4,9.16059106005131,1.839408939948691,0.83278100545921,0.9698495850966039,10.0,5.0,False,main,False
597,5,5,10.16059106005131,1.839408939948691,0.8467159216709425,0.9726657325615101,7.0,4.0,False,main,False
597,6,6,11.16059106005131,1.839408939948691,0.8585070046193315,0.9750003721231059,5.0,3.0,False,main,False
597,7,7,12.16059106005131,1.839408939948691,0.8686136471465221,0.9769673462909976,3.0,2.0,False,main,False
597,8,8,13.16059106005131,1.839408939948691,0.877372737336754,0.9786472125952357,1.0,1.0,False,main,False
597,9,9,14.16059106005131,1.839408939948691,0.8850369412532069,0.9800985853733682,-1.0,-1.0,True,main,False
8593,1,1,6.37786625686445,1.6221337431355507,0.7972332821080562,0.9682478242857913,18.0,9.0,False,main,True
8593,2,2,7.37786625686445,1.6221337431355507,0.8197629174293833,0.9723306112758532,14.0,7.0,False,main,True
8593,3,3,8.37786625686445,1.6221337431355507,0.8377866256864449,0.975482200833334,11.0,6.0,False,main,False
8593,4,4,9.37786625686445,1.6221337431355507,0.8525332960785863,0.977988777280986,9.0,5.0,False,main,False
8593,5,5,10.37786625686445,1.6221337431355507,0.8648221880720375,0.9800300852777506,6.0,4.0,False,main,False
8593,6,6,11.37786625686445,1.6221337431355507,0.8752204812972653,0.9817247284979091,4.0,3.0,False,main,False
8593,7,7,12.37786625686445,1.6221337431355507,0.8841333040617464,0.9831541395446574,3.0,2.0,False,main,False
8593,8,8,13.37786625686445,1.6221337431355507,0.8918577504576299,0.9843760890761245,1.0,1.0,False,main,False
8593,9,9,14.37786625686445,1.6221337431355507,0.8986166410540282,0.9854327007613676,-1.0,-1.0,True,main,False
6268,1,1,6.1521728114253245,1.847827188574675,0.7690216014281656,0.9558591383977925,21.0,9.0,False,main,True
7557,1,1,6.337766118658309,1.6622338813416913,0.7922207648322886,0.9661673124291557,19.0,9.0,False,main,True
7979,0,1,5.353403479677373,2.646596520322627,0.6691754349596716,0.9005413470709108,45.0,15.0,False,main,True
7979,0,2,5.353403479677373,3.646596520322627,0.5948226088530414,0.8377272378674921,78.0,22.0,False,main,False
7979,0,3,5.353403479677373,4.6465965203226265,0.5353403479677372,0.7790829784200359,133.0,30.0,False,main,True
7979,0,4,5.353403479677373,5.6465965203226265,0.4866730436070339,0.7260983406335995,226.0,40.0,False,main,True
1645,0,1,5.241141665602131,2.7588583343978694,0.6551427082002663,0.8915273737226563,49.0,16.0,False,main,True
141,1,1,6.415386313786049,1.5846136862139506,0.8019232892232562,0.9701450463940849,18.0,9.0,False,main,True
11072,1,1,6.254594466232704,1.745405533767296,0.781824308279088,0.9616829995868135,20.0,9.0,False,main,True
11072,2,2,7.254594466232704,1.745405533767296,0.8060660518036338,0.9666389196956878,15.0,8.0,False,main,False
11072,3,3,8.254594466232703,1.745405533767296,0.8254594466232703,0.9704583062130344,12.0,6.0,False,main,False
11072,4,4,9.254594466232703,1.745405533767296,0.8413267696575185,0.9734922414935101,9.0,5.0,False,main,False
11072,5,5,10.254594466232703,1.745405533767296,0.8545495388527252,0.9759606001413702,7.0,4.0,False,main,False
11072,6,6,11.254594466232703,1.745405533767296,0.8657380358640541,0.9780081435774634,5.0,3.0,False,main,False
11072,7,7,12.254594466232703,1.745405533767296,0.8753281761594788,0.9797340881114622,3.0,2.0,False,main,False
11072,8,8,13.254594466232703,1.745405533767296,0.8836396310821802,0.9812087187823022,1.0,1.0,False,main,False
11072,9,9,14.254594466232703,1.745405533767296,0.8909121541395439,0.9824832223733574,-1.0,-1.0,True,main,False
10706,0,1,5.2102244407827,2.7897755592172997,0.6512780550978375,0.888996249845449,50.0,16.0,False,main,True
10706,0,2,5.2102244407827,3.7897755592172997,0.5789138267536333,0.8255370133679746,88.0,23.0,False,main,False
10706,0,3,5.2102244407827,4.7897755592173,0.52102244407827,0.7669094125937259,152.0,31.0,False,main,False
10706,0,4,5.2102244407827,5.7897755592173,0.47365676734388185,0.7142208499270577,264.0,42.0,False,main,False
10706,0,5,5.2102244407827,6.7897755592173,0.434185370065225,0.6672836301964955,472.0,57.0,False,main,False
10706,0,6,5.2102244407827,7.7897755592173,0.4007864954448231,0.6255244072215043,893.0,75.0,False,main,True
10706,0,7,5.2102244407827,8.7897755592173,0.37215888862733576,0.5882993501795987,1866.0,98.0,False,main,True
10706,0,8,5.2102244407827,9.7897755592173,0.34734829605218004,0.5550032353349218,-1.0,129.0,False,main,True
10706,0,9,5.2102244407827,10.7897755592173,0.32563902754891877,0.5251022334409752,-1.0,170.0,False,main,True
10706,0,10,5.2102244407827,11.7897755592173,0.3064837906342765,0.49813795733821153,-1.0,224.0,False,main,True
10706,0,11,5.2102244407827,12.7897755592173,0.28945691337681667,0.47372121999446337,-1.0,298.0,False,main,True
1611,1,1,6.557545072176058,1.4424549278239414,0.8196931340220073,0.9768819972751758,16.0,8.0,False,main,True
4701,1,1,6.547298040897871,1.4527019591021286,0.8184122551122339,0.9764210379775052,16.0,8.0,False,main,True
4217,0,1,5.205340676234254,2.794659323765746,0.6506675845292818,0.8885945286189576,50.0,16.0,False,main,True
4926,1,1,6.2654123607055245,1.7345876392944755,0.7831765450881906,0.9622789212942383,19.0,9.0,False,main,True
4926,2,2,7.2654123607055245,1.7345876392944755,0.8072680400783916,0.9671552681006073,15.0,8.0,False,main,True
4926,3,3,8.265412360705525,1.7345876392944755,0.8265412360705525,0.9709138636937561,12.0,6.0,False,main,False
4926,4,4,9.265412360705525,1.7345876392944755,0.8423102146095932,0.9738998336913891,9.0,5.0,False,main,False
4926,5,5,10.265412360705525,1.7345876392944755,0.8554510300587937,0.976329376658969,7.0,4.0,False,main,False
4926,6,6,11.265412360705525,1.7345876392944755,0.8665701815927327,0.9783448615512593,5.0,3.0,False,main,False
4926,7,7,12.265412360705525,1.7345876392944755,0.8761008829075375,0.9800438801054628,3.0,2.0,False,main,False
4926,8,8,13.265412360705525,1.7345876392944755,0.884360824047035,0.9814955752811293,1.0,1.0,False,main,False
4926,9,9,14.265412360705525,1.7345876392944755,0.8915882725440953,0.9827503074281355,-1.0,-1.0,True,main,False
11683,1,1,6.299199971852083,1.700800028147917,0.7873999964815104,0.9641159535332566,19.0,9.0,False,main,True
8565,1,1,6.326332088939354,1.6736679110606458,0.7907915111174193,0.9655642392492001,19.0,9.0,False,main,True
8565,2,2,7.326332088939354,1.6736679110606458,0.8140368987710394,0.9700030155330824,15.0,7.0,False,main,True
8565,3,3,8.326332088939354,1.6736679110606458,0.8326332088939354,0.9734270794095371,11.0,6.0,False,main,False
8565,4,4,9.326332088939354,1.6736679110606458,0.8478483717217595,0.9761489506565709,9.0,5.0,False,main,False
8565,5,5,10.326332088939354,1.6736679110606458,0.8605276740782796,0.9783646800632103,7.0,4.0,False,main,False
8565,6,6,11.326332088939354,1.6736679110606458,0.8712563145337965,0.9802035108576794,4.0,3.0,False,main,False
8565,7,7,12.326332088939354,1.6736679110606458,0.8804522920670967,0.9817541149175355,3.0,2.0,False,main,False
8565,8,8,13.326332088939354,1.6736679110606458,0.8884221392626236,0.9830793605078157,1.0,1.0,False,main,False
8565,9,9,14.326332088939354,1.6736679110606458,0.8953957555587096,0.9842250650692665,-1.0,-1.0,True,main,False
4139,0,1,5.161711033467754,2.8382889665322457,0.6452138791834693,0.8849828689290834,52.0,16.0,False,main,True
1355,1,1,6.5124351225479336,1.4875648774520664,0.8140543903184917,0.9748235364842466,17.0,8.0,False,main,True
5841,1,1,6.427117621378265,1.5728823786217352,0.8033897026722832,0.9707282808487449,18.0,9.0,False,main,True
3173,0,1,5.438011752599161,2.561988247400839,0.6797514690748951,0.9071481998561192,42.0,15.0,False,main,True
6406,1,1,6.184079935878171,1.815920064121829,0.7730099919847714,0.9577082210085915,20.0,9.0,False,main,True
6406,2,2,7.184079935878171,1.815920064121829,0.7982311039864635,0.9631964449793136,16.0,8.0,False,main,True
6406,3,3,8.18407993587817,1.815920064121829,0.818407993587817,0.9674221479367836,12.0,6.0,False,main,True
6406,4,4,9.18407993587817,1.815920064121829,0.8349163578071064,0.970776470804478,9.0,5.0,False,main,False
6406,5,5,10.18407993587817,1.815920064121829,0.8486733279898475,0.9735039722988729,7.0,4.0,False,main,False
6406,6,6,11.18407993587817,1.815920064121829,0.8603138412213978,0.9757654605260525,5.0,3.0,False,main,False
6406,7,7,12.18407993587817,1.815920064121829,0.8702914239912979,0.9776710382075562,3.0,2.0,False,main,False
6406,8,8,13.18407993587817,1.815920064121829,0.878938662391878,0.9792986379361038,1.0,1.0,False,main,False
6406,9,9,14.18407993587817,1.815920064121829,0.8865049959923856,0.9807049770647687,-1.0,-1.0,True,main,False
568,1,1,6.377534784230879,1.6224652157691208,0.7971918480288599,0.9682308487264464,18.0,9.0,False,main,True
568,2,2,7.377534784230879,1.6224652157691208,0.8197260871367643,0.9723158834468519,14.0,7.0,False,main,True
568,3,3,8.377534784230878,1.6224652157691208,0.8377534784230878,0.9754691943202434,11.0,6.0,False,main,False
568,4,4,9.377534784230878,1.6224652157691208,0.8525031622028071,0.9779771314028081,9.0,5.0,False,main,False
568,5,5,10.377534784230878,1.6224652157691208,0.8647945653525732,0.9800195420652081,6.0,4.0,False,main,False
568,6,6,11.377534784230878,1.6224652157691208,0.8751949834023752,0.981715097047483,4.0,3.0,False,main,False
568,7,7,12.377534784230878,1.6224652157691208,0.8841096274450627,0.983145274610898,3.0,2.0,False,main,False
568,8,8,13.377534784230878,1.6224652157691208,0.8918356522820585,0.9843678775789421,1.0,1.0,False,main,False
568,9,9,14.377534784230878,1.6224652157691208,0.8985959240144299,0.9854250529368723,-1.0,-1.0,True,main,False
9874,0,1,5.377094501987891,2.622905498012109,0.6721368127484864,0.9024076949160659,44.0,15.0,False,main,True
9874,0,2,5.377094501987891,3.622905498012109,0.5974549446653212,0.8397150852990861,76.0,21.0,False,main,False
9874,0,3,5.377094501987891,4.622905498012109,0.5377094501987891,0.7810757638077612,130.0,30.0,False,main,True
9874,0,4,5.377094501987891,5.622905498012109,0.4888267729079901,0.7280467514946256,220.0,40.0,False,main,True
6110,0,1,5.456120110774652,2.543879889225348,0.6820150138468315,0.9085409764495793,41.0,15.0,False,main,True
5960,0,1,5.271830108661235,2.728169891338765,0.6589787635826544,0.8940191308965791,48.0,16.0,False,main,True
8908,1,1,6.271262676526423,1.7287373234735766,0.7839078345658029,0.9625996364215693,19.0,9.0,False,main,True
12132,1,1,6.548514520629626,1.4514854793703749,0.8185643150787032,0.9764759663151611,16.0,8.0,False,main,True
12132,2,2,7.548514520629626,1.4514854793703749,0.838723835625514,0.9794757981060727,13.0,7.0,False,main,True
12132,3,3,8.548514520629626,1.4514854793703749,0.8548514520629625,0.9817966554354738,10.0,6.0,False,main,False
12132,4,4,9.548514520629626,1.4514854793703749,0.8680467746026932,0.983645722138511,8.0,5.0,False,main,False
12132,5,5,10.548514520629626,1.4514854793703749,0.8790428767191355,0.9851536389565307,6.0,4.0,False,main,False
12132,6,6,11.548514520629626,1.4514854793703749,0.8883472708176635,0.9864068740025093,4.0,3.0,False,main,False
12132,7,7,12.548514520629626,1.4514854793703749,0.896322465759259,0.987464942349951,2.0,2.0,False,main,False
12132,8,8,13.548514520629626,1.4514854793703749,0.9032343013753084,0.9883701511930393,1.0,1.0,False,main,False
12132,9,9,14.548514520629626,1.4514854793703749,0.9092821575393516,0.989153401113645,-1.0,-1.0,True,main,False
5768,1,1,6.159024396359406,1.8409756036405935,0.7698780495449258,0.9562588149410778,21.0,9.0,False,main,True
1976,0,1,5.3162952089565145,2.683704791043485,0.6645369011195643,0.897592690973833,46.0,15.0,False,main,True
2534,1,1,6.238351686504819,1.7616483134951813,0.7797939608131024,0.9607812500066386,20.0,9.0,False,main,True
10161,1,1,6.327035571059495,1.6729644289405052,0.7908794463824369,0.9656014684671378,19.0,9.0,False,main,True
10161,2,2,7.327035571059495,1.6729644289405052,0.814115063451055,0.9700352971883834,15.0,7.0,False,main,False
10161,3,3,8.327035571059495,1.6729644289405052,0.8327035571059496,0.9734555761487924,11.0,6.0,False,main,False
10161,4,4,9.327035571059495,1.6729644289405052,0.8479123246417722,0.9761744579251317,9.0,5.0,False,main,False
10161,5,5,10.327035571059495,1.6729644289405052,0.8605862975882913,0.9783877661516547,7.0,4.0,False,main,False
10161,6,6,11.327035571059495,1.6729644289405052,0.8713104285430381,0.9802245959440239,4.0,3.0,False,main,False
10161,7,7,12.327035571059495,1.6729644289405052,0.8805025407899639,0.9817735184580859,3.0,2.0,False,main,False
10161,8,8,13.327035571059495,1.6729644289405052,0.888469038070633,0.9830973310666403,1.0,1.0,False,main,False
10161,9,9,14.327035571059495,1.6729644289405052,0.8954397231912185,0.9842417998604933,-1.0,-1.0,True,main,False
8048,1,1,6.263582144620967,1.7364178553790328,0.7829477680776209,0.9621783634780946,19.0,9.0,False,main,True
8048,2,2,7.263582144620967,1.7364178553790328,0.807064682735663,0.967068133433147,15.0,8.0,False,main,False
8048,3,3,8.263582144620967,1.7364178553790328,0.8263582144620967,0.9708369847416157,12.0,6.0,False,main,False
8048,4,4,9.263582144620967,1.7364178553790328,0.8421438313291788,0.9738310472750845,9.0,5.0,False,main,False
8048,5,5,10.263582144620967,1.7364178553790328,0.8552985120517472,0.9762671394484316,7.0,4.0,False,main,False
8048,6,6,11.263582144620967,1.7364178553790328,0.8664293957400744,0.9782880336819304,5.0,3.0,False,main,False
8048,7,7,12.263582144620967,1.7364178553790328,0.8759701531872119,0.9799915957079461,3.0,2.0,False,main,False
8048,8,8,13.263582144620967,1.7364178553790328,0.8842388096413978,0.9814471611210079,1.0,1.0,False,main,False
8048,9,9,14.263582144620967,1.7364178553790328,0.8914738840388104,0.9827052296751732,-1.0,-1.0,True,main,False
518,0,1,5.309952191314465,2.6900478086855353,0.6637440239143081,0.8970855950424802,46.0,15.0,False,main,True
508,0,1,5.276860032127001,2.723139967872999,0.6596075040158751,0.8944255652270472,47.0,16.0,False,main,True
4795,0,1,5.244625409196281,2.755374590803719,0.6555781761495352,0.891811274708895,49.0,16.0,False,main,True
3901,1,1,6.1628522795746346,1.8371477204253652,0.7703565349468293,0.9564814883831086,21.0,9.0,False,main,True
5158,0,1,5.17949927008424,2.8205007299157603,0.64743740876053,0.8864603266644535,51.0,16.0,False,main,True
7564,1,1,6.154965689803084,1.845034310196916,0.7693707112253855,0.9560222283580008,21.0,9.0,False,main,True
4142,1,1,6.179784010056937,1.8202159899430628,0.7724730012571172,0.9574610751314837,21.0,9.0,False,main,True
7316,1,1,6.18779421017128,1.8122057898287198,0.77347427627141,0.9579214472284758,20.0,9.0,False,main,True
7931,1,1,6.365451213772532,1.634548786227468,0.7956814017215665,0.9676094769590604,18.0,9.0,False,main,True
7931,2,2,7.365451213772532,1.634548786227468,0.8183834681969481,0.9717768240654496,14.0,7.0,False,main,False
7931,3,3,8.365451213772532,1.634548786227468,0.8365451213772532,0.9749931619438037,11.0,6.0,False,main,False
7931,4,4,9.365451213772532,1.634548786227468,0.8514046557975029,0.9775509146935586,9.0,5.0,False,main,False
7931,5,5,10.365451213772532,1.634548786227468,0.863787601147711,0.9796336931821451,6.0,4.0,False,main,False
7931,6,6,11.365451213772532,1.634548786227468,0.8742654779825025,0.9813626251098426,4.0,3.0,False,main,False
7931,7,7,12.365451213772532,1.634548786227468,0.8832465152694666,0.9828208611980497,3.0,2.0,False,main,False
7931,8,8,13.365451213772532,1.634548786227468,0.8910300809181688,0.9840673823603984,1.0,1.0,False,main,False
7931,9,9,14.365451213772532,1.634548786227468,0.8978407008607833,0.9851451894839413,-1.0,-1.0,True,main,False
7549,1,1,6.310805545276988,1.6891944547230122,0.7888506931596235,0.9647384019849319,19.0,9.0,False,main,True
10691,1,1,6.5552705279584815,1.4447294720415185,0.8194088159948102,0.9767800171513646,16.0,8.0,False,main,True
10691,2,2,7.5552705279584815,1.4447294720415185,0.839474503106498,0.979740091710229,13.0,7.0,False,main,False
10691,3,3,8.55527052795848,1.4447294720415185,0.8555270527958481,0.9820303956188284,10.0,6.0,False,main,False
10691,4,4,9.55527052795848,1.4447294720415185,0.8686609570871346,0.9838552460668164,8.0,5.0,False,main,False
10691,5,5,10.55527052795848,1.4447294720415185,0.8796058773298734,0.9853434963080594,6.0,4.0,False,main,False
10691,6,6,11.55527052795848,1.4447294720415185,0.8888669636891139,0.9865804417609062,4.0,3.0,False,main,False
10691,7,7,12.55527052795848,1.4447294720415185,0.89680503771132,0.9876247961036257,2.0,2.0,False,main,False
10691,8,8,13.55527052795848,1.4447294720415185,0.9036847018638987,0.988518300210902,1.0,1.0,False,main,False
10691,9,9,14.55527052795848,1.4447294720415185,0.909704407997405,0.9892914430890609,-1.0,-1.0,True,main,False
2265,1,1,6.339241595936066,1.6607584040639343,0.7924051994920083,0.9662448185918223,19.0,9.0,False,main,True
3443,1,1,6.287314154529842,1.712685845470158,0.7859142693162302,0.963473927762198,19.0,9.0,False,main,True
5343,1,1,6.278016446258765,1.721983553741235,0.7847520557823456,0.9629685124161094,19.0,9.0,False,main,True
10507,0,1,5.3112582314100045,2.6887417685899955,0.6639072789262506,0.8971900802206838,46.0,15.0,False,main,True
10507,0,2,5.3112582314100045,3.6887417685899955,0.5901398034900005,0.8341703719367775,81.0,22.0,False,main,False
10507,0,3,5.3112582314100045,4.6887417685899955,0.5311258231410004,0.7755227942155496,138.0,30.0,False,main,True
10507,0,4,5.3112582314100045,5.6887417685899955,0.4828416574009095,0.7226203624789508,236.0,41.0,False,main,True
3521,0,1,5.390671045284813,2.6093289547151874,0.6738338806606016,0.9034715219825262,43.0,15.0,False,main,True
5622,1,1,6.564179385214665,1.4358206147853356,0.8205224231518331,0.9771783393428963,16.0,8.0,False,main,True
3388,1,1,6.1948561781589255,1.8051438218410745,0.7743570222698657,0.9583256832740469,20.0,9.0,False,main,True
6240,1,1,6.250092364383946,1.749907635616054,0.7812615455479932,0.9614338949247359,20.0,9.0,False,main,True
2230,0,1,5.265403886405416,2.734596113594584,0.658175485800677,0.893499061438086,48.0,16.0,False,main,True
7161,1,1,6.316006752271411,1.6839932477285888,0.7895008440339264,0.9650159307102226,19.0,9.0,False,main,True
1463,0,1,5.251629784343126,2.7483702156568746,0.6564537230428907,0.892381279998901,48.0,16.0,False,main,True
11485,1,1,6.1552500044065654,1.8447499955934346,0.7694062505508207,0.9560388176440263,21.0,9.0,False,main,True
2824,0,1,5.372710044050838,2.627289955949162,0.6715887555063548,0.9020632476503342,44.0,15.0,False,main,True
10504,1,1,6.379482693035465,1.6205173069645347,0.7974353366294331,0.968330552633854,18.0,9.0,False,main,True
10504,2,2,7.379482693035465,1.6205173069645347,0.819942521448385,0.9724023863452155,14.0,7.0,False,main,False
10504,3,3,8.379482693035465,1.6205173069645347,0.8379482693035465,0.9755455876962859,11.0,6.0,False,main,False
10504,4,4,9.379482693035465,1.6205173069645347,0.8526802448214059,0.9780455334852292,9.0,5.0,False,main,False
10504,5,5,10.379482693035465,1.6205173069645347,0.8649568910862887,0.9800814678979539,6.0,4.0,False,main,False
10504,6,6,11.379482693035465,1.6205173069645347,0.8753448225411896,0.981771667815447,4.0,3.0,False,main,False
10504,7,7,12.379482693035465,1.6205173069645347,0.8842487637882475,0.9831973433567441,3.0,2.0,False,main,False
10504,8,8,13.379482693035465,1.6205173069645347,0.891965512869031,0.9844161084408218,1.0,1.0,False,main,False
10504,9,9,14.379482693035465,1.6205173069645347,0.8987176683147166,0.9854699731171723,-1.0,-1.0,True,main,False
2380,1,1,6.511517958619036,1.4884820413809638,0.8139397448273795,0.9747809057476873,17.0,8.0,False,main,True
7485,0,1,5.224769248358802,2.7752307516411983,0.6530961560448503,0.8901895901614272,49.0,16.0,False,main,True
10918,1,1,6.397614814818482,1.602385185181518,0.7997018518523102,0.9692524417700701,18.0,9.0,False,main,True
10918,2,2,7.397614814818482,1.602385185181518,0.821957201646498,0.9732023031131352,14.0,7.0,False,main,False
10918,3,3,8.397614814818482,1.602385185181518,0.8397614814818481,0.9762520772580541,11.0,6.0,False,main,False
10918,4,4,9.397614814818482,1.602385185181518,0.8543286195289529,0.9786781600240608,9.0,5.0,False,main,False
10918,5,5,10.397614814818482,1.602385185181518,0.8664679012348735,0.9806542275775622,6.0,4.0,False,main,False
10918,6,6,11.397614814818482,1.602385185181518,0.8767396011398833,0.9822949200724731,4.0,3.0,False,main,False
10918,7,7,12.397614814818482,1.602385185181518,0.8855439153441773,0.9836789711742473,2.0,2.0,False,main,False
10918,8,8,13.397614814818482,1.602385185181518,0.8931743209878988,0.9848622498445189,1.0,1.0,False,main,False
10918,9,9,14.397614814818482,1.602385185181518,0.8998509259261551,0.9858855010359592,-1.0,-1.0,True,main,False
10122,1,1,6.405308979238961,1.594691020761039,0.8006636224048701,0.9696402314427328,18.0,9.0,False,main,True
10122,2,2,7.405308979238961,1.594691020761039,0.822812108804329,0.9735388330882083,14.0,7.0,False,main,False
10122,3,3,8.40530897923896,1.594691020761039,0.8405308979238961,0.9765493335240151,11.0,6.0,False,main,False
10122,4,4,9.40530897923896,1.594691020761039,0.8550280890217238,0.9789443605139044,9.0,5.0,False,main,False
10122,5,5,10.40530897923896,1.594691020761039,0.8671090816032467,0.980895253035449,6.0,4.0,False,main,False
10122,6,6,11.40530897923896,1.594691020761039,0.8773314599414586,0.9825151241764265,4.0,3.0,False,main,False
10122,7,7,12.40530897923896,1.594691020761039,0.8860934985170686,0.9838816674426654,2.0,2.0,False,main,False
10122,8,8,13.40530897923896,1.594691020761039,0.8936872652825975,0.985050018710343,1.0,1.0,False,main,False
10122,9,9,14.40530897923896,1.594691020761039,0.9003318112024351,0.986060391342332,-1.0,-1.0,True,main,False
10994,0,1,5.351753356608752,2.648246643391248,0.668969169576094,0.9004108818480168,45.0,15.0,False,main,True
10994,0,2,5.351753356608752,3.648246643391248,0.5946392618454168,0.8375884700430328,78.0,22.0,False,main,False
10994,0,3,5.351753356608752,4.648246643391248,0.5351753356608752,0.7789439494451283,133.0,30.0,False,main,True
10994,0,4,5.351753356608752,5.648246643391248,0.48652303241897743,0.7259624518076294,226.0,40.0,False,main,True
1271,1,1,6.501477609264423,1.4985223907355762,0.8126847011580529,0.9743122119831586,17.0,8.0,False,main,True
1271,2,2,7.501477609264423,1.4985223907355762,0.8334975121404915,0.9775955273074831,13.0,7.0,False,main,True
1271,3,3,8.501477609264423,1.4985223907355762,0.8501477609264423,0.9801341232595389,11.0,6.0,False,main,False
1271,4,4,9.501477609264423,1.4985223907355762,0.8637706917513112,0.982155695029977,8.0,5.0,False,main,False
1271,5,5,10.501477609264423,1.4985223907355762,0.8751231341053686,0.9838036610991178,6.0,4.0,False,main,False
1271,6,6,11.501477609264423,1.4985223907355762,0.8847290468664941,0.9851728663711665,4.0,3.0,False,main,False
1271,7,7,12.501477609264423,1.4985223907355762,0.8929626863760303,0.9863285470901547,2.0,2.0,False,main,False
1271,8,8,13.501477609264423,1.4985223907355762,0.9000985072842949,0.9873170514725768,1.0,1.0,False,main,False
1271,9,9,14.501477609264423,1.4985223907355762,0.9063423505790265,0.9881722157588164,-1.0,-1.0,True,main,False
2456,1,1,6.252585815705484,1.747414184294516,0.7815732269631855,0.9615719390744566,20.0,9.0,False,main,True
8388,0,1,5.196103123995002,2.8038968760049983,0.6495128904993752,0.8878332688767541,51.0,16.0,False,main,True
8388,0,2,5.196103123995002,3.8038968760049983,0.5773447915550002,0.8243184337818418,89.0,23.0,False,main,False
8388,0,3,5.196103123995002,4.803896876004998,0.5196103123995002,0.7656967074174253,155.0,31.0,False,main,True
8388,0,4,5.196103123995002,5.803896876004998,0.4723730112722729,0.7130399019915759,269.0,43.0,False,main,True
10934,0,1,5.275544657293832,2.724455342706168,0.659443082161729,0.8943193323991883,47.0,16.0,False,main,True
10934,0,2,5.275544657293832,3.724455342706168,0.5861716285882035,0.8311357742916761,83.0,22.0,False,main,False
10934,0,3,5.275544657293832,4.724455342706168,0.5275544657293831,0.7724907953178413,143.0,31.0,False,main,True
10934,0,4,5.275544657293832,5.724455342706168,0.4795949688448938,0.7196612701325489,246.0,41.0,False,main,True
7698,1,1,6.379485509398541,1.6205144906014586,0.7974356886748176,0.9683306966963514,18.0,9.0,False,main,True
7698,2,2,7.379485509398541,1.6205144906014586,0.8199428343776156,0.9724025113348669,14.0,7.0,False,main,False
7698,3,3,8.379485509398542,1.6205144906014586,0.8379485509398542,0.9755456980793881,11.0,6.0,False,main,False
7698,4,4,9.379485509398542,1.6205144906014586,0.8526805008544129,0.9780456323220902,9.0,5.0,False,main,False
7698,5,5,10.379485509398542,1.6205144906014586,0.8649571257832118,0.980081557377478,6.0,4.0,False,main,False
7698,6,6,11.379485509398542,1.6205144906014586,0.8753450391845032,0.9817717495575261,4.0,3.0,False,main,False
7698,7,7,12.379485509398542,1.6205144906014586,0.8842489649570388,0.9831974185938743,3.0,2.0,False,main,False
7698,8,8,13.379485509398542,1.6205144906014586,0.8919657006265694,0.9844161781325763,1.0,1.0,False,main,False
7698,9,9,14.379485509398542,1.6205144906014586,0.8987178443374089,0.9854700380252812,-1.0,-1.0,True,main,False
1653,0,1,5.380496624448231,2.6195033755517687,0.6725620780560289,0.9026746694693523,44.0,15.0,False,main,True
3975,1,1,6.431731787173128,1.5682682128268723,0.803966473396641,0.9709563653484764,17.0,9.0,False,main,True
4357,1,1,6.311305740479013,1.6886942595209873,0.7889132175598766,0.9647651302265681,19.0,9.0,False,main,True
9410,0,1,5.345941302688951,2.6540586973110485,0.6682426628361189,0.8999508711854978,45.0,15.0,False,main,True
6140,0,1,5.27660792306741,2.7233920769325897,0.6595759903834263,0.894405207245973,47.0,16.0,False,main,True
9390,1,1,6.473426365651266,1.5265736343487348,0.8091782957064082,0.9729833926728094,17.0,8.0,False,main,True
946,1,1,6.231057911317767,1.7689420886822336,0.7788822389147209,0.9603736079753217,20.0,9.0,False,main,True
3207,0,1,5.180995785604531,2.819004214395469,0.6476244732005664,0.886584314350563,51.0,16.0,False,main,True
9153,0,1,5.449407020530167,2.5505929794698328,0.6811758775662708,0.9080255318351969,41.0,15.0,False,main,True
10360,1,1,6.147661025464451,1.8523389745355487,0.7684576281830564,0.955595174504349,21.0,9.0,False,main,True
10360,2,2,7.147661025464451,1.8523389745355487,0.7941845583849391,0.9613674565946821,16.0,8.0,False,main,False
10360,3,3,8.147661025464451,1.8523389745355487,0.8147661025464451,0.9658097465392741,13.0,6.0,False,main,False
10360,4,4,9.147661025464451,1.8523389745355487,0.8316055477694956,0.9693347097947161,10.0,5.0,False,main,False
10360,5,5,10.147661025464451,1.8523389745355487,0.8456384187887043,0.9722001425494865,7.0,4.0,False,main,False
10360,6,6,11.147661025464451,1.8523389745355487,0.8575123865741886,0.9745754454530002,5.0,3.0,False,main,False
10360,7,7,12.147661025464451,1.8523389745355487,0.8676900732474608,0.9765765436884303,3.0,2.0,False,main,False
10360,8,8,13.147661025464451,1.8523389745355487,0.8765107350309634,0.9782854561230205,1.0,1.0,False,main,False
10360,9,9,14.147661025464451,1.8523389745355487,0.8842288140915282,0.9797618528839545,-1.0,-1.0,True,main,False
7978,1,1,6.289160318060604,1.7108396819393952,0.7861450397575755,0.9635739510564033,19.0,9.0,False,main,True
7978,2,2,7.289160318060604,1.7108396819393952,0.8099067020067339,0.9682775859415492,15.0,7.0,False,main,False
7978,3,3,8.289160318060604,1.7108396819393952,0.8289160318060604,0.9719041895113171,12.0,6.0,False,main,False
7978,4,4,9.289160318060604,1.7108396819393952,0.8444691198236913,0.9747859871429845,9.0,5.0,False,main,False
7978,5,5,10.289160318060604,1.7108396819393952,0.8574300265050504,0.977131211384385,7.0,4.0,False,main,False
7978,6,6,11.289160318060604,1.7108396819393952,0.8683969475431235,0.979077044196471,5.0,3.0,False,main,False
7978,7,7,12.289160318060604,1.7108396819393952,0.8777971655757575,0.9807175538149828,3.0,2.0,False,main,False
7978,8,8,13.289160318060604,1.7108396819393952,0.8859440212040403,0.9821194054008879,1.0,1.0,False,main,False
7978,9,9,14.289160318060604,1.7108396819393952,0.8930725198787878,0.9833311658556166,-1.0,-1.0,True,main,False
6433,1,1,6.567040853257316,1.432959146742684,0.8208801066571645,0.9773056441628036,16.0,8.0,False,main,True
9251,1,1,6.261996744722914,1.7380032552770854,0.7827495930903643,0.9620911700485393,19.0,9.0,False,main,True
3375,0,1,5.406606859985153,2.593393140014846,0.6758258574981442,0.9047148776357702,43.0,15.0,False,main,True
4534,1,1,6.563229150337513,1.4367708496624871,0.8204036437921891,0.9771359957675312,16.0,8.0,False,main,True
532,0,1,5.2095497334656855,2.7904502665343145,0.6511937166832107,0.8889407815613102,50.0,16.0,False,main,True
5468,1,1,6.338538294085596,1.661461705914404,0.7923172867606995,0.9662078834882061,19.0,9.0,False,main,True
11990,0,1,5.5388385352408624,2.461161464759137,0.6923548169051078,0.9148060695069017,39.0,14.0,False,main,True
2286,0,1,5.4682882618525985,2.531711738147402,0.6835360327315748,0.9094726135360944,41.0,15.0,False,main,True
7476,0,1,5.537775114298542,2.462224885701458,0.6922218892873178,0.9147265468661685,39.0,14.0,False,main,True
4544,1,1,6.323955991714686,1.6760440082853143,0.7904944989643358,0.9654383721602229,19.0,9.0,False,main,True
6250,0,1,5.152124739948983,2.847875260051017,0.6440155924936228,0.8841838356945566,52.0,16.0,False,main,True
11036,1,1,6.280981796123682,1.7190182038763178,0.7851227245154603,0.9631300093568881,19.0,9.0,False,main,True
11036,2,2,7.280981796123682,1.7190182038763178,0.8089979773470758,0.9678928175799341,15.0,7.0,False,main,False
11036,3,3,8.280981796123683,1.7190182038763178,0.8280981796123683,0.9715646505760897,12.0,6.0,False,main,False
11036,4,4,9.280981796123683,1.7190182038763178,0.8437256178294258,0.9744821490655263,9.0,5.0,False,main,False
11036,5,5,10.280981796123683,1.7190182038763178,0.8567484830103069,0.9768562728829951,7.0,4.0,False,main,False
11036,6,6,11.280981796123683,1.7190182038763178,0.8677678304710525,0.9788259802216457,5.0,3.0,False,main,False
11036,7,7,12.280981796123683,1.7190182038763178,0.8772129854374059,0.9804865461116931,3.0,2.0,False,main,False
11036,8,8,13.280981796123683,1.7190182038763178,0.8853987864082455,0.9819054844755607,1.0,1.0,False,main,False
11036,9,9,14.280981796123683,1.7190182038763178,0.8925613622577302,0.983131976625572,-1.0,-1.0,True,main,False
5752,1,1,6.539036595810219,1.4609634041897808,0.8173795744762774,0.9760465457807884,16.0,8.0,False,main,True
5752,2,2,7.539036595810219,1.4609634041897808,0.8376707328678021,0.9791025609878741,13.0,7.0,False,main,True
5752,3,3,8.53903659581022,1.4609634041897808,0.853903659581022,0.9814665882165139,10.0,6.0,False,main,False
5752,4,4,9.53903659581022,1.4609634041897808,0.8671851450736564,0.9833498665619337,8.0,5.0,False,main,False
5752,5,5,10.53903659581022,1.4609634041897808,0.8782530496508517,0.9848855646960182,6.0,4.0,False,main,False
5752,6,6,11.53903659581022,1.4609634041897808,0.8876181996777093,0.9861618088354299,4.0,3.0,False,main,False
5752,7,7,12.53903659581022,1.4609634041897808,0.8956454711293015,0.9872392469682134,2.0,2.0,False,main,False
5752,8,8,13.53903659581022,1.4609634041897808,0.9026024397206813,0.988160986766521,1.0,1.0,False,main,False
5752,9,9,14.53903659581022,1.4609634041897808,0.9086897872381388,0.9889585104937582,-1.0,-1.0,True,main,False
9391,1,1,6.237256823628012,1.7627431763719876,0.7796571029535015,0.9607201661605306,20.0,9.0,False,main,True
9132,0,1,5.230600224729161,2.7693997752708386,0.6538250280911452,0.8906667063658353,49.0,16.0,False,main,True
2117,0,1,5.404839900479033,2.5951600995209674,0.6756049875598791,0.9045772995673713,43.0,15.0,False,main,True
4668,1,1,6.369389301742746,1.6306106982572535,0.7961736627178433,0.9678125272764415,18.0,9.0,False,main,True
9461,0,1,5.25875323290483,2.7412467670951695,0.6573441541131038,0.8929598739466239,48.0,16.0,False,main,True
9461,0,2,5.25875323290483,3.7412467670951695,0.5843059147672034,0.829702512557094,85.0,22.0,False,main,False
9461,0,3,5.25875323290483,4.74124676709517,0.525875323290483,0.7710604516177508,145.0,31.0,False,main,True
9461,0,4,5.25875323290483,5.74124676709517,0.47806847571862093,0.7182662261759902,250.0,42.0,False,main,True
8203,1,1,6.516299276880063,1.483700723119937,0.8145374096100079,0.9750028082797828,17.0,8.0,False,main,True
8203,2,2,7.516299276880063,1.483700723119937,0.8351443640977848,0.978195540860904,13.0,7.0,False,main,False
8203,3,3,8.516299276880062,1.483700723119937,0.8516299276880062,0.980664584161589,10.0,6.0,False,main,False
8203,4,4,9.516299276880062,1.483700723119937,0.8651181160800057,0.9826310658582685,8.0,5.0,False,main,False
8203,5,5,10.516299276880062,1.483700723119937,0.8763582730733385,0.9842343154115599,6.0,4.0,False,main,False
8203,6,6,11.516299276880062,1.483700723119937,0.8858691751446202,0.9855664982169645,4.0,3.0,False,main,False
8203,7,7,12.516299276880062,1.483700723119937,0.8940213769200044,0.9866910211036743,2.0,2.0,False,main,False
8203,8,8,13.516299276880062,1.483700723119937,0.9010866184586708,0.9876529404871106,1.0,1.0,False,main,False
8203,9,9,14.516299276880062,1.483700723119937,0.9072687048050039,0.9884851543816827,-1.0,-1.0,True,main,False
6598,0,1,5.2150358431188115,2.7849641568811885,0.6518794803898514,0.8893915133813147,50.0,16.0,False,main,True
11658,1,1,6.184738177178073,1.8152618228219266,0.7730922721472592,0.9577460397508873,20.0,9.0,False,main,True
11658,2,2,7.184738177178073,1.8152618228219266,0.7983042419086748,0.963229186467791,16.0,8.0,False,main,True
11658,3,3,8.184738177178073,1.8152618228219266,0.8184738177178073,0.9674510166527024,12.0,6.0,False,main,False
11658,4,4,9.184738177178073,1.8152618228219266,0.8349761979252793,0.9708022874256949,9.0,5.0,False,main,False
11658,5,5,10.184738177178073,1.8152618228219266,0.8487281814315061,0.9735273213037245,7.0,4.0,False,main,False
11658,6,6,11.184738177178073,1.8152618228219266,0.860364475167544,0.9757867729933265,5.0,3.0,False,main,False
11658,7,7,12.184738177178073,1.8152618228219266,0.8703384412270052,0.977690641226598,3.0,2.0,False,main,False
11658,8,8,13.184738177178073,1.8152618228219266,0.8789825451452048,0.9793167855906785,1.0,1.0,False,main,False
11658,9,9,14.184738177178073,1.8152618228219266,0.8865461360736295,0.9807218706695923,-1.0,-1.0,True,main,False
1798,1,1,6.393617707066888,1.606382292933112,0.799202213383361,0.9690501830627851,18.0,9.0,False,main,True
9649,1,1,6.363774014619009,1.636225985380991,0.7954717518273762,0.9675228406008807,18.0,9.0,False,main,True
9649,2,2,7.363774014619009,1.636225985380991,0.8181971127354455,0.9717016699787425,14.0,7.0,False,main,False
9649,3,3,8.36377401461901,1.636225985380991,0.836377401461901,0.9749267986607456,11.0,6.0,False,main,False
9649,4,4,9.36377401461901,1.636225985380991,0.8512521831471827,0.9774914988008284,9.0,5.0,False,main,False
9649,5,5,10.36377401461901,1.636225985380991,0.8636478345515841,0.979579906595027,6.0,4.0,False,main,False
9649,6,6,11.36377401461901,1.636225985380991,0.8741364626630007,0.9813134926341835,4.0,3.0,False,main,False
9649,7,7,12.36377401461901,1.636225985380991,0.8831267153299293,0.9827756410112284,3.0,2.0,False,main,False
9649,8,8,13.36377401461901,1.636225985380991,0.8909182676412672,0.9840254970078541,1.0,1.0,False,main,False
9649,9,9,14.36377401461901,1.636225985380991,0.8977358759136881,0.9851061806360439,-1.0,-1.0,True,main,False
11839,1,1,6.545862113611519,1.454137886388481,0.8182327642014399,0.9763561297566059,16.0,8.0,False,main,True
11839,2,2,7.545862113611519,1.454137886388481,0.8384291237346132,0.9793716365335358,13.0,7.0,False,main,False
11839,3,3,8.54586211361152,1.454137886388481,0.854586211361152,0.9817045389480277,10.0,6.0,False,main,False
11839,4,4,9.54586211361152,1.454137886388481,0.8678056466919564,0.9835631517427925,8.0,5.0,False,main,False
11839,5,5,10.54586211361152,1.454137886388481,0.87882184280096,0.9850788207177194,6.0,4.0,False,main,False
11839,6,6,11.54586211361152,1.454137886388481,0.8881432395085784,0.9863384764859581,4.0,3.0,False,main,False
11839,7,7,12.54586211361152,1.454137886388481,0.8961330081151085,0.9874019501518938,2.0,2.0,False,main,False
11839,8,8,13.54586211361152,1.454137886388481,0.903057474240768,0.9883117722196643,1.0,1.0,False,main,False
11839,9,9,14.54586211361152,1.454137886388481,0.90911638210072,0.9890990055514901,-1.0,-1.0,True,main,False
2008,1,1,6.473047326172536,1.5269526738274637,0.809130915771567,0.9729652433083767,17.0,8.0,False,main,True
5762,1,1,6.433922972397533,1.566077027602467,0.8042403715496916,0.9710644180030068,17.0,9.0,False,main,True
5762,2,2,7.433922972397533,1.566077027602467,0.8259914413775037,0.9747750092635713,14.0,7.0,False,main,True
5762,3,3,8.433922972397532,1.566077027602467,0.8433922972397532,0.9776414086715726,11.0,6.0,False,main,False
5762,4,4,9.433922972397532,1.566077027602467,0.8576293611270484,0.9799224555826693,8.0,5.0,False,main,False
5762,5,5,10.433922972397532,1.566077027602467,0.8694935810331277,0.9817809310395493,6.0,4.0,False,main,False
5762,6,6,11.433922972397532,1.566077027602467,0.8795325363382717,0.9833243537975753,4.0,3.0,False,main,False
5762,7,7,12.433922972397532,1.566077027602467,0.8881373551712523,0.9846266052834486,2.0,2.0,False,main,False
5762,8,8,13.433922972397532,1.566077027602467,0.8955948648265022,0.9857401338242732,1.0,1.0,False,main,False
5762,9,9,14.433922972397532,1.566077027602467,0.9021201857748458,0.9867032034108714,-1.0,-1.0,True,main,False
11460,1,1,6.585280422312497,1.414719577687503,0.8231600527890621,0.9781098272304504,16.0,8.0,False,main,True
2302,0,1,5.352265428644959,2.647734571355041,0.6690331785806198,0.9004513748230526,45.0,15.0,False,main,True
11,1,1,6.551039892551476,1.4489601074485243,0.8188799865689345,0.976589819273179,16.0,8.0,False,main,True
3302,1,1,6.236945676705949,1.7630543232940519,0.7796182095882436,0.9607027999602,20.0,9.0,False,main,True
4423,1,1,6.16350933895178,1.8364906610482203,0.7704386673689725,0.9565196656795557,21.0,9.0,False,main,True
5242,1,1,6.364926621009045,1.6350733789909553,0.7956158276261306,0.9675823891147571,18.0,9.0,False,main,True
11570,1,1,6.562358729986585,1.4376412700134154,0.8202948412483231,0.9770971789839894,16.0,8.0,False,main,True
9129,1,1,6.242892230684626,1.7571077693153738,0.7803615288355783,0.9610341688314625,20.0,9.0,False,main,True
9129,2,2,7.242892230684626,1.7571077693153738,0.804765803409403,0.9660767968954642,15.0,8.0,False,main,False
9129,3,3,8.242892230684626,1.7571077693153738,0.8242892230684626,0.9699624095836148,12.0,6.0,False,main,False
9129,4,4,9.242892230684626,1.7571077693153738,0.8402629300622387,0.9730485895074381,9.0,5.0,False,main,False
9129,5,5,10.242892230684626,1.7571077693153738,0.8535743525570522,0.9755592210856859,7.0,4.0,False,main,False
9129,6,6,11.242892230684626,1.7571077693153738,0.8648378638988174,0.9776416746153114,5.0,3.0,False,main,False
9129,7,7,12.242892230684626,1.7571077693153738,0.874492302191759,0.979396937487851,3.0,2.0,False,main,False
9129,8,8,13.242892230684626,1.7571077693153738,0.8828594820456418,0.980896539566617,1.0,1.0,False,main,False
9129,9,9,14.242892230684626,1.7571077693153738,0.8901807644177891,0.982192568266305,-1.0,-1.0,True,main,False
744,0,1,5.436802982727135,2.5631970172728646,0.6796003728408919,0.9070549601551996,42.0,15.0,False,main,True
10690,1,1,6.146711860015219,1.8532881399847807,0.7683389825019024,0.9555395649019363,21.0,9.0,False,main,True
10690,2,2,7.146711860015219,1.8532881399847807,0.7940790955572465,0.9613193325631506,16.0,8.0,False,main,False
10690,3,3,8.14671186001522,1.8532881399847807,0.814671186001522,0.9657673278498466,13.0,6.0,False,main,False
10690,4,4,9.14671186001522,1.8532881399847807,0.8315192600013837,0.9692967848081008,10.0,5.0,False,main,False
10690,5,5,10.14671186001522,1.8532881399847807,0.845559321667935,0.9721658490648154,7.0,4.0,False,main,False
10690,6,6,11.14671186001522,1.8532881399847807,0.8574393738473246,0.9745441479730644,5.0,3.0,False,main,False
10690,7,7,12.14671186001522,1.8532881399847807,0.8676222757153729,0.9765477602706422,3.0,2.0,False,main,False
10690,8,8,13.14671186001522,1.8532881399847807,0.876447457334348,0.9782588125550473,1.0,1.0,False,main,False
10690,9,9,14.14671186001522,1.8532881399847807,0.8841694912509512,0.9797370527785637,-1.0,-1.0,True,main,False
9763,0,1,5.51201879318617,2.48798120681383,0.6890023491482713,0.9127923209030548,40.0,15.0,False,main,True
9763,0,2,5.51201879318617,3.48798120681383,0.6124465325762412,0.8508761027160976,69.0,21.0,False,main,False
9763,0,3,5.51201879318617,4.48798120681383,0.5512018793186171,0.7923081420708495,115.0,28.0,False,main,True
9763,0,4,5.51201879318617,5.48798120681383,0.5010926175623791,0.739052030958377,192.0,38.0,False,main,True
2736,0,1,5.206118752410528,2.7938812475894723,0.650764844051316,0.8886585650068003,50.0,16.0,False,main,True
6815,1,1,6.2465465819903,1.7534534180096997,0.7808183227487875,0.9612372509381383,20.0,9.0,False,main,True
2111,1,1,6.48604393117289,1.51395606882711,0.8107554913966113,0.9735846123516403,17.0,8.0,False,main,True
2111,2,2,7.48604393117289,1.51395606882711,0.83178265901921,0.976963468285589,13.0,7.0,False,main,True
2111,3,3,8.48604393117289,1.51395606882711,0.8486043931172891,0.9795754013728332,11.0,6.0,False,main,False
2111,4,4,9.48604393117289,1.51395606882711,0.8623676301066264,0.981655047237285,8.0,5.0,False,main,False
2111,5,5,10.48604393117289,1.51395606882711,0.8738369942644075,0.9833501432779006,6.0,4.0,False,main,False
2111,6,6,11.48604393117289,1.51395606882711,0.8835418408594531,0.9847583633967585,4.0,3.0,False,main,False
2111,7,7,12.48604393117289,1.51395606882711,0.8918602807980636,0.9859468746814402,2.0,2.0,False,main,False
2111,8,8,13.48604393117289,1.51395606882711,0.899069595411526,0.9869633884052114,1.0,1.0,False,main,False
2111,9,9,14.48604393117289,1.51395606882711,0.9053777456983056,0.9878427305655436,-1.0,-1.0,True,main,False
4704,0,1,5.325125977798123,2.6748740222018768,0.6656407472247654,0.8982971806357162,46.0,15.0,False,main,True
8099,1,1,6.509357740917855,1.4906422590821458,0.8136697176147318,0.974680375069912,17.0,8.0,False,main,True
8099,2,2,7.509357740917855,1.4906422590821458,0.834373082324206,0.977915387850884,13.0,7.0,False,main,False
8099,3,3,8.509357740917855,1.4906422590821458,0.8509357740917854,0.9804168979746217,10.0,6.0,False,main,False
8099,4,4,9.509357740917855,1.4906422590821458,0.8644870673561686,0.9824090970013513,8.0,5.0,False,main,False
8099,5,5,10.509357740917855,1.4906422590821458,0.8757798117431546,0.9840332222690376,6.0,4.0,False,main,False
8099,6,6,11.509357740917855,1.4906422590821458,0.885335210839835,0.9853826895272182,4.0,3.0,False,main,False
8099,7,7,12.509357740917855,1.4906422590821458,0.8935255529227039,0.986521759348293,2.0,2.0,False,main,False
8099,8,8,13.509357740917855,1.4906422590821458,0.9006238493945237,0.9874960910419595,1.0,1.0,False,main,False
8099,9,9,14.509357740917855,1.4906422590821458,0.9068348588073659,0.98833902052606,-1.0,-1.0,True,main,False
3265,1,1,6.4102020132557955,1.5897979867442045,0.8012752516569744,0.9698857819048284,18.0,9.0,False,main,True
11027,0,1,5.460152300175148,2.5398476998248523,0.6825190375218935,0.9088500752140015,41.0,15.0,False,main,True
11027,0,2,5.460152300175148,3.5398476998248523,0.6066835889083497,0.8466180612803095,71.0,21.0,False,main,False
11027,0,3,5.460152300175148,4.539847699824852,0.5460152300175147,0.7880138457033308,121.0,29.0,False,main,True
11027,0,4,5.460152300175148,5.539847699824852,0.49637748183410435,0.7348398288206037,202.0,39.0,False,main,True
9736,1,1,6.1809564890678415,1.8190435109321585,0.7726195611334802,0.9575285843923806,21.0,9.0,False,main,True
9736,2,2,7.1809564890678415,1.8190435109321585,0.7978840543408713,0.9630409282500286,16.0,8.0,False,main,False
9736,3,3,8.180956489067842,1.8190435109321585,0.8180956489067842,0.9672850283907057,12.0,6.0,False,main,False
9736,4,4,9.180956489067842,1.8190435109321585,0.8346324080970766,0.9706538494719124,9.0,5.0,False,main,False
9736,5,5,10.180956489067842,1.8190435109321585,0.8484130407556535,0.9733930724905633,7.0,4.0,False,main,False
9736,6,6,11.180956489067842,1.8190435109321585,0.8600735760821417,0.9756642343778058,5.0,3.0,False,main,False
9736,7,7,12.180956489067842,1.8190435109321585,0.870068320647703,0.9775779319043395,3.0,2.0,False,main,False
9736,8,8,13.180956489067842,1.8190435109321585,0.8787304326045228,0.979212444497279,1.0,1.0,False,main,False
9736,9,9,14.180956489067842,1.8190435109321585,0.8863097805667401,0.9806247401974559,-1.0,-1.0,True,main,False
6144,1,1,6.578531880003403,1.4214681199965964,0.8223164850004254,0.9778137553513851,16.0,8.0,False,main,True
3117,0,1,5.586837146232477,2.413162853767523,0.6983546432790596,0.9183673416704965,38.0,14.0,False,main,True
9353,1,1,6.359154735937481,1.640845264062519,0.7948943419921851,0.9672837401667704,18.0,9.0,False,main,True
9353,2,2,7.359154735937481,1.640845264062519,0.817683859548609,0.9714942656578403,14.0,7.0,False,main,False
9353,3,3,8.35915473593748,1.640845264062519,0.835915473593748,0.9747436592640791,11.0,6.0,False,main,False
9353,4,4,9.35915473593748,1.640845264062519,0.8508322487215891,0.9773275350896763,9.0,5.0,False,main,False
9353,5,5,10.35915473593748,1.640845264062519,0.8632628946614567,0.979431479892128,6.0,4.0,False,main,False
9353,6,6,11.35915473593748,1.640845264062519,0.8737811335336523,0.9811779109853404,4.0,3.0,False,main,False
9353,7,7,12.35915473593748,1.640845264062519,0.8827967668526772,0.9826508567581255,3.0,2.0,False,main,False
9353,8,8,13.35915473593748,1.640845264062519,0.8906103157291654,0.9839099162566814,1.0,1.0,False,main,False
9353,9,9,14.35915473593748,1.640845264062519,0.8974471709960925,0.9849985383412164,-1.0,-1.0,True,main,False
6717,1,1,6.514994993730886,1.4850050062691142,0.8143743742163607,0.9749423591127647,17.0,8.0,False,main,True
6717,2,2,7.514994993730886,1.4850050062691142,0.8349994437478762,0.9781430166897481,13.0,7.0,False,main,True
6717,3,3,8.514994993730886,1.4850050062691142,0.8514994993730886,0.9806181459135692,10.0,6.0,False,main,False
6717,4,4,9.514994993730886,1.4850050062691142,0.8649995448846259,0.9825894485467531,8.0,5.0,False,main,False
6717,5,5,10.514994993730886,1.4850050062691142,0.8762495828109071,0.9841966115679727,6.0,4.0,False,main,False
6717,6,6,11.514994993730886,1.4850050062691142,0.8857688456716066,0.9855320346951086,4.0,3.0,False,main,False
6717,7,7,12.514994993730886,1.4850050062691142,0.8939282138379204,0.9866592847627408,2.0,2.0,False,main,False
6717,8,8,13.514994993730886,1.4850050062691142,0.9009996662487257,0.987623531184158,1.0,1.0,False,main,False
6717,9,9,14.514994993730886,1.4850050062691142,0.9071871871081804,0.9884577540515415,-1.0,-1.0,True,main,False
1467,0,1,5.327297824586121,2.672702175413879,0.6659122280732651,0.8984701771483938,46.0,15.0,False,main,True
1327,0,1,5.236200389051328,2.7637996109486718,0.654525048631416,0.8911242395251912,49.0,16.0,False,main,True
3193,0,1,5.515440410829521,2.484559589170479,0.6894300513536902,0.9130501759911522,40.0,15.0,False,main,True
3871,1,1,6.196622007054493,1.803377992945507,0.7745777508818116,0.9584265210037316,20.0,9.0,False,main,True
3871,2,2,7.196622007054493,1.803377992945507,0.7996246674504992,0.9638183523628252,16.0,8.0,False,main,True
3871,3,3,8.196622007054494,1.803377992945507,0.8196622007054494,0.967970520958106,12.0,6.0,False,main,False
3871,4,4,9.196622007054494,1.803377992945507,0.836056546095863,0.9712668867239875,9.0,5.0,False,main,False
3871,5,5,10.196622007054494,1.803377992945507,0.8497185005878745,0.9739475265457815,7.0,4.0,False,main,False
3871,6,6,11.196622007054494,1.803377992945507,0.8612786159272687,0.9761703373219064,5.0,3.0,False,main,False
3871,7,7,12.196622007054494,1.803377992945507,0.8711872862181781,0.9780434480076822,3.0,2.0,False,main,False
3871,8,8,13.196622007054494,1.803377992945507,0.8797748004702995,0.9796434053689367,1.0,1.0,False,main,False
3871,9,9,14.196622007054494,1.803377992945507,0.8872888754409058,0.9810259249827965,-1.0,-1.0,True,main,False
4059,1,1,6.430643253306722,1.569356746693278,0.8038304066633403,0.970902624669763,17.0,9.0,False,main,True
1572,1,1,6.4074638876980154,1.5925361123019846,0.8009329859622519,0.9697484744978061,18.0,9.0,False,main,True
1572,2,2,7.4074638876980154,1.5925361123019846,0.8230515430775572,0.9736327731745065,14.0,7.0,False,main,True
1572,3,3,8.407463887698015,1.5925361123019846,0.8407463887698015,0.976632313990852,11.0,6.0,False,main,False
1572,4,4,9.407463887698015,1.5925361123019846,0.8552239897907286,0.9790186739767806,8.0,5.0,False,main,False
1572,5,5,10.407463887698015,1.5925361123019846,0.8672886573081678,0.9809625402636925,6.0,4.0,False,main,False
1572,6,6,11.407463887698015,1.5925361123019846,0.8774972221306165,0.9825765999803392,4.0,3.0,False,main,False
1572,7,7,12.407463887698015,1.5925361123019846,0.8862474205498582,0.9839382564597574,2.0,2.0,False,main,False
1572,8,8,13.407463887698015,1.5925361123019846,0.8938309258465343,0.9851024410517155,1.0,1.0,False,main,False
1572,9,9,14.407463887698015,1.5925361123019846,0.9004664929811259,0.9861092187979346,-1.0,-1.0,True,main,False
8653,1,1,6.40984619764474,1.5901538023552604,0.8012307747055925,0.9698679536370602,18.0,9.0,False,main,True
4575,1,1,6.293076216722611,1.706923783277389,0.7866345270903263,0.9637857448596914,19.0,9.0,False,main,True
4575,2,2,7.293076216722611,1.706923783277389,0.8103418018580678,0.9684611617892515,15.0,7.0,False,main,True
4575,3,3,8.29307621672261,1.706923783277389,0.829307621672261,0.9720661941523739,12.0,6.0,False,main,False
4575,4,4,9.29307621672261,1.706923783277389,0.8448251106111464,0.9749309634238446,9.0,5.0,False,main,False
4575,5,5,10.29307621672261,1.706923783277389,0.8577563513935509,0.9772624023201697,7.0,4.0,False,main,False
4575,6,6,11.29307621672261,1.706923783277389,0.868698170517124,0.9791968461035246,5.0,3.0,False,main,False
4575,7,7,12.29307621672261,1.706923783277389,0.8780768726230436,0.9808277876751589,3.0,2.0,False,main,False
4575,8,8,13.29307621672261,1.706923783277389,0.8862050811148408,0.9822214875085392,1.0,1.0,False,main,False
4575,9,9,14.29307621672261,1.706923783277389,0.8933172635451632,0.9834262195291034,-1.0,-1.0,True,main,False
9711,0,1,5.313410807048567,2.686589192951433,0.6641763508810709,0.8973622068060794,46.0,15.0,False,main,True
9711,0,2,5.313410807048567,3.686589192951433,0.5903789785609519,0.834352676189554,81.0,22.0,False,main,False
9711,0,3,5.313410807048567,4.686589192951433,0.5313410807048566,0.7757050996734205,138.0,30.0,False,main,True
9711,0,4,5.313410807048567,5.686589192951433,0.4830373460953243,0.7227983684536918,236.0,41.0,False,main,True
11359,1,1,6.553004466630758,1.4469955333692421,0.8191255583288447,0.9766782245209766,16.0,8.0,False,main,True
5306,1,1,6.5192486245855905,1.4807513754144095,0.8149060780731988,0.9751392706498082,17.0,8.0,False,main,True
10864,1,1,6.344020074418328,1.6559799255816716,0.793002509302291,0.9664953326220345,18.0,9.0,False,main,True
10864,2,2,7.344020074418328,1.6559799255816716,0.8160022304909254,0.9708104466570898,14.0,7.0,False,main,False
10864,3,3,8.344020074418328,1.6559799255816716,0.8344020074418328,0.9741398917815098,11.0,6.0,False,main,False
10864,4,4,9.344020074418328,1.6559799255816716,0.8494563704016662,0.9767870197237417,9.0,5.0,False,main,False
10864,5,5,10.344020074418328,1.6559799255816716,0.862001672868194,0.9789422080917348,6.0,4.0,False,main,False
10864,6,6,11.344020074418328,1.6559799255816716,0.8726169288014098,0.9807310001425122,4.0,3.0,False,main,False
10864,7,7,12.344020074418328,1.6559799255816716,0.8817157196013091,0.9822395511761621,3.0,2.0,False,main,False
10864,8,8,13.344020074418328,1.6559799255816716,0.8896013382945552,0.9835289579150821,1.0,1.0,False,main,False
10864,9,9,14.344020074418328,1.6559799255816716,0.8965012546511455,0.9846437544432849,-1.0,-1.0,True,main,False
1063,1,1,6.519380378537127,1.4806196214628726,0.8149225473171409,0.9751453592788069,17.0,8.0,False,main,True
1063,2,2,7.519380378537127,1.4806196214628726,0.8354867087263474,0.9783194061247673,13.0,7.0,False,main,True
1063,3,3,8.519380378537127,1.4806196214628726,0.8519380378537127,0.9807740992649778,10.0,6.0,False,main,False
1063,4,4,9.519380378537127,1.4806196214628726,0.8653982162306479,0.9827292131633456,8.0,5.0,False,main,False
1063,5,5,10.519380378537127,1.4806196214628726,0.8766150315447606,0.9843232344889213,6.0,4.0,False,main,False
1063,6,6,11.519380378537127,1.4806196214628726,0.8861061829643944,0.9856477762268901,4.0,3.0,False,main,False
1063,7,7,12.519380378537127,1.4806196214628726,0.8942414556097947,0.9867658679790196,2.0,2.0,False,main,False
1063,8,8,13.519380378537127,1.4806196214628726,0.9012920252358084,0.987722299747501,1.0,1.0,False,main,False
1063,9,9,14.519380378537127,1.4806196214628726,0.9074612736585704,0.9885497760270489,-1.0,-1.0,True,main,False
10988,1,1,6.237998448201743,1.762001551798257,0.7797498060252179,0.9607615465092507,20.0,9.0,False,main,True
10988,2,2,7.237998448201743,1.762001551798257,0.8042220498001937,0.9658406286517388,15.0,8.0,False,main,False
10988,3,3,8.237998448201743,1.762001551798257,0.8237998448201743,0.969754079634395,12.0,6.0,False,main,False
10988,4,4,9.237998448201743,1.762001551798257,0.8398180407456131,0.9728622178548388,9.0,5.0,False,main,False
10988,5,5,10.237998448201743,1.762001551798257,0.8531665373501452,0.9753906148468707,7.0,4.0,False,main,False
10988,6,6,11.237998448201743,1.762001551798257,0.8644614190924418,0.9774877383283319,5.0,3.0,False,main,False
10988,7,7,12.237998448201743,1.762001551798257,0.8741427463001246,0.9792553205577417,3.0,2.0,False,main,False
10988,8,8,13.237998448201743,1.762001551798257,0.8825332298801162,0.9807654148584327,1.0,1.0,False,main,False
10988,9,9,14.237998448201743,1.762001551798257,0.889874903012609,0.9820704873221283,-1.0,-1.0,True,main,False
11234,0,1,5.432291025096595,2.5677089749034048,0.6790363781370744,0.9067066289899226,42.0,15.0,False,main,True
11234,0,2,5.432291025096595,3.5677089749034048,0.6035878916773995,0.8443140143299657,73.0,21.0,False,main,False
11234,0,3,5.432291025096595,4.567708974903405,0.5432291025096595,0.7856949054129025,124.0,29.0,False,main,True
11234,0,4,5.432291025096595,5.567708974903405,0.493844638645145,0.7325676842818067,208.0,39.0,False,main,True
10348,0,1,5.362908899293873,2.637091100706127,0.6703636124117341,0.9012916909183215,44.0,15.0,False,main,True
10348,0,2,5.362908899293873,3.637091100706127,0.5958787665882082,0.8385258131193445,77.0,22.0,False,main,False
10348,0,3,5.362908899293873,4.637091100706127,0.5362908899293873,0.779883267576704,132.0,30.0,False,main,True
10348,0,4,5.362908899293873,5.637091100706127,0.4875371726630794,0.7268806662559004,224.0,40.0,False,main,True
884,1,1,6.27825517276683,1.7217448272331706,0.7847818965958537,0.9629815242730764,19.0,9.0,False,main,True
884,2,2,7.27825517276683,1.7217448272331706,0.8086950191963145,0.9677641319003569,15.0,7.0,False,main,True
884,3,3,8.27825517276683,1.7217448272331706,0.827825517276683,0.9714510969747062,12.0,6.0,False,main,False
884,4,4,9.27825517276683,1.7217448272331706,0.8434777429788027,0.9743805386274373,9.0,5.0,False,main,False
884,5,5,10.27825517276683,1.7217448272331706,0.8565212643972359,0.9767643297042677,7.0,4.0,False,main,False
884,6,6,11.27825517276683,1.7217448272331706,0.867558090212833,0.9787420229356314,5.0,3.0,False,main,False
884,7,7,12.27825517276683,1.7217448272331706,0.8770182266262021,0.9804092972393247,3.0,2.0,False,main,False
884,8,8,13.27825517276683,1.7217448272331706,0.8852170115177886,0.9818339505718495,1.0,1.0,False,main,False
884,9,9,14.27825517276683,1.7217448272331706,0.8923909482979269,0.9830653698386551,-1.0,-1.0,True,main,False
9959,1,1,6.466663204436799,1.5333367955632013,0.8083329005545998,0.9726587838940898,17.0,8.0,False,main,True
9959,2,2,7.466663204436799,1.5333367955632013,0.8296292449374221,0.9761593625108014,14.0,7.0,False,main,False
9959,3,3,8.466663204436799,1.5333367955632013,0.8466663204436798,0.9788646973431305,11.0,6.0,False,main,False
9959,4,4,9.466663204436799,1.5333367955632013,0.8606057458578907,0.9810182861946928,8.0,5.0,False,main,False
9959,5,5,10.466663204436799,1.5333367955632013,0.8722219337030666,0.9827733778895306,6.0,4.0,False,main,False
9959,6,6,11.466663204436799,1.5333367955632013,0.8820510157259076,0.9842312547395246,4.0,3.0,False,main,False
9959,7,7,12.466663204436799,1.5333367955632013,0.8904759431740571,0.9854615457075666,2.0,2.0,False,main,False
9959,8,8,13.466663204436799,1.5333367955632013,0.8977775469624533,0.9865136994622258,1.0,1.0,False,main,False
9959,9,9,14.466663204436799,1.5333367955632013,0.9041664502772999,0.9874238032518956,-1.0,-1.0,True,main,False
5052,0,1,5.559284030125388,2.440715969874612,0.6949105037656735,0.9163297585154905,38.0,14.0,False,main,True
6708,1,1,6.289657936203045,1.7103420637969555,0.7862072420253806,0.9636008926195593,19.0,9.0,False,main,True
6708,2,2,7.289657936203045,1.7103420637969555,0.8099619929114494,0.9683009375569425,15.0,7.0,False,main,True
6708,3,3,8.289657936203046,1.7103420637969555,0.8289657936203044,0.9719247968884606,12.0,6.0,False,main,False
6708,4,4,9.289657936203046,1.7103420637969555,0.8445143578366404,0.9748044282696157,9.0,5.0,False,main,False
6708,5,5,10.289657936203046,1.7103420637969555,0.8574714946835871,0.9771478988548004,7.0,4.0,False,main,False
6708,6,6,11.289657936203046,1.7103420637969555,0.8684352258617727,0.9790922828742364,5.0,3.0,False,main,False
6708,7,7,12.289657936203046,1.7103420637969555,0.8778327097287889,0.9807315753630472,3.0,2.0,False,main,False
6708,8,8,13.289657936203046,1.7103420637969555,0.8859771957468696,0.9821323899948143,1.0,1.0,False,main,False
6708,9,9,14.289657936203046,1.7103420637969555,0.8931036210126904,0.9833432563973052,-1.0,-1.0,True,main,False
12092,1,1,6.490777391596722,1.5092226084032787,0.8113471739495902,0.9738086810794285,17.0,8.0,False,main,True
11853,1,1,6.4965971089758385,1.503402891024161,0.8120746386219798,0.974083060187337,17.0,8.0,False,main,True
11853,2,2,7.4965971089758385,1.503402891024161,0.8329552343306488,0.9773964537911812,13.0,7.0,False,main,True
11853,3,3,8.496597108975838,1.503402891024161,0.849659710897584,0.9799581403429493,11.0,6.0,False,main,False
11853,4,4,9.496597108975838,1.503402891024161,0.8633270099068945,0.981997998550653,8.0,5.0,False,main,False
11853,5,5,10.496597108975838,1.503402891024161,0.8747164257479866,0.9836608059136649,6.0,4.0,False,main,False
11853,6,6,11.496597108975838,1.503402891024161,0.8843536237673723,0.9850422976550737,4.0,3.0,False,main,False
11853,7,7,12.496597108975838,1.503402891024161,0.89261407921256,0.9862083177478802,2.0,2.0,False,main,False
11853,8,8,13.496597108975838,1.503402891024161,0.8997731405983893,0.9872056434681423,1.0,1.0,False,main,False
11853,9,9,14.496597108975838,1.503402891024161,0.90603731931099,0.9880684226338519,-1.0,-1.0,True,main,False
11422,1,1,6.4445153795476235,1.5554846204523767,0.8055644224434529,0.9715843811258204,17.0,8.0,False,main,True
7171,1,1,6.190764252691038,1.8092357473089624,0.7738455315863797,0.9580916436192485,20.0,9.0,False,main,True
9751,1,1,6.4702952059583,1.5297047940416992,0.8087869007447875,0.9728333107637878,17.0,8.0,False,main,True
9751,2,2,7.4702952059583,1.5297047940416992,0.8300328006620333,0.9763109305898374,14.0,7.0,False,main,False
9751,3,3,8.470295205958301,1.5297047940416992,0.8470295205958301,0.9789986511899188,11.0,6.0,False,main,False
9751,4,4,9.470295205958301,1.5297047940416992,0.860935927814391,0.9811382971389754,8.0,5.0,False,main,False
9751,5,5,10.470295205958301,1.5297047940416992,0.8725246004965251,0.9828820769599167,6.0,4.0,False,main,False
9751,6,6,11.470295205958301,1.5297047940416992,0.8823304004583309,0.9843305920098413,4.0,3.0,False,main,False
9751,7,7,12.470295205958301,1.5297047940416992,0.8907353718541644,0.9855530067423399,2.0,2.0,False,main,False
9751,8,8,13.470295205958301,1.5297047940416992,0.8980196803972201,0.9865984420580328,1.0,1.0,False,main,False
9751,9,9,14.470295205958301,1.5297047940416992,0.9043934503723938,0.9875027472918924,-1.0,-1.0,True,main,False
4480,1,1,6.561889167759152,1.4381108322408478,0.820236145969894,0.9770762268059444,16.0,8.0,False,main,True
4480,2,2,7.561889167759152,1.4381108322408478,0.8402099075287947,0.9799975881983801,13.0,7.0,False,main,True
4480,3,3,8.561889167759151,1.4381108322408478,0.8561889167759151,0.982258137056865,10.0,6.0,False,main,False
4480,4,4,9.561889167759151,1.4381108322408478,0.8692626516144683,0.9840594016021862,8.0,5.0,False,main,False
4480,5,5,10.561889167759151,1.4381108322408478,0.8801574306465959,0.9855284956317888,6.0,4.0,False,main,False
4480,6,6,11.561889167759151,1.4381108322408478,0.8893760898276271,0.9867495731742396,4.0,3.0,False,main,False
4480,7,7,12.561889167759151,1.4381108322408478,0.8972777976970823,0.9877805677927464,2.0,2.0,False,main,False
4480,8,8,13.561889167759151,1.4381108322408478,0.9041259445172768,0.9886626690151286,1.0,1.0,False,main,False
4480,9,9,14.561889167759151,1.4381108322408478,0.910118072984947,0.9894259651139706,-1.0,-1.0,True,main,False
2490,0,1,5.162493880136584,2.837506119863416,0.645311735017073,0.885048033556814,52.0,16.0,False,main,True
2097,0,1,5.37665038302146,2.623349616978541,0.6720812978776824,0.9023728242764533,44.0,15.0,False,main,True
3382,1,1,6.255379721382403,1.744620278617597,0.7819224651728004,0.961726382303944,20.0,9.0,False,main,True
3420,1,1,6.475984322083061,1.5240156779169391,0.8094980402603826,0.9731057395766295,17.0,8.0,False,main,True
3420,2,2,7.475984322083061,1.5240156779169391,0.8306649246758957,0.9765475337638906,13.0,7.0,False,main,True
3420,3,3,8.475984322083061,1.5240156779169391,0.8475984322083061,0.9792077659629627,11.0,6.0,False,main,False
3420,4,4,9.475984322083061,1.5240156779169391,0.8614531201893691,0.9813256513489356,8.0,5.0,False,main,False
3420,5,5,10.475984322083061,1.5240156779169391,0.8729986935069217,0.9830517758298604,6.0,4.0,False,main,False
3420,6,6,11.475984322083061,1.5240156779169391,0.8827680247756201,0.9844856785055142,4.0,3.0,False,main,False
3420,7,7,12.475984322083061,1.5240156779169391,0.8911417372916473,0.9856957991435249,2.0,2.0,False,main,False
3420,8,8,13.475984322083061,1.5240156779169391,0.8983989548055374,0.9867307472478973,1.0,1.0,False,main,False
3420,9,9,14.475984322083061,1.5240156779169391,0.9047490201301913,0.9876260009260328,-1.0,-1.0,True,main,False
4290,0,1,5.240977551285056,2.759022448714944,0.655122193910632,0.8915139930053915,49.0,16.0,False,main,True
10525,0,1,5.283854223251352,2.716145776748647,0.660481777906419,0.8949897925659841,47.0,15.0,False,main,True
10525,0,2,5.283854223251352,3.716145776748647,0.5870949136945947,0.8318435188245863,83.0,22.0,False,main,False
10525,0,3,5.283854223251352,4.716145776748647,0.5283854223251352,0.773197495786317,142.0,30.0,False,main,False
10525,0,4,5.283854223251352,5.716145776748647,0.4803503839319411,0.7203507429314717,243.0,41.0,False,main,True
10525,0,5,5.283854223251352,6.716145776748647,0.44032118527094605,0.6731970725288431,428.0,55.0,False,main,True
2818,1,1,6.538494192254613,1.461505807745387,0.8173117740318266,0.9760218697666466,16.0,8.0,False,main,True
2818,2,2,7.538494192254613,1.461505807745387,0.8376104658060681,0.9790811146401008,13.0,7.0,False,main,True
2818,3,3,8.538494192254614,1.461505807745387,0.8538494192254612,0.9814476232123526,10.0,6.0,False,main,False
2818,4,4,9.538494192254614,1.461505807745387,0.8671358356595102,0.983332867842311,8.0,5.0,False,main,False
2818,5,5,10.538494192254614,1.461505807745387,0.878207849354551,0.9848701625863172,6.0,4.0,False,main,False
2818,6,6,11.538494192254614,1.461505807745387,0.8875764763272779,0.9861477290077498,4.0,3.0,False,main,False
2818,7,7,12.538494192254614,1.461505807745387,0.8956067280181866,0.9872262802341129,2.0,2.0,False,main,False
2818,8,8,13.538494192254614,1.461505807745387,0.9025662794836409,0.9881489699587502,1.0,1.0,False,main,False
2818,9,9,14.538494192254614,1.461505807745387,0.9086558870159134,0.988947313884709,-1.0,-1.0,True,main,False
9322,1,1,6.309191090118124,1.6908089098818766,0.7886488862647655,0.9646520766452481,19.0,9.0,False,main,True
9318,1,1,6.228822177362552,1.7711778226374477,0.778602772170319,0.9602483196170123,20.0,9.0,False,main,True
6870,1,1,6.490975375143514,1.5090246248564856,0.8113719218929393,0.9738180354379157,17.0,8.0,False,main,True
8121,1,1,6.470162681797233,1.5298373182027671,0.8087703352246541,0.97282695092075,17.0,8.0,False,main,True
8121,2,2,7.470162681797233,1.5298373182027671,0.8300180757552481,0.9763054072706563,14.0,7.0,False,main,False
8121,3,3,8.470162681797234,1.5298373182027671,0.8470162681797232,0.9789937696835498,11.0,6.0,False,main,False
8121,4,4,9.470162681797234,1.5298373182027671,0.8609238801633847,0.9811339236862496,8.0,5.0,False,main,False
8121,5,5,10.470162681797234,1.5298373182027671,0.872513556816436,0.9828781156997751,6.0,4.0,False,main,False
8121,6,6,11.470162681797234,1.5298373182027671,0.8823202062920948,0.9843269718895505,4.0,3.0,False,main,False
8121,7,7,12.470162681797234,1.5298373182027671,0.8907259058426594,0.9855496736326642,2.0,2.0,False,main,False
8121,8,8,13.470162681797234,1.5298373182027671,0.8980108454531488,0.9865953537716986,1.0,1.0,False,main,False
8121,9,9,14.470162681797234,1.5298373182027671,0.9043851676123271,0.987499870310035,-1.0,-1.0,True,main,False
5246,0,1,5.58398971810348,2.41601028189652,0.697998714762935,0.9181576156199582,38.0,14.0,False,main,True
1785,1,1,6.253109253259332,1.7468907467406676,0.7816386566574165,0.9616008928820391,20.0,9.0,False,main,True
2258,0,1,5.196362020885126,2.8036379791148733,0.6495452526106408,0.8878546294974196,51.0,16.0,False,main,True
5907,0,1,5.5044159984476,2.4955840015524,0.68805199980595,0.9122183846528844,40.0,15.0,False,main,True
8768,1,1,6.500239344430791,1.4997606555692085,0.8125299180538489,0.9742541542178074,17.0,8.0,False,main,True
8768,2,2,7.500239344430791,1.4997606555692085,0.8333599271589768,0.9775450891549828,13.0,7.0,False,main,True
8768,3,3,8.500239344430792,1.4997606555692085,0.8500239344430792,0.9800895347730005,11.0,6.0,False,main,False
8768,4,4,9.500239344430792,1.4997606555692085,0.863658122220981,0.9821157392750691,8.0,5.0,False,main,False
8768,5,5,10.500239344430792,1.4997606555692085,0.8750199453692327,0.9837674653579239,6.0,4.0,False,main,False
8768,6,6,11.500239344430792,1.4997606555692085,0.8846337957254455,0.9851397834395644,4.0,3.0,False,main,False
8768,7,7,12.500239344430792,1.4997606555692085,0.8928742388879137,0.9862980837051426,2.0,2.0,False,main,False
8768,8,8,13.500239344430792,1.4997606555692085,0.9000159562953861,0.9872888230578368,1.0,1.0,False,main,False
8768,9,9,14.500239344430792,1.4997606555692085,0.9062649590269245,0.9881459166670479,-1.0,-1.0,True,main,False
3309,0,1,5.476409634358774,2.5235903656412266,0.6845512042948467,0.9100925033051541,41.0,15.0,False,main,True
9922,0,1,5.533121872707648,2.466878127292352,0.691640234088456,0.9143782621393506,39.0,14.0,False,main,True
9922,0,2,5.533121872707648,3.466878127292352,0.6147913191897386,0.8525969211208075,68.0,20.0,False,main,False
9922,0,3,5.533121872707648,4.466878127292352,0.5533121872707648,0.794046930359748,113.0,28.0,False,main,False
9922,0,4,5.533121872707648,5.466878127292352,0.5030110793370589,0.7407593038662401,188.0,38.0,False,main,True
9922,0,5,5.533121872707648,6.466878127292352,0.461093489392304,0.6929350800936513,317.0,50.0,False,main,True
9922,0,6,5.533121872707648,7.466878127292352,0.4256247594390498,0.6501804053793542,552.0,65.0,False,main,True
3300,1,1,6.389097773162043,1.6109022268379567,0.7986372216452554,0.9688208095358684,18.0,9.0,False,main,True
6658,1,1,6.210330944307322,1.7896690556926778,0.7762913680384153,0.959206084369393,20.0,9.0,False,main,True
7095,0,1,5.533015457795956,2.4669845422040444,0.6916269322244945,0.9143702912228544,39.0,14.0,False,main,True
1591,0,1,5.583490275150287,2.416509724849713,0.6979362843937859,0.9181208092551805,38.0,14.0,False,main,True
5472,0,1,5.167301651615584,2.8326983483844157,0.645912706451948,0.8854479472064551,52.0,16.0,False,main,True
8875,1,1,6.332948191315006,1.6670518086849941,0.7916185239143757,0.9659137252638573,19.0,9.0,False,main,True
8875,2,2,7.332948191315006,1.6670518086849941,0.8147720212572228,0.9703060665569164,15.0,7.0,False,main,True
8875,3,3,8.332948191315005,1.6670518086849941,0.8332948191315006,0.9736946052351767,11.0,6.0,False,main,False
8875,4,4,9.332948191315005,1.6670518086849941,0.8484498355740915,0.9763884160444805,9.0,5.0,False,main,False
8875,5,5,10.332948191315005,1.6670518086849941,0.8610790159429171,0.9785814184126974,6.0,4.0,False,main,False
8875,6,6,11.332948191315005,1.6670518086849941,0.8717652454857697,0.9804014657353224,4.0,3.0,False,main,False
8875,7,7,12.332948191315005,1.6670518086849941,0.8809248708082147,0.9819362846938656,3.0,2.0,False,main,False
8875,8,8,13.332948191315005,1.6670518086849941,0.8888632127543338,0.9832480782489581,1.0,1.0,False,main,False
8875,9,9,14.332948191315005,1.6670518086849941,0.8958092619571879,0.9843821819150009,-1.0,-1.0,True,main,False
5933,1,1,6.386073251388545,1.6139267486114548,0.7982591564235682,0.9686669339418957,18.0,9.0,False,main,True
803,1,1,6.213991587143964,1.7860084128560363,0.7767489483929955,0.9594132600463744,20.0,9.0,False,main,True
803,2,2,7.213991587143964,1.7860084128560363,0.8015546207937737,0.9646728166763715,16.0,8.0,False,main,True
803,3,3,8.213991587143964,1.7860084128560363,0.8213991587143964,0.9687240465075914,12.0,6.0,False,main,False
803,4,4,9.213991587143964,1.7860084128560363,0.8376355988312695,0.9719408374293343,9.0,5.0,False,main,False
803,5,5,10.213991587143964,1.7860084128560363,0.8511659655953303,0.9745571246347255,7.0,4.0,False,main,False
803,6,6,11.213991587143964,1.7860084128560363,0.8626147374726126,0.976726813960587,5.0,3.0,False,main,False
803,7,7,12.213991587143964,1.7860084128560363,0.8724279705102831,0.9785553275675589,3.0,2.0,False,main,False
803,8,8,13.213991587143964,1.7860084128560363,0.8809327724762642,0.9801173112064491,1.0,1.0,False,main,False
803,9,9,14.213991587143964,1.7860084128560363,0.8883744741964977,0.9814671059571832,-1.0,-1.0,True,main,False
9542,0,1,5.367510769996282,2.6324892300037184,0.6709388462495353,0.9016542249879,44.0,15.0,False,main,True
9542,0,2,5.367510769996282,3.6324892300037184,0.5963900855551425,0.8389119460954478,77.0,22.0,False,main,False
9542,0,3,5.367510769996282,4.632489230003719,0.5367510769996282,0.7802703588604498,131.0,30.0,False,main,True
755,0,1,5.461010755848714,2.5389892441512862,0.6826263444810893,0.9089158339463025,41.0,15.0,False,main,True
1742,1,1,6.255756687204075,1.7442433127959247,0.7819695859005094,0.9617472014280156,20.0,9.0,False,main,True
7235,1,1,6.175651536845657,1.824348463154343,0.7719564421057071,0.957222798704222,21.0,9.0,False,main,True
7235,2,2,7.175651536845657,1.824348463154343,0.797294615205073,0.9627762128900555,16.0,8.0,False,main,True
7235,3,3,8.175651536845656,1.824348463154343,0.8175651536845656,0.9670516362378103,12.0,6.0,False,main,False
7235,4,4,9.175651536845656,1.824348463154343,0.8341501397132415,0.9704451404770426,9.0,5.0,False,main,False
7235,5,5,10.175651536845656,1.824348463154343,0.8479709614038047,0.9732043183219106,7.0,4.0,False,main,False
7235,6,6,11.175651536845656,1.824348463154343,0.8596655028342812,0.9754919480525747,5.0,3.0,False,main,False
7235,7,7,12.175651536845656,1.824348463154343,0.8696893954889754,0.9774194678348366,3.0,2.0,False,main,False
7235,8,8,13.175651536845656,1.824348463154343,0.8783767691230437,0.9790657477304914,1.0,1.0,False,main,False
7235,9,9,14.175651536845656,1.824348463154343,0.8859782210528535,0.9804881826572365,-1.0,-1.0,True,main,False
4944,1,1,6.297643557323741,1.7023564426762592,0.7872054446654676,0.964032143258258,19.0,9.0,False,main,True
1624,1,1,6.573704714184711,1.426295285815289,0.8217130892730888,0.9776009163810916,16.0,8.0,False,main,True
11549,1,1,6.5025007505236,1.4974992494764003,0.81281259381545,0.9743601413229078,17.0,8.0,False,main,True
11549,2,2,7.5025007505236,1.4974992494764003,0.8336111945026222,0.9776371668219033,13.0,7.0,False,main,True
11549,3,3,8.5025007505236,1.4974992494764003,0.85025007505236,0.9801709338915062,11.0,6.0,False,main,False
11549,4,4,9.5025007505236,1.4974992494764003,0.8638637045930545,0.9821886812887073,8.0,5.0,False,main,False
11549,5,5,10.5025007505236,1.4974992494764003,0.8752083958769666,0.9838335433806216,6.0,4.0,False,main,False
11549,6,6,11.5025007505236,1.4974992494764003,0.8848077500402769,0.9852001789286364,4.0,3.0,False,main,False
11549,7,7,12.5025007505236,1.4974992494764003,0.8930357678945429,0.9863536971081167,2.0,2.0,False,main,False
11549,8,8,13.5025007505236,1.4974992494764003,0.9001667167015733,0.9873403564197679,1.0,1.0,False,main,False
11549,9,9,14.5025007505236,1.4974992494764003,0.906406296907725,0.9881939279506622,-1.0,-1.0,True,main,False
9993,1,1,6.458999351544721,1.5410006484552787,0.8073749189430901,0.9722889742417143,17.0,8.0,False,main,True
9993,2,2,7.458999351544721,1.5410006484552787,0.8287777057271912,0.9758382206596043,14.0,7.0,False,main,False
9993,3,3,8.45899935154472,1.5410006484552787,0.845899935154472,0.9785808896963631,11.0,6.0,False,main,False
9993,4,4,9.45899935154472,1.5410006484552787,0.859909031958611,0.9807640286205682,8.0,5.0,False,main,False
9993,5,5,10.45899935154472,1.5410006484552787,0.8715832792953934,0.9825430926368408,6.0,4.0,False,main,False
9993,6,6,11.45899935154472,1.5410006484552787,0.8814614885803631,0.984020808075643,4.0,3.0,False,main,False
9993,7,7,12.45899935154472,1.5410006484552787,0.8899285251103372,0.985267788807639,2.0,2.0,False,main,False
9993,8,8,13.45899935154472,1.5410006484552787,0.8972666234363147,0.9863341784041718,1.0,1.0,False,main,False
9993,9,9,14.45899935154472,1.5410006484552787,0.903687459471545,0.9872565684731526,-1.0,-1.0,True,main,False
10601,0,1,5.387621291651775,2.612378708348225,0.6734526614564719,0.903232914003617,43.0,15.0,False,main,True
10601,0,2,5.387621291651775,3.612378708348225,0.5986245879613084,0.8405956790785805,76.0,21.0,False,main,False
10601,0,3,5.387621291651775,4.612378708348225,0.5387621291651775,0.7819592680132426,129.0,29.0,False,main,True
10601,0,4,5.387621291651775,5.612378708348225,0.489783753786525,0.728910965125193,218.0,40.0,False,main,True
4917,1,1,6.5120138700248775,1.4879861299751225,0.8140017337531097,0.9748039600474873,17.0,8.0,False,main,True
4917,2,2,7.5120138700248775,1.4879861299751225,0.834668207780542,0.9780227648038593,13.0,7.0,False,main,True
4917,3,3,8.512013870024877,1.4879861299751225,0.8512013870024877,0.9805118293759217,10.0,6.0,False,main,False
4917,4,4,9.512013870024877,1.4879861299751225,0.8647285336386251,0.982494170468072,8.0,5.0,False,main,False
4917,5,5,10.512013870024877,1.4879861299751225,0.8760011558354064,0.9841102938913796,6.0,4.0,False,main,False
4917,6,6,11.512013870024877,1.4879861299751225,0.8855395284634521,0.9854531360068435,4.0,3.0,False,main,False
4917,7,7,12.512013870024877,1.4879861299751225,0.8937152764303483,0.9865866300749917,2.0,2.0,False,main,False
4917,8,8,13.512013870024877,1.4879861299751225,0.9008009246683251,0.987556204274003,1.0,1.0,False,main,False
4917,9,9,14.512013870024877,1.4879861299751225,0.9070008668765548,0.9883950266480352,-1.0,-1.0,True,main,False
4723,1,1,6.413307316517644,1.586692683482356,0.8016634145647055,0.9700411884191016,18.0,9.0,False,main,True
512,1,1,6.302943594110463,1.6970564058895374,0.7878679492638079,0.9643172179836165,19.0,9.0,False,main,True
8278,1,1,6.207144581580606,1.7928554184193937,0.7758930726975758,0.9590254111799053,20.0,9.0,False,main,True
8278,2,2,7.207144581580606,1.7928554184193937,0.8007938423978451,0.9643369403125931,16.0,8.0,False,main,False
8278,3,3,8.207144581580607,1.7928554184193937,0.8207144581580608,0.968427834658867,12.0,6.0,False,main,False
8278,4,4,9.207144581580607,1.7928554184193937,0.8370131437800552,0.9716758975868822,9.0,5.0,False,main,False
8278,5,5,10.207144581580607,1.7928554184193937,0.8505953817983839,0.9743174762649424,7.0,4.0,False,main,False
8278,6,6,11.207144581580607,1.7928554184193937,0.8620880447369698,0.9765080441384425,5.0,3.0,False,main,False
8278,7,7,12.207144581580607,1.7928554184193937,0.8719388986843291,0.978354086667057,3.0,2.0,False,main,False
8278,8,8,13.207144581580607,1.7928554184193937,0.8804763054387071,0.979930996440449,1.0,1.0,False,main,False
8278,9,9,14.207144581580607,1.7928554184193937,0.887946536348788,0.9812936545703319,-1.0,-1.0,True,main,False
7708,1,1,6.338258698829112,1.6617413011708884,0.792282337353639,0.9661931954943184,19.0,9.0,False,main,True
7708,2,2,7.338258698829112,1.6617413011708884,0.8153620776476791,0.9705484204006549,15.0,7.0,False,main,False
7708,3,3,8.338258698829112,1.6617413011708884,0.8338258698829112,0.973908559643253,11.0,6.0,False,main,False
7708,4,4,9.338258698829112,1.6617413011708884,0.8489326089844647,0.9765799363976666,9.0,5.0,False,main,False
7708,5,5,10.338258698829112,1.6617413011708884,0.8615215582357593,0.9787547673950815,6.0,4.0,False,main,False
7708,6,6,11.338258698829112,1.6617413011708884,0.8721737460637778,0.9805597955417517,4.0,3.0,False,main,False
7708,7,7,12.338258698829112,1.6617413011708884,0.881304192773508,0.9820819921999112,3.0,2.0,False,main,False
7708,8,8,13.338258698829112,1.6617413011708884,0.8892172465886075,0.9833830286195785,1.0,1.0,False,main,False
7708,9,9,14.338258698829112,1.6617413011708884,0.8961411686768195,0.9845078551260679,-1.0,-1.0,True,main,False
10894,1,1,6.240888260228966,1.7591117397710334,0.7801110325286208,0.9609226233699236,20.0,9.0,False,main,True
10894,2,2,7.240888260228966,1.7591117397710334,0.8045431400254407,0.9659801653527056,15.0,8.0,False,main,False
10894,3,3,8.240888260228967,1.7591117397710334,0.8240888260228967,0.9698771674506703,12.0,6.0,False,main,False
10894,4,4,9.240888260228967,1.7591117397710334,0.8400807509299061,0.9729723313183247,9.0,5.0,False,main,False
10894,5,5,10.240888260228967,1.7591117397710334,0.8534073550190806,0.9754902315065304,7.0,4.0,False,main,False
10894,6,6,11.240888260228967,1.7591117397710334,0.8646837123253052,0.9775786872419253,5.0,3.0,False,main,False
10894,7,7,12.240888260228967,1.7591117397710334,0.8743491614449262,0.9793389906337787,3.0,2.0,False,main,False
10894,8,8,13.240888260228967,1.7591117397710334,0.8827258840152645,0.9808428856932934,1.0,1.0,False,main,False
10894,9,9,14.240888260228967,1.7591117397710334,0.8900555162643105,0.9821426147555532,-1.0,-1.0,True,main,False
10032,0,1,5.326602267628374,2.673397732371626,0.6658252834535467,0.8984147846336838,46.0,15.0,False,main,True
10032,0,2,5.326602267628374,3.673397732371626,0.5918446964031526,0.835468381580263,80.0,22.0,False,main,False
10032,0,3,5.326602267628374,4.673397732371626,0.5326602267628374,0.7768212068172841,136.0,30.0,False,main,True
10032,0,4,5.326602267628374,5.673397732371626,0.4842365697843976,0.7238883638865122,232.0,40.0,False,main,True
10032,0,5,5.326602267628374,6.673397732371626,0.4438835223023645,0.6766128293246358,406.0,54.0,False,main,True
192,1,1,6.156499572016244,1.8435004279837561,0.7695624465020305,0.9561116988007549,21.0,9.0,False,main,True
3109,0,1,5.240907773774226,2.7590922262257744,0.6551134717217783,0.8915083036639867,49.0,16.0,False,main,True
4828,1,1,6.5429236727153395,1.45707632728466,0.8178654590894174,0.9762230638667105,16.0,8.0,False,main,True
4703,0,1,5.388203353151934,2.611796646848066,0.6735254191439918,0.9032784698821493,43.0,15.0,False,main,True
8629,1,1,6.4479638409462945,1.5520361590537055,0.8059954801182868,0.9717528087014096,17.0,8.0,False,main,True
706,1,1,6.369279250663598,1.630720749336402,0.7961599063329498,0.9678068600879371,18.0,9.0,False,main,True
10852,1,1,6.399584610898433,1.6004153891015673,0.7999480763623041,0.9693519143097902,18.0,9.0,False,main,True
10852,2,2,7.399584610898433,1.6004153891015673,0.8221760678776037,0.9732886242483086,14.0,7.0,False,main,False
10852,3,3,8.399584610898433,1.6004153891015673,0.8399584610898433,0.9763283227488347,11.0,6.0,False,main,False
10852,4,4,9.399584610898433,1.6004153891015673,0.8545076918998575,0.978746438527586,9.0,5.0,False,main,False
10852,5,5,10.399584610898433,1.6004153891015673,0.8666320509082027,0.9807160479526862,6.0,4.0,False,main,False
10852,6,6,11.399584610898433,1.6004153891015673,0.8768911239152641,0.982351399314174,4.0,3.0,False,main,False
10852,7,7,12.399584610898433,1.6004153891015673,0.8856846150641738,0.983730959376459,2.0,2.0,False,main,False
10852,8,8,13.399584610898433,1.6004153891015673,0.8933056407265622,0.9849104090037778,1.0,1.0,False,main,False
10852,9,9,14.399584610898433,1.6004153891015673,0.8999740381811521,0.985930356757569,-1.0,-1.0,True,main,False
2304,1,1,6.420273407432871,1.579726592567129,0.8025341759291089,0.9703885948376656,18.0,9.0,False,main,True
11729,1,1,6.229038208477662,1.7709617915223381,0.7786297760597077,0.9602604326478155,20.0,9.0,False,main,True
645,1,1,6.447543032073574,1.5524569679264264,0.8059428790091967,0.9717322782815733,17.0,8.0,False,main,True
645,2,2,7.447543032073574,1.5524569679264264,0.8275047813415082,0.9753548376384084,14.0,7.0,False,main,True
645,3,3,8.447543032073574,1.5524569679264264,0.8447543032073573,0.9781537358768998,11.0,6.0,False,main,False
645,4,4,9.447543032073574,1.5524569679264264,0.8588675483703249,0.9803813737281939,8.0,5.0,False,main,False
645,5,5,10.447543032073574,1.5524569679264264,0.8706285860061311,0.9821965330397524,6.0,4.0,False,main,False
645,6,6,11.447543032073574,1.5524569679264264,0.8805802332364288,0.9837041167755111,4.0,3.0,False,main,False
645,7,7,12.447543032073574,1.5524569679264264,0.8891102165766839,0.984976223092624,2.0,2.0,False,main,False
645,8,8,13.447543032073574,1.5524569679264264,0.8965028688049049,0.9860640426244887,1.0,1.0,False,main,False
645,9,9,14.447543032073574,1.5524569679264264,0.9029714395045983,0.9870049268278114,-1.0,-1.0,True,main,False
484,0,1,5.491586862346854,2.5084131376531458,0.6864483577933568,0.9112468373377806,40.0,15.0,False,main,True
7554,0,1,5.382684334933963,2.617315665066038,0.6728355418667453,0.9028462071668455,44.0,15.0,False,main,True
4872,1,1,6.467128086601698,1.5328719133983018,0.8083910108252123,0.9726811489264391,17.0,8.0,False,main,True
6017,1,1,6.572503739892853,1.427496260107147,0.8215629674866066,0.9775478259114381,16.0,8.0,False,main,True
8455,1,1,6.199674676085615,1.8003253239143848,0.7749593345107019,0.9586006163474975,20.0,9.0,False,main,True
8455,2,2,7.199674676085615,1.8003253239143848,0.7999638528984017,0.9639690979066148,16.0,8.0,False,main,False
8455,3,3,8.199674676085614,1.8003253239143848,0.8199674676085615,0.9681034509195363,12.0,6.0,False,main,False
8455,4,4,9.199674676085614,1.8003253239143848,0.8363340614623287,0.9713857733794994,9.0,5.0,False,main,False
8455,5,5,10.199674676085614,1.8003253239143848,0.8499728896738012,0.9740550572928216,7.0,4.0,False,main,False
8455,6,6,11.199674676085614,1.8003253239143848,0.8615134366219704,0.9762684947115516,5.0,3.0,False,main,False
8455,7,7,12.199674676085614,1.8003253239143848,0.8714053340061154,0.9781337366300604,3.0,2.0,False,main,False
8455,8,8,13.199674676085614,1.8003253239143848,0.8799783117390411,0.9797269941795305,1.0,1.0,False,main,False
8455,9,9,14.199674676085614,1.8003253239143848,0.887479667255351,0.9811037402878677,-1.0,-1.0,True,main,False
12087,0,1,5.39594611295915,2.60405388704085,0.6744932641198937,0.9038837365973456,43.0,15.0,False,main,True
10288,1,1,6.314885590170714,1.685114409829286,0.7893606987713393,0.9649561822246742,19.0,9.0,False,main,True
10288,2,2,7.314885590170714,1.685114409829286,0.8127650655745238,0.969475801193284,15.0,7.0,False,main,False
10288,3,3,8.314885590170714,1.685114409829286,0.8314885590170714,0.9729617025384302,12.0,6.0,False,main,False
10288,4,4,9.314885590170714,1.685114409829286,0.8468077809246104,0.9757324107655863,9.0,5.0,False,main,False
10288,5,5,10.314885590170714,1.685114409829286,0.8595737991808928,0.9779876904431272,7.0,4.0,False,main,False
10288,6,6,11.314885590170714,1.685114409829286,0.8703758146285165,0.9798592059009665,4.0,3.0,False,main,False
10288,7,7,12.314885590170714,1.685114409829286,0.8796346850121939,0.9814372752303057,3.0,2.0,False,main,False
10288,8,8,13.314885590170714,1.685114409829286,0.8876590393447142,0.9827859252456589,1.0,1.0,False,main,False
10288,9,9,14.314885590170714,1.685114409829286,0.8946803493856696,0.9839518124935204,-1.0,-1.0,True,main,False
5137,1,1,6.308257495608456,1.6917425043915442,0.788532186951057,0.9646021181557523,19.0,9.0,False,main,True
8979,0,1,5.50498716769986,2.4950128323001395,0.6881233959624825,0.9122615494746605,40.0,15.0,False,main,True
10725,1,1,6.208969112896186,1.7910308871038136,0.7761211391120233,0.9591289044277564,20.0,9.0,False,main,True
10725,2,2,7.208969112896186,1.7910308871038136,0.8009965680995763,0.9644265627799813,16.0,8.0,False,main,False
10725,3,3,8.208969112896186,1.7910308871038136,0.8208969112896186,0.9685068717360691,12.0,6.0,False,main,False
10725,4,4,9.208969112896186,1.7910308871038136,0.8371790102632897,0.971746589335359,9.0,5.0,False,main,False
10725,5,5,10.208969112896186,1.7910308871038136,0.8507474260746822,0.9743814188721285,7.0,4.0,False,main,False
10725,6,6,11.208969112896186,1.7910308871038136,0.8622283932997067,0.9765664153499416,5.0,3.0,False,main,False
10725,7,7,12.208969112896186,1.7910308871038136,0.8720692223497276,0.9784077804178246,3.0,2.0,False,main,False
10725,8,8,13.208969112896186,1.7910308871038136,0.8805979408597457,0.9799807073318187,1.0,1.0,False,main,False
10725,9,9,14.208969112896186,1.7910308871038136,0.8880605695560116,0.9813399330728507,-1.0,-1.0,True,main,False
3608,0,1,5.16132636382603,2.83867363617397,0.6451657954782537,0.8849508439843032,52.0,16.0,False,main,True
37,0,1,5.431677046779095,2.5683229532209055,0.6789596308473869,0.9066591926161531,42.0,15.0,False,main,True
987,1,1,6.426592604148381,1.573407395851619,0.8033240755185477,0.9707022814392715,18.0,9.0,False,main,True
987,2,2,7.426592604148381,1.573407395851619,0.8251769560164868,0.9744606425362665,14.0,7.0,False,main,False
987,3,3,8.426592604148382,1.573407395851619,0.8426592604148381,0.9773636631813084,11.0,6.0,False,main,False
987,4,4,9.426592604148382,1.573407395851619,0.8569629640134891,0.9796736812953084,8.0,5.0,False,main,False
987,5,5,10.426592604148382,1.573407395851619,0.8688827170123651,0.9815556501674766,6.0,4.0,False,main,False
987,6,6,11.426592604148382,1.573407395851619,0.8789686618575677,0.983118508968885,4.0,3.0,False,main,False
987,7,7,12.426592604148382,1.573407395851619,0.88761375743917,0.9844371072488245,2.0,2.0,False,main,False
987,8,8,13.426592604148382,1.573407395851619,0.8951061736098921,0.9855645759990987,1.0,1.0,False,main,False
987,9,9,14.426592604148382,1.573407395851619,0.9016620377592739,0.9865396744490912,-1.0,-1.0,True,main,False
5095,1,1,6.342673547717819,1.657326452282181,0.7928341934647274,0.9664248172820292,18.0,9.0,False,main,True
2698,0,1,5.189173357226224,2.810826642773776,0.648646669653278,0.8872609818557717,51.0,16.0,False,main,True
3157,1,1,6.4984158331212125,1.501584166878788,0.8123019791401516,0.9741685549480318,17.0,8.0,False,main,True
8789,0,1,5.338777963986571,2.661222036013429,0.6673472454983214,0.899382867531948,45.0,15.0,False,main,True
8374,0,1,5.180151415861893,2.8198485841381076,0.6475189269827366,0.8865143634664697,51.0,16.0,False,main,True
8374,0,2,5.180151415861893,3.8198485841381076,0.5755723795402103,0.8229384055104234,91.0,23.0,False,main,False
8374,0,3,5.180151415861893,4.819848584138107,0.5180151415861893,0.7643242106489188,157.0,32.0,False,main,False
8374,0,4,5.180151415861893,5.819848584138107,0.4709228559874448,0.7117038235303594,274.0,43.0,False,main,False
8374,0,5,5.180151415861893,6.819848584138107,0.43167928465515776,0.6648573763633066,492.0,57.0,False,main,True
8374,0,6,5.180151415861893,7.819848584138107,0.3984731858355302,0.6231966122691377,939.0,76.0,False,main,True
8374,0,7,5.180151415861893,8.819848584138107,0.3700108154187066,0.5860704976383727,1994.0,100.0,False,main,True
8374,0,8,5.180151415861893,9.819848584138107,0.3453434277241262,0.55287031368111,-1.0,131.0,False,main,True
349,1,1,6.3554546858252525,1.644545314174747,0.7944318357281566,0.9670917028166366,18.0,9.0,False,main,True
10224,1,1,6.340636952028447,1.6593630479715529,0.7925796190035559,0.9663180494025384,18.0,9.0,False,main,True
10224,2,2,7.340636952028447,1.6593630479715529,0.8156263280031608,0.9706566970507802,15.0,7.0,False,main,False
10224,3,3,8.340636952028447,1.6593630479715529,0.8340636952028447,0.9740041512839356,11.0,6.0,False,main,False
10224,4,4,9.340636952028447,1.6593630479715529,0.8491488138207679,0.9766655069535823,9.0,5.0,False,main,False
10224,5,5,10.340636952028447,1.6593630479715529,0.8617197460023706,0.9788322205880933,6.0,4.0,False,main,False
10224,6,6,11.340636952028447,1.6593630479715529,0.8723566886175729,0.9806305392410444,4.0,3.0,False,main,False
10224,7,7,12.340636952028447,1.6593630479715529,0.881474068002032,0.9821470969830742,3.0,2.0,False,main,False
10224,8,8,13.340636952028447,1.6593630479715529,0.8893757968018965,0.9834433276098676,1.0,1.0,False,main,False
10224,9,9,14.340636952028447,1.6593630479715529,0.896289809501778,0.9845640094170173,-1.0,-1.0,True,main,False
2816,1,1,6.340501312087303,1.6594986879126963,0.7925626640109129,0.9663109336162846,18.0,9.0,False,main,True
7656,1,1,6.483602605565705,1.5163973944342954,0.8104503256957131,0.9734687310557829,17.0,8.0,False,main,True
7656,2,2,7.483602605565705,1.5163973944342954,0.8315114006184117,0.9768628130802465,13.0,7.0,False,main,False
7656,3,3,8.483602605565704,1.5163973944342954,0.8483602605565703,0.9794864316398731,11.0,6.0,False,main,False
7656,4,4,9.483602605565704,1.5163973944342954,0.8621456914150639,0.9815753297062646,8.0,5.0,False,main,False
7656,5,5,10.483602605565704,1.5163973944342954,0.8736335504638086,0.983277933547637,6.0,4.0,False,main,False
7656,6,6,11.483602605565704,1.5163973944342954,0.8833540465819772,0.9846923681830122,4.0,3.0,False,main,False
7656,7,7,12.483602605565704,1.5163973944342954,0.8916859003975502,0.9858861085360372,2.0,2.0,False,main,False
7656,8,8,13.483602605565704,1.5163973944342954,0.898906840371047,0.9869070831588999,1.0,1.0,False,main,False
7656,9,9,14.483602605565704,1.5163973944342954,0.9052251628478565,0.9877902758011168,-1.0,-1.0,True,main,False
5865,1,1,6.371192751561702,1.6288072484382972,0.7963990939452128,0.9679053393549973,18.0,9.0,False,main,True
5865,2,2,7.371192751561702,1.6288072484382972,0.8190214168401891,0.9720334850256538,14.0,7.0,False,main,True
5865,3,3,8.371192751561702,1.6288072484382972,0.8371192751561702,0.9752198081005584,11.0,6.0,False,main,False
5865,4,4,9.371192751561702,1.6288072484382972,0.8519266137783366,0.9777538387285234,9.0,5.0,False,main,False
5865,5,5,10.371192751561702,1.6288072484382972,0.8642660626301418,0.9798173948779743,6.0,4.0,False,main,False
5865,6,6,11.371192751561702,1.6288072484382972,0.8747071347355155,0.9815304338753158,4.0,3.0,False,main,False
5865,7,7,12.371192751561702,1.6288072484382972,0.8836566251115502,0.9829753098201165,3.0,2.0,False,main,False
5865,8,8,13.371192751561702,1.6288072484382972,0.8914128501041135,0.984210442512839,1.0,1.0,False,main,False
5865,9,9,14.371192751561702,1.6288072484382972,0.8981995469726064,0.9852784261542503,-1.0,-1.0,True,main,False
126,0,1,5.228249897785176,2.7717501022148237,0.653531237223147,0.8904744812604363,49.0,16.0,False,main,True
5681,1,1,6.489667017514623,1.5103329824853764,0.8112083771893279,0.9737561917002185,17.0,8.0,False,main,True
3544,1,1,6.390417992959119,1.6095820070408813,0.7988022491198898,0.968887879095533,18.0,9.0,False,main,True
11763,1,1,6.15238772621417,1.8476122737858298,0.7690484657767712,0.9558716967190992,21.0,9.0,False,main,True
1306,0,1,5.526258644711307,2.473741355288693,0.6907823305889134,0.9138636294795803,39.0,14.0,False,main,True
9193,1,1,6.539702329317067,1.4602976706829325,0.8174627911646334,0.976076817611015,16.0,8.0,False,main,True
9193,2,2,7.539702329317067,1.4602976706829325,0.8377447032574519,0.9791288709287482,13.0,7.0,False,main,False
9193,3,3,8.539702329317066,1.4602976706829325,0.8539702329317068,0.9814898542119752,10.0,6.0,False,main,False
9193,4,4,9.539702329317066,1.4602976706829325,0.8672456663015516,0.9833707204293852,8.0,5.0,False,main,False
9193,5,5,10.539702329317066,1.4602976706829325,0.878308527443089,0.9849044599172351,6.0,4.0,False,main,False
9193,6,6,11.539702329317066,1.4602976706829325,0.8876694099474668,0.9861790819333677,4.0,3.0,False,main,False
9193,7,7,12.539702329317066,1.4602976706829325,0.8956930235226477,0.9872551545602544,2.0,2.0,False,main,False
9193,8,8,13.539702329317066,1.4602976706829325,0.9026468219544712,0.9881757290159555,1.0,1.0,False,main,False
9193,9,9,14.539702329317066,1.4602976706829325,0.9087313955823167,0.9889722465431764,-1.0,-1.0,True,main,False
10031,0,1,5.458533992420442,2.5414660075795585,0.6823167490525552,0.9087260645031761,41.0,15.0,False,main,True
10031,0,2,5.458533992420442,3.5414660075795585,0.6065037769356046,0.8464845511790917,72.0,21.0,False,main,False
10031,0,3,5.458533992420442,4.541466007579558,0.5458533992420442,0.7878793835414658,121.0,29.0,False,main,True
10031,0,4,5.458533992420442,5.541466007579558,0.4962303629473129,0.7347080334468874,203.0,39.0,False,main,True
227,1,1,6.474755944539249,1.5252440554607514,0.8093444930674061,0.9730470155985079,17.0,8.0,False,main,True
227,2,2,7.474755944539249,1.5252440554607514,0.8305284382821387,0.9764965310160236,13.0,7.0,False,main,True
227,3,3,8.474755944539249,1.5252440554607514,0.8474755944539248,0.9791626878500425,11.0,6.0,False,main,False
227,4,4,9.474755944539249,1.5252440554607514,0.8613414495035681,0.9812852634988972,8.0,5.0,False,main,False
227,5,5,10.474755944539249,1.5252440554607514,0.872896328711604,0.9830151935078467,6.0,4.0,False,main,False
227,6,6,11.474755944539249,1.5252440554607514,0.8826735341953268,0.9844522458832691,4.0,3.0,False,main,False
227,7,7,12.474755944539249,1.5252440554607514,0.8910539960385178,0.9856650165634727,2.0,2.0,False,main,False
227,8,8,13.474755944539249,1.5252440554607514,0.8983170629692833,0.9867022252634051,1.0,1.0,False,main,False
227,9,9,14.474755944539249,1.5252440554607514,0.904672246533703,0.9875994300962597,-1.0,-1.0,True,main,False
2324,1,1,6.583443934052707,1.4165560659472929,0.8229304917565884,0.9780294285792588,16.0,8.0,False,main,True
2324,2,2,7.583443934052707,1.4165560659472929,0.8426048815614119,0.9808263380477917,13.0,7.0,False,main,True
2324,3,3,8.583443934052706,1.4165560659472929,0.8583443934052706,0.9829912058333752,10.0,6.0,False,main,False
2324,4,4,9.583443934052706,1.4165560659472929,0.8712221758229733,0.9847166105713728,8.0,5.0,False,main,False
2324,5,5,10.583443934052706,1.4165560659472929,0.8819536611710589,0.9861240815574538,6.0,4.0,False,main,False
2324,6,6,11.583443934052706,1.4165560659472929,0.8910341487732851,0.9872941070126383,4.0,3.0,False,main,False
2324,7,7,12.583443934052706,1.4165560659472929,0.8988174238609076,0.9882821142386994,2.0,2.0,False,main,False
2324,8,8,13.583443934052706,1.4165560659472929,0.9055629289368471,0.989127521020148,1.0,1.0,False,main,False
2324,9,9,14.583443934052706,1.4165560659472929,0.9114652458782941,0.9898591276111204,-1.0,-1.0,True,main,False
10920,1,1,6.251176985578936,1.748823014421064,0.781397123197367,0.9614939667402316,20.0,9.0,False,main,True
10920,2,2,7.251176985578936,1.748823014421064,0.8056863317309929,0.9664751411936792,15.0,8.0,False,main,False
10920,3,3,8.251176985578937,1.748823014421064,0.8251176985578936,0.9703138182299363,12.0,6.0,False,main,False
10920,4,4,9.251176985578937,1.748823014421064,0.8410160895980852,0.973362972439542,9.0,5.0,False,main,False
10920,5,5,10.251176985578937,1.748823014421064,0.8542647487982448,0.9758436458669915,7.0,4.0,False,main,False
10920,6,6,11.251176985578937,1.748823014421064,0.8654751527368413,0.977901359584247,5.0,3.0,False,main,False
10920,7,7,12.251176985578937,1.748823014421064,0.8750840703984955,0.9796358456509608,3.0,2.0,False,main,False
10920,8,8,13.251176985578937,1.748823014421064,0.8834117990385958,0.9811177516336164,1.0,1.0,False,main,False
10920,9,9,14.251176985578937,1.748823014421064,0.8906985615986835,0.9823985266206984,-1.0,-1.0,True,main,False
2640,0,1,5.146965735494044,2.853034264505956,0.6433707169367555,0.8837530106095713,53.0,16.0,False,main,True
9865,0,1,5.233997733116876,2.766002266883124,0.6542497166396095,0.8909443641781443,49.0,16.0,False,main,True
9865,0,2,5.233997733116876,3.766002266883124,0.5815553036796529,0.8275819167405203,86.0,22.0,False,main,False
9865,0,3,5.233997733116876,4.766002266883124,0.5233997733116876,0.7689461186900752,149.0,31.0,False,main,True
9865,0,4,5.233997733116876,5.766002266883124,0.4758179757378978,0.7162051197105701,257.0,42.0,False,main,True
3079,1,1,6.555531713004878,1.4444682869951229,0.8194414641256097,0.97679173735047,16.0,8.0,False,main,True
3079,2,2,7.555531713004878,1.4444682869951229,0.8395035236672086,0.9797502797835332,13.0,7.0,False,main,False
3079,3,3,8.555531713004878,1.4444682869951229,0.8555531713004877,0.9820394061709118,10.0,6.0,False,main,False
3079,4,4,9.555531713004878,1.4444682869951229,0.8686847011822615,0.9838633232800464,8.0,5.0,False,main,False
3079,5,5,10.555531713004878,1.4444682869951229,0.8796276427504064,0.98535081550299,6.0,4.0,False,main,False
3079,6,6,11.555531713004878,1.4444682869951229,0.888887054846529,0.98658713307649,4.0,3.0,False,main,False
3079,7,7,12.555531713004878,1.4444682869951229,0.8968236937860626,0.9876309588002967,2.0,2.0,False,main,False
3079,8,8,13.555531713004878,1.4444682869951229,0.9037021142003251,0.9885240117269077,1.0,1.0,False,main,False
3079,9,9,14.555531713004878,1.4444682869951229,0.9097207320628049,0.9892967650024416,-1.0,-1.0,True,main,False
10626,1,1,6.395313169483838,1.6046868305161612,0.7994141461854798,0.9691360424984733,18.0,9.0,False,main,True
10626,2,2,7.395313169483838,1.6046868305161612,0.821701463275982,0.9731012955124897,14.0,7.0,False,main,False
10626,3,3,8.395313169483838,1.6046868305161612,0.8395313169483838,0.9761628611190546,11.0,6.0,False,main,False
10626,4,4,9.395313169483838,1.6046868305161612,0.8541193790439853,0.9785982672912453,9.0,5.0,False,main,False
10626,5,5,10.395313169483838,1.6046868305161612,0.8662760974569865,0.9805818923052189,6.0,4.0,False,main,False
10626,6,6,11.395313169483838,1.6046868305161612,0.8765625514987568,0.98222883499465,4.0,3.0,False,main,False
10626,7,7,12.395313169483838,1.6046868305161612,0.8853795121059884,0.983618141420201,2.0,2.0,False,main,False
10626,8,8,13.395313169483838,1.6046868305161612,0.8930208779655893,0.9848059006943553,1.0,1.0,False,main,False
10626,9,9,14.395313169483838,1.6046868305161612,0.8997070730927399,0.9858330173982388,-1.0,-1.0,True,main,False
11322,1,1,6.424010713005815,1.5759892869941847,0.8030013391257269,0.9705742836446309,18.0,9.0,False,main,True
11322,2,2,7.424010713005815,1.5759892869941847,0.8248900792228684,0.9743495350857465,14.0,7.0,False,main,True
11322,3,3,8.424010713005815,1.5759892869941847,0.8424010713005815,0.9772655028818498,11.0,6.0,False,main,False
11322,4,4,9.424010713005815,1.5759892869941847,0.8567282466368923,0.9795857627546031,8.0,5.0,False,main,False
11322,5,5,10.424010713005815,1.5759892869941847,0.8686675594171512,0.9814760364047763,6.0,4.0,False,main,False
11322,6,6,11.424010713005815,1.5759892869941847,0.8787700548466012,0.9830457653939738,4.0,3.0,False,main,False
11322,7,7,12.424010713005815,1.5759892869941847,0.8874293366432725,0.9843701416523328,2.0,2.0,False,main,False
11322,8,8,13.424010713005815,1.5759892869941847,0.894934047533721,0.9855025375777936,1.0,1.0,False,main,False
11322,9,9,14.424010713005815,1.5759892869941847,0.9015006695628635,0.9864818875148009,-1.0,-1.0,True,main,False
3780,1,1,6.5478107877573,1.4521892122426996,0.8184763484696626,0.9764441970355572,16.0,8.0,False,main,True
7772,1,1,6.2075565876719,1.7924434123281,0.7759445734589875,0.9590487905294471,20.0,9.0,False,main,True
7772,2,2,7.2075565876719,1.7924434123281,0.8008396208524333,0.9643571860647702,16.0,8.0,False,main,False
7772,3,3,8.207556587671899,1.7924434123281,0.82075565876719,0.9684456890628317,12.0,6.0,False,main,False
7772,4,4,9.207556587671899,1.7924434123281,0.8370505988792637,0.9716918667162877,9.0,5.0,False,main,False
7772,5,5,10.207556587671899,1.7924434123281,0.850629715639325,0.9743319207240673,7.0,4.0,False,main,False
7772,6,6,11.207556587671899,1.7924434123281,0.8621197375132231,0.9765212299955829,5.0,3.0,False,main,False
7772,7,7,12.207556587671899,1.7924434123281,0.8719683276908501,0.9783662158719252,3.0,2.0,False,main,False
7772,8,8,13.207556587671899,1.7924434123281,0.8805037725114601,0.9799422259098202,1.0,1.0,False,main,False
7772,9,9,14.207556587671899,1.7924434123281,0.8879722867294938,0.9813041086596681,-1.0,-1.0,True,main,False
1576,1,1,6.415468200945741,1.5845317990542593,0.8019335251182176,0.9701491340676284,18.0,9.0,False,main,True
1336,0,1,5.150513455457943,2.8494865445420574,0.6438141819322428,0.884049339471298,52.0,16.0,False,main,True
8834,1,1,6.453774643597258,1.546225356402742,0.8067218304496573,0.9720356666102827,17.0,8.0,False,main,True
7165,1,1,6.47512099278558,1.5248790072144194,0.8093901240981975,0.9730644727882884,17.0,8.0,False,main,True
7510,1,1,6.401442456738238,1.5985575432617618,0.8001803070922797,0.9694456113197634,18.0,9.0,False,main,True
5401,0,1,5.192156192002051,2.8078438079979486,0.6490195240002564,0.8875074429583061,51.0,16.0,False,main,True
8689,1,1,6.305507016836926,1.6944929831630735,0.7881883771046158,0.964454768848974,19.0,9.0,False,main,True
2929,1,1,6.1858937180473985,1.814106281952602,0.7732367147559248,0.9578123982386183,20.0,9.0,False,main,True
6763,1,1,6.580471598801831,1.4195284011981686,0.8225589498502289,0.9778990321014722,16.0,8.0,False,main,True
9823,1,1,6.369819490101024,1.6301805098989754,0.796227436262628,0.9678346763206543,18.0,9.0,False,main,True
9823,2,2,7.369819490101024,1.6301805098989754,0.8188688322334472,0.9719721832970996,14.0,7.0,False,main,False
9823,3,3,8.369819490101024,1.6301805098989754,0.8369819490101025,0.9751656742280568,11.0,6.0,False,main,False
9823,4,4,9.369819490101024,1.6301805098989754,0.8518017718273658,0.9777053701439412,9.0,5.0,False,main,False
9823,5,5,10.369819490101024,1.6301805098989754,0.8641516241750854,0.9797735170707579,6.0,4.0,False,main,False
9823,6,6,11.369819490101024,1.6301805098989754,0.8746014992385404,0.9814903517804031,4.0,3.0,False,main,False
9823,7,7,12.369819490101024,1.6301805098989754,0.883558535007216,0.982938418587755,3.0,2.0,False,main,False
9823,8,8,13.369819490101024,1.6301805098989754,0.8913212993400683,0.9841762712796557,1.0,1.0,False,main,False
9823,9,9,14.369819490101024,1.6301805098989754,0.898113718131314,0.9852466011713034,-1.0,-1.0,True,main,False
648,1,1,6.148633363707452,1.8513666362925476,0.7685791704634315,0.9556521135489855,21.0,9.0,False,main,True
7755,0,1,5.366681412436815,2.633318587563185,0.6708351765546019,0.9015889236988468,44.0,15.0,False,main,True
7755,0,2,5.366681412436815,3.633318587563185,0.5962979347152016,0.8388423797590637,77.0,22.0,False,main,False
7755,0,3,5.366681412436815,4.633318587563185,0.5366681412436816,0.7802006136104319,131.0,30.0,False,main,False
7755,0,4,5.366681412436815,5.633318587563185,0.4878801284033468,0.7271909420757865,223.0,40.0,False,main,False
7755,0,5,5.366681412436815,6.633318587563185,0.44722345103640126,0.6798037102570706,386.0,53.0,False,main,False
7755,0,6,5.366681412436815,7.633318587563185,0.41282164711052427,0.6375479629971761,698.0,70.0,False,main,True
7755,0,7,5.366681412436815,8.633318587563185,0.38333438660262964,0.599819801050335,1363.0,91.0,False,main,True
7755,0,8,5.366681412436815,9.633318587563185,0.357778760829121,0.56603355808599,3047.0,119.0,False,main,True
7755,0,9,5.366681412436815,10.633318587563185,0.33541758827730095,0.5356646649728496,-1.0,155.0,False,main,True
1706,1,1,6.2352606388503995,1.7647393611496005,0.7794075798562999,0.9606086990466859,20.0,9.0,False,main,True
6608,1,1,6.278819730060661,1.7211802699393388,0.7848524662575826,0.9630122883247084,19.0,9.0,False,main,True
5658,0,1,5.279629144707175,2.720370855292825,0.6599536430883969,0.8946490808360986,47.0,16.0,False,main,True
4377,1,1,6.343613853632448,1.6563861463675518,0.792951731704056,0.9664740658891754,18.0,9.0,False,main,True
10088,1,1,6.203432738298024,1.796567261701976,0.775429092287253,0.9588145443142291,20.0,9.0,False,main,True
10088,2,2,7.203432738298024,1.796567261701976,0.8003814153664471,0.9641543406633996,16.0,8.0,False,main,False
10088,3,3,8.203432738298023,1.796567261701976,0.8203432738298024,0.96826680570418,12.0,6.0,False,main,False
10088,4,4,9.203432738298023,1.796567261701976,0.8366757034816386,0.9715318738391305,9.0,5.0,False,main,False
10088,5,5,10.203432738298023,1.796567261701976,0.8502860615248353,0.9741872047214094,7.0,4.0,False,main,False
10088,6,6,11.203432738298023,1.796567261701976,0.8618025183306173,0.9763891246896844,5.0,3.0,False,main,False
10088,7,7,12.203432738298023,1.796567261701976,0.8716737670212875,0.9782446976479564,3.0,2.0,False,main,False
10088,8,8,13.203432738298023,1.796567261701976,0.8802288492198683,0.9798297224344041,1.0,1.0,False,main,False
10088,9,9,14.203432738298023,1.796567261701976,0.8877145461436265,0.9811993738919437,-1.0,-1.0,True,main,False
10518,1,1,6.473157586669816,1.5268424133301837,0.809144698333727,0.9729705233888026,17.0,8.0,False,main,True
10518,2,2,7.473157586669816,1.5268424133301837,0.830350842963313,0.976430097289242,13.0,7.0,False,main,False
10518,3,3,8.473157586669817,1.5268424133301837,0.8473157586669817,0.979103971953003,11.0,6.0,False,main,False
10518,4,4,9.473157586669817,1.5268424133301837,0.8611961442427106,0.9812326573221052,8.0,5.0,False,main,False
10518,5,5,10.473157586669817,1.5268424133301837,0.8727631322224848,0.9829675444758476,6.0,4.0,False,main,False
10518,6,6,11.473157586669817,1.5268424133301837,0.882550583589986,0.9844086996461281,4.0,3.0,False,main,False
10518,7,7,12.473157586669817,1.5268424133301837,0.8909398276192727,0.9856249222282624,2.0,2.0,False,main,False
10518,8,8,13.473157586669817,1.5268424133301837,0.8982105057779878,0.9866650755148906,1.0,1.0,False,main,False
10518,9,9,14.473157586669817,1.5268424133301837,0.9045723491668636,0.9875648218448535,-1.0,-1.0,True,main,False
3880,0,1,5.167776985553094,2.832223014446906,0.6459721231941368,0.8854874588683918,52.0,16.0,False,main,True
846,0,1,5.195218772443112,2.804781227556888,0.649402346555389,0.8877602933972476,51.0,16.0,False,main,True
6321,0,1,5.303026425290976,2.696973574709024,0.662878303161372,0.8965308904769127,46.0,15.0,False,main,True
12070,0,1,5.15738233165781,2.84261766834219,0.6446727914572262,0.8846223081636213,52.0,16.0,False,main,True
739,0,1,5.551445413368559,2.4485545866314404,0.6939306766710699,0.9157467659599267,39.0,14.0,False,main,True
12015,1,1,6.223143071386692,1.7768569286133076,0.7778928839233366,0.9599293623264105,20.0,9.0,False,main,True
3237,0,1,5.57833735597467,2.421662644025331,0.6972921694968337,0.9177407155447902,38.0,14.0,False,main,True
11051,0,1,5.494287481034796,2.5057125189652045,0.6867859351293495,0.9114516746925713,40.0,15.0,False,main,True
11051,0,2,5.494287481034796,3.5057125189652045,0.610476386781644,0.8494250052676953,70.0,21.0,False,main,False
11051,0,3,5.494287481034796,4.505712518965204,0.5494287481034796,0.7908433917246145,117.0,28.0,False,main,True
11051,0,4,5.494287481034796,5.505712518965204,0.49948068009407237,0.7376146067902409,195.0,38.0,False,main,True
6841,1,1,6.2440980091894875,1.7559019908105125,0.7805122511486859,0.9611012239270659,20.0,9.0,False,main,True
6561,1,1,6.346008154293843,1.653991845706157,0.7932510192867304,0.9665993344732177,18.0,9.0,False,main,True
5297,1,1,6.429795924599683,1.5702040754003161,0.8037244905749604,0.9708607635721704,17.0,9.0,False,main,True
5297,2,2,7.429795924599683,1.5702040754003161,0.825532880511076,0.9745982160174587,14.0,7.0,False,main,False
5297,3,3,8.429795924599684,1.5702040754003161,0.8429795924599685,0.9774852083731879,11.0,6.0,False,main,False
5297,4,4,9.429795924599684,1.5702040754003161,0.8572541749636077,0.9797825468483924,8.0,5.0,False,main,False
5297,5,5,10.429795924599684,1.5702040754003161,0.869149660383307,0.9816542337671105,6.0,4.0,False,main,False
5297,6,6,11.429795924599684,1.5702040754003161,0.8792150711230526,0.9832085865064366,4.0,3.0,False,main,False
5297,7,7,12.429795924599684,1.5702040754003161,0.8878425660428346,0.9845200308342522,2.0,2.0,False,main,False
5297,8,8,13.429795924599684,1.5702040754003161,0.8953197283066456,0.9856413989268881,1.0,1.0,False,main,False
5297,9,9,14.429795924599684,1.5702040754003161,0.9018622452874803,0.9866112332448871,-1.0,-1.0,True,main,False
5745,1,1,6.354225705057647,1.6457742949423528,0.7942782131322059,0.96702781547111,18.0,9.0,False,main,True
3090,1,1,6.565517854418438,1.4344821455815617,0.8206897318023048,0.9772379253828491,16.0,8.0,False,main,True
6901,1,1,6.45738382867553,1.54261617132447,0.8071729785844413,0.9722107527986347,17.0,8.0,False,main,True
143,1,1,6.576281409537249,1.4237185904627505,0.8220351761921562,0.977714637792431,16.0,8.0,False,main,True
143,2,2,7.576281409537249,1.4237185904627505,0.8418090455041388,0.9805526254259627,13.0,7.0,False,main,False
143,3,3,8.576281409537248,1.4237185904627505,0.857628140953725,0.9827490794853898,10.0,6.0,False,main,False
143,4,4,9.576281409537248,1.4237185904627505,0.8705710372306591,0.9844995298767942,8.0,5.0,False,main,False
143,5,5,10.576281409537248,1.4237185904627505,0.8813567841281041,0.985927347937325,6.0,4.0,False,main,False
143,6,6,11.576281409537248,1.4237185904627505,0.8904831853490193,0.9871142312864214,4.0,3.0,False,main,False
143,7,7,12.576281409537248,1.4237185904627505,0.8983058149669464,0.988116434203978,2.0,2.0,False,main,False
143,8,8,13.576281409537248,1.4237185904627505,0.9050854273024833,0.9889739591623964,1.0,1.0,False,main,False
143,9,9,14.576281409537248,1.4237185904627505,0.9110175880960781,0.9897160315165183,-1.0,-1.0,True,main,False
1734,1,1,6.564841577478324,1.4351584225216754,0.8206051971847905,0.9772078272908138,16.0,8.0,False,main,True
8274,0,1,5.188524030110145,2.8114759698898553,0.6485655037637681,0.8872073048155912,51.0,16.0,False,main,True
8274,0,2,5.188524030110145,3.8114759698898553,0.5765026700122383,0.8236632068431576,90.0,23.0,False,main,False
8274,0,3,5.188524030110145,4.811475969889855,0.5188524030110144,0.7650449407146962,156.0,32.0,False,main,True
8274,0,4,5.188524030110145,5.811475969889855,0.4716840027372859,0.712405366686174,271.0,43.0,False,main,True
8773,0,1,5.2117581365669405,2.788241863433059,0.6514697670708676,0.8891222996282784,50.0,16.0,False,main,True
11933,1,1,6.494039851194625,1.5059601488053755,0.8117549813993281,0.9739626455274579,17.0,8.0,False,main,True
11933,2,2,7.494039851194625,1.5059601488053755,0.8326710945771806,0.9772918489036951,13.0,7.0,False,main,True
11933,3,3,8.494039851194625,1.5059601488053755,0.8494039851194625,0.9798656714486227,11.0,6.0,False,main,False
11933,4,4,9.494039851194625,1.5059601488053755,0.8630945319267841,0.9819151401201751,8.0,5.0,False,main,False
11933,5,5,10.494039851194625,1.5059601488053755,0.8745033209328854,0.9835857469944054,6.0,4.0,False,main,False
11933,6,6,11.494039851194625,1.5059601488053755,0.8841569116303558,0.9849736953797356,4.0,3.0,False,main,False
11933,7,7,12.494039851194625,1.5059601488053755,0.8924314179424732,0.986145148737019,2.0,2.0,False,main,False
11933,8,8,13.494039851194625,1.5059601488053755,0.8996026567463083,0.9871471098873872,1.0,1.0,False,main,False
11933,9,9,14.494039851194625,1.5059601488053755,0.9058774906996641,0.9880138904278002,-1.0,-1.0,True,main,False
1625,1,1,6.575204507714236,1.4247954922857637,0.8219005634642795,0.9776671397793912,16.0,8.0,False,main,True
4545,0,1,5.4793417769649535,2.5206582230350465,0.6849177221206192,0.9103159316386312,41.0,15.0,False,main,True
10839,1,1,6.439673094449088,1.560326905550912,0.804959136806136,0.9713471705474446,17.0,8.0,False,main,True
10839,2,2,7.439673094449088,1.560326905550912,0.8266303438276764,0.9750204811450934,14.0,7.0,False,main,False
10839,3,3,8.439673094449088,1.560326905550912,0.8439673094449087,0.9778582967270293,11.0,6.0,False,main,False
10839,4,4,9.439673094449088,1.560326905550912,0.8581520994953716,0.9801167285802252,8.0,5.0,False,main,False
10839,5,5,10.439673094449088,1.560326905550912,0.8699727578707573,0.9819568635081932,6.0,4.0,False,main,False
10839,6,6,11.439673094449088,1.560326905550912,0.8799748534191606,0.9834851122179782,4.0,3.0,False,main,False
10839,7,7,12.439673094449088,1.560326905550912,0.8885480781749349,0.9847746008084767,2.0,2.0,False,main,False
10839,8,8,13.439673094449088,1.560326905550912,0.8959782062966059,0.9858772449308635,1.0,1.0,False,main,False
10839,9,9,14.439673094449088,1.560326905550912,0.902479568403068,0.9868309221092497,-1.0,-1.0,True,main,False
7704,1,1,6.378073357650383,1.6219266423496173,0.7972591697062978,0.9682584285517278,18.0,9.0,False,main,True
7704,2,2,7.378073357650383,1.6219266423496173,0.8197859286278203,0.9723398114602194,14.0,7.0,False,main,False
7704,3,3,8.378073357650383,1.6219266423496173,0.8378073357650383,0.9754903257636414,11.0,6.0,False,main,False
7704,4,4,9.378073357650383,1.6219266423496173,0.8525521234227621,0.977996052260221,9.0,5.0,False,main,False
7704,5,5,10.378073357650383,1.6219266423496173,0.8648394464708652,0.980036671449945,6.0,4.0,False,main,False
7704,6,6,11.378073357650383,1.6219266423496173,0.8752364121269525,0.981730745114108,4.0,3.0,False,main,False
7704,7,7,12.378073357650383,1.6219266423496173,0.8841480969750274,0.9831596773351782,3.0,2.0,False,main,False
7704,8,8,13.378073357650383,1.6219266423496173,0.8918715571766922,0.9843812186788051,1.0,1.0,False,main,False
7704,9,9,14.378073357650383,1.6219266423496173,0.8986295848531489,0.9854374782492418,-1.0,-1.0,True,main,False
5729,1,1,6.572107121159804,1.427892878840196,0.8215133901449755,0.9775302809227256,16.0,8.0,False,main,True
6308,2,2,7.608067169760007,1.3919328302399927,0.8453407966400008,0.9817544588507446,13.0,7.0,False,main,True
6308,3,3,8.608067169760007,1.3919328302399927,0.8608067169760008,0.983812329819009,10.0,6.0,False,main,False
6308,4,4,9.608067169760007,1.3919328302399927,0.8734606517963642,0.9854528730613902,8.0,5.0,False,main,False
6308,5,5,10.608067169760007,1.3919328302399927,0.8840055974800006,0.98679138931077,6.0,4.0,False,main,False
6308,6,6,11.608067169760007,1.3919328302399927,0.8929282438276929,0.9879042756572213,4.0,3.0,False,main,False
6308,7,7,12.608067169760007,1.3919328302399927,0.9005762264114291,0.988844160957569,2.0,2.0,False,main,False
6308,8,8,13.608067169760007,1.3919328302399927,0.9072044779840005,0.9896484838913914,1.0,1.0,False,main,False
6308,9,9,14.608067169760007,1.3919328302399927,0.9130041981100004,0.9903446054556836,-1.0,-1.0,True,main,False
8908,2,2,7.271262676526423,1.7287373234735766,0.8079180751696026,0.9674331837081108,15.0,7.0,False,main,True
8908,3,3,8.271262676526423,1.7287373234735766,0.8271262676526423,0.9711590765178403,12.0,6.0,False,main,False
8908,4,4,9.271262676526423,1.7287373234735766,0.842842061502402,0.9741192400025233,9.0,5.0,False,main,False
8908,5,5,10.271262676526423,1.7287373234735766,0.8559385563772018,0.9765278970486264,7.0,4.0,False,main,False
8908,6,6,11.271262676526423,1.7287373234735766,0.8670202058866479,0.9785261304862721,5.0,3.0,False,main,False
8908,7,7,12.271262676526423,1.7287373234735766,0.8765187626090302,0.9802106585658635,3.0,2.0,False,main,False
8908,8,8,13.271262676526423,1.7287373234735766,0.8847508451017615,0.981650010091246,1.0,1.0,False,main,False
8908,9,9,14.271262676526423,1.7287373234735766,0.8919539172829014,0.9828941009408253,-1.0,-1.0,True,main,False
6993,2,2,7.502933387696311,1.4970666123036889,0.8336592652995901,0.9776547643559351,13.0,7.0,False,main,True
6993,3,3,8.502933387696311,1.4970666123036889,0.8502933387696311,0.9801864907550476,10.0,6.0,False,main,False
6993,4,4,9.502933387696311,1.4970666123036889,0.8639030352451192,0.9822026219660701,8.0,5.0,False,main,False
6993,5,5,10.502933387696311,1.4970666123036889,0.8752444489746926,0.9838461723006914,6.0,4.0,False,main,False
6993,6,6,11.502933387696311,1.4970666123036889,0.8848410298227931,0.9852117218618746,4.0,3.0,False,main,False
6993,7,7,12.502933387696311,1.4970666123036889,0.8930666705497365,0.9863643261286936,2.0,2.0,False,main,False
6993,8,8,13.502933387696311,1.4970666123036889,0.900195559179754,0.9873502056895389,1.0,1.0,False,main,False
6993,9,9,14.502933387696311,1.4970666123036889,0.9064333367310194,0.9882031040985421,-1.0,-1.0,True,main,False
4059,2,2,7.430643253306722,1.569356746693278,0.8256270281451914,0.9746345551572564,14.0,7.0,False,main,True
4059,3,3,8.430643253306723,1.569356746693278,0.8430643253306721,0.9775173142813329,11.0,6.0,False,main,False
4059,4,4,9.430643253306723,1.569356746693278,0.8573312048460656,0.9798113038323283,8.0,5.0,False,main,False
4059,5,5,10.430643253306723,1.569356746693278,0.8692202711088934,0.9816802750324732,6.0,4.0,False,main,False
4059,6,6,11.430643253306723,1.569356746693278,0.8792802502543632,0.983232381065427,4.0,3.0,False,main,False
4059,7,7,12.430643253306723,1.569356746693278,0.8879030895219087,0.984541935788696,2.0,2.0,False,main,False
4059,8,8,13.430643253306723,1.569356746693278,0.8953762168871148,0.9856616924658612,1.0,1.0,False,main,False
4059,9,9,14.430643253306723,1.569356746693278,0.9019152033316702,0.9866301363103037,-1.0,-1.0,True,main,False
66,2,2,7.277547586873287,1.722452413126713,0.8086163985414764,0.9677307033793706,15.0,7.0,False,main,True
66,3,3,8.277547586873286,1.722452413126713,0.8277547586873286,0.9714215997131204,12.0,6.0,False,main,False
66,4,4,9.277547586873286,1.722452413126713,0.8434134169884806,0.9743541440738546,9.0,5.0,False,main,False
66,5,5,10.277547586873286,1.722452413126713,0.8564622989061071,0.9767404465503126,7.0,4.0,False,main,False
66,6,6,11.277547586873286,1.722452413126713,0.8675036605287143,0.9787202143541893,5.0,3.0,False,main,False
66,7,7,12.277547586873286,1.722452413126713,0.8769676847766633,0.9803892313432102,3.0,2.0,False,main,False
66,8,8,13.277547586873286,1.722452413126713,0.8851698391248858,0.9818153692706487,1.0,1.0,False,main,False
66,9,9,14.277547586873286,1.722452413126713,0.8923467241795804,0.983048068457102,-1.0,-1.0,True,main,False
6268,2,2,7.1521728114253245,1.847827188574675,0.7946858679361472,0.9615958954057247,16.0,8.0,False,main,True
6268,3,3,8.152172811425324,1.847827188574675,0.8152172811425326,0.9660111073507145,13.0,6.0,False,main,True
6268,4,4,9.152172811425324,1.847827188574675,0.832015710129575,0.9695147422276565,10.0,5.0,False,main,False
6268,5,5,10.152172811425324,1.847827188574675,0.8460144009521104,0.9723629382761002,7.0,4.0,False,main,False
6268,6,6,11.152172811425324,1.847827188574675,0.8578594470327173,0.9747240204418309,5.0,3.0,False,main,False
6268,7,7,12.152172811425324,1.847827188574675,0.8680123436732375,0.9767131852504113,3.0,2.0,False,main,False
6268,8,8,13.152172811425324,1.847827188574675,0.8768115207616883,0.9784119403350687,1.0,1.0,False,main,False
6268,9,9,14.152172811425324,1.847827188574675,0.8845108007140828,0.9798795864888475,-1.0,-1.0,True,main,False
9542,0,4,5.367510769996282,5.632489230003719,0.48795552454511654,0.727259137507208,223.0,40.0,False,main,True
4142,2,2,7.179784010056937,1.8202159899430628,0.7977537788952153,0.9629824848761935,16.0,8.0,False,main,True
4142,3,3,8.179784010056938,1.8202159899430628,0.8179784010056939,0.9672334996159546,12.0,6.0,False,main,True
4142,4,4,9.179784010056938,1.8202159899430628,0.8345258190960853,0.9706077696815522,9.0,5.0,False,main,False
4142,5,5,10.179784010056938,1.8202159899430628,0.8483153341714115,0.9733513979827125,7.0,4.0,False,main,False
4142,6,6,11.179784010056938,1.8202159899430628,0.8599833853889952,0.9756261954302325,5.0,3.0,False,main,False
4142,7,7,12.179784010056938,1.8202159899430628,0.8699845721469242,0.9775429445087047,3.0,2.0,False,main,False
4142,8,8,13.179784010056938,1.8202159899430628,0.8786522673371292,0.9791800550158132,1.0,1.0,False,main,False
4142,9,9,14.179784010056938,1.8202159899430628,0.8862365006285586,0.9805945892196634,-1.0,-1.0,True,main,False
7165,2,2,7.47512099278558,1.5248790072144194,0.8305689991983978,0.9765116928031601,13.0,7.0,False,main,True
7165,3,3,8.47512099278558,1.5248790072144194,0.8475120992785581,0.9791760883499362,11.0,6.0,False,main,False
7165,4,4,9.47512099278558,1.5248790072144194,0.8613746357077801,0.9812972696773982,8.0,5.0,False,main,False
7165,5,5,10.47512099278558,1.5248790072144194,0.8729267493987983,0.983026068384875,6.0,4.0,False,main,False
7165,6,6,11.47512099278558,1.5248790072144194,0.88270161482966,0.9844621844264059,4.0,3.0,False,main,False
7165,7,7,12.47512099278558,1.5248790072144194,0.8910800709132557,0.9856741673122777,2.0,2.0,False,main,False
7165,8,8,13.47512099278558,1.5248790072144194,0.8983413995190387,0.9867107039930502,1.0,1.0,False,main,False
7165,9,9,14.47512099278558,1.5248790072144194,0.9046950620490988,0.9876073287973084,-1.0,-1.0,True,main,False
4611,2,2,7.708059872900984,1.2919401270990156,0.8564510969889982,0.9853134461652543,12.0,7.0,False,main,True
4611,3,3,8.708059872900984,1.2919401270990156,0.8708059872900984,0.9869626332893638,10.0,6.0,False,main,False
4611,4,4,9.708059872900984,1.2919401270990156,0.8825508975364531,0.9882787337979811,7.0,5.0,False,main,False
4611,5,5,10.708059872900984,1.2919401270990156,0.8923383227417486,0.989353424279881,6.0,4.0,False,main,False
4611,6,6,11.708059872900984,1.2919401270990156,0.9006199902231526,0.9902475590362854,4.0,3.0,False,main,False
4611,7,7,12.708059872900984,1.2919401270990156,0.9077185623500703,0.9910031211199787,2.0,2.0,False,main,False
4611,8,8,13.708059872900984,1.2919401270990156,0.913870658193399,0.991650012122806,1.0,1.0,False,main,False
4611,9,9,14.708059872900984,1.2919401270990156,0.9192537420563115,0.992210106880197,-1.0,-1.0,True,main,False
9390,2,2,7.473426365651266,1.5265736343487348,0.830380707294585,0.9764412742221686,13.0,7.0,False,main,True
9390,3,3,8.473426365651266,1.5265736343487348,0.8473426365651265,0.9791138503697921,11.0,6.0,False,main,False
9390,4,4,9.473426365651266,1.5265736343487348,0.8612205786955696,0.9812415077958893,8.0,5.0,False,main,False
9390,5,5,10.473426365651266,1.5265736343487348,0.8727855304709388,0.9829755609308961,6.0,4.0,False,main,False
9390,6,6,11.473426365651266,1.5265736343487348,0.8825712588962512,0.9844160258277307,4.0,3.0,False,main,False
9390,7,7,12.473426365651266,1.5265736343487348,0.8909590261179475,0.9856316676488311,2.0,2.0,False,main,False
9390,8,8,13.473426365651266,1.5265736343487348,0.898228424376751,0.9866713255293036,1.0,1.0,False,main,False
9390,9,9,14.473426365651266,1.5265736343487348,0.9045891478532041,0.9875706442717699,-1.0,-1.0,True,main,False
5965,2,2,7.740487744950609,1.2595122550493918,0.860054193883401,0.9863929332749117,12.0,7.0,False,main,False
5965,3,3,8.74048774495061,1.2595122550493918,0.8740487744950608,0.9879186929835797,9.0,6.0,False,main,False
5965,4,4,9.74048774495061,1.2595122550493918,0.8854988859046007,0.9891367069223528,7.0,5.0,False,main,False
5965,5,5,10.74048774495061,1.2595122550493918,0.8950406454125507,0.9901315714907214,6.0,4.0,False,main,False
5965,6,6,11.74048774495061,1.2595122550493918,0.9031144419192776,0.99095947441198,4.0,3.0,False,main,False
5965,7,7,12.74048774495061,1.2595122550493918,0.9100348389250434,0.9916591978110407,2.0,2.0,False,main,False
5965,8,8,13.74048774495061,1.2595122550493918,0.9160325163300406,0.9922583743711473,1.0,1.0,False,main,False
5965,9,9,14.74048774495061,1.2595122550493918,0.9212804840594131,0.9927772257720942,-1.0,-1.0,True,main,False
11,2,2,7.551039892551476,1.4489601074485243,0.8390044325057195,0.9795747615433557,13.0,7.0,False,main,True
11,3,3,8.551039892551476,1.4489601074485243,0.8551039892551475,0.9818841767657849,10.0,6.0,False,main,False
11,4,4,9.551039892551476,1.4489601074485243,0.8682763538683159,0.9837241748941934,8.0,5.0,False,main,False
11,5,5,10.551039892551476,1.4489601074485243,0.8792533243792896,0.9852247271037936,6.0,4.0,False,main,False
11,6,6,11.551039892551476,1.4489601074485243,0.8885415301962674,0.986471862258739,4.0,3.0,False,main,False
11,7,7,12.551039892551476,1.4489601074485243,0.8965028494679625,0.9875247952727043,2.0,2.0,False,main,False
11,8,8,13.551039892551476,1.4489601074485243,0.9034026595034317,0.9884256212347952,1.0,1.0,False,main,False
11,9,9,14.551039892551476,1.4489601074485243,0.9094399932844672,0.9892050865832653,-1.0,-1.0,True,main,False
422,2,2,7.2717928381845365,1.728207161815464,0.807976982020504,0.9674583225816888,15.0,7.0,False,main,True
422,3,3,8.271792838184536,1.728207161815464,0.8271792838184536,0.9711812578436232,12.0,6.0,False,main,False
422,4,4,9.271792838184536,1.728207161815464,0.8428902580167761,0.974139087343956,9.0,5.0,False,main,False
422,5,5,10.271792838184536,1.728207161815464,0.855982736515378,0.9765458553588063,7.0,4.0,False,main,False
422,6,6,11.271792838184536,1.728207161815464,0.8670609875526567,0.978542528436451,5.0,3.0,False,main,False
422,7,7,12.271792838184536,1.728207161815464,0.8765566312988955,0.9802257458475339,3.0,2.0,False,main,False
422,8,8,13.271792838184536,1.728207161815464,0.8847861892123025,0.9816639808614087,1.0,1.0,False,main,False
422,9,9,14.271792838184536,1.728207161815464,0.8919870523865335,0.9829071091636332,-1.0,-1.0,True,main,False
512,2,2,7.302943594110463,1.6970564058895374,0.8114381771233847,0.9689218599369102,15.0,7.0,False,main,True
512,3,3,8.302943594110463,1.6970564058895374,0.8302943594110463,0.9724727807574232,12.0,6.0,False,main,False
512,4,4,9.302943594110463,1.6970564058895374,0.845722144919133,0.9752948296840216,9.0,5.0,False,main,False
512,5,5,10.302943594110463,1.6970564058895374,0.8585786328425385,0.9775916813347462,7.0,4.0,False,main,False
512,6,6,11.302943594110463,1.6970564058895374,0.8694571995469587,0.979497548269063,4.0,3.0,False,main,False
512,7,7,12.302943594110463,1.6970564058895374,0.8787816852936045,0.9811044807862788,3.0,2.0,False,main,False
512,8,8,13.302943594110463,1.6970564058895374,0.8868629062740309,0.9824777245155527,1.0,1.0,False,main,False
512,9,9,14.302943594110463,1.6970564058895374,0.8939339746319039,0.9836648186045182,-1.0,-1.0,True,main,False
6631,2,2,7.17415687542477,1.82584312457523,0.7971285417138634,0.9627014978880899,16.0,8.0,False,main,True
6631,3,3,8.17415687542477,1.82584312457523,0.8174156875424771,0.9669857639559839,12.0,6.0,False,main,True
6631,4,4,9.17415687542477,1.82584312457523,0.8340142614022519,0.9703862360208049,9.0,5.0,False,main,False
6631,5,5,10.17415687542477,1.82584312457523,0.8478464062853975,0.9731510466932254,7.0,4.0,False,main,False
6631,6,6,11.17415687542477,1.82584312457523,0.8595505288788285,0.9754433247946307,5.0,3.0,False,main,False
6631,7,7,12.17415687542477,1.82584312457523,0.8695826339589122,0.9773747460721356,3.0,2.0,False,main,False
6631,8,8,13.17415687542477,1.82584312457523,0.878277125028318,0.9790243473524193,1.0,1.0,False,main,False
6631,9,9,14.17415687542477,1.82584312457523,0.8858848047140482,0.9804496440751633,-1.0,-1.0,True,main,False
5145,2,2,7.790012561775475,1.2099874382245248,0.8655569513083861,0.9879683494151583,11.0,7.0,False,main,False
5145,3,3,8.790012561775475,1.2099874382245248,0.8790012561775475,0.9893144529947021,9.0,6.0,False,main,False
5145,4,4,9.790012561775475,1.2099874382245248,0.8900011419795887,0.9903896061681259,7.0,5.0,False,main,False
5145,5,5,10.790012561775475,1.2099874382245248,0.8991677134812895,0.991268148016021,5.0,4.0,False,main,False
5145,6,6,11.790012561775475,1.2099874382245248,0.9069240432134981,0.9919994982410495,4.0,3.0,False,main,False
5145,7,7,12.790012561775475,1.2099874382245248,0.9135723258411054,0.992617792518691,2.0,2.0,False,main,False
5145,8,8,13.790012561775475,1.2099874382245248,0.9193341707850317,0.9931473676093779,1.0,1.0,False,main,False
5145,9,9,14.790012561775475,1.2099874382245248,0.9243757851109672,0.993606042282991,-1.0,-1.0,True,main,False
5705,2,2,7.679380469664549,1.3206195303354509,0.8532644966293943,0.9843278183628502,12.0,7.0,False,main,True
5705,3,3,8.67938046966455,1.3206195303354509,0.8679380469664549,0.9860899229190745,10.0,6.0,False,main,False
5705,4,4,9.67938046966455,1.3206195303354509,0.8799436790604136,0.9874957156743622,8.0,5.0,False,main,False
5705,5,5,10.67938046966455,1.3206195303354509,0.8899483724720457,0.9886433732625626,6.0,4.0,False,main,False
5705,6,6,11.67938046966455,1.3206195303354509,0.8984138822818883,0.9895980306859715,4.0,3.0,False,main,False
5705,7,7,12.67938046966455,1.3206195303354509,0.9056700335474678,0.990404605310108,2.0,2.0,False,main,False
5705,8,8,13.67938046966455,1.3206195303354509,0.9119586979776366,0.9910950775251225,1.0,1.0,False,main,False
5705,9,9,14.67938046966455,1.3206195303354509,0.9174612793540343,0.991692836118791,-1.0,-1.0,True,main,False
6841,2,2,7.2440980091894875,1.7559019908105125,0.8048997787988319,0.9661348875776653,15.0,8.0,False,main,True
6841,3,3,8.244098009189488,1.7559019908105125,0.8244098009189488,0.9700136541271875,12.0,6.0,False,main,False
6841,4,4,9.244098009189488,1.7559019908105125,0.8403725462899534,0.9730944336954156,9.0,5.0,False,main,False
6841,5,5,10.244098009189488,1.7559019908105125,0.8536748340991239,0.975600695940178,7.0,4.0,False,main,False
6841,6,6,11.244098009189488,1.7559019908105125,0.864930616091499,0.9776795413450912,5.0,3.0,False,main,False
6841,7,7,12.244098009189488,1.7559019908105125,0.8745784292278206,0.9794317741553515,3.0,2.0,False,main,False
6841,8,8,13.244098009189488,1.7559019908105125,0.8829398672792992,0.9809287955199605,1.0,1.0,False,main,False
6841,9,9,14.244098009189488,1.7559019908105125,0.890256125574343,0.9822225997359707,-1.0,-1.0,True,main,False
7557,2,2,7.337766118658309,1.6622338813416913,0.81530734651759,0.9705259742671076,15.0,7.0,False,main,True
7557,3,3,8.337766118658308,1.6622338813416913,0.8337766118658309,0.9738887433917641,11.0,6.0,False,main,False
7557,4,4,9.337766118658308,1.6622338813416913,0.8488878289689371,0.9765621976917488,9.0,5.0,False,main,False
7557,5,5,10.337766118658308,1.6622338813416913,0.8614805098881924,0.9787387115306301,6.0,4.0,False,main,False
7557,6,6,11.337766118658308,1.6622338813416913,0.8721358552814084,0.9805451306284652,4.0,3.0,False,main,False
7557,7,7,12.337766118658308,1.6622338813416913,0.8812690084755934,0.9820684962818484,3.0,2.0,False,main,False
7557,8,8,13.337766118658308,1.6622338813416913,0.8891844079105539,0.9833705289735446,1.0,1.0,False,main,False
7557,9,9,14.337766118658308,1.6622338813416913,0.8961103824161443,0.9844962146960025,-1.0,-1.0,True,main,False
7461,2,2,7.455707828923728,1.5442921710762723,0.8284119809915254,0.9756997464819276,14.0,7.0,False,main,True
7461,3,3,8.455707828923728,1.5442921710762723,0.8455707828923729,0.9784585193031549,11.0,6.0,False,main,False
7461,4,4,9.455707828923728,1.5442921710762723,0.8596098026294299,0.9806544033187867,8.0,5.0,False,main,False
7461,5,5,10.455707828923728,1.5442921710762723,0.871308985743644,0.9824438060271307,6.0,4.0,False,main,False
7461,6,6,11.455707828923728,1.5442921710762723,0.8812082945325945,0.9839300769170845,4.0,3.0,False,main,False
7461,7,7,12.455707828923728,1.5442921710762723,0.8896934163516949,0.985184254840358,2.0,2.0,False,main,False
7461,8,8,13.455707828923728,1.5442921710762723,0.8970471885949152,0.9862567831849886,1.0,1.0,False,main,False
7461,9,9,14.455707828923728,1.5442921710762723,0.903481739307733,0.9871844711478365,-1.0,-1.0,True,main,False
11922,2,2,7.430465284755985,1.569534715244015,0.8256072538617761,0.9746269244505947,14.0,7.0,False,main,True
11922,3,3,8.430465284755986,1.569534715244015,0.8430465284755986,0.9775105724749735,11.0,6.0,False,main,False
11922,4,4,9.430465284755986,1.569534715244015,0.8573150258869078,0.9798052652417054,8.0,5.0,False,main,False
11922,5,5,10.430465284755986,1.569534715244015,0.8692054403963322,0.9816748066977552,6.0,4.0,False,main,False
11922,6,6,11.430465284755986,1.569534715244015,0.879266560365845,0.9832273845033732,4.0,3.0,False,main,False
11922,7,7,12.430465284755986,1.569534715244015,0.8878903774825704,0.9845373360146691,2.0,2.0,False,main,False
11922,8,8,13.430465284755986,1.569534715244015,0.8953643523170657,0.9856574310651839,1.0,1.0,False,main,False
11922,9,9,14.430465284755986,1.569534715244015,0.9019040802972491,0.9866261668890159,-1.0,-1.0,True,main,False
1576,2,2,7.415468200945741,1.5845317990542593,0.8239409112161934,0.9739805098787344,14.0,7.0,False,main,True
1576,3,3,8.41546820094574,1.5845317990542593,0.841546820094574,0.9769394944889178,11.0,6.0,False,main,False
1576,4,4,9.41546820094574,1.5845317990542593,0.855951654631431,0.9792937796066957,8.0,5.0,False,main,False
1576,5,5,10.41546820094574,1.5845317990542593,0.867955683412145,0.9812116415841877,6.0,4.0,False,main,False
1576,6,6,11.41546820094574,1.5845317990542593,0.8781129385342877,0.9828041919698862,4.0,3.0,False,main,False
1576,7,7,12.41546820094574,1.5845317990542593,0.88681915721041,0.984147760657537,2.0,2.0,False,main,False
1576,8,8,13.41546820094574,1.5845317990542593,0.894364546729716,0.9852965223218533,1.0,1.0,False,main,False
1576,9,9,14.41546820094574,1.5845317990542593,0.9009667625591088,0.9862899932277863,-1.0,-1.0,True,main,False
1490,2,2,7.519389581948632,1.4806104180513682,0.8354877313276258,0.9783197756694547,13.0,7.0,False,main,True
1490,3,3,8.519389581948632,1.4806104180513682,0.8519389581948632,0.9807744260009835,10.0,6.0,False,main,False
1490,4,4,9.519389581948632,1.4806104180513682,0.8653990529044211,0.9827295059866967,8.0,5.0,False,main,False
1490,5,5,10.519389581948632,1.4806104180513682,0.8766157984957194,0.9843234997819121,6.0,4.0,False,main,False
1490,6,6,11.519389581948632,1.4806104180513682,0.8861068909191255,0.9856480187241127,4.0,3.0,False,main,False
1490,7,7,12.519389581948632,1.4806104180513682,0.8942421129963308,0.9867660912898522,2.0,2.0,False,main,False
1490,8,8,13.519389581948632,1.4806104180513682,0.9012926387965755,0.9877225066866295,1.0,1.0,False,main,False
1490,9,9,14.519389581948632,1.4806104180513682,0.9074618488717895,0.9885499688318892,-1.0,-1.0,True,main,False
11234,0,5,5.432291025096595,6.567708974903405,0.4526909187580496,0.6850029918712615,356.0,52.0,False,main,True
1818,2,2,7.34089813224045,1.6591018677595502,0.8156553480267167,0.9706685782381649,15.0,7.0,False,main,True
1818,3,3,8.34089813224045,1.6591018677595502,0.8340898132240451,0.9740146406605645,11.0,6.0,False,main,False
1818,4,4,9.34089813224045,1.6591018677595502,0.8491725574764046,0.9766748967852086,9.0,5.0,False,main,False
1818,5,5,10.34089813224045,1.6591018677595502,0.8617415110200376,0.9788407197427798,6.0,4.0,False,main,False
1818,6,6,11.34089813224045,1.6591018677595502,0.8723767794031116,0.9806383021875875,4.0,3.0,False,main,False
1818,7,7,12.34089813224045,1.6591018677595502,0.8814927237314608,0.9821542411854352,3.0,2.0,False,main,False
1818,8,8,13.34089813224045,1.6591018677595502,0.88939320881603,0.9834499444798743,1.0,1.0,False,main,False
1818,9,9,14.34089813224045,1.6591018677595502,0.8963061332650282,0.9845701714920106,-1.0,-1.0,True,main,False
1734,2,2,7.564841577478324,1.4351584225216754,0.8405379530531472,0.98011199510649,13.0,7.0,False,main,True
1734,3,3,8.564841577478324,1.4351584225216754,0.8564841577478324,0.9823593276631891,10.0,6.0,False,main,False
1734,4,4,9.564841577478324,1.4351584225216754,0.8695310524980294,0.9841501152856149,8.0,5.0,False,main,False
1734,5,5,10.564841577478324,1.4351584225216754,0.8804034647898603,0.9856106995775131,6.0,4.0,False,main,False
1734,6,6,11.564841577478324,1.4351584225216754,0.8896031982675634,0.9868247278068201,4.0,3.0,False,main,False
1734,7,7,12.564841577478324,1.4351584225216754,0.8974886841055946,0.9878497871409979,2.0,2.0,False,main,False
1734,8,8,13.564841577478324,1.4351584225216754,0.9043227718318883,0.9887268222716487,1.0,1.0,False,main,False
1734,9,9,14.564841577478324,1.4351584225216754,0.9103025985923953,0.9894857435052015,-1.0,-1.0,True,main,False
10969,0,5,5.225660875983221,6.774339124016779,0.43547173966526836,0.6685265424130448,463.0,56.0,False,main,True
5306,2,2,7.5192486245855905,1.4807513754144095,0.8354720693983989,0.9783141155145799,13.0,7.0,False,main,True
5306,3,3,8.51924862458559,1.4807513754144095,0.8519248624585589,0.9807694215307473,10.0,6.0,False,main,False
5306,4,4,9.51924862458559,1.4807513754144095,0.86538623859869,0.9827250209434399,8.0,5.0,False,main,False
5306,5,5,10.51924862458559,1.4807513754144095,0.8766040520487991,0.9843194364101674,6.0,4.0,False,main,False
5306,6,6,11.51924862458559,1.4807513754144095,0.8860960480450454,0.9856443045058043,4.0,3.0,False,main,False
5306,7,7,12.51924862458559,1.4807513754144095,0.8942320446132564,0.9867626709414523,2.0,2.0,False,main,False
5306,8,8,13.51924862458559,1.4807513754144095,0.9012832416390393,0.9877193370966624,1.0,1.0,False,main,False
5306,9,9,14.51924862458559,1.4807513754144095,0.9074530390365994,0.9885470157307205,-1.0,-1.0,True,main,False
3382,2,2,7.255379721382403,1.744620278617597,0.8061533023758226,0.9666765074537692,15.0,8.0,False,main,True
3382,3,3,8.255379721382404,1.744620278617597,0.8255379721382402,0.9704914673029197,12.0,6.0,False,main,False
3382,4,4,9.255379721382404,1.744620278617597,0.8413981564893094,0.9735219101239859,9.0,5.0,False,main,False
3382,5,5,10.255379721382404,1.744620278617597,0.8546149767818669,0.9759874426880046,7.0,4.0,False,main,False
3382,6,6,11.255379721382404,1.744620278617597,0.8657984401063387,0.9780326521270374,5.0,3.0,False,main,False
3382,7,7,12.255379721382404,1.744620278617597,0.8753842658130288,0.9797566364153604,3.0,2.0,False,main,False
3382,8,8,13.255379721382404,1.744620278617597,0.8836919814254935,0.9812295974092409,1.0,1.0,False,main,False
3382,9,9,14.255379721382404,1.744620278617597,0.8909612325864003,0.9825026617037433,-1.0,-1.0,True,main,False
2740,2,2,7.326187493010317,1.6738125069896834,0.8140208325567019,0.9699963785343305,15.0,7.0,False,main,True
2740,3,3,8.326187493010316,1.6738125069896834,0.8326187493010316,0.9734212205971724,11.0,6.0,False,main,False
2740,4,4,9.326187493010316,1.6738125069896834,0.8478352266373015,0.9761437064813824,9.0,5.0,False,main,False
2740,5,5,10.326187493010316,1.6738125069896834,0.8605156244175264,0.9783599336817067,7.0,4.0,False,main,False
2740,6,6,11.326187493010316,1.6738125069896834,0.8712451917700244,0.980199175879715,4.0,3.0,False,main,False
2740,7,7,12.326187493010316,1.6738125069896834,0.8804419637864511,0.9817501256621088,3.0,2.0,False,main,False
2740,8,8,13.326187493010316,1.6738125069896834,0.8884124995340211,0.9830756658697951,1.0,1.0,False,main,False
2740,9,9,14.326187493010316,1.6738125069896834,0.8953867183131448,0.9842216245013095,-1.0,-1.0,True,main,False
1706,2,2,7.2352606388503995,1.7647393611496005,0.8039178487611555,0.9657082249718749,15.0,8.0,False,main,True
1706,3,3,8.235260638850399,1.7647393611496005,0.8235260638850399,0.9696372866982512,12.0,6.0,False,main,False
1706,4,4,9.235260638850399,1.7647393611496005,0.8395691489863999,0.9727577376327722,9.0,5.0,False,main,False
1706,5,5,10.235260638850399,1.7647393611496005,0.8529383865708665,0.9752960957929432,7.0,4.0,False,main,False
1706,6,6,11.235260638850399,1.7647393611496005,0.8642508183731076,0.9774014444919301,5.0,3.0,False,main,False
1706,7,7,12.235260638850399,1.7647393611496005,0.8739471884893142,0.9791759337841108,3.0,2.0,False,main,False
1706,8,8,13.235260638850399,1.7647393611496005,0.8823507092566932,0.9806919105814016,1.0,1.0,False,main,False
1706,9,9,14.235260638850399,1.7647393611496005,0.8897037899281499,0.9820020533488554,-1.0,-1.0,True,main,False
5933,2,2,7.386073251388545,1.6139267486114548,0.8206748057098383,0.9726942436818024,14.0,7.0,False,main,True
5933,3,3,8.386073251388545,1.6139267486114548,0.8386073251388545,0.975803344979598,11.0,6.0,False,main,False
5933,4,4,9.386073251388545,1.6139267486114548,0.8532793864898678,0.9782763338555891,9.0,5.0,False,main,False
5933,5,5,10.386073251388545,1.6139267486114548,0.8655061042823787,0.9802904208976111,6.0,4.0,False,main,False
5933,6,6,11.386073251388545,1.6139267486114548,0.8758517885683497,0.9819625549608628,4.0,3.0,False,main,False
5933,7,7,12.386073251388545,1.6139267486114548,0.8847195179563246,0.9833730419500106,3.0,2.0,False,main,False
5933,8,8,13.386073251388545,1.6139267486114548,0.892404883425903,0.9845788587222761,1.0,1.0,False,main,False
5933,9,9,14.386073251388545,1.6139267486114548,0.8991295782117841,0.9856215534956904,-1.0,-1.0,True,main,False
9456,0,4,5.384197317381457,5.615802682618543,0.48947248339831423,0.7286299722175169,219.0,40.0,False,main,True
10348,0,5,5.362908899293873,6.637091100706127,0.4469090749411561,0.6795038421034496,388.0,53.0,False,main,True
8386,0,5,5.761228356185827,6.238771643814173,0.48010236301548553,0.7106204467235407,249.0,46.0,False,main,True
2816,2,2,7.340501312087303,1.6594986879126963,0.8156112568985893,0.9706505259746556,15.0,7.0,False,main,True
2816,3,3,8.340501312087303,1.6594986879126963,0.8340501312087303,0.9739987031217587,11.0,6.0,False,main,False
2816,4,4,9.340501312087303,1.6594986879126963,0.8491364829170276,0.9766606298992034,9.0,5.0,False,main,False
2816,5,5,10.340501312087303,1.6594986879126963,0.861708442673942,0.9788278061535407,6.0,4.0,False,main,False
2816,6,6,11.340501312087303,1.6594986879126963,0.8723462547759464,0.980626507194096,4.0,3.0,False,main,False
2816,7,7,12.340501312087303,1.6594986879126963,0.8814643794348074,0.9821433863122592,3.0,2.0,False,main,False
2816,8,8,13.340501312087303,1.6594986879126963,0.8893667541391536,0.9834398908354551,1.0,1.0,False,main,False
2816,9,9,14.340501312087303,1.6594986879126963,0.8962813320054565,0.9845608088628465,-1.0,-1.0,True,main,False
5242,2,2,7.364926621009045,1.6350733789909553,0.8183251801121161,0.9717533261357977,14.0,7.0,False,main,True
5242,3,3,8.364926621009044,1.6350733789909553,0.8364926621009043,0.974972412477738,11.0,6.0,False,main,False
5242,4,4,9.364926621009044,1.6350733789909553,0.8513569655462767,0.9775323373633272,9.0,5.0,False,main,False
5242,5,5,10.364926621009044,1.6350733789909553,0.863743885084087,0.9796168758943993,6.0,4.0,False,main,False
5242,6,6,11.364926621009044,1.6350733789909553,0.8742251246930034,0.9813472629714124,4.0,3.0,False,main,False
5242,7,7,12.364926621009044,1.6350733789909553,0.8832090443577888,0.982806722277195,3.0,2.0,False,main,False
5242,8,8,13.364926621009044,1.6350733789909553,0.8909951080672696,0.9840542861140461,1.0,1.0,False,main,False
5242,9,9,14.364926621009044,1.6350733789909553,0.8978079138130652,0.9851329926130158,-1.0,-1.0,True,main,False
11027,0,5,5.460152300175148,6.539847699824852,0.4550126916812623,0.6872018162054484,345.0,51.0,False,main,True
1611,2,2,7.557545072176058,1.4424549278239414,0.8397272302417842,0.979828741430372,13.0,7.0,False,main,True
1611,3,3,8.557545072176058,1.4424549278239414,0.8557545072176058,0.9821087999986715,10.0,6.0,False,main,False
1611,4,4,9.557545072176058,1.4424549278239414,0.8688677338341871,0.983925529555064,8.0,5.0,False,main,False
1611,5,5,10.557545072176058,1.4424549278239414,0.8797954226813381,0.9854071842712389,6.0,4.0,False,main,False
1611,6,6,11.557545072176058,1.4424549278239414,0.8890419286289275,0.98663866648516,4.0,3.0,False,main,False
1611,7,7,12.557545072176058,1.4424549278239414,0.8969675051554328,0.9876784212258228,2.0,2.0,False,main,False
1611,8,8,13.557545072176058,1.4424549278239414,0.9038363381450706,0.9885679995071502,1.0,1.0,False,main,False
1611,9,9,14.557545072176058,1.4424549278239414,0.9098465670110036,0.9893377523439835,-1.0,-1.0,True,main,False
7161,2,2,7.316006752271411,1.6839932477285888,0.8128896391412679,0.969527603038939,15.0,7.0,False,main,True
7161,3,3,8.316006752271411,1.6839932477285888,0.8316006752271411,0.9730074265513334,12.0,6.0,False,main,False
7161,4,4,9.316006752271411,1.6839932477285888,0.8469097047519465,0.9757733351113116,9.0,5.0,False,main,False
7161,5,5,10.316006752271411,1.6839932477285888,0.859667229355951,0.9780247280573451,7.0,4.0,False,main,False
7161,6,6,11.316006752271411,1.6839932477285888,0.8704620578670317,0.9798930316511941,4.0,3.0,False,main,False
7161,7,7,12.316006752271411,1.6839932477285888,0.8797147680193865,0.9814684021293738,3.0,2.0,False,main,False
7161,8,8,13.316006752271411,1.6839932477285888,0.8877337834847607,0.9828147524090383,1.0,1.0,False,main,False
7161,9,9,14.316006752271411,1.6839932477285888,0.8947504220169632,0.983978656550237,-1.0,-1.0,True,main,False
8964,2,2,7.400716777169924,1.599283222830076,0.8223018641299915,0.9733381869503906,14.0,7.0,False,main,True
8964,3,3,8.400716777169924,1.599283222830076,0.8400716777169924,0.9763721009138498,11.0,6.0,False,main,False
8964,4,4,9.400716777169924,1.599283222830076,0.8546106161063567,0.9787856426489471,9.0,5.0,False,main,False
8964,5,5,10.400716777169924,1.599283222830076,0.8667263980974936,0.9807515442335315,6.0,4.0,False,main,False
8964,6,6,11.400716777169924,1.599283222830076,0.8769782136284557,0.9823838290142508,4.0,3.0,False,main,False
8964,7,7,12.400716777169924,1.599283222830076,0.885765484083566,0.9837608105399132,2.0,2.0,False,main,False
8964,8,8,13.400716777169924,1.599283222830076,0.893381118477995,0.9849380616937177,1.0,1.0,False,main,False
8964,9,9,14.400716777169924,1.599283222830076,0.9000447985731203,0.985956112737217,-1.0,-1.0,True,main,False
5410,2,2,7.843861279331502,1.1561387206684972,0.8715401421479447,0.9895782012102038,11.0,7.0,False,main,False
5410,3,3,8.843861279331502,1.1561387206684972,0.8843861279331502,0.9907413375290877,9.0,6.0,False,main,False
5410,4,4,9.843861279331502,1.1561387206684972,0.8948964799392275,0.9916708811508889,7.0,5.0,False,main,False
5410,5,5,10.843861279331502,1.1561387206684972,0.9036551066109585,0.9924307869345748,5.0,4.0,False,main,False
5410,6,6,11.843861279331502,1.1561387206684972,0.9110662522562694,0.9930636133756475,4.0,3.0,False,main,False
5410,7,7,12.843861279331502,1.1561387206684972,0.917418662809393,0.9935987804801407,2.0,2.0,False,main,False
5410,8,8,13.843861279331502,1.1561387206684972,0.9229240852887668,0.9940572769149123,1.0,1.0,False,main,False
5410,9,9,14.843861279331502,1.1561387206684972,0.9277413299582189,0.9944544786255526,-1.0,-1.0,True,main,False
8374,0,9,5.180151415861893,10.819848584138107,0.3237594634913683,0.5230606095496307,-1.0,173.0,False,main,True
3300,2,2,7.389097773162043,1.6109022268379567,0.8210108636846715,0.972827759080172,14.0,7.0,False,main,True
3300,3,3,8.389097773162042,1.6109022268379567,0.8389097773162042,0.9759212653722414,11.0,6.0,False,main,False
3300,4,4,9.389097773162042,1.6109022268379567,0.8535543430147311,0.9783819251043374,9.0,5.0,False,main,False
3300,5,5,10.389097773162042,1.6109022268379567,0.8657581477635036,0.980386019343203,6.0,4.0,False,main,False
3300,6,6,11.389097773162042,1.6109022268379567,0.8760844440893879,0.9820498898471516,4.0,3.0,False,main,False
3300,7,7,12.389097773162042,1.6109022268379567,0.8849355552258602,0.9834534291226723,3.0,2.0,False,main,False
3300,8,8,13.389097773162042,1.6109022268379567,0.8926065182108028,0.9846533227434804,1.0,1.0,False,main,False
3300,9,9,14.389097773162042,1.6109022268379567,0.8993186108226277,0.9856909077495515,-1.0,-1.0,True,main,False
7755,0,10,5.366681412436815,11.633318587563185,0.315687141908048,0.5082586203168048,-1.0,203.0,False,main,True
11056,0,5,5.725635970057398,6.274364029942602,0.4771363308381165,0.7078845014963578,258.0,46.0,False,main,True
4701,2,2,7.547298040897871,1.4527019591021286,0.8385886712108745,0.9794280541881295,13.0,7.0,False,main,True
4701,3,3,8.547298040897871,1.4527019591021286,0.8547298040897872,0.9817544323004459,10.0,6.0,False,main,False
4701,4,4,9.547298040897871,1.4527019591021286,0.8679361855361701,0.9836078744381233,8.0,5.0,False,main,False
4701,5,5,10.547298040897871,1.4527019591021286,0.8789415034081559,0.9851193444749089,6.0,4.0,False,main,False
4701,6,6,11.547298040897871,1.4527019591021286,0.8882536954536824,0.9863755224943975,4.0,3.0,False,main,False
4701,7,7,12.547298040897871,1.4527019591021286,0.8962355743498479,0.987436068413938,2.0,2.0,False,main,False
4701,8,8,13.547298040897871,1.4527019591021286,0.9031532027265248,0.9883433917768394,1.0,1.0,False,main,False
4701,9,9,14.547298040897871,1.4527019591021286,0.909206127556117,0.9891284675433334,-1.0,-1.0,True,main,False
5681,2,2,7.489667017514623,1.5103329824853764,0.8321852241682914,0.9771125080905867,13.0,7.0,False,main,True
5681,3,3,8.489667017514623,1.5103329824853764,0.8489667017514624,0.9797071418384267,11.0,6.0,False,main,False
5681,4,4,9.489667017514623,1.5103329824853764,0.8626970015922385,0.9817730899720223,8.0,5.0,False,main,False
5681,5,5,10.489667017514623,1.5103329824853764,0.8741389181262186,0.9834570704290815,6.0,4.0,False,main,False
5681,6,6,11.489667017514623,1.5103329824853764,0.8838205398088171,0.984856089446321,4.0,3.0,False,main,False
5681,7,7,12.489667017514623,1.5103329824853764,0.892119072679616,0.9860368584755673,2.0,2.0,False,main,False
5681,8,8,13.489667017514623,1.5103329824853764,0.8993111345009749,0.9870467671728868,1.0,1.0,False,main,False
5681,9,9,14.489667017514623,1.5103329824853764,0.905604188594664,0.9879204080200262,-1.0,-1.0,True,main,False
5089,2,2,7.687058794719821,1.312941205280179,0.8541176438577579,0.9845945150607154,12.0,7.0,False,main,True
5089,3,3,8.687058794719821,1.312941205280179,0.8687058794719821,0.9863260452927812,10.0,6.0,False,main,False
5089,4,4,9.687058794719821,1.312941205280179,0.8806417086108929,0.9877075562366556,8.0,5.0,False,main,False
5089,5,5,10.687058794719821,1.312941205280179,0.8905882328933185,0.9888354624223181,6.0,4.0,False,main,False
5089,6,6,11.687058794719821,1.312941205280179,0.8990045226707555,0.9897737387166976,4.0,3.0,False,main,False
5089,7,7,12.687058794719821,1.312941205280179,0.9062184853371301,0.9905665074205526,2.0,2.0,False,main,False
5089,8,8,13.687058794719821,1.312941205280179,0.9124705863146547,0.9912451857687601,1.0,1.0,False,main,False
5089,9,9,14.687058794719821,1.312941205280179,0.9179411746699888,0.9918327524764585,-1.0,-1.0,True,main,False
9690,0,5,5.683992768789342,6.316007231210658,0.47366606406577855,0.7046723899517283,269.0,47.0,False,main,True
6240,2,2,7.250092364383946,1.749907635616054,0.8055658182648828,0.9664230961219034,15.0,8.0,False,main,True
6240,3,3,8.250092364383946,1.749907635616054,0.8250092364383945,0.9702679040984002,12.0,6.0,False,main,False
6240,4,4,9.250092364383946,1.749907635616054,0.8409174876712678,0.9733218950402772,9.0,5.0,False,main,False
6240,5,5,10.250092364383946,1.749907635616054,0.8541743636986622,0.9758064821240338,7.0,4.0,False,main,False
6240,6,6,11.250092364383946,1.749907635616054,0.8653917203372266,0.9778674279013353,5.0,3.0,False,main,False
6240,7,7,12.250092364383946,1.749907635616054,0.8750065974559961,0.9796046283715064,3.0,2.0,False,main,False
6240,8,8,13.250092364383946,1.749907635616054,0.8833394909589297,0.9810888463317616,1.0,1.0,False,main,False
6240,9,9,14.250092364383946,1.749907635616054,0.8906307727739966,0.9823716142424541,-1.0,-1.0,True,main,False
3975,2,2,7.431731787173128,1.5682682128268723,0.8257479763525697,0.9746812073187621,14.0,7.0,False,main,True
3975,3,3,8.431731787173128,1.5682682128268723,0.8431731787173128,0.9775585321522705,11.0,6.0,False,main,False
3975,4,4,9.431731787173128,1.5682682128268723,0.8574301624702844,0.9798482225529946,8.0,5.0,False,main,False
3975,5,5,10.431731787173128,1.5682682128268723,0.8693109822644273,0.9817137074337009,6.0,4.0,False,main,False
3975,6,6,11.431731787173128,1.5682682128268723,0.8793639836287022,0.983262929216929,4.0,3.0,False,main,False
3975,7,7,12.431731787173128,1.5682682128268723,0.8879808419409377,0.9845700581073451,2.0,2.0,False,main,False
3975,8,8,13.431731787173128,1.5682682128268723,0.8954487858115419,0.9856877460710796,1.0,1.0,False,main,False
3975,9,9,14.431731787173128,1.5682682128268723,0.9019832366983205,0.9866544048343441,-1.0,-1.0,True,main,False
9874,0,5,5.377094501987891,6.622905498012109,0.4480912084989909,0.6806309065399527,381.0,53.0,False,main,True
9808,0,8,5.672336352397084,9.327663647602916,0.37815575682647223,0.5872683546692001,1577.0,102.0,False,main,True
3544,2,2,7.390417992959119,1.6095820070408813,0.8211575547732354,0.9728859556505741,14.0,7.0,False,main,True
3544,3,3,8.390417992959119,1.6095820070408813,0.8390417992959118,0.9759726653269937,11.0,6.0,False,main,False
3544,4,4,9.390417992959119,1.6095820070408813,0.8536743629962835,0.9784279515909708,9.0,5.0,False,main,False
3544,5,5,10.390417992959119,1.6095820070408813,0.8658681660799266,0.9804276905049422,6.0,4.0,False,main,False
3544,6,6,11.390417992959119,1.6095820070408813,0.8761859994583937,0.9820879592915125,4.0,3.0,False,main,False
3544,7,7,12.390417992959119,1.6095820070408813,0.885029856639937,0.9834884703149656,3.0,2.0,False,main,False
3544,8,8,13.390417992959119,1.6095820070408813,0.8926945328639413,0.9846857822145336,1.0,1.0,False,main,False
3544,9,9,14.390417992959119,1.6095820070408813,0.8994011245599449,0.9857211400008171,-1.0,-1.0,True,main,False
3085,2,2,7.653139374119962,1.3468606258800377,0.8503488193466624,0.9834010002628374,12.0,7.0,False,main,True
3085,3,3,8.653139374119963,1.3468606258800377,0.8653139374119962,0.9852694719533439,10.0,6.0,False,main,False
3085,4,4,9.653139374119963,1.3468606258800377,0.8775581249199966,0.9867597182829237,8.0,5.0,False,main,False
3085,5,5,10.653139374119963,1.3468606258800377,0.8877616145099969,0.9879760581477746,6.0,4.0,False,main,False
3085,6,6,11.653139374119963,1.3468606258800377,0.8963953364707664,0.9889876686516353,4.0,3.0,False,main,False
3085,7,7,12.653139374119963,1.3468606258800377,0.9037956695799974,0.9898422362789633,2.0,2.0,False,main,False
3085,8,8,13.653139374119963,1.3468606258800377,0.9102092916079976,0.9905737022332132,1.0,1.0,False,main,False
3085,9,9,14.653139374119963,1.3468606258800377,0.9158212108824977,0.9912068827468281,-1.0,-1.0,True,main,False
706,2,2,7.369279250663598,1.630720749336402,0.8188088056292887,0.9719480523592752,14.0,7.0,False,main,True
706,3,3,8.369279250663599,1.630720749336402,0.8369279250663599,0.9751443650279141,11.0,6.0,False,main,False
706,4,4,9.369279250663599,1.630720749336402,0.8517526591512362,0.9776862911392374,9.0,5.0,False,main,False
706,5,5,10.369279250663599,1.630720749336402,0.8641066042219666,0.979756245248992,6.0,4.0,False,main,False
706,6,6,11.369279250663599,1.630720749336402,0.8745599423587384,0.9814745741461359,4.0,3.0,False,main,False
706,7,7,12.369279250663599,1.630720749336402,0.8835199464759713,0.9829238970313199,3.0,2.0,False,main,False
706,8,8,13.369279250663599,1.630720749336402,0.8912852833775733,0.9841628204395186,1.0,1.0,False,main,False
706,9,9,14.369279250663599,1.630720749336402,0.8980799531664749,0.9852340739176699,-1.0,-1.0,True,main,False
894,2,2,7.265707805194915,1.7342921948050851,0.8073008672438795,0.967169325360688,15.0,8.0,False,main,True
894,3,3,8.265707805194914,1.7342921948050851,0.8265707805194914,0.9709262665288338,12.0,6.0,False,main,False
894,4,4,9.265707805194914,1.7342921948050851,0.8423370731995377,0.9739109310382952,9.0,5.0,False,main,False
894,5,5,10.265707805194914,1.7342921948050851,0.8554756504329095,0.9763394174740818,7.0,4.0,False,main,False
894,6,6,11.265707805194914,1.7342921948050851,0.8665929080919165,0.9783540297108608,5.0,3.0,False,main,False
894,7,7,12.265707805194914,1.7342921948050851,0.876121986085351,0.980052315288624,3.0,2.0,False,main,False
894,8,8,13.265707805194914,1.7342921948050851,0.8843805203463276,0.9815033860930473,1.0,1.0,False,main,False
894,9,9,14.265707805194914,1.7342921948050851,0.8916067378246821,0.9827575799864186,-1.0,-1.0,True,main,False
3354,2,2,7.625306423833649,1.3746935761663512,0.8472562693148499,0.9823922946028294,12.0,7.0,False,main,True
3354,3,3,8.62530642383365,1.3746935761663512,0.862530642383365,0.9843767317347176,10.0,6.0,False,main,False
3354,4,4,9.62530642383365,1.3746935761663512,0.8750278567121499,0.9859590142402138,8.0,5.0,False,main,False
3354,5,5,10.62530642383365,1.3746935761663512,0.8854422019861374,0.9872501782800688,6.0,4.0,False,main,False
3354,6,6,11.62530642383365,1.3746935761663512,0.8942543402948961,0.9883238182473825,4.0,3.0,False,main,False
3354,7,7,12.62530642383365,1.3746935761663512,0.9018076017024035,0.989230645009701,2.0,2.0,False,main,False
3354,8,8,13.62530642383365,1.3746935761663512,0.9083537615889099,0.9900067403101119,1.0,1.0,False,main,False
3354,9,9,14.62530642383365,1.3746935761663512,0.9140816514896031,0.9906784780395651,-1.0,-1.0,True,main,False
7747,0,5,5.615329844649508,6.384670155350492,0.4679441537207923,0.6993500812755422,290.0,48.0,False,main,True
3362,2,2,7.841367554763028,1.1586324452369714,0.8712630616403365,0.9895060676707931,11.0,7.0,False,main,False
3362,3,3,8.841367554763028,1.1586324452369714,0.8841367554763029,0.9906773883844006,9.0,6.0,False,main,False
3362,4,4,9.841367554763028,1.1586324452369714,0.8946697777057299,0.9916134479487869,7.0,5.0,False,main,False
3362,5,5,10.841367554763028,1.1586324452369714,0.9034472962302523,0.9923786643254391,5.0,4.0,False,main,False
3362,6,6,11.841367554763028,1.1586324452369714,0.9108744272894638,0.9930159022099964,4.0,3.0,False,main,False
3362,7,7,12.841367554763028,1.1586324452369714,0.9172405396259306,0.9935547921762521,2.0,2.0,False,main,False
3362,8,8,13.841367554763028,1.1586324452369714,0.9227578369842019,0.9940164724619717,1.0,1.0,False,main,False
3362,9,9,14.841367554763028,1.1586324452369714,0.9275854721726893,0.9944164281845475,-1.0,-1.0,True,main,False
3747,2,2,7.659914260735214,1.3400857392647856,0.8511015845261349,0.9836425493310132,12.0,7.0,False,main,True
3747,3,3,8.659914260735214,1.3400857392647856,0.8659914260735213,0.9854832822288243,10.0,6.0,False,main,False
3747,4,4,9.659914260735214,1.3400857392647856,0.8781740237032012,0.9869515077380548,8.0,5.0,False,main,False
3747,5,5,10.659914260735214,1.3400857392647856,0.8883261883946011,0.9881499411799209,6.0,4.0,False,main,False
3747,6,6,11.659914260735214,1.3400857392647856,0.8969164815950165,0.9891467046511044,4.0,3.0,False,main,False
3747,7,7,12.659914260735214,1.3400857392647856,0.9042795900525152,0.9899887620341187,2.0,2.0,False,main,False
3747,8,8,13.659914260735214,1.3400857392647856,0.9106609507156809,0.9907095429456739,1.0,1.0,False,main,False
3747,9,9,14.659914260735214,1.3400857392647856,0.9162446412959508,0.9913334912436362,-1.0,-1.0,True,main,False
6413,2,2,7.468187334385093,1.531812665614907,0.8297985927094548,0.9762230154611261,14.0,7.0,False,main,True
6413,3,3,8.468187334385092,1.531812665614907,0.8468187334385092,0.9789209524825591,11.0,6.0,False,main,False
6413,4,4,9.468187334385092,1.531812665614907,0.8607443031259175,0.9810686855420209,8.0,5.0,False,main,False
6413,5,5,10.468187334385092,1.531812665614907,0.872348944532091,0.9828190264947586,6.0,4.0,False,main,False
6413,6,6,11.468187334385092,1.531812665614907,0.8821682564911609,0.9842729716321449,4.0,3.0,False,main,False
6413,7,7,12.468187334385092,1.531812665614907,0.8905848095989352,0.98549995481433,2.0,2.0,False,main,False
6413,8,8,13.468187334385092,1.531812665614907,0.8978791556256728,0.9865492870436848,1.0,1.0,False,main,False
6413,9,9,14.468187334385092,1.531812665614907,0.9042617083990683,0.9874569556438657,-1.0,-1.0,True,main,False
8028,0,5,5.690352881463309,6.309647118536691,0.47419607345527576,0.7051637429400772,268.0,47.0,False,main,True
7634,0,6,5.74490670373241,7.25509329626759,0.4419159002871085,0.6660219116977555,424.0,59.0,False,main,True
4713,2,2,7.247758376101347,1.7522416238986533,0.805306486233483,0.9663109930849167,15.0,8.0,False,main,True
4713,3,3,8.247758376101347,1.7522416238986533,0.8247758376101346,0.9701690082617731,12.0,6.0,False,main,False
4713,4,4,9.247758376101347,1.7522416238986533,0.8407053069183043,0.9732334181588246,9.0,5.0,False,main,False
4713,5,5,10.247758376101347,1.7522416238986533,0.8539798646751122,0.9757264355954786,7.0,4.0,False,main,False
4713,6,6,11.247758376101347,1.7522416238986533,0.8652121827770267,0.9777943433919545,5.0,3.0,False,main,False
4713,7,7,12.247758376101347,1.7522416238986533,0.874839884007239,0.9795373907426081,3.0,2.0,False,main,False
4713,8,8,13.247758376101347,1.7522416238986533,0.8831838917400898,0.9810265886925144,1.0,1.0,False,main,False
4713,9,9,14.247758376101347,1.7522416238986533,0.8904848985063342,0.9823136493100352,-1.0,-1.0,True,main,False
4267,2,2,7.366160463810317,1.6338395361896831,0.8184622737567019,0.9718085807050992,14.0,7.0,False,main,True
4267,3,3,8.366160463810317,1.6338395361896831,0.8366160463810317,0.9750212042726296,11.0,6.0,False,main,False
4267,4,4,9.366160463810317,1.6338395361896831,0.8514691330736652,0.977576021540657,9.0,5.0,False,main,False
4267,5,5,10.366160463810317,1.6338395361896831,0.8638467053175264,0.9796564214435098,6.0,4.0,False,main,False
4267,6,6,11.366160463810317,1.6338395361896831,0.8743200356777167,0.9813833868173474,4.0,3.0,False,main,False
4267,7,7,12.366160463810317,1.6338395361896831,0.8832971759864512,0.9828399697863816,3.0,2.0,False,main,False
4267,8,8,13.366160463810317,1.6338395361896831,0.8910773642540212,0.9840850818188713,1.0,1.0,False,main,False
4267,9,9,14.366160463810317,1.6338395361896831,0.8978850289881448,0.9851616734707928,-1.0,-1.0,True,main,False
5452,2,2,7.729285752247401,1.2707142477525988,0.858809528027489,0.9860242690207918,12.0,7.0,False,main,True
5452,3,3,8.729285752247401,1.2707142477525988,0.8729285752247401,0.9875921523185086,9.0,6.0,False,main,False
5452,4,4,9.729285752247401,1.2707142477525988,0.884480522931582,0.9888436469779747,7.0,5.0,False,main,False
5452,5,5,10.729285752247401,1.2707142477525988,0.8941071460206168,0.9898657627700617,6.0,4.0,False,main,False
5452,6,6,11.729285752247401,1.2707142477525988,0.902252750172877,0.9907162785357266,4.0,3.0,False,main,False
5452,7,7,12.729285752247401,1.2707142477525988,0.9092346965891,0.9914350680410545,2.0,2.0,False,main,False
5452,8,8,13.729285752247401,1.2707142477525988,0.9152857168164934,0.9920505379025424,1.0,1.0,False,main,False
5452,9,9,14.729285752247401,1.2707142477525988,0.9205803595154626,0.9925834737872885,-1.0,-1.0,True,main,False
1721,2,2,7.188123593723706,1.811876406276294,0.798680399302634,0.9633974015301686,16.0,8.0,False,main,True
1721,3,3,8.188123593723706,1.811876406276294,0.8188123593723706,0.9675993371559143,12.0,6.0,False,main,True
1721,4,4,9.188123593723706,1.811876406276294,0.8352839630657914,0.9709349287228155,9.0,5.0,False,main,False
1721,5,5,10.188123593723706,1.811876406276294,0.8490102994769755,0.9736472856609333,7.0,4.0,False,main,False
1721,6,6,11.188123593723706,1.811876406276294,0.8606248918249004,0.975896274793792,5.0,3.0,False,main,False
1721,7,7,12.188123593723706,1.811876406276294,0.8705802566945504,0.9777913607241351,3.0,2.0,False,main,False
1721,8,8,13.188123593723706,1.811876406276294,0.8792082395815803,0.9794100280409846,1.0,1.0,False,main,False
1721,9,9,14.188123593723706,1.811876406276294,0.8867577246077316,0.9808086702683972,-1.0,-1.0,True,main,False
328,2,2,7.185850314176348,1.8141496858236512,0.798427812686261,0.9632844794604869,16.0,8.0,False,main,True
328,3,3,8.18585031417635,1.8141496858236512,0.818585031417635,0.9674997697626104,12.0,6.0,False,main,True
328,4,4,9.18585031417635,1.8141496858236512,0.835077301288759,0.9708458864456638,9.0,5.0,False,main,False
328,5,5,10.18585031417635,1.8141496858236512,0.8488208595146958,0.973566753200624,7.0,4.0,False,main,False
328,6,6,11.18585031417635,1.8141496858236512,0.8604500241674115,0.9758227657104142,5.0,3.0,False,main,False
328,7,7,12.18585031417635,1.8141496858236512,0.870417879584025,0.9777237471117542,3.0,2.0,False,main,False
328,8,8,13.18585031417635,1.8141496858236512,0.8790566876117566,0.979347433713431,1.0,1.0,False,main,False
328,9,9,14.18585031417635,1.8141496858236512,0.8866156446360218,0.9807504009916601,-1.0,-1.0,True,main,False
7599,2,2,7.3072899696625235,1.692710030337476,0.8119211077402804,0.9691239307626575,15.0,7.0,False,main,True
7599,3,3,8.307289969662524,1.692710030337476,0.8307289969662524,0.9726511277135171,12.0,6.0,False,main,False
7599,4,4,9.307289969662524,1.692710030337476,0.8461172699693204,0.9754544448922636,9.0,5.0,False,main,False
7599,5,5,10.307289969662524,1.692710030337476,0.8589408308052103,0.9777361296325474,7.0,4.0,False,main,False
7599,6,6,11.307289969662524,1.692710030337476,0.8697915361278864,0.9796294644119831,4.0,3.0,False,main,False
7599,7,7,12.307289969662524,1.692710030337476,0.8790921406901803,0.9812258673415333,3.0,2.0,False,main,False
7599,8,8,13.307289969662524,1.692710030337476,0.8871526646441682,0.9825901392607364,1.0,1.0,False,main,False
7599,9,9,14.307289969662524,1.692710030337476,0.8942056231039077,0.9837694972421952,-1.0,-1.0,True,main,False
10462,0,5,5.472157179084189,6.5278428209158115,0.4560130982570158,0.6881475843985267,340.0,51.0,False,main,True
6067,2,2,7.548326738622834,1.4516732613771657,0.8387029709580927,0.9794684312043443,13.0,7.0,False,main,True
6067,3,3,8.548326738622833,1.4516732613771657,0.8548326738622833,0.9817901403645901,10.0,6.0,False,main,False
6067,4,4,9.548326738622833,1.4516732613771657,0.8680297035111667,0.9836398821819616,8.0,5.0,False,main,False
6067,5,5,10.548326738622833,1.4516732613771657,0.8790272282185695,0.9851483472526995,6.0,4.0,False,main,False
6067,6,6,11.548326738622833,1.4516732613771657,0.8883328260479103,0.9864020363943916,4.0,3.0,False,main,False
6067,7,7,12.548326738622833,1.4516732613771657,0.8963090527587738,0.9874604870285194,2.0,2.0,False,main,False
6067,8,8,13.548326738622833,1.4516732613771657,0.9032217825748555,0.9883660221408709,1.0,1.0,False,main,False
6067,9,9,14.548326738622833,1.4516732613771657,0.9092704211639271,0.9891495537893568,-1.0,-1.0,True,main,False
7720,0,5,5.661054081287147,6.338945918712853,0.4717545067739289,0.7028979410416328,276.0,47.0,False,main,True
6751,2,2,7.505697067915509,1.4943029320844905,0.8339663408795011,0.9777670394297696,13.0,7.0,False,main,True
6751,3,3,8.50569706791551,1.4943029320844905,0.850569706791551,0.9802857473355886,10.0,6.0,False,main,False
6751,4,4,9.50569706791551,1.4943029320844905,0.86415427890141,0.9822915678048398,8.0,5.0,False,main,False
6751,5,5,10.50569706791551,1.4943029320844905,0.8754747556596257,0.9839267493923557,6.0,4.0,False,main,False
6751,6,6,11.50569706791551,1.4943029320844905,0.8850536206088854,0.9852853704675139,4.0,3.0,False,main,False
6751,7,7,12.50569706791551,1.4943029320844905,0.8932640762796792,0.9864321439883339,2.0,2.0,False,main,False
6751,8,8,13.50569706791551,1.4943029320844905,0.9003798045277006,0.9874130486990487,1.0,1.0,False,main,False
6751,9,9,14.50569706791551,1.4943029320844905,0.9066060667447193,0.9882616525159252,-1.0,-1.0,True,main,False
5841,2,2,7.427117621378265,1.5728823786217352,0.8252352912642517,0.9744832114965483,14.0,7.0,False,main,True
5841,3,3,8.427117621378265,1.5728823786217352,0.8427117621378265,0.9773836024769305,11.0,6.0,False,main,False
5841,4,4,9.427117621378265,1.5728823786217352,0.8570106928525696,0.9796915403621076,8.0,5.0,False,main,False
5841,5,5,10.427117621378265,1.5728823786217352,0.8689264684481888,0.9815718223985268,6.0,4.0,False,main,False
5841,6,6,11.427117621378265,1.5728823786217352,0.8790090477983281,0.9831332857315468,4.0,3.0,False,main,False
5841,7,7,12.427117621378265,1.5728823786217352,0.887651258669876,0.9844507103772348,2.0,2.0,False,main,False
5841,8,8,13.427117621378265,1.5728823786217352,0.895141174758551,0.985577178299504,1.0,1.0,False,main,False
5841,9,9,14.427117621378265,1.5728823786217352,0.9016948513361416,0.9865514131622816,-1.0,-1.0,True,main,False
10597,0,5,5.5231562610349565,6.476843738965043,0.46026302175291306,0.692154250990672,321.0,50.0,False,main,True
7095,0,2,5.533015457795956,3.4669845422040444,0.6147794953106618,0.8525882606661397,68.0,20.0,False,main,True
2673,2,2,7.792169496631934,1.207830503368066,0.8657966107368815,0.9880349186681601,11.0,7.0,False,main,False
2673,3,3,8.792169496631935,1.207830503368066,0.8792169496631933,0.9893734437209728,9.0,6.0,False,main,False
2673,4,4,9.792169496631935,1.207830503368066,0.8901972269665394,0.9904425681027452,7.0,5.0,False,main,False
2673,5,5,10.792169496631935,1.207830503368066,0.8993474580526611,0.9913161995058608,5.0,4.0,False,main,False
2673,6,6,11.792169496631935,1.207830503368066,0.9070899612793795,0.9920434727942,4.0,3.0,False,main,False
2673,7,7,12.792169496631935,1.207830503368066,0.9137263926165666,0.9926583279827847,2.0,2.0,False,main,False
2673,8,8,13.792169496631935,1.207830503368066,0.9194779664421289,0.9931849629774557,1.0,1.0,False,main,False
2673,9,9,14.792169496631935,1.207830503368066,0.9245105935394959,0.9936410952760634,-1.0,-1.0,True,main,False
7171,2,2,7.190764252691038,1.8092357473089624,0.7989738058545597,0.9635284032739639,16.0,8.0,False,main,True
7171,3,3,8.190764252691038,1.8092357473089624,0.8190764252691037,0.9677148483863879,12.0,6.0,False,main,True
7171,4,4,9.190764252691038,1.8092357473089624,0.8355240229719125,0.9710382310675052,9.0,5.0,False,main,False
7171,5,5,10.190764252691038,1.8092357473089624,0.8492303543909198,0.9737407165230584,7.0,4.0,False,main,False
7171,6,6,11.190764252691038,1.8092357473089624,0.8608280194377721,0.9759815582639638,5.0,3.0,False,main,False
7171,7,7,12.190764252691038,1.8092357473089624,0.870768875192217,0.9778698050821913,3.0,2.0,False,main,False
7171,8,8,13.190764252691038,1.8092357473089624,0.8793842835127358,0.9794826496211358,1.0,1.0,False,main,False
7171,9,9,14.190764252691038,1.8092357473089624,0.8869227657931898,0.9808762743682578,-1.0,-1.0,True,main,False
222,2,2,7.7443488160248695,1.2556511839751308,0.860483201780541,0.9865189594520597,12.0,7.0,False,main,False
222,3,3,8.74434881602487,1.2556511839751308,0.874434881602487,0.9880303264237651,9.0,6.0,False,main,False
222,4,4,9.74434881602487,1.2556511839751308,0.8858498923658972,0.9892368993820961,7.0,5.0,False,main,False
222,5,5,10.74434881602487,1.2556511839751308,0.8953624013354058,0.9902224508441184,5.0,4.0,False,main,False
222,6,6,11.74434881602487,1.2556511839751308,0.9034114473865285,0.9910426252439819,4.0,3.0,False,main,False
222,7,7,12.74434881602487,1.2556511839751308,0.9103106297160621,0.9917358319037186,2.0,2.0,False,main,False
222,8,8,13.74434881602487,1.2556511839751308,0.9162899210683246,0.9923294391677228,1.0,1.0,False,main,False
222,9,9,14.74434881602487,1.2556511839751308,0.9215218010015543,0.992843476062902,-1.0,-1.0,True,main,False
6561,2,2,7.346008154293843,1.653991845706157,0.8162231282548714,0.970900645348675,14.0,7.0,False,main,True
6561,3,3,8.346008154293843,1.653991845706157,0.8346008154293842,0.9742195270200656,11.0,6.0,False,main,False
6561,4,4,9.346008154293843,1.653991845706157,0.8496371049358039,0.9768583091754879,9.0,5.0,False,main,False
6561,5,5,10.346008154293843,1.653991845706157,0.8621673461911535,0.9790067367617556,6.0,4.0,False,main,False
6561,6,6,11.346008154293843,1.653991845706157,0.8727698580226033,0.9807899403106126,4.0,3.0,False,main,False
6561,7,7,12.346008154293843,1.653991845706157,0.881857725306703,0.9822937943416472,3.0,2.0,False,main,False
6561,8,8,13.346008154293843,1.653991845706157,0.8897338769529228,0.9835791978872704,1.0,1.0,False,main,False
6561,9,9,14.346008154293843,1.653991845706157,0.8966255096433652,0.9846905417982388,-1.0,-1.0,True,main,False
9711,0,5,5.313410807048567,6.686589192951433,0.4427842339207139,0.6755601398565199,412.0,54.0,False,main,True
1677,0,1,5.011170304345503,2.9888296956544966,0.6263962880431879,0.8722102836795329,59.0,17.0,False,main,True
5926,0,1,5.054113711049184,2.945886288950816,0.631764213881148,0.8759024155342107,57.0,17.0,False,main,True
3383,1,1,5.870432506151696,2.1295674938483047,0.733804063268962,0.9382446883297237,25.0,10.0,False,main,True
8110,0,1,5.016685652377797,2.9833143476222035,0.6270857065472246,0.87268662565082,59.0,17.0,False,main,True
8110,0,2,5.016685652377797,3.9833143476222035,0.5574095169308664,0.8085839402069231,105.0,24.0,False,main,False
8110,0,3,5.016685652377797,4.983314347622203,0.5016685652377797,0.7501005324023579,186.0,34.0,False,main,True
8110,0,4,5.016685652377797,5.983314347622203,0.45606233203434515,0.6978861817118853,334.0,46.0,False,main,True
8131,0,1,5.115644394315667,2.884355605684333,0.6394555492894584,0.881125206150705,54.0,16.0,False,main,True
8131,0,2,5.115644394315667,3.884355605684333,0.5684049327017408,0.8173199901222736,96.0,23.0,False,main,False
8131,0,3,5.115644394315667,4.884355605684333,0.5115644394315667,0.7587458404710163,168.0,32.0,False,main,True
8131,0,4,5.115644394315667,5.884355605684333,0.46505858130142425,0.706278577550745,296.0,44.0,False,main,True
3951,0,1,4.870140096835269,3.129859903164731,0.6087675121044086,0.8598170973447953,67.0,18.0,False,main,True
10850,0,1,5.135461100384636,2.864538899615364,0.6419326375480795,0.8827902195741076,53.0,16.0,False,main,True
10850,0,2,5.135461100384636,3.864538899615364,0.5706067889316262,0.8190524057195414,94.0,23.0,False,main,False
10850,0,3,5.135461100384636,4.864538899615364,0.5135461100384636,0.7604643288889721,164.0,32.0,False,main,True
10850,0,4,5.135461100384636,5.864538899615364,0.4668601000349669,0.7079490316614478,289.0,44.0,False,main,True
11777,0,1,4.964683458374642,3.035316541625358,0.6205854322968303,0.8681703294953815,61.0,17.0,False,main,True
2166,0,1,5.101854012066205,2.8981459879337947,0.6377317515082757,0.8799616104209819,55.0,16.0,False,main,True
759,1,1,6.012168106585788,1.9878318934142123,0.7515210133232235,0.9473875539287024,23.0,9.0,False,main,True
11408,0,1,4.992690196450895,3.007309803549105,0.6240862745563619,0.8706096175319142,60.0,17.0,False,main,True
3260,1,1,5.9397449916279665,2.0602550083720335,0.7424681239534958,0.9427848229702251,24.0,9.0,False,main,True
11174,1,1,6.09144043331295,1.9085595666870494,0.7614300541641188,0.9522548454592403,22.0,9.0,False,main,True
11174,2,2,7.09144043331295,1.9085595666870494,0.7879378259236611,0.9584776588523786,17.0,8.0,False,main,False
11174,3,3,8.09144043331295,1.9085595666870494,0.8091440433312951,0.9632631346793045,13.0,6.0,False,main,False
11174,4,4,9.09144043331295,1.9085595666870494,0.8264945848466319,0.967058283650903,10.0,5.0,False,main,False
11174,5,5,10.09144043331295,1.9085595666870494,0.8409533694427459,0.9701419876507399,7.0,4.0,False,main,False
11174,6,6,11.09144043331295,1.9085595666870494,0.8531877256394578,0.9726973161854883,5.0,3.0,False,main,False
11174,7,7,12.09144043331295,1.9085595666870494,0.8636743166652108,0.9748494470833432,3.0,2.0,False,main,False
11174,8,8,13.09144043331295,1.9085595666870494,0.8727626955541967,0.976686887377298,1.0,1.0,False,main,False
11174,9,9,14.09144043331295,1.9085595666870494,0.8807150270820594,0.9782739923440589,-1.0,-1.0,True,main,False
2995,0,1,4.921647821601699,3.0783521783983008,0.6152059777002123,0.8643906246836617,64.0,17.0,False,main,True
1739,1,1,5.952577758926955,2.047422241073045,0.7440722198658694,0.9436110261451309,24.0,9.0,False,main,True
1739,2,2,6.952577758926955,2.047422241073045,0.7725086398807728,0.9510078853920474,18.0,8.0,False,main,True
1739,3,3,7.952577758926955,2.047422241073045,0.7952577758926955,0.9566858215478521,14.0,7.0,False,main,True
1739,4,4,8.952577758926955,2.047422241073045,0.8138707053569959,0.9611825018948189,11.0,5.0,False,main,False
1739,5,5,9.952577758926955,2.047422241073045,0.8293814799105795,0.9648322585149436,8.0,4.0,False,main,False
1739,6,6,10.952577758926955,2.047422241073045,0.8425059814559196,0.967854005090917,5.0,3.0,False,main,False
1739,7,7,11.952577758926955,2.047422241073045,0.8537555542090682,0.9703971290148667,3.0,2.0,False,main,False
1739,8,8,12.952577758926955,2.047422241073045,0.8635051839284636,0.9725670832171129,1.0,1.0,False,main,False
1739,9,9,13.952577758926955,2.047422241073045,0.8720361099329347,0.9744404416757961,-1.0,-1.0,True,main,False
10092,0,1,4.873221754857424,3.1267782451425763,0.609152719357178,0.8600922436605665,67.0,18.0,False,main,True
10092,0,2,4.873221754857424,4.126778245142576,0.541469083873047,0.7956694331213209,122.0,26.0,False,main,False
10092,0,3,4.873221754857424,5.126778245142576,0.48732217548574236,0.73737862210315,219.0,36.0,False,main,True
10092,0,4,4.873221754857424,6.126778245142576,0.4430201595324931,0.6855688491579714,405.0,49.0,False,main,True
6362,1,1,6.1223948291570105,1.8776051708429895,0.7652993536446263,0.9541056456423788,21.0,9.0,False,main,True
6362,2,2,7.1223948291570105,1.8776051708429895,0.7913772032396679,0.9600786066026653,16.0,8.0,False,main,True
6362,3,3,8.12239482915701,1.8776051708429895,0.8122394829157009,0.9646738107677071,13.0,6.0,False,main,False
6362,4,4,9.12239482915701,1.8776051708429895,0.8293086208324554,0.9683191909073828,10.0,5.0,False,main,False
6362,5,5,10.12239482915701,1.8776051708429895,0.8435329024297508,0.9712819217950215,7.0,4.0,False,main,False
6362,6,6,11.12239482915701,1.8776051708429895,0.8555688330120776,0.9737374864771994,5.0,3.0,False,main,False
6362,7,7,12.12239482915701,1.8776051708429895,0.8658853449397864,0.9758059288411026,3.0,2.0,False,main,False
6362,8,8,13.12239482915701,1.8776051708429895,0.8748263219438006,0.9775721567005978,1.0,1.0,False,main,False
6362,9,9,14.12239482915701,1.8776051708429895,0.8826496768223131,0.9790979267982544,-1.0,-1.0,True,main,False
5024,1,1,5.8849012911202205,2.1150987088797795,0.7356126613900276,0.9392031478797449,25.0,10.0,False,main,True
5555,1,1,5.920572501516462,2.0794274984835384,0.7400715626895578,0.9415420284027792,25.0,10.0,False,main,True
5555,2,2,6.920572501516462,2.0794274984835384,0.7689525001684958,0.9492216147903099,19.0,8.0,False,main,True
5555,3,3,7.920572501516462,2.0794274984835384,0.7920572501516462,0.9551140799940305,14.0,7.0,False,main,True
5555,4,4,8.920572501516462,2.0794274984835384,0.8109611365014966,0.9597791664297314,11.0,5.0,False,main,False
5555,5,5,9.920572501516462,2.0794274984835384,0.8267143751263718,0.9635646646020851,8.0,4.0,False,main,False
5555,6,6,10.920572501516462,2.0794274984835384,0.8400440385781894,0.9666981665853115,5.0,3.0,False,main,False
5555,7,7,11.920572501516462,2.0794274984835384,0.851469464394033,0.9693349099434776,3.0,2.0,False,main,False
5555,8,8,12.920572501516462,2.0794274984835384,0.8613715001010974,0.9715844361725244,1.0,1.0,False,main,False
5555,9,9,13.920572501516462,2.0794274984835384,0.8700357813447789,0.9735262635112675,-1.0,-1.0,True,main,False
5282,1,1,6.025130054719175,1.9748699452808252,0.7531412568398969,0.9481957701493002,23.0,9.0,False,main,True
5282,2,2,7.025130054719175,1.9748699452808252,0.7805700060799083,0.954968456898214,17.0,8.0,False,main,True
5282,3,3,8.025130054719174,1.9748699452808252,0.8025130054719174,0.9601722512160343,13.0,7.0,False,main,False
5282,4,4,9.025130054719174,1.9748699452808252,0.820466368610834,0.9642964182822615,10.0,5.0,False,main,False
5282,5,5,10.025130054719174,1.9748699452808252,0.8354275045599312,0.9676457215970684,7.0,4.0,False,main,False
5282,6,6,11.025130054719174,1.9748699452808252,0.8480869272860903,0.9704199790471666,5.0,3.0,False,main,False
5282,7,7,12.025130054719174,1.9748699452808252,0.8589378610513696,0.9727556900238962,3.0,2.0,False,main,False
5282,8,8,13.025130054719174,1.9748699452808252,0.8683420036479449,0.9747492916479377,1.0,1.0,False,main,False
5282,9,9,14.025130054719174,1.9748699452808252,0.8765706284199484,0.9764708603049909,-1.0,-1.0,True,main,False
11329,0,1,4.977819042296009,3.0221809577039913,0.6222273802870011,0.8693164088721275,61.0,17.0,False,main,True
4599,1,1,6.101362122775547,1.898637877224453,0.7626702653469434,0.9528511621252937,22.0,9.0,False,main,True
6550,0,1,4.9165917319103425,3.083408268089658,0.6145739664887928,0.8639440715836961,64.0,17.0,False,main,True
155,1,1,5.986628960519205,2.0133710394807953,0.7483286200649006,0.945781194422135,23.0,9.0,False,main,True
155,2,2,6.986628960519205,2.0133710394807953,0.7762921067243561,0.9528822011809123,18.0,8.0,False,main,True
155,3,3,7.986628960519205,2.0133710394807953,0.7986628960519205,0.9583354896669358,14.0,7.0,False,main,True
155,4,4,8.986628960519205,2.0133710394807953,0.8169662691381095,0.9626557275031764,10.0,5.0,False,main,False
155,5,5,9.986628960519205,2.0133710394807953,0.8322190800432671,0.9661632067017514,8.0,4.0,False,main,False
155,6,6,10.986628960519205,2.0133710394807953,0.8451253046553234,0.9690677787102694,5.0,3.0,False,main,False
155,7,7,11.986628960519205,2.0133710394807953,0.8561877828942289,0.9715127173627278,3.0,2.0,False,main,False
155,8,8,12.986628960519205,2.0133710394807953,0.8657752640346137,0.9735992003440332,1.0,1.0,False,main,False
155,9,9,13.986628960519205,2.0133710394807953,0.8741643100324503,0.9754007213986594,-1.0,-1.0,True,main,False
195,0,1,4.963422006726952,3.036577993273048,0.620427750840869,0.8680600807379536,62.0,17.0,False,main,True
1726,1,1,5.9762684205298875,2.023731579470113,0.7470335525662359,0.94512431096615,24.0,9.0,False,main,True
5015,1,1,5.910425011505378,2.089574988494622,0.7388031264381723,0.9408801890657168,25.0,10.0,False,main,True
10506,1,1,5.848436229211304,2.1515637707886968,0.731054528651413,0.9367768816903169,26.0,10.0,False,main,True
10506,2,2,6.848436229211304,2.1515637707886968,0.760937358801256,0.945110062397883,19.0,8.0,False,main,False
10506,3,3,7.848436229211304,2.1515637707886968,0.7848436229211304,0.9514979043494536,15.0,7.0,False,main,False
10506,4,4,8.848436229211304,2.1515637707886968,0.804403293564664,0.9565515364619713,11.0,5.0,False,main,False
10506,5,5,9.848436229211304,2.1515637707886968,0.820703019100942,0.9606500134653655,8.0,4.0,False,main,False
10506,6,6,10.848436229211304,2.1515637707886968,0.8344950945547157,0.964041056346291,5.0,3.0,False,main,False
10506,7,7,11.848436229211304,2.1515637707886968,0.8463168735150931,0.9668934553363228,3.0,2.0,False,main,False
10506,8,8,12.848436229211304,2.1515637707886968,0.8565624152807536,0.9693262144341376,1.0,1.0,False,main,False
10506,9,9,13.848436229211304,2.1515637707886968,0.8655272643257065,0.9714256606069063,-1.0,-1.0,True,main,False
9285,1,1,5.891559818697155,2.1084401813028446,0.7364449773371444,0.9396423426653128,25.0,10.0,False,main,True
5355,0,1,5.044477364004987,2.9555226359950137,0.6305596705006233,0.875077264196302,57.0,17.0,False,main,True
10169,1,1,6.006150712585547,1.9938492874144533,0.7507688390731934,0.9470107303094063,23.0,9.0,False,main,True
10169,2,2,7.006150712585547,1.9938492874144533,0.778461190287283,0.9539444390818848,18.0,8.0,False,main,False
10169,3,3,8.006150712585548,1.9938492874144533,0.8006150712585547,0.9592706214583516,14.0,7.0,False,main,False
10169,4,4,9.006150712585548,1.9938492874144533,0.8187409738714133,0.963490985028257,10.0,5.0,False,main,False
10169,5,5,10.006150712585548,1.9938492874144533,0.8338458927154622,0.9669179022010802,8.0,4.0,False,main,False
10169,6,6,11.006150712585548,1.9938492874144533,0.8466269778911959,0.9697561086715164,5.0,3.0,False,main,False
10169,7,7,12.006150712585548,1.9938492874144533,0.8575821937561104,0.972145424970819,3.0,2.0,False,main,False
10169,8,8,13.006150712585548,1.9938492874144533,0.8670767141723698,0.9741846126782533,1.0,1.0,False,main,False
10169,9,9,14.006150712585548,1.9938492874144533,0.8753844195365967,0.9759454240738594,-1.0,-1.0,True,main,False
5368,0,1,5.043215637524293,2.956784362475707,0.6304019546905366,0.87496907992898,57.0,17.0,False,main,True
2497,1,1,6.11953632755672,1.8804636724432808,0.76494204094459,0.9539359238854905,21.0,9.0,False,main,True
2497,2,2,7.11953632755672,1.8804636724432808,0.7910595919507466,0.9599317737513647,17.0,8.0,False,main,True
2497,3,3,8.11953632755672,1.8804636724432808,0.811953632755672,0.9645444137953018,13.0,6.0,False,main,False
2497,4,4,9.11953632755672,1.8804636724432808,0.8290487570506109,0.9682035213113636,10.0,5.0,False,main,False
2497,5,5,10.11953632755672,1.8804636724432808,0.84329469396306,0.9711773421593107,7.0,4.0,False,main,False
2497,6,6,11.11953632755672,1.8804636724432808,0.8553489482735939,0.9736420537521122,5.0,3.0,False,main,False
2497,7,7,12.11953632755672,1.8804636724432808,0.8656811662540514,0.9757181700203277,3.0,2.0,False,main,False
2497,8,8,13.11953632755672,1.8804636724432808,0.874635755170448,0.9774909283924391,1.0,1.0,False,main,False
2497,9,9,14.11953632755672,1.8804636724432808,0.882471020472295,0.9790223236336366,-1.0,-1.0,True,main,False
10445,0,1,5.136435310550517,2.8635646894494826,0.6420544138188147,0.8828718579104954,53.0,16.0,False,main,True
10445,0,2,5.136435310550517,3.8635646894494826,0.570715034505613,0.8191374263364464,94.0,23.0,False,main,False
10445,0,3,5.136435310550517,4.863564689449483,0.5136435310550518,0.7605487018226705,164.0,32.0,False,main,True
10445,0,4,5.136435310550517,5.863564689449483,0.4669486645955016,0.708031065844213,288.0,44.0,False,main,True
8925,0,1,4.920353444928654,3.0796465550713457,0.6150441806160818,0.8642763552646605,64.0,17.0,False,main,True
8102,1,1,5.8753635629209295,2.1246364370790705,0.7344204453651162,0.9385719673809995,25.0,10.0,False,main,True
8102,2,2,6.8753635629209295,2.1246364370790705,0.7639292847689921,0.9466585351587827,19.0,8.0,False,main,False
8102,3,3,7.8753635629209295,2.1246364370790705,0.787536356292093,0.9528595537140149,15.0,7.0,False,main,False
8102,4,4,8.87536356292093,2.1246364370790705,0.8068512329928118,0.957766705158218,11.0,5.0,False,main,False
8102,5,5,9.87536356292093,2.1246364370790705,0.8229469635767441,0.96174722300027,8.0,4.0,False,main,False
8102,6,6,10.87536356292093,2.1246364370790705,0.8365664279169945,0.9650412224195932,5.0,3.0,False,main,False
8102,7,7,11.87536356292093,2.1246364370790705,0.8482402544943521,0.9678123753708616,3.0,2.0,False,main,False
8102,8,8,12.87536356292093,2.1246364370790705,0.8583575708613953,0.9701761137514068,1.0,1.0,False,main,False
8102,9,9,13.87536356292093,2.1246364370790705,0.8672102226825581,0.972216195107804,-1.0,-1.0,True,main,False
9419,1,1,6.103660965834836,1.8963390341651645,0.7629576207293545,0.9529889135816912,22.0,9.0,False,main,True
11713,0,1,5.109435209721249,2.8905647902787512,0.6386794012151561,0.8806017903074255,54.0,16.0,False,main,True
7548,0,1,5.00406491815429,2.9959350818457096,0.6255081147692862,0.8715956842340797,59.0,17.0,False,main,True
11419,0,1,4.916032016264173,3.0839679837358274,0.6145040020330216,0.8638946054786056,64.0,17.0,False,main,True
10345,1,1,6.007692523259787,1.992307476740213,0.7509615654074734,0.947107379883314,23.0,9.0,False,main,True
10345,2,2,7.007692523259787,1.992307476740213,0.7786325025844207,0.9540279478426774,18.0,8.0,False,main,False
10345,3,3,8.007692523259788,1.992307476740213,0.8007692523259788,0.9593441441263295,14.0,7.0,False,main,False
10345,4,4,9.007692523259788,1.992307476740213,0.8188811384781626,0.9635566597553349,10.0,5.0,False,main,False
10345,5,5,10.007692523259788,1.992307476740213,0.8339743769383157,0.9669772456839428,8.0,4.0,False,main,False
10345,6,6,11.007692523259788,1.992307476740213,0.8467455787122914,0.969810236047881,5.0,3.0,False,main,False
10345,7,7,12.007692523259788,1.992307476740213,0.8576923230899849,0.9721951802475687,3.0,2.0,False,main,False
10345,8,8,13.007692523259788,1.992307476740213,0.8671795015506525,0.9742306501286593,1.0,1.0,False,main,False
10345,9,9,14.007692523259788,1.992307476740213,0.8754807827037367,0.9759882611944967,-1.0,-1.0,True,main,False
6431,1,1,6.0253781861922295,1.97462181380777,0.7531722732740287,0.9482111952283501,23.0,9.0,False,main,True
9790,1,1,5.90824101264675,2.0917589873532507,0.7385301265808437,0.9407373783360673,25.0,10.0,False,main,True
9790,2,2,6.90824101264675,2.0917589873532507,0.7675823347385278,0.9485270939507856,19.0,8.0,False,main,False
9790,3,3,7.90824101264675,2.0917589873532507,0.790824101264675,0.9545030836325796,14.0,7.0,False,main,False
9790,4,4,8.90824101264675,2.0917589873532507,0.8098400920587955,0.9592337137833876,11.0,5.0,False,main,False
9790,5,5,9.90824101264675,2.0917589873532507,0.8256867510538958,0.9630720280991283,8.0,4.0,False,main,False
9790,6,6,10.90824101264675,2.0917589873532507,0.8390954625112884,0.9662490038572881,5.0,3.0,False,main,False
9790,7,7,11.90824101264675,2.0917589873532507,0.8505886437604822,0.9689221594500566,3.0,2.0,False,main,False
9790,8,8,12.90824101264675,2.0917589873532507,0.8605494008431166,0.9712026297446316,1.0,1.0,False,main,False
9790,9,9,13.90824101264675,2.0917589873532507,0.8692650632904219,0.9731710800137566,-1.0,-1.0,True,main,False
11521,0,1,5.111124532971738,2.8888754670282624,0.6388905666214673,0.880744276178055,54.0,16.0,False,main,True
5256,0,1,5.06472550791312,2.9352744920868803,0.63309068848914,0.8768088431934541,56.0,17.0,False,main,True
8798,1,1,5.880555494185494,2.119444505814507,0.7350694367731867,0.9389158575826627,25.0,10.0,False,main,True
2914,0,1,5.00632193541607,2.9936780645839303,0.6257902419270087,0.8717910245624714,59.0,17.0,False,main,True
3529,0,1,4.874563764627673,3.125436235372326,0.6093204705784592,0.8602120050368349,67.0,18.0,False,main,True
6602,1,1,6.02240047418592,1.9775995258140795,0.75280005927324,0.9480259700523098,23.0,9.0,False,main,True
6602,2,2,7.02240047418592,1.9775995258140795,0.7802667193539912,0.9548217156615433,17.0,8.0,False,main,False
6602,3,3,8.02240047418592,1.9775995258140795,0.802240047418592,0.9600430393671211,13.0,7.0,False,main,False
6602,4,4,9.02240047418592,1.9775995258140795,0.8202182249259927,0.9641809862416961,10.0,5.0,False,main,False
6602,5,5,10.02240047418592,1.9775995258140795,0.8352000395154934,0.9675414085828632,7.0,4.0,False,main,False
6602,6,6,11.02240047418592,1.9775995258140795,0.8478769595527631,0.9703248281576096,5.0,3.0,False,main,False
6602,7,7,12.02240047418592,1.9775995258140795,0.85874289101328,0.9726682197963088,3.0,2.0,False,main,False
6602,8,8,13.02240047418592,1.9775995258140795,0.8681600316123946,0.9746683534280214,1.0,1.0,False,main,False
6602,9,9,14.02240047418592,1.9775995258140795,0.87640002963662,0.9763955454169614,-1.0,-1.0,True,main,False
2632,1,1,5.93755369553321,2.06244630446679,0.7421942119416512,0.9426432891485169,24.0,9.0,False,main,True
448,1,1,6.006617160240747,1.9933828397592526,0.7508271450300934,0.9470399770310921,23.0,9.0,False,main,True
1887,0,1,4.960118826739586,3.0398811732604143,0.6200148533424482,0.8677712331540843,62.0,17.0,False,main,True
9139,0,1,4.967656976099493,3.032343023900508,0.6209571220124366,0.8684300802796805,61.0,17.0,False,main,True
623,0,1,4.95105531181435,3.0489446881856503,0.6188819139767937,0.8669775185651225,62.0,17.0,False,main,True
4697,1,1,6.080455845497629,1.9195441545023715,0.7600569806872036,0.9515912710251305,22.0,9.0,False,main,True
6174,0,1,5.0519481801347705,2.94805181986523,0.6314935225168463,0.8757171524641343,57.0,17.0,False,main,True
6516,0,1,5.145380710604089,2.854619289395911,0.6431725888255111,0.883620532025787,53.0,16.0,False,main,True
7934,0,1,5.092759513731897,2.907240486268103,0.6365949392164871,0.8791920388966645,55.0,16.0,False,main,True
7934,0,2,5.092759513731897,3.907240486268103,0.565862168192433,0.8153122769054069,98.0,24.0,False,main,False
7934,0,3,5.092759513731897,4.907240486268103,0.5092759513731897,0.7567559870536338,172.0,33.0,False,main,True
7934,0,4,5.092759513731897,5.907240486268103,0.46297813761199064,0.7043452856526919,304.0,44.0,False,main,True
7934,0,5,5.092759513731897,6.907240486268103,0.4243966261443248,0.6577703406588922,558.0,60.0,False,main,True
11554,0,1,4.916876890210691,3.0831231097893084,0.6146096112763364,0.8639692706177919,64.0,17.0,False,main,True
5941,0,1,5.1096409840523656,2.8903590159476344,0.6387051230065457,0.8806191495656911,54.0,16.0,False,main,True
3052,0,1,4.838119760984927,3.1618802390150726,0.6047649701231159,0.856946785737671,69.0,18.0,False,main,True
1590,0,1,5.03070092966875,2.9692990703312496,0.6288376162085938,0.873894230368422,58.0,17.0,False,main,True
1924,0,1,4.965518195992393,3.0344818040076067,0.6206897744990492,0.8682432661464204,61.0,17.0,False,main,True
651,0,1,4.910906481523237,3.089093518476763,0.6138633101904046,0.8634413276194358,65.0,17.0,False,main,True
2611,0,1,4.861672703701485,3.1383272962985154,0.6077090879626856,0.8590600942882609,68.0,18.0,False,main,True
10704,0,1,5.021224448990923,2.9787755510090768,0.6276530561238653,0.8730781517646091,59.0,17.0,False,main,True
10704,0,2,5.021224448990923,3.9787755510090768,0.5579138276656581,0.8089877093902815,105.0,24.0,False,main,False
10704,0,3,5.021224448990923,4.978775551009077,0.5021224448990923,0.7504993761687352,185.0,34.0,False,main,True
10704,0,4,5.021224448990923,5.978775551009077,0.4564749499082657,0.6982729536896419,332.0,46.0,False,main,True
10704,0,5,5.021224448990923,6.978775551009077,0.4184353707492436,0.6519287226887737,621.0,62.0,False,main,True
2248,0,1,4.867548929360906,3.132451070639094,0.6084436161701132,0.8595855956148911,67.0,18.0,False,main,True
10363,1,1,5.897827087551252,2.102172912448748,0.7372283859439065,0.940054638963927,25.0,10.0,False,main,True
10363,2,2,6.897827087551252,2.102172912448748,0.7664252319501391,0.9479378745082774,19.0,8.0,False,main,False
10363,3,3,7.897827087551252,2.102172912448748,0.7897827087551252,0.953984774346371,14.0,7.0,False,main,False
10363,4,4,8.897827087551253,2.102172912448748,0.8088933715955684,0.9587710392583456,11.0,5.0,False,main,False
10363,5,5,9.897827087551253,2.102172912448748,0.8248189239626044,0.9626541785882395,8.0,4.0,False,main,False
10363,6,6,10.897827087551253,2.102172912448748,0.8382943913500964,0.9658680463481615,5.0,3.0,False,main,False
10363,7,7,11.897827087551253,2.102172912448748,0.8498447919679466,0.968572098661005,3.0,2.0,False,main,False
10363,8,8,12.897827087551253,2.102172912448748,0.8598551391700835,0.9708788237941036,1.0,1.0,False,main,False
10363,9,9,13.897827087551253,2.102172912448748,0.8686141929719533,0.9728698611354869,-1.0,-1.0,True,main,False
1469,1,1,5.951811679579076,2.048188320420924,0.7439764599473845,0.9435618316749774,24.0,9.0,False,main,True
1469,2,2,6.951811679579076,2.048188320420924,0.7724235199532307,0.9509654057862202,18.0,8.0,False,main,True
1469,3,3,7.951811679579076,2.048188320420924,0.7951811679579076,0.9566484387966785,14.0,7.0,False,main,False
1469,4,4,8.951811679579077,2.048188320420924,0.8138010617799161,0.961149121197922,11.0,5.0,False,main,False
1469,5,5,9.951811679579077,2.048188320420924,0.829317639964923,0.9648021042488133,8.0,4.0,False,main,False
1469,6,6,10.951811679579077,2.048188320420924,0.8424470522753136,0.9678265075416882,5.0,3.0,False,main,False
1469,7,7,11.951811679579077,2.048188320420924,0.8537008342556484,0.9703718573240198,3.0,2.0,False,main,False
1469,8,8,12.951811679579077,2.048188320420924,0.8634541119719384,0.9725437035973878,1.0,1.0,False,main,False
1469,9,9,13.951811679579077,2.048188320420924,0.8719882299736923,0.974418690259567,-1.0,-1.0,True,main,False
5248,0,1,5.064739947650767,2.9352600523492334,0.6330924934563459,0.8768100749829574,56.0,17.0,False,main,True
9182,1,1,6.024713283404771,1.975286716595229,0.7530891604255964,0.9481698576319508,23.0,9.0,False,main,True
8520,1,1,6.016793320259026,1.9832066797409733,0.7520991650323783,0.9476764980236638,23.0,9.0,False,main,True
8520,2,2,7.016793320259026,1.9832066797409733,0.7796437022510029,0.9545197160802359,18.0,8.0,False,main,False
8520,3,3,8.016793320259026,1.9832066797409733,0.8016793320259026,0.9597771252306363,14.0,7.0,False,main,False
8520,4,4,9.016793320259026,1.9832066797409733,0.8197084836599114,0.9639434369049752,10.0,5.0,False,main,False
8520,5,5,10.016793320259026,1.9832066797409733,0.8347327766882522,0.9673267458301748,7.0,4.0,False,main,False
8520,6,6,11.016793320259026,1.9832066797409733,0.8474456400199251,0.9701290232724784,5.0,3.0,False,main,False
8520,7,7,12.016793320259026,1.9832066797409733,0.8583423800185018,0.9724882230401094,3.0,2.0,False,main,False
8520,8,8,13.016793320259026,1.9832066797409733,0.8677862213506018,0.9745018002964715,1.0,1.0,False,main,False
8520,9,9,14.016793320259026,1.9832066797409733,0.8760495825161891,0.9762405654774411,-1.0,-1.0,True,main,False
2578,1,1,5.835935002473587,2.164064997526413,0.7294918753091983,0.9359369612702308,26.0,10.0,False,main,True
9528,0,1,5.128931682509465,2.8710683174905354,0.6411164603136831,0.8822425358180703,53.0,16.0,False,main,True
9528,0,2,5.128931682509465,3.8710683174905354,0.5698812980566071,0.8184822195978495,95.0,23.0,False,main,False
9528,0,3,5.128931682509465,4.871068317490535,0.5128931682509464,0.7598985733225548,165.0,32.0,False,main,True
9528,0,4,5.128931682509465,5.871068317490535,0.4662665165917695,0.70739900591104,291.0,44.0,False,main,True
10590,0,1,4.987640899190229,3.012359100809771,0.6234551123987786,0.8701710388377046,60.0,17.0,False,main,True
10590,0,2,4.987640899190229,4.012359100809771,0.5541823221322476,0.8059931318731377,108.0,24.0,False,main,False
10590,0,3,4.987640899190229,5.012359100809771,0.4987640899190229,0.7475429578839804,192.0,34.0,False,main,True
10590,0,4,4.987640899190229,6.012359100809771,0.45342189992638443,0.6954069219515291,347.0,46.0,False,main,True
10590,0,5,4.987640899190229,7.012359100809771,0.41563674159918573,0.6491736139586094,654.0,62.0,False,main,True
5625,1,1,6.120991488132015,1.8790085118679847,0.7651239360165019,0.9540223535764544,21.0,9.0,False,main,True
5625,2,2,7.120991488132015,1.8790085118679847,0.7912212764591128,0.9600065468341209,16.0,8.0,False,main,True
5625,3,3,8.120991488132015,1.8790085118679847,0.8120991488132014,0.9646103074572278,13.0,6.0,False,main,False
5625,4,4,9.120991488132015,1.8790085118679847,0.8291810443756377,0.9682624242269406,10.0,5.0,False,main,False
5625,5,5,10.120991488132015,1.8790085118679847,0.8434159573443346,0.9712305974965846,7.0,4.0,False,main,False
5625,6,6,11.120991488132015,1.8790085118679847,0.8554608837024626,0.9736906510440179,5.0,3.0,False,main,False
5625,7,7,12.120991488132015,1.8790085118679847,0.8657851062951439,0.9757628594143314,3.0,2.0,False,main,False
5625,8,8,13.120991488132015,1.8790085118679847,0.8747327658754677,0.9775322921707629,1.0,1.0,False,main,False
5625,9,9,14.120991488132015,1.8790085118679847,0.8825619680082509,0.9790608228602548,-1.0,-1.0,True,main,False
9795,0,1,4.907310752595097,3.092689247404903,0.6134138440743871,0.8631230185910475,65.0,17.0,False,main,True
9795,0,2,4.907310752595097,4.092689247404903,0.5452567502883441,0.798764732326394,117.0,25.0,False,main,False
9795,0,3,4.907310752595097,5.092689247404903,0.4907310752595097,0.7404217479004199,211.0,35.0,False,main,True
9795,0,4,4.907310752595097,6.092689247404903,0.446119159326827,0.6885118304445963,386.0,48.0,False,main,True
9795,0,5,4.907310752595097,7.092689247404903,0.4089425627162581,0.6425505590488191,746.0,65.0,False,main,True
2163,1,1,6.014163654949726,1.9858363450502738,0.7517704568687158,0.9475122933379195,23.0,9.0,False,main,True
1930,1,1,6.002203022712543,1.9977969772874573,0.7502753778390678,0.9467629600005845,23.0,9.0,False,main,True
1930,2,2,7.002203022712543,1.9977969772874573,0.7780225580791714,0.9537303630947102,18.0,8.0,False,main,True
1930,3,3,8.002203022712543,1.9977969772874573,0.8002203022712543,0.9590821492863286,14.0,7.0,False,main,True
1930,4,4,9.002203022712543,1.9977969772874573,0.8183820929738675,0.9633226336834604,10.0,5.0,False,main,False
1930,5,5,10.002203022712543,1.9977969772874573,0.8335169185593786,0.9667657825730349,8.0,4.0,False,main,False
1930,6,6,11.002203022712543,1.9977969772874573,0.8463233094394264,0.9696173614660242,5.0,3.0,False,main,False
1930,7,7,12.002203022712543,1.9977969772874573,0.8573002159080387,0.9720178861775643,3.0,2.0,False,main,False
1930,8,8,13.002203022712543,1.9977969772874573,0.8668135348475029,0.9740666048124711,1.0,1.0,False,main,False
1930,9,9,14.002203022712543,1.9977969772874573,0.8751376889195339,0.9758356203667207,-1.0,-1.0,True,main,False
9463,0,1,4.890536491388118,3.1094635086118823,0.6113170614235147,0.8616346098304528,66.0,18.0,False,main,True
9463,0,2,4.890536491388118,4.109463508611882,0.5433929434875686,0.7972436904085585,119.0,25.0,False,main,True
9463,0,3,4.890536491388118,5.109463508611882,0.4890536491388118,0.7389258858030345,215.0,35.0,False,main,True
4905,0,1,4.898093198388991,3.101906801611009,0.6122616497986239,0.8623058383508065,65.0,17.0,False,main,True
7251,0,1,5.0632090357860235,2.936790964213976,0.6329011294732529,0.876679455367691,56.0,17.0,False,main,True
4518,0,1,4.85805708141924,3.1419429185807606,0.607257135177405,0.8587364077558055,68.0,18.0,False,main,True
783,1,1,5.962772361332934,2.037227638667066,0.7453465451666168,0.9442641355845776,24.0,9.0,False,main,True
783,2,2,6.962772361332934,2.037227638667066,0.7736413734814371,0.9515718826995235,18.0,8.0,False,main,True
783,3,3,7.962772361332934,2.037227638667066,0.7962772361332935,0.9571821711748968,14.0,7.0,False,main,True
783,4,4,8.962772361332934,2.037227638667066,0.8147974873939031,0.9616257298537789,11.0,5.0,False,main,False
783,5,5,9.962772361332934,2.037227638667066,0.8302310301110779,0.965232657215999,8.0,4.0,False,main,False
783,6,6,10.962772361332934,2.037227638667066,0.843290181640995,0.9682191352939716,5.0,3.0,False,main,False
783,7,7,11.962772361332934,2.037227638667066,0.8544837400952096,0.970732709157569,3.0,2.0,False,main,False
783,8,8,12.962772361332934,2.037227638667066,0.8641848240888623,0.972877543672834,1.0,1.0,False,main,False
783,9,9,13.962772361332934,2.037227638667066,0.8726732725833084,0.9747292849587783,-1.0,-1.0,True,main,False
907,1,1,6.082855145657045,1.917144854342955,0.7603568932071306,0.9517365136325286,22.0,9.0,False,main,True
6801,1,1,5.904115069454184,2.0958849305458167,0.738014383681773,0.9404672317055245,25.0,10.0,False,main,True
6801,2,2,6.904115069454184,2.0958849305458167,0.7671238966060204,0.9482939429873046,19.0,8.0,False,main,True
6801,3,3,7.904115069454184,2.0958849305458167,0.7904115069454184,0.9542979860207513,14.0,7.0,False,main,True
6801,4,4,8.904115069454184,2.0958849305458167,0.8094650063140167,0.9590506274141883,11.0,5.0,False,main,False
6801,5,5,9.904115069454184,2.0958849305458167,0.8253429224545153,0.9629066769171624,8.0,4.0,False,main,False
6801,6,6,10.904115069454184,2.0958849305458167,0.8387780822657065,0.9660982495909012,5.0,3.0,False,main,False
6801,7,7,11.904115069454184,2.0958849305458167,0.8502939335324416,0.968783630279636,3.0,2.0,False,main,False
6801,8,8,12.904115069454184,2.0958849305458167,0.8602743379636123,0.9710744892071671,1.0,1.0,False,main,False
6801,9,9,13.904115069454184,2.0958849305458167,0.8690071918408865,0.9730518769898099,-1.0,-1.0,True,main,False
6768,0,1,5.09440300002646,2.9055969999735396,0.6368003750033076,0.8793312391824286,55.0,16.0,False,main,True
707,1,1,5.895659303804178,2.1043406961958224,0.7369574129755222,0.9399121497976103,25.0,10.0,False,main,True
8435,1,1,5.92113181808613,2.0788681819138697,0.7401414772607663,0.9415784266035581,25.0,10.0,False,main,True
8435,2,2,6.92113181808613,2.0788681819138697,0.7690146464540145,0.9492530336158456,19.0,8.0,False,main,False
8435,3,3,7.92113181808613,2.0788681819138697,0.792113181808613,0.9551417218228561,14.0,7.0,False,main,False
8435,4,4,8.921131818086131,2.0788681819138697,0.8110119834623756,0.9598038440486878,11.0,5.0,False,main,False
8435,5,5,9.921131818086131,2.0788681819138697,0.826760984840511,0.9635869534231599,8.0,4.0,False,main,False
8435,6,6,10.921131818086131,2.0788681819138697,0.8400870629297024,0.9667184890248346,5.0,3.0,False,main,False
8435,7,7,11.921131818086131,2.0788681819138697,0.8515094155775808,0.969353585319449,3.0,2.0,False,main,False
8435,8,8,12.921131818086131,2.0788681819138697,0.8614087878724087,0.9716017117705272,1.0,1.0,False,main,False
8435,9,9,13.921131818086131,2.0788681819138697,0.8700707386303832,0.9735423347571995,-1.0,-1.0,True,main,False
10002,0,1,5.002694941388651,2.997305058611349,0.6253368676735813,0.8714770639468283,59.0,17.0,False,main,True
10002,0,2,5.002694941388651,3.997305058611349,0.5558549934876278,0.8073374719309026,107.0,24.0,False,main,False
10002,0,3,5.002694941388651,4.997305058611349,0.500269494138865,0.7488697030750457,189.0,34.0,False,main,True
10002,0,4,5.002694941388651,5.997305058611349,0.45479044921715006,0.6966928465862381,340.0,46.0,False,main,True
8557,1,1,5.9485710030894055,2.051428996910595,0.7435713753861757,0.9433535494404528,24.0,9.0,False,main,True
2327,0,1,5.04518748683565,2.9548125131643497,0.6306484358544563,0.8751381376517997,57.0,17.0,False,main,True
9688,1,1,6.143440539888103,1.8565594601118969,0.7679300674860129,0.9553476969151149,21.0,9.0,False,main,True
9688,2,2,7.143440539888103,1.8565594601118969,0.7937156155431225,0.9611532956851628,16.0,8.0,False,main,False
9688,3,3,8.143440539888104,1.8565594601118969,0.8143440539888104,0.9656209780239249,13.0,6.0,False,main,False
9688,4,4,9.143440539888104,1.8565594601118969,0.8312218672625549,0.9691659405957367,10.0,5.0,False,main,False
9688,5,5,10.143440539888104,1.8565594601118969,0.845286711657342,0.9720475351005069,7.0,4.0,False,main,False
9688,6,6,11.143440539888104,1.8565594601118969,0.8571877338375464,0.9744361713032356,5.0,3.0,False,main,False
9688,7,7,12.143440539888104,1.8565594601118969,0.8673886099920074,0.9764484578727058,3.0,2.0,False,main,False
9688,8,8,13.143440539888104,1.8565594601118969,0.8762293693258736,0.9781668931791409,1.0,1.0,False,main,False
9688,9,9,14.143440539888104,1.8565594601118969,0.8839650337430065,0.9796514937376122,-1.0,-1.0,True,main,False
3900,1,1,5.985985660916565,2.014014339083435,0.7482482076145707,0.9457404951740502,23.0,9.0,False,main,True
5284,1,1,5.955517264196218,2.044482735803782,0.7444396580245273,0.9437996385460086,24.0,9.0,False,main,True
5284,2,2,6.955517264196218,2.044482735803782,0.7728352515773576,0.9511707563041767,18.0,8.0,False,main,True
5284,3,3,7.955517264196218,2.044482735803782,0.7955517264196218,0.9568291528473325,14.0,7.0,False,main,True
5284,4,4,8.955517264196217,2.044482735803782,0.814137933108747,0.9613104902200281,11.0,5.0,False,main,False
5284,5,5,9.955517264196217,2.044482735803782,0.8296264386830181,0.964947877147661,8.0,4.0,False,main,False
5284,6,6,10.955517264196217,2.044482735803782,0.8427320972458628,0.967959438049516,5.0,3.0,False,main,False
5284,7,7,11.955517264196217,2.044482735803782,0.8539655188711583,0.9704940280546269,3.0,2.0,False,main,False
5284,8,8,12.955517264196217,2.044482735803782,0.8637011509464145,0.9726567279850933,1.0,1.0,False,main,False
5284,9,9,13.955517264196217,2.044482735803782,0.8722198290122636,0.9745238437850268,-1.0,-1.0,True,main,False
7257,0,1,5.0710288989336005,2.9289711010664,0.6338786123667001,0.8773461410754944,56.0,17.0,False,main,True
10838,1,1,6.143263628763956,1.8567363712360443,0.7679079535954945,0.9553373116096273,21.0,9.0,False,main,True
10838,2,2,7.143263628763956,1.8567363712360443,0.7936959587515506,0.9611443087210492,16.0,8.0,False,main,False
10838,3,3,8.143263628763956,1.8567363712360443,0.8143263628763956,0.9656130567604583,13.0,6.0,False,main,False
10838,4,4,9.143263628763956,1.8567363712360443,0.8312057844330869,0.9691588586603302,10.0,5.0,False,main,False
10838,5,5,10.143263628763956,1.8567363712360443,0.845271969063663,0.972041131420549,7.0,4.0,False,main,False
10838,6,6,11.143263628763956,1.8567363712360443,0.8571741252895351,0.974430327165889,5.0,3.0,False,main,False
10838,7,7,12.143263628763956,1.8567363712360443,0.8673759734831397,0.9764430832544855,3.0,2.0,False,main,False
10838,8,8,13.143263628763956,1.8567363712360443,0.8762175752509304,0.9781619181829295,1.0,1.0,False,main,False
10838,9,9,14.143263628763956,1.8567363712360443,0.8839539767977472,0.9796468630048912,-1.0,-1.0,True,main,False
3536,0,1,5.132932943498463,2.8670670565015373,0.6416166179373078,0.8825782669445081,53.0,16.0,False,main,True
6976,0,1,5.090933884137959,2.909066115862041,0.6363667355172449,0.8790373445507047,55.0,16.0,False,main,True
426,1,1,6.0798122466054645,1.9201877533945357,0.7599765308256831,0.9515522818566177,22.0,9.0,False,main,True
4702,1,1,5.985741438946957,2.014258561053043,0.7482176798683696,0.9457250410913464,23.0,9.0,False,main,True
7848,0,1,5.109617751076967,2.8903822489230335,0.6387022188846209,0.8806171896614938,54.0,16.0,False,main,True
7848,0,2,5.109617751076967,3.8903822489230335,0.5677353056752186,0.8167920014312521,97.0,23.0,False,main,False
7848,0,3,5.109617751076967,4.890382248923034,0.5109617751076967,0.7582223709250626,169.0,33.0,False,main,True
7848,0,4,5.109617751076967,5.890382248923034,0.46451070464336064,0.7057698901242531,298.0,44.0,False,main,True
4577,1,1,5.990720478323087,2.0092795216769126,0.7488400597903859,0.9460397782352552,23.0,9.0,False,main,True
9396,1,1,5.984310900415364,2.015689099584636,0.7480388625519205,0.9456344846988017,23.0,9.0,False,main,True
695,1,1,6.002724504330669,1.9972754956693308,0.7503405630413337,0.9467957151837257,23.0,9.0,False,main,True
695,2,2,7.002724504330669,1.9972754956693308,0.7780805004811855,0.9537586633506554,18.0,8.0,False,main,True
695,3,3,8.002724504330669,1.9972754956693308,0.8002724504330668,0.9591070644326868,14.0,7.0,False,main,False
695,4,4,9.002724504330669,1.9972754956693308,0.8184295003936971,0.9633448887048359,10.0,5.0,False,main,False
695,5,5,10.002724504330669,1.9972754956693308,0.833560375360889,0.9667858916845113,8.0,4.0,False,main,False
695,6,6,11.002724504330669,1.9972754956693308,0.8463634234100514,0.9696357027096829,5.0,3.0,False,main,False
695,7,7,12.002724504330669,1.9972754956693308,0.8573374645950478,0.9720347456614203,3.0,2.0,False,main,False
695,8,8,13.002724504330669,1.9972754956693308,0.8668483002887112,0.9740822043156108,1.0,1.0,False,main,False
695,9,9,14.002724504330669,1.9972754956693308,0.8751702815206668,0.9758501352973932,-1.0,-1.0,True,main,False
8104,0,1,4.930723280097154,3.069276719902846,0.6163404100121442,0.8651908569591564,63.0,17.0,False,main,True
8104,0,2,4.930723280097154,4.069276719902846,0.5478581422330171,0.800881000986255,115.0,25.0,False,main,False
8104,0,3,4.930723280097154,5.069276719902846,0.4930723280097154,0.7425044787372448,205.0,35.0,False,main,True
8104,0,4,4.930723280097154,6.069276719902846,0.44824757091792305,0.6905272220784613,374.0,48.0,False,main,True
8104,0,5,4.930723280097154,7.069276719902846,0.4108936066747628,0.6444856901950837,717.0,64.0,False,main,True
6935,0,1,5.025437870069351,2.974562129930649,0.6281797337586689,0.8734412265780449,58.0,17.0,False,main,True
10777,1,1,6.082508536738837,1.917491463261163,0.7603135670923546,0.951715541933517,22.0,9.0,False,main,True
10777,2,2,7.082508536738837,1.917491463261163,0.7869453929709819,0.9580112631309118,17.0,8.0,False,main,False
10777,3,3,8.082508536738837,1.917491463261163,0.8082508536738837,0.9628522376880009,13.0,6.0,False,main,False
10777,4,4,9.082508536738837,1.917491463261163,0.8256825942489852,0.966691057756151,10.0,5.0,False,main,False
10777,5,5,10.082508536738837,1.917491463261163,0.8402090447282364,0.9698100276926889,7.0,4.0,False,main,False
10777,6,6,11.082508536738837,1.917491463261163,0.8525006566722182,0.972394433579907,5.0,3.0,False,main,False
10777,7,7,12.082508536738837,1.917491463261163,0.8630363240527741,0.9745709525848688,3.0,2.0,False,main,False
10777,8,8,13.082508536738837,1.917491463261163,0.8721672357825891,0.976429142492434,1.0,1.0,False,main,False
10777,9,9,14.082508536738837,1.917491463261163,0.8801567835461773,0.978034116966199,-1.0,-1.0,True,main,False
11842,1,1,5.840369913898156,2.1596300861018443,0.7300462392372695,0.936235402131614,26.0,10.0,False,main,True
11842,2,2,6.840369913898156,2.1596300861018443,0.7600411015442395,0.9446430658738492,20.0,8.0,False,main,True
11842,3,3,7.840369913898156,2.1596300861018443,0.7840369913898156,0.9510873114338866,15.0,7.0,False,main,True
11842,4,4,8.840369913898156,2.1596300861018443,0.8036699921725596,0.9561851548095729,11.0,5.0,False,main,False
11842,5,5,9.840369913898156,2.1596300861018443,0.8200308261581797,0.960319226849483,8.0,4.0,False,main,False
11842,6,6,10.840369913898156,2.1596300861018443,0.8338746087613966,0.9637395482219951,5.0,3.0,False,main,False
11842,7,7,11.840369913898156,2.1596300861018443,0.8457407081355826,0.9666164560835548,3.0,2.0,False,main,False
11842,8,8,12.840369913898156,2.1596300861018443,0.8560246609265437,0.9690700336962881,1.0,1.0,False,main,False
11842,9,9,13.840369913898156,2.1596300861018443,0.8650231196186348,0.9711873841365564,-1.0,-1.0,True,main,False
2615,1,1,5.963852981324436,2.036147018675564,0.7454816226655545,0.9443331958070388,24.0,9.0,False,main,True
2615,2,2,6.963852981324436,2.036147018675564,0.7737614423693818,0.9516315239468505,18.0,8.0,False,main,True
2615,3,3,7.963852981324436,2.036147018675564,0.7963852981324436,0.9572346613312228,14.0,7.0,False,main,False
2615,4,4,8.963852981324436,2.036147018675564,0.8148957255749487,0.9616726039687216,11.0,5.0,False,main,False
2615,5,5,9.963852981324436,2.036147018675564,0.8303210817770363,0.9652750030903464,8.0,4.0,False,main,False
2615,6,6,10.963852981324436,2.036147018675564,0.8433733062557258,0.9682577521020733,5.0,3.0,False,main,False
2615,7,7,11.963852981324436,2.036147018675564,0.8545609272374597,0.9707682013886233,3.0,2.0,False,main,False
2615,8,8,12.963852981324436,2.036147018675564,0.864256865421629,0.9729103796872588,1.0,1.0,False,main,False
2615,9,9,13.963852981324436,2.036147018675564,0.8727408113327773,0.9747598350480311,-1.0,-1.0,True,main,False
7739,1,1,5.8595382655742005,2.1404617344257995,0.7324422831967751,0.9375193262899676,26.0,10.0,False,main,True
7739,2,2,6.8595382655742005,2.1404617344257995,0.7621709183971334,0.9457504505134261,19.0,8.0,False,main,False
7739,3,3,7.8595382655742005,2.1404617344257995,0.7859538265574201,0.9520609921613019,15.0,7.0,False,main,False
7739,4,4,8.859538265574201,2.1404617344257995,0.8054125695976547,0.9570540239780052,11.0,5.0,False,main,False
7739,5,5,9.859538265574201,2.1404617344257995,0.8216281887978502,0.9611037050850719,8.0,4.0,False,main,False
7739,6,6,10.859538265574201,2.1404617344257995,0.8353490973518617,0.9644546073634777,5.0,3.0,False,main,False
7739,7,7,11.859538265574201,2.1404617344257995,0.8471098761124429,0.9672734022647034,3.0,2.0,False,main,False
7739,8,8,12.859538265574201,2.1404617344257995,0.8573025510382801,0.9696776152853703,1.0,1.0,False,main,False
7739,9,9,13.859538265574201,2.1404617344257995,0.8662211415983876,0.9717525100310171,-1.0,-1.0,True,main,False
8746,0,1,4.970166051022027,3.0298339489779726,0.6212707563777534,0.8686491180824734,61.0,17.0,False,main,True
2531,0,1,5.055836172238853,2.9441638277611473,0.6319795215298566,0.8760497034641355,57.0,17.0,False,main,True
7497,0,1,5.014026893391055,2.9859731066089457,0.6267533616738818,0.872457076543699,59.0,17.0,False,main,True
2094,0,1,5.027516539940593,2.972483460059407,0.6284395674925741,0.8736202115002238,58.0,17.0,False,main,True
11961,1,1,5.898210051144891,2.1017899488551093,0.7372762563931113,0.940079798102829,25.0,10.0,False,main,True
985,1,1,5.93959774706893,2.0604022529310693,0.7424497183836163,0.9427753167129544,24.0,9.0,False,main,True
9648,0,1,4.990211895831731,3.0097881041682695,0.6237764869789664,0.8703944198570207,60.0,17.0,False,main,True
9648,0,2,4.990211895831731,4.009788104168269,0.5544679884257478,0.8062229543920963,108.0,24.0,False,main,True
9648,0,3,4.990211895831731,5.009788104168269,0.4990211895831731,0.7477697193012531,192.0,34.0,False,main,True
10755,1,1,5.843001329622813,2.1569986703771873,0.7303751662028516,0.9364122340811011,26.0,10.0,False,main,True
10755,2,2,6.843001329622813,2.1569986703771873,0.7603334810692014,0.9447955690220533,20.0,8.0,False,main,False
10755,3,3,7.843001329622813,2.1569986703771873,0.7843001329622813,0.9512213922586145,15.0,7.0,False,main,False
10755,4,4,8.843001329622812,2.1569986703771873,0.803909211783892,0.9563047961629646,11.0,5.0,False,main,False
10755,5,5,9.843001329622812,2.1569986703771873,0.820250110801901,0.9604272432002798,8.0,4.0,False,main,False
10755,6,6,10.843001329622812,2.1569986703771873,0.8340770253556009,0.963838002752059,5.0,3.0,False,main,False
10755,7,7,11.843001329622812,2.1569986703771873,0.8459286664016294,0.9667069066393311,3.0,2.0,False,main,False
10755,8,8,12.843001329622812,2.1569986703771873,0.8562000886415208,0.9691536855781158,1.0,1.0,False,main,False
10755,9,9,13.843001329622812,2.1569986703771873,0.8651875831014257,0.9712651891358692,-1.0,-1.0,True,main,False
11800,0,1,4.952607452307438,3.047392547692562,0.6190759315384298,0.8671135632039099,62.0,17.0,False,main,True
1660,1,1,6.122989453834352,1.877010546165648,0.765373681729294,0.9541409205005326,21.0,9.0,False,main,True
11957,1,1,6.0811943292834245,1.9188056707165755,0.7601492911604281,0.9516359933859627,22.0,9.0,False,main,True
11957,2,2,7.0811943292834245,1.9188056707165755,0.7867993699203805,0.9579424725861708,17.0,8.0,False,main,True
11957,3,3,8.081194329283424,1.9188056707165755,0.8081194329283423,0.9627916354461864,13.0,6.0,False,main,False
11957,4,4,9.081194329283424,1.9188056707165755,0.8255631208439476,0.9666368982431562,10.0,5.0,False,main,False
11957,5,5,10.081194329283424,1.9188056707165755,0.8400995274402853,0.969761070581255,7.0,4.0,False,main,False
11957,6,6,11.081194329283424,1.9188056707165755,0.8523995637910325,0.9723497657194462,5.0,3.0,False,main,False
11957,7,7,12.081194329283424,1.9188056707165755,0.8629424520916731,0.9745298821085131,3.0,2.0,False,main,False
11957,8,8,13.081194329283424,1.9188056707165755,0.8720796219522282,0.9763911325967427,1.0,1.0,False,main,False
11957,9,9,14.081194329283424,1.9188056707165755,0.880074645580214,0.9779987427571624,-1.0,-1.0,True,main,False
3500,1,1,5.928764904211478,2.0712350957885217,0.7410956130264348,0.9420743053623586,24.0,9.0,False,main,True
1094,1,1,6.037816027210508,1.962183972789492,0.7547270034013135,0.9489821382365431,23.0,9.0,False,main,True
5143,0,1,4.943389855176782,3.0566101448232184,0.6179237318970977,0.8663049181470494,63.0,17.0,False,main,True
8876,0,1,5.044331290608743,2.955668709391257,0.6305414113260929,0.8750647411222401,57.0,17.0,False,main,True
3364,1,1,6.079716947163273,1.9202830528367274,0.7599646183954091,0.951546507594565,22.0,9.0,False,main,True
2529,0,1,5.05560831114469,2.94439168885531,0.6319510388930862,0.8760302225933279,57.0,17.0,False,main,True
5471,1,1,5.93230917390084,2.0676908260991604,0.741538646737605,0.9423040150603644,24.0,9.0,False,main,True
10450,0,1,4.939238457241281,3.0607615427587187,0.6174048071551601,0.8659401531783228,63.0,17.0,False,main,True
10450,0,2,4.939238457241281,4.060761542758719,0.548804273026809,0.8016487503529718,114.0,25.0,False,main,True
10450,0,3,4.939238457241281,5.060761542758719,0.49392384572412806,0.7432604967667759,203.0,35.0,False,main,True
4718,1,1,5.975277041791614,2.0247229582083865,0.7469096302239517,0.945061297832698,24.0,9.0,False,main,True
4718,2,2,6.975277041791614,2.0247229582083865,0.7750307824212904,0.9522603660452166,18.0,8.0,False,main,True
4718,3,3,7.975277041791614,2.0247229582083865,0.7975277041791614,0.9577881330415023,14.0,7.0,False,main,True
4718,4,4,8.975277041791614,2.0247229582083865,0.8159342765265104,0.9621668783494649,10.0,5.0,False,main,False
4718,5,5,9.975277041791614,2.0247229582083865,0.8312730868159678,0.9657215426940746,8.0,4.0,False,main,False
4718,6,6,10.975277041791614,2.0247229582083865,0.8442520801378165,0.9686649790592494,5.0,3.0,False,main,False
4718,7,7,11.975277041791614,2.0247229582083865,0.8553769315565438,0.9711424867017403,3.0,2.0,False,main,False
4718,8,8,12.975277041791614,2.0247229582083865,0.8650184694527743,0.9732566599932017,1.0,1.0,False,main,False
4718,9,9,13.975277041791614,2.0247229582083865,0.8734548151119759,0.9750820135501638,-1.0,-1.0,True,main,False
3684,1,1,5.936961332629906,2.063038667370094,0.7421201665787382,0.9426050063222773,24.0,9.0,False,main,True
8839,0,1,5.056343408111966,2.943656591888034,0.6320429260139957,0.8760930654360316,57.0,17.0,False,main,True
1897,1,1,5.958433234009833,2.0415667659901673,0.7448041542512291,0.9439865045768842,24.0,9.0,False,main,True
115,1,1,5.877973942419735,2.122026057580265,0.7347467428024669,0.938744957464339,25.0,10.0,False,main,True
5069,0,1,5.134750660312537,2.8652493396874634,0.6418438325390671,0.8827306722926391,53.0,16.0,False,main,True
2679,0,1,5.095485828974662,2.9045141710253373,0.6369357286218328,0.879422921642439,55.0,16.0,False,main,True
9850,0,1,4.864279768160534,3.135720231839466,0.6080349710200668,0.8592933261107893,67.0,18.0,False,main,True
9850,0,2,4.864279768160534,4.135720231839466,0.5404755297956149,0.7948547548131459,123.0,26.0,False,main,False
9850,0,3,4.864279768160534,5.135720231839466,0.48642797681605343,0.7365782814639563,222.0,36.0,False,main,True
9850,0,4,4.864279768160534,6.135720231839466,0.44220725165095764,0.6847951878433663,410.0,49.0,False,main,True
435,1,1,5.941253634071675,2.0587463659283247,0.7426567042589594,0.9428821881103471,24.0,9.0,False,main,True
435,2,2,6.941253634071675,2.0587463659283247,0.7712504037857416,0.950378568676516,18.0,8.0,False,main,True
435,3,3,7.941253634071675,2.0587463659283247,0.7941253634071674,0.9561320369727195,14.0,7.0,False,main,True
435,4,4,8.941253634071675,2.0587463659283247,0.8128412394610613,0.9606880201953342,11.0,5.0,False,main,False
435,5,5,9.941253634071675,2.0587463659283247,0.8284378028393062,0.9643855832857535,8.0,4.0,False,main,False
435,6,6,10.941253634071675,2.0587463659283247,0.8416348949285903,0.9674466927484058,5.0,3.0,False,main,False
435,7,7,11.941253634071675,2.0587463659283247,0.8529466881479768,0.9700227943983576,3.0,2.0,False,main,False
435,8,8,12.941253634071675,2.0587463659283247,0.862750242271445,0.9722207800317535,1.0,1.0,False,main,False
435,9,9,13.941253634071675,2.0587463659283247,0.8713283521294797,0.9741182599469786,-1.0,-1.0,True,main,False
10065,0,1,5.108004967060736,2.8919950329392643,0.638500620882592,0.8804811093080048,54.0,16.0,False,main,True
10065,0,2,5.108004967060736,3.8919950329392643,0.5675561074511929,0.8166506177690447,97.0,23.0,False,main,False
10065,0,3,5.108004967060736,4.891995032939264,0.5108004967060735,0.7580822189965662,169.0,33.0,False,main,False
10065,0,4,5.108004967060736,5.891995032939264,0.4643640879146123,0.7056337077584831,298.0,44.0,False,main,True
10065,0,5,5.108004967060736,6.891995032939264,0.42566708058839464,0.6590105763605054,545.0,59.0,False,main,True
10065,0,6,5.108004967060736,7.891995032939264,0.39292345900467196,0.6175899603564298,1066.0,78.0,False,main,True
1250,1,1,5.85576039420577,2.1442396057942297,0.7319700492757213,0.9372670497248502,26.0,10.0,False,main,True
7279,0,1,5.087911595589689,2.9120884044103112,0.6359889494487111,0.8787810969586068,55.0,16.0,False,main,True
7534,1,1,6.144123198360013,1.8558768016399871,0.7680153997950017,0.9553877625290573,21.0,9.0,False,main,True
7493,1,1,5.987949770698506,2.0120502293014937,0.7484937213373133,0.9458647209439273,23.0,9.0,False,main,True
7493,2,2,6.987949770698506,2.0120502293014937,0.7764388634109451,0.95295435520654,18.0,8.0,False,main,True
7493,3,3,7.987949770698506,2.0120502293014937,0.7987949770698506,0.9583990050138407,14.0,7.0,False,main,False
7493,4,4,8.987949770698506,2.0120502293014937,0.8170863427907733,0.9627124559474838,10.0,5.0,False,main,False
7493,5,5,9.987949770698506,2.0120502293014937,0.8323291475582089,0.9662144612109964,8.0,4.0,False,main,False
7493,6,6,10.987949770698506,2.0120502293014937,0.8452269054383467,0.9691145242948187,5.0,3.0,False,main,False
7493,7,7,11.987949770698506,2.0120502293014937,0.8562821264784647,0.9715556841990208,3.0,2.0,False,main,False
7493,8,8,12.987949770698506,2.0120502293014937,0.8658633180465671,0.9736389543342023,1.0,1.0,False,main,False
7493,9,9,13.987949770698506,2.0120502293014937,0.8742468606686566,0.9754377100565441,-1.0,-1.0,True,main,False
8848,1,1,5.97305640868772,2.0269435913122797,0.746632051085965,0.9449200524216966,24.0,9.0,False,main,True
7107,1,1,5.961290985183531,2.0387090148164684,0.7451613731479414,0.9441694111841231,24.0,9.0,False,main,True
6829,0,1,4.981784028864848,3.0182159711351524,0.622723003608106,0.8696616544297017,61.0,17.0,False,main,True
11185,1,1,6.0933823038077,1.9066176961923,0.7616727879759625,0.9523717845991125,22.0,9.0,False,main,True
11185,2,2,7.0933823038077,1.9066176961923,0.7881535893119667,0.9585787952634266,17.0,8.0,False,main,False
11185,3,3,8.0933823038077,1.9066176961923,0.8093382303807701,0.9633522403931157,13.0,6.0,False,main,False
11185,4,4,9.0933823038077,1.9066176961923,0.8266711185279728,0.9671379217814946,10.0,5.0,False,main,False
11185,5,5,10.0933823038077,1.9066176961923,0.8411151919839751,0.9702139798662972,7.0,4.0,False,main,False
11185,6,6,11.0933823038077,1.9066176961923,0.8533371002929001,0.9727630038797038,5.0,3.0,False,main,False
11185,7,7,12.0933823038077,1.9066176961923,0.8638130217005501,0.9749098467422089,3.0,2.0,False,main,False
11185,8,8,13.0933823038077,1.9066176961923,0.8728921535871801,0.9767427877656655,1.0,1.0,False,main,False
11185,9,9,14.0933823038077,1.9066176961923,0.8808363939879813,0.97832601785418,-1.0,-1.0,True,main,False
654,0,1,5.0612405476949744,2.938759452305025,0.6326550684618718,0.8765114288404966,57.0,17.0,False,main,True
11115,0,1,5.12204589599532,2.8779541040046808,0.640255736999415,0.881663977429083,54.0,16.0,False,main,True
11115,0,2,5.12204589599532,3.8779541040046808,0.5691162106661466,0.8178802440302255,95.0,23.0,False,main,False
11115,0,3,5.12204589599532,4.877954104004681,0.512204589599532,0.7593014388095172,167.0,32.0,False,main,True
11115,0,4,5.12204589599532,5.877954104004681,0.4656405359995745,0.7068185630945705,293.0,44.0,False,main,True
8596,1,1,5.969366443476526,2.0306335565234743,0.7461708054345657,0.9446850448325385,24.0,9.0,False,main,True
8596,2,2,6.969366443476526,2.0306335565234743,0.7743740492751695,0.9519353963472875,18.0,8.0,False,main,True
8596,3,3,7.969366443476526,2.0306335565234743,0.7969366443476525,0.9575021062595145,14.0,7.0,False,main,True
8596,4,4,8.969366443476526,2.0306335565234743,0.8153969494069568,0.9619114394202262,10.0,5.0,False,main,False
8596,5,5,9.969366443476526,2.0306335565234743,0.8307805369563771,0.9654907696447064,8.0,4.0,False,main,False
8596,6,6,10.969366443476526,2.0306335565234743,0.8437974187289635,0.9684545204953238,5.0,3.0,False,main,False
8596,7,7,11.969366443476526,2.0306335565234743,0.854954745962609,0.9709490508386804,3.0,2.0,False,main,False
8596,8,8,12.969366443476526,2.0306335565234743,0.8646244295651017,0.9730776960753915,1.0,1.0,False,main,False
8596,9,9,13.969366443476526,2.0306335565234743,0.8730854027172829,0.9749155047417621,-1.0,-1.0,True,main,False
2938,1,1,5.94189369958413,2.058106300415871,0.7427367124480162,0.9429234779067497,24.0,9.0,False,main,True
7570,1,1,5.989425775162371,2.0105742248376286,0.7486782218952964,0.9459580038557648,23.0,9.0,False,main,True
1757,0,1,4.8617311282858,3.1382688717142004,0.607716391035725,0.85906532254443,68.0,18.0,False,main,True
11679,1,1,6.083299996371586,1.9167000036284134,0.7604124995464483,0.951763424332398,22.0,9.0,False,main,True
11679,2,2,7.083299996371586,1.9167000036284134,0.7870333329301763,0.9580526704865426,17.0,8.0,False,main,True
11679,3,3,8.083299996371586,1.9167000036284134,0.8083299996371587,0.9628887165460728,13.0,6.0,False,main,False
11679,4,4,9.083299996371586,1.9167000036284134,0.8257545451246897,0.9667236587042997,10.0,5.0,False,main,False
11679,5,5,10.083299996371586,1.9167000036284134,0.8402749996976322,0.9698394972494472,7.0,4.0,False,main,False
11679,6,6,11.083299996371586,1.9167000036284134,0.8525615381824297,0.9724213213554648,5.0,3.0,False,main,False
11679,7,7,12.083299996371586,1.9167000036284134,0.8630928568836848,0.9745956750086331,3.0,2.0,False,main,False
11679,8,8,13.083299996371586,1.9167000036284134,0.8722199997581057,0.9764520226662748,1.0,1.0,False,main,False
11679,9,9,14.083299996371586,1.9167000036284134,0.8802062497732241,0.978055410636347,-1.0,-1.0,True,main,False
7323,1,1,6.143953684770368,1.8560463152296323,0.767994210596296,0.9553778149907142,21.0,9.0,False,main,True
7323,2,2,7.143953684770368,1.8560463152296323,0.793772631641152,0.9611793585777254,16.0,8.0,False,main,True
7323,3,3,8.143953684770368,1.8560463152296323,0.8143953684770369,0.9656439503676549,13.0,6.0,False,main,False
7323,4,4,9.143953684770368,1.8560463152296323,0.8312685167973062,0.9691864788615508,10.0,5.0,False,main,False
7323,5,5,10.143953684770368,1.8560463152296323,0.845329473730864,0.9720661063957643,7.0,4.0,False,main,False
7323,6,6,11.143953684770368,1.8560463152296323,0.8572272065207975,0.9744531198948786,5.0,3.0,False,main,False
7323,7,7,12.143953684770368,1.8560463152296323,0.8674252631978835,0.9764640448298966,3.0,2.0,False,main,False
7323,8,8,13.143953684770368,1.8560463152296323,0.8762635789846912,0.9781813212051512,1.0,1.0,False,main,False
7323,9,9,14.143953684770368,1.8560463152296323,0.883997105298148,0.9796649233739784,-1.0,-1.0,True,main,False
6507,1,1,5.982773413452787,2.017226586547213,0.7478466766815983,0.9455370943029093,24.0,9.0,False,main,True
7320,1,1,5.932182408431736,2.067817591568265,0.741522801053967,0.9422958051227447,24.0,9.0,False,main,True
11592,0,1,5.099210332823956,2.9007896671760434,0.6374012916029945,0.8797380839365636,55.0,16.0,False,main,True
7374,1,1,6.085929518309008,1.9140704816909917,0.760741189788626,0.9519223756227261,22.0,9.0,False,main,True
7096,0,1,4.9969416179392425,3.003058382060758,0.6246177022424053,0.8709784840352488,60.0,17.0,False,main,True
9913,0,1,4.83324642876144,3.166753571238561,0.60415580359518,0.8565081237726216,69.0,18.0,False,main,True
9913,0,2,4.83324642876144,4.16675357123856,0.5370273809734933,0.7920185704357217,127.0,26.0,False,main,False
9913,0,3,4.83324642876144,5.16675357123856,0.48332464287614396,0.7337939436551966,230.0,36.0,False,main,False
9913,0,4,4.83324642876144,6.16675357123856,0.4393860389783127,0.6821047576508842,429.0,50.0,False,main,False
9913,0,5,4.83324642876144,7.16675357123856,0.40277053573011995,0.6364026353529848,848.0,67.0,False,main,False
9913,0,6,4.83324642876144,8.16675357123856,0.37178818682780307,0.5959470552874435,1877.0,90.0,False,main,False
9913,0,7,4.83324642876144,9.16675357123856,0.34523188776867425,0.5600141567764956,-1.0,121.0,False,main,False
9913,0,8,4.83324642876144,10.16675357123856,0.322216428584096,0.5279607204236179,-1.0,162.0,False,main,True
9913,0,9,4.83324642876144,11.16675357123856,0.30207790179759,0.4992361150009413,-1.0,217.0,False,main,True
9913,0,10,4.83324642876144,12.16675357123856,0.2843086134565553,0.4733761013181561,-1.0,294.0,False,main,True
9913,0,11,4.83324642876144,13.16675357123856,0.26851369048674667,0.44999132256741015,-1.0,403.0,False,main,True
9913,0,12,4.83324642876144,14.16675357123856,0.25438139098744417,0.4287553090629715,-1.0,560.0,False,main,True
9913,0,13,4.83324642876144,15.16675357123856,0.24166232143807198,0.409393678427427,-1.0,795.0,False,main,True
9913,0,14,4.83324642876144,16.16675357123856,0.23015459184578285,0.3916749670867424,-1.0,1164.0,False,main,True
9913,0,15,4.83324642876144,17.16675357123856,0.21969301948915634,0.37540305367967447,-1.0,1773.0,False,main,True
1233,1,1,5.959172992936689,2.040827007063311,0.7448966241170861,0.9440338735895915,24.0,9.0,False,main,True
9149,1,1,6.002370346618785,1.9976296533812152,0.7502962933273482,0.9467734707478898,23.0,9.0,False,main,True
2256,1,1,5.867730033228791,2.132269966771209,0.7334662541535989,0.9380650469714952,26.0,10.0,False,main,True
8232,1,1,6.101855140094932,1.8981448599050679,0.7627318925118665,0.9528807179014595,22.0,9.0,False,main,True
8232,2,2,7.101855140094932,1.8981448599050679,0.7890950155661035,0.959018978707203,17.0,8.0,False,main,False
8232,3,3,8.101855140094932,1.8981448599050679,0.8101855140094931,0.9637400784998092,13.0,6.0,False,main,False
8232,4,4,9.101855140094932,1.8981448599050679,0.8274413763722666,0.9674845632308534,10.0,5.0,False,main,False
8232,5,5,10.101855140094932,1.8981448599050679,0.8418212616745776,0.9705273492275214,7.0,4.0,False,main,False
8232,6,6,11.101855140094932,1.8981448599050679,0.8539888569303794,0.9730489369806321,5.0,3.0,False,main,False
8232,7,7,12.101855140094932,1.8981448599050679,0.8644182242924952,0.9751727662028863,3.0,2.0,False,main,False
8232,8,8,13.101855140094932,1.8981448599050679,0.8734570093396621,0.976986125624091,1.0,1.0,False,main,False
8232,9,9,14.101855140094932,1.8981448599050679,0.8813659462559332,0.9785524910753313,-1.0,-1.0,True,main,False
5649,1,1,5.868115889936474,2.1318841100635253,0.7335144862420593,0.9380907079365834,26.0,10.0,False,main,True
5649,2,2,6.868115889936474,2.1318841100635253,0.7631239877707193,0.9462433454505739,19.0,8.0,False,main,False
5649,3,3,7.868115889936474,2.1318841100635253,0.7868115889936474,0.9524944263874745,15.0,7.0,False,main,False
5649,4,4,8.868115889936474,2.1318841100635253,0.8061923536305886,0.9574408359900346,11.0,5.0,False,main,False
5649,5,5,9.868115889936474,2.1318841100635253,0.8223429908280395,0.9614529718600988,8.0,4.0,False,main,False
5649,6,6,10.868115889936474,2.1318841100635253,0.836008914610498,0.9647729855641723,5.0,3.0,False,main,False
5649,7,7,11.868115889936474,2.1318841100635253,0.847722563566891,0.9675659197449923,3.0,2.0,False,main,False
5649,8,8,12.868115889936474,2.1318841100635253,0.8578743926624316,0.9699481630942284,1.0,1.0,False,main,False
5649,9,9,13.868115889936474,2.1318841100635253,0.8667572431210296,0.9720041614865885,-1.0,-1.0,True,main,False
4604,1,1,6.04845934256899,1.9515406574310097,0.7560574178211238,0.9496383273364786,22.0,9.0,False,main,True
8742,0,1,4.887402546003846,3.1125974539961536,0.6109253182504808,0.8613558947885254,66.0,18.0,False,main,True
4167,0,1,5.141242559802077,2.858757440197923,0.6426553199752596,0.8832744068280596,53.0,16.0,False,main,True
2055,1,1,6.070377171344588,1.929622828655412,0.7587971464180735,0.9509793173500948,22.0,9.0,False,main,True
2055,2,2,7.070377171344588,1.929622828655412,0.785597463482732,0.9573746427149329,17.0,8.0,False,main,True
2055,3,3,8.070377171344589,1.929622828655412,0.8070377171344589,0.962291420940709,13.0,6.0,False,main,False
2055,4,4,9.070377171344589,1.929622828655412,0.8245797428495081,0.9661898798266669,10.0,5.0,False,main,False
2055,5,5,10.070377171344589,1.929622828655412,0.8391980976120491,0.9693570039610135,7.0,4.0,False,main,False
2055,6,6,11.070377171344589,1.929622828655412,0.8515674747188146,0.971981109676351,5.0,3.0,False,main,False
2055,7,7,12.070377171344589,1.929622828655412,0.8621697979531849,0.9741909233785431,3.0,2.0,False,main,False
2055,8,8,13.070377171344589,1.929622828655412,0.8713584780896393,0.9760774387043958,1.0,1.0,False,main,False
2055,9,9,14.070377171344589,1.929622828655412,0.8793985732090368,0.977706805489093,-1.0,-1.0,True,main,False
6567,1,1,5.878026973733244,2.121973026266756,0.7347533717166554,0.9387484699627904,25.0,10.0,False,main,True
2602,1,1,5.884446200367698,2.115553799632302,0.7355557750459623,0.9391730866832797,25.0,10.0,False,main,True
3610,1,1,5.8618342131499395,2.1381657868500605,0.7327292766437424,0.9376724583925758,26.0,10.0,False,main,True
11140,0,1,4.905303005165178,3.0946969948348224,0.6131628756456472,0.8629451696569888,65.0,17.0,False,main,True
11140,0,2,4.905303005165178,4.094696994834822,0.5450336672405753,0.7985828869554238,118.0,25.0,False,main,False
11140,0,3,4.905303005165178,5.094696994834822,0.49053030051651775,0.7402428658511172,211.0,35.0,False,main,True
11140,0,4,4.905303005165178,6.094696994834822,0.44593663683319795,0.6883387778083626,387.0,48.0,False,main,True
625,1,1,6.0775128960104805,1.9224871039895195,0.7596891120013101,0.9514128884760453,22.0,9.0,False,main,True
8484,1,1,5.943187370297571,2.0568126297024287,0.7428984212871964,0.943006896513754,24.0,9.0,False,main,True
8484,2,2,6.943187370297571,2.0568126297024287,0.7714652633663968,0.9504862426921427,18.0,8.0,False,main,True
8484,3,3,7.943187370297571,2.0568126297024287,0.7943187370297571,0.956226783969465,14.0,7.0,False,main,False
8484,4,4,8.943187370297572,2.0568126297024287,0.8130170336634156,0.9607726185087739,11.0,5.0,False,main,False
8484,5,5,9.943187370297572,2.0568126297024287,0.8285989475247977,0.9644620008068989,8.0,4.0,False,main,False
8484,6,6,10.943187370297572,2.0568126297024287,0.841783643869044,0.9675163746817635,5.0,3.0,False,main,False
8484,7,7,11.943187370297572,2.0568126297024287,0.8530848121641122,0.9700868335551431,3.0,2.0,False,main,False
8484,8,8,12.943187370297572,2.0568126297024287,0.8628791580198382,0.9722800229167831,1.0,1.0,False,main,False
8484,9,9,13.943187370297572,2.0568126297024287,0.8714492106435983,0.9741733756794143,-1.0,-1.0,True,main,False
4008,1,1,5.9035216926783205,2.0964783073216795,0.7379402115847901,0.9404283423545452,25.0,10.0,False,main,True
10524,0,1,5.009451521392236,2.9905484786077636,0.6261814401740295,0.8720617090375026,59.0,17.0,False,main,True
10524,0,2,5.009451521392236,3.9905484786077636,0.5566057245991374,0.8079397837864387,106.0,24.0,False,main,False
10524,0,3,5.009451521392236,4.990548478607764,0.5009451521392236,0.7494643763964435,188.0,34.0,False,main,True
10524,0,4,5.009451521392236,5.990548478607764,0.4554046837629306,0.697269359344964,337.0,46.0,False,main,True
10524,0,5,5.009451521392236,6.990548478607764,0.41745429344935303,0.6509638239427008,632.0,62.0,False,main,True
3558,1,1,6.038938386707639,1.961061613292361,0.7548672983384549,0.9490514882686678,23.0,9.0,False,main,True
3558,2,2,7.038938386707639,1.961061613292361,0.7821042651897376,0.9557080369831871,17.0,8.0,False,main,True
3558,3,3,8.038938386707638,1.961061613292361,0.8038938386707638,0.9608235274772569,13.0,7.0,False,main,True
3558,4,4,9.038938386707638,1.961061613292361,0.8217216715188762,0.9648782700210191,10.0,5.0,False,main,False
3558,5,5,10.038938386707638,1.961061613292361,0.8365781988923032,0.9681715484855441,7.0,4.0,False,main,False
3558,6,6,11.038938386707638,1.961061613292361,0.8491491066698184,0.9708996374675936,5.0,3.0,False,main,False
3558,7,7,12.038938386707638,1.961061613292361,0.8599241704791171,0.973196642578647,3.0,2.0,False,main,False
3558,8,8,13.038938386707638,1.961061613292361,0.8692625591138425,0.9751573250348534,1.0,1.0,False,main,False
3558,9,9,14.038938386707638,1.961061613292361,0.8774336491692274,0.9768505526252056,-1.0,-1.0,True,main,False
3639,1,1,6.134963204522116,1.8650367954778848,0.7668704005652645,0.9548489889420668,21.0,9.0,False,main,True
3639,2,2,7.134963204522116,1.8650367954778848,0.7927736893913462,0.9607217567186601,16.0,8.0,False,main,True
3639,3,3,8.134963204522116,1.8650367954778848,0.8134963204522115,0.9652406253043588,13.0,6.0,False,main,False
3639,4,4,9.134963204522116,1.8650367954778848,0.8304512004111014,0.9688258986810068,10.0,5.0,False,main,False
3639,5,5,10.134963204522116,1.8650367954778848,0.8445802670435096,0.9717400664236597,7.0,4.0,False,main,False
3639,6,6,11.134963204522116,1.8650367954778848,0.8565356311170859,0.9741555735814837,5.0,3.0,False,main,False
3639,7,7,12.134963204522116,1.8650367954778848,0.8667830860372939,0.976190407148714,3.0,2.0,False,main,False
3639,8,8,13.134963204522116,1.8650367954778848,0.8756642136348077,0.977928032355989,1.0,1.0,False,main,False
3639,9,9,14.134963204522116,1.8650367954778848,0.8834352002826322,0.9794291641018523,-1.0,-1.0,True,main,False
5931,1,1,6.137775735585175,1.8622242644148241,0.7672219669481469,0.9550146850837073,21.0,9.0,False,main,True
3814,0,1,5.056657088702042,2.943342911297958,0.6320821360877552,0.8761198782879698,57.0,17.0,False,main,True
4585,1,1,6.1202181875166275,1.8797818124833723,0.7650272734395784,0.9539764310146837,21.0,9.0,False,main,True
8130,0,1,4.951634417706959,3.0483655822930404,0.6189543022133699,0.867028282807838,62.0,17.0,False,main,True
8130,0,2,4.951634417706959,4.048365582293041,0.5501816019674399,0.8027645482869357,112.0,25.0,False,main,False
8130,0,3,4.951634417706959,5.048365582293041,0.49516344177069593,0.7443596634396706,200.0,35.0,False,main,True
8130,0,4,4.951634417706959,6.048365582293041,0.45014858342790537,0.6923232586968793,364.0,47.0,False,main,True
11865,1,1,5.988614109756252,2.011385890243748,0.7485767637195315,0.945906714483312,23.0,9.0,False,main,True
11865,2,2,6.988614109756252,2.011385890243748,0.7765126788618057,0.9529906315499544,18.0,8.0,False,main,True
11865,3,3,7.988614109756252,2.011385890243748,0.7988614109756252,0.958430938417445,14.0,7.0,False,main,False
11865,4,4,8.988614109756252,2.011385890243748,0.8171467372505684,0.9627409773042898,10.0,5.0,False,main,False
11865,5,5,9.988614109756252,2.011385890243748,0.8323845091463543,0.9662402305684183,8.0,4.0,False,main,False
11865,6,6,10.988614109756252,2.011385890243748,0.8452780084427887,0.9691380267858455,5.0,3.0,False,main,False
11865,7,7,11.988614109756252,2.011385890243748,0.8563295792683038,0.9715772869054071,3.0,2.0,False,main,False
11865,8,8,12.988614109756252,2.011385890243748,0.8659076073170835,0.9736589417553493,1.0,1.0,False,main,False
11865,9,9,13.988614109756252,2.011385890243748,0.8742883818597658,0.9754563071759693,-1.0,-1.0,True,main,False
1356,1,1,6.071731737440126,1.9282682625598744,0.7589664671800157,0.9510617357828257,22.0,9.0,False,main,True
1356,2,2,7.071731737440126,1.9282682625598744,0.7857479708266806,0.9574459064363952,17.0,8.0,False,main,True
1356,3,3,8.071731737440125,1.9282682625598744,0.8071731737440124,0.9623541963411113,13.0,6.0,False,main,False
1356,4,4,9.071731737440125,1.9282682625598744,0.8247028852218296,0.9662459775768971,10.0,5.0,False,main,False
1356,5,5,10.071731737440125,1.9282682625598744,0.8393109781200104,0.9694077103297319,7.0,4.0,False,main,False
1356,6,6,11.071731737440125,1.9282682625598744,0.8516716721107789,0.972027371456536,5.0,3.0,False,main,False
1356,7,7,12.071731737440125,1.9282682625598744,0.8622665526742946,0.9742334578170367,3.0,2.0,False,main,False
1356,8,8,13.071731737440125,1.9282682625598744,0.8714487824960083,0.9761168022263911,1.0,1.0,False,main,False
1356,9,9,14.071731737440125,1.9282682625598744,0.8794832335900078,0.9777434384734411,-1.0,-1.0,True,main,False
8208,1,1,5.998381443126668,2.0016185568733316,0.7497976803908335,0.9465226856199649,23.0,9.0,False,main,True
8208,2,2,6.998381443126668,2.0016185568733316,0.7775979381251853,0.9535227727313474,18.0,8.0,False,main,False
8208,3,3,7.998381443126668,2.0016185568733316,0.7998381443126668,0.9588993929670289,14.0,7.0,False,main,False
8208,4,4,8.998381443126668,2.0016185568733316,0.8180346766478789,0.9631593920576632,10.0,5.0,False,main,False
8208,5,5,9.998381443126668,2.0016185568733316,0.833198453593889,0.9666182829334269,8.0,4.0,False,main,False
8208,6,6,10.998381443126668,2.0016185568733316,0.8460293417789745,0.9694828302903018,5.0,3.0,False,main,False
8208,7,7,11.998381443126668,2.0016185568733316,0.8570272459376191,0.9718942244867641,3.0,2.0,False,main,False
8208,8,8,12.998381443126668,2.0016185568733316,0.8665587628751112,0.9739521856063167,1.0,1.0,False,main,False
8208,9,9,13.998381443126668,2.0016185568733316,0.8748988401954167,0.9757291568547022,-1.0,-1.0,True,main,False
8807,0,1,4.914275694421942,3.085724305578058,0.6142844618027428,0.8637393451357872,64.0,17.0,False,main,True
616,1,1,5.9373579854689735,2.0626420145310265,0.7421697481836217,0.9426306419975212,24.0,9.0,False,main,True
11548,0,1,4.933858398911078,3.0661416010889218,0.6167322998638848,0.8654669056702029,63.0,17.0,False,main,True
764,1,1,5.896863699910735,2.103136300089264,0.7371079624888419,0.9399913308281984,25.0,10.0,False,main,True
1895,0,1,5.076459572209288,2.923540427790712,0.634557446526161,0.8778083792950702,56.0,16.0,False,main,True
9140,1,1,5.945169260318805,2.054830739681196,0.7431461575398506,0.9431346035944826,24.0,9.0,False,main,True
5855,0,1,4.982118422602053,3.0178815773979473,0.6227648028252566,0.8696907564418866,61.0,17.0,False,main,True
7372,0,1,4.950331951054381,3.0496680489456187,0.6187914938817977,0.8669140993082957,62.0,17.0,False,main,True
10272,1,1,6.141762597072989,1.8582374029270108,0.7677203246341237,0.9552491578368042,21.0,9.0,False,main,True
10272,2,2,7.141762597072989,1.8582374029270108,0.7935291774525544,0.9610680252246282,16.0,8.0,False,main,False
10272,3,3,8.14176259707299,1.8582374029270108,0.814176259707299,0.9655458196528189,13.0,6.0,False,main,False
10272,4,4,9.14176259707299,1.8582374029270108,0.8310693270066355,0.9690987462437826,10.0,5.0,False,main,False
10272,5,5,10.14176259707299,1.8582374029270108,0.8451468830894159,0.971986776360557,7.0,4.0,False,main,False
10272,6,6,11.14176259707299,1.8582374029270108,0.8570586613133069,0.974380721732018,5.0,3.0,False,main,False
10272,7,7,12.14176259707299,1.8582374029270108,0.867268756933785,0.9763974632637515,3.0,2.0,False,main,False
10272,8,8,13.14176259707299,1.8582374029270108,0.8761175064715326,0.978119690304973,1.0,1.0,False,main,False
10272,9,9,14.14176259707299,1.8582374029270108,0.8838601623170619,0.9796075573258844,-1.0,-1.0,True,main,False
1080,0,1,5.002777138675301,2.9972228613247,0.6253471423344126,0.8714841821475195,59.0,17.0,False,main,True
10056,0,1,4.836762040016104,3.163237959983896,0.604595255002013,0.8568246216646749,69.0,18.0,False,main,True
10056,0,2,4.836762040016104,4.163237959983896,0.5374180044462338,0.7923405555351728,126.0,26.0,False,main,False
10056,0,3,4.836762040016104,5.163237959983896,0.48367620400161043,0.7341098930806302,229.0,36.0,False,main,True
10056,0,4,4.836762040016104,6.163237959983896,0.43970564000146406,0.6824099663079279,427.0,50.0,False,main,True
11423,0,1,5.111216908724284,2.8887830912757155,0.6389021135905355,0.8807520658615361,54.0,16.0,False,main,True
2245,0,1,5.066837033092493,2.933162966907507,0.6333546291365616,0.876988921490535,56.0,17.0,False,main,True
7288,1,1,6.051626553069362,1.9483734469306382,0.7564533191336702,0.9498329647109096,22.0,9.0,False,main,True
7288,2,2,7.051626553069362,1.9483734469306382,0.7835140614521513,0.956383551736963,17.0,8.0,False,main,True
7288,3,3,8.051626553069362,1.9483734469306382,0.8051626553069362,0.9614184532202642,13.0,7.0,False,main,False
7288,4,4,9.051626553069362,1.9483734469306382,0.8228751411881238,0.9654098233168287,10.0,5.0,False,main,False
7288,5,5,10.051626553069362,1.9483734469306382,0.8376355460891135,0.9686519525448393,7.0,4.0,False,main,False
7288,6,6,11.051626553069362,1.9483734469306382,0.850125119466874,0.9713378854154225,5.0,3.0,False,main,False
7288,7,7,12.051626553069362,1.9483734469306382,0.860830468076383,0.9735995446992154,3.0,2.0,False,main,False
7288,8,8,13.051626553069362,1.9483734469306382,0.8701084368712908,0.9755301630177358,1.0,1.0,False,main,False
7288,9,9,14.051626553069362,1.9483734469306382,0.8782266595668351,0.9771975055775975,-1.0,-1.0,True,main,False
7076,0,1,5.007291748237285,2.992708251762715,0.6259114685296606,0.8718749274530047,59.0,17.0,False,main,True
2015,1,1,5.952917187658857,2.0470828123411433,0.7441146484573571,0.9436328176798964,24.0,9.0,False,main,True
2015,2,2,6.952917187658857,2.0470828123411433,0.7725463541843174,0.951026702580018,18.0,8.0,False,main,True
2015,3,3,7.952917187658857,2.0470828123411433,0.7952917187658857,0.9567023810590309,14.0,7.0,False,main,False
2015,4,4,8.952917187658857,2.0470828123411433,0.8139015625144416,0.9611972886607164,11.0,5.0,False,main,False
2015,5,5,9.952917187658857,2.0470828123411433,0.8294097656382381,0.9648456160950514,8.0,4.0,False,main,False
2015,6,6,10.952917187658857,2.0470828123411433,0.8425320913583736,0.9678661858403264,5.0,3.0,False,main,False
2015,7,7,11.952917187658857,2.0470828123411433,0.8537797991184898,0.9704083237841229,3.0,2.0,False,main,False
2015,8,8,12.952917187658857,2.0470828123411433,0.8635278125105904,0.972577439859607,1.0,1.0,False,main,False
2015,9,9,13.952917187658857,2.0470828123411433,0.8720573242286785,0.9744500770741618,-1.0,-1.0,True,main,False
11348,1,1,6.085138941425118,1.9148610585748824,0.7606423676781398,0.9518746075498721,22.0,9.0,False,main,True
11348,2,2,7.085138941425118,1.9148610585748824,0.7872376601583464,0.958148820025426,17.0,8.0,False,main,True
11348,3,3,8.085138941425118,1.9148610585748824,0.8085138941425118,0.9629734228411138,13.0,6.0,False,main,True
11348,4,4,9.085138941425118,1.9148610585748824,0.825921721947738,0.9667993608779603,10.0,5.0,False,main,False
11348,5,5,10.085138941425118,1.9148610585748824,0.8404282451187598,0.969907928526116,7.0,4.0,False,main,False
11348,6,6,11.085138941425118,1.9148610585748824,0.8527029954942399,0.9724837578185093,5.0,3.0,False,main,False
11348,7,7,12.085138941425118,1.9148610585748824,0.8632242101017942,0.9746530835406877,3.0,2.0,False,main,False
11348,8,8,13.085138941425118,1.9148610585748824,0.8723425960950079,0.9765051534698139,1.0,1.0,False,main,False
11348,9,9,14.085138941425118,1.9148610585748824,0.8803211838390699,0.9781048575300032,-1.0,-1.0,True,main,False
935,0,1,4.987394209924444,3.0126057900755554,0.6234242762405555,0.8701495980549061,60.0,17.0,False,main,True
935,0,2,4.987394209924444,4.012605790075556,0.5541549122138272,0.8059710752292039,108.0,24.0,False,main,True
9606,0,1,5.0935711955870016,2.9064288044129984,0.6366963994483752,0.879260793994902,55.0,16.0,False,main,True
9606,0,2,5.0935711955870016,3.9064288044129984,0.5659523550652223,0.8153836160571991,98.0,24.0,False,main,False
9606,0,3,5.0935711955870016,4.9064288044129984,0.5093571195587001,0.7568266603329082,172.0,33.0,False,main,True
9606,0,4,5.0935711955870016,5.9064288044129984,0.4630519268715456,0.7044139328776367,304.0,44.0,False,main,True
5244,1,1,6.081860655300357,1.9181393446996426,0.7602325819125446,0.9516763321994415,22.0,9.0,False,main,True
1616,1,1,5.903482368858944,2.0965176311410563,0.737935296107368,0.9404257647719095,25.0,10.0,False,main,True
7628,1,1,6.08976966744158,1.9102303325584198,0.7612212084301975,0.9521541434711357,22.0,9.0,False,main,True
7628,2,2,7.08976966744158,1.9102303325584198,0.7877521852712867,0.9583905671174708,17.0,8.0,False,main,False
7628,3,3,8.08976966744158,1.9102303325584198,0.808976966744158,0.9631864041054649,13.0,6.0,False,main,False
7628,4,4,9.08976966744158,1.9102303325584198,0.8263426970401436,0.9669897065828316,10.0,5.0,False,main,False
7628,5,5,10.08976966744158,1.9102303325584198,0.840814138953465,0.970079995117335,7.0,4.0,False,main,False
7628,6,6,11.08976966744158,1.9102303325584198,0.8530592051878139,0.9726407529044927,5.0,3.0,False,main,False
7628,7,7,12.08976966744158,1.9102303325584198,0.8635549762458271,0.9747974376233456,3.0,2.0,False,main,False
7628,8,8,13.08976966744158,1.9102303325584198,0.872651311162772,0.9766387524421613,1.0,1.0,False,main,False
7628,9,9,14.08976966744158,1.9102303325584198,0.8806106042150987,0.9782291942072501,-1.0,-1.0,True,main,False
1803,1,1,5.944738970318923,2.0552610296810765,0.7430923712898654,0.9431068861836432,24.0,9.0,False,main,True
1803,2,2,6.944738970318923,2.0552610296810765,0.7716376633687693,0.9505725761012892,18.0,8.0,False,main,True
1803,3,3,7.944738970318923,2.0552610296810765,0.7944738970318923,0.9563027535567105,14.0,7.0,False,main,True
1803,4,4,8.944738970318923,2.0552610296810765,0.8131580882108111,0.9608404514880564,11.0,5.0,False,main,False
1803,5,5,9.944738970318923,2.0552610296810765,0.8287282475265769,0.9645232747738915,8.0,4.0,False,main,False
1803,6,6,10.944738970318923,2.0552610296810765,0.8419029977168402,0.9675722482471517,5.0,3.0,False,main,False
1803,7,7,11.944738970318923,2.0552610296810765,0.8531956407370659,0.9701381828401745,3.0,2.0,False,main,False
1803,8,8,12.944738970318923,2.0552610296810765,0.8629825980212615,0.9723275265894659,1.0,1.0,False,main,False
1803,9,9,13.944738970318923,2.0552610296810765,0.8715461856449327,0.9742175702015534,-1.0,-1.0,True,main,False
8968,1,1,5.958493725243198,2.0415062747568022,0.7448117156553997,0.9439903785836838,24.0,9.0,False,main,True
8968,2,2,6.958493725243198,2.0415062747568022,0.7731659694714664,0.9513354699830278,18.0,8.0,False,main,True
8968,3,3,7.958493725243198,2.0415062747568022,0.7958493725243198,0.9569741094220523,14.0,7.0,False,main,True
8968,4,4,8.958493725243198,2.0415062747568022,0.8144085204766544,0.9614399323063573,11.0,5.0,False,main,False
8968,5,5,9.958493725243198,2.0415062747568022,0.8298744771035999,0.9650648108062798,8.0,4.0,False,main,False
8968,6,6,10.958493725243198,2.0415062747568022,0.8429610557879383,0.9680660714933068,5.0,3.0,False,main,False
8968,7,7,11.958493725243198,2.0415062747568022,0.854178123231657,0.9705920314077022,3.0,2.0,False,main,False
8968,8,8,12.958493725243198,2.0415062747568022,0.8638995816828798,0.9727473951700513,1.0,1.0,False,main,False
8968,9,9,13.958493725243198,2.0415062747568022,0.8724058578276999,0.9746081977298433,-1.0,-1.0,True,main,False
8567,0,1,5.020587104898471,2.9794128951015284,0.6275733881123089,0.8730231989927962,59.0,17.0,False,main,True
7388,0,1,4.875828176741383,3.1241718232586173,0.6094785220926728,0.8603248081586458,67.0,18.0,False,main,True
3982,1,1,5.986715530502465,2.0132844694975347,0.7483394413128082,0.945786670507169,23.0,9.0,False,main,True
167,0,1,4.894378001690957,3.1056219983090427,0.6117972502113697,0.8619759792034976,66.0,18.0,False,main,True
4875,1,1,5.877487679314543,2.1225123206854577,0.7346859599143178,0.9387127465954022,25.0,10.0,False,main,True
7915,1,1,5.841099807443507,2.1589001925564926,0.7301374759304384,0.9362844695261946,26.0,10.0,False,main,True
7915,2,2,6.841099807443507,2.1589001925564926,0.7601222008270564,0.9446853820428349,20.0,8.0,False,main,False
7915,3,3,7.841099807443507,2.1589001925564926,0.7841099807443508,0.9511245155273015,15.0,7.0,False,main,False
7915,4,4,8.841099807443507,2.1589001925564926,0.8037363461312279,0.9562183521049689,11.0,5.0,False,main,False
7915,5,5,9.841099807443507,2.1589001925564926,0.8200916506202923,0.9603491983700401,8.0,4.0,False,main,False
7915,6,6,10.841099807443507,2.1589001925564926,0.8339307544187313,0.9637668664967444,5.0,3.0,False,main,False
7915,7,7,11.841099807443507,2.1589001925564926,0.845792843388822,0.9666415534059676,3.0,2.0,False,main,False
7915,8,8,12.841099807443507,2.1589001925564926,0.8560733204962339,0.9690932445265559,1.0,1.0,False,main,False
7915,9,9,13.841099807443507,2.1589001925564926,0.8650687379652192,0.9712089725859264,-1.0,-1.0,True,main,False
6923,0,1,4.845983766975167,3.1540162330248327,0.6057479708718959,0.8576536364520035,69.0,18.0,False,main,True
6424,1,1,5.839178059894302,2.1608219401056976,0.7298972574867878,0.9361552490319786,26.0,10.0,False,main,True
2494,1,1,5.869682296081266,2.1303177039187338,0.7337102870101583,0.9381948392012747,25.0,10.0,False,main,True
2494,2,2,6.869682296081266,2.1303177039187338,0.7632980328979184,0.946333178136372,19.0,8.0,False,main,False
2494,3,3,7.869682296081266,2.1303177039187338,0.7869682296081266,0.9525734254198519,15.0,7.0,False,main,False
