arm,s,n,post_a,post_b,q_mean,q_opt,m_mean,m_opt,confirmed,sel_kind,would_differ
3990,1,1,6.752673023764741,1.2473269762352592,0.8440841279705926,0.9848803500493338,14.0,8.0,False,main,True
7986,0,1,5.629939673981919,2.37006032601808,0.7037424592477399,0.921518081985178,36.0,14.0,False,main,True
7986,0,2,5.629939673981919,3.37006032601808,0.6255488526646578,0.8604045354306643,63.0,20.0,False,main,False
7986,0,3,5.629939673981919,4.370060326018081,0.562993967398192,0.8019614063417158,104.0,27.0,False,main,True
7986,0,4,5.629939673981919,5.370060326018081,0.5118126976347199,0.7485433994484432,172.0,36.0,False,main,True
5841,1,1,6.673233594078663,1.326766405921337,0.8341541992598329,0.9818071924781054,15.0,8.0,False,main,True
2816,1,1,6.627717098302966,1.3722829016970337,0.8284646372878708,0.9799315376380271,15.0,8.0,False,main,True
4534,1,1,6.602170355872817,1.3978296441271834,0.8252712944841021,0.9788431948031923,16.0,8.0,False,main,True
1681,1,1,6.60584871129971,1.3941512887002903,0.8257310889124637,0.9790014575374039,16.0,8.0,False,main,True
8776,0,1,5.833243671547137,2.1667563284528626,0.7291554589433922,0.9357555993999076,32.0,13.0,False,main,True
5705,1,1,6.607842072198133,1.3921579278018679,0.8259802590247666,0.9790870046453969,16.0,8.0,False,main,True
8979,0,1,5.624464445204796,2.3755355547952037,0.7030580556505995,0.9211203529049046,37.0,14.0,False,main,True
9390,1,1,6.657617553339149,1.3423824466608516,0.8322021941673936,0.9811729385842428,15.0,8.0,False,main,True
2859,0,1,5.864797942562617,2.135202057437383,0.7330997428203271,0.9378699218486062,31.0,13.0,False,main,True
9993,1,1,6.640297924155587,1.359702075844413,0.8300372405194484,0.9804581577782037,15.0,8.0,False,main,True
9993,2,2,7.640297924155587,1.359702075844413,0.848921991572843,0.9829388648473711,12.0,7.0,False,main,False
9993,3,3,8.640297924155586,1.359702075844413,0.8640297924155587,0.9848604401564176,10.0,6.0,False,main,False
9993,4,4,9.640297924155586,1.359702075844413,0.8763907203777805,0.9863928371564351,8.0,5.0,False,main,False
9993,5,5,10.640297924155586,1.359702075844413,0.8866914936796322,0.987643448103332,6.0,4.0,False,main,False
9993,6,6,11.640297924155586,1.359702075844413,0.8954075326273527,0.9886834715598579,4.0,3.0,False,main,False
9993,7,7,12.640297924155586,1.359702075844413,0.9028784231539705,0.9895619782672931,2.0,2.0,False,main,False
9993,8,8,13.640297924155586,1.359702075844413,0.9093531949437057,0.9903138892828249,1.0,1.0,False,main,False
9993,9,9,14.640297924155586,1.359702075844413,0.9150186202597241,0.9909647339526235,-1.0,-1.0,True,main,False
5386,1,1,6.603626079102938,1.3963739208970622,0.8254532598878672,0.9789058902386345,16.0,8.0,False,main,True
1610,1,1,6.838786096204751,1.1612139037952494,0.8548482620255938,0.9879120947332678,14.0,8.0,False,main,True
4683,1,1,6.8199336041309735,1.180066395869027,0.8524917005163717,0.9872757450592279,14.0,8.0,False,main,True
1818,1,1,6.7699405458306074,1.230059454169393,0.8462425682288259,0.985513715539705,14.0,8.0,False,main,True
6283,1,1,6.830383465131354,1.1696165348686458,0.8537979331414193,0.9876303941539393,14.0,8.0,False,main,True
6283,2,2,7.830383465131354,1.1696165348686458,0.8700426072368171,0.9891855246533973,11.0,7.0,False,main,False
6283,3,3,8.830383465131355,1.1696165348686458,0.8830383465131355,0.9903932308195322,9.0,6.0,False,main,False
6283,4,4,9.830383465131355,1.1696165348686458,0.8936712241028505,0.9913582553613322,7.0,5.0,False,main,False
6283,5,5,10.830383465131355,1.1696165348686458,0.9025319554276129,0.9921470766751285,5.0,4.0,False,main,False
6283,6,6,11.830383465131355,1.1696165348686458,0.9100294973177966,0.9928039215561374,4.0,3.0,False,main,False
6283,7,7,12.830383465131355,1.1696165348686458,0.9164559617950968,0.9933593571305797,2.0,2.0,False,main,False
6283,8,8,13.830383465131355,1.1696165348686458,0.9220255643420904,0.9938351868100181,1.0,1.0,False,main,False
6283,9,9,14.830383465131355,1.1696165348686458,0.9268989665707097,0.9942473811731791,-1.0,-1.0,True,main,False
1653,0,1,5.734555513859551,2.2654444861404492,0.7168194392324438,0.9289752149915365,34.0,14.0,False,main,True
4356,1,1,6.830842152733873,1.169157847266127,0.8538552690917341,0.9876458517428456,14.0,8.0,False,main,True
6331,1,1,6.80172272850463,1.1982772714953702,0.8502153410630787,0.986646346831363,14.0,8.0,False,main,True
11261,1,1,6.693710238500413,1.3062897614995874,0.8367137798125516,0.9826240257841319,15.0,8.0,False,main,True
11261,2,2,7.693710238500413,1.3062897614995874,0.8548566931667125,0.9848238852839476,12.0,7.0,False,main,False
11261,3,3,8.693710238500412,1.3062897614995874,0.8693710238500412,0.9865291324278358,10.0,6.0,False,main,False
11261,4,4,9.693710238500412,1.3062897614995874,0.8812463853182192,0.9878897673144326,7.0,5.0,False,main,False
11261,5,5,10.693710238500412,1.3062897614995874,0.8911425198750343,0.9890006909322921,6.0,4.0,False,main,False
11261,6,6,11.693710238500412,1.3062897614995874,0.8995161721923394,0.9899248814702271,4.0,3.0,False,main,False
11261,7,7,12.693710238500412,1.3062897614995874,0.9066935884643151,0.9907057780792912,2.0,2.0,False,main,False
11261,8,8,13.693710238500412,1.3062897614995874,0.9129140159000274,0.9913743140485685,1.0,1.0,False,main,False
11261,9,9,14.693710238500412,1.3062897614995874,0.9183568899062757,0.991953115661037,-1.0,-1.0,True,main,False
4139,0,1,5.66253709829186,2.3374629017081396,0.7078171372864825,0.9238708006889235,36.0,14.0,False,main,True
8099,1,1,6.590516296878017,1.4094837031219827,0.8238145371097522,0.9783383393295721,16.0,8.0,False,main,True
8099,2,2,7.590516296878017,1.4094837031219827,0.8433906996531131,0.9810949587700389,13.0,7.0,False,main,False
8099,3,3,8.590516296878018,1.4094837031219827,0.8590516296878018,0.9832288418851358,10.0,6.0,False,main,False
8099,4,4,9.590516296878018,1.4094837031219827,0.8718651178980017,0.9849296753088126,8.0,5.0,False,main,False
8099,5,5,10.590516296878018,1.4094837031219827,0.8825430247398348,0.9863171828435239,6.0,4.0,False,main,False
8099,6,6,11.590516296878018,1.4094837031219827,0.8915781766829245,0.9874706670801502,4.0,3.0,False,main,False
8099,7,7,12.590516296878018,1.4094837031219827,0.8993225926341442,0.9884447444701536,2.0,2.0,False,main,False
8099,8,8,13.590516296878018,1.4094837031219827,0.9060344197918678,0.9892782594404729,1.0,1.0,False,main,False
8099,9,9,14.590516296878018,1.4094837031219827,0.9119072685548761,0.9899995953384093,-1.0,-1.0,True,main,False
3784,1,1,6.810878013957488,1.1891219860425113,0.851359751744686,0.9869645659812349,14.0,8.0,False,main,True
8603,0,1,5.602175271668006,2.3978247283319942,0.7002719089585008,0.9194937007914321,37.0,14.0,False,main,True
8309,1,1,6.780433345070724,1.2195666549292756,0.8475541681338405,0.9858924219740623,14.0,8.0,False,main,True
8309,2,2,7.780433345070724,1.2195666549292756,0.8644925938967472,0.9876706293431328,11.0,7.0,False,main,False
8309,3,3,8.780433345070724,1.2195666549292756,0.8780433345070724,0.9890506396036284,9.0,6.0,False,main,False
8309,4,4,9.780433345070724,1.2195666549292756,0.8891303040973386,0.9901527634280087,7.0,5.0,False,main,False
8309,5,5,10.780433345070724,1.2195666549292756,0.8983694454225604,0.9910532712591371,5.0,4.0,False,main,False
8309,6,6,11.780433345070724,1.2195666549292756,0.9061871803900557,0.9918028578472728,4.0,3.0,False,main,False
8309,7,7,12.780433345070724,1.2195666549292756,0.9128880960764804,0.992436534608141,2.0,2.0,False,main,False
8309,8,8,13.780433345070724,1.2195666549292756,0.9186955563380483,0.9929792597248894,1.0,1.0,False,main,False
8309,9,9,14.780433345070724,1.2195666549292756,0.9237770840669203,0.9934493051553447,-1.0,-1.0,True,main,False
1763,0,1,5.791334419499376,2.2086655805006243,0.723916802437422,0.9329069711443069,33.0,14.0,False,main,True
4179,0,1,5.816250846140073,2.183749153859927,0.7270313557675091,0.9346061032646206,32.0,14.0,False,main,True
7015,1,1,6.730252075017213,1.2697479249827872,0.8412815093771516,0.9840393016772259,15.0,8.0,False,main,True
872,1,1,6.594292904196571,1.4057070958034288,0.8242866130245714,0.9785025131096144,16.0,8.0,False,main,True
872,2,2,7.594292904196571,1.4057070958034288,0.8438103226885079,0.9812377284438066,13.0,7.0,False,main,True
872,3,3,8.594292904196571,1.4057070958034288,0.8594292904196571,0.9833551491404714,10.0,6.0,False,main,False
872,4,4,9.594292904196571,1.4057070958034288,0.872208445836052,0.9850429265267029,8.0,5.0,False,main,False
872,5,5,10.594292904196571,1.4057070958034288,0.8828577420163809,0.9864198257240191,6.0,4.0,False,main,False
872,6,6,11.594292904196571,1.4057070958034288,0.8918686849381978,0.9875645196851743,4.0,3.0,False,main,False
872,7,7,12.594292904196571,1.4057070958034288,0.899592350299755,0.9885311942027303,2.0,2.0,False,main,False
872,8,8,13.594292904196571,1.4057070958034288,0.9062861936131047,0.9893583891525989,1.0,1.0,False,main,False
872,9,9,14.594292904196571,1.4057070958034288,0.9121433065122857,0.9900742664153944,-1.0,-1.0,True,main,False
2608,1,1,6.7546505165968584,1.2453494834031416,0.8443313145746073,0.984953520522845,14.0,8.0,False,main,True
10525,0,1,5.690191216418028,2.3098087835819725,0.7112739020522535,0.92584616334022,35.0,14.0,False,main,True
10525,0,2,5.690191216418028,3.3098087835819725,0.632243468490892,0.8651903240020097,60.0,20.0,False,main,False
10525,0,3,5.690191216418028,4.309808783581973,0.5690191216418028,0.806834446239868,99.0,27.0,False,main,False
10525,0,4,5.690191216418028,5.309808783581973,0.5172901105834571,0.7533472791882732,162.0,36.0,False,main,True
10525,0,5,5.690191216418028,6.309808783581973,0.474182601368169,0.7051512568894531,268.0,47.0,False,main,True
444,1,1,6.816563059036575,1.183436940963425,0.8520703823795719,0.9871603388396962,14.0,8.0,False,main,True
3656,1,1,6.653875693157272,1.3461243068427278,0.831734461644659,0.9810195178666713,15.0,8.0,False,main,True
3237,0,1,5.744546845462999,2.255453154537001,0.7180683556828749,0.9296730568702504,34.0,14.0,False,main,True
11274,1,1,6.673773023129284,1.326226976870716,0.8342216278911605,0.9818289273988786,15.0,8.0,False,main,True
11582,1,1,6.840833700558606,1.1591662994413945,0.8551042125698257,0.9879802708623913,14.0,8.0,False,main,True
11582,2,2,7.840833700558606,1.1591662994413945,0.8712037445065117,0.9894905945756401,11.0,7.0,False,main,False
11582,3,3,8.840833700558605,1.1591662994413945,0.8840833700558605,0.9906636710672428,9.0,6.0,False,main,False
11582,4,4,9.840833700558605,1.1591662994413945,0.8946212455053277,0.9916011284480495,7.0,5.0,False,main,False
11582,5,5,10.840833700558605,1.1591662994413945,0.9034028083798837,0.9923674840452504,5.0,4.0,False,main,False
11582,6,6,11.840833700558605,1.1591662994413945,0.9108333615814311,0.9930056682517379,4.0,3.0,False,main,False
11582,7,7,12.840833700558605,1.1591662994413945,0.9172024071827575,0.9935453568185281,2.0,2.0,False,main,False
11582,8,8,13.840833700558605,1.1591662994413945,0.922722246703907,0.9940077200728964,1.0,1.0,False,main,False
11582,9,9,14.840833700558605,1.1591662994413945,0.9275521062849128,0.9944082665538378,-1.0,-1.0,True,main,False
7564,1,1,6.836250656218529,1.1637493437814708,0.8545313320273161,0.9878274201373743,14.0,8.0,False,main,True
6064,1,1,6.870110389787619,1.1298896102123814,0.8587637987234523,0.9889347525070582,13.0,8.0,False,main,True
6064,2,2,7.870110389787619,1.1298896102123814,0.874456709976402,0.9903230211655111,11.0,7.0,False,main,False
6064,3,3,8.87011038978762,1.1298896102123814,0.887011038978762,0.9914017281959328,9.0,6.0,False,main,False
6064,4,4,9.87011038978762,1.1298896102123814,0.8972827627079654,0.9922640392538441,7.0,5.0,False,main,False
6064,5,5,10.87011038978762,1.1298896102123814,0.9058425324823016,0.9929691398146516,5.0,4.0,False,main,False
6064,6,6,11.87011038978762,1.1298896102123814,0.9130854145990477,0.9935564336887908,4.0,3.0,False,main,False
6064,7,7,12.87011038978762,1.1298896102123814,0.9192935992705442,0.9940531707991775,2.0,2.0,False,main,False
6064,8,8,13.87011038978762,1.1298896102123814,0.9246740259858413,0.9944787979625628,1.0,1.0,False,main,False
6064,9,9,14.87011038978762,1.1298896102123814,0.9293818993617262,0.9948475654875731,-1.0,-1.0,True,main,False
8207,1,1,6.745911315729955,1.2540886842700458,0.8432389144662443,0.9846289167287744,14.0,8.0,False,main,True
8207,2,2,7.745911315729955,1.2540886842700458,0.8606568128588838,0.9865698071558927,12.0,7.0,False,main,False
8207,3,3,8.745911315729956,1.2540886842700458,0.8745911315729954,0.9880753681178597,9.0,6.0,False,main,False
8207,4,4,9.745911315729956,1.2540886842700458,0.8859919377936322,0.9892773256080766,7.0,5.0,False,main,False
8207,5,5,10.745911315729956,1.2540886842700458,0.8954926096441628,0.9902591198943924,5.0,4.0,False,main,False
8207,6,6,11.745911315729956,1.2540886842700458,0.9035316396715349,0.9910761763014242,4.0,3.0,False,main,False
8207,7,7,12.745911315729956,1.2540886842700458,0.9104222368378538,0.9917667537903075,2.0,2.0,False,main,False
8207,8,8,13.745911315729956,1.2540886842700458,0.9163940877153303,0.9923581140857118,1.0,1.0,False,main,False
8207,9,9,14.745911315729956,1.2540886842700458,0.9216194572331222,0.9928702085058515,-1.0,-1.0,True,main,False
9528,0,1,5.663952577286895,2.336047422713105,0.7079940721608619,0.9239723702201161,36.0,14.0,False,main,True
9528,0,2,5.663952577286895,3.336047422713105,0.6293280641429884,0.8631131247750642,61.0,20.0,False,main,False
9528,0,3,5.663952577286895,4.336047422713105,0.5663952577286895,0.8047172572272088,101.0,27.0,False,main,True
9528,0,4,5.663952577286895,5.336047422713105,0.514904779753354,0.7512590644515077,166.0,36.0,False,main,True
10591,1,1,6.642973566307106,1.357026433692894,0.8303716957883882,0.980569355535887,15.0,8.0,False,main,True
10591,2,2,7.642973566307106,1.357026433692894,0.8492192851452339,0.9830356171138261,12.0,7.0,False,main,False
10591,3,3,8.642973566307106,1.357026433692894,0.8642973566307106,0.9849460710927371,10.0,6.0,False,main,False
10591,4,4,9.642973566307106,1.357026433692894,0.8766339605733733,0.9864696412935328,8.0,5.0,False,main,False
10591,5,5,10.642973566307106,1.357026433692894,0.8869144638589255,0.9877130759546895,6.0,4.0,False,main,False
10591,6,6,11.642973566307106,1.357026433692894,0.8956133512543928,0.9887471501032551,4.0,3.0,False,main,False
10591,7,7,12.642973566307106,1.357026433692894,0.9030695404505076,0.9896206444830147,2.0,2.0,False,main,False
10591,8,8,13.642973566307106,1.357026433692894,0.9095315710871403,0.9903682748932903,1.0,1.0,False,main,False
10591,9,9,14.642973566307106,1.357026433692894,0.9151858478941941,0.9910154213097866,-1.0,-1.0,True,main,False
11059,1,1,6.618711340927582,1.3812886590724174,0.8273389176159478,0.9795507653395344,16.0,8.0,False,main,True
11059,2,2,7.618711340927582,1.3812886590724174,0.846523482325287,0.9821494547019629,12.0,7.0,False,main,False
11059,3,3,8.618711340927582,1.3812886590724174,0.8618711340927583,0.9841618404051279,10.0,6.0,False,main,False
11059,4,4,9.618711340927582,1.3812886590724174,0.8744283037206894,0.9857662984934242,8.0,5.0,False,main,False
11059,5,5,10.618711340927582,1.3812886590724174,0.8848926117439652,0.9870754872143068,6.0,4.0,False,main,False
11059,6,6,11.618711340927582,1.3812886590724174,0.8937470262251986,0.9881640671572843,4.0,3.0,False,main,False
11059,7,7,12.618711340927582,1.3812886590724174,0.9013365243519702,0.9890834789117935,2.0,2.0,False,main,False
11059,8,8,13.618711340927582,1.3812886590724174,0.9079140893951722,0.9898703205324814,1.0,1.0,False,main,False
11059,9,9,14.618711340927582,1.3812886590724174,0.9136694588079739,0.9905513415318464,-1.0,-1.0,True,main,False
2673,1,1,6.686711902430508,1.3132880975694918,0.8358389878038135,0.9823467595076351,15.0,8.0,False,main,True
1090,1,1,6.659361881100593,1.3406381188994068,0.8324202351375741,0.9812442679548765,15.0,8.0,False,main,True
5095,1,1,6.771621060441686,1.228378939558314,0.8464526325552107,0.9855746832738287,14.0,8.0,False,main,True
3168,1,1,6.760260252684487,1.2397397473155127,0.8450325315855609,0.985160195078578,14.0,8.0,False,main,True
3168,2,2,7.760260252684487,1.2397397473155127,0.8622511391871652,0.9870326300933527,12.0,7.0,False,main,False
3168,3,3,8.760260252684487,1.2397397473155127,0.8760260252684487,0.988485371084465,9.0,6.0,False,main,False
3168,4,4,9.760260252684487,1.2397397473155127,0.8872963866076806,0.9896453343834273,7.0,5.0,False,main,False
3168,5,5,10.760260252684487,1.2397397473155127,0.896688354390374,0.9905929403937258,5.0,4.0,False,main,False
3168,6,6,11.760260252684487,1.2397397473155127,0.9046354040526529,0.9913816224970182,4.0,3.0,False,main,False
3168,7,7,12.760260252684487,1.2397397473155127,0.9114471609060348,0.9920482724772174,2.0,2.0,False,main,False
3168,8,8,13.760260252684487,1.2397397473155127,0.9173506835122992,0.9926191824678489,1.0,1.0,False,main,False
3168,9,9,14.760260252684487,1.2397397473155127,0.9225162657927805,0.9931135970271344,-1.0,-1.0,True,main,False
11569,1,1,6.599305887545261,1.4006941124547398,0.8249132359431576,0.978719589013168,16.0,8.0,False,main,True
11569,2,2,7.599305887545261,1.4006941124547398,0.8443673208383623,0.9814265121802637,13.0,7.0,False,main,True
11569,3,3,8.59930588754526,1.4006941124547398,0.859930588754526,0.9835221707681675,10.0,6.0,False,main,False
11569,4,4,9.59930588754526,1.4006941124547398,0.8726641715950236,0.9851926878650831,8.0,5.0,False,main,False
11569,5,5,10.59930588754526,1.4006941124547398,0.8832754906287716,0.9865555619210814,6.0,4.0,False,main,False
11569,6,6,11.59930588754526,1.4006941124547398,0.8922542990419431,0.9876886338716492,4.0,3.0,False,main,False
11569,7,7,12.59930588754526,1.4006941124547398,0.8999504205389471,0.9886455203734327,2.0,2.0,False,main,False
11569,8,8,13.59930588754526,1.4006941124547398,0.9066203925030173,0.9894643587925505,1.0,1.0,False,main,False
11569,9,9,14.59930588754526,1.4006941124547398,0.9124566179715787,0.9901730182891872,-1.0,-1.0,True,main,False
1558,1,1,6.8069546102280025,1.1930453897719975,0.8508693262785003,0.9868286403463989,14.0,8.0,False,main,True
8176,1,1,6.754562467544536,1.2454375324554636,0.844320308443067,0.9849502660577295,14.0,8.0,False,main,True
8176,2,2,7.754562467544536,1.2454375324554636,0.8616180519493929,0.9868497418385688,12.0,7.0,False,main,False
8176,3,3,8.754562467544536,1.2454375324554636,0.8754562467544537,0.9883233492022657,9.0,6.0,False,main,False
8176,4,4,9.754562467544536,1.2454375324554636,0.8867784061404124,0.9894999032911984,7.0,5.0,False,main,False
8176,5,5,10.754562467544536,1.2454375324554636,0.8962135389620447,0.990461016900407,5.0,4.0,False,main,False
8176,6,6,11.754562467544536,1.2454375324554636,0.9041971128880413,0.9912609100203557,4.0,3.0,False,main,False
8176,7,7,12.754562467544536,1.2454375324554636,0.9110401762531811,0.9919370143773034,2.0,2.0,False,main,False
8176,8,8,13.754562467544536,1.2454375324554636,0.9169708311696357,0.9925160050570974,1.0,1.0,False,main,False
8176,9,9,14.754562467544536,1.2454375324554636,0.9221601542215335,0.9930174057798241,-1.0,-1.0,True,main,False
3394,1,1,6.871353109685646,1.1286468903143534,0.8589191387107058,0.9889744233632899,13.0,8.0,False,main,True
3394,2,2,7.871353109685646,1.1286468903143534,0.8745947899650718,0.9903576248991133,11.0,7.0,False,main,False
3394,3,3,8.871353109685646,1.1286468903143534,0.8871353109685647,0.9914324129767286,9.0,6.0,False,main,False
3394,4,4,9.871353109685646,1.1286468903143534,0.8973957372441497,0.9922916026351063,7.0,5.0,False,main,False
3394,5,5,10.871353109685646,1.1286468903143534,0.9059460924738039,0.9929941583253407,5.0,4.0,False,main,False
3394,6,6,11.871353109685646,1.1286468903143534,0.9131810084373574,0.9935793376084717,4.0,3.0,False,main,False
3394,7,7,12.871353109685646,1.1286468903143534,0.9193823649775462,0.9940742897735707,2.0,2.0,False,main,False
3394,8,8,13.871353109685646,1.1286468903143534,0.924756873979043,0.9944983901191349,1.0,1.0,False,main,False
3394,9,9,14.871353109685646,1.1286468903143534,0.9294595693553529,0.994865836730647,-1.0,-1.0,True,main,False
10148,1,1,6.7455895056948325,1.2544104943051673,0.8431986882118541,0.9846169025439853,14.0,8.0,False,main,True
10148,2,2,7.7455895056948325,1.2544104943051673,0.8606210561883147,0.9865593418388464,12.0,7.0,False,main,False
10148,3,3,8.745589505694833,1.2544104943051673,0.8745589505694833,0.9880660977277936,9.0,6.0,False,main,False
10148,4,4,9.745589505694833,1.2544104943051673,0.8859626823358938,0.9892690051303118,7.0,5.0,False,main,False
10148,5,5,10.745589505694833,1.2544104943051673,0.895465792141236,0.9902515726891243,5.0,4.0,False,main,False
10148,6,6,11.745589505694833,1.2544104943051673,0.9035068850534487,0.9910692708210103,4.0,3.0,False,main,False
10148,7,7,12.745589505694833,1.2544104943051673,0.9103992504067737,0.9917603894313936,2.0,2.0,False,main,False
10148,8,8,13.745589505694833,1.2544104943051673,0.9163726337129888,0.992352212187536,1.0,1.0,False,main,False
10148,9,9,14.745589505694833,1.2544104943051673,0.921599344105927,0.9928647064004332,-1.0,-1.0,True,main,False
678,0,1,5.670320480089458,2.329679519910542,0.7087900600111823,0.9244286943842974,35.0,14.0,False,main,True
5246,0,1,5.736986916226472,2.263013083773527,0.717123364528309,0.9291452689796522,34.0,14.0,False,main,True
7931,1,1,6.661186825483352,1.3388131745166478,0.832648353185419,0.9813187643112633,15.0,8.0,False,main,True
7931,2,2,7.661186825483352,1.3388131745166478,0.8512429806092613,0.9836877456349403,12.0,7.0,False,main,False
7931,3,3,8.661186825483352,1.3388131745166478,0.8661186825483351,0.9855232896582939,10.0,6.0,False,main,False
7931,4,4,9.661186825483352,1.3388131745166478,0.8782897114075774,0.9869873956533659,8.0,5.0,False,main,False
7931,5,5,10.661186825483352,1.3388131745166478,0.8884322354569459,0.988182479111578,6.0,4.0,False,main,False
7931,6,6,11.661186825483352,1.3388131745166478,0.897014371191027,0.9891764648474357,4.0,3.0,False,main,False
7931,7,7,12.661186825483352,1.3388131745166478,0.9043704875345251,0.9900161816079831,2.0,2.0,False,main,False
7931,8,8,13.661186825483352,1.3388131745166478,0.9107457883655568,0.9907349633300727,1.0,1.0,False,main,False
7931,9,9,14.661186825483352,1.3388131745166478,0.9163241765927095,0.9913571842238057,-1.0,-1.0,True,main,False
10462,0,1,5.6151773383699215,2.3848226616300785,0.7018971672962402,0.9204440520211079,37.0,14.0,False,main,True
10462,0,2,5.6151773383699215,3.3848226616300785,0.6239085931522135,0.8592233748059446,63.0,20.0,False,main,False
10462,0,3,5.6151773383699215,4.3848226616300785,0.5615177338369921,0.8007613241053804,105.0,27.0,False,main,True
10462,0,4,5.6151773383699215,5.3848226616300785,0.5104706671245384,0.7473616749267995,174.0,36.0,False,main,True
8733,1,1,6.603187088729751,1.3968129112702496,0.8253983860912188,0.9788869922935769,16.0,8.0,False,main,True
8733,2,2,7.603187088729751,1.3968129112702496,0.8447985654144168,0.9815721043336443,13.0,7.0,False,main,False
8733,3,3,8.60318708872975,1.3968129112702496,0.8603187088729751,0.9836509844824575,10.0,6.0,False,main,False
8733,4,4,9.60318708872975,1.3968129112702496,0.873017008066341,0.9853081931025212,8.0,5.0,False,main,False
8733,5,5,10.60318708872975,1.3968129112702496,0.8835989240608125,0.9866602525437456,6.0,4.0,False,main,False
8733,6,6,11.60318708872975,1.3968129112702496,0.8925528529792116,0.9877843625101973,4.0,3.0,False,main,False
8733,7,7,12.60318708872975,1.3968129112702496,0.9002276491949822,0.9887337009862422,2.0,2.0,False,main,False
8733,8,8,13.60318708872975,1.3968129112702496,0.90687913924865,0.9895460950714995,1.0,1.0,False,main,False
8733,9,9,14.60318708872975,1.3968129112702496,0.9126991930456094,0.9902491882737011,-1.0,-1.0,True,main,False
7793,1,1,6.630837150254503,1.3691628497454973,0.8288546437818128,0.9800627181809551,15.0,8.0,False,main,True
7793,2,2,7.630837150254503,1.3691628497454973,0.8478707944727225,0.9825948188354018,12.0,7.0,False,main,False
7793,3,3,8.630837150254504,1.3691628497454973,0.8630837150254503,0.9845559563576024,10.0,6.0,False,main,False
7793,4,4,9.630837150254504,1.3691628497454973,0.8755306500231367,0.9861197502399665,8.0,5.0,False,main,False
7793,5,5,10.630837150254504,1.3691628497454973,0.885903095854542,0.9873958853099561,6.0,4.0,False,main,False
7793,6,6,11.630837150254504,1.3691628497454973,0.8946797807888079,0.988457067585374,4.0,3.0,False,main,False
7793,7,7,12.630837150254504,1.3691628497454973,0.9022026535896074,0.9893533998358678,2.0,2.0,False,main,False
7793,8,8,13.630837150254504,1.3691628497454973,0.9087224766836336,0.9901205335012526,1.0,1.0,False,main,False
7793,9,9,14.630837150254504,1.3691628497454973,0.9144273218909065,0.9907845293946592,-1.0,-1.0,True,main,False
11243,1,1,6.6886033151463185,1.311396684853682,0.8360754143932898,0.9824218907399953,15.0,8.0,False,main,True
11243,2,2,7.6886033151463185,1.311396684853682,0.8542892572384798,0.9846479142820795,12.0,7.0,False,main,False
11243,3,3,8.688603315146318,1.311396684853682,0.8688603315146318,0.9863733245986716,10.0,6.0,False,main,False
11243,4,4,9.688603315146318,1.311396684853682,0.8807821195587562,0.9877499748239604,8.0,5.0,False,main,False
11243,5,5,10.688603315146318,1.311396684853682,0.8907169429288598,0.9888739269626335,6.0,4.0,False,main,False
11243,6,6,11.688603315146318,1.311396684853682,0.8991233319343321,0.9898089237569978,4.0,3.0,False,main,False
11243,7,7,12.688603315146318,1.311396684853682,0.906328808224737,0.9905989284121663,2.0,2.0,False,main,False
11243,8,8,13.688603315146318,1.311396684853682,0.9125735543430878,0.9912752454641636,1.0,1.0,False,main,False
11243,9,9,14.688603315146318,1.311396684853682,0.9180377071966449,0.9918607715586114,-1.0,-1.0,True,main,False
8320,1,1,6.658589971939474,1.3414100280605266,0.8323237464924342,0.9812127178315964,15.0,8.0,False,main,True
8320,2,2,7.658589971939474,1.3414100280605266,0.8509544413266082,0.9835954571001371,12.0,7.0,False,main,False
8320,3,3,8.658589971939474,1.3414100280605266,0.8658589971939474,0.985441596988449,10.0,6.0,False,main,False
8320,4,4,9.658589971939474,1.3414100280605266,0.8780536338126794,0.9869141150912568,8.0,5.0,False,main,False
8320,5,5,10.658589971939474,1.3414100280605266,0.8882158309949562,0.9881160392094293,6.0,4.0,False,main,False
8320,6,6,11.658589971939474,1.3414100280605266,0.8968146132261133,0.9891156970380177,4.0,3.0,False,main,False
8320,7,7,12.658589971939474,1.3414100280605266,0.9041849979956768,0.9899601932875334,2.0,2.0,False,main,False
8320,8,8,13.658589971939474,1.3414100280605266,0.9105726647959649,0.9906830572827247,1.0,1.0,False,main,False
8320,9,9,14.658589971939474,1.3414100280605266,0.9161618732462171,0.9913088054600402,-1.0,-1.0,True,main,False
8262,1,1,6.692662088605151,1.307337911394849,0.8365827610756439,0.9825826256232815,15.0,8.0,False,main,True
8262,2,2,7.692662088605151,1.307337911394849,0.854740232067239,0.9847878430966422,12.0,7.0,False,main,False
8262,3,3,8.69266208860515,1.307337911394849,0.869266208860515,0.9864972195003046,10.0,6.0,False,main,False
8262,4,4,9.69266208860515,1.307337911394849,0.8811510989641046,0.9878611343052734,7.0,5.0,False,main,False
8262,5,5,10.69266208860515,1.307337911394849,0.8910551740504292,0.9889747262117264,6.0,4.0,False,main,False
8262,6,6,11.69266208860515,1.307337911394849,0.8994355452773193,0.9899011299550963,4.0,3.0,False,main,False
8262,7,7,12.69266208860515,1.307337911394849,0.9066187206146535,0.9906838919941491,2.0,2.0,False,main,False
8262,8,8,13.69266208860515,1.307337911394849,0.9128441392403434,0.9913540216389339,1.0,1.0,False,main,False
8262,9,9,14.69266208860515,1.307337911394849,0.9182913805378219,0.9919342005367875,-1.0,-1.0,True,main,False
9690,0,1,5.62625429528685,2.3737457047131496,0.7032817869108563,0.921250450882422,37.0,14.0,False,main,True
9690,0,2,5.62625429528685,3.3737457047131496,0.6251393661429834,0.8601099770992233,63.0,20.0,False,main,False
9690,0,3,5.62625429528685,4.37374570471315,0.562625429528685,0.8016620345632451,105.0,27.0,False,main,True
9690,0,4,5.62625429528685,5.37374570471315,0.5114776632078954,0.748248558872945,172.0,36.0,False,main,True
1220,1,1,6.590920441580696,1.4090795584193034,0.823865055197587,0.9783559340844904,16.0,8.0,False,main,True
1220,2,2,7.590920441580696,1.4090795584193034,0.8434356046200774,0.9811102593332487,13.0,7.0,False,main,False
1220,3,3,8.590920441580696,1.4090795584193034,0.8590920441580696,0.9832423779893025,10.0,6.0,False,main,False
1220,4,4,9.590920441580696,1.4090795584193034,0.8719018583255178,0.9849418120896366,8.0,5.0,False,main,False
1220,5,5,10.590920441580696,1.4090795584193034,0.882576703465058,0.9863281826645615,6.0,4.0,False,main,False
1220,6,6,11.590920441580696,1.4090795584193034,0.8916092647369767,0.9874807248098,4.0,3.0,False,main,False
1220,7,7,12.590920441580696,1.4090795584193034,0.8993514601129069,0.9884540088132633,2.0,2.0,False,main,False
1220,8,8,13.590920441580696,1.4090795584193034,0.9060613627720464,0.9892868464571751,1.0,1.0,False,main,False
1220,9,9,14.590920441580696,1.4090795584193034,0.9119325275987935,0.9900075973504947,-1.0,-1.0,True,main,False
11634,0,1,5.857973208720691,2.142026791279309,0.7322466510900864,0.9374148618221492,31.0,13.0,False,main,True
5126,1,1,6.899928842357204,1.1000711576427964,0.8624911052946505,0.9898674702879945,13.0,8.0,False,main,True
5126,2,2,7.899928842357204,1.1000711576427964,0.8777698713730226,0.991136730182,11.0,7.0,False,main,False
5126,3,3,8.899928842357204,1.1000711576427964,0.8899928842357203,0.9921233688889668,9.0,6.0,False,main,False
5126,4,4,9.899928842357204,1.1000711576427964,0.8999935311233821,0.9929123325388814,7.0,5.0,False,main,False
5126,5,5,10.899928842357204,1.1000711576427964,0.9083274035297669,0.993557622637389,5.0,4.0,False,main,False
5126,6,6,11.899928842357204,1.1000711576427964,0.9153791417197849,0.9940952115216204,4.0,3.0,False,main,False
5126,7,7,12.899928842357204,1.1000711576427964,0.9214234887398003,0.9945499872038003,2.0,2.0,False,main,False
5126,8,8,13.899928842357204,1.1000711576427964,0.9266619228238135,0.9949397175184632,1.0,1.0,False,main,False
5126,9,9,14.899928842357204,1.1000711576427964,0.9312455526473252,0.9952774265088261,-1.0,-1.0,True,main,False
2718,1,1,6.762527483045732,1.2374725169542686,0.8453159353807165,0.9852433484694074,14.0,8.0,False,main,True
4301,1,1,6.908371481971073,1.0916285180289274,0.8635464352463841,0.9901242443222461,13.0,8.0,False,main,True
10252,0,1,5.722590004389506,2.2774099956104936,0.7153237505486882,0.9281361578703023,34.0,14.0,False,main,True
10252,0,2,5.722590004389506,3.2774099956104936,0.6358433338210562,0.8677403400973623,59.0,19.0,False,main,False
10252,0,3,5.722590004389506,4.277409995610494,0.5722590004389506,0.8094381408633075,97.0,26.0,False,main,False
10252,0,4,5.722590004389506,5.277409995610494,0.5202354549445005,0.7559176547578683,158.0,35.0,False,main,True
7299,1,1,6.596603547188936,1.403396452811064,0.824575443398617,0.9786026901167838,16.0,8.0,False,main,True
890,1,1,6.662744687335117,1.3372553126648836,0.8328430859168896,0.9813822530878931,15.0,8.0,False,main,True
890,2,2,7.662744687335117,1.3372553126648836,0.8514160763705685,0.9837429989432547,12.0,7.0,False,main,True
890,3,3,8.662744687335117,1.3372553126648836,0.8662744687335117,0.9855722000474081,10.0,6.0,False,main,False
890,4,4,9.662744687335117,1.3372553126648836,0.8784313352122833,0.9870312702077688,8.0,5.0,False,main,False
890,5,5,10.662744687335117,1.3372553126648836,0.8885620572779264,0.9882222584608997,6.0,4.0,False,main,False
890,6,6,11.662744687335117,1.3372553126648836,0.8971342067180859,0.989212848491972,4.0,3.0,False,main,False
890,7,7,12.662744687335117,1.3372553126648836,0.9044817633810798,0.99004970387284,2.0,2.0,False,main,False
890,8,8,13.662744687335117,1.3372553126648836,0.9108496458223411,0.9907660415885674,1.0,1.0,False,main,False
890,9,9,14.662744687335117,1.3372553126648836,0.9164215429584448,0.9913861507153314,-1.0,-1.0,True,main,False
11287,1,1,6.588771007548432,1.4112289924515684,0.823596375943554,0.9782622850743781,16.0,8.0,False,main,True
11287,2,2,7.588771007548432,1.4112289924515684,0.8431967786164924,0.9810288220539457,13.0,7.0,False,main,True
11287,3,3,8.58877100754843,1.4112289924515684,0.858877100754843,0.9831703325676661,10.0,6.0,False,main,False
11287,4,4,9.58877100754843,1.4112289924515684,0.8717064552316756,0.9848772148823913,8.0,5.0,False,main,False
11287,5,5,10.58877100754843,1.4112289924515684,0.8823975839623692,0.9862696371181244,6.0,4.0,False,main,False
11287,6,6,11.58877100754843,1.4112289924515684,0.8914439236575716,0.9874271936609007,4.0,3.0,False,main,False
11287,7,7,12.58877100754843,1.4112289924515684,0.8991979291106021,0.9884047005318697,2.0,2.0,False,main,False
11287,8,8,13.58877100754843,1.4112289924515684,0.9059180671698954,0.989241143281676,1.0,1.0,False,main,False
11287,9,9,14.58877100754843,1.4112289924515684,0.9117981879717769,0.9899650078772826,-1.0,-1.0,True,main,False
6185,0,1,5.833461929839806,2.166538070160194,0.7291827412299757,0.9357703143704982,32.0,13.0,False,main,True
2265,1,1,6.59750569745717,1.4024943025428296,0.8246882121821463,0.9786417468743284,16.0,8.0,False,main,True
4611,1,1,6.7580160625778785,1.241983937422121,0.8447520078222348,0.9850776733217518,14.0,8.0,False,main,True
7366,1,1,6.753776177002998,1.2462238229970022,0.8442220221253748,0.9849211887802798,14.0,8.0,False,main,True
4878,0,1,5.869391962658499,2.1306080373415015,0.7336739953323124,0.938175543413639,31.0,13.0,False,main,True
8400,1,1,6.710632719049354,1.2893672809506458,0.8388290898811692,0.9832862451529479,15.0,8.0,False,main,True
8400,2,2,7.710632719049354,1.2893672809506458,0.8567369687832616,0.9854004571101778,12.0,7.0,False,main,False
8400,3,3,8.710632719049354,1.2893672809506458,0.8710632719049354,0.9870396859750031,10.0,6.0,False,main,False
8400,4,4,9.710632719049354,1.2893672809506458,0.8827847926408503,0.9883478745573672,7.0,5.0,False,main,False
8400,5,5,10.710632719049354,1.2893672809506458,0.8925527265874461,0.9894161272347971,6.0,4.0,False,main,False
8400,6,6,11.710632719049354,1.2893672809506458,0.9008179014653349,0.9903049213116681,4.0,3.0,False,main,False
8400,7,7,12.710632719049354,1.2893672809506458,0.9079023370749538,0.9910559813313914,2.0,2.0,False,main,False
8400,8,8,13.710632719049354,1.2893672809506458,0.914042181269957,0.9916990256952064,1.0,1.0,False,main,False
8400,9,9,14.710632719049354,1.2893672809506458,0.9194145449405846,0.9922557957929361,-1.0,-1.0,True,main,False
8300,1,1,6.6547197587027025,1.345280241297297,0.8318399698378378,0.9810541741131179,15.0,8.0,False,main,True
8300,2,2,7.6547197587027025,1.345280241297297,0.8505244176336336,0.9834574869208232,12.0,7.0,False,main,False
8300,3,3,8.654719758702702,1.345280241297297,0.8654719758702702,0.9853194707711235,10.0,6.0,False,main,False
8300,4,4,9.654719758702702,1.345280241297297,0.8777017962457002,0.9868045668453446,8.0,5.0,False,main,False
8300,5,5,10.654719758702702,1.345280241297297,0.8878933132252252,0.9880167188674593,6.0,4.0,False,main,False
8300,6,6,11.654719758702702,1.345280241297297,0.8965169045155925,0.989024857129061,4.0,3.0,False,main,False
8300,7,7,12.654719758702702,1.345280241297297,0.9039085541930502,0.9898764990759681,2.0,2.0,False,main,False
8300,8,8,13.654719758702702,1.345280241297297,0.9103146505801801,0.9906054662413903,1.0,1.0,False,main,False
8300,9,9,14.654719758702702,1.345280241297297,0.9159199849189189,0.99123648775535,-1.0,-1.0,True,main,False
10477,0,1,5.744114213310489,2.255885786689511,0.7180142766638111,0.9296428923363684,34.0,14.0,False,main,True
10477,0,2,5.744114213310489,3.255885786689511,0.6382349125900544,0.8694253280869988,58.0,19.0,False,main,False
10477,0,3,5.744114213310489,4.255885786689511,0.5744114213310489,0.8111614485596002,95.0,26.0,False,main,False
10477,0,4,5.744114213310489,5.255885786689511,0.5221922012100445,0.7576203405079711,155.0,35.0,False,main,True
10477,0,5,5.744114213310489,6.255885786689511,0.47867618444254073,0.7093059880752709,253.0,46.0,False,main,True
9649,1,1,6.762247523787905,1.2377524762120946,0.8452809404734881,0.9852330923637574,14.0,8.0,False,main,True
9649,2,2,7.762247523787905,1.2377524762120946,0.862471947087545,0.9870961402111211,12.0,7.0,False,main,False
9649,3,3,8.762247523787906,1.2377524762120946,0.8762247523787906,0.9885416369123493,9.0,6.0,False,main,False
9649,4,4,9.762247523787906,1.2377524762120946,0.8874770476170823,0.9896958399571166,7.0,5.0,False,main,False
9649,5,5,10.762247523787906,1.2377524762120946,0.8968539603156588,0.9906387559634353,5.0,4.0,False,main,False
9649,6,6,11.762247523787906,1.2377524762120946,0.9047882710606081,0.9914235453147483,4.0,3.0,False,main,False
9649,7,7,12.762247523787906,1.2377524762120946,0.9115891088419933,0.9920869123885777,2.0,2.0,False,main,False
9649,8,8,13.762247523787906,1.2377524762120946,0.9174831682525271,0.992655016392011,1.0,1.0,False,main,False
9649,9,9,14.762247523787906,1.2377524762120946,0.9226404702367441,0.993147004977952,-1.0,-1.0,True,main,False
5845,1,1,6.809500320106496,1.1904996798935037,0.851187540013312,0.9869169119751524,14.0,8.0,False,main,True
1491,1,1,6.807908040725463,1.1920919592745367,0.8509885050906829,0.98686173308677,14.0,8.0,False,main,True
1491,2,2,7.807908040725463,1.1920919592745367,0.8675453378583848,0.988515422742037,11.0,7.0,False,main,False
1491,3,3,8.807908040725463,1.1920919592745367,0.8807908040725463,0.9897992769547899,9.0,6.0,False,main,False
1491,4,4,9.807908040725463,1.1920919592745367,0.8916280037023149,0.990824904169553,7.0,5.0,False,main,False
1491,5,5,10.807908040725463,1.1920919592745367,0.9006590033937886,0.9916631032903533,5.0,4.0,False,main,False
1491,6,6,11.807908040725463,1.1920919592745367,0.9083006185173433,0.9923609560084229,4.0,3.0,False,main,False
1491,7,7,12.807908040725463,1.1920919592745367,0.9148505743375331,0.9929509917093484,2.0,2.0,False,main,False
1491,8,8,13.807908040725463,1.1920919592745367,0.9205272027150309,0.9934564070571227,1.0,1.0,False,main,False
1491,9,9,14.807908040725463,1.1920919592745367,0.9254942525453415,0.9938941892079922,-1.0,-1.0,True,main,False
2893,1,1,6.714902140969421,1.2850978590305786,0.8393627676211777,0.9834514688797568,15.0,8.0,False,main,True
11329,0,1,5.6037243122696685,2.3962756877303315,0.7004655390337086,0.9196071388427591,37.0,14.0,False,main,True
4078,1,1,6.71313485852734,1.2868651414726604,0.8391418573159175,0.9833831669794469,15.0,8.0,False,main,True
3036,0,1,5.816034870231275,2.1839651297687257,0.7270043587789093,0.9345914446748744,32.0,14.0,False,main,True
8571,1,1,6.600612718192807,1.3993872818071926,0.8250765897741009,0.9787760197284352,16.0,8.0,False,main,True
4585,1,1,6.69517885176193,1.3048211482380703,0.8368973564702412,0.9826819585277903,15.0,8.0,False,main,True
11973,1,1,6.7101860150961645,1.2898139849038355,0.8387732518870206,0.9832689148128656,15.0,8.0,False,main,True
11973,2,2,7.7101860150961645,1.2898139849038355,0.856687335010685,0.9853853668145176,12.0,7.0,False,main,False
11973,3,3,8.710186015096165,1.2898139849038355,0.8710186015096164,0.9870263226205132,10.0,6.0,False,main,False
11973,4,4,9.710186015096165,1.2898139849038355,0.8827441831905604,0.9883358832955704,7.0,5.0,False,main,False
11973,5,5,10.710186015096165,1.2898139849038355,0.8925155012580137,0.9894052524368151,6.0,4.0,False,main,False
11973,6,6,11.710186015096165,1.2898139849038355,0.9007835396227819,0.9902949727205312,4.0,3.0,False,main,False
11973,7,7,12.710186015096165,1.2898139849038355,0.9078704296497261,0.9910468135171331,2.0,2.0,False,main,False
11973,8,8,13.710186015096165,1.2898139849038355,0.914012401006411,0.9916905249947576,1.0,1.0,False,main,False
11973,9,9,14.710186015096165,1.2898139849038355,0.9193866259435103,0.9922478716842608,-1.0,-1.0,True,main,False
10348,0,1,5.7826181210989835,2.217381878901017,0.7228272651373729,0.9323087750459633,33.0,14.0,False,main,True
10348,0,2,5.7826181210989835,3.217381878901017,0.6425131245665537,0.8724212731532345,56.0,19.0,False,main,False
10348,0,3,5.7826181210989835,4.217381878901017,0.5782618121098984,0.8142313094581299,92.0,26.0,False,main,False
10348,0,4,5.7826181210989835,5.217381878901017,0.525692556463544,0.760656354458635,150.0,34.0,False,main,True
10348,0,5,5.7826181210989835,6.217381878901017,0.4818848434249153,0.7122604705282873,244.0,45.0,False,main,True
8028,0,1,5.758030829369504,2.2419691706304956,0.719753853671188,0.9306108133660209,33.0,14.0,False,main,True
8028,0,2,5.758030829369504,3.2419691706304956,0.6397812032632783,0.8705108752240862,57.0,19.0,False,main,False
8028,0,3,5.758030829369504,4.241969170630496,0.5758030829369505,0.8122729126017338,94.0,26.0,False,main,True
8028,0,4,5.758030829369504,5.241969170630496,0.5234573481245004,0.7587191189853032,153.0,35.0,False,main,True
11523,1,1,6.944487271768069,1.0555127282319312,0.8680609089710086,0.9911858019125891,13.0,8.0,False,main,True
11523,2,2,7.944487271768069,1.0555127282319312,0.8827208079742299,0.9922873185307994,11.0,7.0,False,main,False
11523,3,3,8.944487271768068,1.0555127282319312,0.8944487271768068,0.9931440908057902,9.0,6.0,False,main,False
11523,4,4,9.944487271768068,1.0555127282319312,0.9040442974334607,0.9938295353769919,7.0,5.0,False,main,False
11523,5,5,10.944487271768068,1.0555127282319312,0.9120406059806724,0.9943903731197712,5.0,4.0,False,main,False
11523,6,6,11.944487271768068,1.0555127282319312,0.9188067132129283,0.994857752275191,4.0,3.0,False,main,False
11523,7,7,12.944487271768068,1.0555127282319312,0.9246062336977191,0.9952532377347082,2.0,2.0,False,main,False
11523,8,8,13.944487271768068,1.0555127282319312,0.9296324847845379,0.9955922335046036,1.0,1.0,False,main,False
11523,9,9,14.944487271768068,1.0555127282319312,0.9340304544855043,0.9958860362167712,-1.0,-1.0,True,main,False
6174,0,1,5.598032304364416,2.4019676956355838,0.699754038045552,0.9191900211168348,37.0,14.0,False,main,True
6084,1,1,6.647228696333287,1.3527713036667128,0.8309035870416609,0.9807456142240056,15.0,8.0,False,main,True
5086,1,1,6.653792018836976,1.3462079811630248,0.831724002354622,0.9810160807667258,15.0,8.0,False,main,True
5471,1,1,6.640242850904301,1.3597571490956986,0.8300303563630377,0.9804558660125318,15.0,8.0,False,main,True
1278,0,1,5.816821102217493,2.183178897782507,0.7271026377771866,0.9346448014883141,32.0,14.0,False,main,True
11990,0,1,5.812528724122065,2.187471275877935,0.7265660905152581,0.9343533070844907,32.0,14.0,False,main,True
11538,1,1,6.703442212709569,1.2965577872904306,0.8379302765886961,0.983006289848003,15.0,8.0,False,main,True
11538,2,2,7.703442212709569,1.2965577872904306,0.8559380236343965,0.9851566965853478,12.0,7.0,False,main,False
11538,3,3,8.703442212709568,1.2965577872904306,0.870344221270957,0.9868238275953564,10.0,6.0,False,main,False
11538,4,4,9.703442212709568,1.2965577872904306,0.8821311102463245,0.9881541838932438,7.0,5.0,False,main,False
11538,5,5,10.703442212709568,1.2965577872904306,0.8919535177257975,0.989240473566682,6.0,4.0,False,main,False
11538,6,6,11.703442212709568,1.2965577872904306,0.9002647855930438,0.9901442304462916,4.0,3.0,False,main,False
11538,7,7,12.703442212709568,1.2965577872904306,0.907388729479255,0.9909079035067823,2.0,2.0,False,main,False
11538,8,8,13.703442212709568,1.2965577872904306,0.913562814180638,0.9915617244907917,1.0,1.0,False,main,False
11538,9,9,14.703442212709568,1.2965577872904306,0.9189651382943481,0.9921278087199913,-1.0,-1.0,True,main,False
10116,1,1,6.8781087356175,1.1218912643824999,0.8597635919521875,0.9891888697264677,13.0,8.0,False,main,True
10116,2,2,7.8781087356175,1.1218912643824999,0.8753454150686112,0.990544688406158,11.0,7.0,False,main,False
10116,3,3,8.8781087356175,1.1218912643824999,0.88781087356175,0.991598296680577,9.0,6.0,False,main,False
10116,4,4,9.8781087356175,1.1218912643824999,0.8980098850561364,0.9924406158348521,7.0,5.0,False,main,False
10116,5,5,10.8781087356175,1.1218912643824999,0.9065090613014584,0.9931294163599246,5.0,4.0,False,main,False
10116,6,6,11.8781087356175,1.1218912643824999,0.9137006719705769,0.9937031657021671,4.0,3.0,False,main,False
10116,7,7,12.8781087356175,1.1218912643824999,0.9198649096869643,0.9941884694278497,2.0,2.0,False,main,False
10116,8,8,13.8781087356175,1.1218912643824999,0.9252072490411667,0.994604316396152,1.0,1.0,False,main,False
10116,9,9,14.8781087356175,1.1218912643824999,0.9298817959760938,0.9949646224949004,-1.0,-1.0,True,main,False
2530,1,1,6.672288071700126,1.3277119282998742,0.8340360089625157,0.9817690669023353,15.0,8.0,False,main,True
2410,1,1,6.621659923033245,1.3783400769667549,0.8277074903791556,0.9796757822302435,16.0,8.0,False,main,True
6433,1,1,6.694336344447359,1.3056636555526404,0.8367920430559199,0.9826487346464557,15.0,8.0,False,main,True
3452,1,1,6.8845819387307605,1.1154180612692395,0.8605727423413451,0.9893924273875392,13.0,8.0,False,main,True
3452,2,2,7.8845819387307605,1.1154180612692395,0.8760646598589734,0.9907222664688914,11.0,7.0,False,main,False
3452,3,3,8.884581938730761,1.1154180612692395,0.8884581938730761,0.9917557776686702,9.0,6.0,False,main,False
3452,4,4,9.884581938730761,1.1154180612692395,0.8985983580664328,0.9925820871152999,7.0,5.0,False,main,False
3452,5,5,10.884581938730761,1.1154180612692395,0.9070484948942301,0.9932578332491375,5.0,4.0,False,main,False
3452,6,6,11.884581938730761,1.1154180612692395,0.914198610671597,0.9938207342389548,4.0,3.0,False,main,False
3452,7,7,12.884581938730761,1.1154180612692395,0.9203272813379115,0.9942968799568966,2.0,2.0,False,main,False
3452,8,8,13.884581938730761,1.1154180612692395,0.9256387959153841,0.994704892700363,1.0,1.0,False,main,False
3452,9,9,14.884581938730761,1.1154180612692395,0.9302863711706726,0.9950584206485751,-1.0,-1.0,True,main,False
11618,1,1,6.718227560435666,1.2817724395643344,0.8397784450544582,0.9835796416534794,15.0,8.0,False,main,True
5656,0,1,5.6456807442429415,2.3543192557570585,0.7057100930303677,0.9226574529398149,36.0,14.0,False,main,True
3375,0,1,5.667011255846249,2.332988744153751,0.7083764069807811,0.9241916804883833,36.0,14.0,False,main,True
1755,0,1,5.638118623781419,2.361881376218581,0.7047648279726774,0.9221108488019683,36.0,14.0,False,main,True
5965,1,1,6.6248006114008335,1.375199388599166,0.8281000764251042,0.9798085718749568,16.0,8.0,False,main,True
484,0,1,5.755195876822796,2.244804123177204,0.7193994846028495,0.9304140391054789,33.0,14.0,False,main,True
4144,1,1,6.8656643213134885,1.1343356786865113,0.8582080401641861,0.9887922568598024,13.0,8.0,False,main,True
4144,2,2,7.8656643213134885,1.1343356786865113,0.8739627023681654,0.9901987302335722,11.0,7.0,False,main,False
4144,3,3,8.865664321313488,1.1343356786865113,0.8865664321313489,0.9912915161366288,9.0,6.0,False,main,False
4144,4,4,9.865664321313488,1.1343356786865113,0.8968785746648625,0.9921650403566439,7.0,5.0,False,main,False
4144,5,5,10.865664321313488,1.1343356786865113,0.905472026776124,0.9928792826641465,5.0,4.0,False,main,False
4144,6,6,11.865664321313488,1.1343356786865113,0.9127434093318068,0.9934741724061468,4.0,3.0,False,main,False
4144,7,7,12.865664321313488,1.1343356786865113,0.9189760229509635,0.9939773211037533,2.0,2.0,False,main,False
4144,8,8,13.865664321313488,1.1343356786865113,0.9243776214208992,0.9944084325405348,1.0,1.0,False,main,False
4144,9,9,14.865664321313488,1.1343356786865113,0.929104020082093,0.9947819446561377,-1.0,-1.0,True,main,False
4002,0,1,5.79889004679265,2.20110995320735,0.7248612558490812,0.9334239192932049,32.0,14.0,False,main,True
5626,1,1,6.741396839091665,1.2586031609083346,0.8426746048864582,0.9844599817008698,14.0,8.0,False,main,True
9602,1,1,6.695335265515644,1.3046647344843563,0.8369169081894555,0.9826881234578821,15.0,8.0,False,main,True
9602,2,2,7.695335265515644,1.3046647344843563,0.8550372517239605,0.9848796883043833,12.0,7.0,False,main,False
9602,3,3,8.695335265515645,1.3046647344843563,0.8695335265515644,0.9865785427903652,10.0,6.0,False,main,False
9602,4,4,9.695335265515645,1.3046647344843563,0.8813941150468767,0.9879340998111138,7.0,5.0,False,main,False
9602,5,5,10.695335265515645,1.3046647344843563,0.8912779387929702,0.9890408924015325,6.0,4.0,False,main,False
9602,6,6,11.695335265515645,1.3046647344843563,0.8996411742704341,0.9899616564233524,4.0,3.0,False,main,False
9602,7,7,12.695335265515645,1.3046647344843563,0.906809661822546,0.9907396649153584,2.0,2.0,False,main,False
9602,8,8,13.695335265515645,1.3046647344843563,0.9130223510343762,0.9914057334834417,1.0,1.0,False,main,False
9602,9,9,14.695335265515645,1.3046647344843563,0.9184584540947278,0.9919824027028584,-1.0,-1.0,True,main,False
12132,1,1,6.737110869931916,1.2628891300680842,0.8421388587414895,0.9842988109926354,15.0,8.0,False,main,True
7634,0,1,5.850988197513757,2.149011802486243,0.7313735246892197,0.9369478330060749,31.0,13.0,False,main,True
7634,0,2,5.850988197513757,3.149011802486243,0.6501097997237508,0.8776828131326656,53.0,19.0,False,main,False
7634,0,3,5.850988197513757,4.149011802486243,0.5850988197513758,0.8196414011765714,88.0,25.0,False,main,False
7634,0,4,5.850988197513757,5.149011802486243,0.5319080179557961,0.7660160953308548,141.0,34.0,False,main,True
7634,0,5,5.850988197513757,6.149011802486243,0.4875823497928131,0.7174815921661741,228.0,44.0,False,main,True
7575,1,1,6.832493477727736,1.1675065222722638,0.854061684715967,0.9877014243631976,14.0,8.0,False,main,True
11438,1,1,6.62830114551179,1.3716988544882098,0.8285376431889737,0.9799561224791703,15.0,8.0,False,main,True
11438,2,2,7.62830114551179,1.3716988544882098,0.8475890161679767,0.9825020829733603,12.0,7.0,False,main,False
11438,3,3,8.62830114551179,1.3716988544882098,0.862830114551179,0.98447388836847,10.0,6.0,False,main,False
11438,4,4,9.62830114551179,1.3716988544882098,0.8753001041374354,0.9860461475784312,8.0,5.0,False,main,False
11438,5,5,10.62830114551179,1.3716988544882098,0.8856917621259824,0.9873291640412424,6.0,4.0,False,main,False
11438,6,6,11.62830114551179,1.3716988544882098,0.8944847035009069,0.9883960504697009,4.0,3.0,False,main,False
11438,7,7,12.62830114551179,1.3716988544882098,0.9020215103936993,0.989297188027484,2.0,2.0,False,main,False
11438,8,8,13.62830114551179,1.3716988544882098,0.908553409700786,0.9900684251573002,1.0,1.0,False,main,False
11438,9,9,14.62830114551179,1.3716988544882098,0.9142688215944869,0.990735966009805,-1.0,-1.0,True,main,False
5145,1,1,6.783920198496415,1.2160798015035847,0.8479900248120519,0.9860172318709893,14.0,8.0,False,main,True
9251,1,1,6.61670618458922,1.3832938154107801,0.8270882730736525,0.9794655556473759,16.0,8.0,False,main,True
3901,1,1,6.652096107198404,1.3479038928015958,0.8315120133998005,0.9809463577658936,15.0,8.0,False,main,True
8388,0,1,5.635106180927908,2.3648938190720923,0.7043882726159885,0.9218927133776527,36.0,14.0,False,main,True
8388,0,2,5.635106180927908,3.3648938190720923,0.6261229089919897,0.8608171210374495,62.0,20.0,False,main,False
8388,0,3,5.635106180927908,4.364893819072092,0.5635106180927908,0.802380840677983,104.0,27.0,False,main,True
8388,0,4,5.635106180927908,5.364893819072092,0.5122823800843552,0.7489565396125025,171.0,36.0,False,main,True
3362,1,1,6.833307949474683,1.1666920505253167,0.8541634936843354,0.9877287900240482,14.0,8.0,False,main,True
5753,1,1,6.823278412598445,1.1767215874015542,0.8529098015748057,0.9873897807367582,14.0,8.0,False,main,True
3522,0,1,5.606534363228791,2.3934656367712086,0.7008167954035989,0.9198127737972486,37.0,14.0,False,main,True
529,1,1,6.625016318354397,1.3749836816456031,0.8281270397942996,0.9798176779436236,16.0,8.0,False,main,True
529,2,2,7.625016318354397,1.3749836816456031,0.8472240353727107,0.9823816431621709,12.0,7.0,False,main,True
529,3,3,8.625016318354398,1.3749836816456031,0.8625016318354397,0.9843673059273441,10.0,6.0,False,main,False
529,4,4,9.625016318354398,1.3749836816456031,0.8750014834867634,0.9859505609495057,8.0,5.0,False,main,False
529,5,5,10.625016318354398,1.3749836816456031,0.8854180265295332,0.9872425154974203,6.0,4.0,False,main,False
529,6,6,11.625016318354398,1.3749836816456031,0.8942320244887998,0.9883168107074028,4.0,3.0,False,main,False
529,7,7,12.625016318354398,1.3749836816456031,0.901786879882457,0.9892241894409847,2.0,2.0,False,main,False
529,8,8,13.625016318354398,1.3749836816456031,0.9083344212236265,0.9900007560797252,1.0,1.0,False,main,False
529,9,9,14.625016318354398,1.3749836816456031,0.9140635198971498,0.9906729009850466,-1.0,-1.0,True,main,False
5396,1,1,6.616775150432168,1.3832248495678325,0.827096893804021,0.9794684889639995,16.0,8.0,False,main,True
5396,2,2,7.616775150432168,1.3832248495678325,0.8463083500480186,0.9820778853282675,12.0,7.0,False,main,True
5396,3,3,8.616775150432169,1.3832248495678325,0.8616775150432167,0.9840985102258792,10.0,6.0,False,main,False
5396,4,4,9.616775150432169,1.3832248495678325,0.8742522864029243,0.9857095052123426,8.0,5.0,False,main,False
5396,5,5,10.616775150432169,1.3832248495678325,0.8847312625360139,0.9870240069563454,6.0,4.0,False,main,False
5396,6,6,11.616775150432169,1.3832248495678325,0.8935980884947821,0.9881169904772608,4.0,3.0,False,main,False
5396,7,7,12.616775150432169,1.3832248495678325,0.9011982250308691,0.9890401115455498,2.0,2.0,False,main,False
5396,8,8,13.616775150432169,1.3832248495678325,0.9077850100288112,0.989830120454761,1.0,1.0,False,main,False
5396,9,9,14.616775150432169,1.3832248495678325,0.9135484469020105,0.9905138774656447,-1.0,-1.0,True,main,False
10732,1,1,6.592237406019572,1.4077625939804286,0.8240296757524465,0.9784132257941378,16.0,8.0,False,main,True
10732,2,2,7.592237406019572,1.4077625939804286,0.8435819340021746,0.9811600812061112,13.0,7.0,False,main,False
10732,3,3,8.59223740601957,1.4077625939804286,0.859223740601957,0.9832864547240318,10.0,6.0,False,main,False
10732,4,4,9.59223740601957,1.4077625939804286,0.8720215823654155,0.9849813325200985,8.0,5.0,False,main,False
10732,5,5,10.59223740601957,1.4077625939804286,0.8826864505016309,0.9863640010278576,6.0,4.0,False,main,False
10732,6,6,11.59223740601957,1.4077625939804286,0.8917105696938131,0.9875134755929681,4.0,3.0,False,main,False
10732,7,7,12.59223740601957,1.4077625939804286,0.899445529001398,0.9884841762017156,2.0,2.0,False,main,False
10732,8,8,13.59223740601957,1.4077625939804286,0.9061491604013047,0.9893148083483885,1.0,1.0,False,main,False
10732,9,9,14.59223740601957,1.4077625939804286,0.9120148378762232,0.9900336543512861,-1.0,-1.0,True,main,False
6430,0,1,5.747595784465738,2.252404215534262,0.7184494730582173,0.9298855038187027,34.0,14.0,False,main,True
3440,1,1,6.782956190379276,1.217043809620724,0.8478695237974095,0.9859827776600604,14.0,8.0,False,main,True
2384,1,1,6.653570914509416,1.3464290854905838,0.831696364313677,0.9810069971016561,15.0,8.0,False,main,True
9753,1,1,6.907390141794032,1.092609858205968,0.863423767724254,0.9900945646305638,13.0,8.0,False,main,True
9753,2,2,7.907390141794032,1.092609858205968,0.8785989046437813,0.9913348894570818,11.0,7.0,False,main,False
9753,3,3,8.907390141794032,1.092609858205968,0.8907390141794032,0.9922991348693695,9.0,6.0,False,main,False
9753,4,4,9.907390141794032,1.092609858205968,0.9006718310721847,0.9930702534408884,7.0,5.0,False,main,False
9753,5,5,10.907390141794032,1.092609858205968,0.908949178482836,0.9937009885646138,5.0,4.0,False,main,False
9753,6,6,11.907390141794032,1.092609858205968,0.9159530878303102,0.9942264793668919,4.0,3.0,False,main,False
9753,7,7,12.907390141794032,1.092609858205968,0.9219564386995737,0.994671040122027,2.0,2.0,False,main,False
9753,8,8,13.907390141794032,1.092609858205968,0.9271593427862688,0.9950520306820965,1.0,1.0,False,main,False
9753,9,9,14.907390141794032,1.092609858205968,0.931711883862127,0.9953821770314759,-1.0,-1.0,True,main,False
10211,1,1,6.779668665691302,1.2203313343086983,0.8474585832114128,0.9858649813824373,14.0,8.0,False,main,True
10211,2,2,7.779668665691302,1.2203313343086983,0.8644076295212558,0.9876467174386891,11.0,7.0,False,main,False
10211,3,3,8.779668665691302,1.2203313343086983,0.8779668665691303,0.9890294518875099,9.0,6.0,False,main,False
10211,4,4,9.779668665691302,1.2203313343086983,0.8890607877901183,0.9901337424614847,7.0,5.0,False,main,False
10211,5,5,10.779668665691302,1.2203313343086983,0.8983057221409418,0.9910360148688321,5.0,4.0,False,main,False
10211,6,6,11.779668665691302,1.2203313343086983,0.906128358899331,0.9917870663488272,4.0,3.0,False,main,False
10211,7,7,12.779668665691302,1.2203313343086983,0.9128334761208073,0.9924219787018367,2.0,2.0,False,main,False
10211,8,8,13.779668665691302,1.2203313343086983,0.9186445777127534,0.9929657600511632,1.0,1.0,False,main,False
10211,9,9,14.779668665691302,1.2203313343086983,0.9237292916057064,0.9934367187719294,-1.0,-1.0,True,main,False
10504,1,1,6.6352492651102795,1.3647507348897205,0.8294061581387849,0.9802475720509964,15.0,8.0,False,main,True
10504,2,2,7.6352492651102795,1.3647507348897205,0.8483610294566977,0.9827556436284421,12.0,7.0,False,main,False
10504,3,3,8.635249265110279,1.3647507348897205,0.8635249265110279,0.984698284764656,10.0,6.0,False,main,False
10504,4,4,9.635249265110279,1.3647507348897205,0.8759317513736616,0.9862474003386257,8.0,5.0,False,main,False
10504,5,5,10.635249265110279,1.3647507348897205,0.8862707720925233,0.987511603031341,6.0,4.0,False,main,False
10504,6,6,11.635249265110279,1.3647507348897205,0.8950191742392521,0.9885628939302787,4.0,3.0,False,main,False
10504,7,7,12.635249265110279,1.3647507348897205,0.9025178046507342,0.9894508932244989,2.0,2.0,False,main,False
10504,8,8,13.635249265110279,1.3647507348897205,0.9090166176740185,0.9902109108392236,1.0,1.0,False,main,False
10504,9,9,14.635249265110279,1.3647507348897205,0.9147030790693924,0.9908687590918703,-1.0,-1.0,True,main,False
9465,1,1,6.630849088978467,1.3691509110215336,0.8288561361223084,0.9800632194053728,15.0,8.0,False,main,True
9465,2,2,7.630849088978467,1.3691509110215336,0.8478721209976074,0.982595254895422,12.0,7.0,False,main,False
9465,3,3,8.630849088978467,1.3691509110215336,0.8630849088978467,0.9845563422595224,10.0,6.0,False,main,False
9465,4,4,9.630849088978467,1.3691509110215336,0.8755317353616788,0.9861200963389122,8.0,5.0,False,main,False
9465,5,5,10.630849088978467,1.3691509110215336,0.8859040907482055,0.9873961990528999,6.0,4.0,False,main,False
9465,6,6,11.630849088978467,1.3691509110215336,0.8946806991521897,0.9884573545073061,4.0,3.0,False,main,False
9465,7,7,12.630849088978467,1.3691509110215336,0.9022035063556048,0.989353664162938,2.0,2.0,False,main,False
9465,8,8,13.630849088978467,1.3691509110215336,0.9087232725985644,0.9901207785334011,1.0,1.0,False,main,False
9465,9,9,14.630849088978467,1.3691509110215336,0.9144280680611542,0.9907847577579115,-1.0,-1.0,True,main,False
6763,1,1,6.613142570694266,1.386857429305734,0.8266428213367832,0.9793137337011795,16.0,8.0,False,main,True
11095,1,1,6.805000572670386,1.1949994273296136,0.8506250715837983,0.9867606945354974,14.0,8.0,False,main,True
11095,2,2,7.805000572670386,1.1949994273296136,0.8672222858522651,0.9884273517116857,11.0,7.0,False,main,False
11095,3,3,8.805000572670387,1.1949994273296136,0.8805000572670387,0.9897212222726012,9.0,6.0,False,main,False
11095,4,4,9.805000572670387,1.1949994273296136,0.8913636884245807,0.9907548194772235,7.0,5.0,False,main,False
11095,5,5,10.805000572670387,1.1949994273296136,0.9004167143891989,0.991599511372162,5.0,4.0,False,main,False
11095,6,6,11.805000572670387,1.1949994273296136,0.9080769671284913,0.9923027555986772,4.0,3.0,False,main,False
11095,7,7,12.805000572670387,1.1949994273296136,0.9146428980478848,0.992897339874188,2.0,2.0,False,main,False
11095,8,8,13.805000572670387,1.1949994273296136,0.9203333715113592,0.993406644243428,1.0,1.0,False,main,False
11095,9,9,14.805000572670387,1.1949994273296136,0.9253125357918992,0.9938477896399667,-1.0,-1.0,True,main,False
859,1,1,6.76073927962773,1.23926072037227,0.8450924099534662,0.9851777820296799,14.0,8.0,False,main,True
859,2,2,7.76073927962773,1.23926072037227,0.8623043644030811,0.9870479522023018,12.0,7.0,False,main,False
859,3,3,8.76073927962773,1.23926072037227,0.876073927962773,0.9884989453896447,9.0,6.0,False,main,False
859,4,4,9.76073927962773,1.23926072037227,0.8873399345116119,0.989657518948926,7.0,5.0,False,main,False
859,5,5,10.76073927962773,1.23926072037227,0.8967282733023109,0.9906039934424226,5.0,4.0,False,main,False
859,6,6,11.76073927962773,1.23926072037227,0.9046722522790561,0.9913917363820982,4.0,3.0,False,main,False
859,7,7,12.76073927962773,1.23926072037227,0.9114813771162664,0.9920575943347161,2.0,2.0,False,main,False
859,8,8,13.76073927962773,1.23926072037227,0.9173826186418487,0.992627827361928,1.0,1.0,False,main,False
859,9,9,14.76073927962773,1.23926072037227,0.9225462049767331,0.9931216566413525,-1.0,-1.0,True,main,False
11521,0,1,5.601731914895632,2.398268085104368,0.700216489361954,0.9194612225645572,37.0,14.0,False,main,True
1167,0,1,5.8246711584336754,2.1753288415663246,0.7280838948042094,0.9351766501395454,32.0,13.0,False,main,True
9808,0,1,5.67565433140069,2.3243456685993102,0.7094567914250862,0.9248101453031935,35.0,14.0,False,main,True
9808,0,2,5.67565433140069,3.3243456685993102,0.6306282590445211,0.8640408282268495,61.0,20.0,False,main,False
9808,0,3,5.67565433140069,4.32434566859931,0.567565433140069,0.8056624126765893,100.0,27.0,False,main,False
9808,0,4,5.67565433140069,5.32434566859931,0.5159685755818809,0.7521910790978054,165.0,36.0,False,main,False
9808,0,5,5.67565433140069,6.32434566859931,0.4729711942833908,0.7040277792205503,272.0,47.0,False,main,True
9808,0,6,5.67565433140069,7.32434566859931,0.43658879472313,0.6608702596434001,460.0,61.0,False,main,True
9808,0,7,5.67565433140069,8.32434566859931,0.405403880814335,0.6222064995523604,817.0,79.0,False,main,True
5452,1,1,6.71603773088583,1.2839622691141703,0.8395047163607288,0.9834952894327715,15.0,8.0,False,main,True
7218,1,1,6.82576409141379,1.17423590858621,0.8532205114267237,0.987474209566692,14.0,8.0,False,main,True
222,1,1,6.82012021408803,1.1798797859119694,0.8525150267610038,0.9872821200625064,14.0,8.0,False,main,True
8144,1,1,6.640715460486968,1.3592845395130322,0.830089432560871,0.9804755288526005,15.0,8.0,False,main,True
8144,2,2,7.640715460486968,1.3592845395130322,0.8489683844985519,0.9829539790923699,12.0,7.0,False,main,False
8144,3,3,8.640715460486968,1.3592845395130322,0.8640715460486967,0.9848738169472766,10.0,6.0,False,main,False
8144,4,4,9.640715460486968,1.3592845395130322,0.8764286782260879,0.9864048349851962,8.0,5.0,False,main,False
8144,5,5,10.640715460486968,1.3592845395130322,0.886726288373914,0.9876543248360301,6.0,4.0,False,main,False
8144,6,6,11.640715460486968,1.3592845395130322,0.8954396508066899,0.9886934188882104,4.0,3.0,False,main,False
8144,7,7,12.640715460486968,1.3592845395130322,0.9029082471776405,0.9895711425741597,2.0,2.0,False,main,False
8144,8,8,13.640715460486968,1.3592845395130322,0.9093810306991312,0.9903223848824663,1.0,1.0,False,main,False
8144,9,9,14.640715460486968,1.3592845395130322,0.9150447162804355,0.9909726518226962,-1.0,-1.0,True,main,False
9289,1,1,6.847402703802376,1.1525972961976234,0.855925337975297,0.9881977414388725,14.0,8.0,False,main,True
10062,0,1,5.662919033690179,2.3370809663098213,0.7078648792112724,0.9238982118364953,36.0,14.0,False,main,True
10062,0,2,5.662919033690179,3.3370809663098213,0.6292132259655755,0.863031084003439,61.0,20.0,False,main,False
10062,0,3,5.662919033690179,4.337080966309822,0.5662919033690179,0.8046337045021463,101.0,27.0,False,main,False
10062,0,4,5.662919033690179,5.337080966309822,0.5148108212445618,0.7511766892742535,166.0,36.0,False,main,True
10062,0,5,5.662919033690179,6.337080966309822,0.4719099194741816,0.7030423418305478,275.0,47.0,False,main,True
8789,0,1,5.617269893754693,2.3827301062453072,0.7021587367193366,0.9205966182487928,37.0,14.0,False,main,True
2431,1,1,6.601643189078372,1.3983568109216284,0.8252053986347965,0.9788204705295677,16.0,8.0,False,main,True
4926,1,1,6.706006423057163,1.293993576942837,0.8382508028821454,0.9831063673969653,15.0,8.0,False,main,True
4926,2,2,7.706006423057163,1.293993576942837,0.8562229358952403,0.9852438331432128,12.0,7.0,False,main,False
4926,3,3,8.706006423057163,1.293993576942837,0.8706006423057163,0.9869009885496743,10.0,6.0,False,main,False
4926,4,4,9.706006423057163,1.293993576942837,0.8823642202779239,0.9882234197047419,7.0,5.0,False,main,False
4926,5,5,10.706006423057163,1.293993576942837,0.8921672019214303,0.9893032611840219,6.0,4.0,False,main,False
4926,6,6,11.706006423057163,1.293993576942837,0.9004620325428587,0.9902016690110363,4.0,3.0,False,main,False
4926,7,7,12.706006423057163,1.293993576942837,0.907571887361226,0.9909608331213433,2.0,2.0,False,main,False
4926,8,8,13.706006423057163,1.293993576942837,0.9137337615371443,0.9916108017066001,1.0,1.0,False,main,False
4926,9,9,14.706006423057163,1.293993576942837,0.9191254014410727,0.9921735563895309,-1.0,-1.0,True,main,False
10920,1,1,6.670534738674346,1.3294652613256543,0.8338168423342932,0.9816982737560415,15.0,8.0,False,main,True
10920,2,2,7.670534738674346,1.3294652613256543,0.8522816376304828,0.9840180408775232,12.0,7.0,False,main,False
10920,3,3,8.670534738674345,1.3294652613256543,0.8670534738674345,0.9858156774085163,10.0,6.0,False,main,False
10920,4,4,9.670534738674345,1.3294652613256543,0.8791395216976677,0.9872496857035444,8.0,5.0,False,main,False
10920,5,5,10.670534738674345,1.3294652613256543,0.889211228222862,0.9884202921663481,6.0,4.0,False,main,False
10920,6,6,11.670534738674345,1.3294652613256543,0.897733441436488,0.9893939810292769,4.0,3.0,False,main,False
10920,7,7,12.670534738674345,1.3294652613256543,0.9050381956195961,0.9902165941483037,2.0,2.0,False,main,False
10920,8,8,13.670534738674345,1.3294652613256543,0.9113689825782897,0.9909207666469162,1.0,1.0,False,main,False
10920,9,9,14.670534738674345,1.3294652613256543,0.9169084211671465,0.9915303640114662,-1.0,-1.0,True,main,False
2918,0,1,5.74274469147257,2.2572553085274305,0.7178430864340712,0.9295473733879304,34.0,14.0,False,main,True
3388,1,1,6.635724377703418,1.3642756222965826,0.8294655472129272,0.9802674322604447,15.0,8.0,False,main,True
1327,0,1,5.624483212326781,2.3755167876732197,0.7030604015408476,0.9211217174271225,37.0,14.0,False,main,True
7747,0,1,5.611015812525449,2.3889841874745508,0.7013769765656811,0.9201403228116726,37.0,14.0,False,main,True
7747,0,2,5.611015812525449,3.3889841874745508,0.6234462013917166,0.8588897959368674,64.0,20.0,False,main,False
7747,0,3,5.611015812525449,4.38898418747455,0.5611015812525448,0.8004225839055674,106.0,27.0,False,main,True
7747,0,4,5.611015812525449,5.38898418747455,0.5100923465932227,0.7470282094867173,175.0,37.0,False,main,True
1625,1,1,6.853494712828049,1.1465052871719519,0.8566868391035061,0.9883977157276996,14.0,8.0,False,main,True
8386,0,1,5.702620412251374,2.297379587748626,0.7128275515314217,0.9267277901458537,35.0,14.0,False,main,True
8386,0,2,5.702620412251374,3.297379587748626,0.6336244902501527,0.8661705359883444,59.0,19.0,False,main,False
8386,0,3,5.702620412251374,4.297379587748626,0.5702620412251374,0.807834686004792,98.0,27.0,False,main,True
8386,0,4,5.702620412251374,5.297379587748626,0.5184200374773976,0.7543344143798438,161.0,35.0,False,main,True
2818,1,1,6.609176288995702,1.3908237110042978,0.8261470361244627,0.9791441781714756,16.0,8.0,False,main,True
9419,1,1,6.791436235723871,1.2085637642761289,0.8489295294654838,0.9862844964781684,14.0,8.0,False,main,True
1165,1,1,6.770652042458474,1.2293479575415258,0.8463315053073093,0.9855395426891167,14.0,8.0,False,main,True
11839,1,1,6.754599307160417,1.245400692839583,0.8443249133950521,0.9849516277615923,14.0,8.0,False,main,True
11839,2,2,7.754599307160417,1.245400692839583,0.8616221452400463,0.9868509281059885,12.0,7.0,False,main,False
11839,3,3,8.754599307160417,1.245400692839583,0.8754599307160417,0.9883244000994129,9.0,6.0,False,main,False
11839,4,4,9.754599307160417,1.245400692839583,0.8867817551964016,0.989500846560536,7.0,5.0,False,main,False
11839,5,5,10.754599307160417,1.245400692839583,0.8962166089300347,0.9904618725462555,5.0,4.0,False,main,False
11839,6,6,11.754599307160417,1.245400692839583,0.9041999467046474,0.9912616929426458,4.0,3.0,False,main,False
11839,7,7,12.754599307160417,1.245400692839583,0.9110428076543154,0.9919377359724351,2.0,2.0,False,main,False
11839,8,8,13.754599307160417,1.245400692839583,0.9169732871440278,0.9925166742367276,1.0,1.0,False,main,False
11839,9,9,14.754599307160417,1.245400692839583,0.9221624566975261,0.9930180296443759,-1.0,-1.0,True,main,False
9129,1,1,6.823518060516961,1.1764819394830393,0.8529397575646201,0.9873979323964807,14.0,8.0,False,main,True
9129,2,2,7.823518060516961,1.1764819394830393,0.8692797845018846,0.9889828521736195,11.0,7.0,False,main,False
9129,3,3,8.82351806051696,1.1764819394830393,0.882351806051696,0.9902135775139622,9.0,6.0,False,main,False
9129,4,4,9.82351806051696,1.1764819394830393,0.8930470964106327,0.9911969241615719,7.0,5.0,False,main,False
9129,5,5,10.82351806051696,1.1764819394830393,0.9019598383764134,0.9920006753915812,5.0,4.0,False,main,False
9129,6,6,11.82351806051696,1.1764819394830393,0.9095013892705354,0.9926699204152081,4.0,3.0,False,main,False
9129,7,7,12.82351806051696,1.1764819394830393,0.9159655757512114,0.9932358192246469,2.0,2.0,False,main,False
9129,8,8,13.82351806051696,1.1764819394830393,0.9215678707011307,0.9937205962397451,1.0,1.0,False,main,False
9129,9,9,14.82351806051696,1.1764819394830393,0.92646987878231,0.9941405292612144,-1.0,-1.0,True,main,False
12087,0,1,5.618087497981847,2.3819125020181535,0.7022609372477309,0.9206562000573257,37.0,14.0,False,main,True
230,1,1,6.846592135408405,1.1534078645915953,0.8558240169260506,0.9881710101729569,14.0,8.0,False,main,True
12090,1,1,6.5937424176388895,1.4062575823611103,0.8242178022048612,0.9784786167880797,16.0,8.0,False,main,True
1459,1,1,6.616712186135257,1.3832878138647429,0.8270890232669071,0.9794658109178107,16.0,8.0,False,main,True
6366,0,1,5.720634638176769,2.2793653618232312,0.7150793297720961,0.9279986978325934,34.0,14.0,False,main,True
7599,1,1,6.664055001111229,1.3359449988887713,0.8330068751389036,0.9814355784235783,15.0,8.0,False,main,True
417,1,1,6.64212138568157,1.3578786143184298,0.8302651732101962,0.9805339701305921,15.0,8.0,False,main,True
12070,0,1,5.654672463542159,2.345327536457841,0.7068340579427699,0.9233055626453812,36.0,14.0,False,main,True
7877,1,1,6.855962682851163,1.144037317148837,0.8569953353563954,0.988478260231209,14.0,8.0,False,main,True
7877,2,2,7.855962682851163,1.144037317148837,0.8728847425390182,0.989924869889474,11.0,7.0,False,main,False
7877,3,3,8.855962682851164,1.144037317148837,0.8855962682851164,0.9910486913729157,9.0,6.0,False,main,False
7877,4,4,9.855962682851164,1.144037317148837,0.895996607531924,0.9919469312727673,7.0,5.0,False,main,False
7877,5,5,10.855962682851164,1.144037317148837,0.9046635569042637,0.9926813217545224,5.0,4.0,False,main,False
7877,6,6,11.855962682851164,1.144037317148837,0.9119971294500895,0.9932929513988502,4.0,3.0,False,main,False
7877,7,7,12.855962682851164,1.144037317148837,0.9182830487750832,0.9938102292217382,2.0,2.0,False,main,False
7877,8,8,13.855962682851164,1.144037317148837,0.9237308455234109,0.9942534256684693,1.0,1.0,False,main,False
7877,9,9,14.855962682851164,1.144037317148837,0.9284976676781977,0.9946373923976309,-1.0,-1.0,True,main,False
5736,0,1,5.614024900526554,2.3859750994734457,0.7017531125658193,0.9203599834069458,37.0,14.0,False,main,True
7618,1,1,6.756832612753637,1.2431673872463624,0.8446040765942047,0.9850340709427884,14.0,8.0,False,main,True
7618,2,2,7.756832612753637,1.2431673872463624,0.8618702903059597,0.9869227505290463,12.0,7.0,False,main,False
7618,3,3,8.756832612753637,1.2431673872463624,0.8756832612753638,0.9883880271474489,9.0,6.0,False,main,False
7618,4,4,9.756832612753637,1.2431673872463624,0.8869847829776034,0.9895579576604496,7.0,5.0,False,main,False
7618,5,5,10.756832612753637,1.2431673872463624,0.8964027177294698,0.9905136787156736,5.0,4.0,False,main,False
7618,6,6,11.756832612753637,1.2431673872463624,0.9043717394425875,0.9913090962082569,4.0,3.0,False,main,False
7618,7,7,12.756832612753637,1.2431673872463624,0.9112023294824027,0.991981426271762,2.0,2.0,False,main,False
7618,8,8,13.756832612753637,1.2431673872463624,0.9171221741835758,0.9925571910882756,1.0,1.0,False,main,False
7618,9,9,14.756832612753637,1.2431673872463624,0.9223020382971023,0.9930558029180241,-1.0,-1.0,True,main,False
1561,1,1,6.855518347813174,1.1444816521868257,0.8569397934766467,0.9884637789021236,14.0,8.0,False,main,True
12092,1,1,6.598033484582275,1.4019665154177254,0.8247541855727843,0.9786645818525714,16.0,8.0,False,main,True
9988,0,1,5.762046243616157,2.2379537563838423,0.7202557804520197,0.9308891718113097,33.0,14.0,False,main,True
9988,0,2,5.762046243616157,3.2379537563838423,0.6402273604017953,0.870823522528033,57.0,19.0,False,main,False
9988,0,3,5.762046243616157,4.237953756383842,0.5762046243616157,0.8125932053776023,94.0,26.0,False,main,True
9988,0,4,5.762046243616157,5.237953756383842,0.523822385783287,0.7590358464874676,152.0,35.0,False,main,True
10597,0,1,5.674300116991167,2.3256998830088333,0.7092875146238958,0.9247133653538714,35.0,14.0,False,main,True
10597,0,2,5.674300116991167,3.3256998830088333,0.6304777907767963,0.8639335766071524,61.0,20.0,False,main,False
10597,0,3,5.674300116991167,4.325699883008833,0.5674300116991167,0.8055531099521382,100.0,27.0,False,main,True
10597,0,4,5.674300116991167,5.325699883008833,0.5158454651810152,0.7520832791112025,165.0,36.0,False,main,True
1007,1,1,6.934319486637903,1.0656805133620968,0.8667899358297378,0.9908930156331464,13.0,8.0,False,main,True
1007,2,2,7.934319486637903,1.0656805133620968,0.8815910540708781,0.9920317371824225,11.0,7.0,False,main,False
1007,3,3,8.934319486637904,1.0656805133620968,0.8934319486637904,0.9929173234428144,9.0,6.0,False,main,False
1007,4,4,9.934319486637904,1.0656805133620968,0.9031199533307185,0.9936257424155786,7.0,5.0,False,main,False
1007,5,5,10.934319486637904,1.0656805133620968,0.9111932905531587,0.9942053270574701,5.0,4.0,False,main,False
1007,6,6,11.934319486637904,1.0656805133620968,0.9180245758952233,0.9946882942612337,4.0,3.0,False,main,False
1007,7,7,12.934319486637904,1.0656805133620968,0.9238799633312789,0.9950969453462074,2.0,2.0,False,main,False
1007,8,8,13.934319486637904,1.0656805133620968,0.928954632442527,0.9954472083238117,1.0,1.0,False,main,False
1007,9,9,14.934319486637904,1.0656805133620968,0.933394967914869,0.9957507628529286,-1.0,-1.0,True,main,False
2653,1,1,6.695561803935143,1.3044381960648568,0.8369452254918929,0.9826970505365673,15.0,8.0,False,main,True
4254,0,1,5.792630137493261,2.207369862506739,0.7240787671866576,0.9329957279535892,33.0,14.0,False,main,True
871,1,1,6.938697121895902,1.061302878104098,0.8673371402369877,0.9910196583609114,13.0,8.0,False,main,True
871,2,2,7.938697121895902,1.061302878104098,0.8820774579884335,0.9921422836668644,11.0,7.0,False,main,False
871,3,3,8.938697121895903,1.061302878104098,0.8938697121895902,0.993015404637051,9.0,6.0,False,main,False
871,4,4,9.938697121895903,1.061302878104098,0.9035179201723548,0.993713885040832,7.0,5.0,False,main,False
871,5,5,10.938697121895903,1.061302878104098,0.9115580934913252,0.9942853601924022,5.0,4.0,False,main,False
871,6,6,11.938697121895903,1.061302878104098,0.9183613170689156,0.9947615845515324,4.0,3.0,False,main,False
871,7,7,12.938697121895903,1.061302878104098,0.924192651563993,0.9951645407862016,2.0,2.0,False,main,False
871,8,8,13.938697121895903,1.061302878104098,0.9292464747930602,0.9955099301832008,1.0,1.0,False,main,False
871,9,9,14.938697121895903,1.061302878104098,0.9336685701184939,0.9958092666818856,-1.0,-1.0,True,main,False
10531,1,1,6.929637650368864,1.0703623496311356,0.866204706296108,0.9907565931615419,13.0,8.0,False,main,True
10531,2,2,7.929637650368864,1.0703623496311356,0.881070850040985,0.9919126598798228,11.0,7.0,False,main,False
10531,3,3,8.929637650368864,1.0703623496311356,0.8929637650368865,0.9928116774134467,9.0,6.0,False,main,False
10531,4,4,9.929637650368864,1.0703623496311356,0.9026943318517149,0.9935308043810748,7.0,5.0,False,main,False
10531,5,5,10.929637650368864,1.0703623496311356,0.9108031375307387,0.9941191258445443,5.0,4.0,False,main,False
10531,6,6,11.929637650368864,1.0703623496311356,0.9176644346437588,0.9946093571698855,4.0,3.0,False,main,False
10531,7,7,12.929637650368864,1.0703623496311356,0.9235455464549188,0.9950241431286666,2.0,2.0,False,main,False
10531,8,8,13.929637650368864,1.0703623496311356,0.928642510024591,0.9953796560832855,1.0,1.0,False,main,False
10531,9,9,14.929637650368864,1.0703623496311356,0.933102353148054,0.9956877542835798,-1.0,-1.0,True,main,False
636,1,1,6.653216007200546,1.3467839927994536,0.8316520009000683,0.9809924123330694,15.0,8.0,False,main,True
2824,0,1,5.6702927462523744,2.3297072537476256,0.7087865932815468,0.9244267091530004,35.0,14.0,False,main,True
5010,1,1,6.604702671321369,1.395297328678631,0.8255878339151711,0.9789522046419452,16.0,8.0,False,main,True
7955,1,1,6.612485979113135,1.387514020886865,0.8265607473891419,0.9792857069749402,16.0,8.0,False,main,True
7955,2,2,7.612485979113135,1.387514020886865,0.845831775457015,0.9819188949909086,13.0,7.0,False,main,False
7955,3,3,8.612485979113135,1.387514020886865,0.8612485979113135,0.9839578267714697,10.0,6.0,False,main,False
7955,4,4,9.612485979113135,1.387514020886865,0.8738623617375577,0.9855833455685805,8.0,5.0,False,main,False
7955,5,5,10.612485979113135,1.387514020886865,0.8843738315927613,0.98690965144538,6.0,4.0,False,main,False
7955,6,6,11.612485979113135,1.387514020886865,0.8932681522394719,0.9880124182509035,4.0,3.0,False,main,False
7955,7,7,12.612485979113135,1.387514020886865,0.9008918556509382,0.9889437799696306,2.0,2.0,False,main,False
7955,8,8,13.612485979113135,1.387514020886865,0.907499065274209,0.9897408252091383,1.0,1.0,False,main,False
7955,9,9,14.612485979113135,1.387514020886865,0.9132803736945709,0.9904306603299556,-1.0,-1.0,True,main,False
3837,0,1,5.751642882908065,2.248357117091935,0.7189553603635082,0.9301671356864329,34.0,14.0,False,main,True
4629,0,1,5.64459648870443,2.3554035112955707,0.7055745610880537,0.9225791671139277,36.0,14.0,False,main,True
10926,0,1,5.720964906896991,2.279035093103009,0.7151206133621238,0.9280219221213595,34.0,14.0,False,main,True
10926,0,2,5.720964906896991,3.279035093103009,0.635662767432999,0.8676128257492554,59.0,19.0,False,main,False
10926,0,3,5.720964906896991,4.279035093103008,0.572096490689699,0.8093078198957548,97.0,26.0,False,main,False
10926,0,4,5.720964906896991,5.279035093103008,0.5200877188088173,0.755788939980914,158.0,35.0,False,main,True
3109,0,1,5.627275119560038,2.3727248804399617,0.7034093899450048,0.9213246160430475,37.0,14.0,False,main,True
6266,1,1,6.619792745379924,1.3802072546200757,0.8274740931724905,0.9795966550673435,16.0,8.0,False,main,True
6266,2,2,7.619792745379924,1.3802072546200757,0.8466436383755471,0.9821893732454398,12.0,7.0,False,main,False
6266,3,3,8.619792745379925,1.3802072546200757,0.8619792745379925,0.9841971638962144,10.0,6.0,False,main,False
6266,4,4,9.619792745379925,1.3802072546200757,0.8745266132163568,0.9857979762292496,8.0,5.0,False,main,False
6266,5,5,10.619792745379925,1.3802072546200757,0.8849827287816604,0.9871042017193025,6.0,4.0,False,main,False
6266,6,6,11.619792745379925,1.3802072546200757,0.8938302111830712,0.988190325619371,4.0,3.0,False,main,False
6266,7,7,12.619792745379925,1.3802072546200757,0.9014137675271375,0.989107668522912,2.0,2.0,False,main,False
6266,8,8,13.619792745379925,1.3802072546200757,0.9079861830253283,0.9898927435860795,1.0,1.0,False,main,False
6266,9,9,14.619792745379925,1.3802072546200757,0.9137370465862453,0.9905722385594325,-1.0,-1.0,True,main,False
1090,2,2,7.659361881100593,1.3406381188994068,0.851040209011177,0.9836229137938706,12.0,7.0,False,main,True
1090,3,3,8.659361881100594,1.3406381188994068,0.8659361881100593,0.9854659011301965,10.0,6.0,False,main,False
1090,4,4,9.659361881100594,1.3406381188994068,0.8781238073727813,0.9869359164420434,8.0,5.0,False,main,False
1090,5,5,10.659361881100594,1.3406381188994068,0.8882801567583828,0.9881358053329072,6.0,4.0,False,main,False
1090,6,6,11.659361881100594,1.3406381188994068,0.8968739908538919,0.9891337756205778,4.0,3.0,False,main,False
1090,7,7,12.659361881100594,1.3406381188994068,0.9042401343643282,0.9899768499041456,2.0,2.0,False,main,False
1090,8,8,13.659361881100594,1.3406381188994068,0.9106241254067062,0.9906984993726992,1.0,1.0,False,main,False
1090,9,9,14.659361881100594,1.3406381188994068,0.9162101175687871,0.9913231981452711,-1.0,-1.0,True,main,False
12090,2,2,7.5937424176388895,1.4062575823611103,0.8437491575154321,0.9812169472324275,13.0,7.0,False,main,True
12090,3,3,8.59374241763889,1.4062575823611103,0.859374241763889,0.9833367639135113,10.0,6.0,False,main,False
12090,4,4,9.59374241763889,1.4062575823611103,0.8721584016035354,0.9850264415575263,8.0,5.0,False,main,False
12090,5,5,10.59374241763889,1.4062575823611103,0.8828118681365741,0.9864048847893176,6.0,4.0,False,main,False
12090,6,6,11.59374241763889,1.4062575823611103,0.8918263398183761,0.9875508581879907,4.0,3.0,False,main,False
12090,7,7,12.59374241763889,1.4062575823611103,0.8995530298313492,0.988518610218742,2.0,2.0,False,main,False
12090,8,8,13.59374241763889,1.4062575823611103,0.9062494945092593,0.9893467250792456,1.0,1.0,False,main,False
12090,9,9,14.59374241763889,1.4062575823611103,0.9121089011024306,0.9900633968812609,-1.0,-1.0,True,main,False
5086,2,2,7.653792018836976,1.3462079811630248,0.8504213354263306,0.9834243376509774,12.0,7.0,False,main,True
5086,3,3,8.653792018836976,1.3462079811630248,0.8653792018836975,0.985290128819359,10.0,6.0,False,main,False
5086,4,4,9.653792018836976,1.3462079811630248,0.8776174562579069,0.9867782472797928,8.0,5.0,False,main,False
5086,5,5,10.653792018836976,1.3462079811630248,0.8878160015697479,0.9879928569137496,6.0,4.0,False,main,False
5086,6,6,11.653792018836976,1.3462079811630248,0.8964455399105365,0.9890030328476941,4.0,3.0,False,main,False
5086,7,7,12.653792018836976,1.3462079811630248,0.903842287059784,0.9898563917237867,2.0,2.0,False,main,False
5086,8,8,13.653792018836976,1.3462079811630248,0.9102528012557983,0.9905868253013066,1.0,1.0,False,main,False
5086,9,9,14.653792018836976,1.3462079811630248,0.915862001177311,0.9912191138248226,-1.0,-1.0,True,main,False
3990,2,2,7.752673023764741,1.2473269762352592,0.8614081137516378,0.986788834167652,12.0,7.0,False,main,False
3990,3,3,8.752673023764741,1.2473269762352592,0.8752673023764741,0.9882693924114281,9.0,6.0,False,main,False
3990,4,4,9.752673023764741,1.2473269762352592,0.8866066385240674,0.9894514728015398,7.0,5.0,False,main,False
3990,5,5,10.752673023764741,1.2473269762352592,0.8960560853137284,0.990417085508852,5.0,4.0,False,main,False
3990,6,6,11.752673023764741,1.2473269762352592,0.9040517710588263,0.9912207126421256,4.0,3.0,False,main,False
3990,7,7,12.752673023764741,1.2473269762352592,0.9109052159831957,0.9918999658356022,2.0,2.0,False,main,False
3990,8,8,13.752673023764741,1.2473269762352592,0.9168448682509828,0.9924816477656826,1.0,1.0,False,main,False
3990,9,9,14.752673023764741,1.2473269762352592,0.9220420639852963,0.9929853751572627,-1.0,-1.0,True,main,False
1459,2,2,7.616712186135257,1.3832878138647429,0.8463013540150286,0.9820755558138653,12.0,7.0,False,main,True
1459,3,3,8.616712186135256,1.3832878138647429,0.8616712186135256,0.9840964489064192,10.0,6.0,False,main,False
1459,4,4,9.616712186135256,1.3832878138647429,0.8742465623759323,0.9857076566729183,8.0,5.0,False,main,False
1459,5,5,10.616712186135256,1.3832878138647429,0.8847260155112714,0.9870223313569692,6.0,4.0,False,main,False
1459,6,6,11.616712186135256,1.3832878138647429,0.8935932450873274,0.9881154582138786,4.0,3.0,False,main,False
1459,7,7,12.616712186135256,1.3832878138647429,0.9011937275810897,0.9890387000189482,2.0,2.0,False,main,False
1459,8,8,13.616712186135256,1.3832878138647429,0.9077808124090171,0.9898288120215093,1.0,1.0,False,main,False
1459,9,9,14.616712186135256,1.3832878138647429,0.9135445116334535,0.99051265808741,-1.0,-1.0,True,main,False
1818,2,2,7.7699405458306074,1.230059454169393,0.863326727314512,0.98734063973655,12.0,7.0,False,main,False
1818,3,3,8.769940545830607,1.230059454169393,0.8769940545830608,0.9887582563112693,9.0,6.0,False,main,False
1818,4,4,9.769940545830607,1.230059454169393,0.888176413257328,0.9898902889876238,7.0,5.0,False,main,False
1818,5,5,10.769940545830607,1.230059454169393,0.897495045485884,0.9908151527905573,5.0,4.0,False,main,False
1818,6,6,11.769940545830607,1.230059454169393,0.9053800419869698,0.991584957901783,4.0,3.0,False,main,False
1818,7,7,12.769940545830607,1.230059454169393,0.9121386104164719,0.9922356876866825,2.0,2.0,False,main,False
1818,8,8,13.769940545830607,1.230059454169393,0.9179960363887072,0.9927929898980413,1.0,1.0,False,main,False
1818,9,9,14.769940545830607,1.230059454169393,0.923121284114413,0.9932756393042612,-1.0,-1.0,True,main,False
1681,2,2,7.60584871129971,1.3941512887002903,0.8450943012555233,0.9816716593446768,13.0,7.0,False,main,True
1681,3,3,8.60584871129971,1.3941512887002903,0.8605848711299711,0.9837390688884227,10.0,6.0,False,main,False
1681,4,4,9.60584871129971,1.3941512887002903,0.8732589737545191,0.9853871786905352,8.0,5.0,False,main,False
1681,5,5,10.60584871129971,1.3941512887002903,0.8838207259416425,0.9867318440374663,6.0,4.0,False,main,False
1681,6,6,11.60584871129971,1.3941512887002903,0.8927575931769008,0.9878498263793288,4.0,3.0,False,main,False
1681,7,7,12.60584871129971,1.3941512887002903,0.9004177650928364,0.9887940038657519,2.0,2.0,False,main,False
1681,8,8,13.60584871129971,1.3941512887002903,0.9070565807533141,0.9896019915153247,1.0,1.0,False,main,False
1681,9,9,14.60584871129971,1.3941512887002903,0.9128655444562319,0.9903012785847645,-1.0,-1.0,True,main,False
6331,2,2,7.80172272850463,1.1982772714953702,0.8668580809449589,0.9883276830248483,11.0,7.0,False,main,False
6331,3,3,8.801722728504629,1.1982772714953702,0.8801722728504628,0.9896328912260336,9.0,6.0,False,main,False
6331,4,4,9.801722728504629,1.1982772714953702,0.8910657025913299,0.9906755093399614,7.0,5.0,False,main,False
6331,5,5,10.801722728504629,1.1982772714953702,0.900143560708719,0.9915275498641097,5.0,4.0,False,main,False
6331,6,6,11.801722728504629,1.1982772714953702,0.9078248252695869,0.9922368960998823,4.0,3.0,False,main,False
6331,7,7,12.801722728504629,1.1982772714953702,0.9144087663217592,0.992836628235035,2.0,2.0,False,main,False
6331,8,8,13.801722728504629,1.1982772714953702,0.9201148485669752,0.9933503339173547,1.0,1.0,False,main,False
6331,9,9,14.801722728504629,1.1982772714953702,0.9251076705315393,0.993795285521066,-1.0,-1.0,True,main,False
10252,0,5,5.722590004389506,6.277409995610494,0.47688250036579216,0.7076499575839268,259.0,46.0,False,main,True
10926,0,5,5.720964906896991,6.279035093103008,0.4767470755747492,0.707524796573412,259.0,46.0,False,main,True
2816,2,2,7.627717098302966,1.3722829016970337,0.8475241220336629,0.9824806950781703,12.0,7.0,False,main,True
2816,3,3,8.627717098302966,1.3722829016970337,0.8627717098302966,0.9844549610752725,10.0,6.0,False,main,False
2816,4,4,9.627717098302966,1.3722829016970337,0.8752470089366333,0.9860291728115381,8.0,5.0,False,main,False
2816,5,5,10.627717098302966,1.3722829016970337,0.8856430915252472,0.9873137764362065,6.0,4.0,False,main,False
2816,6,6,11.627717098302966,1.3722829016970337,0.8944397767925358,0.9883819784812221,4.0,3.0,False,main,False
2816,7,7,12.627717098302966,1.3722829016970337,0.9019797927359262,0.9892842243299144,2.0,2.0,False,main,False
2816,8,8,13.627717098302966,1.3722829016970337,0.9085144732201977,0.990056407868163,1.0,1.0,False,main,False
2816,9,9,14.627717098302966,1.3722829016970337,0.9142323186439354,0.9907247663099004,-1.0,-1.0,True,main,False
5626,2,2,7.741396839091665,1.2586031609083346,0.8601552043435183,0.9864226545873029,12.0,7.0,False,main,False
5626,3,3,8.741396839091665,1.2586031609083346,0.8741396839091665,0.9879450196692476,9.0,6.0,False,main,False
5626,4,4,9.741396839091665,1.2586031609083346,0.885581530826515,0.9891603352347837,7.0,5.0,False,main,False
5626,5,5,10.741396839091665,1.2586031609083346,0.8951164032576387,0.9901530033320389,6.0,4.0,False,main,False
5626,6,6,11.741396839091665,1.2586031609083346,0.9031843722378204,0.9909790835291031,4.0,3.0,False,main,False
5626,7,7,12.741396839091665,1.2586031609083346,0.9100997742208332,0.9916772700140853,2.0,2.0,False,main,False
5626,8,8,13.741396839091665,1.2586031609083346,0.916093122606111,0.9922751331195705,1.0,1.0,False,main,False
5626,9,9,14.741396839091665,1.2586031609083346,0.9213373024432291,0.9927928490845452,-1.0,-1.0,True,main,False
12132,2,2,7.737110869931916,1.2628891300680842,0.8596789855479907,0.9862822719476693,12.0,7.0,False,main,True
12132,3,3,8.737110869931916,1.2628891300680842,0.8737110869931917,0.9878206726180357,9.0,6.0,False,main,False
12132,4,4,9.737110869931916,1.2628891300680842,0.8851918972665378,0.9890487344677212,7.0,5.0,False,main,False
12132,5,5,10.737110869931916,1.2628891300680842,0.894759239160993,0.9900517778033262,6.0,4.0,False,main,False
12132,6,6,11.737110869931916,1.2628891300680842,0.9028546823024551,0.9908864676647984,4.0,3.0,False,main,False
12132,7,7,12.737110869931916,1.2628891300680842,0.9097936335665654,0.9915919136843154,2.0,2.0,False,main,False
12132,8,8,13.737110869931916,1.2628891300680842,0.9158073913287944,0.9921959807518405,1.0,1.0,False,main,False
12132,9,9,14.737110869931916,1.2628891300680842,0.9210694293707448,0.9927190597727198,-1.0,-1.0,True,main,False
5845,2,2,7.809500320106496,1.1904996798935037,0.8677222577896107,0.9885635210275483,11.0,7.0,False,main,False
5845,3,3,8.809500320106496,1.1904996798935037,0.8809500320106496,0.989841905809079,9.0,6.0,False,main,False
5845,4,4,9.809500320106496,1.1904996798935037,0.8917727563733178,0.9908631808564027,7.0,5.0,False,main,False
5845,5,5,10.809500320106496,1.1904996798935037,0.900791693342208,0.991697834373958,5.0,4.0,False,main,False
5845,6,6,11.809500320106496,1.1904996798935037,0.9084231015466535,0.9923927428064495,4.0,3.0,False,main,False
5845,7,7,12.809500320106496,1.1904996798935037,0.9149643085790354,0.9929802944986855,2.0,2.0,False,main,False
5845,8,8,13.809500320106496,1.1904996798935037,0.9206333546737664,0.9934835859907317,1.0,1.0,False,main,False
5845,9,9,14.809500320106496,1.1904996798935037,0.925593770006656,0.993919531395391,-1.0,-1.0,True,main,False
1561,2,2,7.855518347813174,1.1444816521868257,0.8728353719792415,0.9899122403208527,11.0,7.0,False,main,False
1561,3,3,8.855518347813174,1.1444816521868257,0.8855518347813174,0.991037493542838,9.0,6.0,False,main,False
1561,4,4,9.855518347813174,1.1444816521868257,0.8959562134375613,0.9919368735413694,7.0,5.0,False,main,False
1561,5,5,10.855518347813174,1.1444816521868257,0.9046265289844312,0.9926721933713394,5.0,4.0,False,main,False
1561,6,6,11.855518347813174,1.1444816521868257,0.9119629498317826,0.9932845951156565,4.0,3.0,False,main,False
1561,7,7,12.855518347813174,1.1444816521868257,0.9182513105580838,0.9938025245931577,2.0,2.0,False,main,False
1561,8,8,13.855518347813174,1.1444816521868257,0.9237012231875449,0.994246278397112,1.0,1.0,False,main,False
1561,9,9,14.855518347813174,1.1444816521868257,0.9284698967383234,0.9946307272752698,-1.0,-1.0,True,main,False
2410,2,2,7.621659923033245,1.3783400769667549,0.8468511025592494,0.9822582054650404,12.0,7.0,False,main,True
2410,3,3,8.621659923033246,1.3783400769667549,0.8621659923033246,0.9842580735335397,10.0,6.0,False,main,False
2410,4,4,9.621659923033246,1.3783400769667549,0.8746963566393859,0.9858525998771569,8.0,5.0,False,main,False
2410,5,5,10.621659923033246,1.3783400769667549,0.8851383269194372,0.9871537160905524,6.0,4.0,False,main,False
2410,6,6,11.621659923033246,1.3783400769667549,0.8939738402333266,0.9882356051582728,4.0,3.0,False,main,False
2410,7,7,12.621659923033246,1.3783400769667549,0.9015471373595175,0.9891493808021221,2.0,2.0,False,main,False
2410,8,8,13.621659923033246,1.3783400769667549,0.9081106615355498,0.9899314098104319,1.0,1.0,False,main,False
2410,9,9,14.621659923033246,1.3783400769667549,0.9138537451895778,0.9906082734518011,-1.0,-1.0,True,main,False
3440,2,2,7.782956190379276,1.217043809620724,0.8647729100421419,0.9877493672702273,11.0,7.0,False,main,False
3440,3,3,8.782956190379277,1.217043809620724,0.8782956190379275,0.9891204081894537,9.0,6.0,False,main,False
3440,4,4,9.782956190379277,1.217043809620724,0.8893596536708432,0.990215397848957,7.0,5.0,False,main,False
3440,5,5,10.782956190379277,1.217043809620724,0.8985796825316062,0.9911100955802029,5.0,4.0,False,main,False
3440,6,6,11.782956190379277,1.217043809620724,0.9063812454137904,0.9918548587394206,4.0,3.0,False,main,False
3440,7,7,12.782956190379277,1.217043809620724,0.9130682993128054,0.9924844670277562,2.0,2.0,False,main,False
3440,8,8,13.782956190379277,1.217043809620724,0.9188637460252851,0.9930237142146517,1.0,1.0,False,main,False
3440,9,9,14.782956190379277,1.217043809620724,0.9239347618987048,0.9934907523614439,-1.0,-1.0,True,main,False
5753,2,2,7.823278412598445,1.1767215874015542,0.8692531569553829,0.9889757454003758,11.0,7.0,False,main,False
5753,3,3,8.823278412598444,1.1767215874015542,0.8823278412598446,0.9902072781024945,9.0,6.0,False,main,False
5753,4,4,9.823278412598444,1.1767215874015542,0.8930253102362223,0.991191267334328,7.0,5.0,False,main,False
5753,5,5,10.823278412598444,1.1767215874015542,0.9019398677165372,0.9919955421564361,5.0,4.0,False,main,False
5753,6,6,11.823278412598444,1.1767215874015542,0.9094829548152651,0.9926652220375193,4.0,3.0,False,main,False
5753,7,7,12.823278412598444,1.1767215874015542,0.9159484580427462,0.9932314877686198,2.0,2.0,False,main,False
5753,8,8,13.823278412598444,1.1767215874015542,0.9215518941732297,0.9937165785384114,1.0,1.0,False,main,False
5753,9,9,14.823278412598444,1.1767215874015542,0.9264549007874029,0.9941367829242774,-1.0,-1.0,True,main,False
7599,2,2,7.664055001111229,1.3359449988887713,0.8515616667901366,0.9837894078901392,12.0,7.0,False,main,True
7599,3,3,8.66405500111123,1.3359449988887713,0.8664055001111229,0.985613281871339,10.0,6.0,False,main,False
7599,4,4,9.66405500111123,1.3359449988887713,0.8785504546464754,0.9870681225749629,8.0,5.0,False,main,False
7599,5,5,10.66405500111123,1.3359449988887713,0.8886712500926025,0.9882556713196758,6.0,4.0,False,main,False
7599,6,6,11.66405500111123,1.3359449988887713,0.8972350000854792,0.9892434093027664,4.0,3.0,False,main,False
7599,7,7,12.66405500111123,1.3359449988887713,0.9045753572222307,0.9900778613862574,2.0,2.0,False,main,False
7599,8,8,13.66405500111123,1.3359449988887713,0.910937000074082,0.9907921463396423,1.0,1.0,False,main,False
7599,9,9,14.66405500111123,1.3359449988887713,0.9165034375694519,0.9914104817425042,-1.0,-1.0,True,main,False
3656,2,2,7.653875693157272,1.3461243068427278,0.8504306325730302,0.983427328641281,12.0,7.0,False,main,True
3656,3,3,8.653875693157271,1.3461243068427278,0.8653875693157271,0.985292776273925,10.0,6.0,False,main,False
3656,4,4,9.653875693157271,1.3461243068427278,0.8776250630142974,0.9867806220250873,8.0,5.0,False,main,False
3656,5,5,10.653875693157271,1.3461243068427278,0.8878229744297726,0.9879950099103868,6.0,4.0,False,main,False
3656,6,6,11.653875693157271,1.3461243068427278,0.8964519763967131,0.9890050019873009,4.0,3.0,False,main,False
3656,7,7,12.653875693157271,1.3461243068427278,0.9038482637969479,0.9898582059472176,2.0,2.0,False,main,False
3656,8,8,13.653875693157271,1.3461243068427278,0.910258379543818,0.9905885072127631,1.0,1.0,False,main,False
3656,9,9,14.653875693157271,1.3461243068427278,0.9158672308223295,0.9912206814163563,-1.0,-1.0,True,main,False
5841,2,2,7.673233594078663,1.326766405921337,0.8525815104531849,0.9841128414165294,12.0,7.0,False,main,True
5841,3,3,8.673233594078663,1.326766405921337,0.8673233594078663,0.9858996020344288,10.0,6.0,False,main,False
5841,4,4,9.673233594078663,1.326766405921337,0.8793848721889694,0.9873249742971475,8.0,5.0,False,main,False
5841,5,5,10.673233594078663,1.326766405921337,0.8894361328398886,0.9884885569779513,6.0,4.0,False,main,False
5841,6,6,11.673233594078663,1.326766405921337,0.8979410456983588,0.9894564212149034,4.0,3.0,False,main,False
5841,7,7,12.673233594078663,1.326766405921337,0.9052309710056188,0.9902741258311019,2.0,2.0,False,main,False
5841,8,8,13.673233594078663,1.326766405921337,0.9115489062719109,0.9909741055142346,1.0,1.0,False,main,False
5841,9,9,14.673233594078663,1.326766405921337,0.9170770996299165,0.991580079823894,-1.0,-1.0,True,main,False
2818,2,2,7.609176288995702,1.3908237110042978,0.8454640321106335,0.9817957932507352,13.0,7.0,False,main,True
2818,3,3,8.609176288995702,1.3908237110042978,0.8609176288995701,0.9838489029642287,10.0,6.0,False,main,False
2818,4,4,9.609176288995702,1.3908237110042978,0.8735614808177911,0.9854856692023257,8.0,5.0,False,main,False
2818,5,5,10.609176288995702,1.3908237110042978,0.8840980240829751,0.9868211159406683,6.0,4.0,False,main,False
2818,6,6,11.609176288995702,1.3908237110042978,0.893013560691977,0.9879314584225177,4.0,3.0,False,main,False
2818,7,7,12.609176288995702,1.3908237110042978,0.9006554492139787,0.9888692010818039,2.0,2.0,False,main,False
2818,8,8,13.609176288995702,1.3908237110042978,0.9072784192663801,0.9896716945841021,1.0,1.0,False,main,False
2818,9,9,14.609176288995702,1.3908237110042978,0.9130735180622314,0.9903662359080745,-1.0,-1.0,True,main,False
9988,0,5,5.762046243616157,6.237953756383842,0.48017052030134644,0.7106832145685862,249.0,45.0,False,main,True
7299,2,2,7.596603547188936,1.403396452811064,0.8440670607987707,0.98132484779383,13.0,7.0,False,main,True
7299,3,3,8.596603547188936,1.403396452811064,0.8596603547188936,0.9834322249164993,10.0,6.0,False,main,False
7299,4,4,9.596603547188936,1.403396452811064,0.8724185042899033,0.9851120365583641,8.0,5.0,False,main,False
7299,5,5,10.596603547188936,1.403396452811064,0.883050295599078,0.986482463161152,6.0,4.0,False,main,False
7299,6,6,11.596603547188936,1.403396452811064,0.8920464267068412,0.9876217936427582,4.0,3.0,False,main,False
7299,7,7,12.596603547188936,1.403396452811064,0.8997573962277812,0.9885839511068973,2.0,2.0,False,main,False
7299,8,8,13.596603547188936,1.403396452811064,0.9064402364792624,0.9894072896525837,1.0,1.0,False,main,False
7299,9,9,14.596603547188936,1.403396452811064,0.9122877216993085,0.990119836059105,-1.0,-1.0,True,main,False
2431,2,2,7.601643189078372,1.3983568109216284,0.844627021008708,0.9815142490140976,13.0,7.0,False,main,True
2431,3,3,8.601643189078372,1.3983568109216284,0.8601643189078372,0.9835997960727068,10.0,6.0,False,main,False
2431,4,4,9.601643189078372,1.3983568109216284,0.8728766535525793,0.9852622929087955,8.0,5.0,False,main,False
2431,5,5,10.601643189078372,1.3983568109216284,0.883470265756531,0.9866186496737863,6.0,4.0,False,main,False
2431,6,6,11.601643189078372,1.3983568109216284,0.892434091467567,0.9877463208389934,4.0,3.0,False,main,False
2431,7,7,12.601643189078372,1.3983568109216284,0.9001173706484551,0.9886986586817926,2.0,2.0,False,main,False
2431,8,8,13.601643189078372,1.3983568109216284,0.9067762126052248,0.98951361357926,1.0,1.0,False,main,False
2431,9,9,14.601643189078372,1.3983568109216284,0.9126026993173982,0.9902189186986372,-1.0,-1.0,True,main,False
10525,0,6,5.690191216418028,7.309808783581973,0.43770701664754064,0.6619539342012004,452.0,61.0,False,main,True
4356,2,2,7.830842152733873,1.169157847266127,0.870093572525986,0.9891990019391097,11.0,7.0,False,main,False
4356,3,3,8.830842152733872,1.169157847266127,0.8830842152733872,0.9904051777467234,9.0,6.0,False,main,False
4356,4,4,9.830842152733872,1.169157847266127,0.8937129229758066,0.9913689841311109,7.0,5.0,False,main,False
4356,5,5,10.830842152733872,1.169157847266127,0.9025701793944894,0.9921568127746768,5.0,4.0,False,main,False
4356,6,6,11.830842152733872,1.169157847266127,0.9100647809795286,0.9928128331563567,4.0,3.0,False,main,False
4356,7,7,12.830842152733872,1.169157847266127,0.9164887251952766,0.993367572997304,2.0,2.0,False,main,False
4356,8,8,13.830842152733872,1.169157847266127,0.9220561435155915,0.9938428077247758,1.0,1.0,False,main,False
4356,9,9,14.830842152733872,1.169157847266127,0.926927634545867,0.9942544874954181,-1.0,-1.0,True,main,False
10240,1,1,6.391421445301764,1.6085785546982363,0.7989276806627205,0.9689388164375228,18.0,9.0,False,main,True
10240,2,2,7.391421445301764,1.6085785546982363,0.8212690494779737,0.9729301547820689,14.0,7.0,False,main,False
10240,3,3,8.391421445301763,1.6085785546982363,0.8391421445301763,0.9760117029389664,11.0,6.0,False,main,False
10240,4,4,9.391421445301763,1.6085785546982363,0.8537655859365239,0.9784629083839034,9.0,5.0,False,main,False
10240,5,5,10.391421445301763,1.6085785546982363,0.8659517871084802,0.9804593396493752,6.0,4.0,False,main,False
10240,6,6,11.391421445301763,1.6085785546982363,0.8762631881001356,0.9821168730829746,4.0,3.0,False,main,False
10240,7,7,12.391421445301763,1.6085785546982363,0.8851015318072688,0.9835150842546501,3.0,2.0,False,main,False
10240,8,8,13.391421445301763,1.6085785546982363,0.8927614296867842,0.9847104354115779,1.0,1.0,False,main,False
10240,9,9,14.391421445301763,1.6085785546982363,0.8994638403313602,0.985744101677493,-1.0,-1.0,True,main,False
695,1,1,6.361271264651313,1.6387287353486877,0.7951589080814141,0.9673933838491243,18.0,9.0,False,main,True
695,2,2,7.361271264651313,1.6387287353486877,0.8179190294057014,0.9715893732310725,14.0,7.0,False,main,False
695,3,3,8.361271264651313,1.6387287353486877,0.8361271264651313,0.9748276390183747,11.0,6.0,False,main,False
695,4,4,9.361271264651313,1.6387287353486877,0.8510246604228466,0.97740272110425,9.0,5.0,False,main,False
695,5,5,10.361271264651313,1.6387287353486877,0.8634392720542761,0.9794995409291187,6.0,4.0,False,main,False
695,6,6,11.361271264651313,1.6387287353486877,0.8739439434347164,0.9812400815961677,4.0,3.0,False,main,False
695,7,7,12.361271264651313,1.6387287353486877,0.8829479474750938,0.9827080759985878,3.0,2.0,False,main,False
695,8,8,13.361271264651313,1.6387287353486877,0.8907514176434208,0.9839629150756523,1.0,1.0,False,main,False
695,9,9,14.361271264651313,1.6387287353486877,0.897579454040707,0.9850478968729386,-1.0,-1.0,True,main,False
2040,0,1,5.54731333623801,2.45268666376199,0.6934141670297512,0.9154388559892571,39.0,14.0,False,main,True
7554,0,1,5.522483590130031,2.4775164098699687,0.6903104487662539,0.9135800860688875,39.0,15.0,False,main,True
10704,0,1,5.415547755331371,2.584452244668629,0.6769434694164214,0.9054099368057876,43.0,15.0,False,main,True
10704,0,2,5.415547755331371,3.584452244668629,0.6017275283701523,0.8429237910779774,74.0,21.0,False,main,False
10704,0,3,5.415547755331371,4.584452244668629,0.5415547755331371,0.7842972532468441,125.0,29.0,False,main,False
10704,0,4,5.415547755331371,5.584452244668629,0.4923225232119428,0.7311990531534295,212.0,39.0,False,main,True
10704,0,5,5.415547755331371,6.584452244668629,0.45129564627761426,0.6836790089495908,363.0,52.0,False,main,True
4760,1,1,6.547480039680685,1.4525199603193153,0.8184350049600856,0.9764292593760767,16.0,8.0,False,main,True
4760,2,2,7.547480039680685,1.4525199603193153,0.8386088932978538,0.9794352002184542,13.0,7.0,False,main,True
4760,3,3,8.547480039680686,1.4525199603193153,0.8547480039680686,0.9817607519852566,10.0,6.0,False,main,False
4760,4,4,9.547480039680686,1.4525199603193153,0.8679527308800623,0.9836135392172659,8.0,5.0,False,main,False
4760,5,5,10.547480039680686,1.4525199603193153,0.8789566699733905,0.9851244774192369,6.0,4.0,False,main,False
4760,6,6,11.547480039680686,1.4525199603193153,0.8882676953600528,0.986380214945783,4.0,3.0,False,main,False
4760,7,7,12.547480039680686,1.4525199603193153,0.8962485742629062,0.9874403900334359,2.0,2.0,False,main,False
4760,8,8,13.547480039680686,1.4525199603193153,0.9031653359787124,0.9883473969056109,1.0,1.0,False,main,False
4760,9,9,14.547480039680686,1.4525199603193153,0.9092175024800428,0.9891321993894707,-1.0,-1.0,True,main,False
8546,1,1,6.329561527269371,1.6704384727306283,0.7911951909086714,0.9657350106201906,19.0,9.0,False,main,True
4872,1,1,6.391420591293288,1.608579408706712,0.798927573911661,0.9689387731009064,18.0,9.0,False,main,True
9490,0,1,5.41823883552881,2.58176116447119,0.6772798544411013,0.9056187820361192,42.0,15.0,False,main,True
9490,0,2,5.41823883552881,3.58176116447119,0.6020265372809789,0.8431475193892669,74.0,21.0,False,main,False
9490,0,3,5.41823883552881,4.581761164471191,0.541823883552881,0.7845220989627633,125.0,29.0,False,main,False
9490,0,4,5.41823883552881,5.581761164471191,0.49256716686625546,0.73141918907259,211.0,39.0,False,main,True
9490,0,5,5.41823883552881,6.581761164471191,0.4515199029607342,0.6838919391203637,362.0,52.0,False,main,True
5688,1,1,6.479222882992959,1.5207771170070408,0.8099028603741198,0.9732603033092926,17.0,8.0,False,main,True
5688,2,2,7.479222882992959,1.5207771170070408,0.8310247647769954,0.9766817781968834,13.0,7.0,False,main,True
5688,3,3,8.479222882992959,1.5207771170070408,0.8479222882992958,0.9793264183400124,11.0,6.0,False,main,False
5688,4,4,9.479222882992959,1.5207771170070408,0.8617475348175417,0.9814319597828355,8.0,5.0,False,main,False
5688,5,5,10.479222882992959,1.5207771170070408,0.8732685735827466,0.9831480685146227,6.0,4.0,False,main,False
5688,6,6,11.479222882992959,1.5207771170070408,0.8830171448456122,0.9845736813300495,4.0,3.0,False,main,False
5688,7,7,12.479222882992959,1.5207771170070408,0.8913730630709257,0.9857768270563857,2.0,2.0,False,main,False
5688,8,8,13.479222882992959,1.5207771170070408,0.8986148588661973,0.986805825182123,1.0,1.0,False,main,False
5688,9,9,14.479222882992959,1.5207771170070408,0.9049514301870599,0.9876959432758002,-1.0,-1.0,True,main,False
6224,1,1,6.464088110661738,1.5359118893382626,0.8080110138327172,0.9725347591193767,17.0,8.0,False,main,True
11984,1,1,6.361803344342224,1.6381966556577756,0.795225418042778,0.9674209237529227,18.0,9.0,False,main,True
331,0,1,5.3983804698726034,2.601619530127397,0.6747975587340754,0.9040737536129849,43.0,15.0,False,main,True
10122,1,1,6.4550404939427475,1.5449595060572525,0.8068800617428434,0.9720971271805185,17.0,8.0,False,main,True
10122,2,2,7.4550404939427475,1.5449595060572525,0.8283378326603053,0.9756716316756872,14.0,7.0,False,main,False
10122,3,3,8.455040493942747,1.5449595060572525,0.8455040493942747,0.9784336744998646,11.0,6.0,False,main,False
10122,4,4,9.455040493942747,1.5449595060572525,0.859549135812977,0.980632146429874,8.0,5.0,False,main,False
10122,5,5,10.455040493942747,1.5449595060572525,0.8712533744952289,0.9824236483782761,6.0,4.0,False,main,False
10122,6,6,11.455040493942747,1.5449595060572525,0.881156961072519,0.9839116563928492,4.0,3.0,False,main,False
10122,7,7,12.455040493942747,1.5449595060572525,0.889645749567339,0.9851672956321035,2.0,2.0,False,main,False
10122,8,8,13.455040493942747,1.5449595060572525,0.8970026995961831,0.9862410703698737,1.0,1.0,False,main,False
10122,9,9,14.455040493942747,1.5449595060572525,0.9034400308714217,0.9871698339889827,-1.0,-1.0,True,main,False
2108,0,1,5.276882349289222,2.7231176507107784,0.6596102936611528,0.8944273672859027,47.0,16.0,False,main,True
161,1,1,6.196102332406754,1.8038976675932452,0.7745127915508443,0.9583968549697892,20.0,9.0,False,main,True
4723,1,1,6.20459266830835,1.79540733169165,0.7755740835385437,0.9588804849674238,20.0,9.0,False,main,True
7171,1,1,6.1795743057131,1.8204256942868997,0.7724467882141375,0.9574489962828354,21.0,9.0,False,main,True
10475,1,1,6.431155663991683,1.5688443360083166,0.8038944579989604,0.970927927433292,17.0,9.0,False,main,True
10475,2,2,7.431155663991683,1.5688443360083166,0.8256839626657426,0.9746565203598756,14.0,7.0,False,main,False
10475,3,3,8.431155663991683,1.5688443360083166,0.8431155663991683,0.9775367208148341,11.0,6.0,False,main,False
10475,4,4,9.431155663991683,1.5688443360083166,0.8573777876356076,0.9798286861726034,8.0,5.0,False,main,False
10475,5,5,10.431155663991683,1.5688443360083166,0.8692629719993069,0.9816960158950034,6.0,4.0,False,main,False
10475,6,6,11.431155663991683,1.5688443360083166,0.8793196664608988,0.9832467639289475,4.0,3.0,False,main,False
10475,7,7,12.431155663991683,1.5688443360083166,0.8879396902851202,0.9845551764935134,2.0,2.0,False,main,False
10475,8,8,13.431155663991683,1.5688443360083166,0.8954103775994455,0.9856739591569823,1.0,1.0,False,main,False
10475,9,9,14.431155663991683,1.5688443360083166,0.9019472289994802,0.9866415625318876,-1.0,-1.0,True,main,False
5442,1,1,6.572939399834314,1.4270606001656856,0.8216174249792892,0.9775670910800873,16.0,8.0,False,main,True
5442,2,2,7.572939399834314,1.4270606001656856,0.8414377110927016,0.9804243399444014,13.0,7.0,False,main,True
5442,3,3,8.572939399834315,1.4270606001656856,0.8572939399834315,0.9826356030025118,10.0,6.0,False,main,False
5442,4,4,9.572939399834315,1.4270606001656856,0.8702672181667559,0.9843977949215662,8.0,5.0,False,main,False
5442,5,5,10.572939399834315,1.4270606001656856,0.8810782833195262,0.9858351511829545,6.0,4.0,False,main,False
5442,6,6,11.572939399834315,1.4270606001656856,0.8902261076795627,0.987029936682518,4.0,3.0,False,main,False
5442,7,7,12.572939399834315,1.4270606001656856,0.8980670999881654,0.9880387935557302,2.0,2.0,False,main,False
5442,8,8,13.572939399834315,1.4270606001656856,0.904862626655621,0.9889019984701108,1.0,1.0,False,main,False
5442,9,9,14.572939399834315,1.4270606001656856,0.9108087124896447,0.9896489761201637,-1.0,-1.0,True,main,False
8374,0,1,5.458007389627524,2.5419926103724757,0.6822509237034405,0.9086856979286022,41.0,15.0,False,main,True
8374,0,2,5.458007389627524,3.5419926103724757,0.6064452655141693,0.8464410980407753,72.0,21.0,False,main,False
8374,0,3,5.458007389627524,4.541992610372476,0.5458007389627524,0.7878356229206878,121.0,29.0,False,main,False
8374,0,4,5.458007389627524,5.541992610372476,0.49618248996613856,0.7346651419759214,203.0,39.0,False,main,False
8374,0,5,5.458007389627524,6.541992610372476,0.454833949135627,0.687032730530682,346.0,51.0,False,main,False
8374,0,6,5.458007389627524,7.541992610372476,0.41984672227904035,0.6444994511066813,612.0,67.0,False,main,True
8374,0,7,5.458007389627524,8.541992610372475,0.3898576706876803,0.606486696037361,-1.0,87.0,False,main,True
8374,0,8,5.458007389627524,9.541992610372475,0.3638671593085016,0.5724213146710175,-1.0,113.0,False,main,True
8374,0,9,5.458007389627524,10.541992610372475,0.34112546185172027,0.5417847982811206,-1.0,147.0,False,main,True
3364,1,1,6.366123621604131,1.633876378395869,0.7957654527005164,0.9676441837993639,18.0,9.0,False,main,True
4377,1,1,6.261238155726247,1.7387618442737538,0.7826547694657808,0.9620494209489773,19.0,9.0,False,main,True
5368,0,1,5.167322442505786,2.832677557494214,0.6459153053132233,0.885449675529967,52.0,16.0,False,main,True
7811,1,1,6.417510826701411,1.5824891732985886,0.8021888533376764,0.9702510233868092,18.0,9.0,False,main,True
7811,2,2,7.417510826701411,1.5824891732985886,0.8241678696334902,0.9740689455620686,14.0,7.0,False,main,False
7811,3,3,8.417510826701411,1.5824891732985886,0.8417510826701411,0.9770176192412323,11.0,6.0,False,main,False
7811,4,4,9.417510826701411,1.5824891732985886,0.8561373478819465,0.979363749073988,8.0,5.0,False,main,False
7811,5,5,10.417510826701411,1.5824891732985886,0.8681259022251177,0.981274998849339,6.0,4.0,False,main,False
7811,6,6,11.417510826701411,1.5824891732985886,0.8782700635924162,0.9828620797161127,4.0,3.0,False,main,False
7811,7,7,12.417510826701411,1.5824891732985886,0.8869650590501008,0.9842010487467467,2.0,2.0,False,main,False
7811,8,8,13.417510826701411,1.5824891732985886,0.8945007217800941,0.9853458882850549,1.0,1.0,False,main,False
7811,9,9,14.417510826701411,1.5824891732985886,0.9010944266688382,0.986335975098092,-1.0,-1.0,True,main,False
7327,1,1,6.253821851344656,1.7461781486553436,0.781727731418082,0.9616402960455606,20.0,9.0,False,main,True
3491,0,1,5.363685788313767,2.6363142116862326,0.6704607235392209,0.9013529274988809,44.0,15.0,False,main,True
10164,1,1,6.349087990196644,1.6509120098033567,0.7936359987745805,0.9667601884689925,18.0,9.0,False,main,True
10164,2,2,7.349087990196644,1.6509120098033567,0.8165653322440716,0.9710401546233927,14.0,7.0,False,main,False
10164,3,3,8.349087990196644,1.6509120098033567,0.8349087990196644,0.974342700498436,11.0,6.0,False,main,False
10164,4,4,9.349087990196644,1.6509120098033567,0.8499170900178767,0.9769685758494252,9.0,5.0,False,main,False
10164,5,5,10.349087990196644,1.6509120098033567,0.8624239991830537,0.9791065475280248,6.0,4.0,False,main,False
10164,6,6,11.349087990196644,1.6509120098033567,0.8730067684766649,0.9808811079474236,4.0,3.0,False,main,False
10164,7,7,12.349087990196644,1.6509120098033567,0.8820777135854746,0.982377697485644,3.0,2.0,False,main,False
10164,8,8,13.349087990196644,1.6509120098033567,0.8899391993464429,0.9836569094938954,1.0,1.0,False,main,False
10164,9,9,14.349087990196644,1.6509120098033567,0.8968179993872902,0.9847629133379824,-1.0,-1.0,True,main,False
6397,1,1,6.5464102164389715,1.4535897835610285,0.8183012770548714,0.9763809147233705,16.0,8.0,False,main,True
5691,1,1,6.418426787394258,1.5815732126057416,0.8023033484242823,0.9702966659124691,18.0,9.0,False,main,True
9012,1,1,6.267204821670957,1.7327951783290438,0.7834006027088696,0.9623773008077248,19.0,9.0,False,main,True
4691,0,1,5.294371413027681,2.7056285869723187,0.6617964266284602,0.8958361908943987,47.0,15.0,False,main,True
2997,1,1,6.44734894499987,1.5526510550001296,0.8059186181249838,0.9717228070578999,17.0,8.0,False,main,True
11448,0,1,5.410188492549785,2.5898115074502153,0.6762735615687231,0.9049935304054227,43.0,15.0,False,main,True
12024,0,1,5.564779477183052,2.435220522816948,0.6955974346478815,0.9167376048010076,38.0,14.0,False,main,True
8798,1,1,6.460263261174115,1.5397367388258856,0.8075329076467643,0.9723501064473998,17.0,8.0,False,main,True
10757,1,1,6.522142483629054,1.4778575163709464,0.8152678104536317,0.9752728551496317,17.0,8.0,False,main,True
10757,2,2,7.522142483629054,1.4778575163709464,0.8357936092921171,0.9784301932313297,13.0,7.0,False,main,False
10757,3,3,8.522142483629054,1.4778575163709464,0.8522142483629054,0.9808720537194607,10.0,6.0,False,main,False
10757,4,4,9.522142483629054,1.4778575163709464,0.8656493166935504,0.9828170014903481,8.0,5.0,False,main,False
10757,5,5,10.522142483629054,1.4778575163709464,0.8768452069690879,0.9844027697954482,6.0,4.0,False,main,False
10757,6,6,11.522142483629054,1.4778575163709464,0.8863186525868503,0.9857204777509628,4.0,3.0,False,main,False
10757,7,7,12.522142483629054,1.4778575163709464,0.8944387488306467,0.9868328176863104,2.0,2.0,False,main,False
10757,8,8,13.522142483629054,1.4778575163709464,0.9014761655752702,0.9877843413959947,1.0,1.0,False,main,False
10757,9,9,14.522142483629054,1.4778575163709464,0.9076339052268159,0.9886075803357609,-1.0,-1.0,True,main,False
9161,0,1,5.350020090780592,2.6499799092194083,0.668752511347574,0.9002737771838464,45.0,15.0,False,main,True
