arm,s,n,post_a,post_b,q_mean,q_opt,m_mean,m_opt,confirmed,sel_kind,would_differ
10345,1,1,6.736139425995142,1.2638605740048576,0.8420174282493927,0.9842621742471213,15.0,8.0,False,main,True
10345,2,2,7.736139425995142,1.2638605740048576,0.8595710473327935,0.9862503615857353,12.0,7.0,False,main,False
10345,3,3,8.736139425995141,1.2638605740048576,0.8736139425995143,0.9877924079229092,9.0,6.0,False,main,False
10345,4,4,9.736139425995141,1.2638605740048576,0.8851035841813766,0.9890233675038526,7.0,5.0,False,main,False
10345,5,5,10.736139425995141,1.2638605740048576,0.8946782854995953,0.9900287694629588,6.0,4.0,False,main,False
10345,6,6,11.736139425995141,1.2638605740048576,0.9027799558457802,0.9908654165252276,4.0,3.0,False,main,False
10345,7,7,12.736139425995141,1.2638605740048576,0.9097242447139388,0.9915725127899838,2.0,2.0,False,main,False
10345,8,8,13.736139425995141,1.2638605740048576,0.9157426283996761,0.9921779901229879,1.0,1.0,False,main,False
10345,9,9,14.736139425995141,1.2638605740048576,0.9210087141246964,0.9927022882380362,-1.0,-1.0,True,main,False
7096,0,1,5.603074937207877,2.396925062792123,0.7003843671509846,0.9195595914221085,37.0,14.0,False,main,True
7461,1,1,6.656186137883269,1.3438138621167308,0.8320232672354086,0.9811143145195551,15.0,8.0,False,main,True
9370,0,1,5.623625108814008,2.376374891185992,0.702953138601751,0.9210593175493401,37.0,14.0,False,main,True
4326,1,1,6.628392343184532,1.3716076568154674,0.8285490428980665,0.9799599601440179,15.0,8.0,False,main,True
6851,1,1,6.656157020836623,1.3438429791633768,0.8320196276045779,0.9811131211770456,15.0,8.0,False,main,True
6851,2,2,7.656157020836623,1.3438429791633768,0.8506841134262915,0.9835087839973724,12.0,7.0,False,main,True
6851,3,3,8.656157020836623,1.3438429791633768,0.8656157020836623,0.9853648766315473,10.0,6.0,False,main,False
6851,4,4,9.656157020836623,1.3438429791633768,0.877832456439693,0.9868452959612033,8.0,5.0,False,main,False
6851,5,5,10.656157020836623,1.3438429791633768,0.8880130850697187,0.9880536450978404,6.0,4.0,False,main,False
6851,6,6,11.656157020836623,1.3438429791633768,0.8966274631412787,0.989058630247428,4.0,3.0,False,main,False
6851,7,7,12.656157020836623,1.3438429791633768,0.9040112157740445,0.9899076153772679,2.0,2.0,False,main,False
6851,8,8,13.656157020836623,1.3438429791633768,0.9104104680557749,0.990634313363146,1.0,1.0,False,main,False
6851,9,9,14.656157020836623,1.3438429791633768,0.916009813802289,0.991263374246617,-1.0,-1.0,True,main,False
529,1,1,6.659401228363558,1.3405987716364418,0.8324251535454448,0.9812458755544167,15.0,8.0,False,main,True
529,2,2,7.659401228363558,1.3405987716364418,0.8510445809292843,0.9836243128236923,12.0,7.0,False,main,True
529,3,3,8.659401228363558,1.3405987716364418,0.8659401228363558,0.9854671395288892,10.0,6.0,False,main,False
529,4,4,9.659401228363558,1.3405987716364418,0.8781273843966871,0.9869370273159094,8.0,5.0,False,main,False
529,5,5,10.659401228363558,1.3405987716364418,0.8882834356969632,0.9881368125052261,6.0,4.0,False,main,False
529,6,6,11.659401228363558,1.3405987716364418,0.8968770175664276,0.9891346968067725,4.0,3.0,False,main,False
529,7,7,12.659401228363558,1.3405987716364418,0.9042429448831113,0.9899776986359499,2.0,2.0,False,main,False
529,8,8,13.659401228363558,1.3405987716364418,0.9106267485575705,0.9906992862197341,1.0,1.0,False,main,False
529,9,9,14.659401228363558,1.3405987716364418,0.9162125767727224,0.9913239315209996,-1.0,-1.0,True,main,False
6331,1,1,6.800060236175589,1.1999397638244116,0.8500075295219486,0.9865881735220824,14.0,8.0,False,main,True
4423,1,1,6.717498034666864,1.2825019653331355,0.839687254333358,0.9835515622380975,15.0,8.0,False,main,True
8565,1,1,6.760382652926263,1.2396173470737368,0.8450478316157829,0.9851646897899292,14.0,8.0,False,main,True
8565,2,2,7.760382652926263,1.2396173470737368,0.8622647392140292,0.9870365459695379,12.0,7.0,False,main,False
8565,3,3,8.760382652926264,1.2396173470737368,0.8760382652926264,0.9884888402687303,9.0,6.0,False,main,False
8565,4,4,9.760382652926264,1.2396173470737368,0.8873075139023876,0.989648448388357,7.0,5.0,False,main,False
8565,5,5,10.760382652926264,1.2396173470737368,0.896698554410522,0.9905957652146357,5.0,4.0,False,main,False
8565,6,6,11.760382652926264,1.2396173470737368,0.9046448194558665,0.9913842072944253,4.0,3.0,False,main,False
8565,7,7,12.760382652926264,1.2396173470737368,0.9114559037804474,0.992050654855206,2.0,2.0,False,main,False
8565,8,8,13.760382652926264,1.2396173470737368,0.9173588435284176,0.992621391833718,1.0,1.0,False,main,False
8565,9,9,14.760382652926264,1.2396173470737368,0.9225239158078915,0.993115656812689,-1.0,-1.0,True,main,False
2918,0,1,5.809253841580335,2.190746158419665,0.7261567301975419,0.9341305870462522,32.0,14.0,False,main,True
11448,0,1,5.669220098962544,2.330779901037456,0.708652512370318,0.9243499127684475,35.0,14.0,False,main,True
2230,0,1,5.693309792368395,2.306690207631605,0.7116637240460494,0.9260677328104493,35.0,14.0,False,main,True
2163,1,1,6.608156828387157,1.3918431716128423,0.8260196035483947,0.9791004986991171,16.0,8.0,False,main,True
5753,1,1,6.657398223555671,1.342601776444329,0.8321747779444588,0.9811639611473186,15.0,8.0,False,main,True
2317,0,1,5.889656767763958,2.1103432322360427,0.7362070959704947,0.9395169396723649,31.0,13.0,False,main,True
8400,1,1,6.727900423342072,1.2720995766579282,0.840987552917759,0.9839498753848561,15.0,8.0,False,main,True
8400,2,2,7.727900423342072,1.2720995766579282,0.8586556025935635,0.9859783650346063,12.0,7.0,False,main,False
8400,3,3,8.72790042334207,1.2720995766579282,0.8727900423342072,0.987551495451898,9.0,6.0,False,main,False
8400,4,4,9.72790042334207,1.2720995766579282,0.8843545839401884,0.9888071602298794,7.0,5.0,False,main,False
8400,5,5,10.72790042334207,1.2720995766579282,0.8939917019451727,0.9898326699779892,6.0,4.0,False,main,False
8400,6,6,11.72790042334207,1.2720995766579282,0.9021461864109286,0.9906860018444632,4.0,3.0,False,main,False
8400,7,7,12.72790042334207,1.2720995766579282,0.9091357445244337,0.9914071656325149,2.0,2.0,False,main,False
8400,8,8,13.72790042334207,1.2720995766579282,0.9151933615561382,0.9920246643931889,1.0,1.0,False,main,False
8400,9,9,14.72790042334207,1.2720995766579282,0.9204937764588795,0.9925593540616368,-1.0,-1.0,True,main,False
11044,1,1,6.601845193730352,1.3981548062696483,0.825230649216294,0.9788291794914509,16.0,8.0,False,main,True
11044,2,2,7.601845193730352,1.3981548062696483,0.8446494659700391,0.9815218233185073,13.0,7.0,False,main,False
11044,3,3,8.601845193730352,1.3981548062696483,0.8601845193730352,0.9836064975211891,10.0,6.0,False,main,False
11044,4,4,9.601845193730352,1.3981548062696483,0.8728950176118502,0.985268302012063,8.0,5.0,False,main,False
11044,5,5,10.601845193730352,1.3981548062696483,0.8834870994775293,0.9866240961662933,6.0,4.0,False,main,False
11044,6,6,11.601845193730352,1.3981548062696483,0.8924496302869501,0.9877513010981976,4.0,3.0,False,main,False
11044,7,7,12.601845193730352,1.3981548062696483,0.9001317995521679,0.9887032462650792,2.0,2.0,False,main,False
11044,8,8,13.601845193730352,1.3981548062696483,0.9067896795820235,0.989517865903567,1.0,1.0,False,main,False
11044,9,9,14.601845193730352,1.3981548062696483,0.912615324608147,0.9902228814420961,-1.0,-1.0,True,main,False
3362,1,1,6.792108059337303,1.2078919406626971,0.8490135074171629,0.9863082681901768,14.0,8.0,False,main,True
10518,1,1,6.683752563370117,1.3162474366298829,0.8354690704212646,0.9822289177148562,15.0,8.0,False,main,True
10518,2,2,7.683752563370117,1.3162474366298829,0.8537502848189019,0.9844799284988116,12.0,7.0,False,main,False
10518,3,3,8.683752563370117,1.3162474366298829,0.8683752563370117,0.9862245931797368,10.0,6.0,False,main,False
10518,4,4,9.683752563370117,1.3162474366298829,0.880341142124556,0.987616535718213,8.0,5.0,False,main,False
10518,5,5,10.683752563370117,1.3162474366298829,0.8903127136141764,0.9887529274378687,6.0,4.0,False,main,False
10518,6,6,11.683752563370117,1.3162474366298829,0.8987501971823166,0.9896982414933188,4.0,3.0,False,main,False
10518,7,7,12.683752563370117,1.3162474366298829,0.9059823259550084,0.9904969416883135,2.0,2.0,False,main,False
10518,8,8,13.683752563370117,1.3162474366298829,0.9122501708913411,0.9911806871583768,1.0,1.0,False,main,False
10518,9,9,14.683752563370117,1.3162474366298829,0.9177345352106323,0.9917726327691068,-1.0,-1.0,True,main,False
7218,1,1,6.86189533092735,1.1381046690726495,0.8577369163659188,0.9886707702270471,14.0,8.0,False,main,True
678,0,1,5.647254654967943,2.3527453450320572,0.7059068318709929,0.9227710416448438,36.0,14.0,False,main,True
11371,1,1,6.891335488925448,1.1086645110745517,0.861416936115681,0.989602787444361,13.0,8.0,False,main,True
11371,2,2,7.891335488925448,1.1086645110745517,0.8768150543250498,0.9909057920530362,11.0,7.0,False,main,False
11371,3,3,8.89133548892545,1.1086645110745517,0.8891335488925449,0.9919185421365233,9.0,6.0,False,main,False
11371,4,4,9.89133548892545,1.1086645110745517,0.8992123171750408,0.9927283111959405,7.0,5.0,False,main,False
11371,5,5,10.89133548892545,1.1086645110745517,0.9076112907437874,0.9933905691180621,5.0,4.0,False,main,False
11371,6,6,11.89133548892545,1.1086645110745517,0.9147181145327269,0.99394226049716,4.0,3.0,False,main,False
11371,7,7,12.89133548892545,1.1086645110745517,0.9208096777803892,0.9944089427127721,2.0,2.0,False,main,False
11371,8,8,13.89133548892545,1.1086645110745517,0.92608903259503,0.9948088595152934,1.0,1.0,False,main,False
11371,9,9,14.89133548892545,1.1086645110745517,0.9307084680578406,0.9951553825948377,-1.0,-1.0,True,main,False
871,1,1,6.694569371547917,1.3054306284520831,0.8368211714434897,0.982657926844851,15.0,8.0,False,main,True
871,2,2,7.694569371547917,1.3054306284520831,0.8549521523942131,0.98485339920511,12.0,7.0,False,main,False
871,3,3,8.694569371547917,1.3054306284520831,0.8694569371547918,0.9865552652229834,10.0,6.0,False,main,False
871,4,4,9.694569371547917,1.3054306284520831,0.881324488322538,0.9879132144030285,7.0,5.0,False,main,False
871,5,5,10.694569371547917,1.3054306284520831,0.8912141142956598,0.9890219531117357,6.0,4.0,False,main,False
871,6,6,11.694569371547917,1.3054306284520831,0.8995822593498398,0.989944331364946,4.0,3.0,False,main,False
871,7,7,12.694569371547917,1.3054306284520831,0.9067549551105655,0.9907237004534243,2.0,2.0,False,main,False
871,8,8,13.694569371547917,1.3054306284520831,0.9129712914365278,0.9913909314215499,1.0,1.0,False,main,False
871,9,9,14.694569371547917,1.3054306284520831,0.9184105857217448,0.991968605220241,-1.0,-1.0,True,main,False
10308,1,1,6.603502380280111,1.3964976197198888,0.8254377975350139,0.9789005659221176,16.0,8.0,False,main,True
10308,2,2,7.603502380280111,1.3964976197198888,0.8448335978089012,0.9815839097116771,13.0,7.0,False,main,False
10308,3,3,8.603502380280112,1.3964976197198888,0.8603502380280112,0.9836614295579851,10.0,6.0,False,main,False
10308,4,4,9.603502380280112,1.3964976197198888,0.8730456709345557,0.9853175591659467,8.0,5.0,False,main,False
10308,5,5,10.603502380280112,1.3964976197198888,0.883625198356676,0.9866687417676395,6.0,4.0,False,main,False
10308,6,6,11.603502380280112,1.3964976197198888,0.8925771061753932,0.9877921250891551,4.0,3.0,False,main,False
10308,7,7,12.603502380280112,1.3964976197198888,0.900250170020008,0.9887408515546378,2.0,2.0,False,main,False
10308,8,8,13.603502380280112,1.3964976197198888,0.9069001586853408,0.9895527231115453,1.0,1.0,False,main,False
10308,9,9,14.603502380280112,1.3964976197198888,0.912718898767507,0.9902553649742288,-1.0,-1.0,True,main,False
7309,1,1,6.821454686172731,1.1785453138272686,0.8526818357715914,0.9873276643061272,14.0,8.0,False,main,True
6250,0,1,5.684405992456434,2.3155940075435653,0.7105507490570543,0.9254344907485563,35.0,14.0,False,main,True
5691,1,1,6.710022692782378,1.2899773072176226,0.8387528365977972,0.9832625765142866,15.0,8.0,False,main,True
4683,1,1,6.648756742552013,1.3512432574479867,0.8310945928190017,0.980808735410071,15.0,8.0,False,main,True
10531,1,1,6.909178653322765,1.0908213466772356,0.8636473316653456,0.990148623520276,13.0,8.0,False,main,True
10531,2,2,7.909178653322765,1.0908213466772356,0.8787976281469738,0.9913820628672996,11.0,7.0,False,main,False
10531,3,3,8.909178653322765,1.0908213466772356,0.8909178653322763,0.9923409790090182,9.0,6.0,False,main,False
10531,4,4,9.909178653322765,1.0908213466772356,0.9008344230293421,0.9931078504132121,7.0,5.0,False,main,False
10531,5,5,10.909178653322765,1.0908213466772356,0.9090982211102303,0.993735121222898,5.0,4.0,False,main,False
10531,6,6,11.909178653322765,1.0908213466772356,0.9160906656402126,0.9942577323555485,4.0,3.0,False,main,False
10531,7,7,12.909178653322765,1.0908213466772356,0.9220841895230546,0.9946998615878043,2.0,2.0,False,main,False
10531,8,8,13.909178653322765,1.0908213466772356,0.9272785768881843,0.9950787717008385,1.0,1.0,False,main,False
10531,9,9,14.909178653322765,1.0908213466772356,0.9318236658326728,0.995407117757218,-1.0,-1.0,True,main,False
1007,1,1,6.901660502378561,1.0983394976214391,0.8627075627973201,0.9899204013052754,13.0,8.0,False,main,True
1007,2,2,7.901660502378561,1.0983394976214391,0.8779622780420623,0.9911829155827747,11.0,7.0,False,main,False
1007,3,3,8.901660502378562,1.0983394976214391,0.8901660502378561,0.9921643340504734,9.0,6.0,False,main,False
1007,4,4,9.901660502378562,1.0983394976214391,0.9001509547616874,0.9929491379079286,7.0,5.0,False,main,False
1007,5,5,10.901660502378562,1.0983394976214391,0.9084717085315468,0.9935910352763775,5.0,4.0,False,main,False
1007,6,6,11.901660502378562,1.0983394976214391,0.9155123463368124,0.9941258042079476,4.0,3.0,False,main,False
1007,7,7,12.901660502378562,1.0983394976214391,0.9215471787413259,0.9945781989410376,2.0,2.0,False,main,False
1007,8,8,13.901660502378562,1.0983394976214391,0.9267773668252375,0.9949658921890701,1.0,1.0,False,main,False
1007,9,9,14.901660502378562,1.0983394976214391,0.9313537813986601,0.9953018385058224,-1.0,-1.0,True,main,False
6064,1,1,6.921600454816345,1.078399545183655,0.8652000568520432,0.9905200458765514,13.0,8.0,False,main,True
6064,2,2,7.921600454816345,1.078399545183655,0.8801778283129272,0.9917062023657626,11.0,7.0,False,main,False
6064,3,3,8.921600454816346,1.078399545183655,0.8921600454816344,0.9926285170297106,9.0,6.0,False,main,False
6064,4,4,9.921600454816346,1.078399545183655,0.9019636777105767,0.9933662156505553,7.0,5.0,False,main,False
6064,5,5,10.921600454816346,1.078399545183655,0.9101333712346954,0.9939696888230398,5.0,4.0,False,main,False
6064,6,6,11.921600454816346,1.078399545183655,0.9170461888320265,0.9944725170354185,4.0,3.0,False,main,False
6064,7,7,12.921600454816346,1.078399545183655,0.9229714610583103,0.9948979410536498,2.0,2.0,False,main,False
6064,8,8,13.921600454816346,1.078399545183655,0.9281066969877563,0.9952625572153624,1.0,1.0,False,main,False
6064,9,9,14.921600454816346,1.078399545183655,0.9326000284260216,0.9955785336152478,-1.0,-1.0,True,main,False
11523,1,1,6.818423868496226,1.1815761315037738,0.8523029835620283,0.9872241134165242,14.0,8.0,False,main,True
11523,2,2,7.818423868496226,1.1815761315037738,0.8687137631662474,0.9888313174805969,11.0,7.0,False,main,False
11523,3,3,8.818423868496225,1.1815761315037738,0.8818423868496226,0.9900792605864811,9.0,6.0,False,main,False
11523,4,4,9.818423868496225,1.1815761315037738,0.8925839880451114,0.9910763104462155,7.0,5.0,False,main,False
11523,5,5,10.818423868496225,1.1815761315037738,0.9015353223746855,0.9918912270282947,5.0,4.0,False,main,False
11523,6,6,11.818423868496225,1.1815761315037738,0.9091095283458634,0.9925697449537662,4.0,3.0,False,main,False
11523,7,7,12.818423868496225,1.1815761315037738,0.9156017048925875,0.9931434678431925,2.0,2.0,False,main,False
11523,8,8,13.818423868496225,1.1815761315037738,0.9212282578997484,0.9936349351140128,1.0,1.0,False,main,False
11523,9,9,14.818423868496225,1.1815761315037738,0.9261514917810141,0.9940606544093189,-1.0,-1.0,True,main,False
11059,1,1,6.8106917496193,1.1893082503806998,0.8513364687024125,0.9869581279645737,14.0,8.0,False,main,True
11059,2,2,7.8106917496193,1.1893082503806998,0.8678546388465889,0.9885994486920335,11.0,7.0,False,main,False
11059,3,3,8.8106917496193,1.1893082503806998,0.88106917496193,0.9898737483790827,9.0,6.0,False,main,False
11059,4,4,9.8106917496193,1.1893082503806998,0.8918810681472091,0.9908917727416171,7.0,5.0,False,main,False
11059,5,5,10.8106917496193,1.1893082503806998,0.9008909791349416,0.9917237779613006,5.0,4.0,False,main,False
11059,6,6,11.8106917496193,1.1893082503806998,0.9085147499707154,0.9924164872041058,4.0,3.0,False,main,False
11059,7,7,12.8106917496193,1.1893082503806998,0.9150494106870929,0.9930021834819962,2.0,2.0,False,main,False
11059,8,8,13.8106917496193,1.1893082503806998,0.9207127833079534,0.9935038885580882,1.0,1.0,False,main,False
11059,9,9,14.8106917496193,1.1893082503806998,0.9256682343512063,0.9939384619919972,-1.0,-1.0,True,main,False
3748,1,1,6.602176870567715,1.3978231294322847,0.8252721088209644,0.978843475561442,16.0,8.0,False,main,True
11499,1,1,6.654539117357411,1.3454608826425893,0.8318173896696763,0.9810467595892823,15.0,8.0,False,main,True
8028,0,1,5.768048139735849,2.231951860264151,0.7210060174669811,0.9313044680401992,33.0,14.0,False,main,True
8028,0,2,5.768048139735849,3.231951860264151,0.6408942377484277,0.8712903643724375,57.0,19.0,False,main,False
8028,0,3,5.768048139735849,4.231951860264151,0.5768048139735849,0.8130716154390121,93.0,26.0,False,main,True
8028,0,4,5.768048139735849,5.231951860264151,0.524368012703259,0.7595090069551368,152.0,35.0,False,main,True
987,1,1,6.5924074309026155,1.4075925690973847,0.8240509288628269,0.9784206175228154,16.0,8.0,False,main,True
987,2,2,7.5924074309026155,1.4075925690973847,0.8436008256558462,0.9811665092347445,13.0,7.0,False,main,False
987,3,3,8.592407430902615,1.4075925690973847,0.8592407430902614,0.9832921415487382,10.0,6.0,False,main,False
987,4,4,9.592407430902615,1.4075925690973847,0.8720370391729649,0.9849864315105086,8.0,5.0,False,main,False
987,5,5,10.592407430902615,1.4075925690973847,0.8827006192418846,0.9863686223895525,6.0,4.0,False,main,False
987,6,6,11.592407430902615,1.4075925690973847,0.8917236485309703,0.9875177011825024,4.0,3.0,False,main,False
987,7,7,12.592407430902615,1.4075925690973847,0.899457673635901,0.9884880684855545,2.0,2.0,False,main,False
987,8,8,13.592407430902615,1.4075925690973847,0.9061604953935076,0.9893184160808388,1.0,1.0,False,main,False
987,9,9,14.592407430902615,1.4075925690973847,0.9120254644314134,0.990037016315312,-1.0,-1.0,True,main,False
1558,1,1,6.67897729802849,1.32102270197151,0.8348721622535612,0.9820380201718415,15.0,8.0,False,main,True
8048,1,1,6.626827557636411,1.3731724423635892,0.8283534447045514,0.979894067768798,15.0,8.0,False,main,True
8048,2,2,7.626827557636411,1.3731724423635892,0.8474252841818235,0.9824480979506294,12.0,7.0,False,main,False
8048,3,3,8.62682755763641,1.3731724423635892,0.8626827557636411,0.9844261143086588,10.0,6.0,False,main,False
8048,4,4,9.62682755763641,1.3731724423635892,0.8751661416033101,0.9860033019814721,8.0,5.0,False,main,False
8048,5,5,10.62682755763641,1.3731724423635892,0.8855689631363676,0.9872903246519404,6.0,4.0,False,main,False
8048,6,6,11.62682755763641,1.3731724423635892,0.8943713505874162,0.9883605318569687,4.0,3.0,False,main,False
8048,7,7,12.62682755763641,1.3731724423635892,0.9019162541168865,0.9892644668659039,2.0,2.0,False,main,False
8048,8,8,13.62682755763641,1.3731724423635892,0.9084551705090941,0.990038092829918,1.0,1.0,False,main,False
8048,9,9,14.62682755763641,1.3731724423635892,0.9141767223522757,0.9907076973580302,-1.0,-1.0,True,main,False
8233,0,1,5.658195783939577,2.341804216060422,0.7072744729924472,0.9235589754012369,36.0,14.0,False,main,True
8233,0,2,5.658195783939577,3.341804216060422,0.6286884204377308,0.8626559497670544,61.0,20.0,False,main,False
8233,0,3,5.658195783939577,4.341804216060423,0.5658195783939577,0.8042517214365975,102.0,27.0,False,main,False
8233,0,4,5.658195783939577,5.341804216060423,0.5143814349035979,0.7508001224069492,167.0,36.0,False,main,False
8233,0,5,5.658195783939577,6.341804216060423,0.47151631532829813,0.702676580408456,277.0,47.0,False,main,False
8233,0,6,5.658195783939577,7.341804216060423,0.43524582953381363,0.6595671793036364,470.0,62.0,False,main,True
8233,0,7,5.658195783939577,8.341804216060423,0.4041568417099698,0.6209542140896055,838.0,80.0,False,main,True
8233,0,8,5.658195783939577,9.341804216060423,0.3772130522626385,0.5862949597655233,1619.0,103.0,False,main,True
8233,0,9,5.658195783939577,10.341804216060423,0.3536372364962236,0.555085956061397,-1.0,132.0,False,main,True
11198,1,1,6.6407492279499625,1.3592507720500375,0.8300936534937453,0.9804769334055131,15.0,8.0,False,main,True
11198,2,2,7.6407492279499625,1.3592507720500375,0.8489721364388847,0.9829552011704378,12.0,7.0,False,main,False
11198,3,3,8.640749227949962,1.3592507720500375,0.8640749227949962,0.9848748985436999,10.0,6.0,False,main,False
11198,4,4,9.640749227949962,1.3592507720500375,0.8764317479954511,0.9864058050854188,8.0,5.0,False,main,False
11198,5,5,10.640749227949962,1.3592507720500375,0.8867291023291636,0.987655204289602,6.0,4.0,False,main,False
11198,6,6,11.640749227949962,1.3592507720500375,0.8954422483038432,0.9886942231942707,4.0,3.0,False,main,False
11198,7,7,12.640749227949962,1.3592507720500375,0.902910659139283,0.9895718835684595,2.0,2.0,False,main,False
11198,8,8,13.640749227949962,1.3592507720500375,0.9093832818633308,0.9903230718078824,1.0,1.0,False,main,False
11198,9,9,14.640749227949962,1.3592507720500375,0.9150468267468727,0.9909732920352412,-1.0,-1.0,True,main,False
8571,1,1,6.638903651280507,1.3610963487194936,0.8298629564100634,0.9804001011030933,15.0,8.0,False,main,True
3394,1,1,6.887194188136092,1.112805811863908,0.8608992735170115,0.9894740381313623,13.0,8.0,False,main,True
3394,2,2,7.887194188136092,1.112805811863908,0.8763549097928991,0.9907934649678267,11.0,7.0,False,main,False
3394,3,3,8.887194188136093,1.112805811863908,0.8887194188136093,0.9918189208228219,9.0,6.0,False,main,False
3394,4,4,9.887194188136093,1.112805811863908,0.8988358352850994,0.9926388127790452,7.0,5.0,False,main,False
3394,5,5,10.887194188136093,1.112805811863908,0.9072661823446744,0.9933093257669701,5.0,4.0,False,main,False
3394,6,6,11.887194188136093,1.112805811863908,0.9143995529335456,0.9938678777514567,4.0,3.0,False,main,False
3394,7,7,12.887194188136093,1.112805811863908,0.9205138705811494,0.994340351967494,2.0,2.0,False,main,False
3394,8,8,13.887194188136093,1.112805811863908,0.9258129458757395,0.9947452238203136,1.0,1.0,False,main,False
3394,9,9,14.887194188136093,1.112805811863908,0.9304496367585058,0.9950960342030514,-1.0,-1.0,True,main,False
9770,1,1,6.732283300084644,1.2677166999153564,0.8415354125105805,0.984116358634146,15.0,8.0,False,main,True
9770,2,2,7.732283300084644,1.2677166999153564,0.8591425888982938,0.9861233605017011,12.0,7.0,False,main,False
9770,3,3,8.732283300084644,1.2677166999153564,0.8732283300084644,0.9876799186107325,9.0,6.0,False,main,False
9770,4,4,9.732283300084644,1.2677166999153564,0.8847530272804222,0.9889224123372312,7.0,5.0,False,main,False
9770,5,5,10.732283300084644,1.2677166999153564,0.8943569416737204,0.9899372022967955,6.0,4.0,False,main,False
9770,6,6,11.732283300084644,1.2677166999153564,0.9024833307757418,0.9907816393940161,4.0,3.0,False,main,False
9770,7,7,12.732283300084644,1.2677166999153564,0.9094488071489032,0.991495303820357,2.0,2.0,False,main,False
9770,8,8,13.732283300084644,1.2677166999153564,0.9154855533389763,0.9921063940738643,1.0,1.0,False,main,False
9770,9,9,14.732283300084644,1.2677166999153564,0.9207677062552903,0.9926355441689899,-1.0,-1.0,True,main,False
11056,0,1,5.887563271585627,2.1124367284143735,0.7359454089482034,0.9393788745329253,31.0,13.0,False,main,True
11056,0,2,5.887563271585627,3.1124367284143735,0.6541736968428474,0.8804666055716476,52.0,19.0,False,main,False
11056,0,3,5.887563271585627,4.112436728414373,0.5887563271585627,0.8225139552286951,85.0,25.0,False,main,False
11056,0,4,5.887563271585627,5.112436728414373,0.5352330246896024,0.7688669145287111,137.0,33.0,False,main,True
11274,1,1,6.737447729821928,1.2625522701780725,0.842180966227741,0.9843115060585275,15.0,8.0,False,main,True
222,1,1,6.678256563856405,1.3217434361435951,0.8347820704820507,0.9820091281002159,15.0,8.0,False,main,True
8875,1,1,6.690593673578559,1.3094063264214415,0.8363242091973199,0.9825007959876719,15.0,8.0,False,main,True
8875,2,2,7.690593673578559,1.3094063264214415,0.8545104081753955,0.984716604993119,12.0,7.0,False,main,False
8875,3,3,8.690593673578558,1.3094063264214415,0.8690593673578558,0.9864341437787741,10.0,6.0,False,main,False
8875,4,4,9.690593673578558,1.3094063264214415,0.8809630612344144,0.9878045419018842,7.0,5.0,False,main,False
8875,5,5,10.690593673578558,1.3094063264214415,0.8908828061315465,0.9889234080354468,6.0,4.0,False,main,False
8875,6,6,11.690593673578558,1.3094063264214415,0.8992764364291198,0.9898541864057885,4.0,3.0,False,main,False
8875,7,7,12.690593673578558,1.3094063264214415,0.9064709766841827,0.9906406356106766,2.0,2.0,False,main,False
8875,8,8,13.690593673578558,1.3094063264214415,0.9127062449052372,0.991313915243541,1.0,1.0,False,main,False
8875,9,9,14.690593673578558,1.3094063264214415,0.9181621045986599,0.9918968163971925,-1.0,-1.0,True,main,False
9755,1,1,6.611157628674093,1.388842371325907,0.8263947035842616,0.9792289550465112,16.0,8.0,False,main,True
9755,2,2,7.611157628674093,1.388842371325907,0.8456841809637881,0.9818695316356507,13.0,7.0,False,main,False
9755,3,3,8.611157628674093,1.388842371325907,0.8611157628674093,0.983914148357545,10.0,6.0,False,main,False
9755,4,4,9.611157628674093,1.388842371325907,0.8737416026067357,0.9855441771221655,8.0,5.0,False,main,False
9755,5,5,10.611157628674093,1.388842371325907,0.8842631357228411,0.9868741483203962,6.0,4.0,False,main,False
9755,6,6,11.611157628674093,1.388842371325907,0.8931659714364687,0.9879799528659574,4.0,3.0,False,main,False
9755,7,7,12.611157628674093,1.388842371325907,0.9007969734767209,0.9889138732732013,2.0,2.0,False,main,False
9755,8,8,13.611157628674093,1.388842371325907,0.9074105085782729,0.9897131032224082,1.0,1.0,False,main,False
9755,9,9,14.611157628674093,1.388842371325907,0.9131973517921308,0.9904048255039682,-1.0,-1.0,True,main,False
10757,1,1,6.724747799932313,1.2752522000676871,0.8405934749915391,0.9838296314783423,15.0,8.0,False,main,True
10757,2,2,7.724747799932313,1.2752522000676871,0.8583053111035903,0.9858736451597617,12.0,7.0,False,main,False
10757,3,3,8.724747799932313,1.2752522000676871,0.8724747799932313,0.9874587474831641,9.0,6.0,False,main,False
10757,4,4,9.724747799932313,1.2752522000676871,0.8840679818120285,0.9887239265332334,7.0,5.0,False,main,False
10757,5,5,10.724747799932313,1.2752522000676871,0.8937289833276928,0.9897571794963059,6.0,4.0,False,main,False
10757,6,6,11.724747799932313,1.2752522000676871,0.9019036769178702,0.9906169360720479,4.0,3.0,False,main,False
10757,7,7,12.724747799932313,1.2752522000676871,0.9089105571380224,0.991343516494965,2.0,2.0,False,main,False
10757,8,8,13.724747799932313,1.2752522000676871,0.9149831866621542,0.9919656438670248,1.0,1.0,False,main,False
10757,9,9,14.724747799932313,1.2752522000676871,0.9202967374957696,0.992504334460401,-1.0,-1.0,True,main,False
2055,1,1,6.599418926713232,1.4005810732867676,0.824927365839154,0.9787244727918069,16.0,8.0,False,main,True
4144,1,1,6.915825329571358,1.0841746704286424,0.8644781661964197,0.9903482432720215,13.0,8.0,False,main,True
4144,2,2,7.915825329571358,1.0841746704286424,0.8795361477301509,0.9915562651062442,11.0,7.0,False,main,False
4144,3,3,8.915825329571359,1.0841746704286424,0.8915825329571359,0.9924955067758883,9.0,6.0,False,main,False
4144,4,4,9.915825329571359,1.0841746704286424,0.901438666324669,0.9932466975679715,7.0,5.0,False,main,False
4144,5,5,10.915825329571359,1.0841746704286424,0.9096521107976132,0.9938611774060248,5.0,4.0,False,main,False
4144,6,6,11.915825329571359,1.0841746704286424,0.916601948428566,0.9943731557431454,4.0,3.0,False,main,False
4144,7,7,12.915825329571359,1.0841746704286424,0.9225589521122399,0.994806306583052,2.0,2.0,False,main,False
4144,8,8,13.915825329571359,1.0841746704286424,0.9277216886380906,0.9951775344196668,1.0,1.0,False,main,False
4144,9,9,14.915825329571359,1.0841746704286424,0.9322390830982099,0.9954992325276649,-1.0,-1.0,True,main,False
11634,0,1,5.78154071670769,2.2184592832923093,0.7226925895884613,0.9322346969151558,33.0,14.0,False,main,True
4045,1,1,6.588816169081163,1.4111838309188371,0.8236020211351454,0.9782642545402231,16.0,8.0,False,main,True
444,1,1,6.713400904599506,1.2865990954004944,0.8391751130749382,0.9833934573223656,15.0,8.0,False,main,True
3086,1,1,6.887066660210751,1.1129333397892491,0.8608833325263439,0.9894700611083032,13.0,8.0,False,main,True
3086,2,2,7.887066660210751,1.1129333397892491,0.8763407400234168,0.9907899953029661,11.0,7.0,False,main,False
3086,3,3,8.88706666021075,1.1129333397892491,0.8887066660210751,0.9918158436810435,9.0,6.0,False,main,False
3086,4,4,9.88706666021075,1.1129333397892491,0.898824241837341,0.9926360483565381,7.0,5.0,False,main,False
3086,5,5,10.88706666021075,1.1129333397892491,0.9072555550175626,0.9933068163554734,5.0,4.0,False,main,False
3086,6,6,11.88706666021075,1.1129333397892491,0.9143897430931347,0.9938655802694923,4.0,3.0,False,main,False
3086,7,7,12.88706666021075,1.1129333397892491,0.920504761443625,0.9943382334018003,2.0,2.0,False,main,False
3086,8,8,13.88706666021075,1.1129333397892491,0.92580444401405,0.994743258314981,1.0,1.0,False,main,False
3086,9,9,14.88706666021075,1.1129333397892491,0.9304416662631719,0.9950942011298054,-1.0,-1.0,True,main,False
7743,1,1,6.668172345435825,1.3318276545641745,0.8335215431794781,0.9816026943152437,15.0,8.0,False,main,True
7743,2,2,7.668172345435825,1.3318276545641745,0.8520191494928695,0.9839348528594217,12.0,7.0,False,main,False
7743,3,3,8.668172345435824,1.3318276545641745,0.8668172345435826,0.9857420346147923,10.0,6.0,False,main,False
7743,4,4,9.668172345435824,1.3318276545641745,0.8789247586759842,0.9871836220121384,8.0,5.0,False,main,False
7743,5,5,10.668172345435824,1.3318276545641745,0.8890143621196521,0.9883603924534947,6.0,4.0,False,main,False
7743,6,6,11.668172345435824,1.3318276545641745,0.8975517188796789,0.9893391928030486,4.0,3.0,False,main,False
7743,7,7,12.668172345435824,1.3318276545641745,0.9048694532454161,0.990166113361576,2.0,2.0,False,main,False
7743,8,8,13.668172345435824,1.3318276545641745,0.9112114896957217,0.9908739651861873,1.0,1.0,False,main,False
7743,9,9,14.668172345435824,1.3318276545641745,0.9167607715897391,0.991486741846442,-1.0,-1.0,True,main,False
11569,1,1,6.779858367774114,1.2201416322258853,0.8474822959717643,0.9858717911840794,14.0,8.0,False,main,True
11569,2,2,7.779858367774114,1.2201416322258853,0.8644287075304571,0.9876526515241209,11.0,7.0,False,main,False
11569,3,3,8.779858367774114,1.2201416322258853,0.8779858367774114,0.989034709913521,9.0,6.0,False,main,False
11569,4,4,9.779858367774114,1.2201416322258853,0.8890780334340104,0.9901384627695363,7.0,5.0,False,main,False
11569,5,5,10.779858367774114,1.2201416322258853,0.8983215306478428,0.9910402972670399,5.0,4.0,False,main,False
11569,6,6,11.779858367774114,1.2201416322258853,0.9061429513672395,0.9917909852100488,4.0,3.0,False,main,False
11569,7,7,12.779858367774114,1.2201416322258853,0.9128470262695796,0.9924255909312978,2.0,2.0,False,main,False
11569,8,8,13.779858367774114,1.2201416322258853,0.9186572245182743,0.9929691101603091,1.0,1.0,False,main,False
11569,9,9,14.779858367774114,1.2201416322258853,0.9237411479858821,0.9934398422344672,-1.0,-1.0,True,main,False
1090,1,1,6.810948450626842,1.1890515493731577,0.8513685563283553,0.9869670001532712,14.0,8.0,False,main,True
1090,2,2,7.810948450626842,1.1890515493731577,0.8678831611807603,0.988607182572659,11.0,7.0,False,main,False
1090,3,3,8.810948450626842,1.1890515493731577,0.8810948450626842,0.9898806029334228,9.0,6.0,False,main,False
1090,4,4,9.810948450626842,1.1890515493731577,0.8919044046024402,0.9908979275705233,7.0,5.0,False,main,False
1090,5,5,10.810948450626842,1.1890515493731577,0.9009123708855702,0.9917293627263598,5.0,4.0,False,main,False
1090,6,6,11.810948450626842,1.1890515493731577,0.9085344962020648,0.9924215985754228,4.0,3.0,False,main,False
1090,7,7,12.810948450626842,1.1890515493731577,0.9150677464733459,0.99300689545764,2.0,2.0,False,main,False
1090,8,8,13.810948450626842,1.1890515493731577,0.9207298967084562,0.993508259040792,1.0,1.0,False,main,False
1090,9,9,14.810948450626842,1.1890515493731577,0.9256842781641776,0.9939425371420871,-1.0,-1.0,True,main,False
7540,1,1,6.743342059186461,1.2566579408135388,0.8429177573983077,0.9845328776125196,14.0,8.0,False,main,True
7575,1,1,6.73161184563783,1.2683881543621696,0.8414514807047287,0.9840909051369195,15.0,8.0,False,main,True
1278,0,1,5.650075961729855,2.3499240382701445,0.7062594952162319,0.9229745021714799,36.0,14.0,False,main,True
6312,1,1,6.6110297023078,1.3889702976922005,0.826378712788475,0.9792234859640515,16.0,8.0,False,main,True
12090,1,1,6.757504410852584,1.242495589147416,0.844688051356573,0.985058829538313,14.0,8.0,False,main,True
1624,1,1,6.809933430237737,1.1900665697622634,0.8512416787797171,0.9869319019861582,14.0,8.0,False,main,True
5625,1,1,6.659925269159188,1.3400747308408119,0.8324906586448985,0.9812672802599786,15.0,8.0,False,main,True
5625,2,2,7.659925269159188,1.3400747308408119,0.8511028076843542,0.9836429405432063,12.0,7.0,False,main,True
5625,3,3,8.659925269159189,1.3400747308408119,0.8659925269159189,0.985483628525112,10.0,6.0,False,main,False
5625,4,4,9.659925269159189,1.3400747308408119,0.8781750244690172,0.9869518183753734,8.0,5.0,False,main,False
5625,5,5,10.659925269159189,1.3400747308408119,0.8883271057632657,0.9881502228196345,6.0,4.0,False,main,False
5625,6,6,11.659925269159189,1.3400747308408119,0.8969173283968607,0.9891469622467699,4.0,3.0,False,main,False
5625,7,7,12.659925269159189,1.3400747308408119,0.9042803763685134,0.9899889993694856,2.0,2.0,False,main,False
5625,8,8,13.659925269159189,1.3400747308408119,0.9106616846106126,0.9907097629762429,1.0,1.0,False,main,False
5625,9,9,14.659925269159189,1.3400747308408119,0.9162453293224493,0.991333696322011,-1.0,-1.0,True,main,False
4899,0,1,5.646068010369746,2.353931989630254,0.7057585012962182,0.9226854074754682,36.0,14.0,False,main,True
3452,1,1,6.925583686320881,1.0744163136791198,0.8656979607901101,0.9906376499888256,13.0,8.0,False,main,True
3452,2,2,7.925583686320881,1.0744163136791198,0.8806204095912089,0.991808844482726,11.0,7.0,False,main,False
3452,3,3,8.92558368632088,1.0744163136791198,0.892558368632088,0.9927195752260412,9.0,6.0,False,main,False
3452,4,4,9.92558368632088,1.0744163136791198,0.9023257896655346,0.9934480398416732,7.0,5.0,False,main,False
3452,5,5,10.92558368632088,1.0744163136791198,0.9104653071934067,0.9940439796267961,5.0,4.0,False,main,False
3452,6,6,11.92558368632088,1.0744163136791198,0.9173525912554523,0.9945405448304122,4.0,3.0,False,main,False
3452,7,7,12.92558368632088,1.0744163136791198,0.9232559775943486,0.9949606798337844,2.0,2.0,False,main,False
3452,8,8,13.92558368632088,1.0744163136791198,0.9283722457547253,0.995320770141632,1.0,1.0,False,main,False
3452,9,9,14.92558368632088,1.0744163136791198,0.932848980395055,0.9956328297747686,-1.0,-1.0,True,main,False
4245,1,1,6.716575642139341,1.2834243578606581,0.8395719552674177,0.9835160280449999,15.0,8.0,False,main,True
5762,1,1,6.740364946522917,1.2596350534770826,0.8425456183153647,0.9844212480950216,14.0,8.0,False,main,True
5762,2,2,7.740364946522917,1.2596350534770826,0.8600405496136575,0.9863889163074964,12.0,7.0,False,main,False
5762,3,3,8.740364946522917,1.2596350534770826,0.8740364946522916,0.9879151348303515,9.0,6.0,False,main,False
5762,4,4,9.740364946522917,1.2596350534770826,0.8854877224111742,0.9891335134755245,7.0,5.0,False,main,False
5762,5,5,10.740364946522917,1.2596350534770826,0.895030412210243,0.9901286749123916,6.0,4.0,False,main,False
5762,6,6,11.740364946522917,1.2596350534770826,0.9031049958863782,0.9909568241863598,4.0,3.0,False,main,False
5762,7,7,12.740364946522917,1.2596350534770826,0.9100260676087798,0.9916567553081967,2.0,2.0,False,main,False
5762,8,8,13.740364946522917,1.2596350534770826,0.9160243297681945,0.992256109388609,1.0,1.0,False,main,False
5762,9,9,14.740364946522917,1.2596350534770826,0.9212728091576823,0.992775114249231,-1.0,-1.0,True,main,False
3656,1,1,6.783177017701655,1.2168229822983454,0.8478971272127068,0.9859906736610846,14.0,8.0,False,main,True
4760,1,1,6.76172900442263,1.2382709955773699,0.8452161255528288,0.9852140880446743,14.0,8.0,False,main,True
1744,1,1,6.728698266764734,1.2713017332352652,0.8410872833455918,0.9839802406581457,15.0,8.0,False,main,True
4002,0,1,5.824061977540212,2.1759380224597877,0.7280077471925265,0.9351354353502647,32.0,13.0,False,main,True
9127,0,1,5.591456276771105,2.4085437232288953,0.6989320345963881,0.9187071462540718,37.0,14.0,False,main,True
1478,1,1,6.709312899878568,1.2906871001214322,0.838664112484821,0.9832350178032223,15.0,8.0,False,main,True
9602,1,1,6.884467478525906,1.1155325214740937,0.8605584348157382,0.9893888444348843,13.0,8.0,False,main,True
9602,2,2,7.884467478525906,1.1155325214740937,0.876051942058434,0.9907191406912116,11.0,7.0,False,main,False
9602,3,3,8.884467478525906,1.1155325214740937,0.8884467478525906,0.9917530055709236,9.0,6.0,False,main,False
9602,4,4,9.884467478525906,1.1155325214740937,0.8985879525932642,0.9925795967795152,7.0,5.0,False,main,False
9602,5,5,10.884467478525906,1.1155325214740937,0.9070389565438255,0.9932555726724245,5.0,4.0,False,main,False
9602,6,6,11.884467478525906,1.1155325214740937,0.9141898060404543,0.9938186646008661,4.0,3.0,False,main,False
9602,7,7,12.884467478525906,1.1155325214740937,0.9203191056089933,0.9942949715104921,2.0,2.0,False,main,False
9602,8,8,13.884467478525906,1.1155325214740937,0.9256311652350604,0.9947031221486299,1.0,1.0,False,main,False
9602,9,9,14.884467478525906,1.1155325214740937,0.9302792174078691,0.9950567694052582,-1.0,-1.0,True,main,False
5728,1,1,6.608969616039042,1.3910303839609575,0.8261212020048803,0.9791353263765926,16.0,8.0,False,main,True
9289,1,1,6.894887591107348,1.1051124088926525,0.8618609488884185,0.9897126011209163,13.0,8.0,False,main,True
10778,1,1,6.635452592340455,1.3645474076595456,0.8294315740425569,0.9802560724290026,15.0,8.0,False,main,True
10778,2,2,7.635452592340455,1.3645474076595456,0.8483836213711616,0.9827630392319497,12.0,7.0,False,main,False
10778,3,3,8.635452592340455,1.3645474076595456,0.8635452592340455,0.9847048299285359,10.0,6.0,False,main,False
10778,4,4,9.635452592340455,1.3645474076595456,0.8759502356673141,0.9862532705891253,8.0,5.0,False,main,False
10778,5,5,10.635452592340455,1.3645474076595456,0.8862877160283712,0.9875169246118165,6.0,4.0,False,main,False
10778,6,6,11.635452592340455,1.3645474076595456,0.8950348147954196,0.9885677606788481,4.0,3.0,False,main,False
10778,7,7,12.635452592340455,1.3645474076595456,0.9025323280243182,0.989455376794224,2.0,2.0,False,main,False
10778,8,8,13.635452592340455,1.3645474076595456,0.9090301728226969,0.9902150671825134,1.0,1.0,False,main,False
10778,9,9,14.635452592340455,1.3645474076595456,0.9147157870212784,0.9908726327365018,-1.0,-1.0,True,main,False
2530,1,1,6.74166399043803,1.2583360095619698,0.8427079988047538,0.9844700023837293,14.0,8.0,False,main,True
5343,1,1,6.620624447438065,1.3793755525619353,0.8275780559297581,0.9796319176541844,16.0,8.0,False,main,True
4078,1,1,6.679552078033707,1.3204479219662937,0.8349440097542133,0.9820610463950399,15.0,8.0,False,main,True
2893,1,1,6.589379331670869,1.4106206683291314,0.8236724164588586,0.9782888071583268,16.0,8.0,False,main,True
739,0,1,5.716288181145704,2.2837118188542957,0.714536022643213,0.9276928014817785,34.0,14.0,False,main,True
3440,1,1,6.744420416072929,1.2555795839270714,0.8430525520091161,0.9845732203084868,14.0,8.0,False,main,True
9841,1,1,6.602267852932821,1.3977321470671797,0.8252834816166026,0.9788473963800514,16.0,8.0,False,main,True
9841,2,2,7.602267852932821,1.3977321470671797,0.8446964281036468,0.9815376668519867,13.0,7.0,False,main,False
9841,3,3,8.60226785293282,1.3977321470671797,0.8602267852932821,0.9836205152965958,10.0,6.0,False,main,False
9841,4,4,9.60226785293282,1.3977321470671797,0.8729334411757109,0.9852808715978019,8.0,5.0,False,main,False
9841,5,5,10.60226785293282,1.3977321470671797,0.8835223210777351,0.9866354889255414,6.0,4.0,False,main,False
9841,6,6,11.60226785293282,1.3977321470671797,0.8924821425332939,0.9877617186229953,4.0,3.0,False,main,False
9841,7,7,12.60226785293282,1.3977321470671797,0.9001619894952014,0.9887128424155571,2.0,2.0,False,main,False
9841,8,8,13.60226785293282,1.3977321470671797,0.9068178568621881,0.9895267607792876,1.0,1.0,False,main,False
9841,9,9,14.60226785293282,1.3977321470671797,0.9126417408083013,0.9902311705887415,-1.0,-1.0,True,main,False
9690,0,1,5.649369884321638,2.3506301156783618,0.7061712355402048,0.9229236012654035,36.0,14.0,False,main,True
9690,0,2,5.649369884321638,3.3506301156783618,0.6277077649246264,0.8619540420400341,62.0,20.0,False,main,False
9690,0,3,5.649369884321638,4.350630115678362,0.5649369884321638,0.8035372824778737,103.0,27.0,False,main,True
9690,0,4,5.649369884321638,5.350630115678362,0.5135790803928763,0.7500959572689876,169.0,36.0,False,main,True
5626,1,1,6.832221804056548,1.1677781959434514,0.8540277255070685,0.9876922898518675,14.0,8.0,False,main,True
5410,1,1,6.718464418243382,1.2815355817566179,0.8398080522804228,0.9835887535899664,15.0,8.0,False,main,True
10062,0,1,5.819280279017345,2.1807197209826548,0.7274100348771682,0.9348115865829757,32.0,14.0,False,main,True
10062,0,2,5.819280279017345,3.1807197209826548,0.6465866976685939,0.8752519899114707,55.0,19.0,False,main,False
10062,0,3,5.819280279017345,4.180719720982655,0.5819280279017345,0.8171388998150204,90.0,26.0,False,main,False
10062,0,4,5.819280279017345,5.180719720982655,0.5290254799106677,0.7635353816199618,145.0,34.0,False,main,True
10062,0,5,5.819280279017345,6.180719720982655,0.4849400232514454,0.715064181392752,235.0,45.0,False,main,True
7838,1,1,6.721407852661234,1.2785921473387658,0.8401759815826543,0.9837017949405906,15.0,8.0,False,main,True
7838,2,2,7.721407852661234,1.2785921473387658,0.8579342058512482,0.9857623168387324,12.0,7.0,False,main,False
7838,3,3,8.721407852661233,1.2785921473387658,0.8721407852661234,0.9873601492330331,9.0,6.0,False,main,False
7838,4,4,9.721407852661233,1.2785921473387658,0.8837643502419303,0.9886354445758467,7.0,5.0,False,main,False
7838,5,5,10.721407852661233,1.2785921473387658,0.8934506543884361,0.9896769303828847,6.0,4.0,False,main,False
7838,6,6,11.721407852661233,1.2785921473387658,0.901646757897018,0.9905435177024917,4.0,3.0,False,main,False
7838,7,7,12.721407852661233,1.2785921473387658,0.9086719894758024,0.991275856931059,2.0,2.0,False,main,False
7838,8,8,13.721407852661233,1.2785921473387658,0.9147605235107489,0.9919029051941377,1.0,1.0,False,main,False
7838,9,9,14.721407852661233,1.2785921473387658,0.9200879907913271,0.9924458492736806,-1.0,-1.0,True,main,False
3036,0,1,5.626644618766916,2.3733553812330843,0.7033305773458645,0.9212788117571997,37.0,14.0,False,main,True
8733,1,1,6.605215766068466,1.3947842339315337,0.8256519707585582,0.978974261970354,16.0,8.0,False,main,True
8733,2,2,7.605215766068466,1.3947842339315337,0.8450239740076073,0.981648006008326,13.0,7.0,False,main,False
8733,3,3,8.605215766068465,1.3947842339315337,0.8605215766068467,0.9837181406842416,10.0,6.0,False,main,False
8733,4,4,9.605215766068465,1.3947842339315337,0.8732014332789515,0.985368412174277,8.0,5.0,False,main,False
8733,5,5,10.605215766068465,1.3947842339315337,0.8837679805057056,0.9867148342243326,6.0,4.0,False,main,False
8733,6,6,11.605215766068465,1.3947842339315337,0.8927089050821897,0.987834272393624,4.0,3.0,False,main,False
8733,7,7,12.605215766068465,1.3947842339315337,0.9003725547191762,0.9887796760603674,2.0,2.0,False,main,False
8733,8,8,13.605215766068465,1.3947842339315337,0.9070143844045644,0.9895887106259198,1.0,1.0,False,main,False
8733,9,9,14.605215766068465,1.3947842339315337,0.9128259853792792,0.9902889019920001,-1.0,-1.0,True,main,False
6567,1,1,6.601885897779992,1.398114102220008,0.825235737222499,0.9788309341619534,16.0,8.0,False,main,True
8689,1,1,6.7122990802768925,1.2877009197231073,0.8390373850346116,0.9833508211843512,15.0,8.0,False,main,True
11911,1,1,6.755870685173181,1.2441293148268193,0.8444838356466476,0.9849985867938781,14.0,8.0,False,main,True
11911,2,2,7.755870685173181,1.2441293148268193,0.8617634094636868,0.9868918374176074,12.0,7.0,False,main,False
11911,3,3,8.755870685173182,1.2441293148268193,0.875587068517318,0.9883606412645621,9.0,6.0,False,main,False
11911,4,4,9.755870685173182,1.2441293148268193,0.8868973350157436,0.9895333762207209,7.0,5.0,False,main,False
11911,5,5,10.755870685173182,1.2441293148268193,0.896322557097765,0.9904913805188033,5.0,4.0,False,main,False
11911,6,6,11.755870685173182,1.2441293148268193,0.9042977450133216,0.9912886930338644,4.0,3.0,False,main,False
11911,7,7,12.755870685173182,1.2441293148268193,0.9111336203695128,0.9919626211771817,2.0,2.0,False,main,False
11911,8,8,13.755870685173182,1.2441293148268193,0.917058045678212,0.9925397518680447,1.0,1.0,False,main,False
11911,9,9,14.755870685173182,1.2441293148268193,0.9222419178233239,0.9930395445576042,-1.0,-1.0,True,main,False
10211,1,1,6.794137348283392,1.2058626517166073,0.849267168535424,0.9863799546309036,14.0,8.0,False,main,True
10211,2,2,7.794137348283392,1.2058626517166073,0.866015260920377,0.9880955018558754,11.0,7.0,False,main,False
10211,3,3,8.794137348283392,1.2058626517166073,0.8794137348283393,0.9894271307871062,9.0,6.0,False,main,False
10211,4,4,9.794137348283392,1.2058626517166073,0.8903761225712175,0.9904907690627385,7.0,5.0,False,main,False
10211,5,5,10.794137348283392,1.2058626517166073,0.8995114456902827,0.991359931924699,5.0,4.0,False,main,False
10211,6,6,11.794137348283392,1.2058626517166073,0.9072413344833379,0.9920834950937883,4.0,3.0,False,main,False
10211,7,7,12.794137348283392,1.2058626517166073,0.9138669534488137,0.9926952205674571,2.0,2.0,False,main,False
10211,8,8,13.794137348283392,1.2058626517166073,0.9196091565522262,0.9932191799129706,1.0,1.0,False,main,False
10211,9,9,14.794137348283392,1.2058626517166073,0.924633584267712,0.9936729984817313,-1.0,-1.0,True,main,False
3544,1,1,6.627495252698928,1.3725047473010723,0.828436906587366,0.9799221957919307,15.0,8.0,False,main,True
3747,1,1,6.622754173757802,1.3772458262421974,0.8278442717197253,0.9797220912515493,16.0,8.0,False,main,True
3716,1,1,6.596847382232154,1.4031526177678462,0.8246059227790192,0.9786132495393148,16.0,8.0,False,main,True
8603,0,1,5.64466235338174,2.35533764661826,0.7055827941727175,0.9225839235237645,36.0,14.0,False,main,True
4611,1,1,6.746490782751974,1.2535092172480264,0.8433113478439968,0.9846505391430753,14.0,8.0,False,main,True
4872,1,1,6.595998701654987,1.4040012983450132,0.8244998377068734,0.9785764870684288,16.0,8.0,False,main,True
6458,1,1,6.749854939161992,1.2501450608380085,0.843731867395249,0.9847757927222073,14.0,8.0,False,main,True
2673,1,1,6.754823115197075,1.245176884802925,0.8443528893996344,0.9849598991593279,14.0,8.0,False,main,True
1165,1,1,6.624109444041409,1.3758905559585912,0.8280136805051761,0.9797793820216539,16.0,8.0,False,main,True
3237,0,1,5.614860395338784,2.385139604661216,0.701857549417348,0.9204209347202754,37.0,14.0,False,main,True
5705,1,1,6.7120479054171565,1.287952094582844,0.8390059881771446,0.9833410947632302,15.0,8.0,False,main,True
8207,1,1,6.625362910844411,1.3746370891555884,0.8281703638555514,0.9798323055431781,16.0,8.0,False,main,True
8207,2,2,7.625362910844411,1.3746370891555884,0.8472625456493791,0.9823943682375129,12.0,7.0,False,main,False
8207,3,3,8.625362910844412,1.3746370891555884,0.8625362910844412,0.9843785667643442,10.0,6.0,False,main,False
8207,4,4,9.625362910844412,1.3746370891555884,0.8750329918949465,0.9859606599407682,8.0,5.0,False,main,False
8207,5,5,10.625362910844412,1.3746370891555884,0.8854469092370344,0.9872516700845729,6.0,4.0,False,main,False
8207,6,6,11.625362910844412,1.3746370891555884,0.8942586854495702,0.9883251824890738,4.0,3.0,False,main,False
8207,7,7,12.625362910844412,1.3746370891555884,0.9018116364888866,0.9892319017933308,2.0,2.0,False,main,False
8207,8,8,13.625362910844412,1.3746370891555884,0.9083575273896275,0.9900079053332331,1.0,1.0,False,main,False
8207,9,9,14.625362910844412,1.3746370891555884,0.9140851819277758,0.990679563793294,-1.0,-1.0,True,main,False
1734,1,1,6.708226999283922,1.291773000716078,0.8385283749104903,0.9831928162565251,15.0,8.0,False,main,True
9046,1,1,6.678492965711491,1.321507034288509,0.8348116207139363,0.9820186070451089,15.0,8.0,False,main,True
3990,1,1,6.895507047117591,1.104492952882409,0.8619383808896989,0.9897316931625975,13.0,8.0,False,main,True
4926,1,1,6.643747331028074,1.3562526689719263,0.8304684163785092,0.980601460052557,15.0,8.0,False,main,True
4926,2,2,7.643747331028074,1.3562526689719263,0.8493052590031193,0.9830635515183154,12.0,7.0,False,main,False
4926,3,3,8.643747331028074,1.3562526689719263,0.8643747331028073,0.9849707948903191,10.0,6.0,False,main,False
4926,4,4,9.643747331028074,1.3562526689719263,0.876704302820734,0.9864918168226956,8.0,5.0,False,main,False
4926,5,5,10.643747331028074,1.3562526689719263,0.8869789442523395,0.9877331796697527,6.0,4.0,False,main,False
4926,6,6,11.643747331028074,1.3562526689719263,0.8956728716175442,0.9887655362068289,4.0,3.0,False,main,False
4926,7,7,12.643747331028074,1.3562526689719263,0.9031248093591481,0.9896375834680958,2.0,2.0,False,main,False
4926,8,8,13.643747331028074,1.3562526689719263,0.9095831554018716,0.9903839780020809,1.0,1.0,False,main,False
4926,9,9,14.643747331028074,1.3562526689719263,0.9152342081892546,0.9910300566653377,-1.0,-1.0,True,main,False
8992,1,1,6.88264621063225,1.1173537893677508,0.8603307763290312,0.9893317537749741,13.0,8.0,False,main,True
4356,1,1,6.840874099136857,1.159125900863143,0.8551092623921072,0.9879816140978261,14.0,8.0,False,main,True
3784,1,1,6.597063956857614,1.402936043142386,0.8246329946072017,0.9786226265192965,16.0,8.0,False,main,True
6067,1,1,6.694917790522198,1.3050822094778023,0.8368647238152748,0.9826716667824458,15.0,8.0,False,main,True
2818,1,1,6.593528058227156,1.406471941772844,0.8241910072783944,0.978469308421396,16.0,8.0,False,main,True
12076,1,1,6.648936949708262,1.3510630502917378,0.8311171187135328,0.9808161733981376,15.0,8.0,False,main,True
8262,1,1,6.787690087797501,1.2123099122024992,0.8484612609746877,0.9861515885484898,14.0,8.0,False,main,True
8262,2,2,7.787690087797501,1.2123099122024992,0.8652988986441668,0.9878964786091586,11.0,7.0,False,main,False
8262,3,3,8.7876900877975,1.2123099122024992,0.8787690087797501,0.9892507654595875,9.0,6.0,False,main,False
8262,4,4,9.7876900877975,1.2123099122024992,0.8897900079815909,0.9903324282797715,7.0,5.0,False,main,False
8262,5,5,10.7876900877975,1.2123099122024992,0.8989741739831251,0.9912162720826297,5.0,4.0,False,main,False
8262,6,6,11.7876900877975,1.2123099122024992,0.9067453913690385,0.9919520242001326,4.0,3.0,False,main,False
8262,7,7,12.7876900877975,1.2123099122024992,0.9134064348426786,0.9925740316132023,2.0,2.0,False,main,False
8262,8,8,13.7876900877975,1.2123099122024992,0.9191793391865001,0.9931067810336884,1.0,1.0,False,main,False
8262,9,9,14.7876900877975,1.2123099122024992,0.9242306304873438,0.9935682005931952,-1.0,-1.0,True,main,False
7793,1,1,6.737077872536405,1.2629221274635944,0.8421347340670506,0.9842975671828158,15.0,8.0,False,main,True
7793,2,2,7.737077872536405,1.2629221274635944,0.8596753191707117,0.9862811885920334,12.0,7.0,False,main,False
7793,3,3,8.737077872536405,1.2629221274635944,0.8737077872536405,0.9878197130289024,9.0,6.0,False,main,False
7793,4,4,9.737077872536405,1.2629221274635944,0.8851888975033095,0.9890478732541865,7.0,5.0,False,main,False
7793,5,5,10.737077872536405,1.2629221274635944,0.8947564893780338,0.9900509966635842,6.0,4.0,False,main,False
7793,6,6,11.737077872536405,1.2629221274635944,0.9028521440412619,0.9908857529711103,4.0,3.0,False,main,False
7793,7,7,12.737077872536405,1.2629221274635944,0.9097912766097432,0.9915912550159011,2.0,2.0,False,main,False
7793,8,8,13.737077872536405,1.2629221274635944,0.915805191502427,0.9921953699616242,1.0,1.0,False,main,False
7793,9,9,14.737077872536405,1.2629221274635944,0.9210673670335253,0.9927184903705941,-1.0,-1.0,True,main,False
7564,1,1,6.596277805649759,1.4037221943502411,0.8245347257062199,0.9785885801238916,16.0,8.0,False,main,True
3198,0,1,5.817704900667922,2.182295099332079,0.7272131125834902,0.9347047602497793,32.0,14.0,False,main,True
5297,1,1,6.8910421143249385,1.108957885675061,0.8613802642906173,0.9895936922040134,13.0,8.0,False,main,True
5297,2,2,7.8910421143249385,1.108957885675061,0.8767824571472154,0.9908978567609348,11.0,7.0,False,main,False
5297,3,3,8.89104211432494,1.108957885675061,0.889104211432494,0.9919115043233271,9.0,6.0,False,main,False
5297,4,4,9.89104211432494,1.108957885675061,0.8991856467568127,0.9927219884402301,7.0,5.0,False,main,False
5297,5,5,10.89104211432494,1.108957885675061,0.9075868428604116,0.9933848294945536,5.0,4.0,False,main,False
5297,6,6,11.89104211432494,1.108957885675061,0.9146955472557645,0.9939370055115521,4.0,3.0,False,main,False
5297,7,7,12.89104211432494,1.108957885675061,0.9207887224517813,0.9944040968847008,2.0,2.0,False,main,False
5297,8,8,13.89104211432494,1.108957885675061,0.9260694742883293,0.9948043637258612,1.0,1.0,False,main,False
5297,9,9,14.89104211432494,1.108957885675061,0.9306901321453087,0.9951511896760723,-1.0,-1.0,True,main,False
11538,1,1,6.7772166956120765,1.2227833043879235,0.8471520869515096,0.9857768242026701,14.0,8.0,False,main,True
11538,2,2,7.7772166956120765,1.2227833043879235,0.8641351884013418,0.9875698980664788,11.0,7.0,False,main,False
11538,3,3,8.777216695612076,1.2227833043879235,0.8777216695612076,0.988961385156458,9.0,6.0,False,main,False
11538,4,4,9.777216695612076,1.2227833043879235,0.8888378814192796,0.9900726371843611,7.0,5.0,False,main,False
11538,5,5,10.777216695612076,1.2227833043879235,0.8981013913010063,0.9909805788086558,5.0,4.0,False,main,False
11538,6,6,11.777216695612076,1.2227833043879235,0.9059397458163135,0.9917363366062301,4.0,3.0,False,main,False
11538,7,7,12.777216695612076,1.2227833043879235,0.9126583354008625,0.9923752185432074,2.0,2.0,False,main,False
11538,8,8,13.777216695612076,1.2227833043879235,0.918481113040805,0.9929223932101431,1.0,1.0,False,main,False
11538,9,9,14.777216695612076,1.2227833043879235,0.9235760434757547,0.9933962859950808,-1.0,-1.0,True,main,False
6137,0,1,5.777319204979439,2.222680795020561,0.7221649006224299,0.9319441537762223,33.0,14.0,False,main,True
230,1,1,6.700115117879596,1.2998848821204043,0.8375143897349495,0.9828760380429973,15.0,8.0,False,main,True
1976,0,1,5.641401643228674,2.3585983567713265,0.7051752054035842,0.9223483238703424,36.0,14.0,False,main,True
9419,1,1,6.62690744532372,1.3730925546762798,0.828363430665465,0.9798974341184892,15.0,8.0,False,main,True
11582,1,1,6.890381537564369,1.1096184624356311,0.8612976921955461,0.9895731986623437,13.0,8.0,False,main,True
11582,2,2,7.890381537564369,1.1096184624356311,0.8767090597293743,0.9908799769267822,11.0,7.0,False,main,False
11582,3,3,8.89038153756437,1.1096184624356311,0.8890381537564369,0.9918956467561787,9.0,6.0,False,main,False
11582,4,4,9.89038153756437,1.1096184624356311,0.8991255943240336,0.9927077420825271,7.0,5.0,False,main,False
11582,5,5,10.89038153756437,1.1096184624356311,0.9075317947970308,0.9933718970767663,5.0,4.0,False,main,False
11582,6,6,11.89038153756437,1.1096184624356311,0.9146447336587976,0.9939251650965931,4.0,3.0,False,main,False
11582,7,7,12.89038153756437,1.1096184624356311,0.920741538397455,0.9943931783939117,2.0,2.0,False,main,False
11582,8,8,13.89038153756437,1.1096184624356311,0.9260254358376246,0.9947942339483622,1.0,1.0,False,main,False
11582,9,9,14.89038153756437,1.1096184624356311,0.9306488460977731,0.9951417423301651,-1.0,-1.0,True,main,False
1625,1,1,6.637037607851408,1.3629623921485925,0.829629700981426,0.9803222805678504,15.0,8.0,False,main,True
8776,0,1,5.783029542821185,2.2169704571788147,0.7228786928526482,0.9323370548979264,33.0,14.0,False,main,True
8300,1,1,6.794626434455961,1.2053735655440385,0.8493283043069951,0.9863972055871494,14.0,8.0,False,main,True
8300,2,2,7.794626434455961,1.2053735655440385,0.8660696038284401,0.9881105368011992,11.0,7.0,False,main,False
8300,3,3,8.79462643445596,1.2053735655440385,0.8794626434455962,0.9894404544570977,9.0,6.0,False,main,False
8300,4,4,9.79462643445596,1.2053735655440385,0.890420584950542,0.9905027313275048,7.0,5.0,False,main,False
8300,5,5,10.79462643445596,1.2053735655440385,0.8995522028713302,0.9913707852814455,5.0,4.0,False,main,False
8300,6,6,11.79462643445596,1.2053735655440385,0.9072789564966125,0.9920934277402881,4.0,3.0,False,main,False
8300,7,7,12.79462643445596,1.2053735655440385,0.9139018881754258,0.992704376530007,2.0,2.0,False,main,False
8300,8,8,13.79462643445596,1.2053735655440385,0.9196417622970641,0.9932276718688098,1.0,1.0,False,main,False
8300,9,9,14.79462643445596,1.2053735655440385,0.9246641521534976,0.993680916242895,-1.0,-1.0,True,main,False
6283,1,1,6.775078549433558,1.224921450566442,0.8468848186791947,0.9856997412801776,14.0,8.0,False,main,True
6283,2,2,7.775078549433558,1.224921450566442,0.8638976166037287,0.9875027303855816,12.0,7.0,False,main,False
6283,3,3,8.775078549433559,1.224921450566442,0.8775078549433559,0.988901871564072,9.0,6.0,False,main,False
6283,4,4,9.775078549433559,1.224921450566442,0.8886435044939599,0.9900192110916713,7.0,5.0,False,main,False
6283,5,5,10.775078549433559,1.224921450566442,0.8979232124527966,0.9909321100689811,5.0,4.0,False,main,False
6283,6,6,11.775078549433559,1.224921450566442,0.9057752730333507,0.9916919831336658,4.0,3.0,False,main,False
6283,7,7,12.775078549433559,1.224921450566442,0.9125056106738256,0.99233433606181,2.0,2.0,False,main,False
6283,8,8,13.775078549433559,1.224921450566442,0.9183385699622373,0.9928844777867298,1.0,1.0,False,main,False
6283,9,9,14.775078549433559,1.224921450566442,0.9234424093395974,0.9933609360310877,-1.0,-1.0,True,main,False
9208,1,1,6.6010838288809,1.3989161711190996,0.8251354786101125,0.9787963468163778,16.0,8.0,False,main,True
6084,1,1,6.794048415627902,1.2059515843720976,0.8492560519534877,0.9863768167106436,14.0,8.0,False,main,True
7848,0,1,5.655895520517846,2.344104479482154,0.7069869400647307,0.9233935649824191,36.0,14.0,False,main,True
7848,0,2,5.655895520517846,3.344104479482154,0.6284328356130939,0.8624731305821611,62.0,20.0,False,main,False
7848,0,3,5.655895520517846,4.344104479482154,0.5655895520517846,0.8040656028566711,102.0,27.0,False,main,True
7848,0,4,5.655895520517846,5.344104479482154,0.5141723200470769,0.7506166622559644,168.0,36.0,False,main,True
4575,1,1,6.675413187526852,1.3245868124731488,0.8344266484408565,0.9818949419129445,15.0,8.0,False,main,True
4575,2,2,7.675413187526852,1.3245868124731488,0.8528236875029835,0.9841892186887901,12.0,7.0,False,main,True
4575,3,3,8.675413187526852,1.3245868124731488,0.8675413187526851,0.9859672183579626,10.0,6.0,False,main,False
4575,4,4,9.675413187526852,1.3245868124731488,0.8795830170478957,0.9873856337174528,8.0,5.0,False,main,False
4575,5,5,10.675413187526852,1.3245868124731488,0.8896177656272376,0.9885435581022598,6.0,4.0,False,main,False
4575,6,6,11.675413187526852,1.3245868124731488,0.8981087067328347,0.989506729958943,4.0,3.0,False,main,False
4575,7,7,12.675413187526852,1.3245868124731488,0.9053866562519179,0.9903204801539544,2.0,2.0,False,main,False
4575,8,8,13.675413187526852,1.3245868124731488,0.9116942125017901,0.9910170819356131,1.0,1.0,False,main,False
4575,9,9,14.675413187526852,1.3245868124731488,0.9172133242204282,0.9916201373237492,-1.0,-1.0,True,main,False
9390,1,1,6.765551994344593,1.2344480056554072,0.8456939992930741,0.9853539382313481,14.0,8.0,False,main,True
3956,1,1,6.73738780496066,1.26261219503934,0.8421734756200825,0.9843092480462879,15.0,8.0,False,main,True
6266,1,1,6.604589789353491,1.3954102106465092,0.8255737236691864,0.9789473506189107,16.0,8.0,False,main,True
6266,2,2,7.604589789353491,1.3954102106465092,0.8449544210392768,0.98162460002893,13.0,7.0,False,main,False
6266,3,3,8.60458978935349,1.3954102106465092,0.860458978935349,0.9836974314466884,10.0,6.0,False,main,False
6266,4,4,9.60458978935349,1.3954102106465092,0.8731445263048627,0.9853498420835567,8.0,5.0,False,main,False
6266,5,5,10.60458978935349,1.3954102106465092,0.8837158157794575,0.9866980025053135,6.0,4.0,False,main,False
6266,6,6,11.60458978935349,1.3954102106465092,0.8926607530271915,0.98781888130132,4.0,3.0,False,main,False
6266,7,7,12.60458978935349,1.3954102106465092,0.9003278420966778,0.9887654983392282,2.0,2.0,False,main,False
6266,8,8,13.60458978935349,1.3954102106465092,0.906972652623566,0.9895755688797753,1.0,1.0,False,main,False
6266,9,9,14.60458978935349,1.3954102106465092,0.9127868618345931,0.9902766550886686,-1.0,-1.0,True,main,False
8320,1,1,6.70488664133163,1.2951133586683707,0.8381108301664537,0.9830626969126216,15.0,8.0,False,main,True
8320,2,2,7.70488664133163,1.2951133586683707,0.8560985157035144,0.9852058093735497,12.0,7.0,False,main,False
8320,3,3,8.70488664133163,1.2951133586683707,0.870488664133163,0.9868673176304945,10.0,6.0,False,main,False
8320,4,4,9.70488664133163,1.2951133586683707,0.8822624219392391,0.9881932069568062,7.0,5.0,False,main,False
8320,5,5,10.70488664133163,1.2951133586683707,0.8920738867776358,0.9892758621590869,6.0,4.0,False,main,False
8320,6,6,11.70488664133163,1.2951133586683707,0.9003758954870484,0.9901766041063481,4.0,3.0,False,main,False
8320,7,7,12.70488664133163,1.2951133586683707,0.9074919029522592,0.9909377357603488,2.0,2.0,False,main,False
8320,8,8,13.70488664133163,1.2951133586683707,0.9136591094221086,0.9915893854023234,1.0,1.0,False,main,False
8320,9,9,14.70488664133163,1.2951133586683707,0.9190554150832269,0.9921535929930497,-1.0,-1.0,True,main,False
4308,1,1,6.657618817180743,1.342381182819257,0.8322023521475929,0.9811729903092874,15.0,8.0,False,main,True
7877,1,1,6.587575566753556,1.4124244332464437,0.8234469458441945,0.978210124330919,16.0,8.0,False,main,True
7877,2,2,7.587575566753556,1.4124244332464437,0.8430639518615063,0.9809834638420595,13.0,7.0,False,main,False
7877,3,3,8.587575566753557,1.4124244332464437,0.8587575566753557,0.9831302059047545,10.0,6.0,False,main,False
7877,4,4,9.587575566753557,1.4124244332464437,0.8715977787957779,0.9848412369936392,8.0,5.0,False,main,False
7877,5,5,10.587575566753557,1.4124244332464437,0.8822979638961298,0.9862370300322907,6.0,4.0,False,main,False
7877,6,6,11.587575566753557,1.4124244332464437,0.8913519666733506,0.9873973795714255,4.0,3.0,False,main,False
7877,7,7,12.587575566753557,1.4124244332464437,0.899112540482397,0.9883772385280006,2.0,2.0,False,main,False
7877,8,8,13.587575566753557,1.4124244332464437,0.9058383711169038,0.989215689254638,1.0,1.0,False,main,False
7877,9,9,14.587575566753557,1.4124244332464437,0.9117234729220973,0.9899412881073951,-1.0,-1.0,True,main,False
2859,0,1,5.763641102169976,2.2363588978300237,0.720455137771247,0.9309996168125619,33.0,14.0,False,main,True
9753,1,1,6.819993215810987,1.180006784189013,0.8524991519763734,0.9872777816892124,14.0,8.0,False,main,True
9753,2,2,7.819993215810987,1.180006784189013,0.8688881350901096,0.9888781043662023,11.0,7.0,False,main,False
9753,3,3,8.819993215810987,1.180006784189013,0.8819993215810987,0.9901207308130555,9.0,6.0,False,main,False
9753,4,4,9.819993215810987,1.180006784189013,0.892726655982817,0.9911135493845766,7.0,5.0,False,main,False
9753,5,5,10.819993215810987,1.180006784189013,0.9016661013175823,0.991925018395431,5.0,4.0,False,main,False
9753,6,6,11.819993215810987,1.180006784189013,0.909230247370076,0.9926006731398259,4.0,3.0,False,main,False
9753,7,7,12.819993215810987,1.180006784189013,0.9157138011293562,0.9931719802343906,2.0,2.0,False,main,False
9753,8,8,13.819993215810987,1.180006784189013,0.9213328810540659,0.9936613818201927,1.0,1.0,False,main,False
9753,9,9,14.819993215810987,1.180006784189013,0.9262495759881867,0.9940853145631301,-1.0,-1.0,True,main,False
5819,1,1,6.665937017218311,1.3340629827816892,0.8332421271522888,0.9815120502325814,15.0,8.0,False,main,True
11150,1,1,6.723700429756975,1.2762995702430255,0.8404625537196219,0.9837895929273228,15.0,8.0,False,main,True
11150,2,2,7.723700429756975,1.2762995702430255,0.8581889366396639,0.9858387765649759,12.0,7.0,False,main,False
11150,3,3,8.723700429756974,1.2762995702430255,0.8723700429756974,0.9874278657160634,9.0,6.0,False,main,False
11150,4,4,9.723700429756974,1.2762995702430255,0.8839727663415431,0.9886962130617701,7.0,5.0,False,main,False
11150,5,5,10.723700429756974,1.2762995702430255,0.8936417024797478,0.9897320444842092,6.0,4.0,False,main,False
11150,6,6,11.723700429756974,1.2762995702430255,0.9018231099813057,0.990593940417489,4.0,3.0,False,main,False
11150,7,7,12.723700429756974,1.2762995702430255,0.908835744982641,0.9913223244889386,2.0,2.0,False,main,False
11150,8,8,13.723700429756974,1.2762995702430255,0.9149133619837982,0.9919459930883658,1.0,1.0,False,main,False
11150,9,9,14.723700429756974,1.2762995702430255,0.9202312768598109,0.9924860158864361,-1.0,-1.0,True,main,False
10031,0,1,5.717310927572972,2.2826890724270283,0.7146638659466215,0.9277648234883583,34.0,14.0,False,main,True
10031,0,2,5.717310927572972,3.2826890724270283,0.6352567697303302,0.8673259622234725,59.0,19.0,False,main,False
10031,0,3,5.717310927572972,4.282689072427028,0.5717310927572972,0.8090146899808207,97.0,26.0,False,main,True
10031,0,4,5.717310927572972,5.282689072427028,0.5197555388702702,0.7554994466998095,158.0,35.0,False,main,True
5845,1,1,6.846549691966594,1.1534503080334066,0.8558187114958242,0.9881696096550491,14.0,8.0,False,main,True
11095,1,1,6.804125508680801,1.1958744913191994,0.8505156885851001,0.9867302132976631,14.0,8.0,False,main,True
11095,2,2,7.804125508680801,1.1958744913191994,0.867125056520089,0.9884007830552187,11.0,7.0,False,main,False
11095,3,3,8.804125508680801,1.1958744913191994,0.8804125508680801,0.9896976756510568,9.0,6.0,False,main,False
11095,4,4,9.804125508680801,1.1958744913191994,0.8912841371528001,0.9907336774132234,7.0,5.0,False,main,False
11095,5,5,10.804125508680801,1.1958744913191994,0.9003437923900668,0.9915803281420581,5.0,4.0,False,main,False
11095,6,6,11.804125508680801,1.1958744913191994,0.9080096545139078,0.9922851989258957,4.0,3.0,False,main,False
11095,7,7,12.804125508680801,1.1958744913191994,0.9145803934772001,0.9928811554334614,2.0,2.0,False,main,False
11095,8,8,13.804125508680801,1.1958744913191994,0.9202750339120535,0.9933916330425371,1.0,1.0,False,main,False
11095,9,9,14.804125508680801,1.1958744913191994,0.9252578442925501,0.9938337930513366,-1.0,-1.0,True,main,False
11549,1,1,6.647305561630743,1.3526944383692565,0.8309131952038429,0.9807487916131716,15.0,8.0,False,main,True
11549,2,2,7.647305561630743,1.3526944383692565,0.8497006179589714,0.9831917489473937,12.0,7.0,False,main,True
11549,3,3,8.647305561630743,1.3526944383692565,0.8647305561630743,0.9850842601417031,10.0,6.0,False,main,False
11549,4,4,9.647305561630743,1.3526944383692565,0.8770277783300675,0.9865935887107823,8.0,5.0,False,main,False
11549,5,5,10.647305561630743,1.3526944383692565,0.8872754634692286,0.9878254442726263,6.0,4.0,False,main,False
11549,6,6,11.647305561630743,1.3526944383692565,0.8959465816639033,0.988849918745037,4.0,3.0,False,main,False
11549,7,7,12.647305561630743,1.3526944383692565,0.9033789686879102,0.9897153251073411,2.0,2.0,False,main,False
11549,8,8,13.647305561630743,1.3526944383692565,0.9098203707753829,0.9904560480584308,1.0,1.0,False,main,False
11549,9,9,14.647305561630743,1.3526944383692565,0.9154565976019214,0.9910972266127609,-1.0,-1.0,True,main,False
10570,0,1,5.670039833131952,2.329960166868048,0.708754979141494,0.9244086043583153,35.0,14.0,False,main,True
10570,0,2,5.670039833131952,3.329960166868048,0.6300044259035502,0.8635959825342469,61.0,20.0,False,main,False
10570,0,3,5.670039833131952,4.329960166868048,0.5670039833131952,0.8052091169125515,101.0,27.0,False,main,True
10570,0,4,5.670039833131952,5.329960166868048,0.5154581666483593,0.7517440443699545,165.0,36.0,False,main,True
10982,1,1,6.7246678463258664,1.2753321536741338,0.8405834807907333,0.9838265766334524,15.0,8.0,False,main,True
10982,2,2,7.7246678463258664,1.2753321536741338,0.8582964273695407,0.9858709847560266,12.0,7.0,False,main,False
10982,3,3,8.724667846325866,1.2753321536741338,0.8724667846325866,0.9874563912568766,9.0,6.0,False,main,False
10982,4,4,9.724667846325866,1.2753321536741338,0.8840607133023515,0.9887218120357919,7.0,5.0,False,main,False
10982,5,5,10.724667846325866,1.2753321536741338,0.8937223205271555,0.9897552617266225,6.0,4.0,False,main,False
10982,6,6,11.724667846325866,1.2753321536741338,0.9018975266404513,0.99061518152892,4.0,3.0,False,main,False
10982,7,7,12.724667846325866,1.2753321536741338,0.9089048461661333,0.9913418995653541,2.0,2.0,False,main,False
10982,8,8,13.724667846325866,1.2753321536741338,0.9149778564217245,0.9919641445293009,1.0,1.0,False,main,False
10982,9,9,14.724667846325866,1.2753321536741338,0.9202917403953667,0.9925029367669373,-1.0,-1.0,True,main,False
10116,1,1,6.939300604029167,1.0606993959708324,0.8674125755036459,0.9910370472746447,13.0,8.0,False,main,True
10116,2,2,7.939300604029167,1.0606993959708324,0.8821445115587964,0.9921574628717881,11.0,7.0,False,main,False
10116,3,3,8.939300604029167,1.0606993959708324,0.8939300604029168,0.993028872509087,9.0,6.0,False,main,False
10116,4,4,9.939300604029167,1.0606993959708324,0.9035727821844698,0.9937259884153712,7.0,5.0,False,main,False
10116,5,5,10.939300604029167,1.0606993959708324,0.9116083836690972,0.9942963501550042,5.0,4.0,False,main,False
10116,6,6,11.939300604029167,1.0606993959708324,0.9184077387714744,0.9947716487156786,4.0,3.0,False,main,False
10116,7,7,12.939300604029167,1.0606993959708324,0.9242357574306548,0.9951738230259445,2.0,2.0,False,main,False
10116,8,8,13.939300604029167,1.0606993959708324,0.9292867069352778,0.9955185432500262,1.0,1.0,False,main,False
10116,9,9,14.939300604029167,1.0606993959708324,0.933706287751823,0.9958173005780508,-1.0,-1.0,True,main,False
12024,0,1,5.731497340638045,2.2685026593619555,0.7164371675797556,0.9287611114328314,34.0,14.0,False,main,True
12087,0,1,5.690845667893067,2.3091543321069334,0.7113557084866333,0.9258926811202417,35.0,14.0,False,main,True
1491,1,1,6.676732116184785,1.3232678838152152,0.8345915145230981,0.9819479487309374,15.0,8.0,False,main,True
1491,2,2,7.676732116184785,1.3232678838152152,0.8529702351316427,0.9842353568020904,12.0,7.0,False,main,True
1491,3,3,8.676732116184784,1.3232678838152152,0.8676732116184784,0.9860080647361368,10.0,6.0,False,main,False
1491,4,4,9.676732116184784,1.3232678838152152,0.8797029196531622,0.9874222779160541,8.0,5.0,False,main,False
1491,5,5,10.676732116184784,1.3232678838152152,0.889727676348732,0.9885767844462481,6.0,4.0,False,main,False
1491,6,6,11.676732116184784,1.3232678838152152,0.8982101627834449,0.989537121853802,4.0,3.0,False,main,False
1491,7,7,12.676732116184784,1.3232678838152152,0.9054808654417703,0.9903484833321049,2.0,2.0,False,main,False
1491,8,8,13.676732116184784,1.3232678838152152,0.9117821410789856,0.9910430446261029,1.0,1.0,False,main,False
1491,9,9,14.676732116184784,1.3232678838152152,0.917295757261549,0.9916443367641408,-1.0,-1.0,True,main,False
890,1,1,6.8371007910744,1.1628992089255998,0.8546375988843,0.987855843097891,14.0,8.0,False,main,True
890,2,2,7.8371007910744,1.1628992089255998,0.8707889767860445,0.9893820975920679,11.0,7.0,False,main,True
890,3,3,8.8371007910744,1.1628992089255998,0.88371007910744,0.9905674872808677,9.0,6.0,False,main,False
890,4,4,9.8371007910744,1.1628992089255998,0.8942818900976728,0.9915147471663106,7.0,5.0,False,main,False
890,5,5,10.8371007910744,1.1628992089255998,0.9030917325895333,0.9922890915958827,5.0,4.0,False,main,False
890,6,6,11.8371007910744,1.1628992089255998,0.9105462146980308,0.9929339117825425,4.0,3.0,False,main,False
890,7,7,12.8371007910744,1.1628992089255998,0.9169357707910286,0.9934792003491865,2.0,2.0,False,main,False
890,8,8,13.8371007910744,1.1628992089255998,0.9224733860716267,0.99394635268953,1.0,1.0,False,main,False
890,9,9,14.8371007910744,1.1628992089255998,0.92731879944215,0.9943510416095983,-1.0,-1.0,True,main,False
9106,0,1,5.842902868515565,2.157097131484435,0.7303628585644456,0.936405620757558,32.0,13.0,False,main,True
12090,2,2,7.757504410852584,1.242495589147416,0.861944934539176,0.9869443199359552,12.0,7.0,False,main,True
12090,3,3,8.757504410852583,1.242495589147416,0.8757504410852583,0.988407135585616,9.0,6.0,False,main,False
12090,4,4,9.757504410852583,1.242495589147416,0.887045855532053,0.989575109397009,7.0,5.0,False,main,False
12090,5,5,10.757504410852583,1.242495589147416,0.896458700904382,0.9905292373838577,5.0,4.0,False,main,False
12090,6,6,11.757504410852583,1.242495589147416,0.9044234162194295,0.9913233326671107,4.0,3.0,False,main,False
12090,7,7,12.757504410852583,1.242495589147416,0.9112503150608988,0.991994547698799,2.0,2.0,False,main,False
12090,8,8,13.757504410852583,1.242495589147416,0.9171669607235056,0.9925693594952854,1.0,1.0,False,main,False
12090,9,9,14.757504410852583,1.242495589147416,0.9223440256782864,0.9930671473923255,-1.0,-1.0,True,main,False
2055,2,2,7.599418926713232,1.4005810732867676,0.8443798807459147,0.9814307595597672,13.0,7.0,False,main,True
2055,3,3,8.599418926713232,1.4005810732867676,0.8599418926713233,0.9835259286093954,10.0,6.0,False,main,False
2055,4,4,9.599418926713232,1.4005810732867676,0.8726744478830212,0.9851960574210749,8.0,5.0,False,main,False
2055,5,5,10.599418926713232,1.4005810732867676,0.883284910559436,0.9865586159594523,6.0,4.0,False,main,False
2055,6,6,11.599418926713232,1.4005810732867676,0.8922629943625563,0.9876914264479772,4.0,3.0,False,main,False
2055,7,7,12.599418926713232,1.4005810732867676,0.8999584947652309,0.9886480927427411,2.0,2.0,False,main,False
2055,8,8,13.599418926713232,1.4005810732867676,0.9066279284475488,0.9894667431565187,1.0,1.0,False,main,False
2055,9,9,14.599418926713232,1.4005810732867676,0.912463682919577,0.9901752402653091,-1.0,-1.0,True,main,False
3990,2,2,7.895507047117591,1.104492952882409,0.8772785607908434,0.991018260717908,11.0,7.0,False,main,False
3990,3,3,8.89550704711759,1.104492952882409,0.889550704711759,0.992018292506168,9.0,6.0,False,main,False
3990,4,4,9.89550704711759,1.104492952882409,0.8995915497379627,0.9928179280393853,7.0,5.0,False,main,False
3990,5,5,10.89550704711759,1.104492952882409,0.9079589205931325,0.9934719218030723,5.0,4.0,False,main,False
3990,6,6,11.89550704711759,1.104492952882409,0.91503900362443,0.9940167447316979,4.0,3.0,False,main,False
3990,7,7,12.89550704711759,1.104492952882409,0.921107646222685,0.9944776281209979,2.0,2.0,False,main,False
3990,8,8,13.89550704711759,1.104492952882409,0.926367136474506,0.9948725838869972,1.0,1.0,False,main,False
3990,9,9,14.89550704711759,1.104492952882409,0.9309691904448494,0.9952148143750966,-1.0,-1.0,True,main,False
6331,2,2,7.800060236175589,1.1999397638244116,0.8666733595750654,0.9882769788945566,11.0,7.0,False,main,False
6331,3,3,8.80006023617559,1.1999397638244116,0.8800060236175588,0.9895879557855916,9.0,6.0,False,main,False
6331,4,4,9.80006023617559,1.1999397638244116,0.8909145669250534,0.9906351636417706,7.0,5.0,False,main,False
6331,5,5,10.80006023617559,1.1999397638244116,0.900005019681299,0.9914909429564785,5.0,4.0,False,main,False
6331,6,6,11.80006023617559,1.1999397638244116,0.907696941244276,0.9922033936583051,4.0,3.0,False,main,False
6331,7,7,12.80006023617559,1.1999397638244116,0.9142900168696848,0.9928057447712412,2.0,2.0,False,main,False
6331,8,8,13.80006023617559,1.1999397638244116,0.9200040157450392,0.9933216895862667,1.0,1.0,False,main,False
6331,9,9,14.80006023617559,1.1999397638244116,0.9250037647609743,0.993768577538539,-1.0,-1.0,True,main,False
5819,2,2,7.665937017218311,1.3340629827816892,0.8517707796909234,0.9838559623300568,12.0,7.0,False,main,True
5819,3,3,8.665937017218312,1.3340629827816892,0.8665937017218311,0.9856721975375404,10.0,6.0,False,main,False
5819,4,4,9.665937017218312,1.3340629827816892,0.8787215470198465,0.9871209733058848,8.0,5.0,False,main,False
5819,5,5,10.665937017218312,1.3340629827816892,0.8888280847681926,0.9883035897853923,6.0,4.0,False,main,False
5819,6,6,11.665937017218312,1.3340629827816892,0.8973797705552548,0.9892872378585035,4.0,3.0,False,main,False
5819,7,7,12.665937017218312,1.3340629827816892,0.9047097869441652,0.9901182435066471,2.0,2.0,False,main,False
5819,8,8,13.665937017218312,1.3340629827816892,0.9110624678145541,0.9908295846749552,1.0,1.0,False,main,False
5819,9,9,14.665937017218312,1.3340629827816892,0.9166210635761445,0.9914453764266733,-1.0,-1.0,True,main,False
3748,2,2,7.602176870567715,1.3978231294322847,0.8446863189519683,0.9815342568441358,13.0,7.0,False,main,True
3748,3,3,8.602176870567714,1.3978231294322847,0.8602176870567716,0.9836174982429868,10.0,6.0,False,main,False
3748,4,4,9.602176870567714,1.3978231294322847,0.8729251700516105,0.9852781662359407,8.0,5.0,False,main,False
3748,5,5,10.602176870567714,1.3978231294322847,0.8835147392139763,0.9866330368508394,6.0,4.0,False,main,False
3748,6,6,11.602176870567714,1.3978231294322847,0.8924751438898243,0.9877594764473482,4.0,3.0,False,main,False
3748,7,7,12.602176870567714,1.3978231294322847,0.9001554907548368,0.9887107770239926,2.0,2.0,False,main,False
3748,8,8,13.602176870567714,1.3978231294322847,0.9068117913711811,0.989524846322995,1.0,1.0,False,main,False
3748,9,9,14.602176870567714,1.3978231294322847,0.9126360544104822,0.9902293865035636,-1.0,-1.0,True,main,False
8233,0,10,5.658195783939577,11.341804216060423,0.33283504611409276,0.5268823625947772,-1.0,171.0,False,main,True
4245,2,2,7.716575642139341,1.2834243578606581,0.8573972935710379,0.9856005462284203,12.0,7.0,False,main,True
4245,3,3,8.716575642139341,1.2834243578606581,0.8716575642139341,0.9872168815000353,9.0,6.0,False,main,False
4245,4,4,9.716575642139341,1.2834243578606581,0.8833250583763038,0.9885068797264194,7.0,5.0,False,main,False
4245,5,5,10.716575642139341,1.2834243578606581,0.8930479701782784,0.9895603304396159,6.0,4.0,False,main,False
4245,6,6,11.716575642139341,1.2834243578606581,0.901275049395334,0.9904368445697448,4.0,3.0,False,main,False
4245,7,7,12.716575642139341,1.2834243578606581,0.9083268315813815,0.9911775525268246,2.0,2.0,False,main,False
4245,8,8,13.716575642139341,1.2834243578606581,0.9144383761426228,0.9918117516524289,1.0,1.0,False,main,False
4245,9,9,14.716575642139341,1.2834243578606581,0.9197859776337088,0.9923608765951372,-1.0,-1.0,True,main,False
1744,2,2,7.728698266764734,1.2713017332352652,0.8587442518627483,0.9860048105839095,12.0,7.0,False,main,True
1744,3,3,8.728698266764734,1.2713017332352652,0.8728698266764734,0.9875749180482647,9.0,6.0,False,main,False
1744,4,4,9.728698266764734,1.2713017332352652,0.8844271151604304,0.9888281803624063,7.0,5.0,False,main,False
1744,5,5,10.728698266764734,1.2713017332352652,0.8940581888970612,0.9898517348118152,6.0,4.0,False,main,False
1744,6,6,11.728698266764734,1.2713017332352652,0.9022075589819026,0.9907034442936433,4.0,3.0,False,main,False
1744,7,7,12.728698266764734,1.2713017332352652,0.9091927333403381,0.9914232402363159,2.0,2.0,False,main,False
1744,8,8,13.728698266764734,1.2713017332352652,0.915246551117649,0.9920395701325313,1.0,1.0,False,main,False
1744,9,9,14.728698266764734,1.2713017332352652,0.9205436416727959,0.992573249434441,-1.0,-1.0,True,main,False
5626,2,2,7.832221804056548,1.1677781959434514,0.8702468671173942,0.9892394911743981,11.0,7.0,False,main,False
5626,3,3,8.832221804056548,1.1677781959434514,0.8832221804056548,0.9904410696676617,9.0,6.0,False,main,False
5626,4,4,9.832221804056548,1.1677781959434514,0.8938383458233226,0.9914012165618669,7.0,5.0,False,main,False
5626,5,5,10.832221804056548,1.1677781959434514,0.9026851503380456,0.9921860630719082,5.0,4.0,False,main,False
5626,6,6,11.832221804056548,1.1677781959434514,0.9101709080043499,0.9928396065083556,4.0,3.0,False,main,False
5626,7,7,12.832221804056548,1.1677781959434514,0.9165872717183249,0.9933922562238914,2.0,2.0,False,main,False
5626,8,8,13.832221804056548,1.1677781959434514,0.9221481202704366,0.9938657035826335,1.0,1.0,False,main,False
5626,9,9,14.832221804056548,1.1677781959434514,0.9270138627535343,0.9942758373937074,-1.0,-1.0,True,main,False
5845,2,2,7.846549691966594,1.1534503080334066,0.8718388546629549,0.9896557004058245,11.0,7.0,False,main,False
5845,3,3,8.846549691966594,1.1534503080334066,0.8846549691966594,0.9908100450273416,9.0,6.0,False,main,False
5845,4,4,9.846549691966594,1.1534503080334066,0.8951408810878722,0.9917325889272239,7.0,5.0,False,main,False
5845,5,5,10.846549691966594,1.1534503080334066,0.9038791409972161,0.9924867896482732,5.0,4.0,False,main,False
5845,6,6,11.846549691966594,1.1534503080334066,0.9112730532281995,0.9931148768412973,4.0,3.0,False,main,False
5845,7,7,12.846549691966594,1.1534503080334066,0.9176106922833281,0.9936460443597176,2.0,2.0,False,main,False
5845,8,8,13.846549691966594,1.1534503080334066,0.9231033127977729,0.9941011202218084,1.0,1.0,False,main,False
5845,9,9,14.846549691966594,1.1534503080334066,0.9279093557479121,0.9944953631112197,-1.0,-1.0,True,main,False
3956,2,2,7.73738780496066,1.26261219503934,0.8597097561067399,0.9862913626139712,12.0,7.0,False,main,True
3956,3,3,8.73738780496066,1.26261219503934,0.873738780496066,0.9878287247438349,9.0,6.0,False,main,False
3956,4,4,9.73738780496066,1.26261219503934,0.8852170731782418,0.9890559611093614,7.0,5.0,False,main,False
3956,5,5,10.73738780496066,1.26261219503934,0.894782317080055,0.9900583325326853,6.0,4.0,False,main,False
3956,6,6,11.73738780496066,1.26261219503934,0.9028759849969739,0.9908924648335979,4.0,3.0,False,main,False
3956,7,7,12.73738780496066,1.26261219503934,0.9098134146400472,0.991597440734558,2.0,2.0,False,main,False
3956,8,8,13.73738780496066,1.26261219503934,0.915825853664044,0.9922011060467275,1.0,1.0,False,main,False
3956,9,9,14.73738780496066,1.26261219503934,0.9210867378100412,0.9927238377716939,-1.0,-1.0,True,main,False
3544,2,2,7.627495252698928,1.3725047473010723,0.8474994725221031,0.9824725680560387,12.0,7.0,False,main,True
3544,3,3,8.627495252698928,1.3725047473010723,0.8627495252698928,0.9844477690624343,10.0,6.0,False,main,False
3544,4,4,9.627495252698928,1.3725047473010723,0.875226841154448,0.986022722738654,8.0,5.0,False,main,False
3544,5,5,10.627495252698928,1.3725047473010723,0.8856246043915773,0.9873079294655748,6.0,4.0,False,main,False
3544,6,6,11.627495252698928,1.3725047473010723,0.8944227117460714,0.9883766314269284,4.0,3.0,False,main,False
3544,7,7,12.627495252698928,1.3725047473010723,0.901963946621352,0.98927929840965,2.0,2.0,False,main,False
3544,8,8,13.627495252698928,1.3725047473010723,0.9084996835132618,0.9900518415679985,1.0,1.0,False,main,False
3544,9,9,14.627495252698928,1.3725047473010723,0.914218453293683,0.990720510679858,-1.0,-1.0,True,main,False
3440,2,2,7.744420416072929,1.2555795839270714,0.8604911573414366,0.9865212914232134,12.0,7.0,False,main,False
3440,3,3,8.744420416072929,1.2555795839270714,0.8744420416072929,0.9880323921075749,9.0,6.0,False,main,False
3440,4,4,9.744420416072929,1.2555795839270714,0.8858564014611754,0.9892387533840971,7.0,5.0,False,main,False
3440,5,5,10.744420416072929,1.2555795839270714,0.8953683680060774,0.9902241325302306,5.0,4.0,False,main,False
3440,6,6,11.744420416072929,1.2555795839270714,0.903416955082533,0.9910441639302047,4.0,3.0,False,main,False
3440,7,7,12.744420416072929,1.2555795839270714,0.9103157440052092,0.9917372500095424,2.0,2.0,False,main,False
3440,8,8,13.744420416072929,1.2555795839270714,0.9162946944048619,0.9923307542224425,1.0,1.0,False,main,False
3440,9,9,14.744420416072929,1.2555795839270714,0.921526276004558,0.9928447020316837,-1.0,-1.0,True,main,False
5753,2,2,7.657398223555671,1.342601776444329,0.850822024839519,0.9835530267421967,12.0,7.0,False,main,True
5753,3,3,8.65739822355567,1.342601776444329,0.865739822355567,0.9854040387508528,10.0,6.0,False,main,False
5753,4,4,9.65739822355567,1.342601776444329,0.8779452930505155,0.9868804247405949,8.0,5.0,False,main,False
5753,5,5,10.65739822355567,1.342601776444329,0.8881165186296393,0.9880854941213639,6.0,4.0,False,main,False
5753,6,6,11.65739822355567,1.342601776444329,0.8967229402735131,0.9890877598687889,4.0,3.0,False,main,False
5753,7,7,12.65739822355567,1.342601776444329,0.9040998731111193,0.9899344536009269,2.0,2.0,False,main,False
5753,8,8,13.65739822355567,1.342601776444329,0.9104932149037114,0.9906591944927015,1.0,1.0,False,main,False
5753,9,9,14.65739822355567,1.342601776444329,0.9160873889722294,0.9912865643822764,-1.0,-1.0,True,main,False
3656,2,2,7.783177017701655,1.2168229822983454,0.864797446411295,0.9877562481218897,11.0,7.0,False,main,False
3656,3,3,8.783177017701654,1.2168229822983454,0.8783177017701653,0.9891265052866767,9.0,6.0,False,main,False
3656,4,4,9.783177017701654,1.2168229822983454,0.8893797288819685,0.9902208715390101,7.0,5.0,False,main,False
3656,5,5,10.783177017701654,1.2168229822983454,0.8985980848084711,0.9911150615557576,5.0,4.0,False,main,False
3656,6,6,11.783177017701654,1.2168229822983454,0.9063982321308964,0.9918594032147465,4.0,3.0,False,main,False
3656,7,7,12.783177017701654,1.2168229822983454,0.9130840726929753,0.9924886559714253,2.0,2.0,False,main,False
3656,8,8,13.783177017701654,1.2168229822983454,0.918878467846777,0.9930275992294959,1.0,1.0,False,main,False
3656,9,9,14.783177017701654,1.2168229822983454,0.9239485636063534,0.9934943745740573,-1.0,-1.0,True,main,False
4760,2,2,7.76172900442263,1.2382709955773699,0.8624143338247366,0.987079582993385,12.0,7.0,False,main,False
4760,3,3,8.76172900442263,1.2382709955773699,0.876172900442263,0.9885269682058538,9.0,6.0,False,main,False
4760,4,4,9.76172900442263,1.2382709955773699,0.8874299094929664,0.9896826729061428,7.0,5.0,False,main,False
4760,5,5,10.76172900442263,1.2382709955773699,0.8968107503685525,0.9906268115727078,5.0,4.0,False,main,False
4760,6,6,11.76172900442263,1.2382709955773699,0.904748384955587,0.9914126157521643,4.0,3.0,False,main,False
4760,7,7,12.76172900442263,1.2382709955773699,0.9115520717444736,0.9920768386745318,2.0,2.0,False,main,False
4760,8,8,13.76172900442263,1.2382709955773699,0.917448600294842,0.9926456741981877,1.0,1.0,False,main,False
4760,9,9,14.76172900442263,1.2382709955773699,0.9226080627764144,0.9931382952376094,-1.0,-1.0,True,main,False
2818,2,2,7.593528058227156,1.406471941772844,0.8437253398030173,0.9812088523325725,13.0,7.0,False,main,True
2818,3,3,8.593528058227156,1.406471941772844,0.8593528058227156,0.9833296023435221,10.0,6.0,False,main,False
2818,4,4,9.593528058227156,1.406471941772844,0.8721389143842869,0.9850200202080903,8.0,5.0,False,main,False
2818,5,5,10.593528058227156,1.406471941772844,0.882794004852263,0.986399064895506,6.0,4.0,False,main,False
2818,6,6,11.593528058227156,1.406471941772844,0.8918098506328581,0.9875455366781176,4.0,3.0,False,main,False
2818,7,7,12.593528058227156,1.406471941772844,0.8995377184447968,0.9885137084351804,2.0,2.0,False,main,False
2818,8,8,13.593528058227156,1.406471941772844,0.9062352038818103,0.9893421816297471,1.0,1.0,False,main,False
2818,9,9,14.593528058227156,1.406471941772844,0.9120955036391972,0.9900591629290292,-1.0,-1.0,True,main,False
7540,2,2,7.743342059186461,1.2566579408135388,0.8603713399096068,0.9864861504211518,12.0,7.0,False,main,False
7540,3,3,8.74334205918646,1.2566579408135388,0.8743342059186461,0.9880012639805719,9.0,6.0,False,main,False
7540,4,4,9.74334205918646,1.2566579408135388,0.8857583690169509,0.9892108152174341,7.0,5.0,False,main,False
7540,5,5,10.74334205918646,1.2566579408135388,0.8952785049322051,0.9901987910791941,6.0,4.0,False,main,False
7540,6,6,11.74334205918646,1.2566579408135388,0.9033340045528047,0.9910209774062895,4.0,3.0,False,main,False
7540,7,7,12.74334205918646,1.2566579408135388,0.9102387185133186,0.9917158805561812,2.0,2.0,False,main,False
7540,8,8,13.74334205918646,1.2566579408135388,0.916222803945764,0.9923109376787509,1.0,1.0,False,main,False
7540,9,9,14.74334205918646,1.2566579408135388,0.9214588786991538,0.9928262279481227,-1.0,-1.0,True,main,False
3716,2,2,7.596847382232154,1.4031526177678462,0.8440941535813504,0.981334030967282,13.0,7.0,False,main,True
3716,3,3,8.596847382232154,1.4031526177678462,0.8596847382232153,0.983440349491686,10.0,6.0,False,main,False
3716,4,4,9.596847382232154,1.4031526177678462,0.872440671112014,0.9851193215231848,8.0,5.0,False,main,False
3716,5,5,10.596847382232154,1.4031526177678462,0.8830706151860128,0.9864890658869042,6.0,4.0,False,main,False
3716,6,6,11.596847382232154,1.4031526177678462,0.8920651832486273,0.9876278310277521,4.0,3.0,False,main,False
3716,7,7,12.596847382232154,1.4031526177678462,0.8997748130165825,0.9885895123642066,2.0,2.0,False,main,False
3716,8,8,13.596847382232154,1.4031526177678462,0.9064564921488103,0.9894124444154866,1.0,1.0,False,main,False
3716,9,9,14.596847382232154,1.4031526177678462,0.9123029613895096,0.9901246397217232,-1.0,-1.0,True,main,False
11056,0,5,5.887563271585627,6.112436728414373,0.4906302726321356,0.7202615228676492,220.0,44.0,False,main,True
5728,2,2,7.608969616039042,1.3910303839609575,0.8454410684487824,0.9817880941077746,13.0,7.0,False,main,True
5728,3,3,8.608969616039042,1.3910303839609575,0.8608969616039042,0.9838420906498712,10.0,6.0,False,main,False
5728,4,4,9.608969616039042,1.3910303839609575,0.8735426923671856,0.9854795603955179,8.0,5.0,False,main,False
5728,5,5,10.608969616039042,1.3910303839609575,0.8840808013365868,0.9868155788663499,6.0,4.0,False,main,False
5728,6,6,11.608969616039042,1.3910303839609575,0.892997662772234,0.9879263951749799,4.0,3.0,False,main,False
5728,7,7,12.608969616039042,1.3910303839609575,0.9006406868599316,0.9888645369295906,2.0,2.0,False,main,False
5728,8,8,13.608969616039042,1.3910303839609575,0.9072646410692695,0.989667371188842,1.0,1.0,False,main,False
5728,9,9,14.608969616039042,1.3910303839609575,0.9130606010024401,0.9903622068552366,-1.0,-1.0,True,main,False
4356,2,2,7.840874099136857,1.159125900863143,0.8712082332374286,0.9894917658576626,11.0,7.0,False,main,False
4356,3,3,8.840874099136858,1.159125900863143,0.8840874099136856,0.9906647094382712,9.0,6.0,False,main,False
4356,4,4,9.840874099136858,1.159125900863143,0.8946249181033507,0.9916020610058928,7.0,5.0,False,main,False
4356,5,5,10.840874099136858,1.159125900863143,0.9034061749280714,0.9923683303655971,5.0,4.0,False,main,False
4356,6,6,11.840874099136858,1.159125900863143,0.9108364691643736,0.9930064429369374,4.0,3.0,False,main,False
4356,7,7,12.840874099136858,1.159125900863143,0.9172052927954898,0.9935460710509928,2.0,2.0,False,main,False
4356,8,8,13.840874099136858,1.159125900863143,0.9227249399424571,0.9940083826058582,1.0,1.0,False,main,False
4356,9,9,14.840874099136858,1.159125900863143,0.9275546311960536,0.9944088843675168,-1.0,-1.0,True,main,False
11499,2,2,7.654539117357411,1.3454608826425893,0.8505043463730456,0.983451034690307,12.0,7.0,False,main,True
11499,3,3,8.65453911735741,1.3454608826425893,0.865453911735741,0.9853137595857904,10.0,6.0,False,main,False
11499,4,4,9.65453911735741,1.3454608826425893,0.8776853743052192,0.9867994439317462,8.0,5.0,False,main,False
11499,5,5,10.65453911735741,1.3454608826425893,0.8878782597797842,0.9880120743011238,6.0,4.0,False,main,False
11499,6,6,11.65453911735741,1.3454608826425893,0.8965030090274931,0.9890206091748276,4.0,3.0,False,main,False
11499,7,7,12.65453911735741,1.3454608826425893,0.9038956512398151,0.9898725853054846,2.0,2.0,False,main,False
11499,8,8,13.65453911735741,1.3454608826425893,0.9103026078238273,0.9906018378946538,1.0,1.0,False,main,False
11499,9,9,14.65453911735741,1.3454608826425893,0.9159086948348382,0.9912331060210183,-1.0,-1.0,True,main,False
6084,2,2,7.794048415627902,1.2059515843720976,0.8660053795142113,0.9880927670329522,11.0,7.0,False,main,False
6084,3,3,8.794048415627902,1.2059515843720976,0.8794048415627902,0.9894247072471963,9.0,6.0,False,main,False
6084,4,4,9.794048415627902,1.2059515843720976,0.8903680377843547,0.990488593162951,7.0,5.0,False,main,False
6084,5,5,10.794048415627902,1.2059515843720976,0.8995040346356585,0.9913579577349813,5.0,4.0,False,main,False
6084,6,6,11.794048415627902,1.2059515843720976,0.9072344935098386,0.9920816883805316,4.0,3.0,False,main,False
6084,7,7,12.794048415627902,1.2059515843720976,0.9138606011162788,0.9926935551320524,2.0,2.0,False,main,False
6084,8,8,13.794048415627902,1.2059515843720976,0.9196032277085268,0.9932176352593219,1.0,1.0,False,main,False
6084,9,9,14.794048415627902,1.2059515843720976,0.9246280259767439,0.9936715582729919,-1.0,-1.0,True,main,False
6001,0,1,5.1961914021050095,2.8038085978949905,0.6495239252631262,0.8878405525383443,51.0,16.0,False,main,True
8484,1,1,6.358230301962403,1.6417696980375964,0.7947787877453004,0.9672358039507151,18.0,9.0,False,main,True
8484,2,2,7.358230301962403,1.6417696980375964,0.8175811446624892,0.9714526853208252,14.0,7.0,False,main,True
8484,3,3,8.358230301962404,1.6417696980375964,0.8358230301962404,0.9747069443887492,11.0,6.0,False,main,False
8484,4,4,9.358230301962404,1.6417696980375964,0.8507482092693095,0.9772946650466013,9.0,5.0,False,main,False
8484,5,5,10.358230301962404,1.6417696980375964,0.863185858496867,0.979401725001208,6.0,4.0,False,main,False
8484,6,6,11.358230301962404,1.6417696980375964,0.8737100232278773,0.9811507314429013,4.0,3.0,False,main,False
8484,7,7,12.358230301962404,1.6417696980375964,0.8827307358544575,0.9826258419737567,3.0,2.0,False,main,False
8484,8,8,13.358230301962404,1.6417696980375964,0.8905486867974937,0.9838867466377542,1.0,1.0,False,main,False
8484,9,9,14.358230301962404,1.6417696980375964,0.8973893938726503,0.9849769602395098,-1.0,-1.0,True,main,False
6935,0,1,5.282079824722326,2.7179201752776736,0.6602599780902908,0.8948467524288584,47.0,16.0,False,main,True
7171,1,1,6.301787392670625,1.6982126073293755,0.7877234240838281,0.964255107105872,19.0,9.0,False,main,True
3079,1,1,6.57074466551804,1.4292553344819598,0.821343083189755,0.9774699654330428,16.0,8.0,False,main,True
3079,2,2,7.57074466551804,1.4292553344819598,0.8411938517242267,0.9803398959440207,13.0,7.0,False,main,False
3079,3,3,8.57074466551804,1.4292553344819598,0.857074466551804,0.9825609087459586,10.0,6.0,False,main,False
3079,4,4,9.57074466551804,1.4292553344819598,0.8700676968652764,0.9843308305606087,8.0,5.0,False,main,False
3079,5,5,10.57074466551804,1.4292553344819598,0.88089538879317,0.9857744659719712,6.0,4.0,False,main,False
3079,6,6,11.57074466551804,1.4292553344819598,0.8900572819629262,0.9869744534412556,4.0,3.0,False,main,False
3079,7,7,12.57074466551804,1.4292553344819598,0.8979103332512886,0.9879876905010192,2.0,2.0,False,main,False
3079,8,8,13.57074466551804,1.4292553344819598,0.904716311034536,0.9888546343632985,1.0,1.0,False,main,False
3079,9,9,14.57074466551804,1.4292553344819598,0.9106715415948775,0.9896048409729618,-1.0,-1.0,True,main,False
9823,1,1,6.407831168499531,1.5921688315004698,0.8009788960624413,0.9697669073760988,18.0,9.0,False,main,True
9823,2,2,7.407831168499531,1.5921688315004698,0.8230923520555034,0.9736487705985912,14.0,7.0,False,main,False
9823,3,3,8.40783116849953,1.5921688315004698,0.8407831168499531,0.9766464452055926,11.0,6.0,False,main,False
9823,4,4,9.40783116849953,1.5921688315004698,0.8552573789545028,0.9790313293411158,8.0,5.0,False,main,False
9823,5,5,10.40783116849953,1.5921688315004698,0.8673192640416275,0.9809739991557238,6.0,4.0,False,main,False
9823,6,6,11.40783116849953,1.5921688315004698,0.8775254744999639,0.982587069253506,4.0,3.0,False,main,False
9823,7,7,12.40783116849953,1.5921688315004698,0.8862736548928236,0.9839478935607218,2.0,2.0,False,main,False
9823,8,8,13.40783116849953,1.5921688315004698,0.893855411233302,0.9851113686023106,1.0,1.0,False,main,False
9823,9,9,14.40783116849953,1.5921688315004698,0.9004894480312207,0.9861175341647956,-1.0,-1.0,True,main,False
11630,0,1,5.420608740512365,2.5793912594876356,0.6775760925640456,0.9058025648183192,42.0,15.0,False,main,True
11973,1,1,6.5425795662059905,1.4574204337940095,0.8178224457757488,0.9762074601364933,16.0,8.0,False,main,True
11973,2,2,7.5425795662059905,1.4574204337940095,0.8380643962451101,0.9792424175309671,13.0,7.0,False,main,False
11973,3,3,8.54257956620599,1.4574204337940095,0.854257956620599,0.981590265437685,10.0,6.0,False,main,False
11973,4,4,9.54257956620599,1.4574204337940095,0.8675072332914536,0.9834607224431687,8.0,5.0,False,main,False
11973,5,5,10.54257956620599,1.4574204337940095,0.8785482971838325,0.9849860094762497,6.0,4.0,False,main,False
11973,6,6,11.54257956620599,1.4574204337940095,0.8878907358619993,0.9862536311659552,4.0,3.0,False,main,False
11973,7,7,12.54257956620599,1.4574204337940095,0.895898540443285,0.9873238108221155,2.0,2.0,False,main,False
11973,8,8,13.54257956620599,1.4574204337940095,0.9028386377470661,0.9882393560697987,1.0,1.0,False,main,False
11973,9,9,14.54257956620599,1.4574204337940095,0.9089112228878744,0.9890315311474156,-1.0,-1.0,True,main,False
10591,1,1,6.53450532872341,1.46549467127659,0.8168131660904262,0.9758400657860536,16.0,8.0,False,main,True
10591,2,2,7.53450532872341,1.46549467127659,0.8371672587470456,0.9789231095811982,13.0,7.0,False,main,False
10591,3,3,8.534505328723409,1.46549467127659,0.8534505328723411,0.9813079019655684,10.0,6.0,False,main,False
10591,4,4,9.534505328723409,1.46549467127659,0.8667732117021282,0.9832076346829736,8.0,5.0,False,main,False
10591,5,5,10.534505328723409,1.46549467127659,0.8778754440602842,0.9847566933329694,6.0,4.0,False,main,False
10591,6,6,11.534505328723409,1.46549467127659,0.8872696406710315,0.9860440021803137,4.0,3.0,False,main,False
10591,7,7,12.534505328723409,1.46549467127659,0.8953218091945293,0.9871307544040794,2.0,2.0,False,main,False
10591,8,8,13.534505328723409,1.46549467127659,0.9023003552482274,0.9880604428416132,1.0,1.0,False,main,False
10591,9,9,14.534505328723409,1.46549467127659,0.9084065830452132,0.9888648296144832,-1.0,-1.0,True,main,False
7599,1,1,6.534973798552743,1.4650262014472566,0.8168717248190929,0.9758614482234164,16.0,8.0,False,main,True
7599,2,2,7.534973798552743,1.4650262014472566,0.8372193109503048,0.9789416926093858,13.0,7.0,False,main,True
7599,3,3,8.534973798552743,1.4650262014472566,0.8534973798552743,0.9813243343894917,10.0,6.0,False,main,False
7599,4,4,9.534973798552743,1.4650262014472566,0.8668157998684312,0.9832223630148222,8.0,5.0,False,main,False
7599,5,5,10.534973798552743,1.4650262014472566,0.8779144832127286,0.9847700380211757,6.0,4.0,False,main,False
7599,6,6,11.534973798552743,1.4650262014472566,0.8873056768117494,0.986056201006594,4.0,3.0,False,main,False
7599,7,7,12.534973798552743,1.4650262014472566,0.8953552713251959,0.9871419886784027,2.0,2.0,False,main,False
7599,8,8,13.534973798552743,1.4650262014472566,0.9023315865701829,0.9880708539793663,1.0,1.0,False,main,False
7599,9,9,14.534973798552743,1.4650262014472566,0.9084358624095464,0.9888745300448158,-1.0,-1.0,True,main,False
4290,0,1,5.366618260589475,2.633381739410525,0.6708272825736844,0.9015839506639488,44.0,15.0,False,main,True
7366,1,1,6.525855454923418,1.474144545076582,0.8157319318654273,0.9754437997519043,16.0,8.0,False,main,True
5449,0,1,5.169575468775259,2.830424531224741,0.6461969335969073,0.8856369121192438,52.0,16.0,False,main,True
6341,1,1,6.431867551465673,1.5681324485343269,0.8039834439332091,0.970963065096117,17.0,9.0,False,main,True
4703,0,1,5.150480206050572,2.849519793949428,0.6438100257563215,0.8840465635111601,52.0,16.0,False,main,True
2494,1,1,6.32192615349683,1.67807384650317,0.7902407691871037,0.9653306996188776,19.0,9.0,False,main,True
2494,2,2,7.32192615349683,1.67807384650317,0.8135473503885366,0.9698005177397504,15.0,7.0,False,main,False
2494,3,3,8.321926153496829,1.67807384650317,0.832192615349683,0.9732483275738857,11.0,6.0,False,main,False
2494,4,4,9.321926153496829,1.67807384650317,0.8474478321360756,0.9759889535386974,9.0,5.0,False,main,False
2494,5,5,10.321926153496829,1.67807384650317,0.8601605127914025,0.9782198719679237,7.0,4.0,False,main,False
2494,6,6,11.321926153496829,1.67807384650317,0.8709173964228332,0.980071255527243,4.0,3.0,False,main,False
2494,7,7,12.321926153496829,1.67807384650317,0.8801375823926307,0.9816324081086367,3.0,2.0,False,main,False
2494,8,8,13.321926153496829,1.67807384650317,0.8881284102331221,0.9829666427955494,1.0,1.0,False,main,False
2494,9,9,14.321926153496829,1.67807384650317,0.8951203845935519,0.9841200992153932,-1.0,-1.0,True,main,False
276,1,1,6.424253795888574,1.5757462041114259,0.8030317244860717,0.9705863444330819,18.0,9.0,False,main,True
8387,1,1,6.340095830848374,1.659904169151626,0.7925119788560467,0.9662896580754412,18.0,9.0,False,main,True
8387,2,2,7.340095830848374,1.659904169151626,0.8155662034275971,0.970632075084194,15.0,7.0,False,main,False
8387,3,3,8.340095830848373,1.659904169151626,0.8340095830848373,0.9739824137068928,11.0,6.0,False,main,False
8387,4,4,9.340095830848373,1.659904169151626,0.8490996209862157,0.9766460480601812,9.0,5.0,False,main,False
8387,5,5,10.340095830848373,1.659904169151626,0.8616746525706978,0.978814607513704,6.0,4.0,False,main,False
8387,6,6,11.340095830848373,1.659904169151626,0.8723150639114133,0.9806144518619803,4.0,3.0,False,main,False
8387,7,7,12.340095830848373,1.659904169151626,0.8814354164891695,0.982132291866449,3.0,2.0,False,main,False
8387,8,8,13.340095830848373,1.659904169151626,0.8893397220565582,0.9834296153142434,1.0,1.0,False,main,False
8387,9,9,14.340095830848373,1.659904169151626,0.8962559894280233,0.9845512396169418,-1.0,-1.0,True,main,False
9318,1,1,6.408149689809475,1.5918503101905248,0.8010187112261844,0.9697828893713208,18.0,9.0,False,main,True
2410,1,1,6.254499298616828,1.7455007013831723,0.7818124123271035,0.9616777405610971,20.0,9.0,False,main,True
11195,1,1,6.3009955508448945,1.6990044491551055,0.7876244438556118,0.9642125443876225,19.0,9.0,False,main,True
11195,2,2,7.3009955508448945,1.6990044491551055,0.8112217278716549,0.9688311215163318,15.0,7.0,False,main,False
11195,3,3,8.300995550844895,1.6990044491551055,0.8300995550844895,0.9723926974457145,12.0,6.0,False,main,False
11195,4,4,9.300995550844895,1.6990044491551055,0.8455450500768087,0.9752231589571643,9.0,5.0,False,main,False
11195,5,5,10.300995550844895,1.6990044491551055,0.8584162959037412,0.977526821933545,7.0,4.0,False,main,False
11195,6,6,11.300995550844895,1.6990044491551055,0.8693073500649919,0.9794383167744818,4.0,3.0,False,main,False
11195,7,7,12.300995550844895,1.6990044491551055,0.878642539346064,0.9810499777708361,3.0,2.0,False,main,False
11195,8,8,13.300995550844895,1.6990044491551055,0.886733036722993,0.9824272503488506,1.0,1.0,False,main,False
11195,9,9,14.300995550844895,1.6990044491551055,0.893812221927806,0.983617818323764,-1.0,-1.0,True,main,False
5133,0,1,5.223432547286704,2.776567452713296,0.652929068410838,0.8900801111756895,49.0,16.0,False,main,True
2500,1,1,6.318038475209274,1.6819615247907258,0.7897548094011593,0.9651240991538289,19.0,9.0,False,main,True
9193,1,1,6.2708467311316225,1.7291532688683777,0.7838558413914528,0.9625768704812016,19.0,9.0,False,main,True
9193,2,2,7.2708467311316225,1.7291532688683777,0.8078718590146248,0.9674134552984036,15.0,7.0,False,main,False
9193,3,3,8.270846731131623,1.7291532688683777,0.8270846731131621,0.9711416691915917,12.0,6.0,False,main,False
9193,4,4,9.270846731131623,1.7291532688683777,0.8428042482846929,0.9741036643736778,9.0,5.0,False,main,False
9193,5,5,10.270846731131623,1.7291532688683777,0.8559038942609685,0.9765138039120268,7.0,4.0,False,main,False
9193,6,6,11.270846731131623,1.7291532688683777,0.8669882100870479,0.9785132618984322,5.0,3.0,False,main,False
9193,7,7,12.270846731131623,1.7291532688683777,0.8764890522236872,0.980198818568464,3.0,2.0,False,main,False
9193,8,8,13.270846731131623,1.7291532688683777,0.8847231154087748,0.9816390463103688,1.0,1.0,False,main,False
9193,9,9,14.270846731131623,1.7291532688683777,0.8919279206957265,0.9828838925463531,-1.0,-1.0,True,main,False
10988,1,1,6.272075530542386,1.7279244694576144,0.7840094413177983,0.9626441103286089,19.0,9.0,False,main,True
10988,2,2,7.272075530542386,1.7279244694576144,0.8080083922824873,0.9674717239737812,15.0,7.0,False,main,False
10988,3,3,8.272075530542386,1.7279244694576144,0.8272075530542387,0.9711930826233001,12.0,6.0,False,main,False
10988,4,4,9.272075530542386,1.7279244694576144,0.8429159573220351,0.9741496679131529,9.0,5.0,False,main,False
10988,5,5,10.272075530542386,1.7279244694576144,0.8560062942118655,0.9765554289100604,7.0,4.0,False,main,False
10988,6,6,11.272075530542386,1.7279244694576144,0.867082733118645,0.97855127017681,5.0,3.0,False,main,False
10988,7,7,12.272075530542386,1.7279244694576144,0.8765768236101704,0.9802337888825211,3.0,2.0,False,main,False
10988,8,8,13.272075530542386,1.7279244694576144,0.8848050353694924,0.9816714286927122,1.0,1.0,False,main,False
10988,9,9,14.272075530542386,1.7279244694576144,0.8920047206588991,0.9829140438671636,-1.0,-1.0,True,main,False
7095,0,1,5.554439701616094,2.445560298383907,0.6943049627020117,0.9159696373011983,38.0,14.0,False,main,True
9649,1,1,6.3022553374789725,1.6977446625210275,0.7877819171848716,0.9642802502477198,19.0,9.0,False,main,True
9649,2,2,7.3022553374789725,1.6977446625210275,0.8113617041643303,0.9688898134867198,15.0,7.0,False,main,False
9649,3,3,8.302255337478972,1.6977446625210275,0.8302255337478972,0.9724444972675061,12.0,6.0,False,main,False
9649,4,4,9.302255337478972,1.6977446625210275,0.845659576134452,0.9752695172132254,9.0,5.0,False,main,False
9649,5,5,10.302255337478972,1.6977446625210275,0.8585212781232476,0.977568774394987,7.0,4.0,False,main,False
9649,6,6,11.302255337478972,1.6977446625210275,0.8694042567291517,0.9794766289288307,4.0,3.0,False,main,False
9649,7,7,12.302255337478972,1.6977446625210275,0.8787325241056408,0.9810852314045714,3.0,2.0,False,main,False
9649,8,8,13.302255337478972,1.6977446625210275,0.8868170224985981,0.9824598980097228,1.0,1.0,False,main,False
9649,9,9,14.302255337478972,1.6977446625210275,0.8938909585924357,0.9836482189817712,-1.0,-1.0,True,main,False
10616,0,1,5.326505126667736,2.673494873332264,0.665813140833467,0.8984070476978903,46.0,15.0,False,main,True
10616,0,2,5.326505126667736,3.673494873332264,0.5918339029630818,0.8354601750101736,80.0,22.0,False,main,False
10616,0,3,5.326505126667736,4.673494873332264,0.5326505126667735,0.7768129948058364,136.0,30.0,False,main,False
10616,0,4,5.326505126667736,5.673494873332264,0.484227738787976,0.7238803426719116,232.0,40.0,False,main,True
10616,0,5,5.326505126667736,6.673494873332264,0.4438754272223113,0.6766050818486801,406.0,54.0,False,main,True
422,1,1,6.3691238486365656,1.6308761513634342,0.7961404810795707,0.9677988568106222,18.0,9.0,False,main,True
6735,0,1,5.5348410242613015,2.465158975738698,0.6918551280326627,0.9145069965365134,39.0,14.0,False,main,True
5095,1,1,6.478117251137145,1.5218827488628546,0.8097646563921431,0.973207578165515,17.0,8.0,False,main,True
1569,1,1,6.157905316361842,1.8420946836381575,0.7697381645452303,0.9561936323945723,21.0,9.0,False,main,True
1167,0,1,5.434448791092362,2.565551208907638,0.6793060988865453,0.9068732707384755,42.0,15.0,False,main,True
5838,0,1,5.251559468674886,2.748440531325114,0.6564449335843607,0.8923755631505144,48.0,16.0,False,main,True
2159,1,1,6.3211010963544645,1.6788989036455355,0.7901376370443081,0.9652868957290155,19.0,9.0,False,main,True
4301,1,1,6.586181805084479,1.413818194915521,0.8232727256355599,0.9781492413462728,16.0,8.0,False,main,True
7382,0,1,5.148049242031781,2.851950757968219,0.6435061552539726,0.8838435407137578,53.0,16.0,False,main,True
4701,1,1,6.380956378805681,1.6190436211943184,0.7976195473507102,0.968405897707597,18.0,9.0,False,main,True
6204,0,1,5.3696910454817495,2.6303089545182505,0.6712113806852187,0.9018258197628249,44.0,15.0,False,main,True
3168,1,1,6.550977704764687,1.449022295235313,0.8188722130955859,0.9765870184839426,16.0,8.0,False,main,True
3168,2,2,7.550977704764687,1.449022295235313,0.8389975227516319,0.9795723270044883,13.0,7.0,False,main,False
3168,3,3,8.550977704764687,1.449022295235313,0.8550977704764687,0.9818820236852418,10.0,6.0,False,main,False
3168,4,4,9.550977704764687,1.449022295235313,0.8682707004331534,0.9837222448909386,8.0,5.0,False,main,False
3168,5,5,10.550977704764687,1.449022295235313,0.8792481420637239,0.9852229782647866,6.0,4.0,False,main,False
3168,6,6,11.550977704764687,1.449022295235313,0.8885367465203605,0.9864702634746341,4.0,3.0,False,main,False
3168,7,7,12.550977704764687,1.449022295235313,0.896498407483192,0.9875233228170374,2.0,2.0,False,main,False
3168,8,8,13.550977704764687,1.449022295235313,0.9033985136509791,0.9884242565982585,1.0,1.0,False,main,False
3168,9,9,14.550977704764687,1.449022295235313,0.9094361065477929,0.9892038150480964,-1.0,-1.0,True,main,False
9012,1,1,6.161664402824384,1.8383355971756163,0.770208050353048,0.9564124355410242,21.0,9.0,False,main,True
5306,1,1,6.523697766457748,1.4763022335422518,0.8154622208072185,0.9753445219027459,16.0,8.0,False,main,True
7804,0,1,5.256701797011822,2.7432982029881776,0.6570877246264778,0.8927933623965993,48.0,16.0,False,main,True
7804,0,2,5.256701797011822,3.7432982029881776,0.5840779774457581,0.8295271247672438,85.0,22.0,False,main,False
7804,0,3,5.256701797011822,4.743298202988178,0.5256701797011822,0.7708854942194838,146.0,31.0,False,main,True
3558,1,1,6.486888855205885,1.513111144794115,0.8108611069007357,0.9736246679542777,17.0,8.0,False,main,True
3558,2,2,7.486888855205885,1.513111144794115,0.8318765394673205,0.9769982614518341,13.0,7.0,False,main,True
3558,3,3,8.486888855205885,1.513111144794115,0.8486888855205885,0.9796061556761754,11.0,6.0,False,main,False
3558,4,4,9.486888855205885,1.513111144794115,0.8624444413823532,0.9816826036107617,8.0,5.0,False,main,False
3558,5,5,10.486888855205885,1.513111144794115,0.8739074046004904,0.983375104604271,6.0,4.0,False,main,False
3558,6,6,11.486888855205885,1.513111144794115,0.8836068350158374,0.9847811766608224,4.0,3.0,False,main,False
3558,7,7,12.486888855205885,1.513111144794115,0.8919206325147061,0.9859678804815538,2.0,2.0,False,main,False
3558,8,8,13.486888855205885,1.513111144794115,0.8991259236803923,0.9869828522471447,1.0,1.0,False,main,False
3558,9,9,14.486888855205885,1.513111144794115,0.9054305534503678,0.9878608634339162,-1.0,-1.0,True,main,False
1774,1,1,6.507112256348678,1.4928877436513224,0.8133890320435847,0.9745756956673465,17.0,8.0,False,main,True
1774,2,2,7.507112256348678,1.4928877436513224,0.834123584038742,0.977824439459291,13.0,7.0,False,main,True
1774,3,3,8.507112256348677,1.4928877436513224,0.8507112256348677,0.9803364926062126,10.0,6.0,False,main,False
1774,4,4,9.507112256348677,1.4928877436513224,0.8642829323953343,0.9823370422882356,8.0,5.0,False,main,False
1774,5,5,10.507112256348677,1.4928877436513224,0.8755926880290564,0.9839679457154618,6.0,4.0,False,main,False
1774,6,6,11.507112256348677,1.4928877436513224,0.8851624812575906,0.9853230248287046,4.0,3.0,False,main,False
1774,7,7,12.507112256348677,1.4928877436513224,0.8933651611677627,0.9864668175206371,2.0,2.0,False,main,False
1774,8,8,13.507112256348677,1.4928877436513224,0.9004741504232451,0.9874451789223572,1.0,1.0,False,main,False
1774,9,9,14.507112256348677,1.4928877436513224,0.9066945160217923,0.9882915871740631,-1.0,-1.0,True,main,False
665,1,1,6.169700010555395,1.8302999894446046,0.7712125013194244,0.9568787185265336,21.0,9.0,False,main,True
665,2,2,7.169700010555395,1.8302999894446046,0.796633334506155,0.9624783649680653,16.0,8.0,False,main,True
665,3,3,8.169700010555395,1.8302999894446046,0.8169700010555395,0.9667890442587487,12.0,6.0,False,main,False
665,4,4,9.169700010555395,1.8302999894446046,0.8336090918686723,0.9702103282622543,10.0,5.0,False,main,False
665,5,5,10.169700010555395,1.8302999894446046,0.8474750008796162,0.9729919628052123,7.0,4.0,False,main,False
665,6,6,11.169700010555395,1.8302999894446046,0.8592076931196458,0.9752981240414699,5.0,3.0,False,main,False
665,7,7,12.169700010555395,1.8302999894446046,0.8692642864682425,0.9772411975065683,3.0,2.0,False,main,False
665,8,8,13.169700010555395,1.8302999894446046,0.877980000703693,0.9789007182205118,1.0,1.0,False,main,False
665,9,9,14.169700010555395,1.8302999894446046,0.8856062506597122,0.980334561654307,-1.0,-1.0,True,main,False
192,1,1,6.490349790513242,1.5096502094867583,0.8112937238141552,0.9737884728812912,17.0,8.0,False,main,True
2245,0,1,5.189045746836823,2.810954253163177,0.6486307183546028,0.887250433579341,51.0,16.0,False,main,True
925,1,1,6.184570629028885,1.8154293709711151,0.7730713286286106,0.9577364146655957,20.0,9.0,False,main,True
4523,0,1,5.502221636990738,2.4977783630092625,0.6877777046238422,0.9120524795726135,40.0,15.0,False,main,True
3780,1,1,6.5117714005235685,1.488228599476432,0.8139714250654461,0.9747926890678271,17.0,8.0,False,main,True
11355,1,1,6.5697503306380165,1.4302496693619835,0.8212187913297521,0.977425902221889,16.0,8.0,False,main,True
7015,1,1,6.546539405979615,1.4534605940203846,0.8183174257474519,0.9763867549856046,16.0,8.0,False,main,True
5471,1,1,6.153705338535723,1.8462946614642763,0.7692131673169654,0.9559486594636687,21.0,9.0,False,main,True
3975,1,1,6.567268042733898,1.4327319572661026,0.8209085053417372,0.9773157384388459,16.0,8.0,False,main,True
3975,2,2,7.567268042733898,1.4327319572661026,0.8408075603037664,0.9802058104343029,13.0,7.0,False,main,True
3975,3,3,8.567268042733897,1.4327319572661026,0.8567268042733897,0.9824423072778513,10.0,6.0,False,main,False
3975,4,4,9.567268042733897,1.4327319572661026,0.869751640248536,0.9842245047795668,8.0,5.0,False,main,False
3975,5,5,10.567268042733897,1.4327319572661026,0.8806056702278248,0.9856781116347341,6.0,4.0,False,main,False
3975,6,6,11.567268042733897,1.4327319572661026,0.889789849441069,0.9868863597279571,4.0,3.0,False,main,False
3975,7,7,12.567268042733897,1.4327319572661026,0.8976620030524212,0.9879065522752934,2.0,2.0,False,main,False
3975,8,8,13.567268042733897,1.4327319572661026,0.9044845361822598,0.9887794332588871,1.0,1.0,False,main,False
3975,9,9,14.567268042733897,1.4327319572661026,0.9104542526708685,0.9895347670879944,-1.0,-1.0,True,main,False
1957,1,1,6.5776961647767,1.4223038352233,0.8222120205970875,0.9777769703555635,16.0,8.0,False,main,True
1957,2,2,7.5776961647767,1.4223038352233,0.8419662405307444,0.980606822297116,13.0,7.0,False,main,True
1957,3,3,8.5776961647767,1.4223038352233,0.85776961647767,0.9827970209308057,10.0,6.0,False,main,False
1957,4,4,9.5776961647767,1.4223038352233,0.8706996513433364,0.9845425114364532,8.0,5.0,False,main,False
1957,5,5,10.5776961647767,1.4223038352233,0.8814746803980583,0.9859663002294196,6.0,4.0,False,main,False
1957,6,6,11.5776961647767,1.4223038352233,0.8905920126751308,0.9871498453570894,4.0,3.0,False,main,False
1957,7,7,12.5776961647767,1.4223038352233,0.8984068689126214,0.9881492372918392,2.0,2.0,False,main,False
1957,8,8,13.5776961647767,1.4223038352233,0.9051797443184467,0.9890043626972023,1.0,1.0,False,main,False
1957,9,9,14.5776961647767,1.4223038352233,0.9111060102985438,0.989744362732089,-1.0,-1.0,True,main,False
9309,0,1,5.398769032936647,2.601230967063353,0.6748461291170809,0.9041040709548865,43.0,15.0,False,main,True
6308,1,1,6.2314420351707565,1.7685579648292435,0.7789302543963446,0.9603951180809486,20.0,9.0,False,main,True
5282,1,1,6.160105350630396,1.8398946493696036,0.7700131688287996,0.956321740700725,21.0,9.0,False,main,True
7217,0,1,5.358555404281934,2.641444595718066,0.6698194255352418,0.9009482847128445,44.0,15.0,False,main,True
1163,1,1,6.4657363611592364,1.5342636388407636,0.8082170451449046,0.9726141713652672,17.0,8.0,False,main,True
9129,1,1,6.306301153746221,1.6936988462537796,0.7882876442182776,0.9644973379410408,19.0,9.0,False,main,True
9129,2,2,7.306301153746221,1.6936988462537796,0.8118112393051357,0.969078005107973,15.0,7.0,False,main,False
9129,3,3,8.30630115374622,1.6936988462537796,0.8306301153746221,0.9726105933403929,12.0,6.0,False,main,False
9129,4,4,9.30630115374622,1.6936988462537796,0.8460273776132928,0.9754181674452143,9.0,5.0,False,main,False
9129,5,5,10.30630115374622,1.6936988462537796,0.8588584294788517,0.9777032990467849,7.0,4.0,False,main,False
9129,6,6,11.30630115374622,1.6936988462537796,0.8697154733650939,0.9795994819547729,4.0,3.0,False,main,False
9129,7,7,12.30630115374622,1.6936988462537796,0.8790215109818729,0.9811982779305073,3.0,2.0,False,main,False
9129,8,8,13.30630115374622,1.6936988462537796,0.8870867435830814,0.982564588884848,1.0,1.0,False,main,False
9129,9,9,14.30630115374622,1.6936988462537796,0.8941438221091388,0.9837457050786167,-1.0,-1.0,True,main,False
11460,1,1,6.333893388830214,1.6661066111697855,0.7917366736037768,0.965963535602336,19.0,9.0,False,main,True
1431,0,1,5.259942917573467,2.7400570824265333,0.6574928646966833,0.8930563963524312,48.0,16.0,False,main,True
3814,0,1,5.586227998853007,2.413772001146993,0.6982784998566258,0.9183224916048359,38.0,14.0,False,main,True
1681,1,1,6.4587030649626715,1.541296935037328,0.8073378831203339,0.9722746353800542,17.0,8.0,False,main,True
1681,2,2,7.4587030649626715,1.541296935037328,0.8287447849958524,0.9758257693655632,14.0,7.0,False,main,True
1681,3,3,8.458703064962672,1.541296935037328,0.8458703064962672,0.9785698862831961,11.0,6.0,False,main,False
1681,4,4,9.458703064962672,1.541296935037328,0.8598820968147883,0.9807541711368156,8.0,5.0,False,main,False
1681,5,5,10.458703064962672,1.541296935037328,0.8715585887468893,0.9825341647366181,6.0,4.0,False,main,False
1681,6,6,11.458703064962672,1.541296935037328,0.8814386973048209,0.9840126494336138,4.0,3.0,False,main,False
1681,7,7,12.458703064962672,1.541296935037328,0.889907361783048,0.9852602773045568,2.0,2.0,False,main,False
1681,8,8,13.458703064962672,1.541296935037328,0.8972468709975114,0.9863272188752359,1.0,1.0,False,main,False
1681,9,9,14.458703064962672,1.541296935037328,0.903668941560167,0.9872500853159131,-1.0,-1.0,True,main,False
4481,0,1,5.2208301245070645,2.7791698754929355,0.6526037655633831,0.8898668551709429,50.0,16.0,False,main,True
636,1,1,6.51353686063144,1.48646313936856,0.81419210757893,0.9748747057337072,17.0,8.0,False,main,True
10926,0,1,5.533582182048271,2.4664178179517298,0.6916977727560338,0.9144127381224999,39.0,14.0,False,main,True
10926,0,2,5.533582182048271,3.4664178179517298,0.6148424646720301,0.8526343808793091,67.0,20.0,False,main,False
10926,0,3,5.533582182048271,4.466417817951729,0.5533582182048271,0.7940848030363572,113.0,28.0,False,main,True
10926,0,4,5.533582182048271,5.466417817951729,0.5030529256407519,0.7407965013575781,188.0,38.0,False,main,True
8854,1,1,6.5503433859440126,1.449656614055987,0.8187929232430016,0.9765584420216918,16.0,8.0,False,main,True
8854,2,2,7.5503433859440126,1.449656614055987,0.8389270428826681,0.9795474874902955,13.0,7.0,False,main,True
8854,3,3,8.550343385944013,1.449656614055987,0.8550343385944013,0.9818600559436772,10.0,6.0,False,main,False
8854,4,4,9.550343385944013,1.449656614055987,0.8682130350858194,0.9837025532370323,8.0,5.0,False,main,False
8854,5,5,10.550343385944013,1.449656614055987,0.879195282162001,0.9852051350462995,6.0,4.0,False,main,False
8854,6,6,11.550343385944013,1.449656614055987,0.8884879527649241,0.9864539512748062,4.0,3.0,False,main,False
8854,7,7,12.550343385944013,1.449656614055987,0.8964530989960009,0.9875082995497495,2.0,2.0,False,main,False
8854,8,8,13.550343385944013,1.449656614055987,0.9033562257296008,0.9884103334099044,1.0,1.0,False,main,False
8854,9,9,14.550343385944013,1.449656614055987,0.9093964616215008,0.9891908417713633,-1.0,-1.0,True,main,False
12092,1,1,6.449918817315382,1.5500811826846186,0.8062398521644227,0.971848106106884,17.0,8.0,False,main,True
10850,0,1,5.57375305400059,2.4262469459994103,0.6967191317500737,0.917402028519223,38.0,14.0,False,main,True
10850,0,2,5.57375305400059,3.4262469459994103,0.6193058948889544,0.8558910183245625,65.0,20.0,False,main,False
10850,0,3,5.57375305400059,4.42624694599941,0.557375305400059,0.797380949696476,109.0,28.0,False,main,True
10850,0,4,5.57375305400059,5.42624694599941,0.5067048230909627,0.7440357495663221,181.0,37.0,False,main,True
1220,1,1,6.395768874489406,1.6042311255105943,0.7994711093111757,0.9691591029291652,18.0,9.0,False,main,True
1220,2,2,7.395768874489406,1.6042311255105943,0.8217520971654895,0.9731213064218092,14.0,7.0,False,main,False
1220,3,3,8.395768874489406,1.6042311255105943,0.8395768874489405,0.976180535853105,11.0,6.0,False,main,False
1220,4,4,9.395768874489406,1.6042311255105943,0.8541608067717642,0.9786140948581553,9.0,5.0,False,main,False
1220,5,5,10.395768874489406,1.6042311255105943,0.8663140728741171,0.9805962225935781,6.0,4.0,False,main,False
1220,6,6,11.395768874489406,1.6042311255105943,0.8765976057299543,0.9822419270102456,4.0,3.0,False,main,False
1220,7,7,12.395768874489406,1.6042311255105943,0.885412062463529,0.9836301922720838,2.0,2.0,False,main,False
1220,8,8,13.395768874489406,1.6042311255105943,0.8930512582992937,0.9848170638724848,1.0,1.0,False,main,False
1220,9,9,14.395768874489406,1.6042311255105943,0.8997355546555879,0.9858434147653827,-1.0,-1.0,True,main,False
8901,0,1,5.325407594989981,2.6745924050100194,0.6656759493737476,0.8983196185375368,46.0,15.0,False,main,True
5516,0,1,5.34686772051584,2.6531322794841596,0.66835846506448,0.9000242457933902,45.0,15.0,False,main,True
969,1,1,6.455613728120806,1.544386271879194,0.8069517160151007,0.9721249406311424,17.0,8.0,False,main,True
10784,1,1,6.416016827416734,1.5839831725832656,0.8020021034270918,0.9701765146118217,18.0,9.0,False,main,True
10784,2,2,7.416016827416734,1.5839831725832656,0.8240018697129705,0.9740042748561878,14.0,7.0,False,main,False
10784,3,3,8.416016827416733,1.5839831725832656,0.8416016827416735,0.9769604885206076,11.0,6.0,False,main,False
10784,4,4,9.416016827416733,1.5839831725832656,0.8560015297651578,0.9793125820232972,8.0,5.0,False,main,False
10784,5,5,10.416016827416733,1.5839831725832656,0.8680014022847279,0.9812286670830696,6.0,4.0,False,main,False
10784,6,6,11.416016827416733,1.5839831725832656,0.878155140570518,0.9828197476386508,4.0,3.0,False,main,False
10784,7,7,12.416016827416733,1.5839831725832656,0.8868583448154811,0.9841620802626488,2.0,2.0,False,main,False
10784,8,8,13.416016827416733,1.5839831725832656,0.8944011218277823,0.9853097879412444,1.0,1.0,False,main,False
10784,9,9,14.416016827416733,1.5839831725832656,0.9010010517135459,0.9863023494500308,-1.0,-1.0,True,main,False
5688,1,1,6.575596616479647,1.4244033835203531,0.8219495770599559,0.9776844392861438,16.0,8.0,False,main,True
5688,2,2,7.575596616479647,1.4244033835203531,0.8417329573866275,0.9805263687512192,13.0,7.0,False,main,True
5688,3,3,8.575596616479647,1.4244033835203531,0.8575596616479647,0.9827258535688982,10.0,6.0,False,main,False
5688,4,4,9.575596616479647,1.4244033835203531,0.8705087833163315,0.9844787069897138,8.0,5.0,False,main,False
5688,5,5,10.575596616479647,1.4244033835203531,0.8812997180399705,0.9859084771768118,6.0,4.0,False,main,False
5688,6,6,11.575596616479647,1.4244033835203531,0.8904305089599729,0.987096977833047,4.0,3.0,False,main,False
5688,7,7,12.575596616479647,1.4244033835203531,0.8982569011771177,0.9881005426086076,2.0,2.0,False,main,False
5688,8,8,13.575596616479647,1.4244033835203531,0.9050397744319765,0.9889592300881731,1.0,1.0,False,main,False
5688,9,9,14.575596616479647,1.4244033835203531,0.9109747885299779,0.989702306420975,-1.0,-1.0,True,main,False
7656,1,1,6.483357125435702,1.5166428745642988,0.8104196406794627,0.9734570670870871,17.0,8.0,False,main,True
7656,2,2,7.483357125435702,1.5166428745642988,0.8314841250484113,0.9768526818338309,13.0,7.0,False,main,False
7656,3,3,8.483357125435703,1.5166428745642988,0.8483357125435701,0.9794774766703892,11.0,6.0,False,main,False
7656,4,4,9.483357125435703,1.5166428745642988,0.8621233750396092,0.9815673060578451,8.0,5.0,False,main,False
7656,5,5,10.483357125435703,1.5166428745642988,0.8736130937863085,0.9832706656175757,6.0,4.0,False,main,False
7656,6,6,11.483357125435703,1.5166428745642988,0.8833351634950539,0.9846857257839594,4.0,3.0,False,main,False
7656,7,7,12.483357125435703,1.5166428745642988,0.8916683661025501,0.9858799924705616,2.0,2.0,False,main,False
7656,8,8,13.483357125435703,1.5166428745642988,0.8988904750290467,0.9869014161025611,1.0,1.0,False,main,False
7656,9,9,14.483357125435703,1.5166428745642988,0.9052098203397314,0.9877849963097103,-1.0,-1.0,True,main,False
10412,0,1,5.146761632927869,2.853238367072131,0.6433452041159836,0.8837359544430904,53.0,16.0,False,main,True
10412,0,2,5.146761632927869,3.853238367072131,0.5718624036586522,0.8200377719154611,93.0,23.0,False,main,False
10412,0,3,5.146761632927869,4.853238367072131,0.5146761632927869,0.7614423960057729,162.0,32.0,False,main,True
10412,0,4,5.146761632927869,5.853238367072131,0.46788742117526083,0.7089001008795816,285.0,43.0,False,main,True
10412,0,5,5.146761632927869,6.853238367072131,0.42889680274398906,0.6621560347740179,516.0,58.0,False,main,True
227,1,1,6.323739502586656,1.676260497413344,0.790467437823332,0.9654268949925404,19.0,9.0,False,main,True
227,2,2,7.323739502586656,1.676260497413344,0.8137488336207395,0.9698839257421671,15.0,7.0,False,main,True
227,3,3,8.323739502586655,1.676260497413344,0.8323739502586657,0.9733219539277245,11.0,6.0,False,main,False
227,4,4,9.323739502586655,1.676260497413344,0.8476126820533324,0.9760548544355583,9.0,5.0,False,main,False
227,5,5,10.323739502586655,1.676260497413344,0.8603116252155547,0.9782795162901678,7.0,4.0,False,main,False
227,6,6,11.323739502586655,1.676260497413344,0.8710568848143582,0.9801257292526188,4.0,3.0,False,main,False
227,7,7,12.323739502586655,1.676260497413344,0.8802671073276183,0.9816825368484176,3.0,2.0,False,main,False
227,8,8,13.323739502586655,1.676260497413344,0.8882493001724437,0.9830130689165827,1.0,1.0,False,main,False
227,9,9,14.323739502586655,1.676260497413344,0.895233718911666,0.984163332361203,-1.0,-1.0,True,main,False
3866,0,1,5.250608679223738,2.749391320776262,0.6563260849029673,0.8922982508489574,48.0,16.0,False,main,True
6321,0,1,5.3354670527940184,2.664532947205982,0.6669333815992523,0.8991199467859603,45.0,15.0,False,main,True
3880,0,1,5.186859231267751,2.8131407687322496,0.6483574039084689,0.8870696416280233,51.0,16.0,False,main,True
1306,0,1,5.3134574171060605,2.686542582893939,0.6641821771382576,0.8973659327508252,46.0,15.0,False,main,True
8388,0,1,5.521045117683499,2.4789548823165,0.6901306397104374,0.9134719542614607,39.0,15.0,False,main,True
8388,0,2,5.521045117683499,3.4789548823165,0.6134494575203888,0.8516129688036298,68.0,21.0,False,main,False
8388,0,3,5.521045117683499,4.478954882316501,0.55210451176835,0.793052464628515,114.0,28.0,False,main,True
8388,0,4,5.521045117683499,5.478954882316501,0.5019131925166818,0.7397827392978333,190.0,38.0,False,main,True
568,1,1,6.369335953050347,1.6306640469496534,0.7961669941312933,0.967809780084208,18.0,9.0,False,main,True
568,2,2,7.369335953050347,1.6306640469496534,0.8188151058944829,0.9719505854867005,14.0,7.0,False,main,True
568,3,3,8.369335953050346,1.6306640469496534,0.8369335953050345,0.9751466019410436,11.0,6.0,False,main,False
568,4,4,9.369335953050346,1.6306640469496534,0.8517578139136678,0.977688293936593,9.0,5.0,False,main,False
568,5,5,10.369335953050346,1.6306640469496534,0.8641113294208621,0.9797580583370595,6.0,4.0,False,main,False
568,6,6,11.369335953050346,1.6306640469496534,0.8745643040807958,0.9814762303820286,4.0,3.0,False,main,False
568,7,7,12.369335953050346,1.6306640469496534,0.8835239966464533,0.9829254214108323,3.0,2.0,False,main,False
568,8,8,13.369335953050346,1.6306640469496534,0.8912890635366897,0.9841642324211042,1.0,1.0,False,main,False
568,9,9,14.369335953050346,1.6306640469496534,0.8980834970656466,0.9852353889463428,-1.0,-1.0,True,main,False
2645,0,1,5.2355454641519374,2.7644545358480626,0.6544431830189922,0.8910707674848709,49.0,16.0,False,main,True
6218,0,1,5.175369357692477,2.8246306423075227,0.6469211697115597,0.8861179096913141,51.0,16.0,False,main,True
2,1,1,6.258119557863626,1.7418804421363738,0.7822649447329533,0.9618775952681619,20.0,9.0,False,main,True
2,2,2,7.258119557863626,1.7418804421363738,0.806457728651514,0.9668075242962244,15.0,8.0,False,main,False
2,3,3,8.258119557863626,1.7418804421363738,0.8258119557863626,0.9706070561205714,12.0,6.0,False,main,False
2,4,4,9.258119557863626,1.7418804421363738,0.841647232533057,0.9736253265297712,9.0,5.0,False,main,False
2,5,5,10.258119557863626,1.7418804421363738,0.8548432964886356,0.9760810090164497,7.0,4.0,False,main,False
2,6,6,11.258119557863626,1.7418804421363738,0.8660091967587404,0.9781180833646965,5.0,3.0,False,main,False
2,7,7,12.258119557863626,1.7418804421363738,0.8755799684188305,0.9798352351667652,3.0,2.0,False,main,False
2,8,8,13.258119557863626,1.7418804421363738,0.8838746371909084,0.9813023763899943,1.0,1.0,False,main,False
2,9,9,14.258119557863626,1.7418804421363738,0.8911324723664766,0.9825704238696291,-1.0,-1.0,True,main,False
1250,1,1,6.4333135363721246,1.5666864636278757,0.8041641920465156,0.9710343821021243,17.0,9.0,False,main,True
4875,1,1,6.5190416572042915,1.4809583427957087,0.8148802071505364,0.9751297049617857,17.0,8.0,False,main,True
7634,0,1,5.54465998736369,2.45534001263631,0.6930824984204612,0.9152409222982788,39.0,14.0,False,main,True
7634,0,2,5.54465998736369,3.45534001263631,0.6160733319292988,0.8535349140756382,67.0,20.0,False,main,False
7634,0,3,5.54465998736369,4.455340012636309,0.5544659987363689,0.7949955445054726,112.0,28.0,False,main,False
7634,0,4,5.54465998736369,5.455340012636309,0.5040599988512445,0.7416911519279132,186.0,37.0,False,main,True
7634,0,5,5.54465998736369,6.455340012636309,0.46205499894697416,0.6938382601503983,313.0,49.0,False,main,True
1763,0,1,5.37215536183209,2.6278446381679097,0.6715194202290112,0.902019640328818,44.0,15.0,False,main,True
4031,1,1,6.285772909429288,1.714227090570712,0.785721613678661,0.9633903401405739,19.0,9.0,False,main,True
1818,1,1,6.181844881357516,1.8181551186424847,0.7727306101696895,0.9575797083585658,21.0,9.0,False,main,True
7530,1,1,6.3950754488337465,1.604924551166253,0.7993844311042183,0.9691240100913425,18.0,9.0,False,main,True
7530,2,2,7.3950754488337465,1.604924551166253,0.8216750498704163,0.9730908543156978,14.0,7.0,False,main,True
7530,3,3,8.395075448833747,1.604924551166253,0.8395075448833748,0.9761536389070249,11.0,6.0,False,main,False
7530,4,4,9.395075448833747,1.604924551166253,0.8540977680757952,0.9785900089009658,9.0,5.0,False,main,False
7530,5,5,10.395075448833747,1.604924551166253,0.8662562874028122,0.9805744151672261,6.0,4.0,False,main,False
7530,6,6,11.395075448833747,1.604924551166253,0.8765442652949036,0.9822220039623111,4.0,3.0,False,main,False
7530,7,7,12.395075448833747,1.604924551166253,0.8853625320595534,0.9836118536444811,2.0,2.0,False,main,False
7530,8,8,13.395075448833747,1.604924551166253,0.8930050299222498,0.9848000760864373,1.0,1.0,False,main,False
7530,9,9,14.395075448833747,1.604924551166253,0.8996922155521092,0.9858275923721268,-1.0,-1.0,True,main,False
11438,1,1,6.389538211596091,1.6104617884039092,0.7986922764495114,0.9688431912282317,18.0,9.0,False,main,True
11438,2,2,7.389538211596091,1.6104617884039092,0.8210598012884546,0.9728471796858094,14.0,7.0,False,main,False
11438,3,3,8.38953821159609,1.6104617884039092,0.838953821159609,0.9759384178371128,11.0,6.0,False,main,False
11438,4,4,9.38953821159609,1.6104617884039092,0.8535943828723718,0.9783972843680196,9.0,5.0,False,main,False
11438,5,5,10.38953821159609,1.6104617884039092,0.8657948509663408,0.9803999251820472,6.0,4.0,False,main,False
11438,6,6,11.38953821159609,1.6104617884039092,0.87611832396893,0.9820625937543292,4.0,3.0,False,main,False
11438,7,7,12.38953821159609,1.6104617884039092,0.8849670151140064,0.9834651224732938,3.0,2.0,False,main,False
11438,8,8,13.38953821159609,1.6104617884039092,0.8926358807730727,0.9846641545517042,1.0,1.0,False,main,False
11438,9,9,14.38953821159609,1.6104617884039092,0.8993461382247556,0.9857009963174208,-1.0,-1.0,True,main,False
6717,1,1,6.42903217934325,1.5709678206567497,0.8036290224179062,0.9708230103071123,17.0,9.0,False,main,True
6717,2,2,7.42903217934325,1.5709678206567497,0.8254480199270278,0.9745654431284796,14.0,7.0,False,main,True
6717,3,3,8.429032179343249,1.5709678206567497,0.8429032179343251,0.9774562534673865,11.0,6.0,False,main,False
6717,4,4,9.429032179343249,1.5709678206567497,0.8571847435766592,0.979756612324757,8.0,5.0,False,main,False
6717,5,5,10.429032179343249,1.5709678206567497,0.8690860149452708,0.9816307485158797,6.0,4.0,False,main,False
6717,6,6,11.429032179343249,1.5709678206567497,0.8791563214879423,0.9831871275153807,4.0,3.0,False,main,False
6717,7,7,12.429032179343249,1.5709678206567497,0.8877880128102322,0.984500276029156,2.0,2.0,False,main,False
6717,8,8,13.429032179343249,1.5709678206567497,0.8952688119562167,0.9856230974081902,1.0,1.0,False,main,False
6717,9,9,14.429032179343249,1.5709678206567497,0.9018145112089532,0.9865941857459805,-1.0,-1.0,True,main,False
7179,0,1,5.222470826205375,2.7775291737946253,0.6528088532756718,0.8900013199135308,49.0,16.0,False,main,True
4704,0,1,5.368519798875402,2.6314802011245972,0.6710649748594253,0.9017336521746755,44.0,15.0,False,main,True
4878,0,1,5.322179296533427,2.677820703466572,0.6652724120666784,0.8980622972235962,46.0,15.0,False,main,True
10368,1,1,6.235197978007928,1.7648020219920715,0.779399747250991,0.9606051980264827,20.0,9.0,False,main,True
10368,2,2,7.235197978007928,1.7648020219920715,0.8039108864453254,0.9657051922698878,15.0,8.0,False,main,False
10368,3,3,8.235197978007928,1.7648020219920715,0.8235197978007929,0.9696346115907795,12.0,6.0,False,main,False
10368,4,4,9.235197978007928,1.7648020219920715,0.8395634525461753,0.9727553445658634,9.0,5.0,False,main,False
10368,5,5,10.235197978007928,1.7648020219920715,0.8529331648339941,0.9752939308971338,7.0,4.0,False,main,False
10368,6,6,11.235197978007928,1.7648020219920715,0.8642459983083022,0.9773994680008489,5.0,3.0,False,main,False
10368,7,7,12.235197978007928,1.7648020219920715,0.873942712714852,0.9791741155026594,3.0,2.0,False,main,False
10368,8,8,13.235197978007928,1.7648020219920715,0.8823465318671952,0.9806902270401248,1.0,1.0,False,main,False
10368,9,9,14.235197978007928,1.7648020219920715,0.8896998736254955,0.9820004859433283,-1.0,-1.0,True,main,False
11027,0,1,5.4481846116249315,2.5518153883750685,0.6810230764531164,0.9079315608042526,42.0,15.0,False,main,True
11027,0,2,5.4481846116249315,3.5518153883750685,0.6053538457361035,0.8456297972713818,72.0,21.0,False,main,False
11027,0,3,5.4481846116249315,4.5518153883750685,0.5448184611624931,0.7870187952455547,122.0,29.0,False,main,True
11027,0,4,5.4481846116249315,5.5518153883750685,0.49528951014772105,0.7338646496362515,205.0,39.0,False,main,True
1366,1,1,6.244645668643575,1.7553543313564248,0.7805807085804469,0.9611316648651519,20.0,9.0,False,main,True
8185,0,1,5.374837161936467,2.6251628380635332,0.6718546452420584,0.9022304103486912,44.0,15.0,False,main,True
8185,0,2,5.374837161936467,3.6251628380635332,0.597204129104052,0.8395260379525373,77.0,21.0,False,main,False
8185,0,3,5.374837161936467,4.625162838063533,0.5374837161936468,0.7808861498974347,130.0,30.0,False,main,True
8185,0,4,5.374837161936467,5.625162838063533,0.48862156017604247,0.7278613084531922,221.0,40.0,False,main,True
7618,1,1,6.165060198077602,1.8349398019223981,0.7706325247597002,0.9566097235692654,21.0,9.0,False,main,True
7618,2,2,7.165060198077602,1.8349398019223981,0.7961177997864002,0.962245527114697,16.0,8.0,False,main,False
7618,3,3,8.165060198077601,1.8349398019223981,0.81650601980776,0.9665837761706777,12.0,6.0,False,main,False
7618,4,4,9.165060198077601,1.8349398019223981,0.8331872907343274,0.9700267818467796,10.0,5.0,False,main,False
7618,5,5,10.165060198077601,1.8349398019223981,0.8470883498398001,0.9728259746907288,7.0,4.0,False,main,False
7618,6,6,11.165060198077601,1.8349398019223981,0.8588507844675077,0.9751466244708102,5.0,3.0,False,main,False
7618,7,7,12.165060198077601,1.8349398019223981,0.8689328712912572,0.9771018578015819,3.0,2.0,False,main,False
7618,8,8,13.165060198077601,1.8349398019223981,0.8776706798718401,0.978771729816199,1.0,1.0,False,main,False
7618,9,9,14.165060198077601,1.8349398019223981,0.8853162623798501,0.9802144918323786,-1.0,-1.0,True,main,False
10240,1,1,6.237682370654237,1.7623176293457634,0.7797102963317796,0.9607439124858035,20.0,9.0,False,main,True
10240,2,2,7.237682370654237,1.7623176293457634,0.8041869300726929,0.9658253530250789,15.0,8.0,False,main,False
10240,3,3,8.237682370654237,1.7623176293457634,0.8237682370654238,0.9697406049096565,12.0,6.0,False,main,False
10240,4,4,9.237682370654237,1.7623176293457634,0.8397893064231124,0.9728501635883106,9.0,5.0,False,main,False
10240,5,5,10.237682370654237,1.7623176293457634,0.8531401975545198,0.9753797097690572,7.0,4.0,False,main,False
10240,6,6,11.237682370654237,1.7623176293457634,0.8644371054349413,0.977477782179323,5.0,3.0,False,main,False
10240,7,7,12.237682370654237,1.7623176293457634,0.8741201693324455,0.9792461612721232,3.0,2.0,False,main,False
10240,8,8,13.237682370654237,1.7623176293457634,0.8825121580436158,0.9807569342381955,1.0,1.0,False,main,False
10240,9,9,14.237682370654237,1.7623176293457634,0.8898551481658898,0.9820625916683877,-1.0,-1.0,True,main,False
3207,0,1,5.332753634165888,2.667246365834112,0.666594204270736,0.8989042903945387,45.0,15.0,False,main,True
7299,1,1,6.427800032472144,1.5721999675278566,0.803475004059018,0.970762060198342,17.0,9.0,False,main,True
4534,1,1,6.521945878333683,1.4780541216663177,0.8152432347917103,0.975263789327169,17.0,8.0,False,main,True
11734,0,1,5.236982377128936,2.7630176228710632,0.654622797141117,0.891188073523185,49.0,16.0,False,main,True
8871,1,1,6.412824054685526,1.5871759453144743,0.8016030068356907,0.9700170252480756,18.0,9.0,False,main,True
37,0,1,5.291840202830885,2.708159797169115,0.6614800253538606,0.8956327084837798,47.0,15.0,False,main,True
5736,0,1,5.283085721673526,2.716914278326474,0.6603857152091908,0.8949278496367076,47.0,15.0,False,main,True
6366,0,1,5.536723537566352,2.4632764624336483,0.692090442195794,0.9146478835704387,39.0,14.0,False,main,True
10920,1,1,6.417882292084345,1.5821177079156548,0.8022352865105431,0.9702695370995201,18.0,9.0,False,main,True
10920,2,2,7.417882292084345,1.5821177079156548,0.8242091435649272,0.9740850149052598,14.0,7.0,False,main,False
10920,3,3,8.417882292084345,1.5821177079156548,0.8417882292084344,0.9770318151620839,11.0,6.0,False,main,False
10920,4,4,9.417882292084345,1.5821177079156548,0.8561711174622132,0.9793764632103297,8.0,5.0,False,main,False
10920,5,5,10.417882292084345,1.5821177079156548,0.8681568576736954,0.9812865115558793,6.0,4.0,False,main,False
10920,6,6,11.417882292084345,1.5821177079156548,0.878298637852642,0.9828725986053473,4.0,3.0,False,main,False
10920,7,7,12.417882292084345,1.5821177079156548,0.886991592291739,0.9842107318653247,2.0,2.0,False,main,False
10920,8,8,13.417882292084345,1.5821177079156548,0.8945254861389563,0.9853548587364295,1.0,1.0,False,main,False
10920,9,9,14.417882292084345,1.5821177079156548,0.9011176432552715,0.9863443306409097,-1.0,-1.0,True,main,False
1463,0,1,5.194998292896489,2.8050017071035103,0.6493747866120612,0.8877420970965967,51.0,16.0,False,main,True
6268,1,1,6.25326291828515,1.7467370817148504,0.7816578647856437,0.9616093911670492,20.0,9.0,False,main,True
8839,0,1,5.257555629275509,2.742444370724491,0.6571944536594386,0.8928626777110509,48.0,16.0,False,main,True
4142,1,1,6.352710658353364,1.6472893416466357,0.7940888322941705,0.9669489875792869,18.0,9.0,False,main,True
8934,0,1,5.215260129237019,2.784739870762981,0.6519075161546274,0.8894099265573667,50.0,16.0,False,main,True
8940,1,1,6.4916320894126684,1.5083679105873318,0.8114540111765836,0.9738490538353078,17.0,8.0,False,main,True
7549,1,1,6.148229925532146,1.8517700744678542,0.7685287406915182,0.9556284921241439,21.0,9.0,False,main,True
10969,0,1,5.447338244452459,2.5526617555475406,0.6809172805565574,0.9078664772723728,42.0,15.0,False,main,True
10969,0,2,5.447338244452459,3.5526617555475406,0.6052598049391622,0.8455598246788423,72.0,21.0,False,main,False
10969,0,3,5.447338244452459,4.552661755547541,0.544733824445246,0.7869483649361886,122.0,29.0,False,main,False
10969,0,4,5.447338244452459,5.552661755547541,0.49521256767749633,0.73379563775437,205.0,39.0,False,main,True
10969,0,5,5.447338244452459,6.552661755547541,0.4539448537043716,0.6861911951652513,350.0,51.0,False,main,True
328,1,1,6.348901615735905,1.651098384264095,0.7936127019669881,0.9667504634945526,18.0,9.0,False,main,True
7119,0,1,5.564653929950298,2.4353460700497025,0.6955817412437872,0.9167282953307985,38.0,14.0,False,main,True
3354,1,1,6.394540539980871,1.6054594600191292,0.7993175674976088,0.9690969282003893,18.0,9.0,False,main,True
8017,0,1,5.357417468529947,2.642582531470053,0.6696771835662434,0.9008584533667563,44.0,15.0,False,main,True
8017,0,2,5.357417468529947,3.642582531470053,0.5952686076144386,0.8380646272813327,78.0,22.0,False,main,False
8017,0,3,5.357417468529947,4.642582531470053,0.5357417468529947,0.7794210479952087,132.0,30.0,False,main,True
8017,0,4,5.357417468529947,5.642582531470053,0.48703795168454067,0.7264287984791477,225.0,40.0,False,main,True
3157,1,1,6.481108381303765,1.5188916186962351,0.8101385476629707,0.9733501173011175,17.0,8.0,False,main,True
2384,1,1,6.529306214097134,1.4706937859028666,0.8161632767621417,0.9756022165604477,16.0,8.0,False,main,True
4008,1,1,6.4829184076263235,1.517081592373676,0.8103648009532904,0.9734362160444581,17.0,8.0,False,main,True
2490,0,1,5.488644499070308,2.5113555009296924,0.6860805623837885,0.9110234700309412,40.0,15.0,False,main,True
6430,0,1,5.431449676012838,2.568550323987162,0.6789312095016048,0.9066416236028685,42.0,15.0,False,main,True
11506,1,1,6.436638101695417,1.5633618983045836,0.8045797627119271,0.9711980743842045,17.0,9.0,False,main,True
11506,2,2,7.436638101695417,1.5633618983045836,0.8262931224106018,0.9748910412525866,14.0,7.0,False,main,True
11506,3,3,8.436638101695417,1.5633618983045836,0.8436638101695417,0.9777439281027176,11.0,6.0,False,main,False
11506,4,4,9.436638101695417,1.5633618983045836,0.8578761910632197,0.9800142843479548,8.0,5.0,False,main,False
11506,5,5,10.436638101695417,1.5633618983045836,0.8697198418079514,0.9818640899683396,6.0,4.0,False,main,False
11506,6,6,11.436638101695417,1.5633618983045836,0.879741392438109,0.9834003398384346,4.0,3.0,False,main,False
11506,7,7,12.436638101695417,1.5633618983045836,0.8883312929782441,0.9846965582807727,2.0,2.0,False,main,False
11506,8,8,13.436638101695417,1.5633618983045836,0.8957758734463611,0.9858049417905145,1.0,1.0,False,main,False
11506,9,9,14.436638101695417,1.5633618983045836,0.9022898813559636,0.9867635716536208,-1.0,-1.0,True,main,False
2740,1,1,6.303496963634939,1.696503036365061,0.7879371204543674,0.9643469294337546,19.0,9.0,False,main,True
5086,1,1,6.573863512173278,1.4261364878267222,0.8217329390216598,0.9776079321424573,16.0,8.0,False,main,True
5086,2,2,7.573863512173278,1.4261364878267222,0.8415403902414753,0.9804598490133446,13.0,7.0,False,main,True
5086,3,3,8.57386351217328,1.4261364878267222,0.8573863512173278,0.9826670126672282,10.0,6.0,False,main,False
5086,4,4,9.57386351217328,1.4261364878267222,0.8703512283793888,0.9844259543750592,8.0,5.0,False,main,False
5086,5,5,10.57386351217328,1.4261364878267222,0.8811552926811065,0.9858606703742493,6.0,4.0,False,main,False
5086,6,6,11.57386351217328,1.4261364878267222,0.8902971932440983,0.9870532685115829,4.0,3.0,False,main,False
5086,7,7,12.57386351217328,1.4261364878267222,0.898133108012377,0.9880602835484898,2.0,2.0,False,main,False
5086,8,8,13.57386351217328,1.4261364878267222,0.9049242341448852,0.9889219162458645,1.0,1.0,False,main,False
5086,9,9,14.57386351217328,1.4261364878267222,0.91086646951083,0.989667536115132,-1.0,-1.0,True,main,False
10504,1,1,6.222252110080996,1.7777478899190045,0.7777815137601245,0.9598792312374463,20.0,9.0,False,main,True
10504,2,2,7.222252110080996,1.7777478899190045,0.8024724566756662,0.9650763804750535,16.0,8.0,False,main,False
10504,3,3,8.222252110080996,1.7777478899190045,0.8222252110080996,0.9690799746245519,12.0,6.0,False,main,False
10504,4,4,9.222252110080996,1.7777478899190045,0.8383865554619088,0.9722592045423951,9.0,5.0,False,main,False
10504,5,5,10.222252110080996,1.7777478899190045,0.8518543425067496,0.9748451112001627,7.0,4.0,False,main,False
10504,6,6,11.222252110080996,1.7777478899190045,0.8632501623139228,0.9769897190021204,5.0,3.0,False,main,False
10504,7,7,12.222252110080996,1.7777478899190045,0.8730180078629283,0.9787971737310693,3.0,2.0,False,main,False
10504,8,8,13.222252110080996,1.7777478899190045,0.8814834740053997,0.9803412245150489,1.0,1.0,False,main,False
10504,9,9,14.222252110080996,1.7777478899190045,0.8888907568800622,0.9816755640220505,-1.0,-1.0,True,main,False
8908,1,1,6.168643974127612,1.8313560258723884,0.7710804967659515,0.9568175520855244,21.0,9.0,False,main,True
8866,1,1,6.296280660484983,1.703719339515017,0.7870350825606228,0.9639586888381713,19.0,9.0,False,main,True
8866,2,2,7.296280660484983,1.703719339515017,0.810697851164998,0.9686110697615891,15.0,7.0,False,main,False
8866,3,3,8.296280660484982,1.703719339515017,0.8296280660484984,0.972198490972463,12.0,6.0,False,main,False
8866,4,4,9.296280660484982,1.703719339515017,0.845116423680453,0.9750493571910512,9.0,5.0,False,main,False
8866,5,5,10.296280660484982,1.703719339515017,0.8580233883737486,0.9773695403535634,7.0,4.0,False,main,False
8866,6,6,11.296280660484982,1.703719339515017,0.8689446661911525,0.9792946846708216,5.0,3.0,False,main,False
8866,7,7,12.296280660484982,1.703719339515017,0.878305761463213,0.9809178134356749,3.0,2.0,False,main,False
8866,8,8,13.296280660484982,1.703719339515017,0.8864187106989989,0.9823048567802587,1.0,1.0,False,main,False
8866,9,9,14.296280660484982,1.703719339515017,0.8935175412803115,0.9835038494647507,-1.0,-1.0,True,main,False
1563,0,1,5.253056773671951,2.746943226328049,0.6566320967089939,0.8924972745918698,48.0,16.0,False,main,True
3173,0,1,5.187285197508649,2.8127148024913513,0.6484106496885811,0.8871048707126503,51.0,16.0,False,main,True
6017,1,1,6.536875050575344,1.4631249494246559,0.817109381321918,0.9759481438572276,16.0,8.0,False,main,True
5549,0,1,5.183541623986565,2.8164583760134354,0.6479427029983206,0.8867951286380108,51.0,16.0,False,main,True
5394,0,1,5.580635404316434,2.4193645956835663,0.6975794255395542,0.9179103048610763,38.0,14.0,False,main,True
6406,1,1,6.492051313426899,1.5079486865731013,0.8115064141783623,0.9738688467695282,17.0,8.0,False,main,True
6406,2,2,7.492051313426899,1.5079486865731013,0.832450145936322,0.9772103674186767,13.0,7.0,False,main,True
6406,3,3,8.492051313426899,1.5079486865731013,0.8492051313426898,0.979793644590329,11.0,6.0,False,main,False
6406,4,4,9.492051313426899,1.5079486865731013,0.8629137557660816,0.9818506000960577,8.0,5.0,False,main,False
6406,5,5,10.492051313426899,1.5079486865731013,0.8743376094522416,0.9835272828512147,6.0,4.0,False,main,False
6406,6,6,11.492051313426899,1.5079486865731013,0.8840039471866845,0.984920260900751,4.0,3.0,False,main,False
6406,7,7,12.492051313426899,1.5079486865731013,0.8922893795304928,0.9860959466412025,2.0,2.0,False,main,False
6406,8,8,13.492051313426899,1.5079486865731013,0.8994700875617933,0.9871015186248031,1.0,1.0,False,main,False
6406,9,9,14.492051313426899,1.5079486865731013,0.9057532070891812,0.9879714160509073,-1.0,-1.0,True,main,False
9898,1,1,6.5048624954720315,1.4951375045279682,0.8131078119340039,0.974470632486079,17.0,8.0,False,main,True
9898,2,2,7.5048624954720315,1.4951375045279682,0.8338736106080035,0.9777331598671936,13.0,7.0,False,main,False
9898,3,3,8.504862495472032,1.4951375045279682,0.8504862495472032,0.9802557959294368,10.0,6.0,False,main,False
9898,4,4,9.504862495472032,1.4951375045279682,0.8640784086792757,0.9822647275734891,8.0,5.0,False,main,False
9898,5,5,10.504862495472032,1.4951375045279682,0.8754052079560027,0.9839024343857792,6.0,4.0,False,main,False
9898,6,6,11.504862495472032,1.4951375045279682,0.8849894227286179,0.9852631461144757,4.0,3.0,False,main,False
9898,7,7,12.504862495472032,1.4951375045279682,0.893204463962288,0.9864116790623022,2.0,2.0,False,main,False
9898,8,8,13.504862495472032,1.4951375045279682,0.9003241663648022,0.9873940849434312,1.0,1.0,False,main,False
9898,9,9,14.504862495472032,1.4951375045279682,0.906553905967002,0.9882439846688659,-1.0,-1.0,True,main,False
3383,1,1,6.528974239367188,1.4710257606328123,0.8161217799208985,0.9755869954325369,16.0,8.0,False,main,True
8474,1,1,6.160181353226811,1.8398186467731894,0.7700226691533514,0.9563261637166285,21.0,9.0,False,main,True
8474,2,2,7.160181353226811,1.8398186467731894,0.7955757059140901,0.9620000950587811,16.0,8.0,False,main,False
8474,3,3,8.160181353226811,1.8398186467731894,0.8160181353226811,0.9663674136527641,13.0,6.0,False,main,False
8474,4,4,9.160181353226811,1.8398186467731894,0.8327437593842556,0.9698333209342533,10.0,5.0,False,main,False
8474,5,5,10.160181353226811,1.8398186467731894,0.8466817794355675,0.9726510247778923,7.0,4.0,False,main,False
8474,6,6,11.160181353226811,1.8398186467731894,0.8584754887097547,0.9749869485249402,5.0,3.0,False,main,False
8474,7,7,12.160181353226811,1.8398186467731894,0.8685843823733437,0.9769550004163493,3.0,2.0,False,main,False
8474,8,8,13.160181353226811,1.8398186467731894,0.877345423548454,0.9786357841087205,1.0,1.0,False,main,False
8474,9,9,14.160181353226811,1.8398186467731894,0.8850113345766757,0.9800879472683173,-1.0,-1.0,True,main,False
10462,0,1,5.184422737783634,2.8155772622163666,0.6480528422229542,0.8868680588802007,51.0,16.0,False,main,True
10462,0,2,5.184422737783634,3.8155772622163666,0.5760469708648482,0.8233082933289853,90.0,23.0,False,main,False
10462,0,3,5.184422737783634,4.815577262216367,0.5184422737783634,0.7646919889106047,156.0,32.0,False,main,True
10462,0,4,5.184422737783634,5.815577262216367,0.47131115798033035,0.7120617936726252,272.0,43.0,False,main,True
12070,0,1,5.431605006294197,2.5683949937058026,0.6789506257867747,0.9066536261528562,42.0,15.0,False,main,True
4605,1,1,6.410015320160607,1.589984679839393,0.8012519150200759,0.9698764281264104,18.0,9.0,False,main,True
5965,1,1,6.318206212686164,1.6817937873138362,0.7897757765857705,0.9651330233914153,19.0,9.0,False,main,True
3295,1,1,6.49216530704814,1.5078346929518602,0.8115206633810175,0.9738742276814744,17.0,8.0,False,main,True
3295,2,2,7.49216530704814,1.5078346929518602,0.8324628118942378,0.9772150416832921,13.0,7.0,False,main,True
3295,3,3,8.49216530704814,1.5078346929518602,0.849216530704814,0.9797977764491153,11.0,6.0,False,main,False
3295,4,4,9.49216530704814,1.5078346929518602,0.8629241188225582,0.9818543024462001,8.0,5.0,False,main,False
3295,5,5,10.49216530704814,1.5078346929518602,0.8743471089206784,0.9835306366409919,6.0,4.0,False,main,False
3295,6,6,11.49216530704814,1.5078346929518602,0.88401271592678,0.9849233261520511,4.0,3.0,False,main,False
3295,7,7,12.49216530704814,1.5078346929518602,0.89229752193201,0.9860987690937701,2.0,2.0,False,main,False
3295,8,8,13.49216530704814,1.5078346929518602,0.8994776871365426,0.9871041339363608,1.0,1.0,False,main,False
3295,9,9,14.49216530704814,1.5078346929518602,0.9057603316905087,0.9879738525584909,-1.0,-1.0,True,main,False
3521,0,1,5.280024814426865,2.7199751855731353,0.6600031018033581,0.8946810044766044,47.0,16.0,False,main,True
6594,1,1,6.261464823797373,1.738535176202627,0.7826831029746716,0.9620618975980633,19.0,9.0,False,main,True
6594,2,2,7.261464823797373,1.738535176202627,0.8068294248663748,0.9669672164120927,15.0,8.0,False,main,True
6594,3,3,8.261464823797372,1.738535176202627,0.8261464823797373,0.9707479470644677,12.0,6.0,False,main,False
6594,4,4,9.261464823797372,1.738535176202627,0.841951347617943,0.9737513830117793,9.0,5.0,False,main,False
6594,5,5,10.261464823797372,1.738535176202627,0.8551220686497811,0.9761950608098127,7.0,4.0,False,main,False
6594,6,6,11.261464823797372,1.738535176202627,0.8662665249074902,0.9782222202974359,5.0,3.0,False,main,False
6594,7,7,12.261464823797372,1.738535176202627,0.8758189159855266,0.9799310446191518,3.0,2.0,False,main,False
6594,8,8,13.261464823797372,1.738535176202627,0.8840976549198248,0.9813910925213005,1.0,1.0,False,main,False
6594,9,9,14.261464823797372,1.738535176202627,0.8913415514873358,0.9826530252415054,-1.0,-1.0,True,main,False
1327,0,1,5.451459249189902,2.5485407508100977,0.6814324061487378,0.9081832165746571,41.0,15.0,False,main,True
3375,0,1,5.477647418120635,2.5223525818793644,0.6847059272650794,0.9101868464417588,41.0,15.0,False,main,True
10898,1,1,6.555420547982967,1.4445794520170332,0.8194275684978709,0.9767867493369267,16.0,8.0,False,main,True
10898,2,2,7.555420547982967,1.4445794520170332,0.8394911719981075,0.9797459438256961,13.0,7.0,False,main,False
10898,3,3,8.555420547982967,1.4445794520170332,0.8555420547982967,0.9820355713537686,10.0,6.0,False,main,False
10898,4,4,9.555420547982967,1.4445794520170332,0.8686745952711789,0.9838598856825984,8.0,5.0,False,main,False
10898,5,5,10.555420547982967,1.4445794520170332,0.8796183789985806,0.9853477005108546,6.0,4.0,False,main,False
10898,6,6,11.555420547982967,1.4445794520170332,0.8888785036909975,0.986584285303976,4.0,3.0,False,main,False
10898,7,7,12.555420547982967,1.4445794520170332,0.8968157534273548,0.9876283360032223,2.0,2.0,False,main,False
10898,8,8,13.555420547982967,1.4445794520170332,0.9036947031988645,0.9885215809483525,1.0,1.0,False,main,False
10898,9,9,14.555420547982967,1.4445794520170332,0.9097137842489355,0.9892945000354063,-1.0,-1.0,True,main,False
9490,0,1,5.222459826191488,2.7775401738085113,0.652807478273936,0.8900004185952328,49.0,16.0,False,main,True
9490,0,2,5.222459826191488,3.7775401738085113,0.5802733140212765,0.8265904945595486,87.0,23.0,False,main,False
9490,0,3,5.222459826191488,4.777540173808511,0.5222459826191488,0.7679584089077321,151.0,31.0,False,main,True
9490,0,4,5.222459826191488,5.777540173808511,0.4747690751083171,0.7152426976002427,261.0,42.0,False,main,True
9490,0,5,5.222459826191488,6.777540173808511,0.4352049855159574,0.6682689381249487,465.0,56.0,False,main,True
1459,1,1,6.55082439817615,1.4491756018238497,0.8188530497720188,0.9765801133040825,16.0,8.0,False,main,True
1459,2,2,7.55082439817615,1.4491756018238497,0.8389804886862389,0.9795663248002532,13.0,7.0,False,main,True
1459,3,3,8.55082439817615,1.4491756018238497,0.855082439817615,0.9818767154037387,10.0,6.0,False,main,False
1459,4,4,9.55082439817615,1.4491756018238497,0.8682567634705591,0.9837174865954598,8.0,5.0,False,main,False
1459,5,5,10.55082439817615,1.4491756018238497,0.8792353665146792,0.985218666620217,6.0,4.0,False,main,False
1459,6,6,11.55082439817615,1.4491756018238497,0.8885249537058577,0.9864663217821283,4.0,3.0,False,main,False
1459,7,7,12.55082439817615,1.4491756018238497,0.8964874570125821,0.9875196925800361,2.0,2.0,False,main,False
1459,8,8,13.55082439817615,1.4491756018238497,0.9033882932117433,0.9884208921829305,1.0,1.0,False,main,False
1459,9,9,14.55082439817615,1.4491756018238497,0.9094265248860094,0.9892006801685261,-1.0,-1.0,True,main,False
6602,1,1,6.413390077494226,1.5866099225057742,0.8016737596867782,0.9700453256707628,18.0,9.0,False,main,True
6602,2,2,7.413390077494226,1.5866099225057742,0.8237100086104695,0.9738904105449042,14.0,7.0,False,main,False
6602,3,3,8.413390077494226,1.5866099225057742,0.8413390077494226,0.9768599014081342,11.0,6.0,False,main,False
6602,4,4,9.413390077494226,1.5866099225057742,0.8557627343176569,0.979222496033836,8.0,5.0,False,main,False
6602,5,5,10.413390077494226,1.5866099225057742,0.8677825064578522,0.9811470950867553,6.0,4.0,False,main,False
6602,6,6,11.413390077494226,1.5866099225057742,0.8779530828841712,0.9827452181720585,4.0,3.0,False,main,False
6602,7,7,12.413390077494226,1.5866099225057742,0.8866707198210161,0.9840934732095818,2.0,2.0,False,main,False
6602,8,8,13.413390077494226,1.5866099225057742,0.8942260051662817,0.9852462308669702,1.0,1.0,False,main,False
6602,9,9,14.413390077494226,1.5866099225057742,0.9008368798433891,0.9862431495588169,-1.0,-1.0,True,main,False
5010,1,1,6.2258899785725985,1.7741100214274015,0.7782362473215748,0.9600837640257817,20.0,9.0,False,main,True
9993,1,1,6.1665376439458015,1.8334623560541987,0.7708172054932252,0.9566954502684566,21.0,9.0,False,main,True
9993,2,2,7.1665376439458015,1.8334623560541987,0.7962819604384224,0.9623197295136153,16.0,8.0,False,main,False
9993,3,3,8.166537643945802,1.8334623560541987,0.8166537643945802,0.966649191587926,12.0,6.0,False,main,False
9993,4,4,9.166537643945802,1.8334623560541987,0.8333216039950728,0.9700852743464654,10.0,5.0,False,main,False
9993,5,5,10.166537643945802,1.8334623560541987,0.8472114703288168,0.9728788712897911,7.0,4.0,False,main,False
9993,6,6,11.166537643945802,1.8334623560541987,0.858964434149677,0.9751949035846902,5.0,3.0,False,main,False
9993,7,7,12.166537643945802,1.8334623560541987,0.8690384031389858,0.977146261627053,3.0,2.0,False,main,False
9993,8,8,13.166537643945802,1.8334623560541987,0.8777691762630534,0.9788128347688879,1.0,1.0,False,main,False
9993,9,9,14.166537643945802,1.8334623560541987,0.8854086027466126,0.9802527545331527,-1.0,-1.0,True,main,False
5622,1,1,6.204636954039199,1.7953630459608014,0.7755796192548998,0.9588830017314541,20.0,9.0,False,main,True
10691,1,1,6.559592461148738,1.4404075388512618,0.8199490576435923,0.9769736267515744,16.0,8.0,False,main,True
10691,2,2,7.559592461148738,1.4404075388512618,0.8399547179054153,0.979908395371022,13.0,7.0,False,main,False
10691,3,3,8.559592461148739,1.4404075388512618,0.855959246114874,0.9821792495098758,10.0,6.0,False,main,False
10691,4,4,9.559592461148739,1.4404075388512618,0.8690538601044309,0.9839886830022728,8.0,5.0,False,main,False
10691,5,5,10.559592461148739,1.4404075388512618,0.8799660384290616,0.9854644119358313,6.0,4.0,False,main,False
10691,6,6,11.559592461148739,1.4404075388512618,0.8891994200883645,0.9866909855706644,4.0,3.0,False,main,False
10691,7,7,12.559592461148739,1.4404075388512618,0.8971137472249099,0.9877266076147863,2.0,2.0,False,main,False
10691,8,8,13.559592461148739,1.4404075388512618,0.9039728307432493,0.9886126585283717,1.0,1.0,False,main,False
10691,9,9,14.559592461148739,1.4404075388512618,0.9099745288217962,0.989379365363222,-1.0,-1.0,True,main,False
7691,1,1,6.155269193569837,1.8447308064301629,0.7694086491962296,0.9560399372116772,21.0,9.0,False,main,True
7691,2,2,7.155269193569837,1.8447308064301629,0.7950299103966486,0.9617523683558692,16.0,8.0,False,main,False
7691,3,3,8.155269193569836,1.8447308064301629,0.8155269193569836,0.9661490371216158,13.0,6.0,False,main,False
7691,4,4,9.155269193569836,1.8447308064301629,0.8322971994154397,0.9696380653229475,10.0,5.0,False,main,False
7691,5,5,10.155269193569836,1.8447308064301629,0.8462724327974863,0.9724744563154846,7.0,4.0,False,main,False
7691,6,6,11.155269193569836,1.8447308064301629,0.8580976302746028,0.9748257986348605,5.0,3.0,False,main,False
7691,7,7,12.155269193569836,1.8447308064301629,0.8682335138264169,0.9768067899364202,3.0,2.0,False,main,False
7691,8,8,13.155269193569836,1.8447308064301629,0.8770179462379891,0.9784985878165964,1.0,1.0,False,main,False
7691,9,9,14.155269193569836,1.8447308064301629,0.8847043245981148,0.9799602401746915,-1.0,-1.0,True,main,False
653,1,1,6.298881490542672,1.701118509457328,0.787360186317834,0.9640988102749055,19.0,9.0,False,main,True
9026,1,1,6.465331793653304,1.534668206346696,0.808166474206663,0.9725946883781049,17.0,8.0,False,main,True
9026,2,2,7.465331793653304,1.534668206346696,0.8294813104059227,0.9761037001866149,14.0,7.0,False,main,True
9026,3,3,8.465331793653304,1.534668206346696,0.8465331793653303,0.9788155047308806,11.0,6.0,False,main,False
9026,4,4,9.465331793653304,1.534668206346696,0.8604847085139368,0.980974214618253,8.0,5.0,False,main,False
9026,5,5,10.465331793653304,1.534668206346696,0.872110982804442,0.982733460883108,6.0,4.0,False,main,False
9026,6,6,11.465331793653304,1.534668206346696,0.8819485995117926,0.9841947760056325,4.0,3.0,False,main,False
9026,7,7,12.465331793653304,1.534668206346696,0.8903808424038074,0.9854279595903549,2.0,2.0,False,main,False
9026,8,8,13.465331793653304,1.534668206346696,0.8976887862435536,0.9864825807090197,1.0,1.0,False,main,False
9026,9,9,14.465331793653304,1.534668206346696,0.9040832371033315,0.9873948140025827,-1.0,-1.0,True,main,False
1561,1,1,6.509405340796144,1.4905946592038557,0.813675667599518,0.9746825920761867,17.0,8.0,False,main,True
1561,2,2,7.509405340796144,1.4905946592038557,0.8343783711995716,0.9779173140720068,13.0,7.0,False,main,True
1561,3,3,8.509405340796144,1.4905946592038557,0.8509405340796145,0.9804186009182768,10.0,6.0,False,main,False
1561,4,4,9.509405340796144,1.4905946592038557,0.8644913946178313,0.9824106230938268,8.0,5.0,False,main,False
1561,5,5,10.509405340796144,1.4905946592038557,0.8757837783996787,0.9840346048108356,6.0,4.0,False,main,False
1561,6,6,11.509405340796144,1.4905946592038557,0.8853388723689342,0.9853839532174775,4.0,3.0,False,main,False
1561,7,7,12.509405340796144,1.4905946592038557,0.8935289529140104,0.9865229230135696,2.0,2.0,False,main,False
1561,8,8,13.509405340796144,1.4905946592038557,0.9006270227197429,0.9874971693619767,1.0,1.0,False,main,False
1561,9,9,14.509405340796144,1.4905946592038557,0.906837833799759,0.9883400251687036,-1.0,-1.0,True,main,False
2329,1,1,6.471516595107988,1.5284834048920124,0.8089395743884985,0.9728918957625391,17.0,8.0,False,main,True
2329,2,2,7.471516595107988,1.5284834048920124,0.8301685105675543,0.9763618101532905,14.0,7.0,False,main,True
2329,3,3,8.471516595107989,1.5284834048920124,0.8471516595107987,0.9790436187705941,11.0,6.0,False,main,False
2329,4,4,9.471516595107989,1.5284834048920124,0.8610469631916352,0.9811785847948219,8.0,5.0,False,main,False
2329,5,5,10.471516595107989,1.5284834048920124,0.8726263829256656,0.9829185676817124,6.0,4.0,False,main,False
2329,6,6,11.471516595107989,1.5284834048920124,0.8824243534698452,0.9843639402827301,4.0,3.0,False,main,False
2329,7,7,12.471516595107989,1.5284834048920124,0.8908226139362848,0.9855837111694667,2.0,2.0,False,main,False
2329,8,8,13.471516595107989,1.5284834048920124,0.8981011063405325,0.9866268912440438,1.0,1.0,False,main,False
2329,9,9,14.471516595107989,1.5284834048920124,0.9044697871942493,0.9875292499951324,-1.0,-1.0,True,main,False
3364,1,1,6.223081606173208,1.776918393826792,0.777885200771651,0.9599259047052936,20.0,9.0,False,main,True
6180,1,1,6.157380706399211,1.8426192936007886,0.7696725882999014,0.9561630625933144,21.0,9.0,False,main,True
10252,0,1,5.50274284338621,2.49725715661379,0.6878428554232763,0.9120918957001464,40.0,15.0,False,main,True
10252,0,2,5.50274284338621,3.49725715661379,0.6114158714873567,0.8501175705075253,69.0,21.0,False,main,False
10252,0,3,5.50274284338621,4.49725715661379,0.550274284338621,0.7915423034758476,116.0,28.0,False,main,True
10252,0,4,5.50274284338621,5.49725715661379,0.5002493493987464,0.7383003916478326,194.0,38.0,False,main,True
2097,0,1,5.271513048787938,2.7284869512120618,0.6589391310984922,0.8939934927648694,48.0,16.0,False,main,True
8692,0,1,5.233598174625579,2.766401825374421,0.6541997718281973,0.8909117237279216,49.0,16.0,False,main,True
1591,0,1,5.346140006596206,2.6538599934037936,0.6682675008245258,0.8999666106529893,45.0,15.0,False,main,True
12007,1,1,6.365630800951301,1.6343691990486988,0.7957038501189126,0.9676187479804348,18.0,9.0,False,main,True
9940,0,1,5.390991632912126,2.609008367087874,0.6738739541140157,0.9034965920005524,43.0,15.0,False,main,True
9940,0,2,5.390991632912126,3.609008367087874,0.5989990703235696,0.8408772680210854,76.0,21.0,False,main,False
9940,0,3,5.390991632912126,4.609008367087874,0.5390991632912125,0.7822418823617768,128.0,29.0,False,main,False
9940,0,4,5.390991632912126,5.609008367087874,0.4900901484465569,0.7291874589030723,217.0,40.0,False,main,True
9940,0,5,5.390991632912126,6.609008367087874,0.44924930274267716,0.6817336899809061,374.0,52.0,False,main,True
7279,0,1,5.558132067648353,2.4418679323516472,0.6947665084560442,0.9162441738269967,38.0,14.0,False,main,True
6110,0,1,5.327251561803638,2.672748438196362,0.6659064452254547,0.8984664932246488,46.0,15.0,False,main,True
10706,0,1,5.428515221180259,2.571484778819741,0.6785644026475324,0.9064147708289572,42.0,15.0,False,main,True
10706,0,2,5.428515221180259,3.571484778819741,0.6031683579089177,0.844000869478349,73.0,21.0,False,main,False
10706,0,3,5.428515221180259,4.571484778819741,0.5428515221180259,0.7853799859237274,124.0,29.0,False,main,False
10706,0,4,5.428515221180259,5.571484778819741,0.4935013837436599,0.7322592505955634,209.0,39.0,False,main,False
10706,0,5,5.428515221180259,6.571484778819741,0.45237626843168827,0.6847045885098967,358.0,52.0,False,main,False
10706,0,6,5.428515221180259,7.571484778819741,0.417578093936943,0.6422599349939706,638.0,68.0,False,main,False
10706,0,7,5.428515221180259,8.571484778819741,0.38775108722716134,0.6043383500088728,1217.0,88.0,False,main,True
10706,0,8,5.428515221180259,9.571484778819741,0.3619010147453506,0.5703625502862725,-1.0,115.0,False,main,True
10706,0,9,5.428515221180259,10.571484778819741,0.3392822013237662,0.5398120161083487,-1.0,150.0,False,main,True
10706,0,10,5.428515221180259,11.571484778819741,0.31932442477530937,0.5122340275459281,-1.0,195.0,False,main,True
10706,0,11,5.428515221180259,12.571484778819741,0.3015841789544588,0.4872410111680898,-1.0,256.0,False,main,True
10706,0,12,5.428515221180259,13.571484778819741,0.28571132743053995,0.4645032541768435,-1.0,338.0,False,main,True
1611,1,1,6.532114048238867,1.4678859517611333,0.8165142560298584,0.9757307936069552,16.0,8.0,False,main,True
8964,1,1,6.30528934178238,1.6947106582176192,0.7881611677227975,0.9644430969478806,19.0,9.0,False,main,True
3297,0,1,5.255187411096068,2.744812588903932,0.6568984263870085,0.8926703831050241,48.0,16.0,False,main,True
66,1,1,6.544146566305664,1.4558534336943358,0.818018320788208,0.9762784810918776,16.0,8.0,False,main,True
66,2,2,7.544146566305664,1.4558534336943358,0.838238507367296,0.9793041461563101,13.0,7.0,False,main,True
66,3,3,8.544146566305663,1.4558534336943358,0.8544146566305664,0.9816448541326135,10.0,6.0,False,main,False
66,4,4,9.544146566305663,1.4558534336943358,0.8676496878459694,0.9835096528617511,8.0,5.0,False,main,False
66,5,5,10.544146566305663,1.4558534336943358,0.8786788805254719,0.9850303451552739,6.0,4.0,False,main,False
66,6,6,11.544146566305663,1.4558534336943358,0.8880112743312049,0.9862941613964599,4.0,3.0,False,main,False
66,7,7,12.544146566305663,1.4558534336943358,0.8960104690218331,0.9873611375158625,2.0,2.0,False,main,False
66,8,8,13.544146566305663,1.4558534336943358,0.9029431044203775,0.9882739487438293,1.0,1.0,False,main,False
66,9,9,14.544146566305663,1.4558534336943358,0.909009160394104,0.9890637631123731,-1.0,-1.0,True,main,False
9514,1,1,6.190486681499643,1.8095133185003567,0.7738108351874554,0.9580757490934024,20.0,9.0,False,main,True
9514,2,2,7.190486681499643,1.8095133185003567,0.7989429646110715,0.9635146416787069,16.0,8.0,False,main,False
9514,3,3,8.190486681499642,1.8095133185003567,0.8190486681499642,0.9677027139346326,12.0,6.0,False,main,False
9514,4,4,9.190486681499642,1.8095133185003567,0.8354987892272402,0.9710273790765704,9.0,5.0,False,main,False
9514,5,5,10.190486681499642,1.8095133185003567,0.8492072234583036,0.973730901479528,7.0,4.0,False,main,False
9514,6,6,11.190486681499642,1.8095133185003567,0.8608066678076648,0.9759725990710912,5.0,3.0,False,main,False
9514,7,7,12.190486681499642,1.8095133185003567,0.8707490486785459,0.9778615643172874,3.0,2.0,False,main,False
9514,8,8,13.190486681499642,1.8095133185003567,0.8793657787666428,0.9794750205262335,1.0,1.0,False,main,False
9514,9,9,14.190486681499642,1.8095133185003567,0.8869054175937277,0.9808691723521629,-1.0,-1.0,True,main,False
8061,0,1,5.340565664098165,2.6594343359018358,0.6675707080122706,0.8995247275150206,45.0,15.0,False,main,True
8061,0,2,5.340565664098165,3.6594343359018358,0.5933961848997961,0.83664657089627,79.0,22.0,False,main,False
8061,0,3,5.340565664098165,4.659434335901835,0.5340565664098165,0.7780005627922696,134.0,30.0,False,main,True
8061,0,4,5.340565664098165,5.659434335901835,0.4855059694634695,0.7250405241932476,229.0,40.0,False,main,True
10725,1,1,6.277752257243134,1.7222477427568657,0.7847190321553917,0.9629541105777508,19.0,9.0,False,main,True
10725,2,2,7.277752257243134,1.7222477427568657,0.8086391396936815,0.9677403740433981,15.0,7.0,False,main,False
10725,3,3,8.277752257243133,1.7222477427568657,0.8277752257243135,0.9714301330704461,12.0,6.0,False,main,False
10725,4,4,9.277752257243133,1.7222477427568657,0.8434320233857395,0.9743617798265061,9.0,5.0,False,main,False
10725,5,5,10.277752257243133,1.7222477427568657,0.8564793547702612,0.9767473557643601,7.0,4.0,False,main,False
10725,6,6,11.277752257243133,1.7222477427568657,0.8675194044033181,0.978726523403577,5.0,3.0,False,main,False
10725,7,7,12.277752257243133,1.7222477427568657,0.8769823040887953,0.9803950362424553,3.0,2.0,False,main,False
10725,8,8,13.277752257243133,1.7222477427568657,0.8851834838162089,0.981820744684744,1.0,1.0,False,main,False
10725,9,9,14.277752257243133,1.7222477427568657,0.8923595160776959,0.9830530735980099,-1.0,-1.0,True,main,False
5221,1,1,6.517099433522202,1.4829005664777979,0.8146374291902753,0.9750398620026585,17.0,8.0,False,main,True
2180,0,1,5.1723268672530756,2.8276731327469244,0.6465408584066344,0.8858654178701882,52.0,16.0,False,main,True
387,1,1,6.156805849540341,1.8431941504596596,0.7696007311925426,0.9561295552455376,21.0,9.0,False,main,True
4159,1,1,6.4602570776343144,1.539742922365685,0.8075321347042893,0.9723498075028784,17.0,8.0,False,main,True
4159,2,2,7.4602570776343144,1.539742922365685,0.8289174530704794,0.9758910462787974,14.0,7.0,False,main,True
4159,3,3,8.460257077634314,1.539742922365685,0.8460257077634316,0.9786275728635331,11.0,6.0,False,main,False
4159,4,4,9.460257077634314,1.539742922365685,0.8600233706940287,0.9808058502684875,8.0,5.0,False,main,False
4159,5,5,10.460257077634314,1.539742922365685,0.8716880898028596,0.9825809705594001,6.0,4.0,False,main,False
4159,6,6,11.460257077634314,1.539742922365685,0.8815582367411011,0.9840554224225113,4.0,3.0,False,main,False
4159,7,7,12.460257077634314,1.539742922365685,0.8900183626881654,0.985299657652067,2.0,2.0,False,main,False
4159,8,8,13.460257077634314,1.539742922365685,0.8973504718422877,0.9863637054727102,1.0,1.0,False,main,False
4159,9,9,14.460257077634314,1.539742922365685,0.9037660673521447,0.9872840745035932,-1.0,-1.0,True,main,False
5934,0,1,5.161695995245397,2.8383040047546024,0.6452119994056746,0.8849816170098316,52.0,16.0,False,main,True
2033,0,1,5.1628028960282535,2.8371971039717465,0.6453503620035317,0.8850737526097681,52.0,16.0,False,main,True
4828,1,1,6.523269261518642,1.4767307384813573,0.8154086576898303,0.9753247854670725,16.0,8.0,False,main,True
8106,1,1,6.429620320973408,1.5703796790265925,0.803702540121676,0.9708520849811108,17.0,9.0,False,main,True
8106,2,2,7.429620320973408,1.5703796790265925,0.8255133689970453,0.9745906822739613,14.0,7.0,False,main,False
8106,3,3,8.429620320973408,1.5703796790265925,0.8429620320973408,0.9774785522812337,11.0,6.0,False,main,False
8106,4,4,9.429620320973408,1.5703796790265925,0.8572382109975826,0.9797765850641327,8.0,5.0,False,main,False
8106,5,5,10.429620320973408,1.5703796790265925,0.869135026747784,0.9816488350092033,6.0,4.0,False,main,False
8106,6,6,11.429620320973408,1.5703796790265925,0.8792015631518006,0.9832036535363153,4.0,3.0,False,main,False
8106,7,7,12.429620320973408,1.5703796790265925,0.887830022926672,0.9845154896158447,2.0,2.0,False,main,False
8106,8,8,13.429620320973408,1.5703796790265925,0.8953080213982272,0.985637191785036,1.0,1.0,False,main,False
8106,9,9,14.429620320973408,1.5703796790265925,0.901851270060838,0.9866073143733479,-1.0,-1.0,True,main,False
3382,1,1,6.158767056354594,1.8412329436454065,0.7698458820443242,0.9562438291393096,21.0,9.0,False,main,True
9396,1,1,6.475472012800844,1.5245279871991566,0.8094340016001055,0.9730812546235994,17.0,8.0,False,main,True
2698,0,1,5.225442582610611,2.7745574173893894,0.6531803228263263,0.8902447231179118,49.0,16.0,False,main,True
2816,1,1,6.403627532091944,1.5963724679080555,0.800453441511493,0.9695556596135693,18.0,9.0,False,main,True
4059,1,1,6.336914520112647,1.6630854798873527,0.7921143150140809,0.9661225454008066,19.0,9.0,False,main,True
3684,1,1,6.219562641058249,1.7804373589417513,0.7774453301322811,0.9597277540597771,20.0,9.0,False,main,True
8798,1,1,6.52399734009007,1.4760026599099298,0.8154996675112588,0.9753583158984599,16.0,8.0,False,main,True
11957,1,1,6.450924093299625,1.5490759067003754,0.8063655116624531,0.9718970568060338,17.0,8.0,False,main,True
11957,2,2,7.450924093299625,1.5490759067003754,0.8278804548110694,0.9754979096956866,14.0,7.0,False,main,False
11957,3,3,8.450924093299625,1.5490759067003754,0.8450924093299624,0.9782801609687326,11.0,6.0,False,main,False
11957,4,4,9.450924093299625,1.5490759067003754,0.8591749175726932,0.9804946254855832,8.0,5.0,False,main,False
11957,5,5,10.450924093299625,1.5490759067003754,0.870910341108302,0.982299099773009,6.0,4.0,False,main,False
11957,6,6,11.450924093299625,1.5490759067003754,0.8808403148692019,0.9837978421671676,4.0,3.0,False,main,False
11957,7,7,12.450924093299625,1.5490759067003754,0.8893517209499732,0.9850625112801806,2.0,2.0,False,main,False
11957,8,8,13.450924093299625,1.5490759067003754,0.8967282728866416,0.9861439876988467,1.0,1.0,False,main,False
11957,9,9,14.450924093299625,1.5490759067003754,0.9031827558312265,0.9870793978936846,-1.0,-1.0,True,main,False
100,0,1,5.203602326594796,2.7963976734052047,0.6504502908243495,0.8884514134984051,50.0,16.0,False,main,True
1979,1,1,6.28145559271924,1.71854440728076,0.785181949089905,0.963155786681352,19.0,9.0,False,main,True
10169,1,1,6.179774557109732,1.8202254428902682,0.7724718196387165,0.9574605306762259,21.0,9.0,False,main,True
10169,2,2,7.179774557109732,1.8202254428902682,0.7977527285677479,0.9629820135394668,16.0,8.0,False,main,False
10169,3,3,8.179774557109731,1.8202254428902682,0.8179774557109731,0.9672330840464264,12.0,6.0,False,main,False
10169,4,4,9.179774557109731,1.8202254428902682,0.8345249597372483,0.9706073980584308,9.0,5.0,False,main,False
10169,5,5,10.179774557109731,1.8202254428902682,0.848314546425811,0.9733510618882191,7.0,4.0,False,main,False
10169,6,6,11.179774557109731,1.8202254428902682,0.85998265823921,0.9756258886563829,5.0,3.0,False,main,False
10169,7,7,12.179774557109731,1.8202254428902682,0.8699838969364093,0.9775426623453788,3.0,2.0,False,main,False
10169,8,8,13.179774557109731,1.8202254428902682,0.8786516371406488,0.9791797938043754,1.0,1.0,False,main,False
10169,9,9,14.179774557109731,1.8202254428902682,0.8862359098193582,0.9805943460614472,-1.0,-1.0,True,main,False
9736,1,1,6.29534049316271,1.7046595068372896,0.7869175616453388,0.9639079825543974,19.0,9.0,False,main,True
9736,2,2,7.29534049316271,1.7046595068372896,0.81059338812919,0.9685671169692119,15.0,7.0,False,main,False
9736,3,3,8.29534049316271,1.7046595068372896,0.8295340493162711,0.9721597013809015,12.0,6.0,False,main,False
9736,4,4,9.29534049316271,1.7046595068372896,0.8450309539238827,0.9750146437391727,9.0,5.0,False,main,False
9736,5,5,10.29534049316271,1.7046595068372896,0.8579450410968925,0.9773381269377471,7.0,4.0,False,main,False
9736,6,6,11.29534049316271,1.7046595068372896,0.8688723456279008,0.9792659977688567,5.0,3.0,False,main,False
9736,7,7,12.29534049316271,1.7046595068372896,0.8782386066544793,0.9808914171942869,3.0,2.0,False,main,False
9736,8,8,13.29534049316271,1.7046595068372896,0.886356032877514,0.9822804121899719,1.0,1.0,False,main,False
9736,9,9,14.29534049316271,1.7046595068372896,0.8934587808226694,0.9834810876316319,-1.0,-1.0,True,main,False
8088,1,1,6.258812751613768,1.741187248386232,0.782351593951721,0.9619158150531609,19.0,9.0,False,main,True
8088,2,2,7.258812751613768,1.741187248386232,0.8065347501793076,0.9668406400428751,15.0,8.0,False,main,False
8088,3,3,8.258812751613767,1.741187248386232,0.8258812751613768,0.9706362727021773,12.0,6.0,False,main,False
8088,4,4,9.258812751613767,1.741187248386232,0.8417102501467061,0.9736514666636885,9.0,5.0,False,main,False
8088,5,5,10.258812751613767,1.741187248386232,0.8549010626344806,0.9761046595959514,7.0,4.0,False,main,False
8088,6,6,11.258812751613767,1.741187248386232,0.8660625193549052,0.9781396778088731,5.0,3.0,False,main,False
8088,7,7,12.258812751613767,1.741187248386232,0.8756294822581262,0.9798551026836158,3.0,2.0,False,main,False
8088,8,8,13.258812751613767,1.741187248386232,0.8839208501075845,0.9813207729288144,1.0,1.0,False,main,False
8088,9,9,14.258812751613767,1.741187248386232,0.8911757969758605,0.9825875523693274,-1.0,-1.0,True,main,False
9937,1,1,6.32827156933013,1.6717284306698708,0.7910339461662662,0.9656668395385505,19.0,9.0,False,main,True
9937,2,2,7.32827156933013,1.6717284306698708,0.8142523965922366,0.9700919813992621,15.0,7.0,False,main,False
9937,3,3,8.32827156933013,1.6717284306698708,0.8328271569330129,0.9735056147259744,11.0,6.0,False,main,False
9937,4,4,9.32827156933013,1.6717284306698708,0.8480246881209208,0.9762192474490872,9.0,5.0,False,main,False
9937,5,5,10.32827156933013,1.6717284306698708,0.8606892974441774,0.9784283044035545,7.0,4.0,False,main,False
9937,6,6,11.32827156933013,1.6717284306698708,0.8714055053330868,0.9802616206674932,4.0,3.0,False,main,False
9937,7,7,12.32827156933013,1.6717284306698708,0.8805908263807235,0.9818075905583791,3.0,2.0,False,main,False
9937,8,8,13.32827156933013,1.6717284306698708,0.888551437955342,0.9831288869804652,1.0,1.0,False,main,False
9937,9,9,14.32827156933013,1.6717284306698708,0.8955169730831332,0.9842711858659661,-1.0,-1.0,True,main,False
5246,0,1,5.4611625558669665,2.5388374441330335,0.6826453194833708,0.9089274602336755,41.0,15.0,False,main,True
6801,1,1,6.392586831127394,1.6074131688726059,0.7990733538909243,0.968997930630763,18.0,9.0,False,main,True
6801,2,2,7.392586831127394,1.6074131688726059,0.8213985367919326,0.9729814497042494,14.0,7.0,False,main,True
6801,3,3,8.392586831127394,1.6074131688726059,0.8392586831127394,0.9760570081093004,11.0,6.0,False,main,False
6801,4,4,9.392586831127394,1.6074131688726059,0.8538715301024904,0.9785034778358422,9.0,5.0,False,main,False
6801,5,5,10.392586831127394,1.6074131688726059,0.8660489025939495,0.9804960705830778,6.0,4.0,False,main,False
6801,6,6,11.392586831127394,1.6074131688726059,0.8763528331636457,0.9821504296122693,4.0,3.0,False,main,False
6801,7,7,12.392586831127394,1.6074131688726059,0.8851847736519567,0.9835459717596106,2.0,2.0,False,main,False
6801,8,8,13.392586831127394,1.6074131688726059,0.8928391220751596,0.984739047418462,1.0,1.0,False,main,False
6801,9,9,14.392586831127394,1.6074131688726059,0.8995366769454621,0.9857707506141942,-1.0,-1.0,True,main,False
3112,0,1,5.207320831578192,2.792679168421808,0.650915103947274,0.8887574714653501,50.0,16.0,False,main,True
11796,1,1,6.537814305289686,1.4621856947103136,0.8172267881612107,0.9759909236796921,16.0,8.0,False,main,True
11796,2,2,7.537814305289686,1.4621856947103136,0.8375349228099651,0.9790542190434955,13.0,7.0,False,main,True
11796,3,3,8.537814305289686,1.4621856947103136,0.8537814305289686,0.9814238395579142,10.0,6.0,False,main,False
11796,4,4,9.537814305289686,1.4621856947103136,0.8670740277536079,0.9833115501527636,8.0,5.0,False,main,False
11796,5,5,10.537814305289686,1.4621856947103136,0.8781511921074738,0.9848508472289189,6.0,4.0,False,main,False
11796,6,6,11.537814305289686,1.4621856947103136,0.8875241773299758,0.9861300719338281,4.0,3.0,False,main,False
11796,7,7,12.537814305289686,1.4621856947103136,0.895558164663549,0.9872100190919727,2.0,2.0,False,main,False
11796,8,8,13.537814305289686,1.4621856947103136,0.9025209536859791,0.9881339001151905,1.0,1.0,False,main,False
11796,9,9,14.537814305289686,1.4621856947103136,0.9086133940806054,0.9889332726452155,-1.0,-1.0,True,main,False
7327,1,1,6.318345463094178,1.681654536905822,0.7897931828867722,0.965140431311282,19.0,9.0,False,main,True
4555,1,1,6.202878230819461,1.7971217691805381,0.7753597788524327,0.958783006470266,20.0,9.0,False,main,True
4555,2,2,7.202878230819461,1.7971217691805381,0.8003198034243846,0.9641270311876733,16.0,8.0,False,main,True
4555,3,3,8.202878230819461,1.7971217691805381,0.8202878230819461,0.9682427227510424,12.0,6.0,False,main,False
4555,4,4,9.202878230819461,1.7971217691805381,0.8366252937108601,0.9715103344228353,9.0,5.0,False,main,False
4555,5,5,10.202878230819461,1.7971217691805381,0.8502398525682885,0.9741677222237671,7.0,4.0,False,main,False
4555,6,6,11.202878230819461,1.7971217691805381,0.8617598639091893,0.9763713400905701,5.0,3.0,False,main,False
4555,7,7,12.202878230819461,1.7971217691805381,0.8716341593442473,0.9782283384619636,3.0,2.0,False,main,False
4555,8,8,13.202878230819461,1.7971217691805381,0.8801918820546307,0.9798145769481817,1.0,1.0,False,main,False
4555,9,9,14.202878230819461,1.7971217691805381,0.8876798894262163,0.9811852743309654,-1.0,-1.0,True,main,False
6976,0,1,5.224210189451105,2.7757898105488947,0.6530262736813881,0.8901438066380754,49.0,16.0,False,main,True
11704,1,1,6.452985502947174,1.5470144970528268,0.8066231878683967,0.9719973229220346,17.0,8.0,False,main,True
1631,1,1,6.2027553056741525,1.797244694325847,0.7753444132092691,0.9587760137599601,20.0,9.0,False,main,True
7754,1,1,6.500072683578118,1.499927316421882,0.8125090854472647,0.9742463358381391,17.0,8.0,False,main,True
7754,2,2,7.500072683578118,1.499927316421882,0.8333414092864575,0.9775382969265342,13.0,7.0,False,main,False
7754,3,3,8.500072683578118,1.499927316421882,0.8500072683578118,0.9800835303217119,11.0,6.0,False,main,False
7754,4,4,9.500072683578118,1.499927316421882,0.8636429712343744,0.982110358709097,8.0,5.0,False,main,False
7754,5,5,10.500072683578118,1.499927316421882,0.8750060569648431,0.9837625911448996,6.0,4.0,False,main,False
7754,6,6,11.500072683578118,1.499927316421882,0.8846209756598552,0.9851353284190052,4.0,3.0,False,main,False
7754,7,7,12.500072683578118,1.499927316421882,0.8928623345412942,0.9862939814488271,2.0,2.0,False,main,False
7754,8,8,13.500072683578118,1.499927316421882,0.9000048455718745,0.9872850217749104,1.0,1.0,False,main,False
7754,9,9,14.500072683578118,1.499927316421882,0.9062545427236324,0.9881423751963021,-1.0,-1.0,True,main,False
5396,1,1,6.43110054771359,1.56889945228641,0.8038875684641987,0.9709252062401752,17.0,9.0,False,main,True
5396,2,2,7.43110054771359,1.56889945228641,0.8256778386348433,0.9746541580998239,14.0,7.0,False,main,True
5396,3,3,8.43110054771359,1.56889945228641,0.843110054771359,0.977534633724352,11.0,6.0,False,main,False
5396,4,4,9.43110054771359,1.56889945228641,0.8573727770648719,0.9798268167727713,8.0,5.0,False,main,False
5396,5,5,10.43110054771359,1.56889945228641,0.8692583789761326,0.9816943230274043,6.0,4.0,False,main,False
5396,6,6,11.43110054771359,1.56889945228641,0.8793154267471993,0.9832452171072735,4.0,3.0,False,main,False
5396,7,7,12.43110054771359,1.56889945228641,0.8879357534081136,0.984553752505459,2.0,2.0,False,main,False
5396,8,8,13.43110054771359,1.56889945228641,0.8954067031809061,0.9856726399195315,1.0,1.0,False,main,False
5396,9,9,14.43110054771359,1.56889945228641,0.9019437842320994,0.9866403336831122,-1.0,-1.0,True,main,False
8583,1,1,6.168005230135872,1.8319947698641283,0.771000653766984,0.9567805390344573,21.0,9.0,False,main,True
11038,1,1,6.4738368296039335,1.526163170396066,0.8092296037004917,0.9730030409212417,17.0,8.0,False,main,True
11038,2,2,7.4738368296039335,1.526163170396066,0.830426314400437,0.9764583387277428,13.0,7.0,False,main,False
11038,3,3,8.473836829603933,1.526163170396066,0.8473836829603935,0.9791289323938228,11.0,6.0,False,main,False
11038,4,4,9.473836829603933,1.526163170396066,0.8612578936003576,0.9812550204218666,8.0,5.0,False,main,False
11038,5,5,10.473836829603933,1.526163170396066,0.8728197358003278,0.9829878002248152,6.0,4.0,False,main,False
11038,6,6,11.473836829603933,1.526163170396066,0.8826028330464565,0.9844272112481512,4.0,3.0,False,main,False
11038,7,7,12.473836829603933,1.526163170396066,0.8909883449717095,0.9856419663911479,2.0,2.0,False,main,False
11038,8,8,13.473836829603933,1.526163170396066,0.8982557886402622,0.9866808679075013,1.0,1.0,False,main,False
11038,9,9,14.473836829603933,1.526163170396066,0.9046148018502459,0.9875795338270784,-1.0,-1.0,True,main,False
7395,1,1,6.170347628360326,1.8296523716396742,0.7712934535450408,0.956916212215375,21.0,9.0,False,main,True
11259,1,1,6.252952776159008,1.7470472238409926,0.781619097019876,0.9615922383063741,20.0,9.0,False,main,True
11259,2,2,7.252952776159008,1.7470472238409926,0.8058836417954454,0.9665602831398805,15.0,8.0,False,main,False
11259,3,3,8.252952776159008,1.7470472238409926,0.8252952776159008,0.9703889312916594,12.0,6.0,False,main,False
11259,4,4,9.252952776159008,1.7470472238409926,0.8411775251053644,0.9734301734832833,9.0,5.0,False,main,False
11259,5,5,10.252952776159008,1.7470472238409926,0.854412731346584,0.9759044447662448,7.0,4.0,False,main,False
11259,6,6,11.252952776159008,1.7470472238409926,0.8656117520122314,0.9779568712523758,5.0,3.0,False,main,False
11259,7,7,12.252952776159008,1.7470472238409926,0.8752109125827863,0.9796869168558857,3.0,2.0,False,main,False
11259,8,8,13.252952776159008,1.7470472238409926,0.8835301850772672,0.9811650406630198,1.0,1.0,False,main,False
11259,9,9,14.252952776159008,1.7470472238409926,0.890809548509938,0.9824425553899307,-1.0,-1.0,True,main,False
5452,1,1,6.150868208647828,1.8491317913521716,0.7688585260809785,0.9557828753129235,21.0,9.0,False,main,True
10690,1,1,6.384470861278993,1.6155291387210071,0.7980588576598742,0.9685852842556175,18.0,9.0,False,main,True
10690,2,2,7.384470861278993,1.6155291387210071,0.8204967623643326,0.9726233993443296,14.0,7.0,False,main,False
10690,3,3,8.384470861278993,1.6155291387210071,0.8384470861278993,0.9757407766706807,11.0,6.0,False,main,False
10690,4,4,9.384470861278993,1.6155291387210071,0.8531337146617267,0.978220308198928,9.0,5.0,False,main,False
10690,5,5,10.384470861278993,1.6155291387210071,0.8653725717732494,0.9802396979285085,6.0,4.0,False,main,False
10690,6,6,11.384470861278993,1.6155291387210071,0.8757285277906918,0.981916216955423,4.0,3.0,False,main,False
10690,7,7,12.384470861278993,1.6155291387210071,0.8846050615199281,0.9833303906007601,3.0,2.0,False,main,False
10690,8,8,13.384470861278993,1.6155291387210071,0.8922980574185996,0.9845393503178557,1.0,1.0,False,main,False
10690,9,9,14.384470861278993,1.6155291387210071,0.8990294288299371,0.9855847564017672,-1.0,-1.0,True,main,False
6739,0,1,5.444203785738169,2.5557962142618313,0.6805254732172711,0.9076253013067966,42.0,15.0,False,main,True
8979,0,1,5.402272189969761,2.5977278100302392,0.6752840237462201,0.9043772470409417,43.0,15.0,False,main,True
7161,1,1,6.320936046250646,1.6790639537493544,0.7901170057813307,0.965278130205439,19.0,9.0,False,main,True
12132,1,1,6.148173942682968,1.8518260573170322,0.768521742835371,0.9556252139233505,21.0,9.0,False,main,True
2324,1,1,6.451733998587905,1.5482660014120955,0.8064667498234881,0.9719364681869164,17.0,8.0,False,main,True
2324,2,2,7.451733998587905,1.5482660014120955,0.827970444287545,0.9755321301525558,14.0,7.0,False,main,True
2324,3,3,8.451733998587905,1.5482660014120955,0.8451733998587905,0.9783104002714075,11.0,6.0,False,main,False
2324,4,4,9.451733998587905,1.5482660014120955,0.8592485453261731,0.9805217142578606,8.0,5.0,False,main,False
2324,5,5,10.451733998587905,1.5482660014120955,0.8709778332156587,0.9823236330532804,6.0,4.0,False,main,False
2324,6,6,11.451733998587905,1.5482660014120955,0.8809026152759927,0.9838202608576321,4.0,3.0,False,main,False
2324,7,7,12.451733998587905,1.5482660014120955,0.8894095713277075,0.9850831511791454,2.0,2.0,False,main,False
2324,8,8,13.451733998587905,1.5482660014120955,0.896782266572527,0.9861631104635966,1.0,1.0,False,main,False
2324,9,9,14.451733998587905,1.5482660014120955,0.903233374911744,0.9870972113791956,-1.0,-1.0,True,main,False
10204,1,1,6.229747642392704,1.7702523576072962,0.778718455299088,0.9603002008372009,20.0,9.0,False,main,True
10204,2,2,7.229747642392704,1.7702523576072962,0.8033052935991893,0.9654410014347413,15.0,8.0,False,main,False
10204,3,3,8.229747642392704,1.7702523576072962,0.8229747642392704,0.9694015775579629,12.0,6.0,False,main,False
10204,4,4,9.229747642392704,1.7702523576072962,0.8390679674902458,0.9725468833490045,9.0,5.0,False,main,False
10204,5,5,10.229747642392704,1.7702523576072962,0.852478970199392,0.9751053484444483,7.0,4.0,False,main,False
10204,6,6,11.229747642392704,1.7702523576072962,0.8638267417225157,0.9772272993355695,5.0,3.0,False,main,False
10204,7,7,12.229747642392704,1.7702523576072962,0.8735534030280503,0.9790157297270572,3.0,2.0,False,main,False
10204,8,8,13.229747642392704,1.7702523576072962,0.8819831761595136,0.9805435793268785,1.0,1.0,False,main,False
10204,9,9,14.229747642392704,1.7702523576072962,0.889359227649544,0.9818639553849693,-1.0,-1.0,True,main,False
5752,1,1,6.3620840677103745,1.6379159322896255,0.7952605084637968,0.9674354498684332,18.0,9.0,False,main,True
7757,1,1,6.533178203151667,1.4668217968483324,0.8166472753939584,0.9757794474692476,16.0,8.0,False,main,True
7757,2,2,7.533178203151667,1.4668217968483324,0.8370198003501853,0.9788704279880712,13.0,7.0,False,main,False
7757,3,3,8.533178203151667,1.4668217968483324,0.8533178203151668,0.9812613175317927,10.0,6.0,False,main,False
7757,4,4,9.533178203151667,1.4668217968483324,0.8666525639228788,0.9831658814389945,8.0,5.0,False,main,False
7757,5,5,10.533178203151667,1.4668217968483324,0.877764850262639,0.984718862747954,6.0,4.0,False,main,False
7757,6,6,11.533178203151667,1.4668217968483324,0.8871675540885898,0.9860094201093264,4.0,3.0,False,main,False
7757,7,7,12.533178203151667,1.4668217968483324,0.8952270145108334,0.9870989068140693,2.0,2.0,False,main,False
7757,8,8,13.533178203151667,1.4668217968483324,0.9022118802101111,0.9880309288091014,1.0,1.0,False,main,False
7757,9,9,14.533178203151667,1.4668217968483324,0.9083236376969792,0.988837330397005,-1.0,-1.0,True,main,False
9747,1,1,6.468769872725103,1.5312301272748976,0.8085962340906379,0.9727600719852167,17.0,8.0,False,main,True
9747,2,2,7.468769872725103,1.5312301272748976,0.8298633191916781,0.976247325549072,14.0,7.0,False,main,False
9747,3,3,8.468769872725103,1.5312301272748976,0.8468769872725103,0.978942437414092,11.0,6.0,False,main,False
9747,4,4,9.468769872725103,1.5312301272748976,0.8607972611568275,0.9810879341637317,8.0,5.0,False,main,False
9747,5,5,10.468769872725103,1.5312301272748976,0.8723974893937586,0.9828364607987721,6.0,4.0,False,main,False
9747,6,6,11.468769872725103,1.5312301272748976,0.8822130671327002,0.9842889043918753,4.0,3.0,False,main,False
9747,7,7,12.468769872725103,1.5312301272748976,0.8906264194803645,0.9855146243002904,2.0,2.0,False,main,False
9747,8,8,13.468769872725103,1.5312301272748976,0.8979179915150068,0.9865628789555065,1.0,1.0,False,main,False
9747,9,9,14.468769872725103,1.5312301272748976,0.9042981170453189,0.9874696175221158,-1.0,-1.0,True,main,False
3205,0,1,5.4184601166610875,2.5815398833389125,0.6773075145826359,0.9056359475143486,42.0,15.0,False,main,True
2108,0,1,5.197249531057504,2.8027504689424965,0.649656191382188,0.8879278436757527,50.0,16.0,False,main,True
2497,1,1,6.214581902640726,1.785418097359274,0.7768227378300907,0.9594466300998163,20.0,9.0,False,main,True
2497,2,2,7.214581902640726,1.785418097359274,0.8016202114045251,0.9647017162652044,16.0,8.0,False,main,True
2497,3,3,8.214581902640726,1.785418097359274,0.8214581902640725,0.9687495340525403,12.0,6.0,False,main,False
2497,4,4,9.214581902640726,1.785418097359274,0.8376892638764296,0.9719636347193374,9.0,5.0,False,main,False
2497,5,5,10.214581902640726,1.785418097359274,0.8512151585533938,0.9745777460617814,7.0,4.0,False,main,False
2497,6,6,11.214581902640726,1.785418097359274,0.8626601463569789,0.9767456391096672,5.0,3.0,False,main,False
2497,7,7,12.214581902640726,1.785418097359274,0.872470135902909,0.9785726445773208,3.0,2.0,False,main,False
2497,8,8,13.214581902640726,1.785418097359274,0.8809721268427151,0.9801333439812827,1.0,1.0,False,main,False
2497,9,9,14.214581902640726,1.785418097359274,0.8884113689150454,0.9814820319517421,-1.0,-1.0,True,main,False
7882,1,1,6.280921964971496,1.7190780350285042,0.785115245621437,0.9631267536748361,19.0,9.0,False,main,True
7882,2,2,7.280921964971496,1.7190780350285042,0.8089913294412773,0.9678899959779835,15.0,7.0,False,main,False
7882,3,3,8.280921964971496,1.7190780350285042,0.8280921964971496,0.9715621607373464,12.0,6.0,False,main,False
7882,4,4,9.280921964971496,1.7190780350285042,0.8437201786337724,0.9744799210800625,9.0,5.0,False,main,False
7882,5,5,10.280921964971496,1.7190780350285042,0.856743497080958,0.9768542568551699,7.0,4.0,False,main,False
7882,6,6,11.280921964971496,1.7190780350285042,0.8677632280747305,0.9788241392892661,5.0,3.0,False,main,False
7882,7,7,12.280921964971496,1.7190780350285042,0.8772087117836783,0.9804848522668518,3.0,2.0,False,main,False
7882,8,8,13.280921964971496,1.7190780350285042,0.8853947976647664,0.9819039159372782,1.0,1.0,False,main,False
7882,9,9,14.280921964971496,1.7190780350285042,0.8925576228107185,0.9831305161202115,-1.0,-1.0,True,main,False
6221,0,1,5.5051329033763095,2.4948670966236905,0.6881416129220387,0.9122725618921893,40.0,15.0,False,main,True
3853,1,1,6.340981306211194,1.6590186937888054,0.7926226632763993,0.9663361117636567,18.0,9.0,False,main,True
10321,1,1,6.405576250464724,1.594423749535276,0.8006970313080904,0.9696536654231327,18.0,9.0,False,main,True
10321,2,2,7.405576250464724,1.594423749535276,0.8228418056071916,0.9735504918154931,14.0,7.0,False,main,False
10321,3,3,8.405576250464723,1.594423749535276,0.8405576250464725,0.9765596319933932,11.0,6.0,False,main,False
10321,4,4,9.405576250464723,1.594423749535276,0.855052386405884,0.9789535832900133,9.0,5.0,False,main,False
10321,5,5,10.405576250464723,1.594423749535276,0.8671313542053937,0.9809036037701155,6.0,4.0,False,main,False
10321,6,6,11.405576250464723,1.594423749535276,0.8773520192665173,0.98252275364911,4.0,3.0,False,main,False
10321,7,7,12.405576250464723,1.594423749535276,0.8861125893189089,0.98388869041573,2.0,2.0,False,main,False
10321,8,8,13.405576250464723,1.594423749535276,0.893705083364315,0.9850565245601633,1.0,1.0,False,main,False
10321,9,9,14.405576250464723,1.594423749535276,0.9003485156540453,0.9860664510357938,-1.0,-1.0,True,main,False
2431,1,1,6.3025270520907615,1.697472947909239,0.7878158815113452,0.9642948464671309,19.0,9.0,False,main,True
8176,1,1,6.551113563174899,1.448886436825101,0.8188891953968623,0.9765931370347931,16.0,8.0,False,main,True
8176,2,2,7.551113563174899,1.448886436825101,0.8390126181305443,0.9795776454538896,13.0,7.0,False,main,False
8176,3,3,8.551113563174898,1.448886436825101,0.8551113563174899,0.9818867272673315,10.0,6.0,False,main,False
8176,4,4,9.551113563174898,1.448886436825101,0.8682830511977181,0.9837264611432944,8.0,5.0,False,main,False
8176,5,5,10.551113563174898,1.448886436825101,0.8792594635979083,0.9852267987495373,6.0,4.0,False,main,False
8176,6,6,11.551113563174898,1.448886436825101,0.8885471971672999,0.9864737561524825,4.0,3.0,False,main,False
8176,7,7,12.551113563174898,1.448886436825101,0.8965081116553499,0.987526539520254,2.0,2.0,False,main,False
8176,8,8,13.551113563174898,1.448886436825101,0.9034075708783266,0.9884272377618551,1.0,1.0,False,main,False
8176,9,9,14.551113563174898,1.448886436825101,0.9094445976984312,0.9892065928241732,-1.0,-1.0,True,main,False
6558,0,1,5.3828750721779866,2.6171249278220134,0.6728593840222483,0.9028611576785881,44.0,15.0,False,main,True
6558,0,2,5.3828750721779866,3.6171249278220134,0.5980972302419985,0.8401988496396982,76.0,21.0,False,main,False
6558,0,3,5.3828750721779866,4.6171249278220134,0.5382875072177986,0.781561071588834,129.0,29.0,False,main,False
6558,0,4,5.3828750721779866,5.6171249278220134,0.48935227928890784,0.7285214336752769,219.0,40.0,False,main,False
6558,0,5,5.3828750721779866,6.6171249278220134,0.4485729226814989,0.6810897775798426,378.0,53.0,False,main,False
6558,0,6,5.3828750721779866,7.6171249278220134,0.4140673132444605,0.6387841541224932,681.0,69.0,False,main,True
6558,0,7,5.3828750721779866,8.617124927822013,0.3844910765841419,0.6010050394110948,1322.0,90.0,False,main,True
6558,0,8,5.3828750721779866,9.617124927822013,0.35885833814519913,0.5671689260442256,-1.0,118.0,False,main,True
6558,0,9,5.3828750721779866,10.617124927822013,0.33642969201112416,0.5367522837085792,-1.0,153.0,False,main,True
8144,1,1,6.2042008462142775,1.795799153785723,0.7755251057767847,0.9588582150132894,20.0,9.0,False,main,True
8144,2,2,7.2042008462142775,1.795799153785723,0.8004667606904753,0.9641921565842413,16.0,8.0,False,main,False
8144,3,3,8.204200846214277,1.795799153785723,0.8204200846214278,0.968300153983654,12.0,6.0,False,main,False
8144,4,4,9.204200846214277,1.795799153785723,0.8367455314740252,0.9715617001448615,9.0,5.0,False,main,False
8144,5,5,10.204200846214277,1.795799153785723,0.8503500705178565,0.9742141828387985,7.0,4.0,False,main,False
8144,6,6,11.204200846214277,1.795799153785723,0.8618616035549445,0.9764137517339574,5.0,3.0,False,main,False
8144,7,7,12.204200846214277,1.795799153785723,0.8717286318724484,0.9782673509180351,3.0,2.0,False,main,False
8144,8,8,13.204200846214277,1.795799153785723,0.8802800564142852,0.9798506950829855,1.0,1.0,False,main,False
8144,9,9,14.204200846214277,1.795799153785723,0.8877625528883923,0.9812188982325356,-1.0,-1.0,True,main,False
11408,0,1,5.204246179955033,2.795753820044967,0.6505307724943791,0.8885044283834515,50.0,16.0,False,main,True
7323,1,1,6.258371436232064,1.7416285637679358,0.782296429529008,0.9618914845535524,20.0,9.0,False,main,True
7323,2,2,7.258371436232064,1.7416285637679358,0.806485715136896,0.9668195587160621,15.0,8.0,False,main,True
7323,3,3,8.258371436232064,1.7416285637679358,0.8258371436232064,0.9706176735459423,12.0,6.0,False,main,False
7323,4,4,9.258371436232064,1.7416285637679358,0.8416701305665513,0.9736348259479964,9.0,5.0,False,main,False
7323,5,5,10.258371436232064,1.7416285637679358,0.854864286352672,0.9760896037119479,7.0,4.0,False,main,False
7323,6,6,11.258371436232064,1.7416285637679358,0.8660285720178511,0.9781259308468282,5.0,3.0,False,main,False
7323,7,7,12.258371436232064,1.7416285637679358,0.8755979597308617,0.9798424550730401,3.0,2.0,False,main,False
7323,8,8,13.258371436232064,1.7416285637679358,0.8838914290821376,0.9813090617347321,1.0,1.0,False,main,False
7323,9,9,14.258371436232064,1.7416285637679358,0.891148214764504,0.9825766484025308,-1.0,-1.0,True,main,False
2294,0,1,5.182106164416754,2.817893835583246,0.6477632705520943,0.8866762791044975,51.0,16.0,False,main,True
11069,1,1,6.232144038028353,1.7678559619716467,0.7790180047535441,0.9604344167297238,20.0,9.0,False,main,True
11069,2,2,7.232144038028353,1.7678559619716467,0.8035715597809281,0.9655572582833069,15.0,8.0,False,main,False
11069,3,3,8.232144038028352,1.7678559619716467,0.8232144038028354,0.9695041226016319,12.0,6.0,False,main,False
11069,4,4,9.232144038028352,1.7678559619716467,0.8392858216389412,0.9726386143932481,9.0,5.0,False,main,False
11069,5,5,10.232144038028352,1.7678559619716467,0.8526786698356961,0.9751883314093418,7.0,4.0,False,main,False
11069,6,6,11.232144038028352,1.7678559619716467,0.8640110798483349,0.9773030591669744,5.0,3.0,False,main,False
11069,7,7,12.232144038028352,1.7678559619716467,0.8737245741448824,0.9790854242654954,3.0,2.0,False,main,False
11069,8,8,13.232144038028352,1.7678559619716467,0.8821429358685569,0.9806081084712776,1.0,1.0,False,main,False
11069,9,9,14.232144038028352,1.7678559619716467,0.8895090023767721,0.9819240324626771,-1.0,-1.0,True,main,False
4005,0,1,5.213865356733596,2.7861346432664047,0.6517331695916995,0.8892954024686682,50.0,16.0,False,main,True
8623,1,1,6.536019258118624,1.4639807418813762,0.817002407264828,0.9759091369623943,16.0,8.0,False,main,True
4254,0,1,5.179865499300667,2.820134500699333,0.6474831874125834,0.8864906735455408,51.0,16.0,False,main,True
5244,1,1,6.552486901138258,1.4475130988617422,0.8190608626422823,0.9766549482395367,16.0,8.0,False,main,True
1968,1,1,6.449930692014544,1.5500693079854568,0.806241336501818,0.9718486845393904,17.0,8.0,False,main,True
1968,2,2,7.449930692014544,1.5500693079854568,0.8277700768905049,0.9754559090163947,14.0,7.0,False,main,True
1968,3,3,8.449930692014544,1.5500693079854568,0.8449930692014543,0.9782430468586748,11.0,6.0,False,main,False
1968,4,4,9.449930692014544,1.5500693079854568,0.8590846083649585,0.9804613783623696,8.0,5.0,False,main,False
1968,5,5,10.449930692014544,1.5500693079854568,0.8708275576678787,0.9822689892472688,6.0,4.0,False,main,False
1968,6,6,11.449930692014544,1.5500693079854568,0.8807638993857341,0.9837703270548621,4.0,3.0,False,main,False
1968,7,7,12.449930692014544,1.5500693079854568,0.8892807637153245,0.985037179411919,2.0,2.0,False,main,False
1968,8,8,13.449930692014544,1.5500693079854568,0.8966620461343029,0.9861205179116169,1.0,1.0,False,main,False
1968,9,9,14.449930692014544,1.5500693079854568,0.903120668250909,0.987057535064676,-1.0,-1.0,True,main,False
1645,0,1,5.20647407069222,2.79352592930778,0.6508092588365275,0.8886878036703588,50.0,16.0,False,main,True
7931,1,1,6.298794267597432,1.7012057324025678,0.787349283449679,0.9640941146492905,19.0,9.0,False,main,True
7931,2,2,7.298794267597432,1.7012057324025678,0.8109771408441592,0.9687284606454589,15.0,7.0,False,main,False
7931,3,3,8.298794267597433,1.7012057324025678,0.8298794267597434,0.9723020932484089,12.0,6.0,False,main,False
7931,4,4,9.298794267597433,1.7012057324025678,0.8453449334179485,0.9751420736229847,9.0,5.0,False,main,False
7931,5,5,10.298794267597433,1.7012057324025678,0.8582328556331195,0.9774534434386325,7.0,4.0,False,main,False
7931,6,6,11.298794267597433,1.7012057324025678,0.8691380205844179,0.979371305981239,5.0,3.0,False,main,False
7931,7,7,12.298794267597433,1.7012057324025678,0.878485304828388,0.980988316931484,3.0,2.0,False,main,False
7931,8,8,13.298794267597433,1.7012057324025678,0.8865862845064956,0.9823701478151682,1.0,1.0,False,main,False
7931,9,9,14.298794267597433,1.7012057324025678,0.8936746417248396,0.983564646155001,-1.0,-1.0,True,main,False
8165,0,1,5.173229292858701,2.826770707141299,0.6466536616073376,0.8859403295974148,51.0,16.0,False,main,True
8165,0,2,5.173229292858701,3.826770707141299,0.5748032547620778,0.8223383996700563,91.0,23.0,False,main,False
8165,0,3,5.173229292858701,4.826770707141299,0.5173229292858701,0.763727767439337,158.0,32.0,False,main,True
8165,0,4,5.173229292858701,5.826770707141299,0.4702935720780637,0.7111233630651341,276.0,43.0,False,main,True
8165,0,5,5.173229292858701,6.826770707141299,0.43110244107155843,0.6642980029315537,497.0,57.0,False,main,True
10372,1,1,6.398501573098917,1.6014984269010832,0.7998126966373647,0.969297238579961,18.0,9.0,False,main,True
10372,2,2,7.398501573098917,1.6014984269010832,0.8220557303443241,0.973241177043572,14.0,7.0,False,main,False
10372,3,3,8.398501573098917,1.6014984269010832,0.8398501573098918,0.9762864135612356,11.0,6.0,False,main,False
10372,4,4,9.398501573098917,1.6014984269010832,0.8544092339180834,0.9787089083764563,9.0,5.0,False,main,False
10372,5,5,10.398501573098917,1.6014984269010832,0.8665417977582431,0.9806820675163156,6.0,4.0,False,main,False
10372,6,6,11.398501573098917,1.6014984269010832,0.8768078133153013,0.9823203546482752,4.0,3.0,False,main,False
10372,7,7,12.398501573098917,1.6014984269010832,0.8856072552213512,0.9837023832331339,2.0,2.0,False,main,False
10372,8,8,13.398501573098917,1.6014984269010832,0.8932334382065945,0.9848839375196131,1.0,1.0,False,main,False
10372,9,9,14.398501573098917,1.6014984269010832,0.8999063483186823,0.9859057010347282,-1.0,-1.0,True,main,False
8470,1,1,6.205340301036188,1.7946596989638122,0.7756675376295235,0.9589229648733427,20.0,9.0,False,main,True
8470,2,2,7.205340301036188,1.7946596989638122,0.8005933667817986,0.9642482262474016,16.0,8.0,False,main,False
8470,3,3,8.205340301036188,1.7946596989638122,0.8205340301036188,0.9683495998651647,12.0,6.0,False,main,False
8470,4,4,9.205340301036188,1.7946596989638122,0.836849118276017,0.9716059242257009,9.0,5.0,False,main,False
8470,5,5,10.205340301036188,1.7946596989638122,0.850445025086349,0.9742541840474436,7.0,4.0,False,main,False
8470,6,6,11.205340301036188,1.7946596989638122,0.8619492539258606,0.9764502670867066,5.0,3.0,False,main,False
8470,7,7,12.205340301036188,1.7946596989638122,0.8718100215025848,0.9783009398006708,3.0,2.0,False,main,False
8470,8,8,13.205340301036188,1.7946596989638122,0.8803560200690792,0.9798817921303714,1.0,1.0,False,main,False
8470,9,9,14.205340301036188,1.7946596989638122,0.8878337688147617,0.9812478478811624,-1.0,-1.0,True,main,False
512,1,1,6.513515849408275,1.4864841505917243,0.8141894811760344,0.9748737303015723,17.0,8.0,False,main,True
512,2,2,7.513515849408275,1.4864841505917243,0.8348350943786973,0.9780833861454997,13.0,7.0,False,main,True
512,3,3,8.513515849408275,1.4864841505917243,0.8513515849408275,0.9805654253070323,10.0,6.0,False,main,False
512,4,4,9.513515849408275,1.4864841505917243,0.8648650772189341,0.9825422014988846,8.0,5.0,False,main,False
512,5,5,10.513515849408275,1.4864841505917243,0.876126320784023,0.9841538076887343,6.0,4.0,False,main,False
512,6,6,11.513515849408275,1.4864841505917243,0.8856550653390981,0.9854929096753436,4.0,3.0,False,main,False
512,7,7,12.513515849408275,1.4864841505917243,0.8938225606720197,0.9866232559792674,2.0,2.0,False,main,False
512,8,8,13.513515849408275,1.4864841505917243,0.9009010566272183,0.9875901443196042,1.0,1.0,False,main,False
512,9,9,14.513515849408275,1.4864841505917243,0.9070947405880172,0.9884266479835532,-1.0,-1.0,True,main,False
11037,1,1,6.559181334570427,1.4408186654295732,0.8198976668213034,0.9769552396991914,16.0,8.0,False,main,True
11037,2,2,7.559181334570427,1.4408186654295732,0.839909037174492,0.9798924112761811,13.0,7.0,False,main,False
11037,3,3,8.559181334570427,1.4408186654295732,0.8559181334570427,0.9821651123650894,10.0,6.0,False,main,False
11037,4,4,9.559181334570427,1.4408186654295732,0.869016484960948,0.9839760098955908,8.0,5.0,False,main,False
11037,5,5,10.559181334570427,1.4408186654295732,0.879931777880869,0.9854529279165729,6.0,4.0,False,main,False
11037,6,6,11.559181334570427,1.4408186654295732,0.889167794966956,0.986680486531309,4.0,3.0,False,main,False
11037,7,7,12.559181334570427,1.4408186654295732,0.8970843810407448,0.9877169378684205,2.0,2.0,False,main,False
11037,8,8,13.559181334570427,1.4408186654295732,0.9039454223046951,0.9886036966098712,1.0,1.0,False,main,False
11037,9,9,14.559181334570427,1.4408186654295732,0.9099488334106517,0.9893710146810784,-1.0,-1.0,True,main,False
2824,0,1,5.178372837743687,2.8216271622563127,0.6472966047179609,0.8863669689228808,51.0,16.0,False,main,True
6539,0,1,5.476967697978632,2.5230323020213676,0.684620962247329,0.9101350429934216,41.0,15.0,False,main,True
2653,1,1,6.1853684098755135,1.814631590124486,0.7731710512344392,0.9577822368004104,20.0,9.0,False,main,True
2541,0,1,5.178475642455212,2.8215243575447877,0.6473094553069015,0.8863754904207182,51.0,16.0,False,main,True
11655,0,1,5.181760430394622,2.818239569605378,0.6477200537993277,0.8866476472678977,51.0,16.0,False,main,True
8225,1,1,6.195024694000481,1.8049753059995184,0.7743780867500601,0.9583353105368331,20.0,9.0,False,main,True
8225,2,2,7.195024694000481,1.8049753059995184,0.7994471882222757,0.9637393771427885,16.0,8.0,False,main,False
8225,3,3,8.19502469400048,1.8049753059995184,0.8195024694000482,0.9679008806166354,12.0,6.0,False,main,False
8225,4,4,9.19502469400048,1.8049753059995184,0.8359113358182256,0.9712046044238497,9.0,5.0,False,main,False
8225,5,5,10.19502469400048,1.8049753059995184,0.8495853911667068,0.9738911940463603,7.0,4.0,False,main,False
8225,6,6,11.19502469400048,1.8049753059995184,0.8611557456923448,0.9761189157758922,5.0,3.0,False,main,False
8225,7,7,12.19502469400048,1.8049753059995184,0.8710731924286058,0.9779961490428413,3.0,2.0,False,main,False
8225,8,8,13.19502469400048,1.8049753059995184,0.8796683129333654,0.9795996164947518,1.0,1.0,False,main,False
8225,9,9,14.19502469400048,1.8049753059995184,0.8871890433750301,0.9809851608591628,-1.0,-1.0,True,main,False
10860,1,1,6.237278450653741,1.7627215493462591,0.7796598063317176,0.9607213731271086,20.0,9.0,False,main,True
10860,2,2,7.237278450653741,1.7627215493462591,0.8041420500726378,0.9658058281864564,15.0,8.0,False,main,False
10860,3,3,8.23727845065374,1.7627215493462591,0.823727845065374,0.9697233819799901,12.0,6.0,False,main,False
10860,4,4,9.23727845065374,1.7627215493462591,0.8397525864230673,0.9728347562750803,9.0,5.0,False,main,False
10860,5,5,10.23727845065374,1.7627215493462591,0.8531065375544783,0.9753657713316759,7.0,4.0,False,main,False
10860,6,6,11.23727845065374,1.7627215493462591,0.8644060346656723,0.977465056644285,5.0,3.0,False,main,False
10860,7,7,12.23727845065374,1.7627215493462591,0.8740913179038385,0.9792344542694215,3.0,2.0,False,main,False
10860,8,8,13.23727845065374,1.7627215493462591,0.8824852300435827,0.9807460946877703,1.0,1.0,False,main,False
10860,9,9,14.23727845065374,1.7627215493462591,0.8898299031658587,0.9820524998052472,-1.0,-1.0,True,main,False
5933,1,1,6.546351199028217,1.4536488009717838,0.8182938998785271,0.9763782465204167,16.0,8.0,False,main,True
5933,2,2,7.546351199028217,1.4536488009717838,0.8384834665586908,0.9793908601309163,13.0,7.0,False,main,True
5933,3,3,8.546351199028216,1.4536488009717838,0.8546351199028216,0.9817215394059885,10.0,6.0,False,main,False
5933,4,4,9.546351199028216,1.4536488009717838,0.8678501090025651,0.9835783903252929,8.0,5.0,False,main,False
5933,5,5,10.546351199028216,1.4536488009717838,0.8788625999190179,0.9850926285413522,6.0,4.0,False,main,False
5933,6,6,11.546351199028216,1.4536488009717838,0.8881808614637089,0.9863510992965052,4.0,3.0,False,main,False
5933,7,7,12.546351199028216,1.4536488009717838,0.8961679427877297,0.9874135753617949,2.0,2.0,False,main,False
5933,8,8,13.546351199028216,1.4536488009717838,0.9030900799352144,0.9883225460233412,1.0,1.0,False,main,False
5933,9,9,14.546351199028216,1.4536488009717838,0.9091469499392635,0.9891090441905251,-1.0,-1.0,True,main,False
4491,1,1,6.436614313258739,1.5633856867412619,0.8045767891573423,0.971196904484025,17.0,9.0,False,main,True
5052,0,1,5.2567413502277,2.7432586497723,0.6570926687784625,0.8927965737357031,48.0,16.0,False,main,True
11570,1,1,6.463724918544178,1.536275081455822,0.8079656148180222,0.9725172476175158,17.0,8.0,False,main,True
2790,0,1,5.312199663339281,2.687800336660719,0.6640249579174101,0.897265372690831,46.0,15.0,False,main,True
1401,1,1,6.354425370538288,1.645574629461712,0.794303171317286,0.9670381983292856,18.0,9.0,False,main,True
1401,2,2,7.354425370538288,1.645574629461712,0.8171583745042542,0.9712812847364732,14.0,7.0,False,main,True
1401,3,3,8.354425370538287,1.645574629461712,0.8354425370538288,0.9745556029435528,11.0,6.0,False,main,False
1401,4,4,9.354425370538287,1.645574629461712,0.8504023064125715,0.9771591743483576,9.0,5.0,False,main,False
1401,5,5,10.354425370538287,1.645574629461712,0.8628687808781906,0.9792790764934841,6.0,4.0,False,main,False
1401,6,6,11.354425370538287,1.645574629461712,0.8734173361952529,0.9810386995429855,4.0,3.0,False,main,False
1401,7,7,12.354425370538287,1.645574629461712,0.8824589550384491,0.9825227338946639,3.0,2.0,False,main,False
1401,8,8,13.354425370538287,1.645574629461712,0.8902950247025525,0.9837912447953412,1.0,1.0,False,main,False
1401,9,9,14.354425370538287,1.645574629461712,0.897151585658643,0.9848880189426622,-1.0,-1.0,True,main,False
11287,1,1,6.4069709742198775,1.5930290257801225,0.8008713717774847,0.9697237291233477,18.0,9.0,False,main,True
11287,2,2,7.4069709742198775,1.5930290257801225,0.8229967749133197,0.9736112973972741,14.0,7.0,False,main,True
11287,3,3,8.406970974219877,1.5930290257801225,0.8406970974219877,0.9766133435777802,11.0,6.0,False,main,False
11287,4,4,9.406970974219877,1.5930290257801225,0.8551791794745344,0.9790016848624126,8.0,5.0,False,main,False
11287,5,5,10.406970974219877,1.5930290257801225,0.8672475811849898,0.9809471573802981,6.0,4.0,False,main,False
11287,6,6,11.406970974219877,1.5930290257801225,0.8774593057092214,0.9825625456272894,4.0,3.0,False,main,False
11287,7,7,12.406970974219877,1.5930290257801225,0.886212212444277,0.9839253192662676,2.0,2.0,False,main,False
11287,8,8,13.406970974219877,1.5930290257801225,0.8937980649479919,0.9850904563998534,1.0,1.0,False,main,False
11287,9,9,14.406970974219877,1.5930290257801225,0.9004356858887423,0.986098055975033,-1.0,-1.0,True,main,False
1355,1,1,6.2151766941404345,1.7848233058595655,0.7768970867675543,0.9594802421833876,20.0,9.0,False,main,True
5472,0,1,5.362370855400481,2.6376291445995186,0.6702963569250602,0.9012492728150205,44.0,15.0,False,main,True
3109,0,1,5.298433912574885,2.701566087425115,0.6623042390718606,0.8961624763700409,47.0,15.0,False,main,True
4697,1,1,6.215917012737523,1.7840829872624773,0.7769896265921904,0.9595220626832172,20.0,9.0,False,main,True
6708,1,1,6.2479807282683275,1.752019271731672,0.7809975910335409,0.9613168346675526,20.0,9.0,False,main,True
6708,2,2,7.2479807282683275,1.752019271731672,0.8053311920298142,0.9663216791401155,15.0,8.0,False,main,True
6708,3,3,8.247980728268328,1.752019271731672,0.8247980728268327,0.9701784352780631,12.0,6.0,False,main,False
6708,4,4,9.247980728268328,1.752019271731672,0.8407255207516662,0.9732418519552085,9.0,5.0,False,main,False
6708,5,5,10.247980728268328,1.752019271731672,0.8539983940223607,0.9757340657521084,7.0,4.0,False,main,False
6708,6,6,11.247980728268328,1.752019271731672,0.8652292867898713,0.9778013098874586,5.0,3.0,False,main,False
6708,7,7,12.247980728268328,1.752019271731672,0.8748557663048805,0.979543799883384,3.0,2.0,False,main,False
6708,8,8,13.247980728268328,1.752019271731672,0.8831987152178885,0.9810325231184294,1.0,1.0,False,main,False
6708,9,9,14.247980728268328,1.752019271731672,0.8904987955167705,0.9823191745384258,-1.0,-1.0,True,main,False
1653,0,1,5.301530876945633,2.6984691230543665,0.6626913596182041,0.8964109680156155,46.0,15.0,False,main,True
4267,1,1,6.463921486593475,1.536078513406525,0.8079901858241844,0.9725267258339512,17.0,8.0,False,main,True
4267,2,2,7.463921486593475,1.536078513406525,0.8293246096214972,0.976044680510911,14.0,7.0,False,main,True
4267,3,3,8.463921486593474,1.536078513406525,0.8463921486593475,0.9787633455871424,11.0,6.0,False,main,False
4267,4,4,9.463921486593474,1.536078513406525,0.860356498781225,0.980927485745289,8.0,5.0,False,main,False
4267,5,5,10.463921486593474,1.536078513406525,0.871993457216123,0.9826911373814641,6.0,4.0,False,main,False
4267,6,6,11.463921486593474,1.536078513406525,0.8818401143533443,0.9841560982875532,4.0,3.0,False,main,False
4267,7,7,12.463921486593474,1.536078513406525,0.8902801061852482,0.9853923490337471,2.0,2.0,False,main,False
4267,8,8,13.463921486593474,1.536078513406525,0.8975947657728983,0.986449586376395,1.0,1.0,False,main,False
4267,9,9,14.463921486593474,1.536078513406525,0.9039950929120922,0.9873640776322361,-1.0,-1.0,True,main,False
10244,0,1,5.146973160294264,2.853026839705736,0.643371645036783,0.8837536310584349,53.0,16.0,False,main,True
10244,0,2,5.146973160294264,3.853026839705736,0.5718859066993627,0.8200561986823998,93.0,23.0,False,main,False
10244,0,3,5.146973160294264,4.853026839705736,0.5146973160294264,0.7614606906135382,162.0,32.0,False,main,True
10244,0,4,5.146973160294264,5.853026839705736,0.4679066509358422,0.708917892864357,285.0,43.0,False,main,True
10148,1,1,6.275765328168882,1.7242346718311177,0.7844706660211103,0.962845724327642,19.0,9.0,False,main,True
10148,2,2,7.275765328168882,1.7242346718311177,0.8084183697965425,0.9676464432641322,15.0,7.0,False,main,False
10148,3,3,8.275765328168882,1.7242346718311177,0.8275765328168883,0.971347249516281,12.0,6.0,False,main,False
10148,4,4,9.275765328168882,1.7242346718311177,0.8432513934698984,0.9742876150317349,9.0,5.0,False,main,False
10148,5,5,10.275765328168882,1.7242346718311177,0.8563137773474069,0.9766802480256541,7.0,4.0,False,main,False
10148,6,6,11.275765328168882,1.7242346718311177,0.8673665637052986,0.9786652451674352,5.0,3.0,False,main,False
10148,7,7,12.275765328168882,1.7242346718311177,0.8768403805834916,0.9803386548681933,3.0,2.0,False,main,False
10148,8,8,13.275765328168882,1.7242346718311177,0.8850510218779255,0.9817685349185916,1.0,1.0,False,main,False
10148,9,9,14.275765328168882,1.7242346718311177,0.8922353330105551,0.9830044602932353,-1.0,-1.0,True,main,False
10894,1,1,6.183005662341629,1.8169943376583704,0.7728757077927036,0.9576464708636683,20.0,9.0,False,main,True
10894,2,2,7.183005662341629,1.8169943376583704,0.7981117402601811,0.9631429854469458,16.0,8.0,False,main,False
10894,3,3,8.183005662341628,1.8169943376583704,0.818300566234163,0.967375012114157,12.0,6.0,False,main,False
10894,4,4,9.183005662341628,1.8169943376583704,0.8348186965765118,0.9707343185689465,9.0,5.0,False,main,False
10894,5,5,10.183005662341628,1.8169943376583704,0.8485838051951358,0.9734658492472597,7.0,4.0,False,main,False
10894,6,6,11.183005662341628,1.8169943376583704,0.86023120479551,0.9757306627541972,5.0,3.0,False,main,False
10894,7,7,12.183005662341628,1.8169943376583704,0.8702146901672593,0.9776390316211209,3.0,2.0,False,main,False
10894,8,8,13.183005662341628,1.8169943376583704,0.8788670441561086,0.9792690076535348,1.0,1.0,False,main,False
10894,9,9,14.183005662341628,1.8169943376583704,0.8864378538963519,0.9806773943714059,-1.0,-1.0,True,main,False
484,0,1,5.433034235746279,2.566965764253722,0.6791292794682848,0.9067640383566191,42.0,15.0,False,main,True
10348,0,1,5.514166596582025,2.485833403417975,0.6892708245727531,0.9129542128032608,40.0,15.0,False,main,True
10348,0,2,5.514166596582025,3.485833403417975,0.6126851773980028,0.8510515512829955,69.0,21.0,False,main,False
10348,0,3,5.514166596582025,4.485833403417975,0.5514166596582025,0.7924853338435491,115.0,28.0,False,main,True
10348,0,4,5.514166596582025,5.485833403417975,0.5012878724165477,0.7392259650755444,192.0,38.0,False,main,True
10348,0,5,5.514166596582025,6.485833403417975,0.4595138830485021,0.6914492998565145,324.0,50.0,False,main,True
5850,1,1,6.465012860186714,1.534987139813286,0.8081266075233392,0.9725793252074695,17.0,8.0,False,main,True
5850,2,2,7.465012860186714,1.534987139813286,0.8294458733540793,0.9760903585031739,14.0,7.0,False,main,True
5850,3,3,8.465012860186715,1.534987139813286,0.8465012860186715,0.9788037138507846,11.0,6.0,False,main,False
5850,4,4,9.465012860186715,1.534987139813286,0.8604557145624286,0.9809636512454346,8.0,5.0,False,main,False
5850,5,5,10.465012860186715,1.534987139813286,0.8720844050155595,0.9827238933466762,6.0,4.0,False,main,False
5850,6,6,11.465012860186715,1.534987139813286,0.8819240661682088,0.9841860326048174,4.0,3.0,False,main,False
5850,7,7,12.465012860186715,1.534987139813286,0.8903580614419082,0.9854199095297125,2.0,2.0,False,main,False
5850,8,8,13.465012860186715,1.534987139813286,0.8976675240124476,0.9864751220551065,1.0,1.0,False,main,False
5850,9,9,14.465012860186715,1.534987139813286,0.9040633037616697,0.9873878657706828,-1.0,-1.0,True,main,False
2836,0,1,5.532382010979589,2.4676179890204106,0.6915477513724486,0.9143228378923474,39.0,14.0,False,main,True
8834,1,1,6.185488662529479,1.8145113374705215,0.7731860828161848,0.9577891420545134,20.0,9.0,False,main,True
9468,0,1,5.424137652737611,2.57586234726239,0.6780172065922013,0.9060759887057246,42.0,15.0,False,main,True
9468,0,2,5.424137652737611,3.57586234726239,0.6026819614152901,0.843637550016813,74.0,21.0,False,main,False
9468,0,3,5.424137652737611,4.57586234726239,0.5424137652737611,0.7850146814813289,124.0,29.0,False,main,True
9468,0,4,5.424137652737611,5.57586234726239,0.4931034229761464,0.7319015085052913,210.0,39.0,False,main,True
5720,1,1,6.469296067616723,1.5307039323832774,0.8086620084520904,0.9727853465865459,17.0,8.0,False,main,True
7955,1,1,6.51615088840837,1.4838491115916304,0.8145188610510462,0.9749959341131363,17.0,8.0,False,main,True
7955,2,2,7.51615088840837,1.4838491115916304,0.8351278764898189,0.9781895678723777,13.0,7.0,False,main,False
7955,3,3,8.516150888408369,1.4838491115916304,0.8516150888408369,0.9806593032320416,10.0,6.0,False,main,False
7955,4,4,9.516150888408369,1.4838491115916304,0.8651046262189426,0.9826263331449914,8.0,5.0,False,main,False
7955,5,5,10.516150888408369,1.4838491115916304,0.8763459073673641,0.9842300277242373,6.0,4.0,False,main,False
7955,6,6,11.516150888408369,1.4838491115916304,0.8858577606467976,0.9855625790098509,4.0,3.0,False,main,False
7955,7,7,12.516150888408369,1.4838491115916304,0.8940107777434549,0.9866874120253093,2.0,2.0,False,main,False
7955,8,8,13.516150888408369,1.4838491115916304,0.9010767258938912,0.9876495960352043,1.0,1.0,False,main,False
7955,9,9,14.516150888408369,1.4838491115916304,0.907259430525523,0.9884820383872216,-1.0,-1.0,True,main,False
4391,0,1,5.152023081122132,2.847976918877868,0.6440028851402665,0.884175351727421,52.0,16.0,False,main,True
6872,0,1,5.5785673929558515,2.4214326070441485,0.6973209241194814,0.9177576973228069,38.0,14.0,False,main,True
6923,0,1,5.301326184823751,2.698673815176249,0.6626657731029689,0.8963945506583804,46.0,15.0,False,main,True
2608,1,1,6.33379828158148,1.6662017184185198,0.791724785197685,0.9659585249489578,19.0,9.0,False,main,True
7493,1,1,6.307285940389544,1.6927140596104557,0.788410742548693,0.9645500980279976,19.0,9.0,False,main,True
7493,2,2,7.307285940389544,1.6927140596104557,0.8119206600432827,0.9691237436779033,15.0,7.0,False,main,True
7493,3,3,8.307285940389544,1.6927140596104557,0.8307285940389544,0.9726509625902522,12.0,6.0,False,main,False
7493,4,4,9.307285940389544,1.6927140596104557,0.8461169036717767,0.9754542971098015,9.0,5.0,False,main,False
7493,5,5,10.307285940389544,1.6927140596104557,0.8589404950324621,0.9777359958911325,7.0,4.0,False,main,False
7493,6,6,11.307285940389544,1.6927140596104557,0.8697912261838111,0.9796293422726888,4.0,3.0,False,main,False
7493,7,7,12.307285940389544,1.6927140596104557,0.8790918528849675,0.9812257549505775,3.0,2.0,False,main,False
7493,8,8,13.307285940389544,1.6927140596104557,0.8871523960259696,0.9825900351760433,1.0,1.0,False,main,False
7493,9,9,14.307285940389544,1.6927140596104557,0.8942053712743465,0.9837694003198185,-1.0,-1.0,True,main,False
11243,1,1,6.548684018856079,1.4513159811439205,0.8185855023570099,0.9764836153710932,16.0,8.0,False,main,True
11243,2,2,7.548684018856079,1.4513159811439205,0.8387426687617866,0.9794824467445135,13.0,7.0,False,main,False
11243,3,3,8.548684018856079,1.4513159811439205,0.8548684018856079,0.9818025353041495,10.0,6.0,False,main,False
11243,4,4,9.548684018856079,1.4513159811439205,0.8680621835323709,0.983650992720827,8.0,5.0,False,main,False
11243,5,5,10.548684018856079,1.4513159811439205,0.8790570015713399,0.9851584147432074,6.0,4.0,False,main,False
11243,6,6,11.548684018856079,1.4513159811439205,0.8883603091427753,0.9864112399691023,4.0,3.0,False,main,False
11243,7,7,12.548684018856079,1.4513159811439205,0.8963345727754343,0.9874689633034,2.0,2.0,False,main,False
11243,8,8,13.548684018856079,1.4513159811439205,0.903245601257072,0.988373877688621,1.0,1.0,False,main,False
11243,9,9,14.548684018856079,1.4513159811439205,0.9092927511785049,0.9891568733496728,-1.0,-1.0,True,main,False
2357,0,1,5.21345115071784,2.78654884928216,0.65168139383973,0.8892613840888132,50.0,16.0,False,main,True
5695,0,1,5.151070098155257,2.8489299018447434,0.6438837622694071,0.8840958095098378,52.0,16.0,False,main,True
417,1,1,6.4470574397248,1.5529425602752003,0.8058821799656,0.9717085794427501,17.0,8.0,False,main,True
5729,1,1,6.253150364705954,1.7468496352940457,0.7816437955882443,0.9616031665815816,20.0,9.0,False,main,True
6433,1,1,6.304424856789575,1.6955751432104247,0.7880531070986969,0.9643967273269906,19.0,9.0,False,main,True
1576,1,1,6.464618895350794,1.5353811046492059,0.8080773619188493,0.9725603427394038,17.0,8.0,False,main,True
1576,2,2,7.464618895350794,1.5353811046492059,0.8294020994834216,0.9760738738138719,14.0,7.0,False,main,True
1576,3,3,8.464618895350794,1.5353811046492059,0.8464618895350794,0.9787891453426993,11.0,6.0,False,main,False
1576,4,4,9.464618895350794,1.5353811046492059,0.8604198995773449,0.9809505994438202,8.0,5.0,False,main,False
1576,5,5,10.464618895350794,1.5353811046492059,0.8720515746125662,0.9827120719939365,6.0,4.0,False,main,False
1576,6,6,11.464618895350794,1.5353811046492059,0.8818937611808303,0.9841752295450453,4.0,3.0,False,main,False
1576,7,7,12.464618895350794,1.5353811046492059,0.8903299210964853,0.9854099631510077,2.0,2.0,False,main,False
1576,8,8,13.464618895350794,1.5353811046492059,0.8976412596900529,0.9864659064082089,1.0,1.0,False,main,False
1576,9,9,14.464618895350794,1.5353811046492059,0.9040386809594246,0.9873792807909909,-1.0,-1.0,True,main,False
7555,1,1,6.279507249750088,1.7204927502499126,0.784938406218761,0.9630497390140788,19.0,9.0,False,main,True
5126,1,1,6.484658082494641,1.515341917505359,0.8105822603118301,0.9735188572420551,17.0,8.0,False,main,True
5126,2,2,7.484658082494641,1.515341917505359,0.8316286758327379,0.9769063526645508,13.0,7.0,False,main,False
5126,3,3,8.48465808249464,1.515341917505359,0.848465808249464,0.9795249163165601,11.0,6.0,False,main,False
5126,4,4,9.48465808249464,1.515341917505359,0.862241643863149,0.9816098121034027,8.0,5.0,False,main,False
5126,5,5,10.48465808249464,1.515341917505359,0.8737215068745533,0.9833091682784716,6.0,4.0,False,main,False
5126,6,6,11.48465808249464,1.515341917505359,0.8834352371149723,0.9847209147047367,4.0,3.0,False,main,False
5126,7,7,12.48465808249464,1.515341917505359,0.89176129160676,0.9859123931360131,2.0,2.0,False,main,False
5126,8,8,13.48465808249464,1.515341917505359,0.8989772054996427,0.9869314381308179,1.0,1.0,False,main,False
5126,9,9,14.48465808249464,1.515341917505359,0.905291130155915,0.9878129651966961,-1.0,-1.0,True,main,False
7427,1,1,6.305974538294663,1.6940254617053365,0.7882468172868329,0.9644798324689711,19.0,9.0,False,main,True
5242,1,1,6.198735488594773,1.8012645114052268,0.7748419360743466,0.9585470846958655,20.0,9.0,False,main,True
560,0,1,5.497530362565646,2.5024696374343534,0.6871912953207058,0.9116974163225249,40.0,15.0,False,main,True
4337,0,1,5.166300843445104,2.833699156554897,0.645787605430638,0.8853647401712619,52.0,16.0,False,main,True
3534,1,1,6.254674201015465,1.7453257989845352,0.7818342751269332,0.9616874055619615,20.0,9.0,False,main,True
3534,2,2,7.254674201015465,1.7453257989845352,0.8060749112239406,0.9666427371164399,15.0,8.0,False,main,True
3534,3,3,8.254674201015465,1.7453257989845352,0.8254674201015465,0.9704616740506073,12.0,6.0,False,main,False
3534,4,4,9.254674201015465,1.7453257989845352,0.8413340182741332,0.973495254630366,9.0,5.0,False,main,False
