arm,s,n,post_a,post_b,q_mean,q_opt,m_mean,m_opt,confirmed,sel_kind,would_differ
7371,1,1,6.603540068097423,1.396459931902577,0.8254425085121779,0.9789021881654788,16.0,8.0,False,main,True
3295,1,1,6.7119978145169,1.2880021854830994,0.8389997268146125,0.9833391547485064,15.0,8.0,False,main,True
3295,2,2,7.7119978145169,1.2880021854830994,0.8568886460574334,0.9854465282964471,12.0,7.0,False,main,True
3295,3,3,8.7119978145169,1.2880021854830994,0.8711997814516901,0.987080485058703,10.0,6.0,False,main,False
3295,4,4,9.7119978145169,1.2880021854830994,0.8829088922288091,0.9883844847813918,7.0,5.0,False,main,False
3295,5,5,10.7119978145169,1.2880021854830994,0.8926664845430751,0.9894493289704027,6.0,4.0,False,main,False
3295,6,6,11.7119978145169,1.2880021854830994,0.9009229088089923,0.9903352953750061,4.0,3.0,False,main,False
3295,7,7,12.7119978145169,1.2880021854830994,0.9079998438940643,0.9910839716964708,2.0,2.0,False,main,False
3295,8,8,13.7119978145169,1.2880021854830994,0.91413318763446,0.991724979360557,1.0,1.0,False,main,False
3295,9,9,14.7119978145169,1.2880021854830994,0.9194998634073063,0.9922799891130158,-1.0,-1.0,True,main,False
8854,1,1,6.716349011987521,1.2836509880124787,0.8395436264984402,0.9835072920040892,15.0,8.0,False,main,True
8418,1,1,6.616790509559772,1.383209490440228,0.8270988136949715,0.9794691422069421,16.0,8.0,False,main,True
8418,2,2,7.616790509559772,1.383209490440228,0.8463100566177525,0.982078453555768,12.0,7.0,False,main,False
8418,3,3,8.616790509559772,1.383209490440228,0.8616790509559772,0.9840990130340111,10.0,6.0,False,main,False
8418,4,4,9.616790509559772,1.383209490440228,0.874253682687252,0.9857099561181385,8.0,5.0,False,main,False
8418,5,5,10.616790509559772,1.383209490440228,0.8847325424633143,0.9870244156777478,6.0,4.0,False,main,False
8418,6,6,11.616790509559772,1.383209490440228,0.8935992699661364,0.9881173642354237,4.0,3.0,False,main,False
8418,7,7,12.616790509559772,1.383209490440228,0.9011993221114123,0.9890404558529781,2.0,2.0,False,main,False
8418,8,8,13.616790509559772,1.383209490440228,0.9077860339706515,0.989830439615124,1.0,1.0,False,main,False
8418,9,9,14.616790509559772,1.383209490440228,0.9135494068474858,0.9905141749032403,-1.0,-1.0,True,main,False
2673,1,1,6.792169496631934,1.207830503368066,0.8490211870789918,0.986310441112304,14.0,8.0,False,main,True
3956,1,1,6.780475688690507,1.2195243113094925,0.8475594610863134,0.9858939407505118,14.0,8.0,False,main,True
7793,1,1,6.616213222541914,1.383786777458086,0.8270266528177392,0.9794445831693466,16.0,8.0,False,main,True
7793,2,2,7.616213222541914,1.383786777458086,0.8462459136157682,0.9820570907871615,12.0,7.0,False,main,False
7793,3,3,8.616213222541914,1.383786777458086,0.8616213222541914,0.9840801097800336,10.0,6.0,False,main,False
7793,4,4,9.616213222541914,1.383786777458086,0.8742012020492649,0.9856930041823342,8.0,5.0,False,main,False
7793,5,5,10.616213222541914,1.383786777458086,0.8846844352118262,0.9870090496993066,6.0,4.0,False,main,False
7793,6,6,11.616213222541914,1.383786777458086,0.8935548632724549,0.988103312725399,4.0,3.0,False,main,False
7793,7,7,12.616213222541914,1.383786777458086,0.9011580873244224,0.9890275115621934,2.0,2.0,False,main,False
7793,8,8,13.616213222541914,1.383786777458086,0.9077475481694609,0.9898184407425411,1.0,1.0,False,main,False
7793,9,9,14.616213222541914,1.383786777458086,0.9135133264088696,0.9905029927090777,-1.0,-1.0,True,main,False
11523,1,1,6.929563274911308,1.0704367250886921,0.8661954093639135,0.9907544178033487,13.0,8.0,False,main,True
11523,2,2,7.929563274911308,1.0704367250886921,0.8810625861012564,0.991910761152823,11.0,7.0,False,main,False
11523,3,3,8.929563274911308,1.0704367250886921,0.8929563274911307,0.9928099928863341,9.0,6.0,False,main,False
11523,4,4,9.929563274911308,1.0704367250886921,0.9026875704464825,0.993529290617138,7.0,5.0,False,main,False
11523,5,5,10.929563274911308,1.0704367250886921,0.9107969395759423,0.9941177514048692,5.0,4.0,False,main,False
11523,6,6,11.929563274911308,1.0704367250886921,0.917658713454716,0.9946080985668441,4.0,3.0,False,main,False
11523,7,7,12.929563274911308,1.0704367250886921,0.9235402339222363,0.9950229823528516,2.0,2.0,False,main,False
11523,8,8,13.929563274911308,1.0704367250886921,0.9286375516607539,0.9953785790226347,1.0,1.0,False,main,False
11523,9,9,14.929563274911308,1.0704367250886921,0.9330977046819567,0.9956867496744161,-1.0,-1.0,True,main,False
7877,1,1,6.797544421136631,1.2024555788633693,0.8496930526420788,0.986499914571901,14.0,8.0,False,main,True
7877,2,2,7.797544421136631,1.2024555788633693,0.8663938245707368,0.9882000537343778,11.0,7.0,False,main,False
7877,3,3,8.797544421136632,1.2024555788633693,0.8797544421136632,0.9895197837155921,9.0,6.0,False,main,False
7877,4,4,9.797544421136632,1.2024555788633693,0.8906858564669665,0.9905739555678584,7.0,5.0,False,main,False
7877,5,5,10.797544421136632,1.2024555788633693,0.8997953684280526,0.9914354075876921,5.0,4.0,False,main,False
7877,6,6,11.797544421136632,1.2024555788633693,0.9075034170105101,0.9921525684628882,4.0,3.0,False,main,False
7877,7,7,12.797544421136632,1.2024555788633693,0.9141103157954736,0.9927588930851075,2.0,2.0,False,main,False
7877,8,8,13.797544421136632,1.2024555788633693,0.9198362947424421,0.993278235059083,1.0,1.0,False,main,False
7877,9,9,14.797544421136632,1.2024555788633693,0.9248465263210395,0.9937280607564452,-1.0,-1.0,True,main,False
10926,0,1,5.765588801292821,2.2344111987071793,0.7206986001616026,0.9311344078471271,33.0,14.0,False,main,True
10926,0,2,5.765588801292821,3.2344111987071793,0.6406209779214245,0.8710991402223895,57.0,19.0,False,main,False
10926,0,3,5.765588801292821,4.234411198707179,0.576558880129282,0.8128756307217502,93.0,26.0,False,main,False
10926,0,4,5.765588801292821,5.234411198707179,0.5241444364811655,0.7593151617875968,152.0,35.0,False,main,True
4510,1,1,6.631100178963562,1.368899821036438,0.8288875223704453,0.9800737596438898,15.0,8.0,False,main,True
9602,1,1,6.817589072968373,1.1824109270316276,0.8521986341210466,0.9871955215286433,14.0,8.0,False,main,True
9602,2,2,7.817589072968373,1.1824109270316276,0.8686210081075969,0.9888063919940463,11.0,7.0,False,main,False
9602,3,3,8.817589072968373,1.1824109270316276,0.8817589072968373,0.9900571677467132,9.0,6.0,False,main,False
9602,4,4,9.817589072968373,1.1824109270316276,0.8925080975425793,0.9910564719399747,7.0,5.0,False,main,False
9602,5,5,10.817589072968373,1.1824109270316276,0.9014657560806977,0.9918732252819509,5.0,4.0,False,main,False
9602,6,6,11.817589072968373,1.1824109270316276,0.9090453133052594,0.9925532686038228,4.0,3.0,False,main,False
9602,7,7,12.817589072968373,1.1824109270316276,0.9155420766405981,0.9931282785260005,2.0,2.0,False,main,False
9602,8,8,13.817589072968373,1.1824109270316276,0.9211726048645582,0.9936208462966135,1.0,1.0,False,main,False
9602,9,9,14.817589072968373,1.1824109270316276,0.9260993170605233,0.9940475173760662,-1.0,-1.0,True,main,False
8176,1,1,6.672514960071953,1.3274850399280471,0.8340643700089941,0.981778218817754,15.0,8.0,False,main,True
8176,2,2,7.672514960071953,1.3274850399280471,0.8525016622302171,0.9840876230865453,12.0,7.0,False,main,False
8176,3,3,8.672514960071954,1.3274850399280471,0.8672514960071952,0.9858772766726615,10.0,6.0,False,main,False
8176,4,4,9.672514960071954,1.3274850399280471,0.8793195418247229,0.9873049461353894,8.0,5.0,False,main,False
8176,5,5,10.672514960071954,1.3274850399280471,0.8893762466726627,0.9884703971773402,6.0,4.0,False,main,False
8176,6,6,11.672514960071954,1.3274850399280471,0.897885766159381,0.9894398108091771,4.0,3.0,False,main,False
8176,7,7,12.672514960071954,1.3274850399280471,0.9051796400051395,0.9902588211351713,2.0,2.0,False,main,False
8176,8,8,13.672514960071954,1.3274850399280471,0.9115009973381302,0.990959916155924,1.0,1.0,False,main,False
8176,9,9,14.672514960071954,1.3274850399280471,0.9170321850044971,0.9915668542459252,-1.0,-1.0,True,main,False
7904,0,1,5.659519756551951,2.340480243448049,0.7074399695689939,0.923654122211514,36.0,14.0,False,main,True
7904,0,2,5.659519756551951,3.340480243448049,0.6288355285057724,0.8627611385117366,61.0,20.0,False,main,False
7904,0,3,5.659519756551951,4.340480243448049,0.5659519756551952,0.8043588199284059,102.0,27.0,False,main,True
7904,0,4,5.659519756551951,5.340480243448049,0.5145017960501774,0.7509056969193085,167.0,36.0,False,main,True
8386,0,1,5.761228356185827,2.238771643814173,0.7201535445232283,0.9308325072992825,33.0,14.0,False,main,True
8386,0,2,5.761228356185827,3.238771643814173,0.6401364840206474,0.8707598610726174,57.0,19.0,False,main,False
8386,0,3,5.761228356185827,4.238771643814173,0.5761228356185827,0.8125279805376222,94.0,26.0,False,main,True
8386,0,4,5.761228356185827,5.238771643814173,0.5237480323805297,0.7589713443927972,152.0,35.0,False,main,True
8106,1,1,6.59082115614142,1.4091788438585802,0.8238526445176775,0.9783516121943577,16.0,8.0,False,main,True
8106,2,2,7.59082115614142,1.4091788438585802,0.8434245729046022,0.9811065009709813,13.0,7.0,False,main,False
8106,3,3,8.59082115614142,1.4091788438585802,0.8590821156141419,0.9832390530367066,10.0,6.0,False,main,False
8106,4,4,9.59082115614142,1.4091788438585802,0.8718928323764927,0.9849388308580777,8.0,5.0,False,main,False
8106,5,5,10.59082115614142,1.4091788438585802,0.8825684296784516,0.9863254807092143,6.0,4.0,False,main,False
8106,6,6,11.59082115614142,1.4091788438585802,0.8916016273954939,0.9874782542646692,4.0,3.0,False,main,False
8106,7,7,12.59082115614142,1.4091788438585802,0.8993443682958157,0.98845173315154,2.0,2.0,False,main,False
8106,8,8,13.59082115614142,1.4091788438585802,0.9060547437427613,0.9892847371706172,1.0,1.0,False,main,False
8106,9,9,14.59082115614142,1.4091788438585802,0.9119263222588387,0.9900056317617549,-1.0,-1.0,True,main,False
4031,1,1,6.686826298467393,1.3131737015326075,0.8358532873084241,0.9823513076898469,15.0,8.0,False,main,True
4254,0,1,5.888502630379281,2.111497369620719,0.7360628287974101,0.9394408394124523,31.0,13.0,False,main,True
11618,1,1,6.608948795118749,1.391051204881251,0.8261185993898437,0.9791344345258156,16.0,8.0,False,main,True
10308,1,1,6.5898375538085805,1.41016244619142,0.8237296942260726,0.9783087756651606,16.0,8.0,False,main,True
10308,2,2,7.5898375538085805,1.41016244619142,0.843315283756509,0.98106925008301,13.0,7.0,False,main,False
10308,3,3,8.58983755380858,1.41016244619142,0.858983755380858,0.9832060980226631,10.0,6.0,False,main,False
10308,4,4,9.58983755380858,1.41016244619142,0.8718034139825982,0.9849092827129676,8.0,5.0,False,main,False
10308,5,5,10.58983755380858,1.41016244619142,0.8824864628173817,0.9862987006553001,6.0,4.0,False,main,False
10308,6,6,11.58983755380858,1.41016244619142,0.8915259656775831,0.9874537678581488,4.0,3.0,False,main,False
10308,7,7,12.58983755380858,1.41016244619142,0.8992741109863271,0.9884291783444407,2.0,2.0,False,main,False
10308,8,8,13.58983755380858,1.41016244619142,0.9059891702539054,0.9892638313955178,1.0,1.0,False,main,False
10308,9,9,14.58983755380858,1.41016244619142,0.9118648471130363,0.9899861502469813,-1.0,-1.0,True,main,False
3990,1,1,6.88258163873238,1.11741836126762,0.8603227048415475,0.9893297269190182,13.0,8.0,False,main,True
11274,1,1,6.843007888657022,1.1569921113429777,0.8553759860821277,0.9880524594350572,14.0,8.0,False,main,True
9277,1,1,6.748403994331739,1.2515960056682602,0.8435504992914674,0.9847218295567455,14.0,8.0,False,main,True
9277,2,2,7.748403994331739,1.2515960056682602,0.860933777147971,0.9866507429118306,12.0,7.0,False,main,False
9277,3,3,8.748403994331738,1.2515960056682602,0.874840399433174,0.9881470634929037,9.0,6.0,False,main,False
9277,4,4,9.748403994331738,1.2515960056682602,0.8862185449392491,0.9893416751438049,7.0,5.0,False,main,False
9277,5,5,10.748403994331738,1.2515960056682602,0.8957003328609784,0.9903174894745133,5.0,4.0,False,main,False
9277,6,6,11.748403994331738,1.2515960056682602,0.9037233841793646,0.9911295831549171,4.0,3.0,False,main,False
9277,7,7,12.748403994331738,1.2515960056682602,0.91060028530941,0.9918159758761945,2.0,2.0,False,main,False
9277,8,8,13.748403994331738,1.2515960056682602,0.9165602662887826,0.992403759692472,1.0,1.0,False,main,False
9277,9,9,14.748403994331738,1.2515960056682602,0.9217752496457338,0.9929127622555985,-1.0,-1.0,True,main,False
4245,1,1,6.644068616606317,1.3559313833936828,0.8305085770757896,0.9806147836771778,15.0,8.0,False,main,True
7382,0,1,5.712553773079058,2.287446226920942,0.7140692216348823,0.927429600109844,34.0,14.0,False,main,True
8571,1,1,6.593447191894526,1.4065528081054737,0.8241808989868158,0.9784657964155068,16.0,8.0,False,main,True
5850,1,1,6.7054847546322485,1.2945152453677513,0.8381855943290311,0.9830860291703545,15.0,8.0,False,main,True
5850,2,2,7.7054847546322485,1.2945152453677513,0.8561649727369165,0.9852261246479214,12.0,7.0,False,main,True
5850,3,3,8.705484754632248,1.2945152453677513,0.8705484754632249,0.9868853072323477,10.0,6.0,False,main,False
5850,4,4,9.705484754632248,1.2945152453677513,0.8823167958756589,0.9882093489092645,7.0,5.0,False,main,False
5850,5,5,10.705484754632248,1.2945152453677513,0.8921237295526874,0.989290500786042,6.0,4.0,False,main,False
5850,6,6,11.705484754632248,1.2945152453677513,0.9004219042024807,0.9901899956548275,4.0,3.0,False,main,False
5850,7,7,12.705484754632248,1.2945152453677513,0.9075346253308749,0.9909500760878759,2.0,2.0,False,main,False
5850,8,8,13.705484754632248,1.2945152453677513,0.9136989836421499,0.9916008275750384,1.0,1.0,False,main,False
5850,9,9,14.705484754632248,1.2945152453677513,0.9190927971645155,0.9921642589075397,-1.0,-1.0,True,main,False
11056,0,1,5.725635970057398,2.274364029942602,0.7157044962571748,0.9283500935401962,34.0,14.0,False,main,True
11056,0,2,5.725635970057398,3.274364029942602,0.636181774450822,0.8679792319092372,58.0,19.0,False,main,False
11056,0,3,5.725635970057398,4.274364029942602,0.5725635970057399,0.8096823258453789,96.0,26.0,False,main,True
11056,0,4,5.725635970057398,5.274364029942602,0.520512360914309,0.7561588477900092,157.0,35.0,False,main,True
11402,1,1,6.591239580538534,1.4087604194614651,0.8239049475673168,0.9783698236327085,16.0,8.0,False,main,True
336,1,1,6.790070786139148,1.2099292138608522,0.8487588482673935,0.986236121948218,14.0,8.0,False,main,True
3362,1,1,6.841367554763028,1.1586324452369714,0.8551709443453785,0.9879980154817043,14.0,8.0,False,main,True
7575,1,1,6.929871924473802,1.070128075526198,0.8662339905592252,0.990763443622622,13.0,8.0,False,main,True
1165,1,1,6.812659740205088,1.1873402597949114,0.851582467525636,0.9870260733039199,14.0,8.0,False,main,True
3748,1,1,6.775820638247812,1.2241793617521877,0.8469775797809765,0.9857265165671943,14.0,8.0,False,main,True
11261,1,1,6.66610671706913,1.3338932829308694,0.8332633396336413,0.9815189386814083,15.0,8.0,False,main,True
11261,2,2,7.66610671706913,1.3338932829308694,0.8517896352299034,0.9838619575064022,12.0,7.0,False,main,False
11261,3,3,8.66610671706913,1.3338932829308694,0.8666106717069131,0.9856775046638422,10.0,6.0,False,main,False
11261,4,4,9.66610671706913,1.3338932829308694,0.8787369742790119,0.9871257341344438,8.0,5.0,False,main,False
11261,5,5,10.66610671706913,1.3338932829308694,0.8888422264224275,0.9883079063356579,6.0,4.0,False,main,False
11261,6,6,11.66610671706913,1.3338932829308694,0.8973928243899331,0.9892911860026404,4.0,3.0,False,main,False
11261,7,7,12.66610671706913,1.3338932829308694,0.9047219083620808,0.9901218812041903,2.0,2.0,False,main,False
11261,8,8,13.66610671706913,1.3338932829308694,0.911073781137942,0.9908329572015439,1.0,1.0,False,main,False
11261,9,9,14.66610671706913,1.3338932829308694,0.9166316698168206,0.9914485198242728,-1.0,-1.0,True,main,False
4691,0,1,5.60857459622528,2.3914254037747202,0.70107182452816,0.9199619547895365,37.0,14.0,False,main,True
8061,0,1,5.712307249304167,2.2876927506958333,0.7140384061630208,0.9274122127493534,34.0,14.0,False,main,True
8061,0,2,5.712307249304167,3.2876927506958333,0.6347008054782407,0.8669327973773413,59.0,19.0,False,main,False
8061,0,3,5.712307249304167,4.287692750695833,0.5712307249304167,0.8086130432021676,97.0,26.0,False,main,True
8061,0,4,5.712307249304167,5.287692750695833,0.5193006590276515,0.7551028363051413,159.0,35.0,False,main,True
9779,1,1,6.7326010794415945,1.2673989205584055,0.8415751349301993,0.9841283984937765,15.0,8.0,False,main,True
9779,2,2,7.7326010794415945,1.2673989205584055,0.8591778977157327,0.986133846660935,12.0,7.0,False,main,False
9779,3,3,8.732601079441594,1.2673989205584055,0.8732601079441593,0.9876892064327168,9.0,6.0,False,main,False
9779,4,4,9.732601079441594,1.2673989205584055,0.8847819163128722,0.9889307477310565,7.0,5.0,False,main,False
9779,5,5,10.732601079441594,1.2673989205584055,0.8943834232867994,0.9899447624964425,6.0,4.0,False,main,False
9779,6,6,11.732601079441594,1.2673989205584055,0.902507775341661,0.990788556359426,4.0,3.0,False,main,False
9779,7,7,12.732601079441594,1.2673989205584055,0.9094715056743995,0.9915016784512826,2.0,2.0,False,main,False
9779,8,8,13.732601079441594,1.2673989205584055,0.9155067386294395,0.9921123052504828,1.0,1.0,False,main,False
9779,9,9,14.732601079441594,1.2673989205584055,0.9207875674650996,0.992641054725764,-1.0,-1.0,True,main,False
8262,1,1,6.761851398154478,1.2381486018455221,0.8452314247693098,0.9852185749357296,14.0,8.0,False,main,True
8262,2,2,7.761851398154478,1.2381486018455221,0.8624279331282754,0.9870834921190548,12.0,7.0,False,main,False
8262,3,3,8.761851398154478,1.2381486018455221,0.8761851398154479,0.9885304314521083,9.0,6.0,False,main,False
8262,4,4,9.761851398154478,1.2381486018455221,0.8874410361958617,0.98968578161109,7.0,5.0,False,main,False
8262,5,5,10.761851398154478,1.2381486018455221,0.8968209498462065,0.9906296316079148,5.0,4.0,False,main,False
8262,6,6,11.761851398154478,1.2381486018455221,0.9047577998580368,0.9914151961872062,4.0,3.0,False,main,False
8262,7,7,12.761851398154478,1.2381486018455221,0.9115608141538913,0.9920792170447064,2.0,2.0,False,main,False
8262,8,8,13.761851398154478,1.2381486018455221,0.9174567598769652,0.9926478798575087,1.0,1.0,False,main,False
8262,9,9,14.761851398154478,1.2381486018455221,0.9226157123846549,0.9931403515757665,-1.0,-1.0,True,main,False
8300,1,1,6.5897030396153795,1.41029696038462,0.8237128799519224,0.9783029146078539,16.0,8.0,False,main,True
8300,2,2,7.5897030396153795,1.41029696038462,0.8433003377350422,0.9810641533054806,13.0,7.0,False,main,False
8300,3,3,8.58970303961538,1.41029696038462,0.858970303961538,0.9832015890402794,10.0,6.0,False,main,False
8300,4,4,9.58970303961538,1.41029696038462,0.87179118541958,0.9849052398810907,8.0,5.0,False,main,False
8300,5,5,10.58970303961538,1.41029696038462,0.8824752533012816,0.9862950365695258,6.0,4.0,False,main,False
8300,6,6,11.58970303961538,1.41029696038462,0.8915156184319523,0.9874504176006236,4.0,3.0,False,main,False
8300,7,7,12.58970303961538,1.41029696038462,0.89926450282967,0.9884260923767513,2.0,2.0,False,main,False
8300,8,8,13.58970303961538,1.41029696038462,0.9059802026410253,0.9892609710546924,1.0,1.0,False,main,False
8300,9,9,14.58970303961538,1.41029696038462,0.9118564399759612,0.9899834847782605,-1.0,-1.0,True,main,False
4481,0,1,5.653170424045571,2.346829575954428,0.7066463030056964,0.923197436315142,36.0,14.0,False,main,True
10757,1,1,6.815428580248968,1.1845714197510318,0.851928572531121,0.987121383522237,14.0,8.0,False,main,True
10757,2,2,7.815428580248968,1.1845714197510318,0.8683809533609964,0.9887417619275005,11.0,7.0,False,main,False
10757,3,3,8.815428580248968,1.1845714197510318,0.8815428580248967,0.9899998832566543,9.0,6.0,False,main,False
10757,4,4,9.815428580248968,1.1845714197510318,0.8923116891135425,0.991005033218179,7.0,5.0,False,main,False
10757,5,5,10.815428580248968,1.1845714197510318,0.9012857150207473,0.9918265494201081,5.0,4.0,False,main,False
10757,6,6,11.815428580248968,1.1845714197510318,0.9088791215576129,0.9925105481529234,4.0,3.0,False,main,False
10757,7,7,12.815428580248968,1.1845714197510318,0.9153877557320691,0.9930888953583044,2.0,2.0,False,main,False
10757,8,8,13.815428580248968,1.1845714197510318,0.9210285720165978,0.9935843167009705,1.0,1.0,False,main,False
10757,9,9,14.815428580248968,1.1845714197510318,0.9259642862655605,0.9940134557137319,-1.0,-1.0,True,main,False
5845,1,1,6.805549165825262,1.1944508341747375,0.8506936457281578,0.9867797868894869,14.0,8.0,False,main,True
4611,1,1,6.708059872900984,1.2919401270990156,0.838507484112623,0.9831863169083677,15.0,8.0,False,main,True
890,1,1,6.660576111095604,1.3394238889043966,0.8325720138869505,0.9812938490012594,15.0,8.0,False,main,True
890,2,2,7.660576111095604,1.3394238889043966,0.8511751234550671,0.9836660624790419,12.0,7.0,False,main,True
890,3,3,8.660576111095605,1.3394238889043966,0.8660576111095603,0.9855040958384605,10.0,6.0,False,main,False
890,4,4,9.660576111095605,1.3394238889043966,0.8782341919177821,0.9869701781595073,8.0,5.0,False,main,False
890,5,5,10.660576111095605,1.3394238889043966,0.8883813425913002,0.988166868769971,6.0,4.0,False,main,False
890,6,6,11.660576111095605,1.3394238889043966,0.8969673931612002,0.9891621871267322,4.0,3.0,False,main,False
890,7,7,12.660576111095605,1.3394238889043966,0.9043268650782573,0.9900030268059712,2.0,2.0,False,main,False
890,8,8,13.660576111095605,1.3394238889043966,0.9107050740730402,0.9907227676457312,1.0,1.0,False,main,False
890,9,9,14.660576111095605,1.3394238889043966,0.9162860069434753,0.9913458172689035,-1.0,-1.0,True,main,False
3452,1,1,6.8945960086164355,1.1054039913835647,0.8618245010770544,0.9897036083379775,13.0,8.0,False,main,True
3452,2,2,7.8945960086164355,1.1054039913835647,0.8771773342907151,0.9909937566129271,11.0,7.0,False,main,False
3452,3,3,8.894596008616436,1.1054039913835647,0.8894596008616436,0.991996559100399,9.0,6.0,False,main,False
3452,4,4,9.894596008616436,1.1054039913835647,0.8995087280560395,0.9927984022928686,7.0,5.0,False,main,False
3452,5,5,10.894596008616436,1.1054039913835647,0.9078830007180363,0.9934541964973514,5.0,4.0,False,main,False
3452,6,6,11.894596008616436,1.1054039913835647,0.9149689237397258,0.9940005158206193,4.0,3.0,False,main,False
3452,7,7,12.894596008616436,1.1054039913835647,0.9210425720440311,0.9944626625882964,2.0,2.0,False,main,False
3452,8,8,13.894596008616436,1.1054039913835647,0.926306400574429,0.9948586992176867,1.0,1.0,False,main,False
3452,9,9,14.894596008616436,1.1054039913835647,0.9309122505385272,0.9952018649440366,-1.0,-1.0,True,main,False
8233,0,1,5.771747869113229,2.228252130886771,0.7214684836391536,0.9315600072396603,33.0,14.0,False,main,True
8233,0,2,5.771747869113229,3.228252130886771,0.6413053187903588,0.8715778534648408,57.0,19.0,False,main,False
8233,0,3,5.771747869113229,4.228252130886771,0.5771747869113228,0.8133663194962726,93.0,26.0,False,main,False
8233,0,4,5.771747869113229,5.228252130886771,0.5247043517375662,0.7598005225342807,151.0,35.0,False,main,False
8233,0,5,5.771747869113229,6.228252130886771,0.4809789890927691,0.711427404704559,246.0,45.0,False,main,False
8233,0,6,5.771747869113229,7.228252130886771,0.4439806053164022,0.6680112251966145,411.0,59.0,False,main,True
8233,0,7,5.771747869113229,8.228252130886771,0.4122677049366592,0.629072374128647,712.0,76.0,False,main,True
8233,0,8,5.771747869113229,9.228252130886771,0.3847831912742153,0.5940873048807929,1321.0,98.0,False,main,True
8233,0,9,5.771747869113229,10.228252130886771,0.3607342418195768,0.5625622148619767,-1.0,125.0,False,main,True
8233,0,10,5.771747869113229,11.228252130886771,0.3395145805360723,0.5340569189555394,-1.0,161.0,False,main,True
6458,1,1,6.6667071270488725,1.3332928729511275,0.8333383908811091,0.9815433012602673,15.0,8.0,False,main,True
11481,1,1,6.610511008286487,1.3894889917135136,0.8263138760358109,0.9792013043711614,16.0,8.0,False,main,True
11481,2,2,7.610511008286487,1.3894889917135136,0.8456123342540541,0.9818454810797456,13.0,7.0,False,main,True
11481,3,3,8.610511008286487,1.3894889917135136,0.8610511008286487,0.9838928677631562,10.0,6.0,False,main,False
11481,4,4,9.610511008286487,1.3894889917135136,0.8736828189351352,0.98552509395534,8.0,5.0,False,main,False
11481,5,5,10.610511008286487,1.3894889917135136,0.8842092506905406,0.9868568510159823,6.0,4.0,False,main,False
11481,6,6,11.610511008286487,1.3894889917135136,0.8931162314066529,0.9879641356316726,4.0,3.0,False,main,False
11481,7,7,12.610511008286487,1.3894889917135136,0.9007507863061777,0.9888993026919436,2.0,2.0,False,main,False
11481,8,8,13.610511008286487,1.3894889917135136,0.9073674005524325,0.9896995970756834,1.0,1.0,False,main,False
11481,9,9,14.610511008286487,1.3894889917135136,0.9131569380179054,0.9903922388145946,-1.0,-1.0,True,main,False
7555,1,1,6.6050862129305,1.3949137870695,0.8256357766163125,0.9789686935943667,16.0,8.0,False,main,True
11095,1,1,6.661885788165932,1.3381142118340674,0.8327357235207415,0.9813472616530052,15.0,8.0,False,main,True
11095,2,2,7.661885788165932,1.3381142118340674,0.851320643129548,0.983712546318255,12.0,7.0,False,main,False
11095,3,3,8.661885788165932,1.3381142118340674,0.8661885788165933,0.9855452432169863,10.0,6.0,False,main,False
11095,4,4,9.661885788165932,1.3381142118340674,0.8783532534696302,0.9870070888089386,8.0,5.0,False,main,False
11095,5,5,10.661885788165932,1.3381142118340674,0.888490482347161,0.9882003340881047,6.0,4.0,False,main,False
11095,6,6,11.661885788165932,1.3381142118340674,0.8970681375512256,0.9891927956300152,4.0,3.0,False,main,False
11095,7,7,12.661885788165932,1.3381142118340674,0.9044204134404238,0.9900312280379862,2.0,2.0,False,main,False
11095,8,8,13.661885788165932,1.3381142118340674,0.9107923858777288,0.9907489127520298,1.0,1.0,False,main,False
11095,9,9,14.661885788165932,1.3381142118340674,0.9163678617603708,0.991370185767923,-1.0,-1.0,True,main,False
6084,1,1,6.772823663787994,1.2271763362120054,0.8466029579734993,0.9856182392268616,14.0,8.0,False,main,True
1558,1,1,6.843669478564431,1.1563305214355692,0.8554586848205539,0.9880743845311163,14.0,8.0,False,main,True
3205,0,1,5.704904798015845,2.2950952019841546,0.7131130997519807,0.926889405397093,35.0,14.0,False,main,True
193,1,1,6.88899497585782,1.11100502414218,0.8611243719822275,0.9895301182179305,13.0,8.0,False,main,True
3168,1,1,6.769305495061376,1.2306945049386244,0.846163186882672,0.9854906452337828,14.0,8.0,False,main,True
3168,2,2,7.769305495061376,1.2306945049386244,0.8632561661179307,0.9873205384156213,12.0,7.0,False,main,False
3168,3,3,8.769305495061376,1.2306945049386244,0.8769305495061376,0.9887404466056265,9.0,6.0,False,main,False
3168,4,4,9.769305495061376,1.2306945049386244,0.888118681369216,0.989874301681236,7.0,5.0,False,main,False
3168,5,5,10.769305495061376,1.2306945049386244,0.897442124588448,0.9908006494355213,5.0,4.0,False,main,False
3168,6,6,11.769305495061376,1.2306945049386244,0.9053311919277982,0.9915716863447992,4.0,3.0,False,main,False
3168,7,7,12.769305495061376,1.2306945049386244,0.9120932496472411,0.9922234550242098,2.0,2.0,False,main,False
3168,8,8,13.769305495061376,1.2306945049386244,0.9179536996707583,0.9927816452583508,1.0,1.0,False,main,False
3168,9,9,14.769305495061376,1.2306945049386244,0.923081593441336,0.9932650624612478,-1.0,-1.0,True,main,False
6366,0,1,5.688686485319599,2.3113135146804007,0.7110858106649499,0.9257391679793175,35.0,14.0,False,main,True
9908,1,1,6.781765272767389,1.2182347272326113,0.8477206590959236,0.9859401587915657,14.0,8.0,False,main,True
9908,2,2,7.781765272767389,1.2182347272326113,0.8646405858630433,0.9877122279828832,11.0,7.0,False,main,False
9908,3,3,8.78176527276739,1.2182347272326113,0.8781765272767389,0.9890874993984172,9.0,6.0,False,main,False
9908,4,4,9.78176527276739,1.2182347272326113,0.889251388433399,0.9901858540060526,7.0,5.0,False,main,False
9908,5,5,10.78176527276739,1.2182347272326113,0.8984804393972824,0.9910832921904571,5.0,4.0,False,main,False
9908,6,6,11.78176527276739,1.2182347272326113,0.9062896363667222,0.9918303304343442,4.0,3.0,False,main,False
9908,7,7,12.78176527276739,1.2182347272326113,0.9129832337690992,0.9924618577248959,2.0,2.0,False,main,False
9908,8,8,13.78176527276739,1.2182347272326113,0.9187843515178259,0.993002745376675,1.0,1.0,False,main,False
9908,9,9,14.78176527276739,1.2182347272326113,0.9238603295479618,0.9934712020003186,-1.0,-1.0,True,main,False
11506,1,1,6.672988732949099,1.327011267050901,0.8341235916186374,0.9817973225701925,15.0,8.0,False,main,True
11506,2,2,7.672988732949099,1.327011267050901,0.852554303661011,0.9841042507436786,12.0,7.0,False,main,True
11506,3,3,8.672988732949099,1.327011267050901,0.8672988732949098,0.9858919968418224,10.0,6.0,False,main,False
11506,4,4,9.672988732949099,1.327011267050901,0.8793626120862817,0.9873181516411285,8.0,5.0,False,main,False
11506,5,5,10.672988732949099,1.327011267050901,0.8894157277457583,0.9884823707772602,6.0,4.0,False,main,False
11506,6,6,11.672988732949099,1.327011267050901,0.8979222102268538,0.9894507628152484,4.0,3.0,False,main,False
11506,7,7,12.672988732949099,1.327011267050901,0.9052134809249356,0.9902689122220769,2.0,2.0,False,main,False
11506,8,8,13.672988732949099,1.327011267050901,0.9115325821966066,0.9909692718460968,1.0,1.0,False,main,False
11506,9,9,14.672988732949099,1.327011267050901,0.9170617958093187,0.9915755744689643,-1.0,-1.0,True,main,False
10148,1,1,6.694084693750636,1.3059153062493647,0.8367605867188295,0.9826388053287153,15.0,8.0,False,main,True
10148,2,2,7.694084693750636,1.3059153062493647,0.8548982993056262,0.984836752172247,12.0,7.0,False,main,False
10148,3,3,8.694084693750636,1.3059153062493647,0.8694084693750636,0.9865405252575689,10.0,6.0,False,main,False
10148,4,4,9.694084693750636,1.3059153062493647,0.8812804267046033,0.987899989269736,7.0,5.0,False,main,False
10148,5,5,10.694084693750636,1.3059153062493647,0.8911737244792196,0.9890099603461939,6.0,4.0,False,main,False
10148,6,6,11.694084693750636,1.3059153062493647,0.8995449764423566,0.9899333607954098,4.0,3.0,False,main,False
10148,7,7,12.694084693750636,1.3059153062493647,0.9067203352679025,0.9907135914636562,2.0,2.0,False,main,False
10148,8,8,13.694084693750636,1.3059153062493647,0.9129389795833757,0.9913815585030754,1.0,1.0,False,main,False
10148,9,9,14.694084693750636,1.3059153062493647,0.9183802933594147,0.9919598684332124,-1.0,-1.0,True,main,False
9808,0,1,5.672336352397084,2.3276636476029164,0.7090420440496354,0.9245729426232225,35.0,14.0,False,main,True
9808,0,2,5.672336352397084,3.3276636476029164,0.6302595947107871,0.8637779988050022,61.0,20.0,False,main,False
9808,0,3,5.672336352397084,4.327663647602916,0.5672336352397084,0.8053945724471028,101.0,27.0,False,main,False
9808,0,4,5.672336352397084,5.327663647602916,0.5156669411270076,0.7519269291298221,165.0,36.0,False,main,False
9808,0,5,5.672336352397084,6.327663647602916,0.4726946960330903,0.7037711467058554,273.0,47.0,False,main,True
9808,0,6,5.672336352397084,7.327663647602916,0.43633356556900643,0.660622745506118,462.0,61.0,False,main,True
9808,0,7,5.672336352397084,8.327663647602916,0.4051668823140774,0.6219686196833449,821.0,79.0,False,main,True
2653,1,1,6.732261095856355,1.2677389041436444,0.8415326369820444,0.9841155172152278,15.0,8.0,False,main,True
4356,1,1,6.88107239668347,1.1189276033165299,0.8601340495854337,0.9892822996505242,13.0,8.0,False,main,True
1875,1,1,6.692784521333754,1.3072154786662462,0.8365980651667192,0.9825874638096426,15.0,8.0,False,main,True
9559,1,1,6.604369421627348,1.3956305783726517,0.8255461777034185,0.9789378731987771,16.0,8.0,False,main,True
9559,2,2,7.604369421627348,1.3956305783726517,0.844929935736372,0.9816163571401183,13.0,7.0,False,main,False
9559,3,3,8.604369421627348,1.3956305783726517,0.8604369421627348,0.9836901382955994,10.0,6.0,False,main,False
9559,4,4,9.604369421627348,1.3956305783726517,0.8731244928752134,0.9853433022916476,8.0,5.0,False,main,False
9559,5,5,10.604369421627348,1.3956305783726517,0.883697451802279,0.986692074925483,6.0,4.0,False,main,False
9559,6,6,11.604369421627348,1.3956305783726517,0.8926438016636422,0.9878134610729293,4.0,3.0,False,main,False
9559,7,7,12.604369421627348,1.3956305783726517,0.9003121015448106,0.9887605054272742,2.0,2.0,False,main,False
9559,8,8,13.604369421627348,1.3956305783726517,0.9069579614418232,0.9895709408090714,1.0,1.0,False,main,False
9559,9,9,14.604369421627348,1.3956305783726517,0.9127730888517093,0.9902723421556463,-1.0,-1.0,True,main,False
3354,1,1,6.625306423833649,1.3746935761663512,0.8281633029792062,0.979829921883434,16.0,8.0,False,main,True
2608,1,1,6.6586665653894945,1.3413334346105057,0.8323333206736868,0.9812158494831209,15.0,8.0,False,main,True
2499,1,1,6.595719219449851,1.4042807805501492,0.8244649024312314,0.9785643746308779,16.0,8.0,False,main,True
6851,1,1,6.593010087763751,1.4069899122362486,0.8241262609704689,0.9784468087486858,16.0,8.0,False,main,True
6851,2,2,7.593010087763751,1.4069899122362486,0.8436677875293057,0.9811892858632958,13.0,7.0,False,main,True
6851,3,3,8.593010087763751,1.4069899122362486,0.8593010087763752,0.9833122919114272,10.0,6.0,False,main,False
6851,4,4,9.593010087763751,1.4069899122362486,0.8720918261603411,0.9850044990208803,8.0,5.0,False,main,False
6851,5,5,10.593010087763751,1.4069899122362486,0.8827508406469793,0.9863849975271554,6.0,4.0,False,main,False
6851,6,6,11.593010087763751,1.4069899122362486,0.8917700067510578,0.98753267398276,4.0,3.0,False,main,False
6851,7,7,12.593010087763751,1.4069899122362486,0.8995007205545537,0.9885018602818216,2.0,2.0,False,main,False
6851,8,8,13.593010087763751,1.4069899122362486,0.9062006725175834,0.9893311996218506,1.0,1.0,False,main,False
6851,9,9,14.593010087763751,1.4069899122362486,0.9120631304852345,0.9900489290193588,-1.0,-1.0,True,main,False
7811,1,1,6.738598428740849,1.261401571259151,0.8423248035926061,0.9843548362371688,15.0,8.0,False,main,True
7811,2,2,7.738598428740849,1.261401571259151,0.8598442698600943,0.9863310702179297,12.0,7.0,False,main,False
7811,3,3,8.738598428740849,1.261401571259151,0.8738598428740849,0.9878638962696284,9.0,6.0,False,main,False
7811,4,4,9.738598428740849,1.261401571259151,0.8853271298855317,0.9890875270911007,7.0,5.0,False,main,False
7811,5,5,10.738598428740849,1.261401571259151,0.8948832023950707,0.9900869637138418,6.0,4.0,False,main,False
7811,6,6,11.738598428740849,1.261401571259151,0.9029691099031422,0.9909186606653252,4.0,3.0,False,main,False
7811,7,7,12.738598428740849,1.261401571259151,0.9098998877672034,0.9916215831391016,2.0,2.0,False,main,False
7811,8,8,13.738598428740849,1.261401571259151,0.9159065619160566,0.9922234936180684,1.0,1.0,False,main,False
7811,9,9,14.738598428740849,1.261401571259151,0.921162401796303,0.9927447083773068,-1.0,-1.0,True,main,False
10211,1,1,6.858010184929682,1.141989815070318,0.8572512731162103,0.988544877056776,14.0,8.0,False,main,True
10211,2,2,7.858010184929682,1.141989815070318,0.8731122427699647,0.9899829690623064,11.0,7.0,False,main,False
10211,3,3,8.858010184929682,1.141989815070318,0.8858010184929682,0.9911002047294113,9.0,6.0,False,main,False
10211,4,4,9.858010184929682,1.141989815070318,0.8961827440845166,0.991993200218538,7.0,5.0,False,main,False
10211,5,5,10.858010184929682,1.141989815070318,0.9048341820774736,0.9927233156680703,5.0,4.0,False,main,False
10211,6,6,11.858010184929682,1.141989815070318,0.9121546296099756,0.9933313935826165,4.0,3.0,False,main,False
10211,7,7,12.858010184929682,1.141989815070318,0.9184292989235487,0.9938456737040585,2.0,2.0,False,main,False
10211,8,8,13.858010184929682,1.141989815070318,0.9238673456619788,0.9942863062077754,1.0,1.0,False,main,False
10211,9,9,14.858010184929682,1.141989815070318,0.9286256365581051,0.9946680549484785,-1.0,-1.0,True,main,False
4125,1,1,6.593895311883013,1.4061046881169872,0.8242369139853766,0.9784852550087578,16.0,8.0,False,main,True
871,1,1,6.92361955062257,1.07638044937743,0.8654524438278213,0.9905797503907027,13.0,8.0,False,main,True
871,2,2,7.92361955062257,1.07638044937743,0.8804021722913967,0.9917583105076373,11.0,7.0,False,main,False
871,3,3,8.92361955062257,1.07638044937743,0.892361955062257,0.9926747440005164,9.0,6.0,False,main,False
871,4,4,9.92361955062257,1.07638044937743,0.9021472318747791,0.9934077545765136,7.0,5.0,False,main,False
871,5,5,10.92361955062257,1.07638044937743,0.9103016292185475,0.994007403143313,5.0,4.0,False,main,False
871,6,6,11.92361955062257,1.07638044937743,0.9172015038940439,0.9945070517367792,4.0,3.0,False,main,False
871,7,7,12.92361955062257,1.07638044937743,0.9231156821873264,0.9949297906378255,2.0,2.0,False,main,False
871,8,8,13.92361955062257,1.07638044937743,0.928241303374838,0.9952921091385941,1.0,1.0,False,main,False
871,9,9,14.92361955062257,1.07638044937743,0.9327262219139106,0.9956060971075165,-1.0,-1.0,True,main,False
9770,1,1,6.755982643750562,1.2440173562494379,0.8444978304688202,0.9850027187887288,14.0,8.0,False,main,True
9770,2,2,7.755982643750562,1.2440173562494379,0.861775849305618,0.98689543711575,12.0,7.0,False,main,False
9770,3,3,8.755982643750562,1.2440173562494379,0.8755982643750562,0.9883638302208861,9.0,6.0,False,main,False
9770,4,4,9.755982643750562,1.2440173562494379,0.8869075130682329,0.9895362386049138,7.0,5.0,False,main,False
9770,5,5,10.755982643750562,1.2440173562494379,0.8963318869792135,0.9904939770250443,5.0,4.0,False,main,False
9770,6,6,11.755982643750562,1.2440173562494379,0.9043063572115817,0.9912910688703875,4.0,3.0,False,main,False
9770,7,7,12.755982643750562,1.2440173562494379,0.9111416174107544,0.991964810922731,2.0,2.0,False,main,False
9770,8,8,13.755982643750562,1.2440173562494379,0.9170655095833707,0.9925417825626317,1.0,1.0,False,main,False
9770,9,9,14.755982643750562,1.2440173562494379,0.9222489152344101,0.9930414377458302,-1.0,-1.0,True,main,False
11984,1,1,6.680759568373024,1.3192404316269752,0.835094946046628,0.9821093762596252,15.0,8.0,False,main,True
10778,1,1,6.822597307664297,1.1774026923357037,0.8528246634580371,0.9873665991648481,14.0,8.0,False,main,True
10778,2,2,7.822597307664297,1.1774026923357037,0.8691774786293663,0.9889555353632584,11.0,7.0,False,main,False
10778,3,3,8.822597307664296,1.1774026923357037,0.8822597307664296,0.9901893640866671,9.0,6.0,False,main,False
10778,4,4,9.822597307664296,1.1774026923357037,0.892963391605845,0.9911751807230431,7.0,5.0,False,main,False
10778,5,5,10.822597307664296,1.1774026923357037,0.9018831089720246,0.9919809445470971,5.0,4.0,False,main,False
10778,6,6,11.822597307664296,1.1774026923357037,0.9094305621280228,0.9926518610790126,4.0,3.0,False,main,False
10778,7,7,12.822597307664296,1.1774026923357037,0.9158998076903069,0.9932191702606215,2.0,2.0,False,main,False
10778,8,8,13.822597307664296,1.1774026923357037,0.9215064871776197,0.9937051532819902,1.0,1.0,False,main,False
10778,9,9,14.822597307664296,1.1774026923357037,0.9264123317290185,0.9941261293683044,-1.0,-1.0,True,main,False
7720,0,1,5.661054081287147,2.338945918712853,0.7076317601608934,0.9237643317770776,36.0,14.0,False,main,True
7720,0,2,5.661054081287147,3.338945918712853,0.6290060090319052,0.8628830055026024,61.0,20.0,False,main,False
7720,0,3,5.661054081287147,4.338945918712853,0.5661054081287147,0.8044829098727462,102.0,27.0,False,main,True
7720,0,4,5.661054081287147,5.338945918712853,0.5146412801170134,0.75102802637338,167.0,36.0,False,main,True
9622,1,1,6.809560562670246,1.1904394373297542,0.8511950703337807,0.9869189974665521,14.0,8.0,False,main,True
9622,2,2,7.809560562670246,1.1904394373297542,0.867728951407805,0.9885653389233033,11.0,7.0,False,main,False
9622,3,3,8.809560562670246,1.1904394373297542,0.8809560562670246,0.9898435169964361,9.0,6.0,False,main,False
9622,4,4,9.809560562670246,1.1904394373297542,0.8917782329700223,0.990864627558461,7.0,5.0,False,main,False
9622,5,5,10.809560562670246,1.1904394373297542,0.9007967135558538,0.9916991470725475,5.0,4.0,False,main,False
9622,6,6,11.809560562670246,1.1904394373297542,0.9084277355900189,0.992393944227007,4.0,3.0,False,main,False
9622,7,7,12.809560562670246,1.1904394373297542,0.9149686116193033,0.992981402036535,2.0,2.0,False,main,False
9622,8,8,13.809560562670246,1.1904394373297542,0.920637370844683,0.9934846132573291,1.0,1.0,False,main,False
9622,9,9,14.809560562670246,1.1904394373297542,0.9255975351668904,0.9939204892417114,-1.0,-1.0,True,main,False
11499,1,1,6.7556675919823235,1.244332408017676,0.8444584489977904,0.9849910899977287,14.0,8.0,False,main,True
11634,0,1,5.923253828399639,2.0767461716003606,0.7404067285499549,0.9417164413837138,30.0,13.0,False,main,True
8028,0,1,5.690352881463309,2.3096471185366907,0.7112941101829137,0.9258576553296886,35.0,14.0,False,main,True
8028,0,2,5.690352881463309,3.3096471185366907,0.632261431273701,0.8652030890144569,60.0,20.0,False,main,False
8028,0,3,5.690352881463309,4.309647118536691,0.569035288146331,0.8068474672580396,99.0,27.0,False,main,True
8028,0,4,5.690352881463309,5.309647118536691,0.5173048074057554,0.7533601271896545,162.0,36.0,False,main,True
11037,1,1,6.7671936521265055,1.232806347873495,0.8458992065158132,0.9854138027428744,14.0,8.0,False,main,True
11037,2,2,7.7671936521265055,1.232806347873495,0.863021516902945,0.9872535860133518,12.0,7.0,False,main,False
11037,3,3,8.767193652126505,1.232806347873495,0.8767193652126505,0.9886811276732944,9.0,6.0,False,main,False
11037,4,4,9.767193652126505,1.232806347873495,0.8879266956478641,0.9898210531114083,7.0,5.0,False,main,False
11037,5,5,10.767193652126505,1.232806347873495,0.8972661376772088,0.9907523437841205,5.0,4.0,False,main,False
11037,6,6,11.767193652126505,1.232806347873495,0.9051687424712695,0.9915274836538238,4.0,3.0,False,main,False
11037,7,7,12.767193652126505,1.232806347873495,0.9119424037233218,0.9921827127173656,2.0,2.0,False,main,False
11037,8,8,13.767193652126505,1.232806347873495,0.917812910141767,0.9927438607786199,1.0,1.0,False,main,False
11037,9,9,14.767193652126505,1.232806347873495,0.9229496032579065,0.9932298353383444,-1.0,-1.0,True,main,False
4555,1,1,6.668795632637368,1.331204367362632,0.833599454079671,0.9816279334160372,15.0,8.0,False,main,True
4555,2,2,7.668795632637368,1.331204367362632,0.8520884036263742,0.9839568196220327,12.0,7.0,False,main,True
4555,3,3,8.668795632637368,1.331204367362632,0.8668795632637367,0.9857614807096209,10.0,6.0,False,main,False
4555,4,4,9.668795632637368,1.331204367362632,0.8789814211488516,0.9872010666722258,8.0,5.0,False,main,False
4555,5,5,10.668795632637368,1.331204367362632,0.8890663027197806,0.9883762093918002,6.0,4.0,False,main,False
4555,6,6,11.668795632637368,1.331204367362632,0.8975996640490282,0.9893536599627536,4.0,3.0,False,main,False
4555,7,7,12.668795632637368,1.331204367362632,0.904913973759812,0.9901794430737042,2.0,2.0,False,main,False
4555,8,8,13.668795632637368,1.331204367362632,0.9112530421758245,0.9908863233199058,1.0,1.0,False,main,False
4555,9,9,14.668795632637368,1.331204367362632,0.9167997270398355,0.9914982604461899,-1.0,-1.0,True,main,False
5705,1,1,6.679380469664549,1.3206195303354509,0.8349225587080686,0.9820541729961786,15.0,8.0,False,main,True
6739,0,1,5.634539339675776,2.3654606603242243,0.704317417459472,0.9218516427310586,36.0,14.0,False,main,True
1090,1,1,6.810541297346989,1.1894587026530103,0.8513176621683737,0.9869529266534567,14.0,8.0,False,main,True
1090,2,2,7.810541297346989,1.1894587026530103,0.8678379219274432,0.9885949147228928,11.0,7.0,False,main,True
1090,3,3,8.81054129734699,1.1894587026530103,0.881054129734699,0.9898697299197372,9.0,6.0,False,main,False
1090,4,4,9.81054129734699,1.1894587026530103,0.8918673906679082,0.9908881644988073,7.0,5.0,False,main,False
1090,5,5,10.81054129734699,1.1894587026530103,0.9008784414455825,0.9917205039196216,5.0,4.0,False,main,False
1090,6,6,11.81054129734699,1.1894587026530103,0.9085031767189993,0.9924134906899382,4.0,3.0,False,main,False
1090,7,7,12.81054129734699,1.1894587026530103,0.9150386640962136,0.9929994211135074,2.0,2.0,False,main,False
1090,8,8,13.81054129734699,1.1894587026530103,0.920702753156466,0.9935013263895187,1.0,1.0,False,main,False
1090,9,9,14.81054129734699,1.1894587026530103,0.9256588310841869,0.9939360729616863,-1.0,-1.0,True,main,False
2893,1,1,6.649339258413871,1.350660741586129,0.8311674073017339,0.9808327739157453,15.0,8.0,False,main,True
4391,0,1,5.589940839363616,2.410059160636384,0.698742604920452,0.9185957203665378,37.0,14.0,False,main,True
8407,1,1,6.748577389775262,1.251422610224738,0.8435721737219077,0.9847282830746021,14.0,8.0,False,main,True
8407,2,2,7.748577389775262,1.251422610224738,0.8609530433083624,0.9866563646107803,12.0,7.0,False,main,False
8407,3,3,8.748577389775262,1.251422610224738,0.8748577389775262,0.9881520434216532,9.0,6.0,False,main,False
8407,4,4,9.748577389775262,1.251422610224738,0.8862343081613875,0.989346144873069,7.0,5.0,False,main,False
8407,5,5,10.748577389775262,1.251422610224738,0.8957147824812718,0.9903215438638836,5.0,4.0,False,main,False
8407,6,6,11.748577389775262,1.251422610224738,0.9037367222904048,0.9911332928517977,4.0,3.0,False,main,False
8407,7,7,12.748577389775262,1.251422610224738,0.910612670698233,0.9918193949115064,2.0,2.0,False,main,False
8407,8,8,13.748577389775262,1.251422610224738,0.9165718259850174,0.9924069303138153,1.0,1.0,False,main,False
8407,9,9,14.748577389775262,1.251422610224738,0.9217860868609539,0.9929157181219922,-1.0,-1.0,True,main,False
230,1,1,6.925197348405554,1.0748026515944455,0.8656496685506943,0.9906262753740763,13.0,8.0,False,main,True
1957,1,1,6.83414491808095,1.1658550819190496,0.8542681147601188,0.9877568812330189,14.0,8.0,False,main,True
1957,2,2,7.83414491808095,1.1658550819190496,0.870460546453439,0.9892958092054085,11.0,7.0,False,main,True
1957,3,3,8.83414491808095,1.1658550819190496,0.8834144918080951,0.9904909938089628,9.0,6.0,False,main,False
1957,4,4,9.83414491808095,1.1658550819190496,0.8940131743709955,0.9914460509983625,7.0,5.0,False,main,False
1957,5,5,10.83414491808095,1.1658550819190496,0.9028454098400792,0.9922267498028176,5.0,4.0,False,main,False
1957,6,6,11.83414491808095,1.1658550819190496,0.9103188398523808,0.9928768481185265,4.0,3.0,False,main,False
1957,7,7,12.83414491808095,1.1658550819190496,0.9167246370057821,0.9934265906911469,2.0,2.0,False,main,False
1957,8,8,13.83414491808095,1.1658550819190496,0.9222763278720634,0.9938975519804397,1.0,1.0,False,main,False
1957,9,9,14.83414491808095,1.1658550819190496,0.9271340573800594,0.9943055354790715,-1.0,-1.0,True,main,False
1220,1,1,6.633859615454615,1.3661403845453848,0.8292324519318269,0.9801894323842246,15.0,8.0,False,main,True
1220,2,2,7.633859615454615,1.3661403845453848,0.8482066239394017,0.9827050606789413,12.0,7.0,False,main,False
1220,3,3,8.633859615454615,1.3661403845453848,0.8633859615454614,0.984653518775494,10.0,6.0,False,main,False
1220,4,4,9.633859615454615,1.3661403845453848,0.8758054195867832,0.986207250663364,8.0,5.0,False,main,False
1220,5,5,10.633859615454615,1.3661403845453848,0.8861549679545512,0.9874752061464849,6.0,4.0,False,main,False
1220,6,6,11.633859615454615,1.3661403845453848,0.8949122781118934,0.9885296079778052,4.0,3.0,False,main,False
1220,7,7,12.633859615454615,1.3661403845453848,0.9024185439610439,0.9894202280988963,2.0,2.0,False,main,False
1220,8,8,13.633859615454615,1.3661403845453848,0.9089239743636409,0.9901824838306943,1.0,1.0,False,main,False
1220,9,9,14.633859615454615,1.3661403845453848,0.9146162259659134,0.9908422656365379,-1.0,-1.0,True,main,False
5402,0,1,5.761352472602016,2.2386475273979842,0.720169059075252,0.930841107379844,33.0,14.0,False,main,True
560,0,1,5.594967234083274,2.4050327659167263,0.6993709042604093,0.9189650842662155,37.0,14.0,False,main,True
1478,1,1,6.794480589666054,1.2055194103339464,0.8493100737082567,0.9863920624523486,14.0,8.0,False,main,True
5386,1,1,6.7168743672209414,1.2831256327790588,0.8396092959026177,0.9835275399432105,15.0,8.0,False,main,True
5410,1,1,6.843861279331502,1.1561387206684972,0.8554826599164378,0.9880807371991123,14.0,8.0,False,main,True
7015,1,1,6.7310258504397975,1.268974149560202,0.8413782313049747,0.9840686759479299,15.0,8.0,False,main,True
9747,1,1,6.6967108408618525,1.303289159138147,0.8370888551077316,0.9827422979064646,15.0,8.0,False,main,True
9747,2,2,7.6967108408618525,1.303289159138147,0.8551900934290947,0.98492685300058,12.0,7.0,False,main,False
9747,3,3,8.696710840861853,1.303289159138147,0.8696710840861852,0.9866203049351513,10.0,6.0,False,main,False
9747,4,4,9.696710840861853,1.303289159138147,0.8815191673510775,0.9879715704601096,7.0,5.0,False,main,False
9747,5,5,10.696710840861853,1.303289159138147,0.891392570071821,0.9890748716995434,6.0,4.0,False,main,False
9747,6,6,11.696710840861853,1.303289159138147,0.8997469877586041,0.9899927397471653,4.0,3.0,False,main,False
9747,7,7,12.696710840861853,1.303289159138147,0.906907917204418,0.99076830727123,2.0,2.0,False,main,False
9747,8,8,13.696710840861853,1.303289159138147,0.9131140560574569,0.9914322904286735,1.0,1.0,False,main,False
9747,9,9,14.696710840861853,1.303289159138147,0.9185444275538658,0.9920071573652651,-1.0,-1.0,True,main,False
6579,1,1,6.626674334853573,1.3733256651464272,0.8283342918566966,0.9798876104885321,15.0,8.0,False,main,True
10591,1,1,6.647230087861508,1.352769912138492,0.8309037609826885,0.9807456717478342,15.0,8.0,False,main,True
10591,2,2,7.647230087861508,1.352769912138492,0.849692231984612,0.983189034211277,12.0,7.0,False,main,False
10591,3,3,8.647230087861509,1.352769912138492,0.8647230087861508,0.9850818573425849,10.0,6.0,False,main,False
10591,4,4,9.647230087861509,1.352769912138492,0.877020917078319,0.9865914335118801,8.0,5.0,False,main,False
10591,5,5,10.647230087861509,1.352769912138492,0.8872691739884591,0.9878234903892773,6.0,4.0,False,main,False
10591,6,6,11.647230087861509,1.352769912138492,0.8959407759893468,0.9888481317662856,4.0,3.0,False,main,False
10591,7,7,12.647230087861509,1.352769912138492,0.9033735777043935,0.9897136787532202,2.0,2.0,False,main,False
10591,8,8,13.647230087861509,1.352769912138492,0.9098153391907673,0.9904545218045959,1.0,1.0,False,main,False
10591,9,9,14.647230087861509,1.352769912138492,0.9154518804913443,0.991095804123704,-1.0,-1.0,True,main,False
5452,1,1,6.729285752247401,1.2707142477525988,0.8411607190309252,0.984002583029731,15.0,8.0,False,main,True
5396,1,1,6.702382957074444,1.2976170429255558,0.8377978696343055,0.9829648702312189,15.0,8.0,False,main,True
5396,2,2,7.702382957074444,1.2976170429255558,0.8558203285638271,0.9851206336361913,12.0,7.0,False,main,True
5396,3,3,8.702382957074445,1.2976170429255558,0.8702382957074445,0.9867918937009896,10.0,6.0,False,main,False
5396,4,4,9.702382957074445,1.2976170429255558,0.8820348142794949,0.9881255302452197,7.0,5.0,False,main,False
5396,5,5,10.702382957074445,1.2976170429255558,0.8918652464228704,0.9892144887913116,6.0,4.0,False,main,False
5396,6,6,11.702382957074445,1.2976170429255558,0.9001833043903419,0.990120459574938,4.0,3.0,False,main,False
5396,7,7,12.702382957074445,1.2976170429255558,0.9073130683624603,0.9908859988039699,2.0,2.0,False,main,False
5396,8,8,13.702382957074445,1.2976170429255558,0.9134921971382963,0.9915414142022996,1.0,1.0,False,main,False
5396,9,9,14.702382957074445,1.2976170429255558,0.9188989348171528,0.9921088764350265,-1.0,-1.0,True,main,False
11501,1,1,6.710308731156052,1.2896912688439484,0.8387885913945065,0.9832736765234202,15.0,8.0,False,main,True
5753,1,1,6.748116616795691,1.2518833832043088,0.8435145770994614,0.9847111310244179,14.0,8.0,False,main,True
9690,0,1,5.683992768789342,2.3160072312106577,0.7104990960986678,0.9254050541283134,35.0,14.0,False,main,True
9690,0,2,5.683992768789342,3.3160072312106577,0.6315547520877047,0.8647005888266286,60.0,20.0,False,main,False
9690,0,3,5.683992768789342,4.316007231210658,0.5683992768789342,0.8063349845458327,100.0,27.0,False,main,True
9690,0,4,5.683992768789342,5.316007231210658,0.5167266153444857,0.7528545021182256,163.0,36.0,False,main,True
4629,0,1,5.6087179269968646,2.3912820730031354,0.7010897408746081,0.9199724312808838,37.0,14.0,False,main,True
8940,1,1,6.675668636664493,1.3243313633355072,0.8344585795830616,0.9819052136917297,15.0,8.0,False,main,True
1744,1,1,6.683617476285229,1.316382523714771,0.8354521845356536,0.9822235300662762,15.0,8.0,False,main,True
7757,1,1,6.590467358823778,1.4095326411762223,0.8238084198529723,0.9783362083491399,16.0,8.0,False,main,True
7757,2,2,7.590467358823778,1.4095326411762223,0.8433852620915309,0.9810931056541256,13.0,7.0,False,main,False
7757,3,3,8.590467358823778,1.4095326411762223,0.8590467358823778,0.9832272024733938,10.0,6.0,False,main,False
7757,4,4,9.590467358823778,1.4095326411762223,0.8718606689839798,0.9849282053768864,8.0,5.0,False,main,False
7757,5,5,10.590467358823778,1.4095326411762223,0.8825389465686482,0.9863158506147274,6.0,4.0,False,main,False
7757,6,6,11.590467358823778,1.4095326411762223,0.8915744122172137,0.9874694489526998,4.0,3.0,False,main,False
7757,7,7,12.590467358823778,1.4095326411762223,0.8993190970588413,0.9884436224334922,2.0,2.0,False,main,False
7757,8,8,13.590467358823778,1.4095326411762223,0.9060311572549186,0.9892772194378817,1.0,1.0,False,main,False
7757,9,9,14.590467358823778,1.4095326411762223,0.9119042099264861,0.9899986261882838,-1.0,-1.0,True,main,False
9289,1,1,6.813753149619595,1.186246850380405,0.8517191437024494,0.9870637508985017,14.0,8.0,False,main,True
10798,0,1,5.6076700946644635,2.3923299053355365,0.7009587618330579,0.9198958304658316,37.0,14.0,False,main,True
10798,0,2,5.6076700946644635,3.3923299053355365,0.6230744549627182,0.8586214168526694,64.0,20.0,False,main,False
10798,0,3,5.6076700946644635,4.3923299053355365,0.5607670094664463,0.8001501102050725,106.0,27.0,False,main,False
10798,0,4,5.6076700946644635,5.3923299053355365,0.5097881904240421,0.7467600082315056,175.0,37.0,False,main,True
10798,0,5,5.6076700946644635,6.3923299053355365,0.4673058412220386,0.6987543327919805,292.0,48.0,False,main,True
10798,0,6,5.6076700946644635,7.3923299053355365,0.4313592380511126,0.655786122034943,501.0,63.0,False,main,True
5819,1,1,6.591332557053855,1.4086674429461445,0.8239165696317319,0.9783738694184645,16.0,8.0,False,main,True
8400,1,1,6.629403493062561,1.3705965069374384,0.8286754366328202,0.9800024882818016,15.0,8.0,False,main,True
8400,2,2,7.629403493062561,1.3705965069374384,0.8477114992291734,0.9825424198635149,12.0,7.0,False,main,False
8400,3,3,8.629403493062561,1.3705965069374384,0.8629403493062562,0.9845095848910815,10.0,6.0,False,main,False
8400,4,4,9.629403493062561,1.3705965069374384,0.8754003175511419,0.9860781618488222,8.0,5.0,False,main,False
8400,5,5,10.629403493062561,1.3705965069374384,0.8857836244218801,0.9873581850662545,6.0,4.0,False,main,False
8400,6,6,11.629403493062561,1.3705965069374384,0.8945694994663509,0.9884225903387824,4.0,3.0,False,main,False
8400,7,7,12.629403493062561,1.3705965069374384,0.9021002495044687,0.9893216377270827,2.0,2.0,False,main,False
8400,8,8,13.629403493062561,1.3705965069374384,0.9086268995375041,0.9900910899775623,1.0,1.0,False,main,False
8400,9,9,14.629403493062561,1.3705965069374384,0.9143377183164101,0.9907570888896841,-1.0,-1.0,True,main,False
7634,0,1,5.74490670373241,2.2550932962675896,0.7181133379665513,0.9296981437420556,34.0,14.0,False,main,True
7634,0,2,5.74490670373241,3.2550932962675896,0.6383229670813789,0.8694872274548133,58.0,19.0,False,main,False
7634,0,3,5.74490670373241,4.25509329626759,0.5744906703732411,0.8112247996394868,95.0,26.0,False,main,False
7634,0,4,5.74490670373241,5.25509329626759,0.5222642457938554,0.7576829555109176,155.0,35.0,False,main,True
7634,0,5,5.74490670373241,6.25509329626759,0.4787422253110342,0.7093669000154317,253.0,46.0,False,main,True
7379,1,1,6.890874740529908,1.1091252594700927,0.8613593425662385,0.9895885015143787,13.0,8.0,False,main,True
4144,1,1,6.882952305447899,1.117047694552101,0.8603690381809874,0.9893413592710019,13.0,8.0,False,main,True
4144,2,2,7.882952305447899,1.117047694552101,0.8758835894942111,0.990677714874612,11.0,7.0,False,main,False
4144,3,3,8.8829523054479,1.117047694552101,0.88829523054479,0.9917162673134727,9.0,6.0,False,main,False
4144,4,4,9.8829523054479,1.117047694552101,0.8984502095861727,0.9925465928566689,7.0,5.0,False,main,False
4144,5,5,10.8829523054479,1.117047694552101,0.9069126921206583,0.993225613832767,5.0,4.0,False,main,False
4144,6,6,11.8829523054479,1.117047694552101,0.914073254265223,0.9937912363216175,4.0,3.0,False,main,False
4144,7,7,12.8829523054479,1.117047694552101,0.9202108789605642,0.9942696795328984,2.0,2.0,False,main,False
4144,8,8,13.8829523054479,1.117047694552101,0.9255301536965266,0.9946796577027117,1.0,1.0,False,main,False
4144,9,9,14.8829523054479,1.117047694552101,0.9301845190904937,0.9950348861576975,-1.0,-1.0,True,main,False
8776,0,1,5.68889972389251,2.31110027610749,0.7111124654865637,0.9257543339486398,35.0,14.0,False,main,True
7743,1,1,6.641848560812942,1.3581514391870577,0.8302310701016178,0.9805226354773507,15.0,8.0,False,main,True
7743,2,2,7.641848560812942,1.3581514391870577,0.8490942845347713,0.982994966026469,12.0,7.0,False,main,False
7743,3,3,8.641848560812942,1.3581514391870577,0.8641848560812943,0.9849100924722344,10.0,6.0,False,main,False
7743,4,4,9.641848560812942,1.3581514391870577,0.8765316873466311,0.9864373711699719,8.0,5.0,False,main,False
7743,5,5,10.641848560812942,1.3581514391870577,0.8868207134010785,0.98768382090883,6.0,4.0,False,main,False
7743,6,6,11.641848560812942,1.3581514391870577,0.8955268123702264,0.9887203946462236,4.0,3.0,False,main,False
7743,7,7,12.641848560812942,1.3581514391870577,0.9029891829152101,0.9895959949579928,2.0,2.0,False,main,False
7743,8,8,13.641848560812942,1.3581514391870577,0.9094565707208628,0.9903454238763818,1.0,1.0,False,main,False
7743,9,9,14.641848560812942,1.3581514391870577,0.9151155350508089,0.9909941241313274,-1.0,-1.0,True,main,False
529,1,1,6.703456472124807,1.2965435278751931,0.8379320590156009,0.9830068471154507,15.0,8.0,False,main,True
529,2,2,7.703456472124807,1.2965435278751931,0.8559396080138675,0.9851571817860045,12.0,7.0,False,main,True
529,3,3,8.703456472124806,1.2965435278751931,0.8703456472124806,0.9868242572445142,10.0,6.0,False,main,False
529,4,4,9.703456472124806,1.2965435278751931,0.8821324065568006,0.9881545694102416,7.0,5.0,False,main,False
529,5,5,10.703456472124806,1.2965435278751931,0.8919547060104005,0.9892408231766547,6.0,4.0,False,main,False
529,6,6,11.703456472124806,1.2965435278751931,0.9002658824711389,0.9901445502702303,4.0,3.0,False,main,False
529,7,7,12.703456472124806,1.2965435278751931,0.9073897480089147,0.9909081982230352,2.0,2.0,False,main,False
529,8,8,13.703456472124806,1.2965435278751931,0.9135637648083204,0.9915619977554974,1.0,1.0,False,main,False
529,9,9,14.703456472124806,1.2965435278751931,0.9189660295078004,0.9921280634447213,-1.0,-1.0,True,main,False
6312,1,1,6.647134310950726,1.3528656890492743,0.8308917888688407,0.9807417122858129,15.0,8.0,False,main,True
3440,1,1,6.835174796652669,1.1648252033473314,0.8543968495815836,0.9877914048775268,14.0,8.0,False,main,True
11582,1,1,6.8086321024121785,1.1913678975878215,0.8510790128015223,0.9868868383494501,14.0,8.0,False,main,True
11582,2,2,7.8086321024121785,1.1913678975878215,0.8676257891569087,0.9885373063718267,11.0,7.0,False,main,False
11582,3,3,8.80863210241218,1.1913678975878215,0.8808632102412179,0.9898186720468789,9.0,6.0,False,main,False
11582,4,4,9.80863210241218,1.1913678975878215,0.8916938274920163,0.9908423190812834,7.0,5.0,False,main,False
11582,5,5,10.80863210241218,1.1913678975878215,0.9007193418676817,0.9916789050066921,5.0,4.0,False,main,False
11582,6,6,11.80863210241218,1.1913678975878215,0.9083563155701676,0.9923754181255654,4.0,3.0,False,main,False
11582,7,7,12.80863210241218,1.1913678975878215,0.9149022930294414,0.9929643236494354,2.0,2.0,False,main,False
11582,8,8,13.80863210241218,1.1913678975878215,0.9205754734941453,0.9934687726859044,1.0,1.0,False,main,False
11582,9,9,14.80863210241218,1.1913678975878215,0.9255395064007612,0.9939057191566646,-1.0,-1.0,True,main,False
859,1,1,6.614376081481079,1.3856239185189207,0.8267970101851349,0.9793663411491698,16.0,8.0,False,main,True
859,2,2,7.614376081481079,1.3856239185189207,0.846041786831231,0.9819890325752748,13.0,7.0,False,main,False
859,3,3,8.61437608148108,1.3856239185189207,0.861437608148108,0.9840198877735176,10.0,6.0,False,main,False
859,4,4,9.61437608148108,1.3856239185189207,0.8740341892255526,0.9856389991122326,8.0,5.0,False,main,False
859,5,5,10.61437608148108,1.3856239185189207,0.8845313401234233,0.9869600974448641,6.0,4.0,False,main,False
859,6,6,11.61437608148108,1.3856239185189207,0.8934135447293138,0.9880585482804178,4.0,3.0,False,main,False
859,7,7,12.61437608148108,1.3856239185189207,0.9010268629629342,0.9889862746095989,2.0,2.0,False,main,False
859,8,8,13.61437608148108,1.3856239185189207,0.9076250720987387,0.9897802157749369,1.0,1.0,False,main,False
859,9,9,14.61437608148108,1.3856239185189207,0.9133985050925675,0.9904673695590119,-1.0,-1.0,True,main,False
8320,1,1,6.836985399827814,1.1630146001721862,0.8546231749784767,0.9878519870316675,14.0,8.0,False,main,True
8320,2,2,7.836985399827814,1.1630146001721862,0.8707761555364237,0.9893787352978463,11.0,7.0,False,main,False
8320,3,3,8.836985399827814,1.1630146001721862,0.8836985399827814,0.9905645066176024,9.0,6.0,False,main,False
8320,4,4,9.836985399827814,1.1630146001721862,0.8942713999843467,0.9915120703094514,7.0,5.0,False,main,False
8320,5,5,10.836985399827814,1.1630146001721862,0.9030821166523179,0.9922866623289076,5.0,4.0,False,main,False
8320,6,6,11.836985399827814,1.1630146001721862,0.9105373384482933,0.992931688173882,4.0,3.0,False,main,False
8320,7,7,12.836985399827814,1.1630146001721862,0.9169275285591295,0.9934771502895694,2.0,2.0,False,main,False
8320,8,8,13.836985399827814,1.1630146001721862,0.9224656933218542,0.9939444510459879,1.0,1.0,False,main,False
8320,9,9,14.836985399827814,1.1630146001721862,0.9273115874892384,0.9943492683407413,-1.0,-1.0,True,main,False
11243,1,1,6.730183602963468,1.2698163970365326,0.8412729503704335,0.9840367011275024,15.0,8.0,False,main,True
11243,2,2,7.730183602963468,1.2698163970365326,0.8589092892181631,0.9860539834236425,12.0,7.0,False,main,False
11243,3,3,8.730183602963468,1.2698163970365326,0.8730183602963468,0.9876184704251864,9.0,6.0,False,main,False
11243,4,4,9.730183602963468,1.2698163970365326,0.8845621457239516,0.988867265850104,7.0,5.0,False,main,False
11243,5,5,10.730183602963468,1.2698163970365326,0.8941819669136223,0.9898871847714455,6.0,4.0,False,main,False
11243,6,6,11.730183602963468,1.2698163970365326,0.9023218156125744,0.9907358776850057,4.0,3.0,False,main,False
11243,7,7,12.730183602963468,1.2698163970365326,0.9092988287831049,0.9914531303109978,2.0,2.0,False,main,False
11243,8,8,13.730183602963468,1.2698163970365326,0.9153455735308978,0.9920672868503421,1.0,1.0,False,main,False
11243,9,9,14.730183602963468,1.2698163970365326,0.9206364751852167,0.9925990874895956,-1.0,-1.0,True,main,False
5196,0,1,5.696782114824027,2.3032178851759726,0.7120977643530034,0.9263141495511887,35.0,14.0,False,main,True
6735,0,1,5.597829074937338,2.402170925062662,0.6997286343671673,0.9191751137106202,37.0,14.0,False,main,True
222,1,1,6.7443488160248695,1.2556511839751308,0.8430436020031087,0.9845705431655226,14.0,8.0,False,main,True
6283,1,1,6.632343069350103,1.3676569306498967,0.8290428836687629,0.9801258972571819,15.0,8.0,False,main,True
6283,2,2,7.632343069350103,1.3676569306498967,0.8480381188166781,0.9826497844205916,12.0,7.0,False,main,True
6283,3,3,8.632343069350103,1.3676569306498967,0.8632343069350104,0.9846045997902598,10.0,6.0,False,main,False
6283,4,4,9.632343069350103,1.3676569306498967,0.8756675517591003,0.9861633766691259,8.0,5.0,False,main,False
6283,5,5,10.632343069350103,1.3676569306498967,0.8860285891125086,0.9874354333591404,6.0,4.0,False,main,False
6283,6,6,11.632343069350103,1.3676569306498967,0.8947956207192387,0.9884932348990321,4.0,3.0,False,main,False
6283,7,7,12.632343069350103,1.3676569306498967,0.9023102192392931,0.9893867190943744,2.0,2.0,False,main,False
6283,8,8,13.632343069350103,1.3676569306498967,0.9088228712900068,0.9901514206455384,1.0,1.0,False,main,False
6283,9,9,14.632343069350103,1.3676569306498967,0.9145214418343814,0.9908133154245481,-1.0,-1.0,True,main,False
11448,0,1,5.716236551835854,2.2837634481641467,0.7145295689794817,0.9276891650370087,34.0,14.0,False,main,True
6430,0,1,5.664073488539179,2.3359265114608205,0.7080091860673974,0.9239810440681139,36.0,14.0,False,main,True
1431,0,1,5.791115617857357,2.2088843821426427,0.7238894522321696,0.9328919789194238,33.0,14.0,False,main,True
7309,1,1,6.757857710205325,1.2421422897946746,0.8447322137756657,0.9850718424896036,14.0,8.0,False,main,True
6872,0,1,5.6378909021986905,2.3621090978013095,0.7047363627748363,0.9220943669125117,36.0,14.0,False,main,True
7218,1,1,6.811265420225947,1.1887345797740525,0.8514081775282434,0.9869779514237529,14.0,8.0,False,main,True
1278,0,1,5.641470163438472,2.358529836561528,0.705183770429809,0.9223532774195243,36.0,14.0,False,main,True
6064,1,1,6.852642561831383,1.1473574381686178,0.8565803202289228,0.988369842214856,14.0,8.0,False,main,True
6064,2,2,7.852642561831383,1.1473574381686178,0.8725158402034869,0.9898303170208559,11.0,7.0,False,main,True
6064,3,3,8.852642561831383,1.1473574381686178,0.8852642561831383,0.9909648584098364,9.0,6.0,False,main,False
6064,4,4,9.852642561831383,1.1473574381686178,0.8956947783483075,0.9918716344202156,7.0,5.0,False,main,False
6064,5,5,10.852642561831383,1.1473574381686178,0.9043868801526153,0.9926129829648724,5.0,4.0,False,main,False
6064,6,6,11.852642561831383,1.1473574381686178,0.911741735525491,0.993230393265318,4.0,3.0,False,main,False
6064,7,7,12.852642561831383,1.1473574381686178,0.9180458972736701,0.9937525499197785,2.0,2.0,False,main,False
6064,8,8,13.852642561831383,1.1473574381686178,0.9235095041220922,0.9941999191664126,1.0,1.0,False,main,False
6064,9,9,14.852642561831383,1.1473574381686178,0.9282901601144614,0.9945874955980109,-1.0,-1.0,True,main,False
8309,1,1,6.800187303517383,1.1998126964826175,0.8500234129396729,0.986592624020729,14.0,8.0,False,main,True
8309,2,2,7.800187303517383,1.1998126964826175,0.8666874781685981,0.9882808579376036,11.0,7.0,False,main,False
8309,3,3,8.800187303517383,1.1998126964826175,0.8800187303517383,0.9895913934816425,9.0,6.0,False,main,False
8309,4,4,9.800187303517383,1.1998126964826175,0.8909261185015803,0.9906382501931008,7.0,5.0,False,main,False
8309,5,5,10.800187303517383,1.1998126964826175,0.9000156086264486,0.9914937434690476,5.0,4.0,False,main,False
8309,6,6,11.800187303517383,1.1998126964826175,0.9077067156551833,0.9922059566633754,4.0,3.0,False,main,False
8309,7,7,12.800187303517383,1.1998126964826175,0.9142990931083845,0.9928081074124245,2.0,2.0,False,main,False
8309,8,8,13.800187303517383,1.1998126964826175,0.9200124869011589,0.9933238809243892,1.0,1.0,False,main,False
8309,9,9,14.800187303517383,1.1998126964826175,0.9250117064698364,0.9937706207385446,-1.0,-1.0,True,main,False
9753,1,1,6.921660822060217,1.078339177939783,0.8652076027575272,0.9905218336464844,13.0,8.0,False,main,True
9753,2,2,7.921660822060217,1.078339177939783,0.8801845357844686,0.9917077626559648,11.0,7.0,False,main,False
9753,3,3,8.921660822060218,1.078339177939783,0.8921660822060217,0.9926299012067547,9.0,6.0,False,main,False
9753,4,4,9.921660822060218,1.078339177939783,0.9019691656418379,0.9933674594450369,7.0,5.0,False,main,False
9753,5,5,10.921660822060218,1.078339177939783,0.9101384018383514,0.9939708180918599,5.0,4.0,False,main,False
9753,6,6,11.921660822060218,1.078339177939783,0.9170508324661705,0.994473551093287,4.0,3.0,False,main,False
9753,7,7,12.921660822060218,1.078339177939783,0.9229757730043012,0.9948988947086593,2.0,2.0,False,main,False
9753,8,8,13.921660822060218,1.078339177939783,0.9281107214706811,0.9952634420699419,1.0,1.0,False,main,False
9753,9,9,14.921660822060218,1.078339177939783,0.9326038013787636,0.9955793589292384,-1.0,-1.0,True,main,False
1569,1,1,6.728888280822543,1.271111719177457,0.8411110351028179,0.9839874685532434,15.0,8.0,False,main,True
3085,1,1,6.653139374119962,1.3468606258800377,0.8316424217649953,0.980989262472721,15.0,8.0,False,main,True
5688,1,1,6.73085464130747,1.2691453586925303,0.8413568301634338,0.9840621785991354,15.0,8.0,False,main,True
5688,2,2,7.73085464130747,1.2691453586925303,0.8589838490341634,0.9860761726540932,12.0,7.0,False,main,True
5688,3,3,8.73085464130747,1.2691453586925303,0.8730854641307471,0.9876381235999222,9.0,6.0,False,main,False
5688,4,4,9.73085464130747,1.2691453586925303,0.88462314920977,0.9888849034491919,7.0,5.0,False,main,False
5688,5,5,10.73085464130747,1.2691453586925303,0.8942378867756225,0.989903181904833,6.0,4.0,False,main,False
5688,6,6,11.73085464130747,1.2691453586925303,0.9023734339467284,0.9907505136323774,4.0,3.0,False,main,False
5688,7,7,12.73085464130747,1.2691453586925303,0.9093467600933908,0.9914666186105526,2.0,2.0,False,main,False
5688,8,8,13.73085464130747,1.2691453586925303,0.915390309420498,0.9920797944355965,1.0,1.0,False,main,False
5688,9,9,14.73085464130747,1.2691453586925303,0.9206784150817169,0.9926107473340995,-1.0,-1.0,True,main,False
11538,1,1,6.641411588553898,1.3585884114461018,0.8301764485692372,0.9805044751250047,15.0,8.0,False,main,True
11538,2,2,7.641411588553898,1.3585884114461018,0.8490457320615442,0.9829791648521684,12.0,7.0,False,main,True
11538,3,3,8.641411588553897,1.3585884114461018,0.8641411588553899,0.9848961075875162,10.0,6.0,False,main,False
11538,4,4,9.641411588553897,1.3585884114461018,0.876491962595809,0.9864248278414365,8.0,5.0,False,main,False
11538,5,5,10.641411588553897,1.3585884114461018,0.8867842990461582,0.9876724495813987,6.0,4.0,False,main,False
11538,6,6,11.641411588553897,1.3585884114461018,0.8954931991195306,0.9887099949349452,4.0,3.0,False,main,False
11538,7,7,12.641411588553897,1.3585884114461018,0.9029579706109927,0.9895864138391222,2.0,2.0,False,main,False
11538,8,8,13.641411588553897,1.3585884114461018,0.9094274392369266,0.9903365418480466,1.0,1.0,False,main,False
11538,9,9,14.641411588553897,1.3585884114461018,0.9150882242846187,0.9909858460862255,-1.0,-1.0,True,main,False
5965,1,1,6.740487744950609,1.2595122550493918,0.8425609681188261,0.9844258598418251,14.0,8.0,False,main,True
5145,1,1,6.790012561775475,1.2099874382245248,0.8487515702219344,0.9862340574249048,14.0,8.0,False,main,True
8841,1,1,6.7163805064940565,1.283619493505944,0.8395475633117571,0.9835085061670344,15.0,8.0,False,main,True
9556,1,1,6.615111684439626,1.3848883155603744,0.8268889605549532,0.979397685469117,16.0,8.0,False,main,True
9556,2,2,7.615111684439626,1.3848883155603744,0.8461235204932918,0.9820162970243262,12.0,7.0,False,main,False
9556,3,3,8.615111684439626,1.3848883155603744,0.8615111684439626,0.9840440128906941,10.0,6.0,False,main,False
9556,4,4,9.615111684439626,1.3848883155603744,0.8741010622217842,0.9856606336283452,8.0,5.0,False,main,False
9556,5,5,10.615111684439626,1.3848883155603744,0.8845926403699688,0.9869797077383052,6.0,4.0,False,main,False
9556,6,6,11.615111684439626,1.3848883155603744,0.8934701295722789,0.9880764808928881,4.0,3.0,False,main,False
9556,7,7,12.615111684439626,1.3848883155603744,0.9010794060314018,0.9890027940775101,2.0,2.0,False,main,False
9556,8,8,13.615111684439626,1.3848883155603744,0.907674112295975,0.9897955286196807,1.0,1.0,False,main,False
9556,9,9,14.615111684439626,1.3848883155603744,0.9134444802774766,0.9904816401000407,-1.0,-1.0,True,main,False
7747,0,1,5.615329844649508,2.3846701553504923,0.7019162305811885,0.9204551747067824,37.0,14.0,False,main,True
7747,0,2,5.615329844649508,3.3846701553504923,0.6239255382943898,0.8592355943043114,63.0,20.0,False,main,False
7747,0,3,5.615329844649508,4.384670155350492,0.5615329844649508,0.8007737341894283,105.0,27.0,False,main,True
7747,0,4,5.615329844649508,5.384670155350492,0.5104845313317734,0.7473738925398683,174.0,36.0,False,main,True
6331,1,1,6.839336584354195,1.1606634156458053,0.8549170730442743,0.9879304416891355,14.0,8.0,False,main,True
4159,1,1,6.726052471710118,1.2739475282898818,0.8407565589637648,0.9838794426850574,15.0,8.0,False,main,True
10116,1,1,6.89970880460761,1.1002911953923897,0.8624636005759513,0.989860734718271,13.0,8.0,False,main,True
10116,2,2,7.89970880460761,1.1002911953923897,0.8777454227341789,0.9911308530673063,11.0,7.0,False,main,False
10116,3,3,8.89970880460761,1.1002911953923897,0.8899708804607609,0.992118156095102,9.0,6.0,False,main,False
10116,4,4,9.89970880460761,1.1002911953923897,0.8999735276916009,0.992907649106779,7.0,5.0,False,main,False
10116,5,5,10.89970880460761,1.1002911953923897,0.9083090670506341,0.9935533709479548,5.0,4.0,False,main,False
10116,6,6,11.89970880460761,1.1002911953923897,0.9153622157390469,0.9940913186823916,4.0,3.0,False,main,False
10116,7,7,12.89970880460761,1.1002911953923897,0.9214077717576864,0.9945463973473354,2.0,2.0,False,main,False
10116,8,8,13.89970880460761,1.1002911953923897,0.9266472536405073,0.9949363868829085,1.0,1.0,False,main,False
10116,9,9,14.89970880460761,1.1002911953923897,0.9312318002879756,0.9952743201757713,-1.0,-1.0,True,main,False
1968,1,1,6.666037148353804,1.3339628516461963,0.8332546435442255,0.981516114890331,15.0,8.0,False,main,True
2645,0,1,5.590804936990286,2.4091950630097148,0.6988506171237857,0.918659261842433,37.0,14.0,False,main,True
4301,1,1,6.891900967664115,1.1080990323358855,0.8614876209580143,0.9896203075109681,13.0,8.0,False,main,True
5089,1,1,6.687058794719821,1.312941205280179,0.8358823493399776,0.9823605496955203,15.0,8.0,False,main,True
3747,1,1,6.659914260735214,1.3400857392647856,0.8324892825919018,0.9812668307278504,15.0,8.0,False,main,True
8733,1,1,6.6276108904488105,1.3723891095511895,0.8284513613061013,0.9799270654998335,15.0,8.0,False,main,True
8733,2,2,7.6276108904488105,1.3723891095511895,0.847512321160979,0.9824768044993064,12.0,7.0,False,main,False
8733,3,3,8.62761089044881,1.3723891095511895,0.862761089044881,0.9844515181036527,10.0,6.0,False,main,False
8733,4,4,9.62761089044881,1.3723891095511895,0.8752373536771646,0.9860260850214078,8.0,5.0,False,main,False
8733,5,5,10.62761089044881,1.3723891095511895,0.8856342408707342,0.9873109773633855,6.0,4.0,False,main,False
8733,6,6,11.62761089044881,1.3723891095511895,0.8944316069576008,0.9883794187286524,4.0,3.0,False,main,False
8733,7,7,12.62761089044881,1.3723891095511895,0.9019722064606294,0.9892818661829772,2.0,2.0,False,main,False
8733,8,8,13.62761089044881,1.3723891095511895,0.9085073926965873,0.9900542218789277,1.0,1.0,False,main,False
8733,9,9,14.62761089044881,1.3723891095511895,0.9142256806530507,0.9907227290450342,-1.0,-1.0,True,main,False
1681,1,1,6.664555706698437,1.3354442933015633,0.8330694633373046,0.9814559373581254,15.0,8.0,False,main,True
3656,1,1,6.89868584857046,1.1013141514295408,0.8623357310713075,0.9898293921648681,13.0,8.0,False,main,True
11059,1,1,6.747793952762853,1.2522060472371468,0.8434742440953567,0.984699114720895,14.0,8.0,False,main,True
11059,2,2,7.747793952762853,1.2522060472371468,0.8608659947514281,0.9866309559637216,12.0,7.0,False,main,False
11059,3,3,8.747793952762853,1.2522060472371468,0.8747793952762853,0.9881295354696757,9.0,6.0,False,main,False
11059,4,4,9.747793952762853,1.2522060472371468,0.8861630866148048,0.9893259429274864,7.0,5.0,False,main,False
11059,5,5,10.747793952762853,1.2522060472371468,0.8956494960635711,0.9903032191700406,5.0,4.0,False,main,False
11059,6,6,11.747793952762853,1.2522060472371468,0.9036764579048349,0.9911165260930702,4.0,3.0,False,main,False
11059,7,7,12.747793952762853,1.2522060472371468,0.9105567109116324,0.9918039418765573,2.0,2.0,False,main,False
11059,8,8,13.747793952762853,1.2522060472371468,0.9165195968508569,0.9923926000507632,1.0,1.0,False,main,False
11059,9,9,14.747793952762853,1.2522060472371468,0.9217371220476783,0.9929023584983283,-1.0,-1.0,True,main,False
7838,1,1,6.70612071952572,1.2938792804742796,0.838265089940715,0.9831108219747526,15.0,8.0,False,main,True
7838,2,2,7.70612071952572,1.2938792804742796,0.8562356355028578,0.9852477117578434,12.0,7.0,False,main,False
7838,3,3,8.706120719525721,1.2938792804742796,0.8706120719525721,0.9869044231694297,10.0,6.0,False,main,False
7838,4,4,9.706120719525721,1.2938792804742796,0.8823746108659747,0.9882265015844033,7.0,5.0,False,main,False
7838,5,5,10.706120719525721,1.2938792804742796,0.8921767266271434,0.9893060560563793,6.0,4.0,False,main,False
7838,6,6,11.706120719525721,1.2938792804742796,0.9004708245789016,0.9902042257953971,4.0,3.0,False,main,False
7838,7,7,12.706120719525721,1.2938792804742796,0.9075800513946943,0.9909631892087073,2.0,2.0,False,main,False
7838,8,8,13.706120719525721,1.2938792804742796,0.9137413813017148,0.9916129863190003,1.0,1.0,False,main,False
7838,9,9,14.706120719525721,1.2938792804742796,0.9191325449703576,0.9921755927985876,-1.0,-1.0,True,main,False
2384,1,1,6.821540906535872,1.1784590934641284,0.852692613316984,0.9873306042537252,14.0,8.0,False,main,True
9755,1,1,6.694291300681454,1.3057086993185465,0.8367864125851817,0.9826469575549204,15.0,8.0,False,main,True
9755,2,2,7.694291300681454,1.3057086993185465,0.8549212556312726,0.9848438494218011,12.0,7.0,False,main,False
9755,3,3,8.694291300681453,1.3057086993185465,0.8694291300681453,0.986546809446041,10.0,6.0,False,main,False
9755,4,4,9.694291300681453,1.3057086993185465,0.8812992091528593,0.9879056276245166,7.0,5.0,False,main,False
9755,5,5,10.694291300681453,1.3057086993185465,0.8911909417234544,0.9890150732940663,6.0,4.0,False,main,False
9755,6,6,11.694291300681453,1.3057086993185465,0.8995608692831887,0.9899380379414688,4.0,3.0,False,main,False
9755,7,7,12.694291300681453,1.3057086993185465,0.9067350929058181,0.990717901285256,2.0,2.0,False,main,False
9755,8,8,13.694291300681453,1.3057086993185465,0.9129527533787635,0.9913855545095899,1.0,1.0,False,main,False
9755,9,9,14.694291300681453,1.3057086993185465,0.9183932062925908,0.9919635932330096,-1.0,-1.0,True,main,False
9127,0,1,5.657102807919522,2.342897192080478,0.7071378509899402,0.923480396490279,36.0,14.0,False,main,True
2980,1,1,6.6007552373051315,1.399244762694868,0.8250944046631414,0.9787821699241865,16.0,8.0,False,main,True
2980,2,2,7.6007552373051315,1.399244762694868,0.8445283597005702,0.9814809386465131,13.0,7.0,False,main,True
2980,3,3,8.600755237305131,1.399244762694868,0.8600755237305131,0.983570324494539,10.0,6.0,False,main,False
2980,4,4,9.600755237305131,1.399244762694868,0.8727959306641029,0.9852358662148125,8.0,5.0,False,main,False
2980,5,5,10.600755237305131,1.399244762694868,0.8833962697754276,0.9865946972848142,6.0,4.0,False,main,False
2980,6,6,11.600755237305131,1.399244762694868,0.8923657874850102,0.9877244188857082,4.0,3.0,False,main,False
2980,7,7,12.600755237305131,1.399244762694868,0.9000539455217951,0.988678483660321,2.0,2.0,False,main,False
2980,8,8,13.600755237305131,1.399244762694868,0.9067170158203421,0.9894949129726883,1.0,1.0,False,main,False
2980,9,9,14.600755237305131,1.399244762694868,0.9125472023315707,0.990201491617832,-1.0,-1.0,True,main,False
11287,1,1,6.798858693386449,1.2011413066135515,0.8498573366733061,0.9865460554220289,14.0,8.0,False,main,True
11287,2,2,7.798858693386449,1.2011413066135515,0.8665398548207165,0.9882402691346067,11.0,7.0,False,main,False
11287,3,3,8.79885869338645,1.2011413066135515,0.8798858693386448,0.9895554229434244,9.0,6.0,False,main,False
11287,4,4,9.79885869338645,1.2011413066135515,0.8908053357624044,0.9906059540070015,7.0,5.0,False,main,False
11287,5,5,10.79885869338645,1.2011413066135515,0.8999048911155373,0.9914644403490713,5.0,4.0,False,main,False
11287,6,6,11.79885869338645,1.2011413066135515,0.9076045148758806,0.9921791387708015,4.0,3.0,False,main,False
11287,7,7,12.79885869338645,1.2011413066135515,0.9142041923847463,0.9927833860739896,2.0,2.0,False,main,False
11287,8,8,13.79885869338645,1.2011413066135515,0.9199239128924299,0.9933009520478002,1.0,1.0,False,main,False
11287,9,9,14.79885869338645,1.2011413066135515,0.9249286683366531,0.9937492419274422,-1.0,-1.0,True,main,False
8992,1,1,6.706628940183598,1.2933710598164019,0.8383286175229497,0.9831306228431382,15.0,8.0,False,main,True
4326,1,1,6.594107325971447,1.4058926740285522,0.8242634157464309,0.9784944585576549,16.0,8.0,False,main,True
4683,1,1,6.776850367209243,1.2231496327907574,0.8471062959011554,0.9857636313967723,14.0,8.0,False,main,True
4078,1,1,6.833446833641391,1.166553166358609,0.8541808542051739,0.9877334535264108,14.0,8.0,False,main,True
3784,1,1,6.897643563406476,1.1023564365935248,0.8622054454258095,0.9897974085214205,13.0,8.0,False,main,True
5221,1,1,6.631517649178917,1.3684823508210822,0.8289397061473647,0.9800912787167478,15.0,8.0,False,main,True
7327,1,1,6.592871844850045,1.407128155149955,0.8241089806062556,0.9784408019963869,16.0,8.0,False,main,True
6308,1,1,6.608067169760007,1.3919328302399927,0.8260083962200009,0.9790966552937678,16.0,8.0,False,main,True
5086,1,1,6.683828706974812,1.316171293025188,0.8354785883718515,0.9822319542090084,15.0,8.0,False,main,True
11796,1,1,6.672950624032433,1.3270493759675674,0.8341188280040541,0.9817957862526396,15.0,8.0,False,main,True
11796,2,2,7.672950624032433,1.3270493759675674,0.852550069336937,0.9841029135497295,12.0,7.0,False,main,True
11796,3,3,8.672950624032433,1.3270493759675674,0.8672950624032433,0.9858908130456567,10.0,6.0,False,main,False
11796,4,4,9.672950624032433,1.3270493759675674,0.8793591476393121,0.9873170896526982,8.0,5.0,False,main,False
11796,5,5,10.672950624032433,1.3270493759675674,0.8894125520027027,0.9884814078577417,6.0,4.0,False,main,False
11796,6,6,11.672950624032433,1.3270493759675674,0.8979192787717256,0.9894498820516937,4.0,3.0,False,main,False
11796,7,7,12.672950624032433,1.3270493759675674,0.9052107588594595,0.9902681006932487,2.0,2.0,False,main,False
11796,8,8,13.672950624032433,1.3270493759675674,0.9115300416021622,0.9909685194576277,1.0,1.0,False,main,False
11796,9,9,14.672950624032433,1.3270493759675674,0.9170594140020271,0.9915748731846152,-1.0,-1.0,True,main,False
4308,1,1,6.6810114505864036,1.3189885494135964,0.8351264313233004,0.9821194504554334,15.0,8.0,False,main,True
1007,1,1,6.943015519360442,1.056984480639558,0.8678769399200552,0.9911437184801584,13.0,8.0,False,main,True
1007,2,2,7.943015519360442,1.056984480639558,0.882557279928938,0.9922505809632505,11.0,7.0,False,main,False
1007,3,3,8.943015519360442,1.056984480639558,0.8943015519360442,0.993111493793367,9.0,6.0,False,main,False
1007,4,4,9.943015519360442,1.056984480639558,0.9039105017600402,0.99380023999772,7.0,5.0,False,main,False
1007,5,5,10.943015519360442,1.056984480639558,0.9119179599467034,0.9943637719883633,5.0,4.0,False,main,False
1007,6,6,11.943015519360442,1.056984480639558,0.9186935014892648,0.994833391510308,4.0,3.0,False,main,False
1007,7,7,12.943015519360442,1.056984480639558,0.9245011085257459,0.9952307692474337,2.0,2.0,False,main,False
1007,8,8,13.943015519360442,1.056984480639558,0.9295343679573628,0.995571384488478,1.0,1.0,False,main,False
1007,9,9,14.943015519360442,1.056984480639558,0.9339384699600276,0.9958665888974411,-1.0,-1.0,True,main,False
10240,1,1,6.694353156912031,1.3056468430879682,0.8367941446140039,0.9826493979199875,15.0,8.0,False,main,True
10240,2,2,7.694353156912031,1.3056468430879682,0.8549281285457813,0.9848459739832147,12.0,7.0,False,main,False
10240,3,3,8.694353156912031,1.3056468430879682,0.8694353156912031,0.9865486906197474,10.0,6.0,False,main,False
10240,4,4,9.694353156912031,1.3056468430879682,0.8813048324465483,0.9879073154691983,7.0,5.0,False,main,False
10240,5,5,10.694353156912031,1.3056468430879682,0.891196096409336,0.9890166038589822,6.0,4.0,False,main,False
10240,6,6,11.694353156912031,1.3056468430879682,0.8995656274547716,0.9899394380495947,4.0,3.0,False,main,False
10240,7,7,12.694353156912031,1.3056468430879682,0.9067395112080022,0.9907191914350906,2.0,2.0,False,main,False
10240,8,8,13.694353156912031,1.3056468430879682,0.9129568771274688,0.9913867507190347,1.0,1.0,False,main,False
10240,9,9,14.694353156912031,1.3056468430879682,0.918397072307002,0.9919647082567938,-1.0,-1.0,True,main,False
3394,1,1,6.838823088522246,1.161176911477754,0.8548528860652808,0.9879133280505872,14.0,8.0,False,main,True
3394,2,2,7.838823088522246,1.161176911477754,0.8709803431691384,0.9894322220596838,11.0,7.0,False,main,False
3394,3,3,8.838823088522247,1.161176911477754,0.8838823088522247,0.9906119228063159,9.0,6.0,False,main,False
3394,4,4,9.838823088522247,1.161176911477754,0.8944384625929316,0.9915546538097247,7.0,5.0,False,main,False
3394,5,5,10.838823088522247,1.161176911477754,0.903235257376854,0.9923253073425996,5.0,4.0,False,main,False
3394,6,6,11.838823088522247,1.161176911477754,0.9106786991170959,0.9929670616907377,4.0,3.0,False,main,False
3394,7,7,12.838823088522247,1.161176911477754,0.9170587920373033,0.9935097630659445,2.0,2.0,False,main,False
3394,8,8,13.838823088522247,1.161176911477754,0.9225882059014832,0.9939747028715341,1.0,1.0,False,main,False
3394,9,9,14.838823088522247,1.161176911477754,0.9274264430326404,0.9943774780162185,-1.0,-1.0,True,main,False
417,1,1,6.624206068802418,1.3757939311975822,0.8280257586003023,0.9797834638649566,16.0,8.0,False,main,True
1491,1,1,6.763367842394952,1.2366321576050483,0.845420980299369,0.9852741145577313,14.0,8.0,False,main,True
1491,2,2,7.763367842394952,1.2366321576050483,0.8625964269327724,0.9871318804799204,12.0,7.0,False,main,True
1491,3,3,8.763367842394953,1.2366321576050483,0.8763367842394952,0.9885733008734857,9.0,6.0,False,main,False
1491,4,4,9.763367842394953,1.2366321576050483,0.8875788947631775,0.9897242625887724,7.0,5.0,False,main,False
1491,5,5,10.763367842394953,1.2366321576050483,0.8969473201995793,0.990664539451523,5.0,4.0,False,main,False
1491,6,6,11.763367842394953,1.2366321576050483,0.9048744494149964,0.9914471382522709,4.0,3.0,False,main,False
1491,7,7,12.763367842394953,1.2366321576050483,0.9116691315996395,0.9921086579273469,2.0,2.0,False,main,False
1491,8,8,13.763367842394953,1.2366321576050483,0.9175578561596635,0.9926751828928518,1.0,1.0,False,main,False
1491,9,9,14.763367842394953,1.2366321576050483,0.9227104901496845,0.9931658062767048,-1.0,-1.0,True,main,False
8869,0,1,5.688851816161531,2.311148183838469,0.7111064770201914,0.9257509267502619,35.0,14.0,False,main,True
2983,1,1,6.611150310820944,1.3888496891790556,0.826393788852618,0.9792286422121947,16.0,8.0,False,main,True
10205,1,1,6.593055260365563,1.4069447396344366,0.8241319075456954,0.9784487713714862,16.0,8.0,False,main,True
10205,2,2,7.593055260365563,1.4069447396344366,0.8436728067072848,0.9811909926214484,13.0,7.0,False,main,False
10205,3,3,8.593055260365563,1.4069447396344366,0.8593055260365563,0.9833138018753789,10.0,6.0,False,main,False
10205,4,4,9.593055260365563,1.4069447396344366,0.8720959327605058,0.9850058529095065,8.0,5.0,False,main,False
10205,5,5,10.593055260365563,1.4069447396344366,0.8827546050304637,0.9863862245999385,6.0,4.0,False,main,False
10205,6,6,11.593055260365563,1.4069447396344366,0.8917734815665818,0.9875337959728065,4.0,3.0,False,main,False
10205,7,7,12.593055260365563,1.4069447396344366,0.8995039471689689,0.9885028937742889,2.0,2.0,False,main,False
10205,8,8,13.593055260365563,1.4069447396344366,0.9062036840243709,0.9893321575613572,1.0,1.0,False,main,False
10205,9,9,14.593055260365563,1.4069447396344366,0.9120659537728477,0.9900498217031318,-1.0,-1.0,True,main,False
2859,0,1,5.948234697279624,2.0517653027203764,0.743529337159953,0.9433319180547151,30.0,13.0,False,main,True
10982,1,1,6.600595914349778,1.3994040856502217,0.8250744892937223,0.9787752945326226,16.0,8.0,False,main,True
10982,2,2,7.600595914349778,1.3994040856502217,0.8445106571499754,0.981474959093146,13.0,7.0,False,main,False
10982,3,3,8.600595914349778,1.3994040856502217,0.8600595914349778,0.9835650340662744,10.0,6.0,False,main,False
10982,4,4,9.600595914349778,1.3994040856502217,0.8727814467590708,0.985231122388355,8.0,5.0,False,main,False
10982,5,5,10.600595914349778,1.3994040856502217,0.8833829928624816,0.9865903976299192,6.0,4.0,False,main,False
10982,6,6,11.600595914349778,1.3994040856502217,0.8923535318730599,0.9877204873101343,4.0,3.0,False,main,False
10982,7,7,12.600595914349778,1.3994040856502217,0.9000425653106985,0.988674862089674,2.0,2.0,False,main,False
10982,8,8,13.600595914349778,1.3994040856502217,0.9067063942899852,0.9894915560762058,1.0,1.0,False,main,False
10982,9,9,14.600595914349778,1.3994040856502217,0.9125372446468611,0.9901983633329369,-1.0,-1.0,True,main,False
11569,1,1,6.8108784409921155,1.189121559007885,0.8513598051240144,0.9869645807394767,14.0,8.0,False,main,True
11569,2,2,7.8108784409921155,1.189121559007885,0.8678753823324573,0.98860507356921,11.0,7.0,False,main,False
11569,3,3,8.810878440992116,1.189121559007885,0.8810878440992115,0.9898787337178576,9.0,6.0,False,main,False
11569,4,4,9.810878440992116,1.189121559007885,0.8918980400901922,0.9908962491668619,7.0,5.0,False,main,False
11569,5,5,10.810878440992116,1.189121559007885,0.9009065367493428,0.991727839776663,5.0,4.0,False,main,False
11569,6,6,11.810878440992116,1.189121559007885,0.9085291108455473,0.9924202047182887,4.0,3.0,False,main,False
11569,7,7,12.810878440992116,1.189121559007885,0.915062745785151,0.9930056105141787,2.0,2.0,False,main,False
11569,8,8,13.810878440992116,1.189121559007885,0.9207252293994743,0.9935070672212108,1.0,1.0,False,main,False
11569,9,9,14.810878440992116,1.189121559007885,0.9256799025620073,0.9939414258586786,-1.0,-1.0,True,main,False
11044,1,1,6.597126787945723,1.4028732120542766,0.8246408484932154,0.9786253465649735,16.0,8.0,False,main,True
11044,2,2,7.597126787945723,1.4028732120542766,0.844125198660636,0.9813445513722748,13.0,7.0,False,main,False
11044,3,3,8.597126787945722,1.4028732120542766,0.8597126787945724,0.9834496571680581,10.0,6.0,False,main,False
11044,4,4,9.597126787945722,1.4028732120542766,0.8724660716314294,0.9851276673392829,8.0,5.0,False,main,False
11044,5,5,10.597126787945722,1.4028732120542766,0.883093898995477,0.9864966301252912,6.0,4.0,False,main,False
11044,6,6,11.597126787945722,1.4028732120542766,0.8920866759958249,0.9876347476062515,4.0,3.0,False,main,False
11044,7,7,12.597126787945722,1.4028732120542766,0.8997947705675517,0.988595883485018,2.0,2.0,False,main,False
11044,8,8,13.597126787945722,1.4028732120542766,0.9064751191963816,0.9894183498505049,1.0,1.0,False,main,False
11044,9,9,14.597126787945722,1.4028732120542766,0.9123204242466078,0.9901301429306264,-1.0,-1.0,True,main,False
4045,1,1,6.800783185171963,1.1992168148280364,0.8500978981464954,0.9866134853266464,14.0,8.0,False,main,True
4002,0,1,5.776811501412375,2.2231884985876254,0.7221014376765469,0.9319091804313707,33.0,14.0,False,main,True
1459,1,1,6.722773492882158,1.2772265071178421,0.8403466866102698,0.9837541204822052,15.0,8.0,False,main,True
10531,1,1,6.858557213913409,1.1414427860865908,0.8573196517391761,0.9885626434581346,14.0,8.0,False,main,True
10531,2,2,7.858557213913409,1.1414427860865908,0.8731730237681565,0.9899984640649468,11.0,7.0,False,main,False
10531,3,3,8.858557213913409,1.1414427860865908,0.885855721391341,0.9911139434498915,9.0,6.0,False,main,False
10531,4,4,9.858557213913409,1.1414427860865908,0.8962324739921281,0.9920055403501136,7.0,5.0,False,main,False
10531,5,5,10.858557213913409,1.1414427860865908,0.9048797678261175,0.9927345157081037,5.0,4.0,False,main,False
10531,6,6,11.858557213913409,1.1414427860865908,0.91219670876257,0.9933416464134134,4.0,3.0,False,main,False
10531,7,7,12.858557213913409,1.1414427860865908,0.9184683724223863,0.9938551270704941,2.0,2.0,False,main,False
10531,8,8,13.858557213913409,1.1414427860865908,0.923903814260894,0.9942950757836654,1.0,1.0,False,main,False
10531,9,9,14.858557213913409,1.1414427860865908,0.9286598258695881,0.9946762329934847,-1.0,-1.0,True,main,False
5126,1,1,6.6461476769040235,1.3538523230959767,0.8307684596130029,0.9807009032797083,15.0,8.0,False,main,True
5126,2,2,7.6461476769040235,1.3538523230959767,0.8495719641004471,0.9831500793855495,12.0,7.0,False,main,False
5126,3,3,8.646147676904024,1.3538523230959767,0.8646147676904024,0.9850473787902942,10.0,6.0,False,main,False
5126,4,4,9.646147676904024,1.3538523230959767,0.876922516082184,0.9865605079732026,8.0,5.0,False,main,False
5126,5,5,10.646147676904024,1.3538523230959767,0.8871789730753353,0.9877954536681491,6.0,4.0,False,main,False
5126,6,6,11.646147676904024,1.3538523230959767,0.8958575136080018,0.9888224900621124,4.0,3.0,False,main,False
5126,7,7,12.646147676904024,1.3538523230959767,0.9032962626360017,0.9896900549489588,2.0,2.0,False,main,False
5126,8,8,13.646147676904024,1.3538523230959767,0.9097431784602682,0.9904326213782678,1.0,1.0,False,main,False
5126,9,9,14.646147676904024,1.3538523230959767,0.9153842298065015,0.9910753926639975,-1.0,-1.0,True,main,False
254,1,1,6.632478734564832,1.3675212654351685,0.829059841820604,0.9801315845712033,15.0,8.0,False,main,True
5086,2,2,7.683828706974812,1.316171293025188,0.8537587452194235,0.9844825717417504,12.0,7.0,False,main,True
5086,3,3,8.683828706974811,1.316171293025188,0.8683828706974811,0.9862269334103775,10.0,6.0,False,main,False
5086,4,4,9.683828706974811,1.316171293025188,0.8803480642704374,0.9876186352974938,8.0,5.0,False,main,False
5086,5,5,10.683828706974811,1.316171293025188,0.8903190589145676,0.9887548312642365,6.0,4.0,False,main,False
5086,6,6,11.683828706974811,1.316171293025188,0.8987560543826778,0.9896999829680728,4.0,3.0,False,main,False
5086,7,7,12.683828706974811,1.316171293025188,0.9059877647839151,0.9904985463334224,2.0,2.0,False,main,False
5086,8,8,13.683828706974811,1.316171293025188,0.9122552471316541,0.9911821749147143,1.0,1.0,False,main,False
5086,9,9,14.683828706974811,1.316171293025188,0.9177392941859257,0.991774019513527,-1.0,-1.0,True,main,False
3990,2,2,7.88258163873238,1.11741836126762,0.8758424043035977,0.9906675669744555,11.0,7.0,False,main,False
3990,3,3,8.882581638732379,1.11741836126762,0.8882581638732379,0.9917072677754625,9.0,6.0,False,main,False
3990,4,4,9.882581638732379,1.11741836126762,0.8984165126120345,0.9925385081457256,7.0,5.0,False,main,False
3990,5,5,10.882581638732379,1.11741836126762,0.9068818032276983,0.9932182750892797,5.0,4.0,False,main,False
3990,6,6,11.882581638732379,1.11741836126762,0.9140447414409523,0.9937845174947729,4.0,3.0,False,main,False
3990,7,7,12.882581638732379,1.11741836126762,0.9201844027665985,0.9942634840361637,2.0,2.0,False,main,False
3990,8,8,13.882581638732379,1.11741836126762,0.9255054425821586,0.9946739098936638,1.0,1.0,False,main,False
3990,9,9,14.882581638732379,1.11741836126762,0.9301613524207737,0.9950295256902107,-1.0,-1.0,True,main,False
1459,2,2,7.722773492882158,1.2772265071178421,0.8580859436535732,0.9858078848127371,12.0,7.0,False,main,True
1459,3,3,8.722773492882158,1.2772265071178421,0.8722773492882159,0.9874005063097065,9.0,6.0,False,main,False
1459,4,4,9.722773492882158,1.2772265071178421,0.8838884993529235,0.9886716607358563,7.0,5.0,False,main,False
1459,5,5,10.722773492882158,1.2772265071178421,0.8935644577401799,0.9897097766216986,6.0,4.0,False,main,False
1459,6,6,11.722773492882158,1.2772265071178421,0.9017518071447814,0.9905735679643075,4.0,3.0,False,main,False
1459,7,7,12.722773492882158,1.2772265071178421,0.9087695352058685,0.9913035500035061,2.0,2.0,False,main,False
1459,8,8,13.722773492882158,1.2772265071178421,0.9148515661921439,0.991928584065565,1.0,1.0,False,main,False
1459,9,9,14.722773492882158,1.2772265071178421,0.9201733433051349,0.992469787134024,-1.0,-1.0,True,main,False
1681,2,2,7.664555706698437,1.3354442933015633,0.8516173007442708,0.9838071264103281,12.0,7.0,False,main,True
1681,3,3,8.664555706698437,1.3354442933015633,0.8664555706698437,0.9856289666616684,10.0,6.0,False,main,False
1681,4,4,9.664555706698437,1.3354442933015633,0.8785959733362215,0.9870821926677666,8.0,5.0,False,main,False
1681,5,5,10.664555706698437,1.3354442933015633,0.888712975558203,0.9882684282823391,6.0,4.0,False,main,False
1681,6,6,11.664555706698437,1.3354442933015633,0.8972735158998797,0.9892550774052306,4.0,3.0,False,main,False
1681,7,7,12.664555706698437,1.3354442933015633,0.9046111219070312,0.9900886119465302,2.0,2.0,False,main,False
1681,8,8,13.664555706698437,1.3354442933015633,0.9109703804465624,0.9908021131817212,1.0,1.0,False,main,False
1681,9,9,14.664555706698437,1.3354442933015633,0.9165347316686523,0.991419771396038,-1.0,-1.0,True,main,False
6331,2,2,7.839336584354195,1.1606634156458053,0.8710373982615772,0.9894471446172429,11.0,7.0,False,main,True
6331,3,3,8.839336584354195,1.1606634156458053,0.8839336584354195,0.9906251518327303,9.0,6.0,False,main,False
6331,4,4,9.839336584354195,1.1606634156458053,0.8944851440321995,0.9915665346179727,7.0,5.0,False,main,False
6331,5,5,10.839336584354195,1.1606634156458053,0.9032780486961829,0.9923360893802308,5.0,4.0,False,main,False
6331,6,6,11.839336584354195,1.1606634156458053,0.9107181987964765,0.9929769310257295,4.0,3.0,False,main,False
6331,7,7,12.839336584354195,1.1606634156458053,0.9170954703110139,0.9935188621847226,2.0,2.0,False,main,False
6331,8,8,13.839336584354195,1.1606634156458053,0.9226224389569463,0.9939831433055378,1.0,1.0,False,main,False
6331,9,9,14.839336584354195,1.1606634156458053,0.9274585365221372,0.9943853487040373,-1.0,-1.0,True,main,False
5819,2,2,7.591332557053855,1.4086674429461445,0.8434813952282061,0.981125856136539,13.0,7.0,False,main,True
5819,3,3,8.591332557053855,1.4086674429461445,0.8591332557053855,0.9832561762178109,10.0,6.0,False,main,False
5819,4,4,9.591332557053855,1.4086674429461445,0.8719393233685323,0.9849541839299945,8.0,5.0,False,main,False
5819,5,5,10.591332557053855,1.4086674429461445,0.8826110464211546,0.986339395549032,6.0,4.0,False,main,False
5819,6,6,11.591332557053855,1.4086674429461445,0.8916409659272196,0.9874909773729149,4.0,3.0,False,main,False
5819,7,7,12.591332557053855,1.4086674429461445,0.8993808969324182,0.988463452634688,2.0,2.0,False,main,False
5819,8,8,13.591332557053855,1.4086674429461445,0.9060888371369237,0.9892955998413233,1.0,1.0,False,main,False
5819,9,9,14.591332557053855,1.4086674429461445,0.9119582848158659,0.9900157544047818,-1.0,-1.0,True,main,False
6579,2,2,7.626674334853573,1.3733256651464272,0.8474082594281748,0.9824424804345512,12.0,7.0,False,main,True
6579,3,3,8.626674334853572,1.3733256651464272,0.8626674334853572,0.9844211431198757,10.0,6.0,False,main,False
6579,4,4,9.626674334853572,1.3733256651464272,0.8751522122594156,0.9859988436536212,8.0,5.0,False,main,False
6579,5,5,10.626674334853572,1.3733256651464272,0.885556194571131,0.9872862832100615,6.0,4.0,False,main,False
6579,6,6,11.626674334853572,1.3733256651464272,0.8943595642195056,0.98835683597232,4.0,3.0,False,main,False
6579,7,7,12.626674334853572,1.3733256651464272,0.901905309632398,0.989261062079739,2.0,2.0,False,main,False
6579,8,8,13.626674334853572,1.3733256651464272,0.9084449556569048,0.9900349366207862,1.0,1.0,False,main,False
6579,9,9,14.626674334853572,1.3733256651464272,0.9141671459283482,0.9907047558895872,-1.0,-1.0,True,main,False
3748,2,2,7.775820638247812,1.2241793617521877,0.8639800709164236,0.9875260613670193,11.0,7.0,False,main,True
3748,3,3,8.775820638247811,1.2241793617521877,0.8775820638247811,0.9889225437446143,9.0,6.0,False,main,False
3748,4,4,9.775820638247811,1.2241793617521877,0.8887109671134374,0.990037768680039,7.0,5.0,False,main,False
3748,5,5,10.775820638247811,1.2241793617521877,0.8979850531873176,0.990948945654772,5.0,4.0,False,main,False
3748,6,6,11.775820638247811,1.2241793617521877,0.9058323567882932,0.991707389236606,4.0,3.0,False,main,False
3748,7,7,12.775820638247811,1.2241793617521877,0.9125586170177008,0.9923485364851556,2.0,2.0,False,main,False
3748,8,8,13.775820638247811,1.2241793617521877,0.9183880425498541,0.9928976475811893,1.0,1.0,False,main,False
3748,9,9,14.775820638247811,1.2241793617521877,0.9234887898904882,0.9933732146985348,-1.0,-1.0,True,main,False
4245,2,2,7.644068616606317,1.3559313833936828,0.8493409574007019,0.9830751445830489,12.0,7.0,False,main,True
4245,3,3,8.644068616606317,1.3559313833936828,0.8644068616606317,0.9849810555668321,10.0,6.0,False,main,False
4245,4,4,9.644068616606317,1.3559313833936828,0.8767335106005743,0.9865010199697412,8.0,5.0,False,main,False
4245,5,5,10.644068616606317,1.3559313833936828,0.8870057180505264,0.9877415230097717,6.0,4.0,False,main,False
4245,6,6,11.644068616606317,1.3559313833936828,0.8956975858927936,0.9887731667307501,4.0,3.0,False,main,False
4245,7,7,12.644068616606317,1.3559313833936828,0.9031477583290226,0.9896446134289667,2.0,2.0,False,main,False
4245,8,8,13.644068616606317,1.3559313833936828,0.9096045744404211,0.9903904950647685,1.0,1.0,False,main,False
4245,9,9,14.644068616606317,1.3559313833936828,0.9152542885378948,0.9910361306007708,-1.0,-1.0,True,main,False
10926,0,5,5.765588801292821,6.234411198707179,0.4804657334410684,0.7109550311493086,248.0,45.0,False,main,True
1744,2,2,7.683617476285229,1.316382523714771,0.8537352751428032,0.9844752386008709,12.0,7.0,False,main,True
1744,3,3,8.683617476285228,1.316382523714771,0.8683617476285228,0.9862204409192441,10.0,6.0,False,main,False
1744,4,4,9.683617476285228,1.316382523714771,0.8803288614804753,0.9876128104469006,8.0,5.0,False,main,False
1744,5,5,10.683617476285228,1.316382523714771,0.8903014563571023,0.9887495494916999,6.0,4.0,False,main,False
1744,6,6,11.683617476285228,1.316382523714771,0.8987398058680944,0.989695151607938,4.0,3.0,False,main,False
1744,7,7,12.683617476285228,1.316382523714771,0.9059726768775163,0.9904940945798301,2.0,2.0,False,main,False
1744,8,8,13.683617476285228,1.316382523714771,0.9122411650856819,0.9911780474455383,1.0,1.0,False,main,False
1744,9,9,14.683617476285228,1.316382523714771,0.9177260922678268,0.9917701722815123,-1.0,-1.0,True,main,False
5845,2,2,7.805549165825262,1.1944508341747375,0.8672832406472514,0.9884439934945249,11.0,7.0,False,main,True
5845,3,3,8.805549165825262,1.1944508341747375,0.8805549165825262,0.9897359712343219,9.0,6.0,False,main,False
5845,4,4,9.805549165825262,1.1944508341747375,0.8914135605295693,0.9907680623520255,7.0,5.0,False,main,False
5845,5,5,10.805549165825262,1.1944508341747375,0.9004624304854385,0.9916115273268906,5.0,4.0,False,main,False
5845,6,6,11.805549165825262,1.1944508341747375,0.9081191666019433,0.9923137527482502,4.0,3.0,False,main,False
5845,7,7,12.805549165825262,1.1944508341747375,0.914682083273233,0.9929074775118532,2.0,2.0,False,main,False
5845,8,8,13.805549165825262,1.1944508341747375,0.9203699443883508,0.9934160470063619,1.0,1.0,False,main,False
5845,9,9,14.805549165825262,1.1944508341747375,0.9253468228640789,0.9938565568839839,-1.0,-1.0,True,main,False
3956,2,2,7.780475688690507,1.2195243113094925,0.8644972987433897,0.9876719528203336,11.0,7.0,False,main,True
3956,3,3,8.780475688690508,1.2195243113094925,0.8780475688690508,0.989051812306282,9.0,6.0,False,main,False
3956,4,4,9.780475688690508,1.2195243113094925,0.889134153517319,0.9901538162077048,7.0,5.0,False,main,False
3956,5,5,10.780475688690508,1.2195243113094925,0.8983729740575424,0.9910542263744573,5.0,4.0,False,main,False
3956,6,6,11.780475688690508,1.2195243113094925,0.9061904375915776,0.9918037318845837,4.0,3.0,False,main,False
3956,7,7,12.780475688690508,1.2195243113094925,0.9128911206207506,0.9924373402583647,2.0,2.0,False,main,False
3956,8,8,13.780475688690508,1.2195243113094925,0.9186983792460339,0.9929800069149859,1.0,1.0,False,main,False
3956,9,9,14.780475688690508,1.2195243113094925,0.9237797305431568,0.9934500017967284,-1.0,-1.0,True,main,False
336,2,2,7.790070786139148,1.2099292138608522,0.8655634206821275,0.9879701486501089,11.0,7.0,False,main,True
336,3,3,8.790070786139147,1.2099292138608522,0.8790070786139148,0.9893160473831129,9.0,6.0,False,main,False
336,4,4,9.790070786139147,1.2099292138608522,0.8900064351035589,0.9903910376017584,7.0,5.0,False,main,False
336,5,5,10.790070786139147,1.2099292138608522,0.8991725655115957,0.9912694467248588,5.0,4.0,False,main,False
336,6,6,11.790070786139147,1.2099292138608522,0.9069285220107037,0.9920006867552053,4.0,3.0,False,main,False
336,7,7,12.790070786139147,1.2099292138608522,0.9135764847242249,0.9926188880792285,2.0,2.0,False,main,False
336,8,8,13.790070786139147,1.2099292138608522,0.9193380524092766,0.9931483837039452,1.0,1.0,False,main,False
336,9,9,14.790070786139147,1.2099292138608522,0.9243794241336968,0.9936069896617675,-1.0,-1.0,True,main,False
8854,2,2,7.716349011987521,1.2836509880124787,0.8573721124430579,0.9855929388680597,12.0,7.0,False,main,True
8854,3,3,8.716349011987521,1.2836509880124787,0.8716349011987521,0.9872101443904107,9.0,6.0,False,main,False
8854,4,4,9.716349011987521,1.2836509880124787,0.8833044556352292,0.9885008341145235,7.0,5.0,False,main,False
8854,5,5,10.716349011987521,1.2836509880124787,0.8930290843322934,0.9895548475370417,6.0,4.0,False,main,False
8854,6,6,11.716349011987521,1.2836509880124787,0.9012576163067324,0.990431828513141,4.0,3.0,False,main,False
8854,7,7,12.716349011987521,1.2836509880124787,0.9083106437133944,0.9911729300332458,2.0,2.0,False,main,False
8854,8,8,13.716349011987521,1.2836509880124787,0.9144232674658348,0.9918074654423735,1.0,1.0,False,main,False
8854,9,9,14.716349011987521,1.2836509880124787,0.9197718132492201,0.9923568810480815,-1.0,-1.0,True,main,False
3440,2,2,7.835174796652669,1.1648252033473314,0.8705749774058521,0.9893259112880132,11.0,7.0,False,main,True
3440,3,3,8.83517479665267,1.1648252033473314,0.883517479665267,0.990517678677203,9.0,6.0,False,main,False
3440,4,4,9.83517479665267,1.1648252033473314,0.8941067996956972,0.9914700156118549,7.0,5.0,False,main,False
3440,5,5,10.83517479665267,1.1648252033473314,0.9029312330543892,0.9922484975842156,5.0,4.0,False,main,False
3440,6,6,11.83517479665267,1.1648252033473314,0.9103980612809746,0.9928967545523603,4.0,3.0,False,main,False
3440,7,7,12.83517479665267,1.1648252033473314,0.9167981997609049,0.9934449432965311,2.0,2.0,False,main,False
3440,8,8,13.83517479665267,1.1648252033473314,0.9223449864435113,0.9939145758015695,1.0,1.0,False,main,False
3440,9,9,14.83517479665267,1.1648252033473314,0.9271984247907918,0.9943214099651211,-1.0,-1.0,True,main,False
2499,2,2,7.595719219449851,1.4042807805501492,0.8439688021610946,0.9812915263134789,13.0,7.0,False,main,True
2499,3,3,8.595719219449851,1.4042807805501492,0.8595719219449851,0.9834027447363617,10.0,6.0,False,main,False
2499,4,4,9.595719219449851,1.4042807805501492,0.8723381108590774,0.9850856030179261,8.0,5.0,False,main,False
2499,5,5,10.595719219449851,1.4042807805501492,0.8829766016208209,0.9864585052003816,6.0,4.0,False,main,False
2499,6,6,11.595719219449851,1.4042807805501492,0.8919784014961424,0.9875998870718121,4.0,3.0,False,main,False
2499,7,7,12.595719219449851,1.4042807805501492,0.8996942299607037,0.9885637722001336,2.0,2.0,False,main,False
2499,8,8,13.595719219449851,1.4042807805501492,0.9063812812966567,0.9893885857348215,1.0,1.0,False,main,False
2499,9,9,14.595719219449851,1.4042807805501492,0.9122324512156157,0.9901024061252743,-1.0,-1.0,True,main,False
5753,2,2,7.748116616795691,1.2518833832043088,0.8609018463106324,0.9866414233781942,12.0,7.0,False,main,True
5753,3,3,8.748116616795691,1.2518833832043088,0.8748116616795691,0.9881388078881985,9.0,6.0,False,main,False
5753,4,4,9.748116616795691,1.2518833832043088,0.8861924197086992,0.9893342653466293,7.0,5.0,False,main,False
5753,5,5,10.748116616795691,1.2518833832043088,0.8956763847329743,0.9903107682249117,5.0,4.0,False,main,False
5753,6,6,11.748116616795691,1.2518833832043088,0.9037012782150532,0.9911234333328025,4.0,3.0,False,main,False
5753,7,7,12.748116616795691,1.2518833832043088,0.9105797583425493,0.9918103079087699,2.0,2.0,False,main,False
5753,8,8,13.748116616795691,1.2518833832043088,0.9165411077863794,0.9923985035415918,1.0,1.0,False,main,False
5753,9,9,14.748116616795691,1.2518833832043088,0.9217572885497307,0.9929078621214108,-1.0,-1.0,True,main,False
1968,2,2,7.666037148353804,1.3339628516461963,0.8517819053726449,0.9838594998943717,12.0,7.0,False,main,True
1968,3,3,8.666037148353805,1.3339628516461963,0.8666037148353803,0.9856753291043393,10.0,6.0,False,main,False
1968,4,4,9.666037148353805,1.3339628516461963,0.8787306498503458,0.9871237825190845,8.0,5.0,False,main,False
1968,5,5,10.666037148353805,1.3339628516461963,0.8888364290294836,0.9883061368436628,6.0,4.0,False,main,False
1968,6,6,11.666037148353805,1.3339628516461963,0.8973874729502925,0.9892895675317458,4.0,3.0,False,main,False
1968,7,7,12.666037148353805,1.3339628516461963,0.9047169391681288,0.9901203899950375,2.0,2.0,False,main,False
1968,8,8,13.666037148353805,1.3339628516461963,0.9110691432235869,0.9908315746942737,1.0,1.0,False,main,False
1968,9,9,14.666037148353805,1.3339628516461963,0.9166273217721128,0.9914472312441823,-1.0,-1.0,True,main,False
3656,2,2,7.89868584857046,1.1013141514295408,0.8776317609522732,0.9911035053397798,11.0,7.0,False,main,False
3656,3,3,8.898685848570459,1.1013141514295408,0.8898685848570459,0.9920938997504346,9.0,6.0,False,main,False
3656,4,4,9.898685848570459,1.1013141514295408,0.8998805316882236,0.9928858560961888,7.0,5.0,False,main,False
3656,5,5,10.898685848570459,1.1013141514295408,0.9082238207142049,0.9935335869949271,5.0,4.0,False,main,False
3656,6,6,11.898685848570459,1.1013141514295408,0.9152835268131122,0.99407320458097,4.0,3.0,False,main,False
3656,7,7,12.898685848570459,1.1013141514295408,0.9213347034693185,0.9945296931200044,2.0,2.0,False,main,False
3656,8,8,13.898685848570459,1.1013141514295408,0.926579056571364,0.9949208888866597,1.0,1.0,False,main,False
3656,9,9,14.898685848570459,1.1013141514295408,0.9311678655356537,0.9952598659210202,-1.0,-1.0,True,main,False
4159,2,2,7.726052471710118,1.2739475282898818,0.8584502746344576,0.9859170250777693,12.0,7.0,False,main,True
4159,3,3,8.726052471710119,1.2739475282898818,0.872605247171012,0.987497167776732,9.0,6.0,False,main,False
4159,4,4,9.726052471710119,1.2739475282898818,0.8841865883372836,0.988758405387112,7.0,5.0,False,main,False
4159,5,5,10.726052471710119,1.2739475282898818,0.8938377059758432,0.9897884506355341,6.0,4.0,False,main,False
4159,6,6,11.726052471710119,1.2739475282898818,0.9020040362853938,0.9906455457270534,4.0,3.0,False,main,False
4159,7,7,12.726052471710119,1.2739475282898818,0.9090037479792942,0.9913698822852991,2.0,2.0,False,main,False
4159,8,8,13.726052471710119,1.2739475282898818,0.9150701647806746,0.9919900922472077,1.0,1.0,False,main,False
4159,9,9,14.726052471710119,1.2739475282898818,0.9203782794818824,0.992527125459741,-1.0,-1.0,True,main,False
7327,2,2,7.592871844850045,1.407128155149955,0.8436524272055606,0.9811840622089029,13.0,7.0,False,main,True
7327,3,3,8.592871844850045,1.407128155149955,0.8592871844850045,0.9833076705631552,10.0,6.0,False,main,False
7327,4,4,9.592871844850045,1.407128155149955,0.8720792586227314,0.9850003553543225,8.0,5.0,False,main,False
7327,5,5,10.592871844850045,1.407128155149955,0.8827393204041704,0.9863812419907617,6.0,4.0,False,main,False
7327,6,6,11.592871844850045,1.407128155149955,0.8917593726807727,0.9875292400603056,4.0,3.0,False,main,False
7327,7,7,12.592871844850045,1.407128155149955,0.8994908460607175,0.9884986972129308,2.0,2.0,False,main,False
7327,8,8,13.592871844850045,1.407128155149955,0.9061914563233363,0.9893282677883898,1.0,1.0,False,main,False
7327,9,9,14.592871844850045,1.407128155149955,0.9120544903031278,0.9900461969057939,-1.0,-1.0,True,main,False
7904,0,5,5.659519756551951,6.340480243448049,0.4716266463793293,0.7027791223641677,276.0,47.0,False,main,True
8061,0,5,5.712307249304167,6.287692750695833,0.47602560410868056,0.7068576992704707,262.0,46.0,False,main,True
4356,2,2,7.88107239668347,1.1189276033165299,0.8756747107426077,0.9906261925191922,11.0,7.0,False,main,False
4356,3,3,8.88107239668347,1.1189276033165299,0.8881072396683469,0.9916705756488904,9.0,6.0,False,main,False
4356,4,4,9.88107239668347,1.1189276033165299,0.8982793087894063,0.992505546078315,7.0,5.0,False,main,False
4356,5,5,10.88107239668347,1.1189276033165299,0.9067560330569558,0.9931883545480003,5.0,4.0,False,main,False
4356,6,6,11.88107239668347,1.1189276033165299,0.9139286458987285,0.9937571245098347,4.0,3.0,False,main,False
4356,7,7,12.88107239668347,1.1189276033165299,0.920076599763105,0.9942382247830786,2.0,2.0,False,main,False
4356,8,8,13.88107239668347,1.1189276033165299,0.9254048264455647,0.9946504759494555,1.0,1.0,False,main,False
4356,9,9,14.88107239668347,1.1189276033165299,0.9300670247927169,0.9950076710030715,-1.0,-1.0,True,main,False
4125,2,2,7.593895311883013,1.4061046881169872,0.8437661457647792,0.9812227200861339,13.0,7.0,False,main,True
4125,3,3,8.593895311883013,1.4061046881169872,0.8593895311883013,0.9833418711735721,10.0,6.0,False,main,False
4125,4,4,9.593895311883013,1.4061046881169872,0.872172301080274,0.9850310209361743,8.0,5.0,False,main,False
4125,5,5,10.593895311883013,1.4061046881169872,0.8828246093235844,0.9864090352445142,6.0,4.0,False,main,False
4125,6,6,11.593895311883013,1.4061046881169872,0.891838100914078,0.9875546532238707,4.0,3.0,False,main,False
4125,7,7,12.593895311883013,1.4061046881169872,0.8995639508487867,0.9885221059290391,2.0,2.0,False,main,False
4125,8,8,13.593895311883013,1.4061046881169872,0.9062596874588675,0.9893499652451917,1.0,1.0,False,main,False
4125,9,9,14.593895311883013,1.4061046881169872,0.9121184569926883,0.9900664163303629,-1.0,-1.0,True,main,False
11499,2,2,7.7556675919823235,1.244332408017676,0.8617408435535915,0.9868853063937915,12.0,7.0,False,main,False
11499,3,3,8.755667591982323,1.244332408017676,0.8755667591982323,0.9883548554676712,9.0,6.0,False,main,False
11499,4,4,9.755667591982323,1.244332408017676,0.886878871998393,0.989528182936556,7.0,5.0,False,main,False
11499,5,5,10.755667591982323,1.244332408017676,0.8963056326651936,0.9904866696265846,5.0,4.0,False,main,False
11499,6,6,11.755667591982323,1.244332408017676,0.9042821224601787,0.9912843825100344,4.0,3.0,False,main,False
11499,7,7,12.755667591982323,1.244332408017676,0.9111191137130231,0.9919586482839371,2.0,2.0,False,main,False
11499,8,8,13.755667591982323,1.244332408017676,0.9170445061321549,0.9925360675455414,1.0,1.0,False,main,False
11499,9,9,14.755667591982323,1.244332408017676,0.9222292244988952,0.9930361097166169,-1.0,-1.0,True,main,False
6084,2,2,7.772823663787994,1.2271763362120054,0.8636470737542216,0.9874317137137806,12.0,7.0,False,main,False
6084,3,3,8.772823663787994,1.2271763362120054,0.8772823663787994,0.9888389487469769,9.0,6.0,False,main,False
6084,4,4,9.772823663787994,1.2271763362120054,0.8884385148898176,0.9899627253141381,7.0,5.0,False,main,False
6084,5,5,10.772823663787994,1.2271763362120054,0.8977353053156661,0.9908808661508482,5.0,4.0,False,main,False
6084,6,6,11.772823663787994,1.2271763362120054,0.9056018202913841,0.991645090565461,4.0,3.0,False,main,False
6084,7,7,12.772823663787994,1.2271763362120054,0.9123445474134282,0.9922911135400625,2.0,2.0,False,main,False
6084,8,8,13.772823663787994,1.2271763362120054,0.918188244252533,0.9928443924302328,1.0,1.0,False,main,False
6084,9,9,14.772823663787994,1.2271763362120054,0.9233014789867496,0.9933235631810937,-1.0,-1.0,True,main,False
5656,0,1,5.344780701727107,2.6552192982728933,0.6680975877158883,0.8998589215329043,45.0,15.0,False,main,True
6250,0,1,5.152124739948983,2.847875260051017,0.6440155924936228,0.8841838356945566,52.0,16.0,False,main,True
532,0,1,5.2095497334656855,2.7904502665343145,0.6511937166832107,0.8889407815613102,50.0,16.0,False,main,True
9153,0,1,5.449407020530167,2.5505929794698328,0.6811758775662708,0.9080255318351969,41.0,15.0,False,main,True
894,1,1,6.265707805194915,1.7342921948050851,0.7832134756493644,0.9622951438940149,19.0,9.0,False,main,True
9711,0,1,5.313410807048567,2.686589192951433,0.6641763508810709,0.8973622068060794,46.0,15.0,False,main,True
9711,0,2,5.313410807048567,3.686589192951433,0.5903789785609519,0.834352676189554,81.0,22.0,False,main,False
9711,0,3,5.313410807048567,4.686589192951433,0.5313410807048566,0.7757050996734205,138.0,30.0,False,main,True
9711,0,4,5.313410807048567,5.686589192951433,0.4830373460953243,0.7227983684536918,236.0,41.0,False,main,True
8388,0,1,5.196103123995002,2.8038968760049983,0.6495128904993752,0.8878332688767541,51.0,16.0,False,main,True
8388,0,2,5.196103123995002,3.8038968760049983,0.5773447915550002,0.8243184337818418,89.0,23.0,False,main,False
8388,0,3,5.196103123995002,4.803896876004998,0.5196103123995002,0.7656967074174253,155.0,31.0,False,main,True
8388,0,4,5.196103123995002,5.803896876004998,0.4723730112722729,0.7130399019915759,269.0,43.0,False,main,True
9456,0,1,5.384197317381457,2.6158026826185434,0.6730246646726821,0.9029647762509706,44.0,15.0,False,main,True
9456,0,2,5.384197317381457,3.6158026826185434,0.5982441463757174,0.840309435745731,76.0,21.0,False,main,False
9456,0,3,5.384197317381457,4.615802682618543,0.5384197317381456,0.7816720294779039,129.0,29.0,False,main,True
7299,1,1,6.162318440839987,1.8376815591600133,0.7702898051049983,0.9564504609411564,21.0,9.0,False,main,True
2714,1,1,6.314334695551868,1.6856653044481313,0.7892918369439835,0.9649268090614123,19.0,9.0,False,main,True
1755,0,1,5.377711984956912,2.6222880150430883,0.672213998119614,0.9024561700681797,44.0,15.0,False,main,True
9193,1,1,6.539702329317067,1.4602976706829325,0.8174627911646334,0.976076817611015,16.0,8.0,False,main,True
9193,2,2,7.539702329317067,1.4602976706829325,0.8377447032574519,0.9791288709287482,13.0,7.0,False,main,False
9193,3,3,8.539702329317066,1.4602976706829325,0.8539702329317068,0.9814898542119752,10.0,6.0,False,main,False
9193,4,4,9.539702329317066,1.4602976706829325,0.8672456663015516,0.9833707204293852,8.0,5.0,False,main,False
9193,5,5,10.539702329317066,1.4602976706829325,0.878308527443089,0.9849044599172351,6.0,4.0,False,main,False
9193,6,6,11.539702329317066,1.4602976706829325,0.8876694099474668,0.9861790819333677,4.0,3.0,False,main,False
9193,7,7,12.539702329317066,1.4602976706829325,0.8956930235226477,0.9872551545602544,2.0,2.0,False,main,False
9193,8,8,13.539702329317066,1.4602976706829325,0.9026468219544712,0.9881757290159555,1.0,1.0,False,main,False
9193,9,9,14.539702329317066,1.4602976706829325,0.9087313955823167,0.9889722465431764,-1.0,-1.0,True,main,False
6993,1,1,6.502933387696311,1.4970666123036889,0.8128666734620389,0.974380396878325,17.0,8.0,False,main,True
126,0,1,5.228249897785176,2.7717501022148237,0.653531237223147,0.8904744812604363,49.0,16.0,False,main,True
10348,0,1,5.362908899293873,2.637091100706127,0.6703636124117341,0.9012916909183215,44.0,15.0,False,main,True
10348,0,2,5.362908899293873,3.637091100706127,0.5958787665882082,0.8385258131193445,77.0,22.0,False,main,False
10348,0,3,5.362908899293873,4.637091100706127,0.5362908899293873,0.779883267576704,132.0,30.0,False,main,True
10348,0,4,5.362908899293873,5.637091100706127,0.4875371726630794,0.7268806662559004,224.0,40.0,False,main,True
7967,0,1,5.146915663735695,2.8530843362643052,0.6433644579669618,0.8837488263631369,53.0,16.0,False,main,True
7967,0,2,5.146915663735695,3.8530843362643052,0.571879518192855,0.8200511900534583,93.0,23.0,False,main,False
7967,0,3,5.146915663735695,4.853084336264305,0.5146915663735695,0.7614557178913286,162.0,32.0,False,main,True
7967,0,4,5.146915663735695,5.853084336264305,0.46790142397597223,0.7089130567532547,285.0,43.0,False,main,True
7967,0,5,5.146915663735695,6.853084336264305,0.4289096386446412,0.6621685145052859,516.0,58.0,False,main,True
3079,1,1,6.555531713004878,1.4444682869951229,0.8194414641256097,0.97679173735047,16.0,8.0,False,main,True
3079,2,2,7.555531713004878,1.4444682869951229,0.8395035236672086,0.9797502797835332,13.0,7.0,False,main,False
3079,3,3,8.555531713004878,1.4444682869951229,0.8555531713004877,0.9820394061709118,10.0,6.0,False,main,False
3079,4,4,9.555531713004878,1.4444682869951229,0.8686847011822615,0.9838633232800464,8.0,5.0,False,main,False
3079,5,5,10.555531713004878,1.4444682869951229,0.8796276427504064,0.98535081550299,6.0,4.0,False,main,False
3079,6,6,11.555531713004878,1.4444682869951229,0.888887054846529,0.98658713307649,4.0,3.0,False,main,False
3079,7,7,12.555531713004878,1.4444682869951229,0.8968236937860626,0.9876309588002967,2.0,2.0,False,main,False
3079,8,8,13.555531713004878,1.4444682869951229,0.9037021142003251,0.9885240117269077,1.0,1.0,False,main,False
3079,9,9,14.555531713004878,1.4444682869951229,0.9097207320628049,0.9892967650024416,-1.0,-1.0,True,main,False
2304,1,1,6.420273407432871,1.579726592567129,0.8025341759291089,0.9703885948376656,18.0,9.0,False,main,True
10802,0,1,5.571747220928539,2.428252779071461,0.6964684026160674,0.9172536795433566,38.0,14.0,False,main,True
10802,0,2,5.571747220928539,3.428252779071461,0.6190830245476154,0.8557289912873544,66.0,20.0,False,main,False
10802,0,3,5.571747220928539,4.428252779071461,0.5571747220928539,0.7972167860602687,109.0,28.0,False,main,False
10802,0,4,5.571747220928539,5.428252779071461,0.5065224746298672,0.7438743317195209,181.0,37.0,False,main,True
10802,0,5,5.571747220928539,6.428252779071461,0.46431226841071155,0.6959549766178739,304.0,49.0,False,main,True
10802,0,6,5.571747220928539,7.428252779071461,0.42859594007142604,0.653088889975685,525.0,64.0,False,main,True
8917,1,1,6.315359385193639,1.684640614806361,0.7894199231492048,0.9649814365414926,19.0,9.0,False,main,True
1401,1,1,6.477871063137307,1.5221289368626925,0.8097338828921634,0.9731958320311105,17.0,8.0,False,main,True
1401,2,2,7.477871063137307,1.5221289368626925,0.8308745625708119,0.9766257818828149,13.0,7.0,False,main,True
1401,3,3,8.477871063137307,1.5221289368626925,0.8477871063137308,0.979276925430696,11.0,6.0,False,main,False
1401,4,4,9.477871063137307,1.5221289368626925,0.8616246421033916,0.9813876155740011,8.0,5.0,False,main,False
1401,5,5,10.477871063137307,1.5221289368626925,0.873155921928109,0.9831079019565923,6.0,4.0,False,main,False
1401,6,6,11.477871063137307,1.5221289368626925,0.8829131587028698,0.9845369725725525,4.0,3.0,False,main,False
1401,7,7,12.477871063137307,1.5221289368626925,0.8912765045098077,0.9857430276408453,2.0,2.0,False,main,False
1401,8,8,13.477871063137307,1.5221289368626925,0.8985247375424872,0.9867745076093233,1.0,1.0,False,main,False
1401,9,9,14.477871063137307,1.5221289368626925,0.9048669414460817,0.987666767859075,-1.0,-1.0,True,main,False
4094,0,1,5.2093918411747095,2.7906081588252905,0.6511739801468387,0.8889277996724497,50.0,16.0,False,main,True
10864,1,1,6.344020074418328,1.6559799255816716,0.793002509302291,0.9664953326220345,18.0,9.0,False,main,True
10864,2,2,7.344020074418328,1.6559799255816716,0.8160022304909254,0.9708104466570898,14.0,7.0,False,main,False
10864,3,3,8.344020074418328,1.6559799255816716,0.8344020074418328,0.9741398917815098,11.0,6.0,False,main,False
10864,4,4,9.344020074418328,1.6559799255816716,0.8494563704016662,0.9767870197237417,9.0,5.0,False,main,False
10864,5,5,10.344020074418328,1.6559799255816716,0.862001672868194,0.9789422080917348,6.0,4.0,False,main,False
10864,6,6,11.344020074418328,1.6559799255816716,0.8726169288014098,0.9807310001425122,4.0,3.0,False,main,False
10864,7,7,12.344020074418328,1.6559799255816716,0.8817157196013091,0.9822395511761621,3.0,2.0,False,main,False
10864,8,8,13.344020074418328,1.6559799255816716,0.8896013382945552,0.9835289579150821,1.0,1.0,False,main,False
10864,9,9,14.344020074418328,1.6559799255816716,0.8965012546511455,0.9846437544432849,-1.0,-1.0,True,main,False
7554,0,1,5.382684334933963,2.617315665066038,0.6728355418667453,0.9028462071668455,44.0,15.0,False,main,True
10920,1,1,6.251176985578936,1.748823014421064,0.781397123197367,0.9614939667402316,20.0,9.0,False,main,True
10920,2,2,7.251176985578936,1.748823014421064,0.8056863317309929,0.9664751411936792,15.0,8.0,False,main,False
10920,3,3,8.251176985578937,1.748823014421064,0.8251176985578936,0.9703138182299363,12.0,6.0,False,main,False
10920,4,4,9.251176985578937,1.748823014421064,0.8410160895980852,0.973362972439542,9.0,5.0,False,main,False
10920,5,5,10.251176985578937,1.748823014421064,0.8542647487982448,0.9758436458669915,7.0,4.0,False,main,False
10920,6,6,11.251176985578937,1.748823014421064,0.8654751527368413,0.977901359584247,5.0,3.0,False,main,False
10920,7,7,12.251176985578937,1.748823014421064,0.8750840703984955,0.9796358456509608,3.0,2.0,False,main,False
10920,8,8,13.251176985578937,1.748823014421064,0.8834117990385958,0.9811177516336164,1.0,1.0,False,main,False
10920,9,9,14.251176985578937,1.748823014421064,0.8906985615986835,0.9823985266206984,-1.0,-1.0,True,main,False
9377,1,1,6.45827191874528,1.5417280812547203,0.80728398984316,0.9722537643871635,17.0,8.0,False,main,True
9763,0,1,5.51201879318617,2.48798120681383,0.6890023491482713,0.9127923209030548,40.0,15.0,False,main,True
9763,0,2,5.51201879318617,3.48798120681383,0.6124465325762412,0.8508761027160976,69.0,21.0,False,main,False
9763,0,3,5.51201879318617,4.48798120681383,0.5512018793186171,0.7923081420708495,115.0,28.0,False,main,True
9763,0,4,5.51201879318617,5.48798120681383,0.5010926175623791,0.739052030958377,192.0,38.0,False,main,True
6168,1,1,6.466866580756555,1.5331334192434445,0.8083583225945694,0.9726685690808029,17.0,8.0,False,main,True
8716,1,1,6.284841363767201,1.7151586362327982,0.7856051704709002,0.9633397815969675,19.0,9.0,False,main,True
12087,0,1,5.39594611295915,2.60405388704085,0.6744932641198937,0.9038837365973456,43.0,15.0,False,main,True
12131,1,1,6.223556009884158,1.7764439901158426,0.7779445012355197,0.9599525884108918,20.0,9.0,False,main,True
8603,0,1,5.357865248192793,2.6421347518072067,0.6697331560240991,0.9008938056308009,44.0,15.0,False,main,True
2302,0,1,5.352265428644959,2.647734571355041,0.6690331785806198,0.9004513748230526,45.0,15.0,False,main,True
1167,0,1,5.538367446965792,2.4616325530342076,0.692295930870724,0.9147708448241,39.0,14.0,False,main,True
10725,1,1,6.208969112896186,1.7910308871038136,0.7761211391120233,0.9591289044277564,20.0,9.0,False,main,True
10725,2,2,7.208969112896186,1.7910308871038136,0.8009965680995763,0.9644265627799813,16.0,8.0,False,main,False
10725,3,3,8.208969112896186,1.7910308871038136,0.8208969112896186,0.9685068717360691,12.0,6.0,False,main,False
10725,4,4,9.208969112896186,1.7910308871038136,0.8371790102632897,0.971746589335359,9.0,5.0,False,main,False
10725,5,5,10.208969112896186,1.7910308871038136,0.8507474260746822,0.9743814188721285,7.0,4.0,False,main,False
10725,6,6,11.208969112896186,1.7910308871038136,0.8622283932997067,0.9765664153499416,5.0,3.0,False,main,False
10725,7,7,12.208969112896186,1.7910308871038136,0.8720692223497276,0.9784077804178246,3.0,2.0,False,main,False
10725,8,8,13.208969112896186,1.7910308871038136,0.8805979408597457,0.9799807073318187,1.0,1.0,False,main,False
10725,9,9,14.208969112896186,1.7910308871038136,0.8880605695560116,0.9813399330728507,-1.0,-1.0,True,main,False
6901,1,1,6.45738382867553,1.54261617132447,0.8071729785844413,0.9722107527986347,17.0,8.0,False,main,True
5658,0,1,5.279629144707175,2.720370855292825,0.6599536430883969,0.8946490808360986,47.0,16.0,False,main,True
5916,1,1,6.162130407451143,1.8378695925488566,0.7702663009313929,0.9564395301182256,21.0,9.0,False,main,True
1734,1,1,6.564841577478324,1.4351584225216754,0.8206051971847905,0.9772078272908138,16.0,8.0,False,main,True
1625,1,1,6.575204507714236,1.4247954922857637,0.8219005634642795,0.9776671397793912,16.0,8.0,False,main,True
11198,1,1,6.5248832948763305,1.4751167051236693,0.8156104118595413,0.9753990907246337,16.0,8.0,False,main,True
11198,2,2,7.5248832948763305,1.4751167051236693,0.8360981438751478,0.978539888498395,13.0,7.0,False,main,False
11198,3,3,8.52488329487633,1.4751167051236693,0.8524883294876331,0.9809690450092919,10.0,6.0,False,main,False
11198,4,4,9.52488329487633,1.4751167051236693,0.8658984813523937,0.9829039281637358,8.0,5.0,False,main,False
11198,5,5,10.52488329487633,1.4751167051236693,0.8770736079063609,0.9844815255832376,6.0,4.0,False,main,False
11198,6,6,11.52488329487633,1.4751167051236693,0.8865294842212562,0.9857924675834138,4.0,3.0,False,main,False
11198,7,7,12.52488329487633,1.4751167051236693,0.894634521062595,0.9868991126627277,2.0,2.0,False,main,False
11198,8,8,13.52488329487633,1.4751167051236693,0.9016588863250887,0.9878457768270664,1.0,1.0,False,main,False
11198,9,9,14.52488329487633,1.4751167051236693,0.9078052059297707,0.9886648202435013,-1.0,-1.0,True,main,False
7978,1,1,6.289160318060604,1.7108396819393952,0.7861450397575755,0.9635739510564033,19.0,9.0,False,main,True
7978,2,2,7.289160318060604,1.7108396819393952,0.8099067020067339,0.9682775859415492,15.0,7.0,False,main,False
7978,3,3,8.289160318060604,1.7108396819393952,0.8289160318060604,0.9719041895113171,12.0,6.0,False,main,False
7978,4,4,9.289160318060604,1.7108396819393952,0.8444691198236913,0.9747859871429845,9.0,5.0,False,main,False
7978,5,5,10.289160318060604,1.7108396819393952,0.8574300265050504,0.977131211384385,7.0,4.0,False,main,False
7978,6,6,11.289160318060604,1.7108396819393952,0.8683969475431235,0.979077044196471,5.0,3.0,False,main,False
7978,7,7,12.289160318060604,1.7108396819393952,0.8777971655757575,0.9807175538149828,3.0,2.0,False,main,False
7978,8,8,13.289160318060604,1.7108396819393952,0.8859440212040403,0.9821194054008879,1.0,1.0,False,main,False
7978,9,9,14.289160318060604,1.7108396819393952,0.8930725198787878,0.9833311658556166,-1.0,-1.0,True,main,False
10360,1,1,6.147661025464451,1.8523389745355487,0.7684576281830564,0.955595174504349,21.0,9.0,False,main,True
10360,2,2,7.147661025464451,1.8523389745355487,0.7941845583849391,0.9613674565946821,16.0,8.0,False,main,False
10360,3,3,8.147661025464451,1.8523389745355487,0.8147661025464451,0.9658097465392741,13.0,6.0,False,main,False
10360,4,4,9.147661025464451,1.8523389745355487,0.8316055477694956,0.9693347097947161,10.0,5.0,False,main,False
10360,5,5,10.147661025464451,1.8523389745355487,0.8456384187887043,0.9722001425494865,7.0,4.0,False,main,False
10360,6,6,11.147661025464451,1.8523389745355487,0.8575123865741886,0.9745754454530002,5.0,3.0,False,main,False
10360,7,7,12.147661025464451,1.8523389745355487,0.8676900732474608,0.9765765436884303,3.0,2.0,False,main,False
10360,8,8,13.147661025464451,1.8523389745355487,0.8765107350309634,0.9782854561230205,1.0,1.0,False,main,False
10360,9,9,14.147661025464451,1.8523389745355487,0.8842288140915282,0.9797618528839545,-1.0,-1.0,True,main,False
9120,0,1,5.287643846863993,2.7123561531360068,0.6609554808579992,0.8952950540186463,47.0,15.0,False,main,True
2230,0,1,5.265403886405416,2.734596113594584,0.658175485800677,0.893499061438086,48.0,16.0,False,main,True
745,1,1,6.390809922812238,1.6091900771877619,0.7988512403515298,0.9689077783736302,18.0,9.0,False,main,True
8934,0,1,5.438735504391198,2.5612644956088024,0.6798419380488997,0.9072040111039574,42.0,15.0,False,main,True
7165,1,1,6.47512099278558,1.5248790072144194,0.8093901240981975,0.9730644727882884,17.0,8.0,False,main,True
7708,1,1,6.338258698829112,1.6617413011708884,0.792282337353639,0.9661931954943184,19.0,9.0,False,main,True
7708,2,2,7.338258698829112,1.6617413011708884,0.8153620776476791,0.9705484204006549,15.0,7.0,False,main,False
7708,3,3,8.338258698829112,1.6617413011708884,0.8338258698829112,0.973908559643253,11.0,6.0,False,main,False
7708,4,4,9.338258698829112,1.6617413011708884,0.8489326089844647,0.9765799363976666,9.0,5.0,False,main,False
7708,5,5,10.338258698829112,1.6617413011708884,0.8615215582357593,0.9787547673950815,6.0,4.0,False,main,False
7708,6,6,11.338258698829112,1.6617413011708884,0.8721737460637778,0.9805597955417517,4.0,3.0,False,main,False
7708,7,7,12.338258698829112,1.6617413011708884,0.881304192773508,0.9820819921999112,3.0,2.0,False,main,False
7708,8,8,13.338258698829112,1.6617413011708884,0.8892172465886075,0.9833830286195785,1.0,1.0,False,main,False
7708,9,9,14.338258698829112,1.6617413011708884,0.8961411686768195,0.9845078551260679,-1.0,-1.0,True,main,False
3864,1,1,6.537916357337835,1.4620836426621655,0.8172395446672294,0.9759955698279439,16.0,8.0,False,main,True
5907,0,1,5.5044159984476,2.4955840015524,0.68805199980595,0.9122183846528844,40.0,15.0,False,main,True
10934,0,1,5.275544657293832,2.724455342706168,0.659443082161729,0.8943193323991883,47.0,16.0,False,main,True
10934,0,2,5.275544657293832,3.724455342706168,0.5861716285882035,0.8311357742916761,83.0,22.0,False,main,False
10934,0,3,5.275544657293832,4.724455342706168,0.5275544657293831,0.7724907953178413,143.0,31.0,False,main,True
10934,0,4,5.275544657293832,5.724455342706168,0.4795949688448938,0.7196612701325489,246.0,41.0,False,main,True
10988,1,1,6.237998448201743,1.762001551798257,0.7797498060252179,0.9607615465092507,20.0,9.0,False,main,True
10988,2,2,7.237998448201743,1.762001551798257,0.8042220498001937,0.9658406286517388,15.0,8.0,False,main,False
10988,3,3,8.237998448201743,1.762001551798257,0.8237998448201743,0.969754079634395,12.0,6.0,False,main,False
10988,4,4,9.237998448201743,1.762001551798257,0.8398180407456131,0.9728622178548388,9.0,5.0,False,main,False
10988,5,5,10.237998448201743,1.762001551798257,0.8531665373501452,0.9753906148468707,7.0,4.0,False,main,False
10988,6,6,11.237998448201743,1.762001551798257,0.8644614190924418,0.9774877383283319,5.0,3.0,False,main,False
10988,7,7,12.237998448201743,1.762001551798257,0.8741427463001246,0.9792553205577417,3.0,2.0,False,main,False
10988,8,8,13.237998448201743,1.762001551798257,0.8825332298801162,0.9807654148584327,1.0,1.0,False,main,False
10988,9,9,14.237998448201743,1.762001551798257,0.889874903012609,0.9820704873221283,-1.0,-1.0,True,main,False
8565,1,1,6.326332088939354,1.6736679110606458,0.7907915111174193,0.9655642392492001,19.0,9.0,False,main,True
8565,2,2,7.326332088939354,1.6736679110606458,0.8140368987710394,0.9700030155330824,15.0,7.0,False,main,True
8565,3,3,8.326332088939354,1.6736679110606458,0.8326332088939354,0.9734270794095371,11.0,6.0,False,main,False
8565,4,4,9.326332088939354,1.6736679110606458,0.8478483717217595,0.9761489506565709,9.0,5.0,False,main,False
8565,5,5,10.326332088939354,1.6736679110606458,0.8605276740782796,0.9783646800632103,7.0,4.0,False,main,False
8565,6,6,11.326332088939354,1.6736679110606458,0.8712563145337965,0.9802035108576794,4.0,3.0,False,main,False
8565,7,7,12.326332088939354,1.6736679110606458,0.8804522920670967,0.9817541149175355,3.0,2.0,False,main,False
8565,8,8,13.326332088939354,1.6736679110606458,0.8884221392626236,0.9830793605078157,1.0,1.0,False,main,False
8565,9,9,14.326332088939354,1.6736679110606458,0.8953957555587096,0.9842250650692665,-1.0,-1.0,True,main,False
1611,1,1,6.557545072176058,1.4424549278239414,0.8196931340220073,0.9768819972751758,16.0,8.0,False,main,True
2824,0,1,5.372710044050838,2.627289955949162,0.6715887555063548,0.9020632476503342,44.0,15.0,False,main,True
846,0,1,5.195218772443112,2.804781227556888,0.649402346555389,0.8877602933972476,51.0,16.0,False,main,True
5297,1,1,6.429795924599683,1.5702040754003161,0.8037244905749604,0.9708607635721704,17.0,9.0,False,main,True
5297,2,2,7.429795924599683,1.5702040754003161,0.825532880511076,0.9745982160174587,14.0,7.0,False,main,False
5297,3,3,8.429795924599684,1.5702040754003161,0.8429795924599685,0.9774852083731879,11.0,6.0,False,main,False
5297,4,4,9.429795924599684,1.5702040754003161,0.8572541749636077,0.9797825468483924,8.0,5.0,False,main,False
5297,5,5,10.429795924599684,1.5702040754003161,0.869149660383307,0.9816542337671105,6.0,4.0,False,main,False
5297,6,6,11.429795924599684,1.5702040754003161,0.8792150711230526,0.9832085865064366,4.0,3.0,False,main,False
5297,7,7,12.429795924599684,1.5702040754003161,0.8878425660428346,0.9845200308342522,2.0,2.0,False,main,False
5297,8,8,13.429795924599684,1.5702040754003161,0.8953197283066456,0.9856413989268881,1.0,1.0,False,main,False
5297,9,9,14.429795924599684,1.5702040754003161,0.9018622452874803,0.9866112332448871,-1.0,-1.0,True,main,False
3443,1,1,6.287314154529842,1.712685845470158,0.7859142693162302,0.963473927762198,19.0,9.0,False,main,True
1742,1,1,6.255756687204075,1.7442433127959247,0.7819695859005094,0.9617472014280156,20.0,9.0,False,main,True
11036,1,1,6.280981796123682,1.7190182038763178,0.7851227245154603,0.9631300093568881,19.0,9.0,False,main,True
11036,2,2,7.280981796123682,1.7190182038763178,0.8089979773470758,0.9678928175799341,15.0,7.0,False,main,False
11036,3,3,8.280981796123683,1.7190182038763178,0.8280981796123683,0.9715646505760897,12.0,6.0,False,main,False
11036,4,4,9.280981796123683,1.7190182038763178,0.8437256178294258,0.9744821490655263,9.0,5.0,False,main,False
11036,5,5,10.280981796123683,1.7190182038763178,0.8567484830103069,0.9768562728829951,7.0,4.0,False,main,False
11036,6,6,11.280981796123683,1.7190182038763178,0.8677678304710525,0.9788259802216457,5.0,3.0,False,main,False
11036,7,7,12.280981796123683,1.7190182038763178,0.8772129854374059,0.9804865461116931,3.0,2.0,False,main,False
11036,8,8,13.280981796123683,1.7190182038763178,0.8853987864082455,0.9819054844755607,1.0,1.0,False,main,False
11036,9,9,14.280981796123683,1.7190182038763178,0.8925613622577302,0.983131976625572,-1.0,-1.0,True,main,False
4795,0,1,5.244625409196281,2.755374590803719,0.6555781761495352,0.891811274708895,49.0,16.0,False,main,True
11485,1,1,6.1552500044065654,1.8447499955934346,0.7694062505508207,0.9560388176440263,21.0,9.0,False,main,True
4944,1,1,6.297643557323741,1.7023564426762592,0.7872054446654676,0.964032143258258,19.0,9.0,False,main,True
48,1,1,6.437571426366425,1.5624285736335755,0.8046964282958031,0.9712439590334807,17.0,9.0,False,main,True
6406,1,1,6.184079935878171,1.815920064121829,0.7730099919847714,0.9577082210085915,20.0,9.0,False,main,True
6406,2,2,7.184079935878171,1.815920064121829,0.7982311039864635,0.9631964449793136,16.0,8.0,False,main,True
6406,3,3,8.18407993587817,1.815920064121829,0.818407993587817,0.9674221479367836,12.0,6.0,False,main,True
6406,4,4,9.18407993587817,1.815920064121829,0.8349163578071064,0.970776470804478,9.0,5.0,False,main,False
6406,5,5,10.18407993587817,1.815920064121829,0.8486733279898475,0.9735039722988729,7.0,4.0,False,main,False
6406,6,6,11.18407993587817,1.815920064121829,0.8603138412213978,0.9757654605260525,5.0,3.0,False,main,False
6406,7,7,12.18407993587817,1.815920064121829,0.8702914239912979,0.9776710382075562,3.0,2.0,False,main,False
6406,8,8,13.18407993587817,1.815920064121829,0.878938662391878,0.9792986379361038,1.0,1.0,False,main,False
6406,9,9,14.18407993587817,1.815920064121829,0.8865049959923856,0.9807049770647687,-1.0,-1.0,True,main,False
4153,1,1,6.229509922439332,1.7704900775606678,0.7786887403049165,0.9602868769153684,20.0,9.0,False,main,True
739,0,1,5.551445413368559,2.4485545866314404,0.6939306766710699,0.9157467659599267,39.0,14.0,False,main,True
7754,1,1,6.584323081262486,1.4156769187375142,0.8230403851578107,0.9780679323400494,16.0,8.0,False,main,True
7754,2,2,7.584323081262486,1.4156769187375142,0.8427025645847207,0.9808598187844686,13.0,7.0,False,main,False
7754,3,3,8.584323081262486,1.4156769187375142,0.8584323081262486,0.9830208238995853,10.0,6.0,False,main,False
7754,4,4,9.584323081262486,1.4156769187375142,0.8713020982965897,0.9847431656269174,8.0,5.0,False,main,False
7754,5,5,10.584323081262486,1.4156769187375142,0.8820269234385405,0.9861481481029759,6.0,4.0,False,main,False
7754,6,6,11.584323081262486,1.4156769187375142,0.8911017754817296,0.9873161117037379,4.0,3.0,False,main,False
7754,7,7,12.584323081262486,1.4156769187375142,0.8988802200901775,0.9883023826267783,2.0,2.0,False,main,False
7754,8,8,13.584323081262486,1.4156769187375142,0.9056215387508324,0.989146307169085,1.0,1.0,False,main,False
7754,9,9,14.584323081262486,1.4156769187375142,0.9115201925789054,0.9898766336062829,-1.0,-1.0,True,main,False
4703,0,1,5.388203353151934,2.611796646848066,0.6735254191439918,0.9032784698821493,43.0,15.0,False,main,True
7931,1,1,6.365451213772532,1.634548786227468,0.7956814017215665,0.9676094769590604,18.0,9.0,False,main,True
7931,2,2,7.365451213772532,1.634548786227468,0.8183834681969481,0.9717768240654496,14.0,7.0,False,main,False
7931,3,3,8.365451213772532,1.634548786227468,0.8365451213772532,0.9749931619438037,11.0,6.0,False,main,False
7931,4,4,9.365451213772532,1.634548786227468,0.8514046557975029,0.9775509146935586,9.0,5.0,False,main,False
7931,5,5,10.365451213772532,1.634548786227468,0.863787601147711,0.9796336931821451,6.0,4.0,False,main,False
7931,6,6,11.365451213772532,1.634548786227468,0.8742654779825025,0.9813626251098426,4.0,3.0,False,main,False
7931,7,7,12.365451213772532,1.634548786227468,0.8832465152694666,0.9828208611980497,3.0,2.0,False,main,False
7931,8,8,13.365451213772532,1.634548786227468,0.8910300809181688,0.9840673823603984,1.0,1.0,False,main,False
7931,9,9,14.365451213772532,1.634548786227468,0.8978407008607833,0.9851451894839413,-1.0,-1.0,True,main,False
4713,1,1,6.247758376101347,1.7522416238986533,0.7809697970126683,0.9613045001607685,20.0,9.0,False,main,True
10518,1,1,6.473157586669816,1.5268424133301837,0.809144698333727,0.9729705233888026,17.0,8.0,False,main,True
10518,2,2,7.473157586669816,1.5268424133301837,0.830350842963313,0.976430097289242,13.0,7.0,False,main,False
10518,3,3,8.473157586669817,1.5268424133301837,0.8473157586669817,0.979103971953003,11.0,6.0,False,main,False
10518,4,4,9.473157586669817,1.5268424133301837,0.8611961442427106,0.9812326573221052,8.0,5.0,False,main,False
10518,5,5,10.473157586669817,1.5268424133301837,0.8727631322224848,0.9829675444758476,6.0,4.0,False,main,False
10518,6,6,11.473157586669817,1.5268424133301837,0.882550583589986,0.9844086996461281,4.0,3.0,False,main,False
10518,7,7,12.473157586669817,1.5268424133301837,0.8909398276192727,0.9856249222282624,2.0,2.0,False,main,False
10518,8,8,13.473157586669817,1.5268424133301837,0.8982105057779878,0.9866650755148906,1.0,1.0,False,main,False
10518,9,9,14.473157586669817,1.5268424133301837,0.9045723491668636,0.9875648218448535,-1.0,-1.0,True,main,False
11922,1,1,6.430465284755985,1.569534715244015,0.8038081605944981,0.9708938344620139,17.0,9.0,False,main,True
5752,1,1,6.539036595810219,1.4609634041897808,0.8173795744762774,0.9760465457807884,16.0,8.0,False,main,True
5752,2,2,7.539036595810219,1.4609634041897808,0.8376707328678021,0.9791025609878741,13.0,7.0,False,main,True
5752,3,3,8.53903659581022,1.4609634041897808,0.853903659581022,0.9814665882165139,10.0,6.0,False,main,False
5752,4,4,9.53903659581022,1.4609634041897808,0.8671851450736564,0.9833498665619337,8.0,5.0,False,main,False
5752,5,5,10.53903659581022,1.4609634041897808,0.8782530496508517,0.9848855646960182,6.0,4.0,False,main,False
5752,6,6,11.53903659581022,1.4609634041897808,0.8876181996777093,0.9861618088354299,4.0,3.0,False,main,False
5752,7,7,12.53903659581022,1.4609634041897808,0.8956454711293015,0.9872392469682134,2.0,2.0,False,main,False
5752,8,8,13.53903659581022,1.4609634041897808,0.9026024397206813,0.988160986766521,1.0,1.0,False,main,False
5752,9,9,14.53903659581022,1.4609634041897808,0.9086897872381388,0.9889585104937582,-1.0,-1.0,True,main,False
10475,1,1,6.526672308393364,1.4733276916066358,0.8158340385491705,0.9754813393945616,16.0,8.0,False,main,True
10475,2,2,7.526672308393364,1.4733276916066358,0.8362969231548182,0.9786113621111816,13.0,7.0,False,main,False
10475,3,3,8.526672308393364,1.4733276916066358,0.8526672308393364,0.9810322423363259,10.0,6.0,False,main,False
10475,4,4,9.526672308393364,1.4733276916066358,0.8660611189448513,0.9829605684461531,8.0,5.0,False,main,False
10475,5,5,10.526672308393364,1.4733276916066358,0.8772226923661136,0.9845328424300828,6.0,4.0,False,main,False
10475,6,6,11.526672308393364,1.4733276916066358,0.8866671006456434,0.9858393762262011,4.0,3.0,False,main,False
10475,7,7,12.526672308393364,1.4733276916066358,0.8947623077423831,0.9869423108833696,2.0,2.0,False,main,False
10475,8,8,13.526672308393364,1.4733276916066358,0.901778153892891,0.9878858088141667,1.0,1.0,False,main,False
10475,9,9,14.526672308393364,1.4733276916066358,0.9079170192745852,0.9887021186040457,-1.0,-1.0,True,main,False
4917,1,1,6.5120138700248775,1.4879861299751225,0.8140017337531097,0.9748039600474873,17.0,8.0,False,main,True
4917,2,2,7.5120138700248775,1.4879861299751225,0.834668207780542,0.9780227648038593,13.0,7.0,False,main,True
4917,3,3,8.512013870024877,1.4879861299751225,0.8512013870024877,0.9805118293759217,10.0,6.0,False,main,False
4917,4,4,9.512013870024877,1.4879861299751225,0.8647285336386251,0.982494170468072,8.0,5.0,False,main,False
4917,5,5,10.512013870024877,1.4879861299751225,0.8760011558354064,0.9841102938913796,6.0,4.0,False,main,False
4917,6,6,11.512013870024877,1.4879861299751225,0.8855395284634521,0.9854531360068435,4.0,3.0,False,main,False
4917,7,7,12.512013870024877,1.4879861299751225,0.8937152764303483,0.9865866300749917,2.0,2.0,False,main,False
4917,8,8,13.512013870024877,1.4879861299751225,0.9008009246683251,0.987556204274003,1.0,1.0,False,main,False
4917,9,9,14.512013870024877,1.4879861299751225,0.9070008668765548,0.9883950266480352,-1.0,-1.0,True,main,False
10691,1,1,6.5552705279584815,1.4447294720415185,0.8194088159948102,0.9767800171513646,16.0,8.0,False,main,True
10691,2,2,7.5552705279584815,1.4447294720415185,0.839474503106498,0.979740091710229,13.0,7.0,False,main,False
10691,3,3,8.55527052795848,1.4447294720415185,0.8555270527958481,0.9820303956188284,10.0,6.0,False,main,False
10691,4,4,9.55527052795848,1.4447294720415185,0.8686609570871346,0.9838552460668164,8.0,5.0,False,main,False
10691,5,5,10.55527052795848,1.4447294720415185,0.8796058773298734,0.9853434963080594,6.0,4.0,False,main,False
10691,6,6,11.55527052795848,1.4447294720415185,0.8888669636891139,0.9865804417609062,4.0,3.0,False,main,False
10691,7,7,12.55527052795848,1.4447294720415185,0.89680503771132,0.9876247961036257,2.0,2.0,False,main,False
10691,8,8,13.55527052795848,1.4447294720415185,0.9036847018638987,0.988518300210902,1.0,1.0,False,main,False
10691,9,9,14.55527052795848,1.4447294720415185,0.909704407997405,0.9892914430890609,-1.0,-1.0,True,main,False
7599,1,1,6.3072899696625235,1.692710030337476,0.7884112462078154,0.9645503138317344,19.0,9.0,False,main,True
5472,0,1,5.167301651615584,2.8326983483844157,0.645912706451948,0.8854479472064551,52.0,16.0,False,main,True
7955,1,1,6.25286128185518,1.7471387181448197,0.7816076602318975,0.9615871774966525,20.0,9.0,False,main,True
7955,2,2,7.25286128185518,1.7471387181448197,0.8058734757616867,0.9665558984414011,15.0,8.0,False,main,False
7955,3,3,8.25286128185518,1.7471387181448197,0.825286128185518,0.9703850630406595,12.0,6.0,False,main,False
7955,4,4,9.25286128185518,1.7471387181448197,0.84116920744138,0.9734267126749403,9.0,5.0,False,main,False
7955,5,5,10.25286128185518,1.7471387181448197,0.854405106821265,0.9759013136504716,7.0,4.0,False,main,False
7955,6,6,11.25286128185518,1.7471387181448197,0.8656047139888601,0.9779540124164942,5.0,3.0,False,main,False
7955,7,7,12.25286128185518,1.7471387181448197,0.87520437727537,0.9796842866949024,3.0,2.0,False,main,False
7955,8,8,13.25286128185518,1.7471387181448197,0.883524085457012,0.9811626052775514,1.0,1.0,False,main,False
7955,9,9,14.25286128185518,1.7471387181448197,0.8908038301159488,0.9824402879030454,-1.0,-1.0,True,main,False
597,1,1,6.160591060051309,1.839408939948691,0.7700738825064136,0.9563500038245791,21.0,9.0,False,main,True
597,2,2,7.160591060051309,1.839408939948691,0.7956212288945899,0.9620207290864947,16.0,8.0,False,main,True
597,3,3,8.16059106005131,1.839408939948691,0.816059106005131,0.9663856034023847,13.0,6.0,False,main,False
597,4,4,9.16059106005131,1.839408939948691,0.83278100545921,0.9698495850966039,10.0,5.0,False,main,False
597,5,5,10.16059106005131,1.839408939948691,0.8467159216709425,0.9726657325615101,7.0,4.0,False,main,False
597,6,6,11.16059106005131,1.839408939948691,0.8585070046193315,0.9750003721231059,5.0,3.0,False,main,False
597,7,7,12.16059106005131,1.839408939948691,0.8686136471465221,0.9769673462909976,3.0,2.0,False,main,False
597,8,8,13.16059106005131,1.839408939948691,0.877372737336754,0.9786472125952357,1.0,1.0,False,main,False
597,9,9,14.16059106005131,1.839408939948691,0.8850369412532069,0.9800985853733682,-1.0,-1.0,True,main,False
4719,1,1,6.261096654982762,1.7389033450172384,0.7826370818728452,0.962041631392688,19.0,9.0,False,main,True
12007,1,1,6.192921869974185,1.8070781300258152,0.7741152337467732,0.9582151139818853,20.0,9.0,False,main,True
11570,1,1,6.562358729986585,1.4376412700134154,0.8202948412483231,0.9770971789839894,16.0,8.0,False,main,True
7704,1,1,6.378073357650383,1.6219266423496173,0.7972591697062978,0.9682584285517278,18.0,9.0,False,main,True
7704,2,2,7.378073357650383,1.6219266423496173,0.8197859286278203,0.9723398114602194,14.0,7.0,False,main,False
7704,3,3,8.378073357650383,1.6219266423496173,0.8378073357650383,0.9754903257636414,11.0,6.0,False,main,False
7704,4,4,9.378073357650383,1.6219266423496173,0.8525521234227621,0.977996052260221,9.0,5.0,False,main,False
7704,5,5,10.378073357650383,1.6219266423496173,0.8648394464708652,0.980036671449945,6.0,4.0,False,main,False
7704,6,6,11.378073357650383,1.6219266423496173,0.8752364121269525,0.981730745114108,4.0,3.0,False,main,False
7704,7,7,12.378073357650383,1.6219266423496173,0.8841480969750274,0.9831596773351782,3.0,2.0,False,main,False
7704,8,8,13.378073357650383,1.6219266423496173,0.8918715571766922,0.9843812186788051,1.0,1.0,False,main,False
7704,9,9,14.378073357650383,1.6219266423496173,0.8986295848531489,0.9854374782492418,-1.0,-1.0,True,main,False
11038,1,1,6.279745697940027,1.7202543020599732,0.7849682122425033,0.9630627242455106,19.0,9.0,False,main,True
11038,2,2,7.279745697940027,1.7202543020599732,0.8088606331044474,0.9678345039699083,15.0,7.0,False,main,False
11038,3,3,8.279745697940026,1.7202543020599732,0.8279745697940026,0.9715131937146745,12.0,6.0,False,main,False
11038,4,4,9.279745697940026,1.7202543020599732,0.8436132452672751,0.9744361040329605,9.0,5.0,False,main,False
11038,5,5,10.279745697940026,1.7202543020599732,0.8566454748283355,0.9768146084342727,7.0,4.0,False,main,False
11038,6,6,11.279745697940026,1.7202543020599732,0.8676727459953866,0.9787879344953453,5.0,3.0,False,main,False
11038,7,7,12.279745697940026,1.7202543020599732,0.8771246927100018,0.9804515402500108,3.0,2.0,False,main,False
11038,8,8,13.279745697940026,1.7202543020599732,0.8853163798626684,0.9818730683197674,1.0,1.0,False,main,False
11038,9,9,14.279745697940026,1.7202543020599732,0.8924841061212516,0.9831017931745554,-1.0,-1.0,True,main,False
8121,1,1,6.470162681797233,1.5298373182027671,0.8087703352246541,0.97282695092075,17.0,8.0,False,main,True
8121,2,2,7.470162681797233,1.5298373182027671,0.8300180757552481,0.9763054072706563,14.0,7.0,False,main,False
8121,3,3,8.470162681797234,1.5298373182027671,0.8470162681797232,0.9789937696835498,11.0,6.0,False,main,False
8121,4,4,9.470162681797234,1.5298373182027671,0.8609238801633847,0.9811339236862496,8.0,5.0,False,main,False
8121,5,5,10.470162681797234,1.5298373182027671,0.872513556816436,0.9828781156997751,6.0,4.0,False,main,False
8121,6,6,11.470162681797234,1.5298373182027671,0.8823202062920948,0.9843269718895505,4.0,3.0,False,main,False
8121,7,7,12.470162681797234,1.5298373182027671,0.8907259058426594,0.9855496736326642,2.0,2.0,False,main,False
8121,8,8,13.470162681797234,1.5298373182027671,0.8980108454531488,0.9865953537716986,1.0,1.0,False,main,False
8121,9,9,14.470162681797234,1.5298373182027671,0.9043851676123271,0.987499870310035,-1.0,-1.0,True,main,False
1496,0,1,5.224240063283585,2.775759936716416,0.6530300079104481,0.8901462532950778,49.0,16.0,False,main,True
5695,0,1,5.24859770281718,2.75140229718282,0.6560747128521475,0.8921346655612046,48.0,16.0,False,main,True
6870,1,1,6.490975375143514,1.5090246248564856,0.8113719218929393,0.9738180354379157,17.0,8.0,False,main,True
1631,1,1,6.2332118650141775,1.7667881349858225,0.7791514831267722,0.9604941647489152,20.0,9.0,False,main,True
10597,0,1,5.5231562610349565,2.476843738965043,0.6903945326293696,0.9136306348453864,39.0,15.0,False,main,True
10597,0,2,5.5231562610349565,3.476843738965043,0.6136840290038841,0.8517851339232267,68.0,21.0,False,main,False
10597,0,3,5.5231562610349565,4.476843738965043,0.5523156261034956,0.7932264232029955,114.0,28.0,False,main,True
10597,0,4,5.5231562610349565,5.476843738965043,0.5021051146395415,0.7399535426174275,190.0,38.0,False,main,True
10368,1,1,6.186722591437796,1.8132774085622034,0.7733403239297245,0.9578599721146535,20.0,9.0,False,main,True
10368,2,2,7.186722591437796,1.8132774085622034,0.7985247323819773,0.9633278245895125,16.0,8.0,False,main,False
10368,3,3,8.186722591437796,1.8132774085622034,0.8186722591437796,0.9675379884785958,12.0,6.0,False,main,False
10368,4,4,9.186722591437796,1.8132774085622034,0.8351565992216178,0.97088006496629,9.0,5.0,False,main,False
10368,5,5,10.186722591437796,1.8132774085622034,0.848893549286483,0.973597665151282,7.0,4.0,False,main,False
10368,6,6,11.186722591437796,1.8132774085622034,0.860517122418292,0.9758509816929878,5.0,3.0,False,main,False
10368,7,7,12.186722591437796,1.8132774085622034,0.8704801851026998,0.9777497000928869,3.0,2.0,False,main,False
10368,8,8,13.186722591437796,1.8132774085622034,0.8791148394291864,0.9793714600299482,1.0,1.0,False,main,False
10368,9,9,14.186722591437796,1.8132774085622034,0.8866701619648623,0.9807727671335859,-1.0,-1.0,True,main,False
8834,1,1,6.453774643597258,1.546225356402742,0.8067218304496573,0.9720356666102827,17.0,8.0,False,main,True
4596,1,1,6.290262871474527,1.7097371285254739,0.7862828589343158,0.9636336336353424,19.0,9.0,False,main,True
4534,1,1,6.563229150337513,1.4367708496624871,0.8204036437921891,0.9771359957675312,16.0,8.0,False,main,True
9421,1,1,6.325999999240622,1.6740000007593778,0.7907499999050778,0.9655466589356002,19.0,9.0,False,main,True
10122,1,1,6.405308979238961,1.594691020761039,0.8006636224048701,0.9696402314427328,18.0,9.0,False,main,True
10122,2,2,7.405308979238961,1.594691020761039,0.822812108804329,0.9735388330882083,14.0,7.0,False,main,False
10122,3,3,8.40530897923896,1.594691020761039,0.8405308979238961,0.9765493335240151,11.0,6.0,False,main,False
10122,4,4,9.40530897923896,1.594691020761039,0.8550280890217238,0.9789443605139044,9.0,5.0,False,main,False
10122,5,5,10.40530897923896,1.594691020761039,0.8671090816032467,0.980895253035449,6.0,4.0,False,main,False
10122,6,6,11.40530897923896,1.594691020761039,0.8773314599414586,0.9825151241764265,4.0,3.0,False,main,False
10122,7,7,12.40530897923896,1.594691020761039,0.8860934985170686,0.9838816674426654,2.0,2.0,False,main,False
10122,8,8,13.40530897923896,1.594691020761039,0.8936872652825975,0.985050018710343,1.0,1.0,False,main,False
10122,9,9,14.40530897923896,1.594691020761039,0.9003318112024351,0.986060391342332,-1.0,-1.0,True,main,False
9751,1,1,6.4702952059583,1.5297047940416992,0.8087869007447875,0.9728333107637878,17.0,8.0,False,main,True
9751,2,2,7.4702952059583,1.5297047940416992,0.8300328006620333,0.9763109305898374,14.0,7.0,False,main,False
9751,3,3,8.470295205958301,1.5297047940416992,0.8470295205958301,0.9789986511899188,11.0,6.0,False,main,False
9751,4,4,9.470295205958301,1.5297047940416992,0.860935927814391,0.9811382971389754,8.0,5.0,False,main,False
9751,5,5,10.470295205958301,1.5297047940416992,0.8725246004965251,0.9828820769599167,6.0,4.0,False,main,False
9751,6,6,11.470295205958301,1.5297047940416992,0.8823304004583309,0.9843305920098413,4.0,3.0,False,main,False
9751,7,7,12.470295205958301,1.5297047940416992,0.8907353718541644,0.9855530067423399,2.0,2.0,False,main,False
9751,8,8,13.470295205958301,1.5297047940416992,0.8980196803972201,0.9865984420580328,1.0,1.0,False,main,False
9751,9,9,14.470295205958301,1.5297047940416992,0.9043934503723938,0.9875027472918924,-1.0,-1.0,True,main,False
8225,1,1,6.554418066132782,1.445581933867218,0.8193022582665977,0.9767417467026981,16.0,8.0,False,main,True
8225,2,2,7.554418066132782,1.445581933867218,0.8393797851258646,0.9797068243768999,13.0,7.0,False,main,False
8225,3,3,8.554418066132783,1.445581933867218,0.8554418066132783,0.9820009734062013,10.0,6.0,False,main,False
8225,4,4,9.554418066132783,1.445581933867218,0.8685834605575257,0.9838288715867832,8.0,5.0,False,main,False
8225,5,5,10.554418066132783,1.445581933867218,0.8795348388443985,0.9853195970506291,6.0,4.0,False,main,False
8225,6,6,11.554418066132783,1.445581933867218,0.8888013897025218,0.9865585927608586,4.0,3.0,False,main,False
8225,7,7,12.554418066132783,1.445581933867218,0.896744147580913,0.9876046732312332,2.0,2.0,False,main,False
8225,8,8,13.554418066132783,1.445581933867218,0.9036278710755189,0.9884996505972776,1.0,1.0,False,main,False
8225,9,9,14.554418066132783,1.445581933867218,0.9096511291332989,0.9892740656567551,-1.0,-1.0,True,main,False
4544,1,1,6.323955991714686,1.6760440082853143,0.7904944989643358,0.9654383721602229,19.0,9.0,False,main,True
1976,0,1,5.3162952089565145,2.683704791043485,0.6645369011195643,0.897592690973833,46.0,15.0,False,main,True
5861,0,1,5.205918221829376,2.7940817781706238,0.650739777728672,0.8886420624083646,50.0,16.0,False,main,True
10161,1,1,6.327035571059495,1.6729644289405052,0.7908794463824369,0.9656014684671378,19.0,9.0,False,main,True
10161,2,2,7.327035571059495,1.6729644289405052,0.814115063451055,0.9700352971883834,15.0,7.0,False,main,False
10161,3,3,8.327035571059495,1.6729644289405052,0.8327035571059496,0.9734555761487924,11.0,6.0,False,main,False
10161,4,4,9.327035571059495,1.6729644289405052,0.8479123246417722,0.9761744579251317,9.0,5.0,False,main,False
10161,5,5,10.327035571059495,1.6729644289405052,0.8605862975882913,0.9783877661516547,7.0,4.0,False,main,False
10161,6,6,11.327035571059495,1.6729644289405052,0.8713104285430381,0.9802245959440239,4.0,3.0,False,main,False
10161,7,7,12.327035571059495,1.6729644289405052,0.8805025407899639,0.9817735184580859,3.0,2.0,False,main,False
10161,8,8,13.327035571059495,1.6729644289405052,0.888469038070633,0.9830973310666403,1.0,1.0,False,main,False
10161,9,9,14.327035571059495,1.6729644289405052,0.8954397231912185,0.9842417998604933,-1.0,-1.0,True,main,False
9026,1,1,6.423210876830142,1.576789123169858,0.8029013596037677,0.9705345844899842,18.0,9.0,False,main,True
9026,2,2,7.423210876830142,1.576789123169858,0.8248012085366825,0.9743150751921165,14.0,7.0,False,main,True
9026,3,3,8.423210876830142,1.576789123169858,0.8423210876830142,0.9772350589621848,11.0,6.0,False,main,False
9026,4,4,9.423210876830142,1.576789123169858,0.8566555342572856,0.9795584955618774,8.0,5.0,False,main,False
9026,5,5,10.423210876830142,1.576789123169858,0.8686009064025119,0.9814513450850689,6.0,4.0,False,main,False
9026,6,6,11.423210876830142,1.576789123169858,0.878708528986934,0.9830232049485182,4.0,3.0,False,main,False
9026,7,7,12.423210876830142,1.576789123169858,0.8873722054878673,0.9843493732942644,2.0,2.0,False,main,False
9026,8,8,13.423210876830142,1.576789123169858,0.8948807251220094,0.9854832974059604,1.0,1.0,False,main,False
9026,9,9,14.423210876830142,1.576789123169858,0.9014506798018839,0.9864639659484953,-1.0,-1.0,True,main,False
6017,1,1,6.572503739892853,1.427496260107147,0.8215629674866066,0.9775478259114381,16.0,8.0,False,main,True
1467,0,1,5.327297824586121,2.672702175413879,0.6659122280732651,0.8984701771483938,46.0,15.0,False,main,True
5728,1,1,6.3258484587587285,1.6741515412412713,0.7907310573448411,0.9655386354070763,19.0,9.0,False,main,True
7986,0,1,5.273954028430927,2.7260459715690737,0.6592442535538658,0.8941908185108604,47.0,16.0,False,main,True
7986,0,2,5.273954028430927,3.7260459715690737,0.5859948920478808,0.8310001810136368,83.0,22.0,False,main,False
7986,0,3,5.273954028430927,4.726045971569073,0.5273954028430927,0.7723554321486394,143.0,31.0,False,main,True
7986,0,4,5.273954028430927,5.726045971569073,0.47945036622099335,0.7195292229330377,246.0,41.0,False,main,True
11990,0,1,5.5388385352408624,2.461161464759137,0.6923548169051078,0.9148060695069017,39.0,14.0,False,main,True
3388,1,1,6.1948561781589255,1.8051438218410745,0.7743570222698657,0.9583256832740469,20.0,9.0,False,main,True
6198,0,1,5.183872416580193,2.8161275834198074,0.6479840520725241,0.8868225104715839,51.0,16.0,False,main,True
1063,1,1,6.519380378537127,1.4806196214628726,0.8149225473171409,0.9751453592788069,17.0,8.0,False,main,True
1063,2,2,7.519380378537127,1.4806196214628726,0.8354867087263474,0.9783194061247673,13.0,7.0,False,main,True
1063,3,3,8.519380378537127,1.4806196214628726,0.8519380378537127,0.9807740992649778,10.0,6.0,False,main,False
1063,4,4,9.519380378537127,1.4806196214628726,0.8653982162306479,0.9827292131633456,8.0,5.0,False,main,False
1063,5,5,10.519380378537127,1.4806196214628726,0.8766150315447606,0.9843232344889213,6.0,4.0,False,main,False
1063,6,6,11.519380378537127,1.4806196214628726,0.8861061829643944,0.9856477762268901,4.0,3.0,False,main,False
1063,7,7,12.519380378537127,1.4806196214628726,0.8942414556097947,0.9867658679790196,2.0,2.0,False,main,False
1063,8,8,13.519380378537127,1.4806196214628726,0.9012920252358084,0.987722299747501,1.0,1.0,False,main,False
1063,9,9,14.519380378537127,1.4806196214628726,0.9074612736585704,0.9885497760270489,-1.0,-1.0,True,main,False
8207,1,1,6.503111984334281,1.4968880156657185,0.8128889980417852,0.9743887565735273,17.0,8.0,False,main,True
8207,2,2,7.503111984334281,1.4968880156657185,0.8336791093704757,0.9776620270800662,13.0,7.0,False,main,False
8207,3,3,8.503111984334282,1.4968880156657185,0.8503111984334282,0.9801929112849511,10.0,6.0,False,main,False
8207,4,4,9.503111984334282,1.4968880156657185,0.8639192713031165,0.9822083754852624,8.0,5.0,False,main,False
8207,5,5,10.503111984334282,1.4968880156657185,0.8752593320278569,0.983851384446973,6.0,4.0,False,main,False
8207,6,6,11.503111984334282,1.4968880156657185,0.8848547680257141,0.9852164858112041,4.0,3.0,False,main,False
8207,7,7,12.503111984334282,1.4968880156657185,0.8930794274524487,0.9863687128967579,2.0,2.0,False,main,False
8207,8,8,13.503111984334282,1.4968880156657185,0.9002074656222855,0.9873542706456597,1.0,1.0,False,main,False
8207,9,9,14.503111984334282,1.4968880156657185,0.9064444990208926,0.9882068912491797,-1.0,-1.0,True,main,False
6561,1,1,6.346008154293843,1.653991845706157,0.7932510192867304,0.9665993344732177,18.0,9.0,False,main,True
6305,1,1,6.383122018145505,1.6168779818544952,0.7978902522681881,0.9685164862066787,18.0,9.0,False,main,True
1561,1,1,6.48845525184549,1.51154474815451,0.8110569064806863,0.9736988585463295,17.0,8.0,False,main,True
1561,2,2,7.48845525184549,1.51154474815451,0.8320505835383878,0.9770627058585909,13.0,7.0,False,main,True
1561,3,3,8.48845525184549,1.51154474815451,0.848845525184549,0.9796631198096031,11.0,6.0,False,main,False
1561,4,4,9.48845525184549,1.51154474815451,0.8625868410768628,0.9817336448311754,8.0,5.0,False,main,False
1561,5,5,10.48845525184549,1.51154474815451,0.8740379376537909,0.9834213394455132,6.0,4.0,False,main,False
1561,6,6,11.48845525184549,1.51154474815451,0.8837273270650378,0.98482343295218,4.0,3.0,False,main,False
1561,7,7,12.48845525184549,1.51154474815451,0.8920325179889635,0.9860067890320638,2.0,2.0,False,main,False
1561,8,8,13.48845525184549,1.51154474815451,0.8992303501230327,0.987018904796654,1.0,1.0,False,main,False
1561,9,9,14.48845525184549,1.51154474815451,0.9055284532403431,0.9878944507489555,-1.0,-1.0,True,main,False
4576,0,1,5.368566634090093,2.6314333659099076,0.6710708292612616,0.9017373383194778,44.0,15.0,False,main,True
6608,1,1,6.278819730060661,1.7211802699393388,0.7848524662575826,0.9630122883247084,19.0,9.0,False,main,True
2918,0,1,5.469393742924276,2.530606257075724,0.6836742178655345,0.9095570830101223,41.0,15.0,False,main,True
1523,0,1,5.395373957441241,2.6046260425587584,0.6744217446801551,0.9038390566717267,43.0,15.0,False,main,True
9959,1,1,6.466663204436799,1.5333367955632013,0.8083329005545998,0.9726587838940898,17.0,8.0,False,main,True
9959,2,2,7.466663204436799,1.5333367955632013,0.8296292449374221,0.9761593625108014,14.0,7.0,False,main,False
9959,3,3,8.466663204436799,1.5333367955632013,0.8466663204436798,0.9788646973431305,11.0,6.0,False,main,False
9959,4,4,9.466663204436799,1.5333367955632013,0.8606057458578907,0.9810182861946928,8.0,5.0,False,main,False
9959,5,5,10.466663204436799,1.5333367955632013,0.8722219337030666,0.9827733778895306,6.0,4.0,False,main,False
9959,6,6,11.466663204436799,1.5333367955632013,0.8820510157259076,0.9842312547395246,4.0,3.0,False,main,False
9959,7,7,12.466663204436799,1.5333367955632013,0.8904759431740571,0.9854615457075666,2.0,2.0,False,main,False
9959,8,8,13.466663204436799,1.5333367955632013,0.8977775469624533,0.9865136994622258,1.0,1.0,False,main,False
9959,9,9,14.466663204436799,1.5333367955632013,0.9041664502772999,0.9874238032518956,-1.0,-1.0,True,main,False
12015,1,1,6.223143071386692,1.7768569286133076,0.7778928839233366,0.9599293623264105,20.0,9.0,False,main,True
10732,1,1,6.544480366676095,1.4555196333239053,0.8180600458345119,0.9762935980720626,16.0,8.0,False,main,True
10732,2,2,7.544480366676095,1.4555196333239053,0.8382755962973438,0.9793172853779439,13.0,7.0,False,main,False
10732,3,3,8.544480366676094,1.4555196333239053,0.8544480366676094,0.9816564736785635,10.0,6.0,False,main,False
10732,4,4,9.544480366676094,1.4555196333239053,0.8676800333341904,0.9835200680723323,8.0,5.0,False,main,False
10732,5,5,10.544480366676094,1.4555196333239053,0.8787066972230079,0.98503978238758,6.0,4.0,False,main,False
10732,6,6,11.544480366676094,1.4555196333239053,0.8880369512827765,0.9863027886414296,4.0,3.0,False,main,False
10732,7,7,12.544480366676094,1.4555196333239053,0.8960343119054353,0.9873690828847534,2.0,2.0,False,main,False
10732,8,8,13.544480366676094,1.4555196333239053,0.9029653577784063,0.9882813121700328,1.0,1.0,False,main,False
10732,9,9,14.544480366676094,1.4555196333239053,0.9090300229172559,0.9890706240531684,-1.0,-1.0,True,main,False
884,1,1,6.27825517276683,1.7217448272331706,0.7847818965958537,0.9629815242730764,19.0,9.0,False,main,True
884,2,2,7.27825517276683,1.7217448272331706,0.8086950191963145,0.9677641319003569,15.0,7.0,False,main,True
884,3,3,8.27825517276683,1.7217448272331706,0.827825517276683,0.9714510969747062,12.0,6.0,False,main,False
884,4,4,9.27825517276683,1.7217448272331706,0.8434777429788027,0.9743805386274373,9.0,5.0,False,main,False
884,5,5,10.27825517276683,1.7217448272331706,0.8565212643972359,0.9767643297042677,7.0,4.0,False,main,False
884,6,6,11.27825517276683,1.7217448272331706,0.867558090212833,0.9787420229356314,5.0,3.0,False,main,False
884,7,7,12.27825517276683,1.7217448272331706,0.8770182266262021,0.9804092972393247,3.0,2.0,False,main,False
884,8,8,13.27825517276683,1.7217448272331706,0.8852170115177886,0.9818339505718495,1.0,1.0,False,main,False
884,9,9,14.27825517276683,1.7217448272331706,0.8923909482979269,0.9830653698386551,-1.0,-1.0,True,main,False
9898,1,1,6.348141191843093,1.651858808156907,0.7935176489803866,0.9667107727245798,18.0,9.0,False,main,True
9898,2,2,7.348141191843093,1.651858808156907,0.8164601324270103,0.9709972956615287,14.0,7.0,False,main,False
9898,3,3,8.348141191843093,1.651858808156907,0.8348141191843093,0.9743048597606877,11.0,6.0,False,main,False
9898,4,4,9.348141191843093,1.651858808156907,0.8498310174402811,0.9769347000427961,9.0,5.0,False,main,False
9898,5,5,10.348141191843093,1.651858808156907,0.8623450993202577,0.9790758837861522,6.0,4.0,False,main,False
9898,6,6,11.348141191843093,1.651858808156907,0.872933937834084,0.9808530994108994,4.0,3.0,False,main,False
9898,7,7,12.348141191843093,1.651858808156907,0.8820100851316495,0.9823519206507761,3.0,2.0,False,main,False
9898,8,8,13.348141191843093,1.651858808156907,0.8898760794562062,0.9836330347551921,1.0,1.0,False,main,False
9898,9,9,14.348141191843093,1.651858808156907,0.8967588244901933,0.9847406791260853,-1.0,-1.0,True,main,False
9468,0,1,5.435660398695129,2.5643396013048707,0.6794575498368911,0.9069667948749416,42.0,15.0,False,main,True
9468,0,2,5.435660398695129,3.5643396013048707,0.603962266521681,0.8445932715105412,73.0,21.0,False,main,False
9468,0,3,5.435660398695129,4.564339601304871,0.5435660398695129,0.785975795173987,123.0,29.0,False,main,True
9468,0,4,5.435660398695129,5.564339601304871,0.4941509453359208,0.7328428153297994,207.0,39.0,False,main,True
512,1,1,6.302943594110463,1.6970564058895374,0.7878679492638079,0.9643172179836165,19.0,9.0,False,main,True
2324,1,1,6.583443934052707,1.4165560659472929,0.8229304917565884,0.9780294285792588,16.0,8.0,False,main,True
2324,2,2,7.583443934052707,1.4165560659472929,0.8426048815614119,0.9808263380477917,13.0,7.0,False,main,True
2324,3,3,8.583443934052706,1.4165560659472929,0.8583443934052706,0.9829912058333752,10.0,6.0,False,main,False
2324,4,4,9.583443934052706,1.4165560659472929,0.8712221758229733,0.9847166105713728,8.0,5.0,False,main,False
2324,5,5,10.583443934052706,1.4165560659472929,0.8819536611710589,0.9861240815574538,6.0,4.0,False,main,False
2324,6,6,11.583443934052706,1.4165560659472929,0.8910341487732851,0.9872941070126383,4.0,3.0,False,main,False
2324,7,7,12.583443934052706,1.4165560659472929,0.8988174238609076,0.9882821142386994,2.0,2.0,False,main,False
2324,8,8,13.583443934052706,1.4165560659472929,0.9055629289368471,0.989127521020148,1.0,1.0,False,main,False
2324,9,9,14.583443934052706,1.4165560659472929,0.9114652458782941,0.9898591276111204,-1.0,-1.0,True,main,False
10916,1,1,6.1765354377318005,1.823464562268199,0.7720669297164751,0.957273807977591,21.0,9.0,False,main,True
10916,2,2,7.1765354377318005,1.823464562268199,0.7973928264146445,0.9628203699857836,16.0,8.0,False,main,False
10916,3,3,8.1765354377318,1.823464562268199,0.81765354377318,0.9670905676063898,12.0,6.0,False,main,False
10916,4,4,9.1765354377318,1.823464562268199,0.8342304943392546,0.9704799540365137,9.0,5.0,False,main,False
10916,5,5,10.1765354377318,1.823464562268199,0.8480446198109833,0.9732358029740287,7.0,4.0,False,main,False
10916,6,6,11.1765354377318,1.823464562268199,0.8597334952101385,0.9755206855628893,5.0,3.0,False,main,False
10916,7,7,12.1765354377318,1.823464562268199,0.8697525312665572,0.977445899577431,3.0,2.0,False,main,False
10916,8,8,13.1765354377318,1.823464562268199,0.8784356958487867,0.9790902165326864,1.0,1.0,False,main,False
10916,9,9,14.1765354377318,1.823464562268199,0.8860334648582375,0.980510960124752,-1.0,-1.0,True,main,False
11150,1,1,6.542974956127724,1.4570250438722763,0.8178718695159655,0.9762253889685746,16.0,8.0,False,main,True
11150,2,2,7.542974956127724,1.4570250438722763,0.8381083284586359,0.9792580004682627,13.0,7.0,False,main,False
11150,3,3,8.542974956127724,1.4570250438722763,0.8542974956127724,0.9816040458853517,10.0,6.0,False,main,False
11150,4,4,9.542974956127724,1.4570250438722763,0.8675431778297931,0.9834730744605921,8.0,5.0,False,main,False
11150,5,5,10.542974956127724,1.4570250438722763,0.8785812463439769,0.9849972015612499,6.0,4.0,False,main,False
11150,6,6,11.542974956127724,1.4570250438722763,0.8879211504713633,0.9862638625789563,4.0,3.0,False,main,False
11150,7,7,12.542974956127724,1.4570250438722763,0.8959267825805517,0.9873332335174708,2.0,2.0,False,main,False
11150,8,8,13.542974956127724,1.4570250438722763,0.9028649970751815,0.9882480885776267,1.0,1.0,False,main,False
11150,9,9,14.542974956127724,1.4570250438722763,0.9089359347579827,0.989039667709877,-1.0,-1.0,True,main,False
3,1,1,6.448236202868071,1.5517637971319282,0.8060295253585089,0.971766093361926,17.0,8.0,False,main,True
3,2,2,7.448236202868071,1.5517637971319282,0.8275818003186746,0.9753841977881768,14.0,7.0,False,main,True
3,3,3,8.44823620286807,1.5517637971319282,0.8448236202868072,0.9781796795765433,11.0,6.0,False,main,False
3,4,4,9.44823620286807,1.5517637971319282,0.8589305638970974,0.9804046139256198,8.0,5.0,False,main,False
3,5,5,10.44823620286807,1.5517637971319282,0.870686350239006,0.9822175804351189,6.0,4.0,False,main,False
3,6,6,11.44823620286807,1.5517637971319282,0.8806335540667748,0.9837233497569873,4.0,3.0,False,main,False
3,7,7,12.44823620286807,1.5517637971319282,0.8891597287762909,0.9849939298329409,2.0,2.0,False,main,False
3,8,8,13.44823620286807,1.5517637971319282,0.8965490801912048,0.9860804476616636,1.0,1.0,False,main,False
3,9,9,14.44823620286807,1.5517637971319282,0.9030147626792545,0.9870202085240696,-1.0,-1.0,True,main,False
3157,1,1,6.4984158331212125,1.501584166878788,0.8123019791401516,0.9741685549480318,17.0,8.0,False,main,True
4704,0,1,5.325125977798123,2.6748740222018768,0.6656407472247654,0.8982971806357162,46.0,15.0,False,main,True
9339,1,1,6.499907006995237,1.5000929930047633,0.8124883758744046,0.9742385626323337,17.0,8.0,False,main,True
10504,1,1,6.379482693035465,1.6205173069645347,0.7974353366294331,0.968330552633854,18.0,9.0,False,main,True
10504,2,2,7.379482693035465,1.6205173069645347,0.819942521448385,0.9724023863452155,14.0,7.0,False,main,False
10504,3,3,8.379482693035465,1.6205173069645347,0.8379482693035465,0.9755455876962859,11.0,6.0,False,main,False
10504,4,4,9.379482693035465,1.6205173069645347,0.8526802448214059,0.9780455334852292,9.0,5.0,False,main,False
10504,5,5,10.379482693035465,1.6205173069645347,0.8649568910862887,0.9800814678979539,6.0,4.0,False,main,False
10504,6,6,11.379482693035465,1.6205173069645347,0.8753448225411896,0.981771667815447,4.0,3.0,False,main,False
10504,7,7,12.379482693035465,1.6205173069645347,0.8842487637882475,0.9831973433567441,3.0,2.0,False,main,False
10504,8,8,13.379482693035465,1.6205173069645347,0.891965512869031,0.9844161084408218,1.0,1.0,False,main,False
10504,9,9,14.379482693035465,1.6205173069645347,0.8987176683147166,0.9854699731171723,-1.0,-1.0,True,main,False
4575,1,1,6.293076216722611,1.706923783277389,0.7866345270903263,0.9637857448596914,19.0,9.0,False,main,True
4575,2,2,7.293076216722611,1.706923783277389,0.8103418018580678,0.9684611617892515,15.0,7.0,False,main,True
4575,3,3,8.29307621672261,1.706923783277389,0.829307621672261,0.9720661941523739,12.0,6.0,False,main,False
4575,4,4,9.29307621672261,1.706923783277389,0.8448251106111464,0.9749309634238446,9.0,5.0,False,main,False
4575,5,5,10.29307621672261,1.706923783277389,0.8577563513935509,0.9772624023201697,7.0,4.0,False,main,False
4575,6,6,11.29307621672261,1.706923783277389,0.868698170517124,0.9791968461035246,5.0,3.0,False,main,False
4575,7,7,12.29307621672261,1.706923783277389,0.8780768726230436,0.9808277876751589,3.0,2.0,False,main,False
4575,8,8,13.29307621672261,1.706923783277389,0.8862050811148408,0.9822214875085392,1.0,1.0,False,main,False
4575,9,9,14.29307621672261,1.706923783277389,0.8933172635451632,0.9834262195291034,-1.0,-1.0,True,main,False
9088,1,1,6.386156018696609,1.6138439813033907,0.7982695023370762,0.9686711489668257,18.0,9.0,False,main,True
2640,0,1,5.146965735494044,2.853034264505956,0.6433707169367555,0.8837530106095713,53.0,16.0,False,main,True
4377,1,1,6.343613853632448,1.6563861463675518,0.792951731704056,0.9664740658891754,18.0,9.0,False,main,True
3663,1,1,6.53733325954032,1.4626667404596803,0.81716665744254,0.9759690177890302,16.0,8.0,False,main,True
3663,2,2,7.53733325954032,1.4626667404596803,0.8374814732822577,0.9790351805048917,13.0,7.0,False,main,True
3663,3,3,8.53733325954032,1.4626667404596803,0.8537333259540321,0.9814070039451185,10.0,6.0,False,main,False
3663,4,4,9.53733325954032,1.4626667404596803,0.8670302963218472,0.9832964601666198,8.0,5.0,False,main,False
3663,5,5,10.53733325954032,1.4626667404596803,0.8781111049616933,0.9848371746594229,6.0,4.0,False,main,False
3663,6,6,11.53733325954032,1.4626667404596803,0.8874871738107939,0.9861175732280989,4.0,3.0,False,main,False
3663,7,7,12.53733325954032,1.4626667404596803,0.89552380425288,0.9871985085321252,2.0,2.0,False,main,False
3663,8,8,13.53733325954032,1.4626667404596803,0.9024888839693547,0.9881232328430455,1.0,1.0,False,main,False
3663,9,9,14.53733325954032,1.4626667404596803,0.90858332872127,0.988923333491305,-1.0,-1.0,True,main,False
6815,1,1,6.2465465819903,1.7534534180096997,0.7808183227487875,0.9612372509381383,20.0,9.0,False,main,True
10477,0,1,5.259288449189735,2.740711550810265,0.6574110561487169,0.893003301363895,48.0,16.0,False,main,True
10477,0,2,5.259288449189735,3.740711550810265,0.5843653832433039,0.8297482607859835,84.0,22.0,False,main,False
10477,0,3,5.259288449189735,4.740711550810265,0.5259288449189735,0.7711060901995093,145.0,31.0,False,main,True
10477,0,4,5.259288449189735,5.740711550810265,0.47811713174452136,0.7183107295623918,250.0,42.0,False,main,True
10477,0,5,5.259288449189735,6.740711550810265,0.4382740374324779,0.6712283573897333,442.0,55.0,False,main,True
11985,0,1,5.2823119410554025,2.717688058944597,0.6602889926319253,0.8948654680426602,47.0,16.0,False,main,True
11853,1,1,6.4965971089758385,1.503402891024161,0.8120746386219798,0.974083060187337,17.0,8.0,False,main,True
11853,2,2,7.4965971089758385,1.503402891024161,0.8329552343306488,0.9773964537911812,13.0,7.0,False,main,True
11853,3,3,8.496597108975838,1.503402891024161,0.849659710897584,0.9799581403429493,11.0,6.0,False,main,False
11853,4,4,9.496597108975838,1.503402891024161,0.8633270099068945,0.981997998550653,8.0,5.0,False,main,False
11853,5,5,10.496597108975838,1.503402891024161,0.8747164257479866,0.9836608059136649,6.0,4.0,False,main,False
11853,6,6,11.496597108975838,1.503402891024161,0.8843536237673723,0.9850422976550737,4.0,3.0,False,main,False
11853,7,7,12.496597108975838,1.503402891024161,0.89261407921256,0.9862083177478802,2.0,2.0,False,main,False
11853,8,8,13.496597108975838,1.503402891024161,0.8997731405983893,0.9872056434681423,1.0,1.0,False,main,False
11853,9,9,14.496597108975838,1.503402891024161,0.90603731931099,0.9880684226338519,-1.0,-1.0,True,main,False
11027,0,1,5.460152300175148,2.5398476998248523,0.6825190375218935,0.9088500752140015,41.0,15.0,False,main,True
11027,0,2,5.460152300175148,3.5398476998248523,0.6066835889083497,0.8466180612803095,71.0,21.0,False,main,False
11027,0,3,5.460152300175148,4.539847699824852,0.5460152300175147,0.7880138457033308,121.0,29.0,False,main,True
11027,0,4,5.460152300175148,5.539847699824852,0.49637748183410435,0.7348398288206037,202.0,39.0,False,main,True
3193,0,1,5.515440410829521,2.484559589170479,0.6894300513536902,0.9130501759911522,40.0,15.0,False,main,True
5745,1,1,6.354225705057647,1.6457742949423528,0.7942782131322059,0.96702781547111,18.0,9.0,False,main,True
6140,0,1,5.27660792306741,2.7233920769325897,0.6595759903834263,0.894405207245973,47.0,16.0,False,main,True
6266,1,1,6.514999863949765,1.4850001360502354,0.8143749829937206,0.9749425849470912,17.0,8.0,False,main,True
6266,2,2,7.514999863949765,1.4850001360502354,0.8349999848833072,0.9781432129153935,13.0,7.0,False,main,False
6266,3,3,8.514999863949765,1.4850001360502354,0.8514999863949765,0.9806183194018143,10.0,6.0,False,main,False
6266,4,4,9.514999863949765,1.4850001360502354,0.8649999876317968,0.9825896040238495,8.0,5.0,False,main,False
6266,5,5,10.514999863949765,1.4850001360502354,0.8762499886624804,0.9841967524243629,6.0,4.0,False,main,False
6266,6,6,11.514999863949765,1.4850001360502354,0.8857692203038281,0.9855321634457425,4.0,3.0,False,main,False
6266,7,7,12.514999863949765,1.4850001360502354,0.8939285617106975,0.9866594033247527,2.0,2.0,False,main,False
6266,8,8,13.514999863949765,1.4850001360502354,0.9009999909299843,0.9876236410525021,1.0,1.0,False,main,False
6266,9,9,14.514999863949765,1.4850001360502354,0.9071874914968603,0.9884578564145177,-1.0,-1.0,True,main,False
8474,1,1,6.473450394776453,1.5265496052235474,0.8091812993470566,0.9729845430745121,17.0,8.0,False,main,True
8474,2,2,7.473450394776453,1.5265496052235474,0.8303833771973836,0.9764422733440471,13.0,7.0,False,main,False
8474,3,3,8.473450394776453,1.5265496052235474,0.8473450394776453,0.9791147334165395,11.0,6.0,False,main,False
8474,4,4,9.473450394776453,1.5265496052235474,0.8612227631614957,0.981242298953992,8.0,5.0,False,main,False
8474,5,5,10.473450394776453,1.5265496052235474,0.8727875328980378,0.9829762775352664,6.0,4.0,False,main,False
8474,6,6,11.473450394776453,1.5265496052235474,0.8825731072904964,0.9844166807278087,4.0,3.0,False,main,False
8474,7,7,12.473450394776453,1.5265496052235474,0.8909607424840323,0.9856322706339886,2.0,2.0,False,main,False
8474,8,8,13.473450394776453,1.5265496052235474,0.8982300263184302,0.9866718842294705,1.0,1.0,False,main,False
8474,9,9,14.473450394776453,1.5265496052235474,0.9045906496735283,0.9875711647493104,-1.0,-1.0,True,main,False
10839,1,1,6.439673094449088,1.560326905550912,0.804959136806136,0.9713471705474446,17.0,8.0,False,main,True
10839,2,2,7.439673094449088,1.560326905550912,0.8266303438276764,0.9750204811450934,14.0,7.0,False,main,False
10839,3,3,8.439673094449088,1.560326905550912,0.8439673094449087,0.9778582967270293,11.0,6.0,False,main,False
10839,4,4,9.439673094449088,1.560326905550912,0.8581520994953716,0.9801167285802252,8.0,5.0,False,main,False
10839,5,5,10.439673094449088,1.560326905550912,0.8699727578707573,0.9819568635081932,6.0,4.0,False,main,False
10839,6,6,11.439673094449088,1.560326905550912,0.8799748534191606,0.9834851122179782,4.0,3.0,False,main,False
10839,7,7,12.439673094449088,1.560326905550912,0.8885480781749349,0.9847746008084767,2.0,2.0,False,main,False
10839,8,8,13.439673094449088,1.560326905550912,0.8959782062966059,0.9858772449308635,1.0,1.0,False,main,False
10839,9,9,14.439673094449088,1.560326905550912,0.902479568403068,0.9868309221092497,-1.0,-1.0,True,main,False
755,0,1,5.461010755848714,2.5389892441512862,0.6826263444810893,0.9089158339463025,41.0,15.0,False,main,True
10852,1,1,6.399584610898433,1.6004153891015673,0.7999480763623041,0.9693519143097902,18.0,9.0,False,main,True
10852,2,2,7.399584610898433,1.6004153891015673,0.8221760678776037,0.9732886242483086,14.0,7.0,False,main,False
10852,3,3,8.399584610898433,1.6004153891015673,0.8399584610898433,0.9763283227488347,11.0,6.0,False,main,False
10852,4,4,9.399584610898433,1.6004153891015673,0.8545076918998575,0.978746438527586,9.0,5.0,False,main,False
10852,5,5,10.399584610898433,1.6004153891015673,0.8666320509082027,0.9807160479526862,6.0,4.0,False,main,False
10852,6,6,11.399584610898433,1.6004153891015673,0.8768911239152641,0.982351399314174,4.0,3.0,False,main,False
10852,7,7,12.399584610898433,1.6004153891015673,0.8856846150641738,0.983730959376459,2.0,2.0,False,main,False
10852,8,8,13.399584610898433,1.6004153891015673,0.8933056407265622,0.9849104090037778,1.0,1.0,False,main,False
10852,9,9,14.399584610898433,1.6004153891015673,0.8999740381811521,0.985930356757569,-1.0,-1.0,True,main,False
8755,0,1,5.271785561499069,2.7282144385009315,0.6589731951873836,0.8940155288523731,48.0,16.0,False,main,True
8755,0,2,5.271785561499069,3.7282144385009315,0.5857539512776744,0.8308152699607338,84.0,22.0,False,main,True
8755,0,3,5.271785561499069,4.728214438500931,0.5271785561499069,0.7721708504351663,143.0,31.0,False,main,True
3901,1,1,6.1628522795746346,1.8371477204253652,0.7703565349468293,0.9564814883831086,21.0,9.0,False,main,True
8979,0,1,5.50498716769986,2.4950128323001395,0.6881233959624825,0.9122615494746605,40.0,15.0,False,main,True
9823,1,1,6.369819490101024,1.6301805098989754,0.796227436262628,0.9678346763206543,18.0,9.0,False,main,True
9823,2,2,7.369819490101024,1.6301805098989754,0.8188688322334472,0.9719721832970996,14.0,7.0,False,main,False
9823,3,3,8.369819490101024,1.6301805098989754,0.8369819490101025,0.9751656742280568,11.0,6.0,False,main,False
9823,4,4,9.369819490101024,1.6301805098989754,0.8518017718273658,0.9777053701439412,9.0,5.0,False,main,False
9823,5,5,10.369819490101024,1.6301805098989754,0.8641516241750854,0.9797735170707579,6.0,4.0,False,main,False
9823,6,6,11.369819490101024,1.6301805098989754,0.8746014992385404,0.9814903517804031,4.0,3.0,False,main,False
9823,7,7,12.369819490101024,1.6301805098989754,0.883558535007216,0.982938418587755,3.0,2.0,False,main,False
9823,8,8,13.369819490101024,1.6301805098989754,0.8913212993400683,0.9841762712796557,1.0,1.0,False,main,False
9823,9,9,14.369819490101024,1.6301805098989754,0.898113718131314,0.9852466011713034,-1.0,-1.0,True,main,False
3109,0,1,5.240907773774226,2.7590922262257744,0.6551134717217783,0.8915083036639867,49.0,16.0,False,main,True
10031,0,1,5.458533992420442,2.5414660075795585,0.6823167490525552,0.9087260645031761,41.0,15.0,False,main,True
10031,0,2,5.458533992420442,3.5414660075795585,0.6065037769356046,0.8464845511790917,72.0,21.0,False,main,False
10031,0,3,5.458533992420442,4.541466007579558,0.5458533992420442,0.7878793835414658,121.0,29.0,False,main,True
10031,0,4,5.458533992420442,5.541466007579558,0.4962303629473129,0.7347080334468874,203.0,39.0,False,main,True
3382,1,1,6.255379721382403,1.744620278617597,0.7819224651728004,0.961726382303944,20.0,9.0,False,main,True
7476,0,1,5.537775114298542,2.462224885701458,0.6922218892873178,0.9147265468661685,39.0,14.0,False,main,True
9353,1,1,6.359154735937481,1.640845264062519,0.7948943419921851,0.9672837401667704,18.0,9.0,False,main,True
9353,2,2,7.359154735937481,1.640845264062519,0.817683859548609,0.9714942656578403,14.0,7.0,False,main,False
9353,3,3,8.35915473593748,1.640845264062519,0.835915473593748,0.9747436592640791,11.0,6.0,False,main,False
9353,4,4,9.35915473593748,1.640845264062519,0.8508322487215891,0.9773275350896763,9.0,5.0,False,main,False
9353,5,5,10.35915473593748,1.640845264062519,0.8632628946614567,0.979431479892128,6.0,4.0,False,main,False
9353,6,6,11.35915473593748,1.640845264062519,0.8737811335336523,0.9811779109853404,4.0,3.0,False,main,False
9353,7,7,12.35915473593748,1.640845264062519,0.8827967668526772,0.9826508567581255,3.0,2.0,False,main,False
9353,8,8,13.35915473593748,1.640845264062519,0.8906103157291654,0.9839099162566814,1.0,1.0,False,main,False
9353,9,9,14.35915473593748,1.640845264062519,0.8974471709960925,0.9849985383412164,-1.0,-1.0,True,main,False
5137,1,1,6.308257495608456,1.6917425043915442,0.788532186951057,0.9646021181557523,19.0,9.0,False,main,True
4217,0,1,5.205340676234254,2.794659323765746,0.6506675845292818,0.8885945286189576,50.0,16.0,False,main,True
9318,1,1,6.228822177362552,1.7711778226374477,0.778602772170319,0.9602483196170123,20.0,9.0,False,main,True
7235,1,1,6.175651536845657,1.824348463154343,0.7719564421057071,0.957222798704222,21.0,9.0,False,main,True
7235,2,2,7.175651536845657,1.824348463154343,0.797294615205073,0.9627762128900555,16.0,8.0,False,main,True
7235,3,3,8.175651536845656,1.824348463154343,0.8175651536845656,0.9670516362378103,12.0,6.0,False,main,False
7235,4,4,9.175651536845656,1.824348463154343,0.8341501397132415,0.9704451404770426,9.0,5.0,False,main,False
7235,5,5,10.175651536845656,1.824348463154343,0.8479709614038047,0.9732043183219106,7.0,4.0,False,main,False
7235,6,6,11.175651536845656,1.824348463154343,0.8596655028342812,0.9754919480525747,5.0,3.0,False,main,False
7235,7,7,12.175651536845656,1.824348463154343,0.8696893954889754,0.9774194678348366,3.0,2.0,False,main,False
7235,8,8,13.175651536845656,1.824348463154343,0.8783767691230437,0.9790657477304914,1.0,1.0,False,main,False
7235,9,9,14.175651536845656,1.824348463154343,0.8859782210528535,0.9804881826572365,-1.0,-1.0,True,main,False
1721,1,1,6.188123593723706,1.811876406276294,0.7735154492154632,0.9579403357379371,20.0,9.0,False,main,True
6240,1,1,6.250092364383946,1.749907635616054,0.7812615455479932,0.9614338949247359,20.0,9.0,False,main,True
6598,0,1,5.2150358431188115,2.7849641568811885,0.6518794803898514,0.8893915133813147,50.0,16.0,False,main,True
37,0,1,5.431677046779095,2.5683229532209055,0.6789596308473869,0.9066591926161531,42.0,15.0,False,main,True
518,0,1,5.309952191314465,2.6900478086855353,0.6637440239143081,0.8970855950424802,46.0,15.0,False,main,True
5246,0,1,5.58398971810348,2.41601028189652,0.697998714762935,0.9181576156199582,38.0,14.0,False,main,True
4872,1,1,6.467128086601698,1.5328719133983018,0.8083910108252123,0.9726811489264391,17.0,8.0,False,main,True
6144,1,1,6.578531880003403,1.4214681199965964,0.8223164850004254,0.9778137553513851,16.0,8.0,False,main,True
1836,0,1,5.28787730044097,2.71212269955903,0.6609846625551212,0.8953138487844343,47.0,15.0,False,main,True
8352,1,1,6.22030876206483,1.7796912379351695,0.7775385952581038,0.9597698000231965,20.0,9.0,False,main,True
8352,2,2,7.22030876206483,1.7796912379351695,0.8022565291183145,0.9649816020454485,16.0,8.0,False,main,False
8352,3,3,8.22030876206483,1.7796912379351695,0.822030876206483,0.9689963814243756,12.0,6.0,False,main,False
8352,4,4,9.22030876206483,1.7796912379351695,0.8382098874604391,0.9721844313939935,9.0,5.0,False,main,False
8352,5,5,10.22030876206483,1.7796912379351695,0.8516923968387359,0.9747774722684671,7.0,4.0,False,main,False
8352,6,6,11.22030876206483,1.7796912379351695,0.8631006740049869,0.9769279701081856,5.0,3.0,False,main,False
8352,7,7,12.22030876206483,1.7796912379351695,0.872879197290345,0.978740370339772,3.0,2.0,False,main,False
8352,8,8,13.22030876206483,1.7796912379351695,0.8813539174709887,0.9802886325953565,1.0,1.0,False,main,False
8352,9,9,14.22030876206483,1.7796912379351695,0.8887692976290519,0.9816266017806288,-1.0,-1.0,True,main,False
1654,0,1,5.580708241326328,2.4192917586736717,0.697588530165791,0.9179156779466796,38.0,14.0,False,main,True
9841,1,1,6.3820250409772585,1.6179749590227412,0.7977531301221573,0.9684604889526219,18.0,9.0,False,main,True
9841,2,2,7.3820250409772585,1.6179749590227412,0.8202250045530287,0.9725151215891868,14.0,7.0,False,main,False
9841,3,3,8.382025040977258,1.6179749590227412,0.8382025040977259,0.9756451495091206,11.0,6.0,False,main,False
9841,4,4,9.382025040977258,1.6179749590227412,0.852911367361569,0.9781346817091174,9.0,5.0,False,main,False
9841,5,5,10.382025040977258,1.6179749590227412,0.8651687534147716,0.9801621765817979,6.0,4.0,False,main,False
9841,6,6,11.382025040977258,1.6179749590227412,0.8755403877674814,0.9818453978803031,4.0,3.0,False,main,False
9841,7,7,12.382025040977258,1.6179749590227412,0.8844303600698042,0.9832652063651923,3.0,2.0,False,main,False
9841,8,8,13.382025040977258,1.6179749590227412,0.8921350027318172,0.9844789698247496,1.0,1.0,False,main,False
9841,9,9,14.382025040977258,1.6179749590227412,0.8988765650610787,0.9855285198838555,-1.0,-1.0,True,main,False
946,1,1,6.231057911317767,1.7689420886822336,0.7788822389147209,0.9603736079753217,20.0,9.0,False,main,True
444,1,1,6.567625195070928,1.432374804929072,0.820953149383866,0.9773316031680057,16.0,8.0,False,main,True
10088,1,1,6.203432738298024,1.796567261701976,0.775429092287253,0.9588145443142291,20.0,9.0,False,main,True
10088,2,2,7.203432738298024,1.796567261701976,0.8003814153664471,0.9641543406633996,16.0,8.0,False,main,False
10088,3,3,8.203432738298023,1.796567261701976,0.8203432738298024,0.96826680570418,12.0,6.0,False,main,False
10088,4,4,9.203432738298023,1.796567261701976,0.8366757034816386,0.9715318738391305,9.0,5.0,False,main,False
10088,5,5,10.203432738298023,1.796567261701976,0.8502860615248353,0.9741872047214094,7.0,4.0,False,main,False
10088,6,6,11.203432738298023,1.796567261701976,0.8618025183306173,0.9763891246896844,5.0,3.0,False,main,False
10088,7,7,12.203432738298023,1.796567261701976,0.8716737670212875,0.9782446976479564,3.0,2.0,False,main,False
10088,8,8,13.203432738298023,1.796567261701976,0.8802288492198683,0.9798297224344041,1.0,1.0,False,main,False
10088,9,9,14.203432738298023,1.796567261701976,0.8877145461436265,0.9811993738919437,-1.0,-1.0,True,main,False
1306,0,1,5.526258644711307,2.473741355288693,0.6907823305889134,0.9138636294795803,39.0,14.0,False,main,True
5841,1,1,6.427117621378265,1.5728823786217352,0.8033897026722832,0.9707282808487449,18.0,9.0,False,main,True
5768,1,1,6.159024396359406,1.8409756036405935,0.7698780495449258,0.9562588149410778,21.0,9.0,False,main,True
5343,1,1,6.278016446258765,1.721983553741235,0.7847520557823456,0.9629685124161094,19.0,9.0,False,main,True
3300,1,1,6.389097773162043,1.6109022268379567,0.7986372216452554,0.9688208095358684,18.0,9.0,False,main,True
9736,1,1,6.1809564890678415,1.8190435109321585,0.7726195611334802,0.9575285843923806,21.0,9.0,False,main,True
9736,2,2,7.1809564890678415,1.8190435109321585,0.7978840543408713,0.9630409282500286,16.0,8.0,False,main,False
9736,3,3,8.180956489067842,1.8190435109321585,0.8180956489067842,0.9672850283907057,12.0,6.0,False,main,False
9736,4,4,9.180956489067842,1.8190435109321585,0.8346324080970766,0.9706538494719124,9.0,5.0,False,main,False
9736,5,5,10.180956489067842,1.8190435109321585,0.8484130407556535,0.9733930724905633,7.0,4.0,False,main,False
9736,6,6,11.180956489067842,1.8190435109321585,0.8600735760821417,0.9756642343778058,5.0,3.0,False,main,False
9736,7,7,12.180956489067842,1.8190435109321585,0.870068320647703,0.9775779319043395,3.0,2.0,False,main,False
9736,8,8,13.180956489067842,1.8190435109321585,0.8787304326045228,0.979212444497279,1.0,1.0,False,main,False
9736,9,9,14.180956489067842,1.8190435109321585,0.8863097805667401,0.9806247401974559,-1.0,-1.0,True,main,False
508,0,1,5.276860032127001,2.723139967872999,0.6596075040158751,0.8944255652270472,47.0,16.0,False,main,True
3302,1,1,6.236945676705949,1.7630543232940519,0.7796182095882436,0.9607027999602,20.0,9.0,False,main,True
6963,1,1,6.479922340903923,1.520077659096077,0.8099902926129904,0.9732936362490285,17.0,8.0,False,main,True
6963,2,2,7.479922340903923,1.520077659096077,0.8311024823226582,0.9767107297347325,13.0,7.0,False,main,False
6963,3,3,8.479922340903922,1.520077659096077,0.8479922340903923,0.9793520076666689,11.0,6.0,False,main,False
6963,4,4,9.479922340903922,1.520077659096077,0.8618111219003566,0.9814548872281253,8.0,5.0,False,main,False
6963,5,5,10.479922340903922,1.520077659096077,0.8733268617419935,0.9831688360849102,6.0,4.0,False,main,False
6963,6,6,11.479922340903922,1.520077659096077,0.8830709493003017,0.9845926611749812,4.0,3.0,False,main,False
6963,7,7,12.479922340903922,1.520077659096077,0.8914230243502802,0.9857943027232541,2.0,2.0,False,main,False
6963,8,8,13.479922340903922,1.520077659096077,0.8986614893935948,0.9868220176861399,1.0,1.0,False,main,False
6963,9,9,14.479922340903922,1.520077659096077,0.9049951463064951,0.9877110282352384,-1.0,-1.0,True,main,False
9911,1,1,6.190250990639458,1.809749009360542,0.7737813738299323,0.9580622508914448,20.0,9.0,False,main,True
9911,2,2,7.190250990639458,1.809749009360542,0.7989167767377175,0.9635029548711487,16.0,8.0,False,main,False
9911,3,3,8.19025099063946,1.809749009360542,0.8190250990639457,0.9676924089737005,12.0,6.0,False,main,False
9911,4,4,9.19025099063946,1.809749009360542,0.8354773627854053,0.9710181632371834,9.0,5.0,False,main,False
9911,5,5,10.19025099063946,1.809749009360542,0.8491875825532882,0.9737225662582466,7.0,4.0,False,main,False
9911,6,6,11.19025099063946,1.809749009360542,0.8607885377414968,0.9759649906713298,5.0,3.0,False,main,False
9911,7,7,12.19025099063946,1.809749009360542,0.8707322136171041,0.9778545660331174,3.0,2.0,False,main,False
9911,8,8,13.19025099063946,1.809749009360542,0.8793500660426306,0.9794685416939465,1.0,1.0,False,main,False
9911,9,9,14.19025099063946,1.809749009360542,0.8868906869149662,0.9808631411332593,-1.0,-1.0,True,main,False
11655,0,1,5.265267394181467,2.7347326058185333,0.6581584242726833,0.8934880053811705,48.0,16.0,False,main,True
2380,1,1,6.511517958619036,1.4884820413809638,0.8139397448273795,0.9747809057476873,17.0,8.0,False,main,True
11911,1,1,6.226026493269904,1.7739735067300964,0.778253311658738,0.9600914312480096,20.0,9.0,False,main,True
11911,2,2,7.226026493269904,1.7739735067300964,0.8028918325855449,0.9652601728080781,16.0,8.0,False,main,True
11911,3,3,8.226026493269904,1.7739735067300964,0.8226026493269905,0.9692420806254912,12.0,6.0,False,main,False
11911,4,4,9.226026493269904,1.7739735067300964,0.8387296812063549,0.9724042091415472,9.0,5.0,False,main,False
11911,5,5,10.226026493269904,1.7739735067300964,0.8521688744391587,0.974976282619598,7.0,4.0,False,main,False
11911,6,6,11.226026493269904,1.7739735067300964,0.8635404994823003,0.9771094693732211,5.0,3.0,False,main,False
11911,7,7,12.226026493269904,1.7739735067300964,0.873287606662136,0.9789073343293562,3.0,2.0,False,main,False
11911,8,8,13.226026493269904,1.7739735067300964,0.8817350995513269,0.980443218535479,1.0,1.0,False,main,False
11911,9,9,14.226026493269904,1.7739735067300964,0.889126655829369,0.9817705195209567,-1.0,-1.0,True,main,False
11259,1,1,6.376489622924721,1.6235103770752792,0.7970612028655901,0.9681772989275955,18.0,9.0,False,main,True
11259,2,2,7.376489622924721,1.6235103770752792,0.8196099581027467,0.9722694245159501,14.0,7.0,False,main,False
11259,3,3,8.376489622924721,1.6235103770752792,0.8376489622924721,0.9754281655126943,11.0,6.0,False,main,False
11259,4,4,9.376489622924721,1.6235103770752792,0.852408147538611,0.9779403948560428,9.0,5.0,False,main,False
11259,5,5,10.376489622924721,1.6235103770752792,0.86470746857706,0.979986283959879,6.0,4.0,False,main,False
11259,6,6,11.376489622924721,1.6235103770752792,0.8751145863788247,0.9816847151447012,4.0,3.0,False,main,False
11259,7,7,12.376489622924721,1.6235103770752792,0.8840349730660515,0.9831173107126423,3.0,2.0,False,main,False
11259,8,8,13.376489622924721,1.6235103770752792,0.8917659748616481,0.98434197496037,1.0,1.0,False,main,False
11259,9,9,14.376489622924721,1.6235103770752792,0.8985306014327951,0.9854009284288202,-1.0,-1.0,True,main,False
11322,1,1,6.424010713005815,1.5759892869941847,0.8030013391257269,0.9705742836446309,18.0,9.0,False,main,True
11322,2,2,7.424010713005815,1.5759892869941847,0.8248900792228684,0.9743495350857465,14.0,7.0,False,main,True
11322,3,3,8.424010713005815,1.5759892869941847,0.8424010713005815,0.9772655028818498,11.0,6.0,False,main,False
11322,4,4,9.424010713005815,1.5759892869941847,0.8567282466368923,0.9795857627546031,8.0,5.0,False,main,False
11322,5,5,10.424010713005815,1.5759892869941847,0.8686675594171512,0.9814760364047763,6.0,4.0,False,main,False
11322,6,6,11.424010713005815,1.5759892869941847,0.8787700548466012,0.9830457653939738,4.0,3.0,False,main,False
11322,7,7,12.424010713005815,1.5759892869941847,0.8874293366432725,0.9843701416523328,2.0,2.0,False,main,False
11322,8,8,13.424010713005815,1.5759892869941847,0.894934047533721,0.9855025375777936,1.0,1.0,False,main,False
11322,9,9,14.424010713005815,1.5759892869941847,0.9015006695628635,0.9864818875148009,-1.0,-1.0,True,main,False
66,1,1,6.277547586873287,1.722452413126713,0.7846934483591609,0.9629429517569362,19.0,9.0,False,main,True
2008,1,1,6.473047326172536,1.5269526738274637,0.809130915771567,0.9729652433083767,17.0,8.0,False,main,True
6067,1,1,6.548326738622834,1.4516732613771657,0.8185408423278543,0.9764674909027029,16.0,8.0,False,main,True
9410,0,1,5.345941302688951,2.6540586973110485,0.6682426628361189,0.8999508711854978,45.0,15.0,False,main,True
7461,1,1,6.455707828923728,1.5442921710762723,0.806963478615466,0.9721295053106561,17.0,8.0,False,main,True
8203,1,1,6.516299276880063,1.483700723119937,0.8145374096100079,0.9750028082797828,17.0,8.0,False,main,True
8203,2,2,7.516299276880063,1.483700723119937,0.8351443640977848,0.978195540860904,13.0,7.0,False,main,False
8203,3,3,8.516299276880062,1.483700723119937,0.8516299276880062,0.980664584161589,10.0,6.0,False,main,False
8203,4,4,9.516299276880062,1.483700723119937,0.8651181160800057,0.9826310658582685,8.0,5.0,False,main,False
8203,5,5,10.516299276880062,1.483700723119937,0.8763582730733385,0.9842343154115599,6.0,4.0,False,main,False
8203,6,6,11.516299276880062,1.483700723119937,0.8858691751446202,0.9855664982169645,4.0,3.0,False,main,False
8203,7,7,12.516299276880062,1.483700723119937,0.8940213769200044,0.9866910211036743,2.0,2.0,False,main,False
8203,8,8,13.516299276880062,1.483700723119937,0.9010866184586708,0.9876529404871106,1.0,1.0,False,main,False
8203,9,9,14.516299276880062,1.483700723119937,0.9072687048050039,0.9884851543816827,-1.0,-1.0,True,main,False
9922,0,1,5.533121872707648,2.466878127292352,0.691640234088456,0.9143782621393506,39.0,14.0,False,main,True
9922,0,2,5.533121872707648,3.466878127292352,0.6147913191897386,0.8525969211208075,68.0,20.0,False,main,False
9922,0,3,5.533121872707648,4.466878127292352,0.5533121872707648,0.794046930359748,113.0,28.0,False,main,False
9922,0,4,5.533121872707648,5.466878127292352,0.5030110793370589,0.7407593038662401,188.0,38.0,False,main,True
9922,0,5,5.533121872707648,6.466878127292352,0.461093489392304,0.6929350800936513,317.0,50.0,False,main,True
9922,0,6,5.533121872707648,7.466878127292352,0.4256247594390498,0.6501804053793542,552.0,65.0,False,main,True
12070,0,1,5.15738233165781,2.84261766834219,0.6446727914572262,0.8846223081636213,52.0,16.0,False,main,True
3117,0,1,5.586837146232477,2.413162853767523,0.6983546432790596,0.9183673416704965,38.0,14.0,False,main,True
8629,1,1,6.4479638409462945,1.5520361590537055,0.8059954801182868,0.9717528087014096,17.0,8.0,False,main,True
12088,1,1,6.165142612386669,1.8348573876133314,0.7706428265483336,0.9566145072931195,21.0,9.0,False,main,True
9963,1,1,6.2141954586873185,1.7858045413126813,0.7767744323359148,0.9594247859670592,20.0,9.0,False,main,True
9963,2,2,7.2141954586873185,1.7858045413126813,0.8015772731874798,0.9646827984901158,16.0,8.0,False,main,False
9963,3,3,8.214195458687318,1.7858045413126813,0.8214195458687319,0.9687328497996266,12.0,6.0,False,main,False
9963,4,4,9.214195458687318,1.7858045413126813,0.8376541326079381,0.9719487115087333,9.0,5.0,False,main,False
9963,5,5,10.214195458687318,1.7858045413126813,0.8511829548906099,0.9745642471739848,7.0,4.0,False,main,False
9963,6,6,11.214195458687318,1.7858045413126813,0.8626304198990246,0.976733316069021,5.0,3.0,False,main,False
9963,7,7,12.214195458687318,1.7858045413126813,0.8724425327633799,0.9785613087684943,3.0,2.0,False,main,False
9963,8,8,13.214195458687318,1.7858045413126813,0.8809463639124879,0.980122848836471,1.0,1.0,False,main,False
9963,9,9,14.214195458687318,1.7858045413126813,0.8883872161679575,0.9814722613090209,-1.0,-1.0,True,main,False
10507,0,1,5.3112582314100045,2.6887417685899955,0.6639072789262506,0.8971900802206838,46.0,15.0,False,main,True
10507,0,2,5.3112582314100045,3.6887417685899955,0.5901398034900005,0.8341703719367775,81.0,22.0,False,main,False
10507,0,3,5.3112582314100045,4.6887417685899955,0.5311258231410004,0.7755227942155496,138.0,30.0,False,main,True
10507,0,4,5.3112582314100045,5.6887417685899955,0.4828416574009095,0.7226203624789508,236.0,41.0,False,main,True
5824,0,1,5.164222870455748,2.835777129544252,0.6455278588069685,0.8851919092049653,52.0,16.0,False,main,True
7772,1,1,6.2075565876719,1.7924434123281,0.7759445734589875,0.9590487905294471,20.0,9.0,False,main,True
7772,2,2,7.2075565876719,1.7924434123281,0.8008396208524333,0.9643571860647702,16.0,8.0,False,main,False
7772,3,3,8.207556587671899,1.7924434123281,0.82075565876719,0.9684456890628317,12.0,6.0,False,main,False
7772,4,4,9.207556587671899,1.7924434123281,0.8370505988792637,0.9716918667162877,9.0,5.0,False,main,False
7772,5,5,10.207556587671899,1.7924434123281,0.850629715639325,0.9743319207240673,7.0,4.0,False,main,False
7772,6,6,11.207556587671899,1.7924434123281,0.8621197375132231,0.9765212299955829,5.0,3.0,False,main,False
7772,7,7,12.207556587671899,1.7924434123281,0.8719683276908501,0.9783662158719252,3.0,2.0,False,main,False
7772,8,8,13.207556587671899,1.7924434123281,0.8805037725114601,0.9799422259098202,1.0,1.0,False,main,False
7772,9,9,14.207556587671899,1.7924434123281,0.8879722867294938,0.9813041086596681,-1.0,-1.0,True,main,False
189,1,1,6.284940180072596,1.7150598199274039,0.7856175225090745,0.9633451460658996,19.0,9.0,False,main,True
6321,0,1,5.303026425290976,2.696973574709024,0.662878303161372,0.8965308904769127,46.0,15.0,False,main,True
645,1,1,6.447543032073574,1.5524569679264264,0.8059428790091967,0.9717322782815733,17.0,8.0,False,main,True
645,2,2,7.447543032073574,1.5524569679264264,0.8275047813415082,0.9753548376384084,14.0,7.0,False,main,True
645,3,3,8.447543032073574,1.5524569679264264,0.8447543032073573,0.9781537358768998,11.0,6.0,False,main,False
645,4,4,9.447543032073574,1.5524569679264264,0.8588675483703249,0.9803813737281939,8.0,5.0,False,main,False
645,5,5,10.447543032073574,1.5524569679264264,0.8706285860061311,0.9821965330397524,6.0,4.0,False,main,False
645,6,6,11.447543032073574,1.5524569679264264,0.8805802332364288,0.9837041167755111,4.0,3.0,False,main,False
645,7,7,12.447543032073574,1.5524569679264264,0.8891102165766839,0.984976223092624,2.0,2.0,False,main,False
645,8,8,13.447543032073574,1.5524569679264264,0.8965028688049049,0.9860640426244887,1.0,1.0,False,main,False
645,9,9,14.447543032073574,1.5524569679264264,0.9029714395045983,0.9870049268278114,-1.0,-1.0,True,main,False
3544,1,1,6.390417992959119,1.6095820070408813,0.7988022491198898,0.968887879095533,18.0,9.0,False,main,True
10224,1,1,6.340636952028447,1.6593630479715529,0.7925796190035559,0.9663180494025384,18.0,9.0,False,main,True
10224,2,2,7.340636952028447,1.6593630479715529,0.8156263280031608,0.9706566970507802,15.0,7.0,False,main,False
10224,3,3,8.340636952028447,1.6593630479715529,0.8340636952028447,0.9740041512839356,11.0,6.0,False,main,False
10224,4,4,9.340636952028447,1.6593630479715529,0.8491488138207679,0.9766655069535823,9.0,5.0,False,main,False
10224,5,5,10.340636952028447,1.6593630479715529,0.8617197460023706,0.9788322205880933,6.0,4.0,False,main,False
10224,6,6,11.340636952028447,1.6593630479715529,0.8723566886175729,0.9806305392410444,4.0,3.0,False,main,False
10224,7,7,12.340636952028447,1.6593630479715529,0.881474068002032,0.9821470969830742,3.0,2.0,False,main,False
10224,8,8,13.340636952028447,1.6593630479715529,0.8893757968018965,0.9834433276098676,1.0,1.0,False,main,False
10224,9,9,14.340636952028447,1.6593630479715529,0.896289809501778,0.9845640094170173,-1.0,-1.0,True,main,False
10601,0,1,5.387621291651775,2.612378708348225,0.6734526614564719,0.903232914003617,43.0,15.0,False,main,True
10601,0,2,5.387621291651775,3.612378708348225,0.5986245879613084,0.8405956790785805,76.0,21.0,False,main,False
10601,0,3,5.387621291651775,4.612378708348225,0.5387621291651775,0.7819592680132426,129.0,29.0,False,main,True
10601,0,4,5.387621291651775,5.612378708348225,0.489783753786525,0.728910965125193,218.0,40.0,False,main,True
6433,1,1,6.567040853257316,1.432959146742684,0.8208801066571645,0.9773056441628036,16.0,8.0,False,main,True
4179,0,1,5.253276981395323,2.7467230186046776,0.6566596226744154,0.8925151704786031,48.0,16.0,False,main,True
10525,0,1,5.283854223251352,2.716145776748647,0.660481777906419,0.8949897925659841,47.0,15.0,False,main,True
10525,0,2,5.283854223251352,3.716145776748647,0.5870949136945947,0.8318435188245863,83.0,22.0,False,main,False
10525,0,3,5.283854223251352,4.716145776748647,0.5283854223251352,0.773197495786317,142.0,30.0,False,main,False
10525,0,4,5.283854223251352,5.716145776748647,0.4803503839319411,0.7203507429314717,243.0,41.0,False,main,True
10525,0,5,5.283854223251352,6.716145776748647,0.44032118527094605,0.6731970725288431,428.0,55.0,False,main,True
5394,0,1,5.212546413423329,2.787453586576671,0.6515683016779161,0.8891870658626797,50.0,16.0,False,main,True
11763,1,1,6.15238772621417,1.8476122737858298,0.7690484657767712,0.9558716967190992,21.0,9.0,False,main,True
11549,1,1,6.5025007505236,1.4974992494764003,0.81281259381545,0.9743601413229078,17.0,8.0,False,main,True
11549,2,2,7.5025007505236,1.4974992494764003,0.8336111945026222,0.9776371668219033,13.0,7.0,False,main,True
11549,3,3,8.5025007505236,1.4974992494764003,0.85025007505236,0.9801709338915062,11.0,6.0,False,main,False
11549,4,4,9.5025007505236,1.4974992494764003,0.8638637045930545,0.9821886812887073,8.0,5.0,False,main,False
11549,5,5,10.5025007505236,1.4974992494764003,0.8752083958769666,0.9838335433806216,6.0,4.0,False,main,False
11549,6,6,11.5025007505236,1.4974992494764003,0.8848077500402769,0.9852001789286364,4.0,3.0,False,main,False
11549,7,7,12.5025007505236,1.4974992494764003,0.8930357678945429,0.9863536971081167,2.0,2.0,False,main,False
11549,8,8,13.5025007505236,1.4974992494764003,0.9001667167015733,0.9873403564197679,1.0,1.0,False,main,False
11549,9,9,14.5025007505236,1.4974992494764003,0.906406296907725,0.9881939279506622,-1.0,-1.0,True,main,False
706,1,1,6.369279250663598,1.630720749336402,0.7961599063329498,0.9678068600879371,18.0,9.0,False,main,True
2357,0,1,5.224550432304368,2.775449567695632,0.653068804038046,0.8901716712672202,49.0,16.0,False,main,True
1624,1,1,6.573704714184711,1.426295285815289,0.8217130892730888,0.9776009163810916,16.0,8.0,False,main,True
3522,0,1,5.314166604734438,2.685833395265562,0.6642708255918047,0.8974226182891513,46.0,15.0,False,main,True
1271,1,1,6.501477609264423,1.4985223907355762,0.8126847011580529,0.9743122119831586,17.0,8.0,False,main,True
1271,2,2,7.501477609264423,1.4985223907355762,0.8334975121404915,0.9775955273074831,13.0,7.0,False,main,True
1271,3,3,8.501477609264423,1.4985223907355762,0.8501477609264423,0.9801341232595389,11.0,6.0,False,main,False
1271,4,4,9.501477609264423,1.4985223907355762,0.8637706917513112,0.982155695029977,8.0,5.0,False,main,False
1271,5,5,10.501477609264423,1.4985223907355762,0.8751231341053686,0.9838036610991178,6.0,4.0,False,main,False
1271,6,6,11.501477609264423,1.4985223907355762,0.8847290468664941,0.9851728663711665,4.0,3.0,False,main,False
1271,7,7,12.501477609264423,1.4985223907355762,0.8929626863760303,0.9863285470901547,2.0,2.0,False,main,False
1271,8,8,13.501477609264423,1.4985223907355762,0.9000985072842949,0.9873170514725768,1.0,1.0,False,main,False
1271,9,9,14.501477609264423,1.4985223907355762,0.9063423505790265,0.9881722157588164,-1.0,-1.0,True,main,False
7979,0,1,5.353403479677373,2.646596520322627,0.6691754349596716,0.9005413470709108,45.0,15.0,False,main,True
7979,0,2,5.353403479677373,3.646596520322627,0.5948226088530414,0.8377272378674921,78.0,22.0,False,main,False
7979,0,3,5.353403479677373,4.6465965203226265,0.5353403479677372,0.7790829784200359,133.0,30.0,False,main,True
7979,0,4,5.353403479677373,5.6465965203226265,0.4866730436070339,0.7260983406335995,226.0,40.0,False,main,True
1645,0,1,5.241141665602131,2.7588583343978694,0.6551427082002663,0.8915273737226563,49.0,16.0,False,main,True
5010,1,1,6.443633954875014,1.5563660451249857,0.8054542443593767,0.9715412639027917,17.0,8.0,False,main,True
9649,1,1,6.363774014619009,1.636225985380991,0.7954717518273762,0.9675228406008807,18.0,9.0,False,main,True
9649,2,2,7.363774014619009,1.636225985380991,0.8181971127354455,0.9717016699787425,14.0,7.0,False,main,False
9649,3,3,8.36377401461901,1.636225985380991,0.836377401461901,0.9749267986607456,11.0,6.0,False,main,False
9649,4,4,9.36377401461901,1.636225985380991,0.8512521831471827,0.9774914988008284,9.0,5.0,False,main,False
9649,5,5,10.36377401461901,1.636225985380991,0.8636478345515841,0.979579906595027,6.0,4.0,False,main,False
9649,6,6,11.36377401461901,1.636225985380991,0.8741364626630007,0.9813134926341835,4.0,3.0,False,main,False
9649,7,7,12.36377401461901,1.636225985380991,0.8831267153299293,0.9827756410112284,3.0,2.0,False,main,False
9649,8,8,13.36377401461901,1.636225985380991,0.8909182676412672,0.9840254970078541,1.0,1.0,False,main,False
9649,9,9,14.36377401461901,1.636225985380991,0.8977358759136881,0.9851061806360439,-1.0,-1.0,True,main,False
4545,0,1,5.4793417769649535,2.5206582230350465,0.6849177221206192,0.9103159316386312,41.0,15.0,False,main,True
4968,1,1,6.453579244395228,1.5464207556047718,0.8066974055494035,0.9720261743785304,17.0,8.0,False,main,True
4968,2,2,7.453579244395228,1.5464207556047718,0.8281754715994698,0.9756100221543035,14.0,7.0,False,main,True
4968,3,3,8.453579244395229,1.5464207556047718,0.8453579244395228,0.9783792311940933,11.0,6.0,False,main,False
4968,4,4,9.453579244395229,1.5464207556047718,0.8594162949450208,0.9805833744486836,8.0,5.0,False,main,False
4968,5,5,10.453579244395229,1.5464207556047718,0.8711316036996024,0.9823794767493418,6.0,4.0,False,main,False
4968,6,6,11.453579244395229,1.5464207556047718,0.8810445572611715,0.9838712915231969,4.0,3.0,False,main,False
4968,7,7,12.453579244395229,1.5464207556047718,0.8895413745996592,0.9851301330831647,2.0,2.0,False,main,False
4968,8,8,13.453579244395229,1.5464207556047718,0.896905282959682,0.9862066391409907,1.0,1.0,False,main,False
4968,9,9,14.453579244395229,1.5464207556047718,0.9033487027747018,0.9871377599163619,-1.0,-1.0,True,main,False
11973,1,1,6.538127179552658,1.4618728204473417,0.8172658974440823,0.9760051667577665,16.0,8.0,False,main,True
11973,2,2,7.538127179552658,1.4618728204473417,0.8375696866169621,0.9790665978401035,13.0,7.0,False,main,False
11973,3,3,8.538127179552658,1.4618728204473417,0.8538127179552658,0.9814347860551654,10.0,6.0,False,main,False
11973,4,4,9.538127179552658,1.4618728204473417,0.8671024708684235,0.9833213616707103,8.0,5.0,False,main,False
11973,5,5,10.538127179552658,1.4618728204473417,0.8781772649627215,0.9848597371601524,6.0,4.0,False,main,False
11973,6,6,11.538127179552658,1.4618728204473417,0.8875482445809737,0.9861381986304226,4.0,3.0,False,main,False
11973,7,7,12.538127179552658,1.4618728204473417,0.8955805128251899,0.9872175033037864,2.0,2.0,False,main,False
11973,8,8,13.538127179552658,1.4618728204473417,0.9025418119701772,0.9881408360263957,1.0,1.0,False,main,False
11973,9,9,14.538127179552658,1.4618728204473417,0.9086329487220411,0.9889397351372121,-1.0,-1.0,True,main,False
11072,1,1,6.254594466232704,1.745405533767296,0.781824308279088,0.9616829995868135,20.0,9.0,False,main,True
11072,2,2,7.254594466232704,1.745405533767296,0.8060660518036338,0.9666389196956878,15.0,8.0,False,main,False
11072,3,3,8.254594466232703,1.745405533767296,0.8254594466232703,0.9704583062130344,12.0,6.0,False,main,False
11072,4,4,9.254594466232703,1.745405533767296,0.8413267696575185,0.9734922414935101,9.0,5.0,False,main,False
11072,5,5,10.254594466232703,1.745405533767296,0.8545495388527252,0.9759606001413702,7.0,4.0,False,main,False
11072,6,6,11.254594466232703,1.745405533767296,0.8657380358640541,0.9780081435774634,5.0,3.0,False,main,False
11072,7,7,12.254594466232703,1.745405533767296,0.8753281761594788,0.9797340881114622,3.0,2.0,False,main,False
11072,8,8,13.254594466232703,1.745405533767296,0.8836396310821802,0.9812087187823022,1.0,1.0,False,main,False
11072,9,9,14.254594466232703,1.745405533767296,0.8909121541395439,0.9824832223733574,-1.0,-1.0,True,main,False
2698,0,1,5.189173357226224,2.810826642773776,0.648646669653278,0.8872609818557717,51.0,16.0,False,main,True
8873,1,1,6.259635522133377,1.7403644778666236,0.7824544402666721,0.9619611592615172,19.0,9.0,False,main,True
9251,1,1,6.261996744722914,1.7380032552770854,0.7827495930903643,0.9620911700485393,19.0,9.0,False,main,True
227,1,1,6.474755944539249,1.5252440554607514,0.8093444930674061,0.9730470155985079,17.0,8.0,False,main,True
227,2,2,7.474755944539249,1.5252440554607514,0.8305284382821387,0.9764965310160236,13.0,7.0,False,main,True
227,3,3,8.474755944539249,1.5252440554607514,0.8474755944539248,0.9791626878500425,11.0,6.0,False,main,False
227,4,4,9.474755944539249,1.5252440554607514,0.8613414495035681,0.9812852634988972,8.0,5.0,False,main,False
227,5,5,10.474755944539249,1.5252440554607514,0.872896328711604,0.9830151935078467,6.0,4.0,False,main,False
227,6,6,11.474755944539249,1.5252440554607514,0.8826735341953268,0.9844522458832691,4.0,3.0,False,main,False
227,7,7,12.474755944539249,1.5252440554607514,0.8910539960385178,0.9856650165634727,2.0,2.0,False,main,False
227,8,8,13.474755944539249,1.5252440554607514,0.8983170629692833,0.9867022252634051,1.0,1.0,False,main,False
227,9,9,14.474755944539249,1.5252440554607514,0.904672246533703,0.9875994300962597,-1.0,-1.0,True,main,False
9132,0,1,5.230600224729161,2.7693997752708386,0.6538250280911452,0.8906667063658353,49.0,16.0,False,main,True
8871,1,1,6.364377248462573,1.6356227515374269,0.7955471560578217,0.9675540117948681,18.0,9.0,False,main,True
8274,0,1,5.188524030110145,2.8114759698898553,0.6485655037637681,0.8872073048155912,51.0,16.0,False,main,True
8274,0,2,5.188524030110145,3.8114759698898553,0.5765026700122383,0.8236632068431576,90.0,23.0,False,main,False
8274,0,3,5.188524030110145,4.811475969889855,0.5188524030110144,0.7650449407146962,156.0,32.0,False,main,True
8274,0,4,5.188524030110145,5.811475969889855,0.4716840027372859,0.712405366686174,271.0,43.0,False,main,True
12090,1,1,6.570509616952572,1.429490383047428,0.8213137021190715,0.9774595528043339,16.0,8.0,False,main,True
12090,2,2,7.570509616952572,1.429490383047428,0.8411677352169524,0.9803308430067874,13.0,7.0,False,main,True
12090,3,3,8.570509616952572,1.429490383047428,0.8570509616952572,0.9825529011241368,10.0,6.0,False,main,False
12090,4,4,9.570509616952572,1.429490383047428,0.8700463288138702,0.9843236516813887,8.0,5.0,False,main,False
12090,5,5,10.570509616952572,1.429490383047428,0.8808758014127144,0.9857679602871176,6.0,4.0,False,main,False
12090,6,6,11.570509616952572,1.429490383047428,0.890039201304044,0.9869685054584378,4.0,3.0,False,main,False
12090,7,7,12.570509616952572,1.429490383047428,0.8978935440680409,0.9879822121123851,2.0,2.0,False,main,False
12090,8,8,13.570509616952572,1.429490383047428,0.9047006411301715,0.9888495568191293,1.0,1.0,False,main,False
12090,9,9,14.570509616952572,1.429490383047428,0.9106568510595358,0.9896001095960597,-1.0,-1.0,True,main,False
5622,1,1,6.564179385214665,1.4358206147853356,0.8205224231518331,0.9771783393428963,16.0,8.0,False,main,True
484,0,1,5.491586862346854,2.5084131376531458,0.6864483577933568,0.9112468373377806,40.0,15.0,False,main,True
328,1,1,6.185850314176348,1.8141496858236512,0.7732312892720435,0.9578099064551391,20.0,9.0,False,main,True
5681,1,1,6.489667017514623,1.5103329824853764,0.8112083771893279,0.9737561917002185,17.0,8.0,False,main,True
11614,0,1,5.469051389252378,2.5309486107476213,0.6836314236565473,0.9095309269021797,41.0,15.0,False,main,True
8773,0,1,5.2117581365669405,2.788241863433059,0.6514697670708676,0.8891222996282784,50.0,16.0,False,main,True
2258,0,1,5.196362020885126,2.8036379791148733,0.6495452526106408,0.8878546294974196,51.0,16.0,False,main,True
9874,0,1,5.377094501987891,2.622905498012109,0.6721368127484864,0.9024076949160659,44.0,15.0,False,main,True
9874,0,2,5.377094501987891,3.622905498012109,0.5974549446653212,0.8397150852990861,76.0,21.0,False,main,False
9874,0,3,5.377094501987891,4.622905498012109,0.5377094501987891,0.7810757638077612,130.0,30.0,False,main,True
9874,0,4,5.377094501987891,5.622905498012109,0.4888267729079901,0.7280467514946256,220.0,40.0,False,main,True
11627,0,1,5.44039264825807,2.5596073517419304,0.6800490810322587,0.9073317543615667,42.0,15.0,False,main,True
7557,1,1,6.337766118658309,1.6622338813416913,0.7922207648322886,0.9661673124291557,19.0,9.0,False,main,True
6841,1,1,6.2440980091894875,1.7559019908105125,0.7805122511486859,0.9611012239270659,20.0,9.0,False,main,True
11839,1,1,6.545862113611519,1.454137886388481,0.8182327642014399,0.9763561297566059,16.0,8.0,False,main,True
11839,2,2,7.545862113611519,1.454137886388481,0.8384291237346132,0.9793716365335358,13.0,7.0,False,main,False
11839,3,3,8.54586211361152,1.454137886388481,0.854586211361152,0.9817045389480277,10.0,6.0,False,main,False
11839,4,4,9.54586211361152,1.454137886388481,0.8678056466919564,0.9835631517427925,8.0,5.0,False,main,False
11839,5,5,10.54586211361152,1.454137886388481,0.87882184280096,0.9850788207177194,6.0,4.0,False,main,False
11839,6,6,11.54586211361152,1.454137886388481,0.8881432395085784,0.9863384764859581,4.0,3.0,False,main,False
11839,7,7,12.54586211361152,1.454137886388481,0.8961330081151085,0.9874019501518938,2.0,2.0,False,main,False
11839,8,8,13.54586211361152,1.454137886388481,0.903057474240768,0.9883117722196643,1.0,1.0,False,main,False
11839,9,9,14.54586211361152,1.454137886388481,0.90911638210072,0.9890990055514901,-1.0,-1.0,True,main,False
1798,1,1,6.393617707066888,1.606382292933112,0.799202213383361,0.9690501830627851,18.0,9.0,False,main,True
3716,1,1,6.492394022432279,1.5076059775677204,0.8115492528040349,0.9738850224588401,17.0,8.0,False,main,True
3716,2,2,7.492394022432279,1.5076059775677204,0.8324882247146976,0.9772244188559127,13.0,7.0,False,main,True
3716,3,3,8.49239402243228,1.5076059775677204,0.8492394022432279,0.9798060654980028,11.0,6.0,False,main,False
3716,4,4,9.49239402243228,1.5076059775677204,0.8629449111302072,0.9818617298528319,8.0,5.0,False,main,False
3716,5,5,10.49239402243228,1.5076059775677204,0.8743661685360232,0.9835373647951893,6.0,4.0,False,main,False
3716,6,6,11.49239402243228,1.5076059775677204,0.8840303094178676,0.9849294754636924,4.0,3.0,False,main,False
3716,7,7,12.49239402243228,1.5076059775677204,0.8923138587451628,0.9861044313215532,2.0,2.0,False,main,False
3716,8,8,13.49239402243228,1.5076059775677204,0.8994929348288186,0.9871093806135384,1.0,1.0,False,main,False
3716,9,9,14.49239402243228,1.5076059775677204,0.9057746264020174,0.9879787405323205,-1.0,-1.0,True,main,False
5468,1,1,6.338538294085596,1.661461705914404,0.7923172867606995,0.9662078834882061,19.0,9.0,False,main,True
8964,1,1,6.400716777169924,1.599283222830076,0.8000895971462405,0.9694090271387018,18.0,9.0,False,main,True
763,1,1,6.330604245915027,1.6693957540849726,0.7913255307393784,0.9657900754730422,19.0,9.0,False,main,True
9208,1,1,6.415877962272016,1.5841220377279843,0.801984745284002,0.9701695851938029,18.0,9.0,False,main,True
192,1,1,6.156499572016244,1.8435004279837561,0.7695624465020305,0.9561116988007549,21.0,9.0,False,main,True
4605,1,1,6.371037685190876,1.628962314809124,0.7963797106488595,0.967897363399105,18.0,9.0,False,main,True
8768,1,1,6.500239344430791,1.4997606555692085,0.8125299180538489,0.9742541542178074,17.0,8.0,False,main,True
8768,2,2,7.500239344430791,1.4997606555692085,0.8333599271589768,0.9775450891549828,13.0,7.0,False,main,True
8768,3,3,8.500239344430792,1.4997606555692085,0.8500239344430792,0.9800895347730005,11.0,6.0,False,main,False
8768,4,4,9.500239344430792,1.4997606555692085,0.863658122220981,0.9821157392750691,8.0,5.0,False,main,False
8768,5,5,10.500239344430792,1.4997606555692085,0.8750199453692327,0.9837674653579239,6.0,4.0,False,main,False
8768,6,6,11.500239344430792,1.4997606555692085,0.8846337957254455,0.9851397834395644,4.0,3.0,False,main,False
8768,7,7,12.500239344430792,1.4997606555692085,0.8928742388879137,0.9862980837051426,2.0,2.0,False,main,False
8768,8,8,13.500239344430792,1.4997606555692085,0.9000159562953861,0.9872888230578368,1.0,1.0,False,main,False
8768,9,9,14.500239344430792,1.4997606555692085,0.9062649590269245,0.9881459166670479,-1.0,-1.0,True,main,False
5960,0,1,5.271830108661235,2.728169891338765,0.6589787635826544,0.8940191308965791,48.0,16.0,False,main,True
422,1,1,6.2717928381845365,1.728207161815464,0.7839741047730671,0.962628645709531,19.0,9.0,False,main,True
8623,1,1,6.348573377407287,1.6514266225927134,0.7935716721759108,0.9667333332739767,18.0,9.0,False,main,True
2286,0,1,5.4682882618525985,2.531711738147402,0.6835360327315748,0.9094726135360944,41.0,15.0,False,main,True
1463,0,1,5.251629784343126,2.7483702156568746,0.6564537230428907,0.892381279998901,48.0,16.0,False,main,True
5736,0,1,5.209550563455583,2.7904494365444177,0.6511938204319478,0.888940849801572,50.0,16.0,False,main,True
11683,1,1,6.299199971852083,1.700800028147917,0.7873999964815104,0.9641159535332566,19.0,9.0,False,main,True
4003,1,1,6.496385549555657,1.503614450444343,0.8120481936944571,0.9740731073926522,17.0,8.0,False,main,True
4423,1,1,6.16350933895178,1.8364906610482203,0.7704386673689725,0.9565196656795557,21.0,9.0,False,main,True
8374,0,1,5.180151415861893,2.8198485841381076,0.6475189269827366,0.8865143634664697,51.0,16.0,False,main,True
8374,0,2,5.180151415861893,3.8198485841381076,0.5755723795402103,0.8229384055104234,91.0,23.0,False,main,False
8374,0,3,5.180151415861893,4.819848584138107,0.5180151415861893,0.7643242106489188,157.0,32.0,False,main,False
8374,0,4,5.180151415861893,5.819848584138107,0.4709228559874448,0.7117038235303594,274.0,43.0,False,main,False
8374,0,5,5.180151415861893,6.819848584138107,0.43167928465515776,0.6648573763633066,492.0,57.0,False,main,True
8374,0,6,5.180151415861893,7.819848584138107,0.3984731858355302,0.6231966122691377,939.0,76.0,False,main,True
8374,0,7,5.180151415861893,8.819848584138107,0.3700108154187066,0.5860704976383727,-1.0,100.0,False,main,True
8374,0,8,5.180151415861893,9.819848584138107,0.3453434277241262,0.55287031368111,-1.0,131.0,False,main,True
987,1,1,6.426592604148381,1.573407395851619,0.8033240755185477,0.9707022814392715,18.0,9.0,False,main,True
987,2,2,7.426592604148381,1.573407395851619,0.8251769560164868,0.9744606425362665,14.0,7.0,False,main,False
987,3,3,8.426592604148382,1.573407395851619,0.8426592604148381,0.9773636631813084,11.0,6.0,False,main,False
987,4,4,9.426592604148382,1.573407395851619,0.8569629640134891,0.9796736812953084,8.0,5.0,False,main,False
987,5,5,10.426592604148382,1.573407395851619,0.8688827170123651,0.9815556501674766,6.0,4.0,False,main,False
987,6,6,11.426592604148382,1.573407395851619,0.8789686618575677,0.983118508968885,4.0,3.0,False,main,False
987,7,7,12.426592604148382,1.573407395851619,0.88761375743917,0.9844371072488245,2.0,2.0,False,main,False
987,8,8,13.426592604148382,1.573407395851619,0.8951061736098921,0.9855645759990987,1.0,1.0,False,main,False
987,9,9,14.426592604148382,1.573407395851619,0.9016620377592739,0.9865396744490912,-1.0,-1.0,True,main,False
1113,1,1,6.188255187185667,1.8117448128143328,0.7735318983982084,0.9579478810350301,20.0,9.0,False,main,True
2816,1,1,6.340501312087303,1.6594986879126963,0.7925626640109129,0.9663109336162846,18.0,9.0,False,main,True
2513,1,1,6.529935115899349,1.4700648841006512,0.8162418894874186,0.9756310407119637,16.0,8.0,False,main,True
3975,1,1,6.431731787173128,1.5682682128268723,0.803966473396641,0.9709563653484764,17.0,9.0,False,main,True
7095,0,1,5.533015457795956,2.4669845422040444,0.6916269322244945,0.9143702912228544,39.0,14.0,False,main,True
568,1,1,6.377534784230879,1.6224652157691208,0.7971918480288599,0.9682308487264464,18.0,9.0,False,main,True
568,2,2,7.377534784230879,1.6224652157691208,0.8197260871367643,0.9723158834468519,14.0,7.0,False,main,True
568,3,3,8.377534784230878,1.6224652157691208,0.8377534784230878,0.9754691943202434,11.0,6.0,False,main,False
568,4,4,9.377534784230878,1.6224652157691208,0.8525031622028071,0.9779771314028081,9.0,5.0,False,main,False
568,5,5,10.377534784230878,1.6224652157691208,0.8647945653525732,0.9800195420652081,6.0,4.0,False,main,False
568,6,6,11.377534784230878,1.6224652157691208,0.8751949834023752,0.981715097047483,4.0,3.0,False,main,False
568,7,7,12.377534784230878,1.6224652157691208,0.8841096274450627,0.983145274610898,3.0,2.0,False,main,False
568,8,8,13.377534784230878,1.6224652157691208,0.8918356522820585,0.9843678775789421,1.0,1.0,False,main,False
568,9,9,14.377534784230878,1.6224652157691208,0.8985959240144299,0.9854250529368723,-1.0,-1.0,True,main,False
10244,0,1,5.5709939537724456,2.4290060462275544,0.6963742442215557,0.9171979439106592,38.0,14.0,False,main,True
10244,0,2,5.5709939537724456,3.4290060462275544,0.6189993281969384,0.8556681280114105,66.0,20.0,False,main,False
10244,0,3,5.5709939537724456,4.4290060462275544,0.5570993953772445,0.7971551248795172,109.0,28.0,False,main,False
10244,0,4,5.5709939537724456,5.4290060462275544,0.5064539957974951,0.7438137042840758,181.0,37.0,False,main,True
10244,0,5,5.5709939537724456,6.4290060462275544,0.4642494961477038,0.6958961815198905,304.0,49.0,False,main,True
8689,1,1,6.305507016836926,1.6944929831630735,0.7881883771046158,0.964454768848974,19.0,9.0,False,main,True
2530,1,1,6.574436973324737,1.425563026675263,0.8218046216655921,0.9776332599404475,16.0,8.0,False,main,True
11933,1,1,6.494039851194625,1.5059601488053755,0.8117549813993281,0.9739626455274579,17.0,8.0,False,main,True
11933,2,2,7.494039851194625,1.5059601488053755,0.8326710945771806,0.9772918489036951,13.0,7.0,False,main,True
11933,3,3,8.494039851194625,1.5059601488053755,0.8494039851194625,0.9798656714486227,11.0,6.0,False,main,False
11933,4,4,9.494039851194625,1.5059601488053755,0.8630945319267841,0.9819151401201751,8.0,5.0,False,main,False
11933,5,5,10.494039851194625,1.5059601488053755,0.8745033209328854,0.9835857469944054,6.0,4.0,False,main,False
11933,6,6,11.494039851194625,1.5059601488053755,0.8841569116303558,0.9849736953797356,4.0,3.0,False,main,False
11933,7,7,12.494039851194625,1.5059601488053755,0.8924314179424732,0.986145148737019,2.0,2.0,False,main,False
11933,8,8,13.494039851194625,1.5059601488053755,0.8996026567463083,0.9871471098873872,1.0,1.0,False,main,False
11933,9,9,14.494039851194625,1.5059601488053755,0.9058774906996641,0.9880138904278002,-1.0,-1.0,True,main,False
4480,1,1,6.561889167759152,1.4381108322408478,0.820236145969894,0.9770762268059444,16.0,8.0,False,main,True
4480,2,2,7.561889167759152,1.4381108322408478,0.8402099075287947,0.9799975881983801,13.0,7.0,False,main,True
4480,3,3,8.561889167759151,1.4381108322408478,0.8561889167759151,0.982258137056865,10.0,6.0,False,main,False
4480,4,4,9.561889167759151,1.4381108322408478,0.8692626516144683,0.9840594016021862,8.0,5.0,False,main,False
4480,5,5,10.561889167759151,1.4381108322408478,0.8801574306465959,0.9855284956317888,6.0,4.0,False,main,False
4480,6,6,11.561889167759151,1.4381108322408478,0.8893760898276271,0.9867495731742396,4.0,3.0,False,main,False
4480,7,7,12.561889167759151,1.4381108322408478,0.8972777976970823,0.9877805677927464,2.0,2.0,False,main,False
4480,8,8,13.561889167759151,1.4381108322408478,0.9041259445172768,0.9886626690151286,1.0,1.0,False,main,False
4480,9,9,14.561889167759151,1.4381108322408478,0.910118072984947,0.9894259651139706,-1.0,-1.0,True,main,False
5095,1,1,6.342673547717819,1.657326452282181,0.7928341934647274,0.9664248172820292,18.0,9.0,False,main,True
9993,1,1,6.458999351544721,1.5410006484552787,0.8073749189430901,0.9722889742417143,17.0,8.0,False,main,True
9993,2,2,7.458999351544721,1.5410006484552787,0.8287777057271912,0.9758382206596043,14.0,7.0,False,main,False
9993,3,3,8.45899935154472,1.5410006484552787,0.845899935154472,0.9785808896963631,11.0,6.0,False,main,False
9993,4,4,9.45899935154472,1.5410006484552787,0.859909031958611,0.9807640286205682,8.0,5.0,False,main,False
9993,5,5,10.45899935154472,1.5410006484552787,0.8715832792953934,0.9825430926368408,6.0,4.0,False,main,False
9993,6,6,11.45899935154472,1.5410006484552787,0.8814614885803631,0.984020808075643,4.0,3.0,False,main,False
9993,7,7,12.45899935154472,1.5410006484552787,0.8899285251103372,0.985267788807639,2.0,2.0,False,main,False
9993,8,8,13.45899935154472,1.5410006484552787,0.8972666234363147,0.9863341784041718,1.0,1.0,False,main,False
9993,9,9,14.45899935154472,1.5410006484552787,0.903687459471545,0.9872565684731526,-1.0,-1.0,True,main,False
4668,1,1,6.369389301742746,1.6306106982572535,0.7961736627178433,0.9678125272764415,18.0,9.0,False,main,True
1591,0,1,5.583490275150287,2.416509724849713,0.6979362843937859,0.9181208092551805,38.0,14.0,False,main,True
6751,1,1,6.505697067915509,1.4943029320844905,0.8132121334894387,0.9745096283009855,17.0,8.0,False,main,True
1336,0,1,5.150513455457943,2.8494865445420574,0.6438141819322428,0.884049339471298,52.0,16.0,False,main,True
141,1,1,6.415386313786049,1.5846136862139506,0.8019232892232562,0.9701450463940849,18.0,9.0,False,main,True
7191,0,1,5.330737895040727,2.669262104959273,0.6663422368800909,0.8987439774907595,45.0,15.0,False,main,True
4142,1,1,6.179784010056937,1.8202159899430628,0.7724730012571172,0.9574610751314837,21.0,9.0,False,main,True
3375,0,1,5.406606859985153,2.593393140014846,0.6758258574981442,0.9047148776357702,43.0,15.0,False,main,True
7512,1,1,6.1957064845234955,1.8042935154765045,0.7744633105654369,0.9583742520823549,20.0,9.0,False,main,True
3090,1,1,6.565517854418438,1.4344821455815617,0.8206897318023048,0.9772379253828491,16.0,8.0,False,main,True
11438,1,1,6.470018604182091,1.529981395817909,0.8087523255227613,0.9728200359148795,17.0,8.0,False,main,True
11438,2,2,7.470018604182091,1.529981395817909,0.8300020671313434,0.9762994018194694,14.0,7.0,False,main,False
11438,3,3,8.47001860418209,1.529981395817909,0.847001860418209,0.9789884620752464,11.0,6.0,False,main,False
11438,4,4,9.47001860418209,1.529981395817909,0.8609107821983719,0.9811291684833471,8.0,5.0,False,main,False
11438,5,5,10.47001860418209,1.529981395817909,0.8725015503485075,0.9828738086720409,6.0,4.0,False,main,False
11438,6,6,11.47001860418209,1.529981395817909,0.8823091233986223,0.9843230357811585,4.0,3.0,False,main,False
11438,7,7,12.47001860418209,1.529981395817909,0.890715614584435,0.9855460495888663,2.0,2.0,False,main,False
11438,8,8,13.47001860418209,1.529981395817909,0.898001240278806,0.986591995922322,1.0,1.0,False,main,False
11438,9,9,14.47001860418209,1.529981395817909,0.9043761627613807,0.9874967422101074,-1.0,-1.0,True,main,False
8099,1,1,6.509357740917855,1.4906422590821458,0.8136697176147318,0.974680375069912,17.0,8.0,False,main,True
8099,2,2,7.509357740917855,1.4906422590821458,0.834373082324206,0.977915387850884,13.0,7.0,False,main,False
8099,3,3,8.509357740917855,1.4906422590821458,0.8509357740917854,0.9804168979746217,10.0,6.0,False,main,False
8099,4,4,9.509357740917855,1.4906422590821458,0.8644870673561686,0.9824090970013513,8.0,5.0,False,main,False
8099,5,5,10.509357740917855,1.4906422590821458,0.8757798117431546,0.9840332222690376,6.0,4.0,False,main,False
8099,6,6,11.509357740917855,1.4906422590821458,0.885335210839835,0.9853826895272182,4.0,3.0,False,main,False
8099,7,7,12.509357740917855,1.4906422590821458,0.8935255529227039,0.986521759348293,2.0,2.0,False,main,False
8099,8,8,13.509357740917855,1.4906422590821458,0.9006238493945237,0.9874960910419595,1.0,1.0,False,main,False
8099,9,9,14.509357740917855,1.4906422590821458,0.9068348588073659,0.98833902052606,-1.0,-1.0,True,main,False
2929,1,1,6.1858937180473985,1.814106281952602,0.7732367147559248,0.9578123982386183,20.0,9.0,False,main,True
12092,1,1,6.490777391596722,1.5092226084032787,0.8113471739495902,0.9738086810794285,17.0,8.0,False,main,True
9865,0,1,5.233997733116876,2.766002266883124,0.6542497166396095,0.8909443641781443,49.0,16.0,False,main,True
9865,0,2,5.233997733116876,3.766002266883124,0.5815553036796529,0.8275819167405203,86.0,22.0,False,main,False
9865,0,3,5.233997733116876,4.766002266883124,0.5233997733116876,0.7689461186900752,149.0,31.0,False,main,True
9865,0,4,5.233997733116876,5.766002266883124,0.4758179757378978,0.7162051197105701,257.0,42.0,False,main,True
3880,0,1,5.167776985553094,2.832223014446906,0.6459721231941368,0.8854874588683918,52.0,16.0,False,main,True
4828,1,1,6.5429236727153395,1.45707632728466,0.8178654590894174,0.9762230638667105,16.0,8.0,False,main,True
6631,1,1,6.17415687542477,1.82584312457523,0.7717696094280962,0.9571364884954898,21.0,9.0,False,main,True
2456,1,1,6.252585815705484,1.747414184294516,0.7815732269631855,0.9615719390744566,20.0,9.0,False,main,True
1355,1,1,6.5124351225479336,1.4875648774520664,0.8140543903184917,0.9748235364842466,17.0,8.0,False,main,True
11630,0,1,5.403337412154381,2.5966625878456187,0.6754171765192977,0.9044602576430081,43.0,15.0,False,main,True
5401,0,1,5.192156192002051,2.8078438079979486,0.6490195240002564,0.8875074429583061,51.0,16.0,False,main,True
3237,0,1,5.57833735597467,2.421662644025331,0.6972921694968337,0.9177407155447902,38.0,14.0,False,main,True
349,1,1,6.3554546858252525,1.644545314174747,0.7944318357281566,0.9670917028166366,18.0,9.0,False,main,True
11051,0,1,5.494287481034796,2.5057125189652045,0.6867859351293495,0.9114516746925713,40.0,15.0,False,main,True
11051,0,2,5.494287481034796,3.5057125189652045,0.610476386781644,0.8494250052676953,70.0,21.0,False,main,False
11051,0,3,5.494287481034796,4.505712518965204,0.5494287481034796,0.7908433917246145,117.0,28.0,False,main,True
11051,0,4,5.494287481034796,5.505712518965204,0.49948068009407237,0.7376146067902409,195.0,38.0,False,main,True
12024,0,1,5.440676858279392,2.5593231417206073,0.680084607284924,0.9073536567394141,42.0,15.0,False,main,True
5306,1,1,6.5192486245855905,1.4807513754144095,0.8149060780731988,0.9751392706498082,17.0,8.0,False,main,True
3173,0,1,5.438011752599161,2.561988247400839,0.6797514690748951,0.9071481998561192,42.0,15.0,False,main,True
8165,0,1,5.434856030986883,2.565143969013117,0.6793570038733604,0.9069047093994128,42.0,15.0,False,main,True
8165,0,2,5.434856030986883,3.565143969013117,0.6038728923318759,0.8445266201559193,73.0,21.0,False,main,False
8165,0,3,5.434856030986883,4.565143969013117,0.5434856030986883,0.7859087498749789,123.0,29.0,False,main,False
8165,0,4,5.434856030986883,5.565143969013117,0.49407782099880754,0.7327771423208365,207.0,39.0,False,main,True
8165,0,5,5.434856030986883,6.565143969013117,0.45290466924890693,0.6852056487986963,355.0,51.0,False,main,True
9391,1,1,6.237256823628012,1.7627431763719876,0.7796571029535015,0.9607201661605306,20.0,9.0,False,main,True
7656,1,1,6.483602605565705,1.5163973944342954,0.8104503256957131,0.9734687310557829,17.0,8.0,False,main,True
7656,2,2,7.483602605565705,1.5163973944342954,0.8315114006184117,0.9768628130802465,13.0,7.0,False,main,False
7656,3,3,8.483602605565704,1.5163973944342954,0.8483602605565703,0.9794864316398731,11.0,6.0,False,main,False
7656,4,4,9.483602605565704,1.5163973944342954,0.8621456914150639,0.9815753297062646,8.0,5.0,False,main,False
7656,5,5,10.483602605565704,1.5163973944342954,0.8736335504638086,0.983277933547637,6.0,4.0,False,main,False
7656,6,6,11.483602605565704,1.5163973944342954,0.8833540465819772,0.9846923681830122,4.0,3.0,False,main,False
7656,7,7,12.483602605565704,1.5163973944342954,0.8916859003975502,0.9858861085360372,2.0,2.0,False,main,False
7656,8,8,13.483602605565704,1.5163973944342954,0.898906840371047,0.9869070831588999,1.0,1.0,False,main,False
7656,9,9,14.483602605565704,1.5163973944342954,0.9052251628478565,0.9877902758011168,-1.0,-1.0,True,main,False
3309,0,1,5.476409634358774,2.5235903656412266,0.6845512042948467,0.9100925033051541,41.0,15.0,False,main,True
7339,0,1,5.156962580667423,2.8430374193325774,0.6446203225834278,0.8845873235123237,52.0,16.0,False,main,True
5865,1,1,6.371192751561702,1.6288072484382972,0.7963990939452128,0.9679053393549973,18.0,9.0,False,main,True
5865,2,2,7.371192751561702,1.6288072484382972,0.8190214168401891,0.9720334850256538,14.0,7.0,False,main,True
5865,3,3,8.371192751561702,1.6288072484382972,0.8371192751561702,0.9752198081005584,11.0,6.0,False,main,False
5865,4,4,9.371192751561702,1.6288072484382972,0.8519266137783366,0.9777538387285234,9.0,5.0,False,main,False
5865,5,5,10.371192751561702,1.6288072484382972,0.8642660626301418,0.9798173948779743,6.0,4.0,False,main,False
