arm,s,n,post_a,post_b,q_mean,q_opt,m_mean,m_opt,confirmed,sel_kind,would_differ
5410,1,1,6.672836280945313,1.3271637190546879,0.8341045351181641,0.9817911762918143,15.0,8.0,False,main,True
11472,1,1,6.631470571007151,1.3685294289928487,0.8289338213758939,0.9800893034299667,15.0,8.0,False,main,True
9153,0,1,5.641622733343721,2.3583772666562797,0.7052028416679651,0.9223643067812841,36.0,14.0,False,main,True
3362,1,1,6.668178182435935,1.3318218175640646,0.8335222728044919,0.9816029307480819,15.0,8.0,False,main,True
2111,1,1,6.613399229232559,1.3866007707674401,0.8266749036540699,0.9793246846748422,16.0,8.0,False,main,True
4045,1,1,6.764547776921099,1.2354522230789007,0.8455684721151374,0.9853172623736499,14.0,8.0,False,main,True
6283,1,1,6.74459117210221,1.25540882789779,0.8430738965127762,0.9845796040528682,14.0,8.0,False,main,True
6283,2,2,7.74459117210221,1.25540882789779,0.8605101302335788,0.9865268521002608,12.0,7.0,False,main,False
6283,3,3,8.74459117210221,1.25540882789779,0.874459117210221,0.9880373178169417,9.0,6.0,False,main,False
6283,4,4,9.74459117210221,1.25540882789779,0.8858719247365645,0.9892431743328699,7.0,5.0,False,main,False
6283,5,5,10.74459117210221,1.25540882789779,0.8953825976751841,0.9902281425868257,5.0,4.0,False,main,False
6283,6,6,11.74459117210221,1.25540882789779,0.9034300901617084,0.9910478329990506,4.0,3.0,False,main,False
6283,7,7,12.74459117210221,1.25540882789779,0.9103279408644436,0.9917406315503329,2.0,2.0,False,main,False
6283,8,8,13.74459117210221,1.25540882789779,0.9163060781401473,0.9923338900341687,1.0,1.0,False,main,False
6283,9,9,14.74459117210221,1.25540882789779,0.9215369482563881,0.9928476254146319,-1.0,-1.0,True,main,False
9289,1,1,6.838094028651834,1.1619059713481663,0.8547617535814792,0.9878890102206671,14.0,8.0,False,main,True
230,1,1,6.875020763112321,1.124979236887679,0.8593775953890401,0.989091101061986,13.0,8.0,False,main,False
3237,0,1,5.656066932031055,2.343933067968945,0.7070083665038819,0.923405895569776,36.0,14.0,False,main,True
8262,1,1,6.69971890672393,1.3002810932760702,0.8374648633404912,0.9828604967831768,15.0,8.0,False,main,True
8262,2,2,7.69971890672393,1.3002810932760702,0.8555243229693255,0.9850297603200494,12.0,7.0,False,main,False
8262,3,3,8.69971890672393,1.3002810932760702,0.869971890672393,0.9867114262410005,10.0,6.0,False,main,False
8262,4,4,9.69971890672393,1.3002810932760702,0.8817926278839937,0.9880533292760914,7.0,5.0,False,main,False
8262,5,5,10.69971890672393,1.3002810932760702,0.8916432422269942,0.9891490134479101,6.0,4.0,False,main,False
8262,6,6,11.69971890672393,1.3002810932760702,0.8999783774403023,0.9900605632215925,4.0,3.0,False,main,False
8262,7,7,12.69971890672393,1.3002810932760702,0.9071227790517093,0.9908308050825595,2.0,2.0,False,main,False
8262,8,8,13.69971890672393,1.3002810932760702,0.9133145937815954,0.9914902382565558,1.0,1.0,False,main,False
8262,9,9,14.69971890672393,1.3002810932760702,0.9187324316702457,0.9920611728914532,-1.0,-1.0,True,main,False
7628,1,1,6.667765645383309,1.3322343546166913,0.8334707056729136,0.9815862172159051,15.0,8.0,False,main,True
7628,2,2,7.667765645383309,1.3322343546166913,0.8519739605981455,0.9839205121544459,12.0,7.0,False,main,False
7628,3,3,8.667765645383309,1.3322343546166913,0.8667765645383309,0.9857293395481171,10.0,6.0,False,main,False
7628,4,4,9.667765645383309,1.3322343546166913,0.8788877859439371,0.9871722335879352,8.0,5.0,False,main,False
7628,5,5,10.667765645383309,1.3322343546166913,0.8889804704486091,0.9883500666854945,6.0,4.0,False,main,False
7628,6,6,11.667765645383309,1.3322343546166913,0.8975204342602545,0.9893297482318766,4.0,3.0,False,main,False
7628,7,7,12.667765645383309,1.3322343546166913,0.9048404032416649,0.9901574113647409,2.0,2.0,False,main,False
7628,8,8,13.667765645383309,1.3322343546166913,0.9111843763588873,0.990865897474951,1.0,1.0,False,main,False
7628,9,9,14.667765645383309,1.3322343546166913,0.9167353528364568,0.9914792222151939,-1.0,-1.0,True,main,False
2304,1,1,6.640445771918074,1.359554228081926,0.8300557214897593,0.9804643095833413,15.0,8.0,False,main,True
7927,1,1,6.788053814326886,1.2119461856731149,0.8485067267908607,0.9861645193929685,14.0,8.0,False,main,True
7927,2,2,7.788053814326886,1.2119461856731149,0.8653393127029873,0.9879077475910871,11.0,7.0,False,main,False
7927,3,3,8.788053814326886,1.2119461856731149,0.8788053814326885,0.9892607512639532,9.0,6.0,False,main,False
7927,4,4,9.788053814326886,1.2119461856731149,0.8898230740297168,0.9903413933545586,7.0,5.0,False,main,False
7927,5,5,10.788053814326886,1.2119461856731149,0.8990044845272404,0.9912244058070513,5.0,4.0,False,main,False
7927,6,6,11.788053814326886,1.2119461856731149,0.9067733703328373,0.991959467711401,4.0,3.0,False,main,False
7927,7,7,12.788053814326886,1.2119461856731149,0.9134324153090632,0.9925808929126033,2.0,2.0,False,main,False
7927,8,8,13.788053814326886,1.2119461856731149,0.9192035876217923,0.9931131446082401,1.0,1.0,False,main,False
7927,9,9,14.788053814326886,1.2119461856731149,0.9242533633954304,0.9935741337808726,-1.0,-1.0,True,main,False
1591,0,1,5.690629743135669,2.309370256864331,0.7113287178919586,0.9258773345779449,35.0,14.0,False,main,True
3956,1,1,6.754387602400017,1.245612397599983,0.8442984503000022,0.9849438017342312,14.0,8.0,False,main,True
6458,1,1,6.849151073324826,1.1508489266751734,0.8561438841656033,0.9882553009752545,14.0,8.0,False,main,True
5861,0,1,5.7778855265873945,2.2221144734126055,0.7222356908234243,0.9319831572128348,33.0,14.0,False,main,True
4872,1,1,6.755038434989978,1.2449615650100219,0.8443798043737473,0.9849678548655377,14.0,8.0,False,main,True
4878,0,1,5.614774605079495,2.3852253949205053,0.7018468256349368,0.9204146769005938,37.0,14.0,False,main,True
9559,1,1,6.737414740852907,1.2625852591470927,0.8421768426066134,0.9843102630287344,15.0,8.0,False,main,True
9559,2,2,7.737414740852907,1.2625852591470927,0.8597127489836563,0.9862922466644249,12.0,7.0,False,main,False
9559,3,3,8.737414740852907,1.2625852591470927,0.8737414740852907,0.9878295077991408,9.0,6.0,False,main,False
9559,4,4,9.737414740852907,1.2625852591470927,0.8852195218957188,0.9890566638884631,7.0,5.0,False,main,False
9559,5,5,10.737414740852907,1.2625852591470927,0.8947845617377422,0.9900589699699298,6.0,4.0,False,main,False
9559,6,6,11.737414740852907,1.2625852591470927,0.9028780569886852,0.9908930480493338,4.0,3.0,False,main,False
9559,7,7,12.737414740852907,1.2625852591470927,0.9098153386323505,0.9915979782322655,2.0,2.0,False,main,False
9559,8,8,13.737414740852907,1.2625852591470927,0.9158276493901938,0.9922016044745409,1.0,1.0,False,main,False
9559,9,9,14.737414740852907,1.2625852591470927,0.9210884213033067,0.9927243024256529,-1.0,-1.0,True,main,False
3168,1,1,6.732159441984666,1.2678405580153342,0.8415199302480832,0.9841116648277759,15.0,8.0,False,main,True
3168,2,2,7.732159441984666,1.2678405580153342,0.8591288268871851,0.986119272423936,12.0,7.0,False,main,False
3168,3,3,8.732159441984667,1.2678405580153342,0.8732159441984665,0.9876762977169595,9.0,6.0,False,main,False
3168,4,4,9.732159441984667,1.2678405580153342,0.8847417674531514,0.9889191627560228,7.0,5.0,False,main,False
3168,5,5,10.732159441984667,1.2678405580153342,0.8943466201653888,0.9899342549310955,6.0,4.0,False,main,False
3168,6,6,11.732159441984667,1.2678405580153342,0.9024738032295896,0.9907789427976582,4.0,3.0,False,main,False
3168,7,7,12.732159441984667,1.2678405580153342,0.9094399601417618,0.9914928186564842,2.0,2.0,False,main,False
3168,8,8,13.732159441984667,1.2678405580153342,0.915477296132311,0.9921040895902685,1.0,1.0,False,main,False
3168,9,9,14.732159441984667,1.2678405580153342,0.9207599651240417,0.9926333958690955,-1.0,-1.0,True,main,False
9542,0,1,5.779014171000168,2.220985828999832,0.722376771375021,0.9320608640386603,33.0,14.0,False,main,True
9542,0,2,5.779014171000168,3.220985828999832,0.6421126856666853,0.872141851871375,56.0,19.0,False,main,False
9542,0,3,5.779014171000168,4.220985828999832,0.5779014171000167,0.8139446751309077,92.0,26.0,False,main,True
9542,0,4,5.779014171000168,5.220985828999832,0.5253649246363788,0.76037272163127,150.0,34.0,False,main,True
4245,1,1,6.6271176619814955,1.3728823380185042,0.8283897077476869,0.9799062911484242,15.0,8.0,False,main,True
11460,1,1,6.735077675706392,1.2649223242936083,0.841884709463299,0.9842220868322982,15.0,8.0,False,main,True
2265,1,1,6.852643551888536,1.1473564481114638,0.856580443986067,0.9883698746179087,14.0,8.0,False,main,True
739,0,1,5.667370556104534,2.332629443895466,0.7084213195130667,0.9242174274806628,36.0,14.0,False,main,True
8274,0,1,5.651474735052389,2.348525264947611,0.7064343418815486,0.9230753030965911,36.0,14.0,False,main,True
8274,0,2,5.651474735052389,3.348525264947611,0.6279416372280432,0.8621215468253887,62.0,20.0,False,main,False
8274,0,3,5.651474735052389,4.348525264947611,0.5651474735052389,0.8037077443023023,102.0,27.0,False,main,True
8274,0,4,5.651474735052389,5.348525264947611,0.5137704304593081,0.7502639508459925,168.0,36.0,False,main,True
2929,1,1,6.799853453113659,1.2001465468863406,0.8499816816392074,0.9865809295146394,14.0,8.0,False,main,True
4290,0,1,5.597371783852544,2.4026282161474564,0.699671472981568,0.9191415665715316,37.0,14.0,False,main,True
7015,1,1,6.891978458232076,1.1080215417679238,0.8614973072790095,0.989622707252105,13.0,8.0,False,main,True
444,1,1,6.632183204637409,1.3678167953625917,0.8290229005796761,0.9801191945339968,15.0,8.0,False,main,True
9898,1,1,6.782383416174461,1.217616583825539,0.8477979270218077,0.9859622875855271,14.0,8.0,False,main,True
9898,2,2,7.782383416174461,1.217616583825539,0.864709268463829,0.9877315115794891,11.0,7.0,False,main,False
9898,3,3,8.782383416174461,1.217616583825539,0.8782383416174462,0.989104586380372,9.0,6.0,False,main,False
9898,4,4,9.782383416174461,1.217616583825539,0.8893075832885874,0.9902011938025189,7.0,5.0,False,main,False
9898,5,5,10.782383416174461,1.217616583825539,0.8985319513478718,0.991097209063604,5.0,4.0,False,main,False
9898,6,6,11.782383416174461,1.217616583825539,0.9063371858595739,0.9918430660204673,4.0,3.0,False,main,False
9898,7,7,12.782383416174461,1.217616583825539,0.9130273868696044,0.9924735969142476,2.0,2.0,False,main,False
9898,8,8,13.782383416174461,1.217616583825539,0.9188255610782974,0.9930136327949266,1.0,1.0,False,main,False
9898,9,9,14.782383416174461,1.217616583825539,0.9238989635109038,0.9934813529105698,-1.0,-1.0,True,main,False
11521,0,1,5.638340035931435,2.3616599640685654,0.7047925044914294,0.9221268728130252,36.0,14.0,False,main,True
10512,1,1,6.616510547807451,1.3834894521925492,0.8270638184759314,0.9794572336446636,16.0,8.0,False,main,True
10512,2,2,7.616510547807451,1.3834894521925492,0.8462789497563834,0.982068094832569,12.0,7.0,False,main,False
10512,3,3,8.61651054780745,1.3834894521925492,0.8616510547807451,0.9840898469085702,10.0,6.0,False,main,False
10512,4,4,9.61651054780745,1.3834894521925492,0.8742282316188592,0.9857017361724727,8.0,5.0,False,main,False
10512,5,5,10.61651054780745,1.3834894521925492,0.8847092123172876,0.9870169647524912,6.0,4.0,False,main,False
10512,6,6,11.61651054780745,1.3834894521925492,0.893577734446727,0.9881105506882898,4.0,3.0,False,main,False
10512,7,7,12.61651054780745,1.3834894521925492,0.9011793248433894,0.9890341791906955,2.0,2.0,False,main,False
10512,8,8,13.61651054780745,1.3834894521925492,0.9077673698538301,0.9898246213816809,1.0,1.0,False,main,False
10512,9,9,14.61651054780745,1.3834894521925492,0.9135319092379657,0.990508752673669,-1.0,-1.0,True,main,False
11839,1,1,6.644848589987223,1.3551514100127773,0.8306060737484029,0.9806471120169001,15.0,8.0,False,main,True
11839,2,2,7.644848589987223,1.3551514100127773,0.8494276211096915,0.9831032740744021,12.0,7.0,False,main,False
11839,3,3,8.644848589987223,1.3551514100127773,0.8644848589987223,0.9850059522560581,10.0,6.0,False,main,False
11839,4,4,9.644848589987223,1.3551514100127773,0.8768044172715658,0.9865233507308067,8.0,5.0,False,main,False
11839,5,5,10.644848589987223,1.3551514100127773,0.8870707158322686,0.9877617675709295,6.0,4.0,False,main,False
11839,6,6,11.644848589987223,1.3551514100127773,0.895757583845171,0.9887916817352221,4.0,3.0,False,main,False
11839,7,7,12.644848589987223,1.3551514100127773,0.903203470713373,0.9896616712377619,2.0,2.0,False,main,False
11839,8,8,13.644848589987223,1.3551514100127773,0.9096565726658149,0.9904063083816469,1.0,1.0,False,main,False
11839,9,9,14.644848589987223,1.3551514100127773,0.9153030368742014,0.9910508687138417,-1.0,-1.0,True,main,False
8733,1,1,6.688323964181013,1.3116760358189867,0.8360404955226266,0.9824108033900067,15.0,8.0,False,main,True
8733,2,2,7.688323964181013,1.3116760358189867,0.8542582182423347,0.9846382623443715,12.0,7.0,False,main,False
8733,3,3,8.688323964181013,1.3116760358189867,0.8688323964181013,0.9863647787939857,10.0,6.0,False,main,False
8733,4,4,9.688323964181013,1.3116760358189867,0.8807567240164557,0.9877423075695904,8.0,5.0,False,main,False
8733,5,5,10.688323964181013,1.3116760358189867,0.8906936636817511,0.9888669743877961,6.0,4.0,False,main,False
8733,6,6,11.688323964181013,1.3116760358189867,0.8991018433985395,0.9898025639435221,4.0,3.0,False,main,False
8733,7,7,12.688323964181013,1.3116760358189867,0.9063088545843581,0.9905930681961296,2.0,2.0,False,main,False
8733,8,8,13.688323964181013,1.3116760358189867,0.9125549309454009,0.9912698120505675,1.0,1.0,False,main,False
8733,9,9,14.688323964181013,1.3116760358189867,0.9180202477613133,0.9918557069856476,-1.0,-1.0,True,main,False
10732,1,1,6.599252342064554,1.4007476579354452,0.8249065427580693,0.9787172754464648,16.0,8.0,False,main,True
10732,2,2,7.599252342064554,1.4007476579354452,0.844361371340506,0.981424500093393,13.0,7.0,False,main,False
10732,3,3,8.599252342064554,1.4007476579354452,0.8599252342064554,0.9835203905887007,10.0,6.0,False,main,False
10732,4,4,9.599252342064554,1.4007476579354452,0.8726593038240504,0.9851910916265054,8.0,5.0,False,main,False
10732,5,5,10.599252342064554,1.4007476579354452,0.8832710285053795,0.9865541151513154,6.0,4.0,False,main,False
10732,6,6,11.599252342064554,1.4007476579354452,0.8922501801588119,0.9876873109630753,4.0,3.0,False,main,False
10732,7,7,12.599252342064554,1.4007476579354452,0.8999465958617539,0.9886443017824305,2.0,2.0,False,main,False
10732,8,8,13.599252342064554,1.4007476579354452,0.9066168228043037,0.9894632292643281,1.0,1.0,False,main,False
10732,9,9,14.599252342064554,1.4007476579354452,0.9124532713790346,0.9901719656880665,-1.0,-1.0,True,main,False
1558,1,1,6.875391373192335,1.1246086268076647,0.8594239216490419,0.9891028575934963,13.0,8.0,False,main,True
4555,1,1,6.6264926887215125,1.3735073112784875,0.8283115860901891,0.97987995417304,15.0,8.0,False,main,True
4555,2,2,7.6264926887215125,1.3735073112784875,0.8473880765246125,0.9824358198289794,12.0,7.0,False,main,True
4555,3,3,8.626492688721513,1.3735073112784875,0.8626492688721512,0.984415248863183,10.0,6.0,False,main,False
4555,4,4,9.626492688721513,1.3735073112784875,0.8751356989746829,0.9859935574934636,8.0,5.0,False,main,False
4555,5,5,10.626492688721513,1.3735073112784875,0.8855410573934593,0.9872814913484201,6.0,4.0,False,main,False
4555,6,6,11.626492688721513,1.3735073112784875,0.8943455914401164,0.9883524538345707,4.0,3.0,False,main,False
4555,7,7,12.626492688721513,1.3735073112784875,0.9018923349086795,0.9892570250941946,2.0,2.0,False,main,False
4555,8,8,13.626492688721513,1.3735073112784875,0.9084328459147675,0.9900311943698993,1.0,1.0,False,main,False
4555,9,9,14.626492688721513,1.3735073112784875,0.9141557930450945,0.990701268253779,-1.0,-1.0,True,main,False
2645,0,1,5.6423778867569645,2.3576221132430355,0.7052972358446206,0.9224188888258008,36.0,14.0,False,main,True
1610,1,1,6.652350837935289,1.3476491620647104,0.8315438547419112,0.9809568376349025,15.0,8.0,False,main,True
9606,0,1,5.807382299862228,2.1926177001377716,0.7259227874827785,0.934003180606005,32.0,14.0,False,main,True
9606,0,2,5.807382299862228,3.1926177001377716,0.645264699984692,0.8743356907721119,55.0,19.0,False,main,False
9606,0,3,5.807382299862228,4.192617700137772,0.5807382299862228,0.8161969518704085,90.0,26.0,False,main,True
9606,0,4,5.807382299862228,5.192617700137772,0.5279438454420208,0.7626023088485591,146.0,34.0,False,main,True
7512,1,1,6.757634996484058,1.2423650035159413,0.8447043745605073,0.9850636399652224,14.0,8.0,False,main,True
6424,1,1,6.776839460918593,1.2231605390814067,0.8471049326148241,0.9857632385344117,14.0,8.0,False,main,True
1327,0,1,5.6693248379893895,2.3306751620106105,0.7086656047486737,0.9243574128342835,35.0,14.0,False,main,True
5729,1,1,6.689597599908163,1.3104024000918364,0.8361996999885204,0.9824613279553057,15.0,8.0,False,main,True
7427,1,1,6.731634689659925,1.2683653103400747,0.8414543362074907,0.9840917714154915,15.0,8.0,False,main,True
7309,1,1,6.635733042974051,1.364266957025949,0.8294666303717564,0.9802677943956587,15.0,8.0,False,main,True
5907,0,1,5.644071866714954,2.3559281332850457,0.7055089833393693,0.9225412777961304,36.0,14.0,False,main,True
189,1,1,6.635431219232483,1.3645687807675162,0.8294289024040604,0.9802551789727757,15.0,8.0,False,main,True
3990,1,1,6.831757614858871,1.1682423851411285,0.8539697018573589,0.9876766748808029,14.0,8.0,False,main,True
4704,0,1,5.614468774427029,2.385531225572971,0.7018085968033786,0.9203923671654652,37.0,14.0,False,main,True
9753,1,1,6.842637404232986,1.1573625957670144,0.8553296755291232,0.9880401731431905,14.0,8.0,False,main,True
9753,2,2,7.842637404232986,1.1573625957670144,0.8714041560258873,0.989542829008523,11.0,7.0,False,main,False
9753,3,3,8.842637404232985,1.1573625957670144,0.8842637404232985,0.9907099785506854,9.0,6.0,False,main,False
9753,4,4,9.842637404232985,1.1573625957670144,0.894785218566635,0.991642717300523,7.0,5.0,False,main,False
9753,5,5,10.842637404232985,1.1573625957670144,0.9035531170194154,0.9924052271828616,5.0,4.0,False,main,False
9753,6,6,11.842637404232985,1.1573625957670144,0.9109721080179219,0.9930402168301021,4.0,3.0,False,main,False
9753,7,7,12.842637404232985,1.1573625957670144,0.9173312431594989,0.9935772094958605,2.0,2.0,False,main,False
9753,8,8,13.842637404232985,1.1573625957670144,0.9228424936155323,0.9940372671868514,1.0,1.0,False,main,False
9753,9,9,14.842637404232985,1.1573625957670144,0.9276648377645615,0.9944358193799335,-1.0,-1.0,True,main,False
5753,1,1,6.778644043778673,1.221355956221327,0.8473305054723341,0.985828173666122,14.0,8.0,False,main,True
11095,1,1,6.828443803112808,1.1715561968871915,0.853555475389101,0.9875649264270775,14.0,8.0,False,main,True
11095,2,2,7.828443803112808,1.1715561968871915,0.8698270892347565,0.989128444879238,11.0,7.0,False,main,False
11095,3,3,8.828443803112808,1.1715561968871915,0.8828443803112809,0.9903426330164965,9.0,6.0,False,main,False
11095,4,4,9.828443803112808,1.1715561968871915,0.8934948911920735,0.9913128170780297,7.0,5.0,False,main,False
11095,5,5,10.828443803112808,1.1715561968871915,0.9023703169260674,0.9921058427959254,5.0,4.0,False,main,False
11095,6,6,11.828443803112808,1.1715561968871915,0.9098802925471391,0.9927661797596765,4.0,3.0,False,main,False
11095,7,7,12.828443803112808,1.1715561968871915,0.9163174145080577,0.9933245620127772,2.0,2.0,False,main,False
11095,8,8,13.828443803112808,1.1715561968871915,0.9218962535408539,0.9938029115039378,1.0,1.0,False,main,False
11095,9,9,14.828443803112808,1.1715561968871915,0.9267777376945505,0.994217285315077,-1.0,-1.0,True,main,False
2698,0,1,5.600766398937167,2.399233601062833,0.7000957998671459,0.9193904769564661,37.0,14.0,False,main,True
5845,1,1,6.7915137952811095,1.2084862047188907,0.8489392244101387,0.9862872418232677,14.0,8.0,False,main,True
8386,0,1,5.657961117312443,2.3420388826875573,0.7072451396640553,0.9235421066570678,36.0,14.0,False,main,True
8386,0,2,5.657961117312443,3.3420388826875573,0.6286623463680492,0.8626373028167457,61.0,20.0,False,main,False
8386,0,3,5.657961117312443,4.342038882687557,0.5657961117312442,0.8042327368103117,102.0,27.0,False,main,True
8386,0,4,5.657961117312443,5.342038882687557,0.5143601015738585,0.7507814083657961,167.0,36.0,False,main,True
10570,0,1,5.608230021706538,2.3917699782934623,0.7010287527133172,0.9199367667284136,37.0,14.0,False,main,True
10570,0,2,5.608230021706538,3.3917699782934623,0.6231366690785042,0.8586663438086183,64.0,20.0,False,main,False
10570,0,3,5.608230021706538,4.391769978293462,0.5608230021706537,0.8001957190142859,106.0,27.0,False,main,True
10570,0,4,5.608230021706538,5.391769978293462,0.5098390928824125,0.746804900050951,175.0,37.0,False,main,True
7218,1,1,6.832417985554162,1.1675820144458378,0.8540522481942703,0.9876988864070282,14.0,8.0,False,main,True
11056,0,1,5.784121480491025,2.215878519508976,0.7230151850613781,0.9324120901150064,33.0,14.0,False,main,True
11056,0,2,5.784121480491025,3.215878519508976,0.6426801644990028,0.8725377704577192,56.0,19.0,False,main,False
11056,0,3,5.784121480491025,4.215878519508976,0.5784121480491025,0.8143508337179949,92.0,26.0,False,main,True
11056,0,4,5.784121480491025,5.215878519508976,0.5258292254991841,0.7607746368767107,149.0,34.0,False,main,True
3085,1,1,6.718601833619853,1.2813981663801473,0.8398252292024816,0.9835940389105527,15.0,8.0,False,main,True
4008,1,1,6.684276776589461,1.315723223410539,0.8355345970736826,0.982249817821443,15.0,8.0,False,main,True
193,1,1,6.801836628687909,1.1981633713120912,0.8502295785859886,0.9866503280209998,14.0,8.0,False,main,True
2294,0,1,5.71058029335023,2.2894197066497703,0.7138225366687787,0.9272903674317019,34.0,14.0,False,main,True
10116,1,1,6.857409973276835,1.1425900267231657,0.8571762466596043,0.988525368080335,14.0,8.0,False,main,True
10116,2,2,7.857409973276835,1.1425900267231657,0.873045552586315,0.9899659543761613,11.0,7.0,False,main,False
10116,3,3,8.857409973276834,1.1425900267231657,0.8857409973276834,0.9910851186467523,9.0,6.0,False,main,False
10116,4,4,9.857409973276834,1.1425900267231657,0.8961281793888031,0.9919796499366713,7.0,5.0,False,main,False
10116,5,5,10.857409973276834,1.1425900267231657,0.9047841644397362,0.99271101732028,5.0,4.0,False,main,False
10116,6,6,11.857409973276834,1.1425900267231657,0.9121084594828334,0.993320135358909,4.0,3.0,False,main,False
10116,7,7,12.857409973276834,1.1425900267231657,0.918386426662631,0.9938352933625605,2.0,2.0,False,main,False
10116,8,8,13.857409973276834,1.1425900267231657,0.923827331551789,0.9942766767254083,1.0,1.0,False,main,False
10116,9,9,14.857409973276834,1.1425900267231657,0.9285881233298021,0.9946590750141677,-1.0,-1.0,True,main,False
12070,0,1,5.617375575075498,2.3826244249245017,0.7021719468844373,0.9206043205482503,37.0,14.0,False,main,True
4611,1,1,6.611939798813479,1.3880602011865208,0.8264924748516849,0.9792623804505504,16.0,8.0,False,main,True
6430,0,1,5.637752451836635,2.362247548163366,0.7047190564795793,0.9220843456182807,36.0,14.0,False,main,True
11549,1,1,6.606040532766522,1.3939594672334783,0.8257550665958152,0.9790096964205094,16.0,8.0,False,main,True
11549,2,2,7.606040532766522,1.3939594672334783,0.8451156147518357,0.9816788251430036,13.0,7.0,False,main,True
11549,3,3,8.60604053276652,1.3939594672334783,0.8606040532766521,0.9837454091273081,10.0,6.0,False,main,False
11549,4,4,9.60604053276652,1.3939594672334783,0.8732764120696838,0.9853928640572601,8.0,5.0,False,main,False
11549,5,5,10.60604053276652,1.3939594672334783,0.8838367110638767,0.9867369972174045,6.0,4.0,False,main,False
11549,6,6,11.60604053276652,1.3939594672334783,0.8927723486743477,0.9878545385198733,4.0,3.0,False,main,False
11549,7,7,12.60604053276652,1.3939594672334783,0.90043146662618,0.9887983445366835,2.0,2.0,False,main,False
11549,8,8,13.60604053276652,1.3939594672334783,0.9070693688511013,0.9896060150236233,1.0,1.0,False,main,False
11549,9,9,14.60604053276652,1.3939594672334783,0.9128775332979076,0.9903050281362177,-1.0,-1.0,True,main,False
1490,1,1,6.689243973596968,1.3107560264030322,0.836155496699621,0.9824473063408178,15.0,8.0,False,main,True
2534,1,1,6.643419038371476,1.3565809616285236,0.8304273797964346,0.9805878416412952,15.0,8.0,False,main,True
6312,1,1,6.659409741292834,1.3405902587071656,0.8324262176616043,0.9812462233565555,15.0,8.0,False,main,True
8603,0,1,5.735487679825062,2.2645123201749384,0.7169359599781328,0.9290404290548757,34.0,14.0,False,main,True
11274,1,1,6.936595427753464,1.0634045722465353,0.867074428469183,0.9909589680009644,13.0,8.0,False,main,True
6331,1,1,6.652874497528488,1.3471255024715114,0.831609312191061,0.9809783734194073,15.0,8.0,False,main,True
2530,1,1,6.666607432809747,1.3333925671902533,0.8333259291012184,0.9815392570070707,15.0,8.0,False,main,True
11634,0,1,5.833065315575384,2.166934684424616,0.729133164446923,0.9357435737123025,32.0,13.0,False,main,True
5010,1,1,6.884934923688794,1.115065076311206,0.8606168654610993,0.9894034731715466,13.0,8.0,False,main,True
10920,1,1,6.6354665337385885,1.3645334662614115,0.8294333167173236,0.9802566552091245,15.0,8.0,False,main,True
10920,2,2,7.6354665337385885,1.3645334662614115,0.8483851704153987,0.9827635462700853,12.0,7.0,False,main,False
10920,3,3,8.635466533738589,1.3645334662614115,0.8635466533738588,0.9847052786614456,10.0,6.0,False,main,False
10920,4,4,9.635466533738589,1.3645334662614115,0.8759515030671444,0.9862536730506225,8.0,5.0,False,main,False
10920,5,5,10.635466533738589,1.3645334662614115,0.8862888778115491,0.9875172894569746,6.0,4.0,False,main,False
10920,6,6,11.635466533738589,1.3645334662614115,0.8950358872106606,0.988568094341093,4.0,3.0,False,main,False
10920,7,7,12.635466533738589,1.3645334662614115,0.9025333238384706,0.9894556841860094,2.0,2.0,False,main,False
10920,8,8,13.635466533738589,1.3645334662614115,0.9090311022492392,0.9902153521398782,1.0,1.0,False,main,False
10920,9,9,14.635466533738589,1.3645334662614115,0.9147166583586618,0.9908728983122277,-1.0,-1.0,True,main,False
2500,1,1,6.629267928886614,1.3707320711133855,0.8286584911108268,0.9799967888841109,15.0,8.0,False,main,True
3656,1,1,6.707062666045121,1.292937333954879,0.8383828332556401,0.9831475129551868,15.0,8.0,False,main,True
9421,1,1,6.6417430619433615,1.3582569380566385,0.8302178827429202,0.9805182516849125,15.0,8.0,False,main,True
1624,1,1,6.7931458718329605,1.2068541281670395,0.8491432339791201,0.9863449519308719,14.0,8.0,False,main,True
2608,1,1,6.76424281232675,1.23575718767325,0.8455303515408438,0.9853061160721686,14.0,8.0,False,main,True
11527,0,1,5.60387634788911,2.39612365211089,0.7004845434861388,0.91961826945722,37.0,14.0,False,main,True
5145,1,1,6.805355019244214,1.194644980755786,0.8506693774055267,0.9867730316112967,14.0,8.0,False,main,True
2718,1,1,6.775786420207602,1.2242135797923979,0.8469733025259503,0.9857252824619117,14.0,8.0,False,main,True
11523,1,1,6.863093256989067,1.1369067430109334,0.8578866571236333,0.9887094518946272,14.0,8.0,False,main,True
11523,2,2,7.863093256989067,1.1369067430109334,0.8736770285543407,0.990126506897532,11.0,7.0,False,main,False
11523,3,3,8.863093256989067,1.1369067430109334,0.8863093256989067,0.9912274756805518,9.0,6.0,False,main,False
11523,4,4,9.863093256989067,1.1369067430109334,0.8966448415444607,0.9921075168276788,7.0,5.0,False,main,False
11523,5,5,10.863093256989067,1.1369067430109334,0.9052577714157556,0.9928270719558219,5.0,4.0,False,main,False
11523,6,6,11.863093256989067,1.1369067430109334,0.9125456351530052,0.9934263759589508,4.0,3.0,False,main,False
11523,7,7,12.863093256989067,1.1369067430109334,0.9187923754992191,0.9939332505754497,2.0,2.0,False,main,False
11523,8,8,13.863093256989067,1.1369067430109334,0.9242062171326045,0.9943675489687477,1.0,1.0,False,main,False
11523,9,9,14.863093256989067,1.1369067430109334,0.9289433285618167,0.9947438181463618,-1.0,-1.0,True,main,False
4423,1,1,6.674926159123133,1.3250738408768672,0.8343657698903916,0.9818753509174412,15.0,8.0,False,main,True
1957,1,1,6.682659082202348,1.3173409177976516,0.8353323852752935,0.9821852855041097,15.0,8.0,False,main,True
1957,2,2,7.682659082202348,1.3173409177976516,0.853628786911372,0.9844419472639127,12.0,7.0,False,main,True
1957,3,3,8.682659082202349,1.3173409177976516,0.8682659082202349,0.9861909661467375,10.0,6.0,False,main,False
1957,4,4,9.682659082202349,1.3173409177976516,0.8802417347456681,0.9875863667467757,8.0,5.0,False,main,False
1957,5,5,10.682659082202349,1.3173409177976516,0.8902215901835291,0.9887255713355924,6.0,4.0,False,main,False
1957,6,6,11.682659082202349,1.3173409177976516,0.8986660832463346,0.9896732182870714,4.0,3.0,False,main,False
1957,7,7,12.682659082202349,1.3173409177976516,0.9059042201573106,0.990473884633125,2.0,2.0,False,main,False
1957,8,8,13.682659082202349,1.3173409177976516,0.9121772721468233,0.9911593097103252,1.0,1.0,False,main,False
1957,9,9,14.682659082202349,1.3173409177976516,0.9176661926376468,0.9917527067842398,-1.0,-1.0,True,main,False
9602,1,1,6.7895568031827365,1.2104431968172638,0.8486946003978421,0.9862178920870248,14.0,8.0,False,main,True
9602,2,2,7.7895568031827365,1.2104431968172638,0.8655063114647485,0.9879542613401737,11.0,7.0,False,main,False
9602,3,3,8.789556803182737,1.2104431968172638,0.8789556803182735,0.9893019689023916,9.0,6.0,False,main,False
9602,4,4,9.789556803182737,1.2104431968172638,0.8899597093802487,0.9903783980339338,7.0,5.0,False,main,False
9602,5,5,10.789556803182737,1.2104431968172638,0.8991297335985613,0.9912579791317764,5.0,4.0,False,main,False
9602,6,6,11.789556803182737,1.2104431968172638,0.9068889848602104,0.9919901921912371,4.0,3.0,False,main,False
9602,7,7,12.789556803182737,1.2104431968172638,0.9135397716559097,0.9926092143026491,2.0,2.0,False,main,False
9602,8,8,13.789556803182737,1.2104431968172638,0.9193037868788491,0.9931394116166914,1.0,1.0,False,main,False
9602,9,9,14.789556803182737,1.2104431968172638,0.9243473001989211,0.9935986243382724,-1.0,-1.0,True,main,False
3440,1,1,6.780877307932819,1.2191226920671814,0.8476096634916024,0.9859083421855906,14.0,8.0,False,main,True
10601,0,1,5.736876315574924,2.263123684425076,0.7171095394468655,0.9291375367478579,34.0,14.0,False,main,True
10601,0,2,5.736876315574924,3.263123684425076,0.6374307017305472,0.8688595359315294,58.0,19.0,False,main,False
10601,0,3,5.736876315574924,4.263123684425076,0.5736876315574924,0.81058253225557,96.0,26.0,False,main,True
10601,0,4,5.736876315574924,5.263123684425076,0.5215342105068113,0.7570482232068857,156.0,35.0,False,main,True
11853,1,1,6.609554952205742,1.3904450477942578,0.8261943690257177,0.9791603920178199,16.0,8.0,False,main,True
10691,1,1,6.8769507862682575,1.1230492137317425,0.8596188482835322,0.9891522579245381,13.0,8.0,False,main,True
10691,2,2,7.8769507862682575,1.1230492137317425,0.8752167540298064,0.9905127506182884,11.0,7.0,False,main,False
10691,3,3,8.876950786268257,1.1230492137317425,0.8876950786268256,0.991569974301877,9.0,6.0,False,main,False
10691,4,4,9.876950786268257,1.1230492137317425,0.8979046169334779,0.992415173389404,7.0,5.0,False,main,False
10691,5,5,10.876950786268257,1.1230492137317425,0.9064125655223547,0.9931063221151444,5.0,4.0,False,main,False
10691,6,6,11.876950786268257,1.1230492137317425,0.913611598943712,0.9936820227646774,4.0,3.0,False,main,False
10691,7,7,12.876950786268257,1.1230492137317425,0.9197821990191611,0.994168973700411,2.0,2.0,False,main,False
10691,8,8,13.876950786268257,1.1230492137317425,0.9251300524178838,0.9945862297376875,1.0,1.0,False,main,False
10691,9,9,14.876950786268257,1.1230492137317425,0.929809424141766,0.9949477549309041,-1.0,-1.0,True,main,False
1419,0,1,5.629080371168326,2.3709196288316736,0.7036350463960408,0.9214557093233162,36.0,14.0,False,main,True
4760,1,1,6.626208511771022,1.3737914882289783,0.8282760639713778,0.9798679736380672,15.0,8.0,False,main,True
4254,0,1,5.719140456305348,2.280859543694652,0.7148925570381685,0.9278935935288516,34.0,14.0,False,main,True
3901,1,1,6.600210221506067,1.399789778493933,0.8250262776882584,0.9787586463761236,16.0,8.0,False,main,True
8875,1,1,6.622446612653847,1.3775533873461527,0.8278058265817309,0.9797090798851213,16.0,8.0,False,main,True
8875,2,2,7.622446612653847,1.3775533873461527,0.8469385125170941,0.9822871713036857,12.0,7.0,False,main,True
8875,3,3,8.622446612653846,1.3775533873461527,0.8622446612653848,0.9842837056887601,10.0,6.0,False,main,False
8875,4,4,9.622446612653846,1.3775533873461527,0.8747678738776224,0.9858755869444957,8.0,5.0,False,main,False
8875,5,5,10.622446612653846,1.3775533873461527,0.8852038843878206,0.9871745531853958,6.0,4.0,False,main,False
8875,6,6,11.622446612653846,1.3775533873461527,0.8940343548195268,0.9882546602214756,4.0,3.0,False,main,False
8875,7,7,12.622446612653846,1.3775533873461527,0.9016033294752748,0.9891669347341628,2.0,2.0,False,main,False
8875,8,8,13.622446612653846,1.3775533873461527,0.9081631075102565,0.9899476819266962,1.0,1.0,False,main,False
8875,9,9,14.622446612653846,1.3775533873461527,0.9139029132908655,0.9906234382639045,-1.0,-1.0,True,main,False
8776,0,1,5.6764480787006875,2.323551921299312,0.7095560098375859,0.9248668498919388,35.0,14.0,False,main,True
8400,1,1,6.631542043573168,1.368457956426832,0.828942755446646,0.9800923022126804,15.0,8.0,False,main,True
8400,2,2,7.631542043573168,1.368457956426832,0.8479491159525742,0.9826205567318658,12.0,7.0,False,main,False
8400,3,3,8.631542043573168,1.368457956426832,0.8631542043573168,0.9845787338004705,10.0,6.0,False,main,False
8400,4,4,9.631542043573168,1.368457956426832,0.8755947312339244,0.9861401784015518,8.0,5.0,False,main,False
8400,5,5,10.631542043573168,1.368457956426832,0.8859618369644306,0.9874144037230274,6.0,4.0,False,main,False
8400,6,6,11.631542043573168,1.368457956426832,0.8947340033517821,0.9884740029362764,4.0,3.0,False,main,False
8400,7,7,12.631542043573168,1.368457956426832,0.9022530031123691,0.9893690015617291,2.0,2.0,False,main,False
8400,8,8,13.631542043573168,1.368457956426832,0.9087694695715445,0.9901349963729543,1.0,1.0,False,main,False
8400,9,9,14.631542043573168,1.368457956426832,0.914471377723323,0.9907980084074614,-1.0,-1.0,True,main,False
8099,1,1,6.687027004343312,1.3129729956566885,0.835878375542914,0.982359286118801,15.0,8.0,False,main,True
8099,2,2,7.687027004343312,1.3129729956566885,0.8541141115937013,0.9845934150886823,12.0,7.0,False,main,False
8099,3,3,8.687027004343312,1.3129729956566885,0.8687027004343312,0.9863250713914359,10.0,6.0,False,main,False
8099,4,4,9.687027004343312,1.3129729956566885,0.8806388185766647,0.9877066824652402,8.0,5.0,False,main,False
8099,5,5,10.687027004343312,1.3129729956566885,0.890585583695276,0.9888346701027766,6.0,4.0,False,main,False
8099,6,6,11.687027004343312,1.3129729956566885,0.8990020772571778,0.9897730139530881,4.0,3.0,False,main,False
8099,7,7,12.687027004343312,1.3129729956566885,0.9062162145959508,0.9905658395944861,2.0,2.0,False,main,False
8099,8,8,13.687027004343312,1.3129729956566885,0.9124684669562207,0.9912445665835401,1.0,1.0,False,main,False
8099,9,9,14.687027004343312,1.3129729956566885,0.917939187771457,0.9918321753260715,-1.0,-1.0,True,main,False
3036,0,1,5.617132146676762,2.3828678533232384,0.7021415183345953,0.9205865785147819,37.0,14.0,False,main,True
11371,1,1,6.713473881236129,1.2865261187638706,0.8391842351545161,0.9833962794633729,15.0,8.0,False,main,True
11371,2,2,7.713473881236129,1.2865261187638706,0.857052653470681,0.9854962705808075,12.0,7.0,False,main,True
11371,3,3,8.71347388123613,1.2865261187638706,0.871347388123613,0.9871245356635657,9.0,6.0,False,main,False
11371,4,4,9.71347388123613,1.2865261187638706,0.8830430801123754,0.9884240130599983,7.0,5.0,False,main,False
11371,5,5,10.71347388123613,1.2865261187638706,0.8927894901030108,0.9894851773538441,6.0,4.0,False,main,False
11371,6,6,11.71347388123613,1.2865261187638706,0.9010364524027792,0.9903680908847476,4.0,3.0,False,main,False
11371,7,7,12.71347388123613,1.2865261187638706,0.9081052772311521,0.991114193635294,2.0,2.0,False,main,False
11371,8,8,13.71347388123613,1.2865261187638706,0.9142315920824087,0.991753002345282,1.0,1.0,False,main,False
11371,9,9,14.71347388123613,1.2865261187638706,0.9195921175772581,0.9923061114979,-1.0,-1.0,True,main,False
7877,1,1,6.919150331313812,1.0808496686861881,0.8648937914142265,0.9904473445789823,13.0,8.0,False,main,True
7877,2,2,7.919150331313812,1.0808496686861881,0.8799055923682013,0.9916427526139285,11.0,7.0,False,main,False
7877,3,3,8.919150331313812,1.0808496686861881,0.8919150331313812,0.9925722295782011,9.0,6.0,False,main,False
7877,4,4,9.919150331313812,1.0808496686861881,0.9017409392103466,0.9933156372699753,7.0,5.0,False,main,False
7877,5,5,10.919150331313812,1.0808496686861881,0.909929194276151,0.9939237678937938,5.0,4.0,False,main,False
7877,6,6,11.919150331313812,1.0808496686861881,0.9168577177933701,0.9944304680308307,4.0,3.0,False,main,False
7877,7,7,12.919150331313812,1.0808496686861881,0.9227964522367008,0.9948591617413137,2.0,2.0,False,main,False
7877,8,8,13.919150331313812,1.0808496686861881,0.9279433554209208,0.9952265757415454,1.0,1.0,False,main,False
7877,9,9,14.919150331313812,1.0808496686861881,0.9324468957071133,0.9955449734006072,-1.0,-1.0,True,main,False
1875,1,1,6.7015903398373995,1.2984096601626007,0.8376987924796749,0.9829338469234089,15.0,8.0,False,main,True
10690,1,1,6.817361747486687,1.1826382525133137,0.8521702184358358,0.9871877303386091,14.0,8.0,False,main,True
10690,2,2,7.817361747486687,1.1826382525133137,0.8685957497207429,0.9887995999250572,11.0,7.0,False,main,False
10690,3,3,8.817361747486686,1.1826382525133137,0.8817361747486686,0.9900511475864209,9.0,6.0,False,main,False
10690,4,4,9.817361747486686,1.1826382525133137,0.8924874315896987,0.9910510660904436,7.0,5.0,False,main,False
10690,5,5,10.817361747486686,1.1826382525133137,0.9014468122905571,0.9918683199501946,5.0,4.0,False,main,False
10690,6,6,11.817361747486686,1.1826382525133137,0.909027826729745,0.9925487789409543,4.0,3.0,False,main,False
10690,7,7,12.817361747486686,1.1826382525133137,0.9155258391061919,0.993124139576626,2.0,2.0,False,main,False
10690,8,8,13.817361747486686,1.1826382525133137,0.9211574498324457,0.9936170072298041,1.0,1.0,False,main,False
10690,9,9,14.817361747486686,1.1826382525133137,0.9260851092179179,0.9940439376664677,-1.0,-1.0,True,main,False
11448,0,1,5.589620071167662,2.4103799288323384,0.6987025088959578,0.9185721280741805,37.0,14.0,False,main,True
6095,0,1,5.609762415510309,2.3902375844896917,0.7012203019387886,0.9200487611403252,37.0,14.0,False,main,True
5850,1,1,6.650605983416503,1.3493940165834963,0.8313257479270629,0.9808850011272514,15.0,8.0,False,main,True
5850,2,2,7.650605983416503,1.3493940165834963,0.8500673314907226,0.9833102731928076,12.0,7.0,False,main,True
5850,3,3,8.650605983416504,1.3493940165834963,0.8650605983416504,0.985189166816806,10.0,6.0,False,main,False
5850,4,4,9.650605983416504,1.3493940165834963,0.8773278166742277,0.9866876861492839,8.0,5.0,False,main,False
5850,5,5,10.650605983416504,1.3493940165834963,0.887550498618042,0.9879107528972022,6.0,4.0,False,main,False
5850,6,6,11.650605983416504,1.3493940165834963,0.896200460262808,0.9889279407096394,4.0,3.0,False,main,False
5850,7,7,12.650605983416504,1.3493940165834963,0.9036147131011789,0.9897872076480778,2.0,2.0,False,main,False
5850,8,8,13.650605983416504,1.3493940165834963,0.9100403988944337,0.9905226871708585,1.0,1.0,False,main,False
5850,9,9,14.650605983416504,1.3493940165834963,0.9156628739635315,0.9911593354395724,-1.0,-1.0,True,main,False
11355,1,1,6.840558110640178,1.159441889359822,0.8550697638300222,0.9879711056970539,14.0,8.0,False,main,True
10211,1,1,6.923901458649568,1.0760985413504323,0.865487682331196,0.9905880714908275,13.0,8.0,False,main,True
10211,2,2,7.923901458649568,1.0760985413504323,0.8804334954055075,0.9917655729826793,11.0,7.0,False,main,False
10211,3,3,8.923901458649567,1.0760985413504323,0.8923901458649567,0.9926811868609031,9.0,6.0,False,main,False
10211,4,4,9.923901458649567,1.0760985413504323,0.9021728598772334,0.9934135440876389,7.0,5.0,False,main,False
10211,5,5,10.923901458649567,1.0760985413504323,0.9103251215541306,0.9940126596307557,5.0,4.0,False,main,False
10211,6,6,11.923901458649567,1.0760985413504323,0.9172231891268898,0.9945118650852194,4.0,3.0,False,main,False
10211,7,7,12.923901458649567,1.0760985413504323,0.9231358184749691,0.994934229761635,2.0,2.0,False,main,False
10211,8,8,13.923901458649567,1.0760985413504323,0.9282600972433045,0.9952962280348948,1.0,1.0,False,main,False
10211,9,9,14.923901458649567,1.0760985413504323,0.9327438411655979,0.9956099388720747,-1.0,-1.0,True,main,False
1979,1,1,6.707200826695638,1.2927991733043616,0.8384001033369548,0.9831528915786883,15.0,8.0,False,main,True
8841,1,1,6.602150821193877,1.3978491788061223,0.8252688526492347,0.9788423529239981,16.0,8.0,False,main,True
10531,1,1,6.881782449880986,1.1182175501190135,0.8602228062351233,0.9893046255326154,13.0,8.0,False,main,True
10531,2,2,7.881782449880986,1.1182175501190135,0.8757536055423318,0.9906456690186103,11.0,7.0,False,main,False
10531,3,3,8.881782449880987,1.1182175501190135,0.8881782449880987,0.9916878479434915,9.0,6.0,False,main,False
10531,4,4,9.881782449880987,1.1182175501190135,0.8983438590800897,0.9925210624595369,7.0,5.0,False,main,False
10531,5,5,10.881782449880987,1.1182175501190135,0.9068152041567489,0.9932024391476199,5.0,4.0,False,main,False
10531,6,6,11.881782449880987,1.1182175501190135,0.9139832653754605,0.993770019281084,4.0,3.0,False,main,False
10531,7,7,12.881782449880987,1.1182175501190135,0.9201273178486419,0.9942501151192807,2.0,2.0,False,main,False
10531,8,8,13.881782449880987,1.1182175501190135,0.9254521633253991,0.9946615070403864,1.0,1.0,False,main,False
10531,9,9,14.881782449880987,1.1182175501190135,0.9301114031175617,0.9950179586768813,-1.0,-1.0,True,main,False
9193,1,1,6.684464986756443,1.315535013243557,0.8355581233445554,0.98225731895606,15.0,8.0,False,main,True
9193,2,2,7.684464986756443,1.315535013243557,0.8538294429729381,0.9845046516291046,12.0,7.0,False,main,False
9193,3,3,8.684464986756442,1.315535013243557,0.8684464986756442,0.9862464821931103,10.0,6.0,False,main,False
9193,4,4,9.684464986756442,1.315535013243557,0.8804059078869493,0.9876361738743379,8.0,5.0,False,main,False
9193,5,5,10.684464986756442,1.315535013243557,0.8903720822297035,0.988770734673213,6.0,4.0,False,main,False
9193,6,6,11.684464986756442,1.315535013243557,0.8988049989812648,0.9897145302129073,4.0,3.0,False,main,False
9193,7,7,12.684464986756442,1.315535013243557,0.9060332133397458,0.9905119506022276,2.0,2.0,False,main,False
9193,8,8,13.684464986756442,1.315535013243557,0.9122976657837628,0.9911946027767304,1.0,1.0,False,main,False
9193,9,9,14.684464986756442,1.315535013243557,0.9177790616722776,0.9917856035910717,-1.0,-1.0,True,main,False
11984,1,1,6.691603500788082,1.3083964992119181,0.8364504375985102,0.9825407679513087,15.0,8.0,False,main,True
9709,0,1,5.658035745310848,2.3419642546891524,0.707254468163856,0.9235474713533569,36.0,14.0,False,main,True
9709,0,2,5.658035745310848,3.3419642546891524,0.628670638367872,0.8626432329584759,61.0,20.0,False,main,False
9709,0,3,5.658035745310848,4.341964254689152,0.5658035745310848,0.8042387743121395,102.0,27.0,False,main,False
9709,0,4,5.658035745310848,5.341964254689152,0.5143668859373498,0.7507873598016332,167.0,36.0,False,main,False
9709,0,5,5.658035745310848,6.341964254689152,0.47150297877590397,0.7026641845657416,277.0,47.0,False,main,False
9709,0,6,5.658035745310848,7.341964254689152,0.43523351887006523,0.6595552261431544,470.0,62.0,False,main,True
9709,0,7,5.658035745310848,8.341964254689152,0.40414541037934626,0.6209427277106458,838.0,80.0,False,main,True
9709,0,8,5.658035745310848,9.341964254689152,0.3772023830207232,0.5862839382434823,1620.0,103.0,False,main,True
9770,1,1,6.830563786825007,1.1694362131749934,0.8538204733531258,0.9876364720227988,14.0,8.0,False,main,True
9770,2,2,7.830563786825007,1.1694362131749934,0.8700626429805562,0.9891908238660336,11.0,7.0,False,main,False
9770,3,3,8.830563786825007,1.1694362131749934,0.8830563786825006,0.990397928296088,9.0,6.0,False,main,False
9770,4,4,9.830563786825007,1.1694362131749934,0.8936876169840915,0.9913624738601304,7.0,5.0,False,main,False
9770,5,5,10.830563786825007,1.1694362131749934,0.9025469822354172,0.9921509048580764,5.0,4.0,False,main,False
9770,6,6,11.830563786825007,1.1694362131749934,0.9100433682173082,0.9928074255481335,4.0,3.0,False,main,False
9770,7,7,12.830563786825007,1.1694362131749934,0.9164688419160719,0.993362587562327,2.0,2.0,False,main,False
9770,8,8,13.830563786825007,1.1694362131749934,0.9220375857883337,0.9938381833087303,1.0,1.0,False,main,False
9770,9,9,14.830563786825007,1.1694362131749934,0.9269102366765629,0.9942501753360806,-1.0,-1.0,True,main,False
6851,1,1,6.588891625352963,1.4111083746470379,0.8236114531691203,0.9782675449665706,16.0,8.0,False,main,True
6851,2,2,7.588891625352963,1.4111083746470379,0.8432101805947736,0.9810333960112837,13.0,7.0,False,main,True
6851,3,3,8.588891625352963,1.4111083746470379,0.8588891625352962,0.9831743789935888,10.0,6.0,False,main,False
6851,4,4,9.588891625352963,1.4111083746470379,0.8717174204866329,0.9848808429559552,8.0,5.0,False,main,False
6851,5,5,10.588891625352963,1.4111083746470379,0.8824076354460803,0.9862729252853454,6.0,4.0,False,main,False
6851,6,6,11.588891625352963,1.4111083746470379,0.8914532019502279,0.9874302001850312,4.0,3.0,False,main,False
6851,7,7,12.588891625352963,1.4111083746470379,0.8992065446680687,0.9884074698726533,2.0,2.0,False,main,False
6851,8,8,13.588891625352963,1.4111083746470379,0.9059261083568642,0.9892437101379835,1.0,1.0,False,main,False
6851,9,9,14.588891625352963,1.4111083746470379,0.9118057265845602,0.9899673998503433,-1.0,-1.0,True,main,False
10031,0,1,5.6773356048502785,2.3226643951497215,0.7096669506062848,0.9249302354327369,35.0,14.0,False,main,True
10031,0,2,5.6773356048502785,3.3226643951497215,0.6308150672055866,0.8641739426141392,61.0,20.0,False,main,False
10031,0,3,5.6773356048502785,4.3226643951497215,0.5677335604850279,0.8057980850038047,100.0,27.0,False,main,True
10031,0,4,5.6773356048502785,5.3226643951497215,0.5161214186227526,0.7523248923274041,164.0,36.0,False,main,True
37,0,1,5.6321699670636685,2.3678300329363315,0.7040212458829586,0.9216798840478485,36.0,14.0,False,main,True
12132,1,1,6.7168733681387245,1.2831266318612757,0.8396091710173406,0.9835275014479308,15.0,8.0,False,main,True
2816,1,1,6.661827195881002,1.3381728041189986,0.8327283994851252,0.9813448735399892,15.0,8.0,False,main,True
2918,0,1,5.613494571489715,2.3865054285102847,0.7016868214362144,0.9203212858532788,37.0,14.0,False,main,True
1278,0,1,5.737038272927062,2.2629617270729376,0.7171297841158828,0.9291488592861912,34.0,14.0,False,main,True
3747,1,1,6.694909802922615,1.305090197077385,0.8368637253653268,0.9826713518458633,15.0,8.0,False,main,True
1007,1,1,6.840892620098582,1.1591073799014187,0.8551115775123227,0.9879822298878335,14.0,8.0,False,main,True
1007,2,2,7.840892620098582,1.1591073799014187,0.8712102911220646,0.9894923028178848,11.0,7.0,False,main,False
1007,3,3,8.840892620098582,1.1591073799014187,0.884089262009858,0.990665185467157,9.0,6.0,False,main,False
1007,4,4,9.840892620098582,1.1591073799014187,0.8946266018271437,0.9916024885260619,7.0,5.0,False,main,False
1007,5,5,10.840892620098582,1.1591073799014187,0.9034077183415484,0.9923687183512625,5.0,4.0,False,main,False
1007,6,6,11.840892620098582,1.1591073799014187,0.910837893853737,0.9930067980823538,4.0,3.0,False,main,False
1007,7,7,12.840892620098582,1.1591073799014187,0.9172066157213272,0.9935463984825924,2.0,2.0,False,main,False
1007,8,8,13.840892620098582,1.1591073799014187,0.9227261746732387,0.9940086863364482,1.0,1.0,False,main,False
1007,9,9,14.840892620098582,1.1591073799014187,0.9275557887561614,0.9944091675970905,-1.0,-1.0,True,main,False
7575,1,1,6.811135299135457,1.1888647008645434,0.8513919123919321,0.986973456279176,14.0,8.0,False,main,True
3784,1,1,6.780853150922611,1.2191468490773891,0.8476066438653264,0.9859074761475607,14.0,8.0,False,main,True
9988,0,1,5.7496140464232415,2.250385953576759,0.7187017558029052,0.9300260040096944,34.0,14.0,False,main,True
9988,0,2,5.7496140464232415,3.250385953576759,0.6388460051581379,0.8698547012460335,57.0,19.0,False,main,False
9988,0,3,5.7496140464232415,4.2503859535767585,0.5749614046423241,0.8116009565274425,95.0,26.0,False,main,True
9988,0,4,5.7496140464232415,5.2503859535767585,0.5226921860384764,0.7580547741950947,154.0,35.0,False,main,True
2384,1,1,6.828643761049983,1.1713562389500174,0.8535804701312478,0.9875716830498986,14.0,8.0,False,main,True
4828,1,1,6.668397746391839,1.3316022536081613,0.8335497182989798,0.9816118233900515,15.0,8.0,False,main,True
11538,1,1,6.706095548296119,1.2939044517038814,0.8382619435370149,0.9831098409999145,15.0,8.0,False,main,True
11538,2,2,7.706095548296119,1.2939044517038814,0.8562328386995688,0.9852468576196085,12.0,7.0,False,main,False
11538,3,3,8.706095548296119,1.2939044517038814,0.8706095548296119,0.9869036668062892,10.0,6.0,False,main,False
11538,4,4,9.706095548296119,1.2939044517038814,0.8823723225723744,0.9882258229005817,7.0,5.0,False,main,False
11538,5,5,10.706095548296119,1.2939044517038814,0.8921746290246766,0.9893054405764421,6.0,4.0,False,main,False
11538,6,6,11.706095548296119,1.2939044517038814,0.9004688883304707,0.9902036627465048,4.0,3.0,False,main,False
11538,7,7,12.706095548296119,1.2939044517038814,0.9075782534497228,0.9909626703567392,2.0,2.0,False,main,False
11538,8,8,13.706095548296119,1.2939044517038814,0.9137397032197413,0.9916125052287749,1.0,1.0,False,main,False
11538,9,9,14.706095548296119,1.2939044517038814,0.9191309717685074,0.9921751443453015,-1.0,-1.0,True,main,False
4356,1,1,6.77239241632188,1.22760758367812,0.846549052040235,0.9856026273414491,14.0,8.0,False,main,True
195,0,1,5.591134821001753,2.4088651789982474,0.6988918526252191,0.9186835151357539,37.0,14.0,False,main,True
254,1,1,6.608538472399129,1.3914615276008715,0.8260673090498911,0.9791168551961489,16.0,8.0,False,main,True
5471,1,1,6.781217579555579,1.2187824204444206,0.8476521974444474,0.9859205384088866,14.0,8.0,False,main,True
5402,0,1,5.653625578170969,2.346374421829031,0.7067031972713711,0.9232302070649396,36.0,14.0,False,main,True
276,1,1,6.642175368692666,1.357824631307334,0.8302719210865832,0.9805362125357582,15.0,8.0,False,main,True
6137,0,1,5.759419361055952,2.2405806389440484,0.719927420131994,0.9307071164832733,33.0,14.0,False,main,True
8028,0,1,5.874627454810469,2.125372545189531,0.7343284318513086,0.9385231524577772,31.0,13.0,False,main,True
8028,0,2,5.874627454810469,3.125372545189531,0.6527363838678298,0.8794845164654391,53.0,19.0,False,main,False
8028,0,3,5.874627454810469,4.125372545189531,0.5874627454810468,0.8214997219737913,86.0,25.0,False,main,False
8028,0,4,5.874627454810469,5.125372545189531,0.5340570413464062,0.7678599499534282,138.0,33.0,False,main,True
11481,1,1,6.716736622768501,1.2832633772314992,0.8395920778460626,0.9835222321736069,15.0,8.0,False,main,True
11481,2,2,7.716736622768501,1.2832633772314992,0.8574151803076112,0.985605948806347,12.0,7.0,False,main,True
11481,3,3,8.7167366227685,1.2832633772314992,0.8716736622768501,0.9872216660529891,9.0,6.0,False,main,False
11481,4,4,9.7167366227685,1.2832633772314992,0.8833396929789546,0.988511173197755,7.0,5.0,False,main,False
11481,5,5,10.7167366227685,1.2832633772314992,0.8930613852307084,0.989564224290175,6.0,4.0,False,main,False
11481,6,6,11.7167366227685,1.2832633772314992,0.9012874325206539,0.9904404068784186,4.0,3.0,False,main,False
11481,7,7,12.7167366227685,1.2832633772314992,0.90833833019775,0.9911808353368107,2.0,2.0,False,main,False
11481,8,8,13.7167366227685,1.2832633772314992,0.9144491081845667,0.9918147956418839,1.0,1.0,False,main,False
11481,9,9,14.7167366227685,1.2832633772314992,0.9197960389230313,0.9923637141624303,-1.0,-1.0,True,main,False
8992,1,1,6.7348066216074995,1.2651933783925005,0.8418508277009374,0.9842118454134148,15.0,8.0,False,main,True
8854,1,1,6.731038201646833,1.2689617983531667,0.8413797752058542,0.9840691446265116,15.0,8.0,False,main,True
484,0,1,5.7729704320845805,2.22702956791542,0.7216213040105726,0.9316443719841236,33.0,14.0,False,main,True
1165,1,1,6.797960547290579,1.2020394527094216,0.8497450684113224,0.9865145317780418,14.0,8.0,False,main,True
4326,1,1,6.738084746973331,1.2619152530266688,0.8422605933716664,0.9843355000883414,15.0,8.0,False,main,True
2327,0,1,5.663782962208389,2.336217037791611,0.7079728702760486,0.9239602018815661,36.0,14.0,False,main,True
678,0,1,5.81821463623451,2.18178536376549,0.7272768295293137,0.9347393325015769,32.0,14.0,False,main,True
11618,1,1,6.8753396467769425,1.124660353223058,0.8594174558471178,0.9891012170927785,13.0,8.0,False,main,True
141,1,1,6.749876677104005,1.2501233228959947,0.8437345846380007,0.9847766005235224,14.0,8.0,False,main,True
4308,1,1,6.632180720852402,1.3678192791475983,0.8290225901065502,0.980119090387273,15.0,8.0,False,main,True
1677,0,1,5.715614394420571,2.284385605579429,0.7144517993025714,0.9276453388929682,34.0,14.0,False,main,True
9419,1,1,6.705350845357776,1.294649154642224,0.838168855669722,0.9830808066712149,15.0,8.0,False,main,True
3522,0,1,5.70486840144975,2.2951315985502494,0.7131085501812188,0.9268868314460853,35.0,14.0,False,main,True
9528,0,1,5.879930803067816,2.1200691969321843,0.734991350383477,0.9388745190796843,31.0,13.0,False,main,True
9528,0,2,5.879930803067816,3.1200691969321843,0.6533256447853129,0.8798874761937815,52.0,19.0,False,main,False
9528,0,3,5.879930803067816,4.120069196932184,0.5879930803067815,0.8219157600895248,86.0,25.0,False,main,False
9528,0,4,5.879930803067816,5.120069196932184,0.534539163915256,0.7682729525309233,138.0,33.0,False,main,True
11059,1,1,6.812674480202272,1.187325519797728,0.851584310025284,0.9870265815718582,14.0,8.0,False,main,True
11059,2,2,7.812674480202272,1.187325519797728,0.868074942244697,0.9886591202158336,11.0,7.0,False,main,False
11059,3,3,8.812674480202272,1.187325519797728,0.8812674480202272,0.9899266357556404,9.0,6.0,False,main,False
11059,4,4,9.812674480202272,1.187325519797728,0.8920613163820247,0.9909392615492826,7.0,5.0,False,main,False
11059,5,5,10.812674480202272,1.187325519797728,0.9010562066835227,0.9917668685272534,5.0,4.0,False,main,False
11059,6,6,11.812674480202272,1.187325519797728,0.9086672677078671,0.9924559253403687,4.0,3.0,False,main,False
11059,7,7,12.812674480202272,1.187325519797728,0.9151910343001622,0.9930385400922908,2.0,2.0,False,main,False
11059,8,8,13.812674480202272,1.187325519797728,0.9208449653468181,0.9935376103732967,1.0,1.0,False,main,False
11059,9,9,14.812674480202272,1.187325519797728,0.925792155012642,0.9939699051511197,-1.0,-1.0,True,main,False
9755,1,1,6.605852994856943,1.394147005143057,0.8257316243571179,0.9790016415350606,16.0,8.0,False,main,True
9755,2,2,7.605852994856943,1.394147005143057,0.845094777206327,0.9816718193771397,13.0,7.0,False,main,False
9755,3,3,8.605852994856942,1.394147005143057,0.8605852994856942,0.9837392104837076,10.0,6.0,False,main,False
9755,4,4,9.605852994856942,1.394147005143057,0.8732593631688129,0.9853873056606137,8.0,5.0,False,main,False
9755,5,5,10.605852994856942,1.394147005143057,0.8838210829047451,0.9867319591222745,6.0,4.0,False,main,False
9755,6,6,11.605852994856942,1.394147005143057,0.8927579226813033,0.9878499316144608,4.0,3.0,False,main,False
9755,7,7,12.605852994856942,1.394147005143057,0.9004180710612102,0.988794100804907,2.0,2.0,False,main,False
9755,8,8,13.605852994856942,1.394147005143057,0.9070568663237961,0.9896020813713373,1.0,1.0,False,main,False
9755,9,9,14.605852994856942,1.394147005143057,0.9128658121785589,0.9903013623225461,-1.0,-1.0,True,main,False
10926,0,1,5.612730089790286,2.3872699102097132,0.7015912612237858,0.9202654903996151,37.0,14.0,False,main,True
10926,0,2,5.612730089790286,3.3872699102097132,0.6236366766433652,0.8590272410250623,64.0,20.0,False,main,False
10926,0,3,5.612730089790286,4.387269910209714,0.5612730089790287,0.8005621459475999,106.0,27.0,False,main,True
10926,0,4,5.612730089790286,5.387269910209714,0.5102481899809351,0.7471655933698129,174.0,36.0,False,main,True
3394,1,1,6.89144779320732,1.1085522067926803,0.861430974150915,0.9896062680870555,13.0,8.0,False,main,True
3394,2,2,7.89144779320732,1.1085522067926803,0.876827532578591,0.9909088288037808,11.0,7.0,False,main,False
3394,3,3,8.89144779320732,1.1085522067926803,0.889144779320732,0.9919212354363659,9.0,6.0,False,main,False
3394,4,4,9.89144779320732,1.1085522067926803,0.8992225266552109,0.9927307308537981,7.0,5.0,False,main,False
3394,5,5,10.89144779320732,1.1085522067926803,0.9076206494339433,0.9933927656192415,5.0,4.0,False,main,False
3394,6,6,11.89144779320732,1.1085522067926803,0.91472675332364,0.9939442715336961,4.0,3.0,False,main,False
3394,7,7,12.89144779320732,1.1085522067926803,0.9208176995148085,0.994410797169755,2.0,2.0,False,main,False
3394,8,8,13.89144779320732,1.1085522067926803,0.9260965195471547,0.994810580016604,1.0,1.0,False,main,False
3394,9,9,14.89144779320732,1.1085522067926803,0.9307154870754575,0.9951569871909614,-1.0,-1.0,True,main,False
6901,1,1,6.655450709068962,1.3445492909310377,0.8319313386336202,0.9810841631510346,15.0,8.0,False,main,True
222,1,1,6.7108487657407565,1.289151234259244,0.8388560957175946,0.983294623973009,15.0,8.0,False,main,True
7708,1,1,6.6195446365034325,1.380455363496568,0.8274430795629291,0.9795861305113994,16.0,8.0,False,main,True
7708,2,2,7.6195446365034325,1.380455363496568,0.8466160707226036,0.9821802181061183,12.0,7.0,False,main,False
7708,3,3,8.619544636503432,1.380455363496568,0.8619544636503432,0.9841890625836127,10.0,6.0,False,main,False
7708,4,4,9.619544636503432,1.380455363496568,0.8745040578639484,0.985790711037458,8.0,5.0,False,main,False
7708,5,5,10.619544636503432,1.380455363496568,0.8849620530419527,0.9870976161210016,6.0,4.0,False,main,False
7708,6,6,11.619544636503432,1.380455363496568,0.8938111258848794,0.9881843032973565,4.0,3.0,False,main,False
7708,7,7,12.619544636503432,1.380455363496568,0.9013960454645309,0.9891021206790372,2.0,2.0,False,main,False
7708,8,8,13.619544636503432,1.380455363496568,0.9079696424335622,0.989887600892382,1.0,1.0,False,main,False
7708,9,9,14.619544636503432,1.380455363496568,0.9137215397814645,0.990567445852203,-1.0,-1.0,True,main,False
2997,1,1,6.706396076189996,1.2936039238100037,0.8382995095237495,0.9831215515016217,15.0,8.0,False,main,True
5095,1,1,6.817685347056201,1.1823146529437998,0.8522106683820251,0.9871988204796515,14.0,8.0,False,main,True
2055,1,1,6.589615402203222,1.410384597796778,0.8237019252754028,0.9782990956952028,16.0,8.0,False,main,True
2859,0,1,5.789105951880394,2.2108940481196058,0.7236382439850493,0.9327542192255922,33.0,14.0,False,main,True
11234,0,1,5.618929404785287,2.3810705952147138,0.7023661755981608,0.9207175358828449,37.0,14.0,False,main,True
11234,0,2,5.618929404785287,3.3810705952147138,0.6243254894205874,0.8595239032734442,63.0,20.0,False,main,False
11234,0,3,5.618929404785287,4.381070595214714,0.5618929404785287,0.8010665710853171,105.0,27.0,False,main,True
11234,0,4,5.618929404785287,5.381070595214714,0.5108117640713897,0.7476622036864303,173.0,36.0,False,main,True
8689,1,1,6.606733046930645,1.393266953069355,0.8258416308663307,0.9790394286315581,16.0,8.0,False,main,True
7757,1,1,6.637099832767467,1.3629001672325334,0.8296374790959333,0.9803248777699547,15.0,8.0,False,main,True
7757,2,2,7.637099832767467,1.3629001672325334,0.848566648085274,0.9828229027050119,12.0,7.0,False,main,False
7757,3,3,8.637099832767467,1.3629001672325334,0.8637099832767466,0.9847578099520968,10.0,6.0,False,main,False
7757,4,4,9.637099832767467,1.3629001672325334,0.8760999847970424,0.9863007877931026,8.0,5.0,False,main,False
7757,5,5,10.637099832767467,1.3629001672325334,0.8864249860639556,0.9875600007730662,6.0,4.0,False,main,False
7757,6,6,11.637099832767467,1.3629001672325334,0.8951615255974974,0.9886071553077559,4.0,3.0,False,main,False
7757,7,7,12.637099832767467,1.3629001672325334,0.902649988054819,0.9894916698464862,2.0,2.0,False,main,False
7757,8,8,13.637099832767467,1.3629001672325334,0.9091399888511644,0.9902487115385492,1.0,1.0,False,main,False
7757,9,9,14.637099832767467,1.3629001672325334,0.9148187395479667,0.9909039888087213,-1.0,-1.0,True,main,False
7540,1,1,6.786464096169029,1.2135359038309714,0.8483080120211286,0.9861079616042102,14.0,8.0,False,main,True
9622,1,1,6.7225479286949525,1.277452071305047,0.8403184910868691,0.983745483123767,15.0,8.0,False,main,True
9622,2,2,7.7225479286949525,1.277452071305047,0.8580608809661059,0.9858003628767888,12.0,7.0,False,main,False
9622,3,3,8.722547928694953,1.277452071305047,0.8722547928694953,0.9873938445084283,9.0,6.0,False,main,False
9622,4,4,9.722547928694953,1.277452071305047,0.8838679935177229,0.9886656824593182,7.0,5.0,False,main,False
9622,5,5,10.722547928694953,1.277452071305047,0.8935456607245794,0.9897043546086082,6.0,4.0,False,main,False
9622,6,6,11.722547928694953,1.277452071305047,0.9017344560534579,0.9905686074779261,4.0,3.0,False,main,False
9622,7,7,12.722547928694953,1.277452071305047,0.9087534234782109,0.9912989786158124,2.0,2.0,False,main,False
9622,8,8,13.722547928694953,1.277452071305047,0.9148365285796635,0.9919243451611669,1.0,1.0,False,main,False
9622,9,9,14.722547928694953,1.277452071305047,0.9201592455434345,0.9924658356185528,-1.0,-1.0,True,main,False
3837,0,1,5.767987081764184,2.2320129182358164,0.720998385220523,0.9313002478361211,33.0,14.0,False,main,True
9690,0,1,5.629890720532025,2.3701092794679752,0.7037363400665031,0.9215145291740738,36.0,14.0,False,main,True
9690,0,2,5.629890720532025,3.3701092794679752,0.6255434133924472,0.8604006241435054,63.0,20.0,False,main,False
9690,0,3,5.629890720532025,4.370109279467975,0.5629890720532025,0.801957430724765,104.0,27.0,False,main,True
9690,0,4,5.629890720532025,5.370109279467975,0.5118082473210932,0.7485394837941568,172.0,36.0,False,main,True
10477,0,1,5.762581189558474,2.2374188104415262,0.7203226486948092,0.9309262244309928,33.0,14.0,False,main,True
10477,0,2,5.762581189558474,3.2374188104415262,0.6402867988398304,0.8708651550875669,57.0,19.0,False,main,False
10477,0,3,5.762581189558474,4.237418810441526,0.5762581189558473,0.8126358621712304,94.0,26.0,False,main,False
10477,0,4,5.762581189558474,5.237418810441526,0.5238710172325886,0.7590780315199912,152.0,35.0,False,main,True
10477,0,5,5.762581189558474,6.237418810441526,0.4802150991298728,0.7107242659063916,249.0,45.0,False,main,True
1467,0,1,5.6006397198986875,2.3993602801013125,0.7000799649873359,0.9193811932136012,37.0,14.0,False,main,True
9649,1,1,6.65296502523993,1.3470349747600698,0.8316206281549913,0.9809820953185291,15.0,8.0,False,main,True
9649,2,2,7.65296502523993,1.3470349747600698,0.8503294472488812,0.9833947634043101,12.0,7.0,False,main,False
9649,3,3,8.65296502523993,1.3470349747600698,0.8652965025239929,0.9852639514765874,10.0,6.0,False,main,False
9649,4,4,9.65296502523993,1.3470349747600698,0.8775422750218117,0.9867547664852915,8.0,5.0,False,main,False
9649,5,5,10.65296502523993,1.3470349747600698,0.8877470854366608,0.9879715687569722,6.0,4.0,False,main,False
9649,6,6,11.65296502523993,1.3470349747600698,0.8963819250184561,0.9889835626502467,4.0,3.0,False,main,False
9649,7,7,12.65296502523993,1.3470349747600698,0.9037832160885664,0.9898384533157529,2.0,2.0,False,main,False
9649,8,8,13.65296502523993,1.3470349747600698,0.9101976683493286,0.9905701951713907,1.0,1.0,False,main,False
9649,9,9,14.65296502523993,1.3470349747600698,0.9158103140774956,0.9912036140676597,-1.0,-1.0,True,main,False
7379,1,1,6.775149110101618,1.2248508898983814,0.8468936387627023,0.9857022881849805,14.0,8.0,False,main,True
2673,1,1,6.724085838086724,1.275914161913276,0.8405107297608405,0.9838043314690965,15.0,8.0,False,main,True
3534,1,1,6.677473028417155,1.3225269715828456,0.8346841285521444,0.9819776948067902,15.0,8.0,False,main,True
3534,2,2,7.677473028417155,1.3225269715828456,0.8530525587130172,0.9842612486265252,12.0,7.0,False,main,False
3534,3,3,8.677473028417154,1.3225269715828456,0.8677473028417154,0.9860309871364868,10.0,6.0,False,main,False
3534,4,4,9.677473028417154,1.3225269715828456,0.8797702753106503,0.9874428422522509,8.0,5.0,False,main,False
3534,5,5,10.677473028417154,1.3225269715828456,0.8897894190347628,0.9885954308201887,6.0,4.0,False,main,False
3534,6,6,11.677473028417154,1.3225269715828456,0.8982671560320887,0.9895541776328608,4.0,3.0,False,main,False
3534,7,7,12.677473028417154,1.3225269715828456,0.9055337877440824,0.9903641986345403,2.0,2.0,False,main,False
3534,8,8,13.677473028417154,1.3225269715828456,0.9118315352278102,0.9910576148594936,1.0,1.0,False,main,False
3534,9,9,14.677473028417154,1.3225269715828456,0.9173420642760721,0.9916579175010145,-1.0,-1.0,True,main,False
8869,0,1,5.660848253433038,2.339151746566962,0.7076060316791297,0.9237495506694673,36.0,14.0,False,main,True
6084,1,1,6.639931407122084,1.3600685928779157,0.8299914258902605,0.9804429036422541,15.0,8.0,False,main,True
2893,1,1,6.69428695836892,1.3057130416310798,0.836785869796115,0.9826467862352541,15.0,8.0,False,main,True
5916,1,1,6.799560534375477,1.2004394656245228,0.8499450667969346,0.9865706648553075,14.0,8.0,False,main,True
871,1,1,6.889792009128859,1.1102079908711406,0.8612240011411074,0.9895548926437227,13.0,8.0,False,main,True
871,2,2,7.889792009128859,1.1102079908711406,0.8766435565698733,0.9908640057325553,11.0,7.0,False,main,False
871,3,3,8.88979200912886,1.1102079908711406,0.888979200912886,0.9918814820301577,9.0,6.0,False,main,False
871,4,4,9.88979200912886,1.1102079908711406,0.8990720008298964,0.9926950166177353,7.0,5.0,False,main,False
871,5,5,10.88979200912886,1.1102079908711406,0.9074826674274049,0.9933603453192013,5.0,4.0,False,main,False
871,6,6,11.88979200912886,1.1102079908711406,0.9145993853176045,0.9939145887896582,4.0,3.0,False,main,False
871,7,7,12.88979200912886,1.1102079908711406,0.9206994292234899,0.9943834256075404,2.0,2.0,False,main,False
871,8,8,13.88979200912886,1.1102079908711406,0.925986133941924,0.9947851856870991,1.0,1.0,False,main,False
871,9,9,14.88979200912886,1.1102079908711406,0.9306120005705537,0.9951333036546229,-1.0,-1.0,True,main,False
10982,1,1,6.598746245578847,1.4012537544211525,0.8248432806973559,0.9786954028360033,16.0,8.0,False,main,True
10982,2,2,7.598746245578847,1.4012537544211525,0.8443051383976496,0.9814054777509217,13.0,7.0,False,main,False
10982,3,3,8.598746245578848,1.4012537544211525,0.8598746245578848,0.9835035607462701,10.0,6.0,False,main,False
10982,4,4,9.598746245578848,1.4012537544211525,0.8726132950526225,0.9851760007913899,8.0,5.0,False,main,False
10982,5,5,10.598746245578848,1.4012537544211525,0.8832288537982373,0.9865404374140283,6.0,4.0,False,main,False
10982,6,6,11.598746245578848,1.4012537544211525,0.8922112496599114,0.9876748042225699,4.0,3.0,False,main,False
10982,7,7,12.598746245578848,1.4012537544211525,0.8999104461127748,0.9886327812689977,2.0,2.0,False,main,False
10982,8,8,13.598746245578848,1.4012537544211525,0.9065830830385899,0.9894525507562628,1.0,1.0,False,main,False
10982,9,9,14.598746245578848,1.4012537544211525,0.912421640348678,0.9901620144526756,-1.0,-1.0,True,main,False
8320,1,1,6.923569444595075,1.076430555404925,0.8654461805743844,0.9905782710251435,13.0,8.0,False,main,True
8320,2,2,7.923569444595075,1.076430555404925,0.8803966049550084,0.991757019351935,11.0,7.0,False,main,False
8320,3,3,8.923569444595074,1.076430555404925,0.8923569444595074,0.9926735985612241,9.0,6.0,False,main,False
8320,4,4,9.923569444595074,1.076430555404925,0.9021426767813704,0.9934067252935925,7.0,5.0,False,main,False
8320,5,5,10.923569444595074,1.076430555404925,0.9102974537162561,0.9940064686243612,5.0,4.0,False,main,False
8320,6,6,11.923569444595074,1.076430555404925,0.9171976495842364,0.9945061960014566,4.0,3.0,False,main,False
8320,7,7,12.923569444595074,1.076430555404925,0.9231121031853624,0.9949290014340721,2.0,2.0,False,main,False
8320,8,8,13.923569444595074,1.076430555404925,0.928237962973005,0.995291376866458,1.0,1.0,False,main,False
8320,9,9,14.923569444595074,1.076430555404925,0.9327230902871921,0.9956054141051707,-1.0,-1.0,True,main,False
9106,0,1,5.667377187368409,2.332622812631591,0.7084221484210511,0.9242179026384372,36.0,14.0,False,main,True
4144,1,1,6.6683777256496315,1.3316222743503683,0.8335472157062039,0.9816110126023752,15.0,8.0,False,main,True
4144,2,2,7.6683777256496315,1.3316222743503683,0.8520419695166257,0.9839420926348873,12.0,7.0,False,main,True
4144,3,3,8.66837772564963,1.3316222743503683,0.8668377725649632,0.9857484436209081,10.0,6.0,False,main,False
4144,4,4,9.66837772564963,1.3316222743503683,0.878943429604512,0.9871893713814279,8.0,5.0,False,main,False
4144,5,5,10.66837772564963,1.3316222743503683,0.8890314771374693,0.9883656053563834,6.0,4.0,False,main,False
4144,6,6,11.66837772564963,1.3316222743503683,0.897567517357664,0.9893439608452896,4.0,3.0,False,main,False
4144,7,7,12.66837772564963,1.3316222743503683,0.904884123260688,0.9901705065239697,2.0,2.0,False,main,False
4144,8,8,13.66837772564963,1.3316222743503683,0.9112251817099755,0.9908780381363395,1.0,1.0,False,main,False
4144,9,9,14.66837772564963,1.3316222743503683,0.916773607853102,0.9914905381038235,-1.0,-1.0,True,main,False
7564,1,1,6.825094676246041,1.1749053237539588,0.8531368345307552,0.9874514986961785,14.0,8.0,False,main,True
10307,1,1,6.739996442098645,1.2600035579013542,0.8424995552623307,0.984407404982672,14.0,8.0,False,main,True
10307,2,2,7.739996442098645,1.2600035579013542,0.8599996046776273,0.986376858580877,12.0,7.0,False,main,False
10307,3,3,8.739996442098645,1.2600035579013542,0.8739996442098645,0.9879044543476426,9.0,6.0,False,main,False
10307,4,4,9.739996442098645,1.2600035579013542,0.8854542220089677,0.9891239277448581,7.0,5.0,False,main,False
10307,5,5,10.739996442098645,1.2600035579013542,0.8949997035082204,0.9901199802996697,6.0,4.0,False,main,False
10307,6,6,11.739996442098645,1.2600035579013542,0.9030766493922034,0.9909488690552041,4.0,3.0,False,main,False
10307,7,7,12.739996442098645,1.2600035579013542,0.909999745864189,0.9916494237011405,2.0,2.0,False,main,False
10307,8,8,13.739996442098645,1.2600035579013542,0.9159997628065764,0.9922493106455973,1.0,1.0,False,main,False
10307,9,9,14.739996442098645,1.2600035579013542,0.9212497776311653,0.9927687761466119,-1.0,-1.0,True,main,False
8964,1,1,6.68343164179585,1.31656835820415,0.8354289552244812,0.9822161172668237,15.0,8.0,False,main,True
2317,0,1,5.717102429579564,2.282897570420437,0.7146378036974455,0.9277501431563369,34.0,14.0,False,main,True
1625,1,1,6.786676196916176,1.2133238030838243,0.848334524614522,0.9861155138155681,14.0,8.0,False,main,True
3975,1,1,6.691456030936532,1.308543969063468,0.8364320038670665,0.982534933233167,15.0,8.0,False,main,True
10348,0,1,5.589606821501438,2.4103931784985617,0.6987008526876798,0.9185711535164937,37.0,14.0,False,main,True
10348,0,2,5.589606821501438,3.4103931784985617,0.621067424611271,0.8571694821899256,65.0,20.0,False,main,False
10348,0,3,5.589606821501438,4.410393178498562,0.5589606821501438,0.7986769114119509,108.0,27.0,False,main,True
10348,0,4,5.589606821501438,5.410393178498562,0.508146074681949,0.7453103633372073,178.0,37.0,False,main,True
125,1,1,6.622808778111763,1.3771912218882374,0.8278510972639703,0.9797244009024176,16.0,8.0,False,main,True
4899,0,1,5.626861845038201,2.3731381549617985,0.7033577306297751,0.9212945937912966,37.0,14.0,False,main,True
6739,0,1,5.747964038957473,2.252035961042527,0.7184955048696842,0.929911147392763,34.0,14.0,False,main,True
508,0,1,5.742225954088523,2.257774045911477,0.7177782442610654,0.9295111809706618,34.0,14.0,False,main,True
11582,1,1,6.7334767108479845,1.266523289152016,0.8416845888559981,0.9841615522773925,15.0,8.0,False,main,True
11582,2,2,7.7334767108479845,1.266523289152016,0.8592751900942205,0.9861627222564696,12.0,7.0,False,main,False
11582,3,3,8.733476710847984,1.266523289152016,0.8733476710847985,0.9877147823102688,9.0,6.0,False,main,False
11582,4,4,9.733476710847984,1.266523289152016,0.8848615191679986,0.9889537009969953,7.0,5.0,False,main,False
11582,5,5,10.733476710847984,1.266523289152016,0.8944563925706653,0.9899655811676776,6.0,4.0,False,main,False
11582,6,6,11.733476710847984,1.266523289152016,0.9025751316036911,0.9908076037937233,4.0,3.0,False,main,False
11582,7,7,12.733476710847984,1.266523289152016,0.909534050774856,0.9915192324830847,2.0,2.0,False,main,False
11582,8,8,13.733476710847984,1.266523289152016,0.9155651140565323,0.9921285830833312,1.0,1.0,False,main,False
11582,9,9,14.733476710847984,1.266523289152016,0.920842294427999,0.9926562293809335,-1.0,-1.0,True,main,False
8233,0,1,5.6008150655965725,2.3991849344034275,0.7001018831995716,0.9193940434160752,37.0,14.0,False,main,True
8233,0,2,5.6008150655965725,3.3991849344034275,0.6223127850662858,0.8580709973523554,64.0,20.0,False,main,False
8233,0,3,5.6008150655965725,4.3991849344034275,0.5600815065596573,0.7995914538202445,107.0,27.0,False,main,False
8233,0,4,5.6008150655965725,5.3991849344034275,0.5091650059633248,0.7462101938517038,176.0,37.0,False,main,False
8233,0,5,5.6008150655965725,6.3991849344034275,0.46673458879971436,0.6982208295597436,294.0,48.0,False,main,False
8233,0,6,5.6008150655965725,7.3991849344034275,0.4308319281228133,0.6552719953833289,505.0,63.0,False,main,True
8233,0,7,5.6008150655965725,8.399184934403428,0.40005821897118377,0.6168277348953612,915.0,82.0,False,main,True
8233,0,8,5.6008150655965725,9.399184934403428,0.3733876710397715,0.582336169938757,1809.0,106.0,False,main,True
8233,0,9,5.6008150655965725,10.399184934403428,0.3500509415997858,0.5512892733531309,-1.0,136.0,False,main,True
4926,1,1,6.782394165798762,1.2176058342012377,0.8477992707248453,0.9859626722649598,14.0,8.0,False,main,True
4926,2,2,7.782394165798762,1.2176058342012377,0.8647104628665292,0.9877318468001295,11.0,7.0,False,main,False
4926,3,3,8.782394165798763,1.2176058342012377,0.8782394165798764,0.9891048834164595,9.0,6.0,False,main,False
4926,4,4,9.782394165798763,1.2176058342012377,0.8893085605271603,0.9902014604664973,7.0,5.0,False,main,False
4926,5,5,10.782394165798763,1.2176058342012377,0.8985328471498969,0.9910974509921724,5.0,4.0,False,main,False
4926,6,6,11.782394165798763,1.2176058342012377,0.906338012753751,0.9918432874140496,4.0,3.0,False,main,False
4926,7,7,12.782394165798763,1.2176058342012377,0.9130281546999116,0.9924738009868511,2.0,2.0,False,main,False
4926,8,8,13.782394165798763,1.2176058342012377,0.9188262777199175,0.9930138220606357,1.0,1.0,False,main,False
4926,9,9,14.782394165798763,1.2176058342012377,0.9238996353624227,0.9934815293730543,-1.0,-1.0,True,main,False
417,1,1,6.821809681915155,1.1781903180848454,0.8527262102393943,0.9873397668937326,14.0,8.0,False,main,True
9129,1,1,6.625658747365259,1.3743412526347405,0.8282073434206574,0.9798447873282301,15.0,8.0,False,main,True
9129,2,2,7.625658747365259,1.3743412526347405,0.8472954163739177,0.9824052266295861,12.0,7.0,False,main,False
9129,3,3,8.625658747365259,1.3743412526347405,0.8625658747365259,0.9843881757376176,10.0,6.0,False,main,False
9129,4,4,9.625658747365259,1.3743412526347405,0.8750598861241144,0.9859692775186961,8.0,5.0,False,main,False
9129,5,5,10.625658747365259,1.3743412526347405,0.8854715622804382,0.9872594818055147,6.0,4.0,False,main,False
9129,6,6,11.625658747365259,1.3743412526347405,0.8942814421050199,0.9883323262424945,4.0,3.0,False,main,False
9129,7,7,12.625658747365259,1.3743412526347405,0.901832767668947,0.9892384828545603,2.0,2.0,False,main,False
9129,8,8,13.625658747365259,1.3743412526347405,0.9083772498243506,0.990014005900178,1.0,1.0,False,main,False
9129,9,9,14.625658747365259,1.3743412526347405,0.9141036717103287,0.9906852492739449,-1.0,-1.0,True,main,False
8623,1,1,6.761940841993767,1.238059158006233,0.8452426052492209,0.9852218535010121,14.0,8.0,False,main,True
4078,1,1,6.68837154041196,1.3116284595880403,0.836046442551495,0.9824126918984147,15.0,8.0,False,main,True
4518,0,1,5.790312238471079,2.209687761528921,0.7237890298088848,0.9328369209669809,33.0,14.0,False,main,True
10757,1,1,6.626640190657805,1.3733598093421948,0.8283300238322256,0.9798861714219795,15.0,8.0,False,main,True
10757,2,2,7.626640190657805,1.3733598093421948,0.847404465628645,0.9824412285187426,12.0,7.0,False,main,False
10757,3,3,8.626640190657806,1.3733598093421948,0.8626640190657806,0.9844200352449886,10.0,6.0,False,main,False
10757,4,4,9.626640190657806,1.3733598093421948,0.8751491082416187,0.9859978500750904,8.0,5.0,False,main,False
10757,5,5,10.626640190657806,1.3733598093421948,0.8855533492214839,0.9872853825387699,6.0,4.0,False,main,False
10757,6,6,11.626640190657806,1.3733598093421948,0.8943569377429081,0.9883560123118672,4.0,3.0,False,main,False
10757,7,7,12.626640190657806,1.3733598093421948,0.9019028707612718,0.9892603032934061,2.0,2.0,False,main,False
10757,8,8,13.626640190657806,1.3733598093421948,0.908442679377187,0.9900342332322198,1.0,1.0,False,main,False
10757,9,9,14.626640190657806,1.3733598093421948,0.9141650119161129,0.9907041003580083,-1.0,-1.0,True,main,False
5452,1,1,6.718951526138121,1.2810484738618784,0.8398689407672651,0.983607485405874,15.0,8.0,False,main,True
10778,1,1,6.675845210911594,1.3241547890884062,0.8344806513639492,0.9819123123269028,15.0,8.0,False,main,True
10778,2,2,7.675845210911594,1.3241547890884062,0.8528716901012882,0.9842043381448381,12.0,7.0,False,main,False
10778,3,3,8.675845210911593,1.3241547890884062,0.8675845210911592,0.9859806036635235,10.0,6.0,False,main,False
10778,4,4,9.675845210911593,1.3241547890884062,0.8796222919010539,0.9873976419393362,8.0,5.0,False,main,False
10778,5,5,10.675845210911593,1.3241547890884062,0.889653767575966,0.9885544462753116,6.0,4.0,False,main,False
10778,6,6,11.675845210911593,1.3241547890884062,0.8981419393008918,0.9895166892722803,4.0,3.0,False,main,False
10778,7,7,12.675845210911593,1.3241547890884062,0.9054175150651138,0.9903296566786373,2.0,2.0,False,main,False
10778,8,8,13.675845210911593,1.3241547890884062,0.9117230140607728,0.9910255897892597,1.0,1.0,False,main,False
10778,9,9,14.675845210911593,1.3241547890884062,0.9172403256819746,0.9916280673590658,-1.0,-1.0,True,main,False
5126,1,1,6.743882572304621,1.2561174276953793,0.8429853215380776,0.9845531049632976,14.0,8.0,False,main,True
5126,2,2,7.743882572304621,1.2561174276953793,0.8604313969227356,0.9865037696524217,12.0,7.0,False,main,False
5126,3,3,8.74388257230462,1.2561174276953793,0.8743882572304621,0.9880168711746451,9.0,6.0,False,main,False
5126,4,4,9.74388257230462,1.2561174276953793,0.8858075065731473,0.9892248229866062,7.0,5.0,False,main,False
5126,5,5,10.74388257230462,1.2561174276953793,0.8953235476920517,0.9902114968767065,6.0,4.0,False,main,False
5126,6,6,11.74388257230462,1.2561174276953793,0.9033755824849709,0.9910326027441296,4.0,3.0,False,main,False
5126,7,7,12.74388257230462,1.2561174276953793,0.9102773265931872,0.9917265948344023,2.0,2.0,False,main,False
5126,8,8,13.74388257230462,1.2561174276953793,0.9162588381536414,0.9923208733462403,1.0,1.0,False,main,False
5126,9,9,14.74388257230462,1.2561174276953793,0.9214926607690388,0.9928354905228972,-1.0,-1.0,True,main,False
11037,1,1,6.676244638522798,1.3237553614772022,0.8345305798153497,0.9819283654881121,15.0,8.0,False,main,True
11037,2,2,7.676244638522798,1.3237553614772022,0.8529160709469775,0.9842183111086185,12.0,7.0,False,main,False
11037,3,3,8.676244638522798,1.3237553614772022,0.8676244638522798,0.9859929740183356,10.0,6.0,False,main,False
11037,4,4,9.676244638522798,1.3237553614772022,0.8796586035020725,0.9874087396590578,8.0,5.0,False,main,False
11037,5,5,10.676244638522798,1.3237553614772022,0.8896870532102331,0.98856450889404,6.0,4.0,False,main,False
11037,6,6,11.676244638522798,1.3237553614772022,0.8981726645017537,0.9895258934752371,4.0,3.0,False,main,False
11037,7,7,12.676244638522798,1.3237553614772022,0.9054460456087713,0.990338137456499,2.0,2.0,False,main,False
11037,8,8,13.676244638522798,1.3237553614772022,0.9117496425681865,0.9910334526036386,1.0,1.0,False,main,False
11037,9,9,14.676244638522798,1.3237553614772022,0.9172652899076749,0.9916353961716888,-1.0,-1.0,True,main,False
7634,0,1,5.82545091339262,2.1745490866073798,0.7281813641740775,0.9352293910968091,32.0,13.0,False,main,True
7634,0,2,5.82545091339262,3.1745490866073798,0.6472723237102911,0.8757263156055943,54.0,19.0,False,main,False
7634,0,3,5.82545091339262,4.17454908660738,0.582545091339262,0.8176267947355226,89.0,26.0,False,main,False
7634,0,4,5.82545091339262,5.17454908660738,0.5295864466720563,0.7640188235621225,144.0,34.0,False,main,True
7634,0,5,5.82545091339262,6.17454908660738,0.48545424278271837,0.715535170178265,234.0,44.0,False,main,True
6763,1,1,6.656253022836726,1.343746977163274,0.8320316278545907,0.9811170556267143,15.0,8.0,False,main,True
2055,2,2,7.589615402203222,1.410384597796778,0.8432906002448024,0.9810608323816927,13.0,7.0,False,main,True
2055,3,3,8.589615402203222,1.410384597796778,0.8589615402203222,0.9831986511107743,10.0,6.0,False,main,False
2055,4,4,9.589615402203222,1.410384597796778,0.8717832183821111,0.9849026056843999,8.0,5.0,False,main,False
2055,5,5,10.589615402203222,1.410384597796778,0.8824679501836018,0.9862926491546417,6.0,4.0,False,main,False
2055,6,6,11.589615402203222,1.410384597796778,0.8915088770925556,0.9874482346684172,4.0,3.0,False,main,False
2055,7,7,12.589615402203222,1.410384597796778,0.8992582430145158,0.9884240816490688,2.0,2.0,False,main,False
2055,8,8,13.589615402203222,1.410384597796778,0.9059743601468815,0.989259107339614,1.0,1.0,False,main,False
2055,9,9,14.589615402203222,1.410384597796778,0.9118509626377014,0.9899817480367008,-1.0,-1.0,True,main,False
3990,2,2,7.831757614858871,1.1682423851411285,0.8701952905398745,0.9892258764640355,11.0,7.0,False,main,False
3990,3,3,8.831757614858871,1.1682423851411285,0.8831757614858871,0.990429000781187,9.0,6.0,False,main,False
3990,4,4,9.831757614858871,1.1682423851411285,0.8937961468053519,0.9913903781693049,7.0,5.0,False,main,False
3990,5,5,10.831757614858871,1.1682423851411285,0.9026464679049059,0.9921762274195236,5.0,4.0,False,main,False
3990,6,6,11.831757614858871,1.1682423851411285,0.9101352011429901,0.9928306037307936,4.0,3.0,False,main,False
3990,7,7,12.831757614858871,1.1682423851411285,0.9165541153470622,0.9933839562553666,2.0,2.0,False,main,False
3990,8,8,13.831757614858871,1.1682423851411285,0.9221171743239247,0.9938580046225224,1.0,1.0,False,main,False
3990,9,9,14.831757614858871,1.1682423851411285,0.9269848509286794,0.9942686582688514,-1.0,-1.0,True,main,False
6331,2,2,7.652874497528488,1.3471255024715114,0.8503193886142765,0.9833915246118753,12.0,7.0,False,main,True
6331,3,3,8.652874497528488,1.3471255024715114,0.8652874497528489,0.9852610847034159,10.0,6.0,False,main,False
6331,4,4,9.652874497528488,1.3471255024715114,0.8775340452298626,0.986752195028342,8.0,5.0,False,main,False
6331,5,5,10.652874497528488,1.3471255024715114,0.8877395414607073,0.9879692374284389,6.0,4.0,False,main,False
6331,6,6,11.652874497528488,1.3471255024715114,0.8963749613483453,0.9889814304160298,4.0,3.0,False,main,False
6331,7,7,12.652874497528488,1.3471255024715114,0.9037767498234635,0.9898364888352429,2.0,2.0,False,main,False
6331,8,8,13.652874497528488,1.3471255024715114,0.9101916331685659,0.9905683739663238,1.0,1.0,False,main,False
6331,9,9,14.652874497528488,1.3471255024715114,0.9158046560955305,0.9912019166544804,-1.0,-1.0,True,main,False
9709,0,9,5.658035745310848,10.341964254689152,0.353627234081928,0.5550753844452032,3599.0,132.0,False,main,True
2111,2,2,7.613399229232559,1.3866007707674401,0.8459332476925066,0.9819527985708747,13.0,7.0,False,main,True
2111,3,3,8.61339922923256,1.3866007707674401,0.8613399229232559,0.9839878261170654,10.0,6.0,False,main,False
2111,4,4,9.61339922923256,1.3866007707674401,0.8739453844756873,0.9856102475605534,8.0,5.0,False,main,False
2111,5,5,10.61339922923256,1.3866007707674401,0.8844499357693799,0.9869340361350382,6.0,4.0,False,main,False
2111,6,6,11.61339922923256,1.3866007707674401,0.8933384022486585,0.9880347166310901,4.0,3.0,False,main,False
2111,7,7,12.61339922923256,1.3866007707674401,0.9009570878023256,0.9889643210351562,2.0,2.0,False,main,False
2111,8,8,13.61339922923256,1.3866007707674401,0.9075599486155039,0.9897598657981367,1.0,1.0,False,main,False
2111,9,9,14.61339922923256,1.3866007707674401,0.913337451827035,0.9904484047929394,-1.0,-1.0,True,main,False
4245,2,2,7.6271176619814955,1.3728823380185042,0.847457517997944,0.9824587317150905,12.0,7.0,False,main,True
4245,3,3,8.627117661981496,1.3728823380185042,0.8627117661981496,0.9844355246151059,10.0,6.0,False,main,False
4245,4,4,9.627117661981496,1.3728823380185042,0.8751925147255905,0.9860117414702531,8.0,5.0,False,main,False
4245,5,5,10.627117661981496,1.3728823380185042,0.885593138498458,0.9872979749962681,6.0,4.0,False,main,False
4245,6,6,11.627117661981496,1.3728823380185042,0.8943936663062689,0.9883675280771755,4.0,3.0,False,main,False
4245,7,7,12.627117661981496,1.3728823380185042,0.9019369758558211,0.9892709120489185,2.0,2.0,False,main,False
4245,8,8,13.627117661981496,1.3728823380185042,0.9084745107987664,0.9900440674663386,1.0,1.0,False,main,False
4245,9,9,14.627117661981496,1.3728823380185042,0.9141948538738435,0.9907132654982014,-1.0,-1.0,True,main,False
11853,2,2,7.609554952205742,1.3904450477942578,0.845506105800638,0.9818098958277405,13.0,7.0,False,main,True
11853,3,3,8.609554952205741,1.3904450477942578,0.8609554952205742,0.983861381160993,10.0,6.0,False,main,False
11853,4,4,9.609554952205741,1.3904450477942578,0.8735959047459766,0.9854968587973221,8.0,5.0,False,main,False
11853,5,5,10.609554952205741,1.3904450477942578,0.8841295793504785,0.9868312583001042,6.0,4.0,False,main,False
11853,6,6,11.609554952205741,1.3904450477942578,0.893042688631211,0.9879407328765959,4.0,3.0,False,main,False
11853,7,7,12.609554952205741,1.3904450477942578,0.9006824965861244,0.9888777445138822,2.0,2.0,False,main,False
11853,8,8,13.609554952205741,1.3904450477942578,0.9073036634803828,0.9896796138511843,1.0,1.0,False,main,False
11853,9,9,14.609554952205741,1.3904450477942578,0.9130971845128589,0.9903736160267946,-1.0,-1.0,True,main,False
2816,2,2,7.661827195881002,1.3381728041189986,0.8513141328756668,0.9837104679826036,12.0,7.0,False,main,True
2816,3,3,8.661827195881003,1.3381728041189986,0.8661827195881001,0.9855434034698934,10.0,6.0,False,main,False
2816,4,4,9.661827195881003,1.3381728041189986,0.8783479268982728,0.987005438484175,8.0,5.0,False,main,False
2816,5,5,10.661827195881003,1.3381728041189986,0.8884855996567501,0.9881988378037926,6.0,4.0,False,main,False
2816,6,6,11.661827195881003,1.3381728041189986,0.8970636304523847,0.9891914270744302,4.0,3.0,False,main,False
2816,7,7,12.661827195881003,1.3381728041189986,0.9044162282772144,0.9900299671125043,2.0,2.0,False,main,False
2816,8,8,13.661827195881003,1.3381728041189986,0.9107884797254001,0.9907477437571856,1.0,1.0,False,main,False
2816,9,9,14.661827195881003,1.3381728041189986,0.9163641997425627,0.9913690962065701,-1.0,-1.0,True,main,False
8964,2,2,7.68343164179585,1.31656835820415,0.8537146268662056,0.984468785839232,12.0,7.0,False,main,True
8964,3,3,8.683431641795849,1.31656835820415,0.8683431641795849,0.9862147278926875,10.0,6.0,False,main,False
8964,4,4,9.683431641795849,1.31656835820415,0.8803119674359863,0.9876076849130826,8.0,5.0,False,main,False
8964,5,5,10.683431641795849,1.31656835820415,0.890285970149654,0.9887449018402484,6.0,4.0,False,main,False
8964,6,6,11.683431641795849,1.31656835820415,0.898725510907373,0.9896909002967862,4.0,3.0,False,main,False
8964,7,7,12.683431641795849,1.31656835820415,0.9059594029854178,0.9904901773028305,2.0,2.0,False,main,False
8964,8,8,13.683431641795849,1.31656835820415,0.9122287761197233,0.9911744155216836,1.0,1.0,False,main,False
8964,9,9,14.683431641795849,1.31656835820415,0.9177144776122406,0.9917667869512562,-1.0,-1.0,True,main,False
12132,2,2,7.7168733681387245,1.2831266318612757,0.857430374237636,0.9856105373171872,12.0,7.0,False,main,True
12132,3,3,8.716873368138724,1.2831266318612757,0.8716873368138724,0.9872257296686563,9.0,6.0,False,main,False
12132,4,4,9.716873368138724,1.2831266318612757,0.8833521243762477,0.988514819731633,7.0,5.0,False,main,False
12132,5,5,10.716873368138724,1.2831266318612757,0.893072780678227,0.9895675314204879,6.0,4.0,False,main,False
12132,6,6,11.716873368138724,1.2831266318612757,0.9012979513952865,0.9904434324251122,4.0,3.0,False,main,False
12132,7,7,12.716873368138724,1.2831266318612757,0.9083480977241946,0.9911836235006805,2.0,2.0,False,main,False
12132,8,8,13.716873368138724,1.2831266318612757,0.9144582245425816,0.991817380971346,1.0,1.0,False,main,False
12132,9,9,14.716873368138724,1.2831266318612757,0.9198045855086703,0.9923661241738241,-1.0,-1.0,True,main,False
5845,2,2,7.7915137952811095,1.2084862047188907,0.8657237550312344,0.9880147000578151,11.0,7.0,False,main,False
5845,3,3,8.791513795281109,1.2084862047188907,0.8791513795281108,0.9893555267706428,9.0,6.0,False,main,False
5845,4,4,9.791513795281109,1.2084862047188907,0.8901376177528281,0.9904264821665189,7.0,5.0,False,main,False
5845,5,5,10.791513795281109,1.2084862047188907,0.8992928162734257,0.9913016049425486,5.0,4.0,False,main,False
5845,6,6,11.791513795281109,1.2084862047188907,0.9070395227139314,0.9920301164646845,4.0,3.0,False,main,False
5845,7,7,12.791513795281109,1.2084862047188907,0.9136795568057935,0.9926460161686113,2.0,2.0,False,main,False
5845,8,8,13.791513795281109,1.2084862047188907,0.9194342530187406,0.9931735441298652,1.0,1.0,False,main,False
5845,9,9,14.791513795281109,1.2084862047188907,0.9244696122050693,0.9936304486026335,-1.0,-1.0,True,main,False
11234,0,5,5.618929404785287,6.381070595214714,0.46824411706544056,0.6996299027081272,289.0,48.0,False,main,True
3975,2,2,7.691456030936532,1.308543969063468,0.8546062256596146,0.9847463235251888,12.0,7.0,False,main,True
3975,3,3,8.691456030936532,1.308543969063468,0.8691456030936532,0.986460457062889,10.0,6.0,False,main,False
3975,4,4,9.691456030936532,1.308543969063468,0.8810414573578665,0.987828150448439,7.0,5.0,False,main,False
3975,5,5,10.691456030936532,1.308543969063468,0.890954669244711,0.9889448162742585,6.0,4.0,False,main,False
3975,6,6,11.691456030936532,1.308543969063468,0.8993427716105025,0.989873769643945,4.0,3.0,False,main,False
3975,7,7,12.691456030936532,1.308543969063468,0.9065325736383237,0.9906586806498812,2.0,2.0,False,main,False
3975,8,8,13.691456030936532,1.308543969063468,0.9127637353957688,0.9913306461872363,1.0,1.0,False,main,False
3975,9,9,14.691456030936532,1.308543969063468,0.9182160019335333,0.9919124116885535,-1.0,-1.0,True,main,False
3956,2,2,7.754387602400017,1.245612397599983,0.8615986224888909,0.9868441103589888,12.0,7.0,False,main,False
3956,3,3,8.754387602400017,1.245612397599983,0.8754387602400018,0.9883183603603748,9.0,6.0,False,main,False
3956,4,4,9.754387602400017,1.245612397599983,0.8867625093090925,0.9894954253855174,7.0,5.0,False,main,False
3956,5,5,10.754387602400017,1.245612397599983,0.8961989668666681,0.9904569549648694,5.0,4.0,False,main,False
3956,6,6,11.754387602400017,1.245612397599983,0.9041836617230783,0.9912571933209796,4.0,3.0,False,main,False
3956,7,7,12.754387602400017,1.245612397599983,0.9110276858857155,0.9919335888123914,2.0,2.0,False,main,False
3956,8,8,13.754387602400017,1.245612397599983,0.9169591734933344,0.9925128283207302,1.0,1.0,False,main,False
3956,9,9,14.754387602400017,1.245612397599983,0.9221492251500011,0.9930144441645102,-1.0,-1.0,True,main,False
8233,0,10,5.6008150655965725,11.399184934403428,0.3294597097409748,0.523240046274881,-1.0,176.0,False,main,True
8854,2,2,7.731038201646833,1.2689617983531667,0.859004244627426,0.9860822396418047,12.0,7.0,False,main,True
8854,3,3,8.731038201646832,1.2689617983531667,0.8731038201646832,0.9876434971974639,9.0,6.0,False,main,False
8854,4,4,9.731038201646832,1.2689617983531667,0.8846398365133484,0.988889725958867,7.0,5.0,False,main,False
8854,5,5,10.731038201646832,1.2689617983531667,0.8942531834705694,0.9899075558848421,6.0,4.0,False,main,False
8854,6,6,11.731038201646832,1.2689617983531667,0.9023875539728332,0.9907545154406859,4.0,3.0,False,main,False
8854,7,7,12.731038201646832,1.2689617983531667,0.9093598715462023,0.9914703066310724,2.0,2.0,False,main,False
8854,8,8,13.731038201646832,1.2689617983531667,0.9154025467764555,0.9920832143101875,1.0,1.0,False,main,False
8854,9,9,14.731038201646832,1.2689617983531667,0.920689887602927,0.9926139354196667,-1.0,-1.0,True,main,False
10926,0,5,5.612730089790286,6.387269910209714,0.46772750748252384,0.6991479268188976,290.0,48.0,False,main,True
3440,2,2,7.780877307932819,1.2191226920671814,0.8645419231036465,0.9876845024073357,11.0,7.0,False,main,False
3440,3,3,8.780877307932819,1.2191226920671814,0.878087730793282,0.989062932226799,9.0,6.0,False,main,False
3440,4,4,9.780877307932819,1.2191226920671814,0.889170664357529,0.9901637989971692,7.0,5.0,False,main,False
3440,5,5,10.780877307932819,1.2191226920671814,0.8984064423277349,0.9910632830902198,5.0,4.0,False,main,False
3440,6,6,11.780877307932819,1.2191226920671814,0.9062213313794476,0.991812019800278,4.0,3.0,False,main,False
3440,7,7,12.780877307932819,1.2191226920671814,0.9129198077094871,0.9924449797109952,2.0,2.0,False,main,False
3440,8,8,13.780877307932819,1.2191226920671814,0.9187251538621879,0.9929870920335465,1.0,1.0,False,main,False
3440,9,9,14.780877307932819,1.2191226920671814,0.9238048317458012,0.9934566075986621,-1.0,-1.0,True,main,False
5753,2,2,7.778644043778673,1.221355956221327,0.8642937826420748,0.9876146432761604,11.0,7.0,False,main,False
5753,3,3,8.778644043778673,1.221355956221327,0.8778644043778673,0.9890010320194466,9.0,6.0,False,main,False
5753,4,4,9.778644043778673,1.221355956221327,0.8889676403435157,0.990108229085537,7.0,5.0,False,main,False
5753,5,5,10.778644043778673,1.221355956221327,0.8982203369815561,0.9910128684810074,5.0,4.0,False,main,False
5753,6,6,11.778644043778673,1.221355956221327,0.9060495418291287,0.9917658849373845,4.0,3.0,False,main,False
5753,7,7,12.778644043778673,1.221355956221327,0.9127602888413338,0.9924024546764328,2.0,2.0,False,main,False
5753,8,8,13.778644043778673,1.221355956221327,0.9185762695852449,0.9929476528153928,1.0,1.0,False,main,False
5753,9,9,14.778644043778673,1.221355956221327,0.9236652527361671,0.9934198365819698,-1.0,-1.0,True,main,False
10348,0,5,5.589606821501438,6.410393178498562,0.4658005684584532,0.6973478322331284,298.0,48.0,False,main,True
3656,2,2,7.707062666045121,1.292937333954879,0.8563402962272356,0.9852796588917092,12.0,7.0,False,main,True
3656,3,3,8.707062666045122,1.292937333954879,0.8707062666045122,0.9869327133579985,10.0,6.0,False,main,False
3656,4,4,9.707062666045122,1.292937333954879,0.8824602423677383,0.9882518864202743,7.0,5.0,False,main,False
3656,5,5,10.707062666045122,1.292937333954879,0.8922552221704269,0.9893290769340783,6.0,4.0,False,main,False
3656,6,6,11.707062666045122,1.292937333954879,0.9005432820034709,0.9902252856323309,4.0,3.0,False,main,False
3656,7,7,12.707062666045122,1.292937333954879,0.9076473332889373,0.9909825959731926,2.0,2.0,False,main,False
3656,8,8,13.707062666045122,1.292937333954879,0.9138041777363415,0.9916309806977252,1.0,1.0,False,main,False
3656,9,9,14.707062666045122,1.292937333954879,0.9191914166278201,0.9921923664687912,-1.0,-1.0,True,main,False
4760,2,2,7.626208511771022,1.3737914882289783,0.8473565013078913,0.9824253973985587,12.0,7.0,False,main,True
4760,3,3,8.626208511771022,1.3737914882289783,0.8626208511771022,0.9844060256234999,10.0,6.0,False,main,False
4760,4,4,9.626208511771022,1.3737914882289783,0.8751098647064566,0.9859852858061878,8.0,5.0,False,main,False
4760,5,5,10.626208511771022,1.3737914882289783,0.8855173759809185,0.9872739931396638,6.0,4.0,False,main,False
4760,6,6,11.626208511771022,1.3737914882289783,0.894323731674694,0.9883455967604494,4.0,3.0,False,main,False
4760,7,7,12.626208511771022,1.3737914882289783,0.901872036555073,0.9892507081121071,2.0,2.0,False,main,False
4760,8,8,13.626208511771022,1.3737914882289783,0.9084139007847348,0.9900253385860377,1.0,1.0,False,main,False
4760,9,9,14.626208511771022,1.3737914882289783,0.9141380319856889,0.9906958108888289,-1.0,-1.0,True,main,False
7540,2,2,7.786464096169029,1.2135359038309714,0.8651626773521143,0.9878584588975875,11.0,7.0,False,main,False
7540,3,3,8.786464096169029,1.2135359038309714,0.8786464096169029,0.9892170752042716,9.0,6.0,False,main,False
7540,4,4,9.786464096169029,1.2135359038309714,0.8896785541971844,0.9903021819359136,7.0,5.0,False,main,False
7540,5,5,10.786464096169029,1.2135359038309714,0.8988720080140857,0.9911888306629784,5.0,4.0,False,main,False
7540,6,6,11.786464096169029,1.2135359038309714,0.9066510843206945,0.9919269114980142,4.0,3.0,False,main,False
7540,7,7,12.786464096169029,1.2135359038309714,0.9133188640120735,0.9925508832289316,2.0,2.0,False,main,False
7540,8,8,13.786464096169029,1.2135359038309714,0.9190976064112686,0.9930853119081202,1.0,1.0,False,main,False
7540,9,9,14.786464096169029,1.2135359038309714,0.9241540060105643,0.9935481835298503,-1.0,-1.0,True,main,False
9528,0,5,5.879930803067816,6.120069196932184,0.48999423358898464,0.7196821644522315,222.0,44.0,False,main,True
9988,0,5,5.7496140464232415,6.2503859535767585,0.47913450386860346,0.7097286241995677,252.0,46.0,False,main,True
8028,0,5,5.874627454810469,6.125372545189531,0.4895522879008724,0.7192793679590403,223.0,44.0,False,main,True
4356,2,2,7.77239241632188,1.22760758367812,0.8635991573690978,0.987418110524116,12.0,7.0,False,main,False
4356,3,3,8.77239241632188,1.22760758367812,0.877239241632188,0.9888268960642236,9.0,6.0,False,main,False
4356,4,4,9.77239241632188,1.22760758367812,0.8883993105747163,0.9899519057234336,7.0,5.0,False,main,False
4356,5,5,10.77239241632188,1.22760758367812,0.8976993680268234,0.9908710506845747,5.0,4.0,False,main,False
4356,6,6,11.77239241632188,1.22760758367812,0.9055686474093754,0.9916361086274785,4.0,3.0,False,main,False
4356,7,7,12.77239241632188,1.22760758367812,0.9123137440229915,0.9922828346145885,2.0,2.0,False,main,False
4356,8,8,13.77239241632188,1.22760758367812,0.9181594944214587,0.9928367144360203,1.0,1.0,False,main,False
4356,9,9,14.77239241632188,1.22760758367812,0.9232745260201175,0.9933164047695926,-1.0,-1.0,True,main,False
6084,2,2,7.639931407122084,1.3600685928779157,0.8488812674580094,0.9829255925673768,12.0,7.0,False,main,True
6084,3,3,8.639931407122084,1.3600685928779157,0.8639931407122085,0.9848486936261535,10.0,6.0,False,main,False
6084,4,4,9.639931407122084,1.3600685928779157,0.8763574006474623,0.9863823015579118,8.0,5.0,False,main,False
6084,5,5,10.639931407122084,1.3600685928779157,0.886660950593507,0.9876338969875004,6.0,4.0,False,main,False
6084,6,6,11.639931407122084,1.3600685928779157,0.8953793390093912,0.9886747365908023,4.0,3.0,False,main,False
6084,7,7,12.639931407122084,1.3600685928779157,0.9028522433658631,0.989553930898212,2.0,2.0,False,main,False
6084,8,8,13.639931407122084,1.3600685928779157,0.9093287604748056,0.990306429128569,1.0,1.0,False,main,False
6084,9,9,14.639931407122084,1.3600685928779157,0.9149957129451303,0.9909577811214076,-1.0,-1.0,True,main,False
5472,0,1,5.390090028861387,2.6099099711386136,0.6737612536076734,0.903426080434515,43.0,15.0,False,main,True
9161,0,1,5.168532215821048,2.831467784178952,0.646066526977631,0.8855502266631485,52.0,16.0,False,main,True
5862,0,1,5.543309462945787,2.4566905370542127,0.6929136828682234,0.9151401120502304,39.0,14.0,False,main,True
2258,0,1,5.436167873603801,2.5638321263961994,0.6795209842004751,0.9070059568970844,42.0,15.0,False,main,True
3716,1,1,6.3499528194688555,1.6500471805311447,0.7937441024336069,0.9668052998509427,18.0,9.0,False,main,True
997,1,1,6.564698207506727,1.4353017924932727,0.8205872759383409,0.9772014443135177,16.0,8.0,False,main,True
8571,1,1,6.260836059017991,1.7391639409820088,0.7826045073772488,0.9620272840214752,19.0,9.0,False,main,True
11802,0,1,5.272529049551731,2.7274709504482684,0.6590661311939664,0.8940756409243065,48.0,16.0,False,main,True
8470,1,1,6.499741076135332,1.5002589238646682,0.8124676345169165,0.9742307764970123,17.0,8.0,False,main,True
8470,2,2,7.499741076135332,1.5002589238646682,0.8333045640150369,0.9775247797635431,13.0,7.0,False,main,False
8470,3,3,8.499741076135333,1.5002589238646682,0.8499741076135331,0.9800715809327395,11.0,6.0,False,main,False
8470,4,4,9.499741076135333,1.5002589238646682,0.8636128251032119,0.9820996509243336,8.0,5.0,False,main,False
8470,5,5,10.499741076135333,1.5002589238646682,0.8749784230112776,0.9837528910582349,6.0,4.0,False,main,False
8470,6,6,11.499741076135333,1.5002589238646682,0.8845954673950255,0.9851264625694397,4.0,3.0,False,main,False
8470,7,7,12.499741076135333,1.5002589238646682,0.8928386482953808,0.9862858176357907,2.0,2.0,False,main,False
8470,8,8,13.499741076135333,1.5002589238646682,0.8999827384090221,0.9872774569283445,1.0,1.0,False,main,False
8470,9,9,14.499741076135333,1.5002589238646682,0.9062338172584583,0.9881353274006275,-1.0,-1.0,True,main,False
126,0,1,5.289639972299445,2.7103600277005557,0.6612049965374306,0.8954557182442862,47.0,15.0,False,main,True
7461,1,1,6.31104098414476,1.6889590158552406,0.788880123018095,0.9647509838286382,19.0,9.0,False,main,True
7754,1,1,6.379314083133444,1.6206859168665557,0.7974142603916805,0.9683219274153632,18.0,9.0,False,main,True
7754,2,2,7.379314083133444,1.6206859168665557,0.8199237870148272,0.9723949030510896,14.0,7.0,False,main,False
7754,3,3,8.379314083133444,1.6206859168665557,0.8379314083133445,0.9755389789200557,11.0,6.0,False,main,False
7754,4,4,9.379314083133444,1.6206859168665557,0.8526649166484949,0.9780396160003585,9.0,5.0,False,main,False
7754,5,5,10.379314083133444,1.6206859168665557,0.8649428402611203,0.9800761106507724,6.0,4.0,False,main,False
7754,6,6,11.379314083133444,1.6206859168665557,0.8753318525487265,0.9817667738202179,4.0,3.0,False,main,False
7754,7,7,12.379314083133444,1.6206859168665557,0.8842367202238174,0.9831928388218898,3.0,2.0,False,main,False
7754,8,8,13.379314083133444,1.6206859168665557,0.8919542722088962,0.9844119359151623,1.0,1.0,False,main,False
7754,9,9,14.379314083133444,1.6206859168665557,0.8987071301958403,0.9854660869947419,-1.0,-1.0,True,main,False
1474,0,1,5.2436979949059275,2.756302005094072,0.6554622493632409,0.891735722755387,49.0,16.0,False,main,True
10360,1,1,6.425608580450852,1.5743914195491477,0.8032010725563565,0.9706535256548258,18.0,9.0,False,main,True
10360,2,2,7.425608580450852,1.5743914195491477,0.8250676200500947,0.9744183201022765,14.0,7.0,False,main,False
10360,3,3,8.425608580450852,1.5743914195491477,0.8425608580450852,0.977326272257737,11.0,6.0,False,main,False
10360,4,4,9.425608580450852,1.5743914195491477,0.8568735073137138,0.9796401914587567,8.0,5.0,False,main,False
10360,5,5,10.425608580450852,1.5743914195491477,0.8688007150375711,0.9815253236524936,6.0,4.0,False,main,False
10360,6,6,11.425608580450852,1.5743914195491477,0.8788929677269887,0.9830907993551314,4.0,3.0,False,main,False
10360,7,7,12.425608580450852,1.5743914195491477,0.8875434700322037,0.984411598520574,2.0,2.0,False,main,False
10360,8,8,13.425608580450852,1.5743914195491477,0.8950405720300568,0.9855409440877109,1.0,1.0,False,main,False
10360,9,9,14.425608580450852,1.5743914195491477,0.9016005362781783,0.9865176619847683,-1.0,-1.0,True,main,False
3265,1,1,6.410811252480109,1.589188747519891,0.8013514065600136,0.9699162978929412,18.0,9.0,False,main,True
10288,1,1,6.371364535161433,1.6286354648385668,0.7964205668951791,0.9679141742242902,18.0,9.0,False,main,True
10288,2,2,7.371364535161433,1.6286354648385668,0.8190405039068259,0.9720411495329211,14.0,7.0,False,main,False
10288,3,3,8.371364535161433,1.6286354648385668,0.8371364535161433,0.9752265764595158,11.0,6.0,False,main,False
10288,4,4,9.371364535161433,1.6286354648385668,0.8519422304692212,0.9777598987865854,9.0,5.0,False,main,False
10288,5,5,10.371364535161433,1.6286354648385668,0.8642803779301195,0.9798228809701042,6.0,4.0,False,main,False
10288,6,6,11.371364535161433,1.6286354648385668,0.8747203488585718,0.9815354454016181,4.0,3.0,False,main,False
10288,7,7,12.371364535161433,1.6286354648385668,0.8836688953686738,0.9829799224005398,3.0,2.0,False,main,False
10288,8,8,13.371364535161433,1.6286354648385668,0.8914243023440955,0.9842147150165204,1.0,1.0,False,main,False
10288,9,9,14.371364535161433,1.6286354648385668,0.8982102834475896,0.9852824053090617,-1.0,-1.0,True,main,False
3295,1,1,6.190723872205899,1.8092761277941007,0.7738404840257374,0.9580893314640031,20.0,9.0,False,main,True
859,1,1,6.49110176219848,1.50889823780152,0.81138772027481,0.9738240062529906,17.0,8.0,False,main,True
859,2,2,7.49110176219848,1.50889823780152,0.8323446402442756,0.9771714158011722,13.0,7.0,False,main,False
859,3,3,8.491101762198479,1.50889823780152,0.8491101762198479,0.9797592131044358,11.0,6.0,False,main,False
859,4,4,9.491101762198479,1.50889823780152,0.8628274329271345,0.9818197478852994,8.0,5.0,False,main,False
859,5,5,10.491101762198479,1.50889823780152,0.8742584801832066,0.983499335320958,6.0,4.0,False,main,False
859,6,6,11.491101762198479,1.50889823780152,0.8839309047844984,0.9848947178541563,4.0,3.0,False,main,False
859,7,7,12.491101762198479,1.50889823780152,0.8922215544427485,0.9860724269055643,2.0,2.0,False,main,False
859,8,8,13.491101762198479,1.50889823780152,0.8994067841465653,0.9870797250479021,1.0,1.0,False,main,False
859,9,9,14.491101762198479,1.50889823780152,0.9056938601374049,0.9879511124884065,-1.0,-1.0,True,main,False
5728,1,1,6.382816751853803,1.6171832481461963,0.7978520939817254,0.9685009074311778,18.0,9.0,False,main,True
10462,0,1,5.41109260252038,2.5889073974796193,0.6763865753150475,0.9050638243373206,43.0,15.0,False,main,True
10462,0,2,5.41109260252038,3.5889073974796193,0.6012325113911534,0.8425531649002314,74.0,21.0,False,main,False
10462,0,3,5.41109260252038,4.58890739747962,0.541109260252038,0.7839248415067781,126.0,29.0,False,main,True
10462,0,4,5.41109260252038,5.58890739747962,0.4919175093200346,0.7308344767223867,213.0,39.0,False,main,True
5720,1,1,6.4813390761183065,1.5186609238816935,0.8101673845147883,0.9733610974672876,17.0,8.0,False,main,True
9790,1,1,6.150645426084781,1.8493545739152197,0.7688306782605976,0.9557698469809711,21.0,9.0,False,main,True
9790,2,2,7.150645426084781,1.8493545739152197,0.7945161584538645,0.9615186198258087,16.0,8.0,False,main,False
9790,3,3,8.15064542608478,1.8493545739152197,0.815064542608478,0.9659429907912331,13.0,6.0,False,main,False
9790,4,4,9.15064542608478,1.8493545739152197,0.8318768569167982,0.9694538400722851,10.0,5.0,False,main,False
9790,5,5,10.15064542608478,1.8493545739152197,0.8458871188403984,0.9723078666079008,7.0,4.0,False,main,False
9790,6,6,11.15064542608478,1.8493545739152197,0.8577419558526754,0.9746737591499454,5.0,3.0,False,main,False
9790,7,7,12.15064542608478,1.8493545739152197,0.8679032447203415,0.9766669606663209,3.0,2.0,False,main,False
9790,8,8,13.15064542608478,1.8493545739152197,0.8767096950723187,0.9783691517015208,1.0,1.0,False,main,False
9790,9,9,14.15064542608478,1.8493545739152197,0.8844153391302988,0.9798397579687935,-1.0,-1.0,True,main,False
4596,1,1,6.424987802585635,1.5750121974143652,0.8031234753232044,0.9706227503839115,18.0,9.0,False,main,True
8102,1,1,6.413102102938331,1.586897897061669,0.8016377628672914,0.9700309286939196,18.0,9.0,False,main,True
8102,2,2,7.413102102938331,1.586897897061669,0.8236780114375923,0.9738779150118625,14.0,7.0,False,main,False
8102,3,3,8.413102102938332,1.586897897061669,0.8413102102938332,0.9768488630549811,11.0,6.0,False,main,False
8102,4,4,9.413102102938332,1.586897897061669,0.8557365548125756,0.9792126101588011,8.0,5.0,False,main,False
8102,5,5,10.413102102938332,1.586897897061669,0.8677585085781944,0.9811381435896012,6.0,4.0,False,main,False
8102,6,6,11.413102102938332,1.586897897061669,0.8779309309952563,0.9827370395543007,4.0,3.0,False,main,False
8102,7,7,12.413102102938332,1.586897897061669,0.8866501502098808,0.9840859445368848,2.0,2.0,False,main,False
8102,8,8,13.413102102938332,1.586897897061669,0.8942068068625555,0.9852392563900062,1.0,1.0,False,main,False
8102,9,9,14.413102102938332,1.586897897061669,0.9008188814336457,0.9862366532446406,-1.0,-1.0,True,main,False
597,1,1,6.249539358953408,1.750460641046592,0.781192419869176,0.9614032523014634,20.0,9.0,False,main,True
597,2,2,7.249539358953408,1.750460641046592,0.8055043732170453,0.9663965481787428,15.0,8.0,False,main,True
597,3,3,8.249539358953408,1.750460641046592,0.8249539358953408,0.9702444836770197,12.0,6.0,False,main,False
597,4,4,9.249539358953408,1.750460641046592,0.8408672144503098,0.973300941906467,9.0,5.0,False,main,False
597,5,5,10.249539358953408,1.750460641046592,0.854128279912784,0.9757875253833763,7.0,4.0,False,main,False
597,6,6,11.249539358953408,1.750460641046592,0.8653491814579545,0.9778501198518914,5.0,3.0,False,main,False
597,7,7,12.249539358953408,1.750460641046592,0.8749670970681006,0.9795887049447377,3.0,2.0,False,main,False
597,8,8,13.249539358953408,1.750460641046592,0.8833026239302272,0.9810741022429259,1.0,1.0,False,main,False
597,9,9,14.249539358953408,1.750460641046592,0.890596209934588,0.9823578867376103,-1.0,-1.0,True,main,False
7915,1,1,6.586997892703604,1.4130021072963963,0.8233747365879505,0.9781848990851849,16.0,8.0,False,main,True
7915,2,2,7.586997892703604,1.4130021072963963,0.8429997658559559,0.980961528552908,13.0,7.0,False,main,False
7915,3,3,8.586997892703604,1.4130021072963963,0.8586997892703604,0.9831108007417891,10.0,6.0,False,main,False
7915,4,4,9.586997892703604,1.4130021072963963,0.8715452629730549,0.9848238382687478,8.0,5.0,False,main,False
7915,5,5,10.586997892703604,1.4130021072963963,0.882249824391967,0.9862212614839425,6.0,4.0,False,main,False
7915,6,6,11.586997892703604,1.4130021072963963,0.8913075302079695,0.9873829617508965,4.0,3.0,False,main,False
7915,7,7,12.586997892703604,1.4130021072963963,0.8990712780502574,0.9883639581971146,2.0,2.0,False,main,False
7915,8,8,13.586997892703604,1.4130021072963963,0.9057998595135736,0.9892033799933895,1.0,1.0,False,main,False
7915,9,9,14.586997892703604,1.4130021072963963,0.9116873682939752,0.9899298175389414,-1.0,-1.0,True,main,False
907,1,1,6.386467382772868,1.6135326172271323,0.7983084228466085,0.968687003464682,18.0,9.0,False,main,True
8834,1,1,6.42704505281287,1.5729549471871298,0.8033806316016088,0.9707246877490736,18.0,9.0,False,main,True
3086,1,1,6.310026937125681,1.6899730628743188,0.7887533671407101,0.9646967802616452,19.0,9.0,False,main,True
3086,2,2,7.310026937125681,1.6899730628743188,0.8122252152361867,0.9692509074714681,15.0,7.0,False,main,False
3086,3,3,8.31002693712568,1.6899730628743188,0.8310026937125681,0.9727632001583129,12.0,6.0,False,main,False
3086,4,4,9.31002693712568,1.6899730628743188,0.8463660851932437,0.9755547486725892,9.0,5.0,False,main,False
3086,5,5,10.31002693712568,1.6899730628743188,0.85916891142714,0.9778269040311598,7.0,4.0,False,main,False
3086,6,6,11.31002693712568,1.6899730628743188,0.8700020720865909,0.9797123645744806,4.0,3.0,False,main,False
3086,7,7,12.31002693712568,1.6899730628743188,0.87928763836612,0.9813021513371932,3.0,2.0,False,main,False
3086,8,8,13.31002693712568,1.6899730628743188,0.8873351291417121,0.9826607857696041,1.0,1.0,False,main,False
3086,9,9,14.31002693712568,1.6899730628743188,0.894376683570355,0.9838352826261474,-1.0,-1.0,True,main,False
8460,0,1,5.477622961669519,2.5223770383304807,0.6847028702086899,0.9101849827309938,41.0,15.0,False,main,True
8460,0,2,5.477622961669519,3.5223770383304807,0.6086247735188355,0.8480568751652886,71.0,21.0,False,main,False
8460,0,3,5.477622961669519,4.522377038330481,0.5477622961669519,0.7894636248171608,119.0,29.0,False,main,True
8460,0,4,5.477622961669519,5.522377038330481,0.49796572378813814,0.7362612228631427,199.0,38.0,False,main,True
8460,0,5,5.477622961669519,6.522377038330481,0.4564685801391266,0.688577858207935,338.0,51.0,False,main,True
7251,0,1,5.1605203054836135,2.839479694516387,0.6450650381854517,0.8848837268357611,52.0,16.0,False,main,True
8565,1,1,6.374020300931528,1.6259796990684718,0.796752537616441,0.9680506337478588,18.0,9.0,False,main,True
8565,2,2,7.374020300931528,1.6259796990684718,0.819335588992392,0.9721595339886635,14.0,7.0,False,main,True
8565,3,3,8.374020300931528,1.6259796990684718,0.8374020300931528,0.9753311204054789,11.0,6.0,False,main,False
8565,4,4,9.374020300931528,1.6259796990684718,0.852183663721048,0.9778535031819876,9.0,5.0,False,main,False
8565,5,5,10.374020300931528,1.6259796990684718,0.864501691744294,0.9799076204364002,6.0,4.0,False,main,False
8565,6,6,11.374020300931528,1.6259796990684718,0.8749246385331945,0.9816128550761898,4.0,3.0,False,main,False
8565,7,7,12.374020300931528,1.6259796990684718,0.8838585929236806,0.9830511701826444,3.0,2.0,False,main,False
8565,8,8,13.374020300931528,1.6259796990684718,0.8916013533954352,0.984280710115283,1.0,1.0,False,main,False
8565,9,9,14.374020300931528,1.6259796990684718,0.8983762688082205,0.9853438694268021,-1.0,-1.0,True,main,False
6268,1,1,6.440968804591784,1.559031195408216,0.805121100573973,0.9714107247104712,17.0,8.0,False,main,True
6268,2,2,7.440968804591784,1.559031195408216,0.8267743116213093,0.9750756578742544,14.0,7.0,False,main,True
6268,3,3,8.440968804591783,1.559031195408216,0.8440968804591783,0.9779070498530313,11.0,6.0,False,main,False
6268,4,4,9.440968804591783,1.559031195408216,0.8582698913265258,0.9801603991796503,8.0,5.0,False,main,False
6268,5,5,10.440968804591783,1.559031195408216,0.8700807337159819,0.9819964120656121,6.0,4.0,False,main,False
6268,6,6,11.440968804591783,1.559031195408216,0.8800745234301371,0.9835212502832519,4.0,3.0,False,main,False
6268,7,7,12.440968804591783,1.559031195408216,0.8886406288994131,0.9848078702261035,2.0,2.0,False,main,False
6268,8,8,13.440968804591783,1.559031195408216,0.8960645869727856,0.9859080678574048,1.0,1.0,False,main,False
6268,9,9,14.440968804591783,1.559031195408216,0.9025605502869865,0.9868596338608228,-1.0,-1.0,True,main,False
1459,1,1,6.479133225805582,1.5208667741944177,0.8098916532256978,0.9732560293907577,17.0,8.0,False,main,True
1459,2,2,7.479133225805582,1.5208667741944177,0.8310148028672869,0.9766780660736024,13.0,7.0,False,main,True
1459,3,3,8.479133225805583,1.5208667741944177,0.8479133225805583,0.9793231373251557,11.0,6.0,False,main,False
1459,4,4,9.479133225805583,1.5208667741944177,0.861739384164144,0.9814290200768503,8.0,5.0,False,main,False
1459,5,5,10.479133225805583,1.5208667741944177,0.8732611021504653,0.9831454057484642,6.0,4.0,False,main,False
1459,6,6,11.479133225805583,1.5208667741944177,0.8830102481388911,0.9845712477856882,4.0,3.0,False,main,False
1459,7,7,12.479133225805583,1.5208667741944177,0.8913666589861131,0.9857745863768248,2.0,2.0,False,main,False
1459,8,8,13.479133225805583,1.5208667741944177,0.8986088817203722,0.9868037490284832,1.0,1.0,False,main,False
1459,9,9,14.479133225805583,1.5208667741944177,0.904945826612849,0.9876940091301483,-1.0,-1.0,True,main,False
7547,0,1,5.4466854629108585,2.5533145370891415,0.6808356828638573,0.9078162687071466,42.0,15.0,False,main,True
9747,1,1,6.270574368714398,1.7294256312856011,0.7838217960892998,0.9625619602597171,19.0,9.0,False,main,True
9747,2,2,7.270574368714398,1.7294256312856011,0.807841596523822,0.9674005345123642,15.0,7.0,False,main,False
9747,3,3,8.2705743687144,1.7294256312856011,0.82705743687144,0.9711302685920365,12.0,6.0,False,main,False
9747,4,4,9.2705743687144,1.7294256312856011,0.8427794880649454,0.9740934634322915,9.0,5.0,False,main,False
9747,5,5,10.2705743687144,1.7294256312856011,0.8558811973928666,0.9765045739151176,7.0,4.0,False,main,False
9747,6,6,11.2705743687144,1.7294256312856011,0.8669672591318769,0.9785048339056133,5.0,3.0,False,main,False
9747,7,7,12.2705743687144,1.7294256312856011,0.8764695977653142,0.9801910642372261,3.0,2.0,False,main,False
9747,8,8,13.2705743687144,1.7294256312856011,0.8847049579142933,0.9816318658441172,1.0,1.0,False,main,False
9747,9,9,14.2705743687144,1.7294256312856011,0.89191089804465,0.9828772068082247,-1.0,-1.0,True,main,False
9318,1,1,6.509267160598412,1.4907328394015882,0.8136583950748015,0.9746761559831782,17.0,8.0,False,main,True
5442,1,1,6.359045678593939,1.640954321406061,0.7948807098242424,0.9672780865289381,18.0,9.0,False,main,True
10504,1,1,6.547440867594882,1.4525591324051175,0.8184301084493603,0.9764274899668157,16.0,8.0,False,main,True
10504,2,2,7.547440867594882,1.4525591324051175,0.8386045408438758,0.979433662248732,13.0,7.0,False,main,False
10504,3,3,8.547440867594883,1.4525591324051175,0.8547440867594883,0.9817593918609371,10.0,6.0,False,main,False
10504,4,4,9.547440867594883,1.4525591324051175,0.867949169781353,0.9836123200413612,8.0,5.0,False,main,False
10504,5,5,10.547440867594883,1.4525591324051175,0.8789534056329069,0.9851233727046093,6.0,4.0,False,main,False
10504,6,6,11.547440867594883,1.4525591324051175,0.8882646821226833,0.9863792050339378,4.0,3.0,False,main,False
10504,7,7,12.547440867594883,1.4525591324051175,0.8962457762567774,0.9874394599319847,2.0,2.0,False,main,False
10504,8,8,13.547440867594883,1.4525591324051175,0.9031627245063255,0.9883465349192888,1.0,1.0,False,main,False
10504,9,9,14.547440867594883,1.4525591324051175,0.9092150542246802,0.9891313962190574,-1.0,-1.0,True,main,False
11627,0,1,5.2076235885977695,2.7923764114022305,0.6509529485747212,0.8887823772251378,50.0,16.0,False,main,True
8789,0,1,5.529837044889115,2.4701629551108844,0.6912296306111394,0.9141320914236392,39.0,14.0,False,main,True
12092,1,1,6.484249861266715,1.5157501387332846,0.8105312326583394,0.97349947495881,17.0,8.0,False,main,True
3814,0,1,5.4870001145068485,2.5129998854931515,0.6858750143133561,0.9108985497300582,40.0,15.0,False,main,True
4575,1,1,6.291308832254879,1.7086911677451213,0.7864136040318599,0.9636902163581064,19.0,9.0,False,main,True
4575,2,2,7.291308832254879,1.7086911677451213,0.8101454258060977,0.9683783598727809,15.0,7.0,False,main,True
4575,3,3,8.29130883225488,1.7086911677451213,0.8291308832254879,0.9719931212839892,12.0,6.0,False,main,False
4575,4,4,9.29130883225488,1.7086911677451213,0.8446644392958981,0.9748655708166452,9.0,5.0,False,main,False
4575,5,5,10.29130883225488,1.7086911677451213,0.8576090693545733,0.9772032273660558,7.0,4.0,False,main,False
4575,6,6,11.29130883225488,1.7086911677451213,0.8685622178657599,0.9791428080375515,5.0,3.0,False,main,False
4575,7,7,12.29130883225488,1.7086911677451213,0.8779506308753485,0.9807780652021547,3.0,2.0,False,main,False
4575,8,8,13.29130883225488,1.7086911677451213,0.8860872554836586,0.982175441846629,1.0,1.0,False,main,False
4575,9,9,14.29130883225488,1.7086911677451213,0.89320680201593,0.9833833440301372,-1.0,-1.0,True,main,False
9993,1,1,6.3144471173632235,1.6855528826367763,0.7893058896704029,0.9649328040918637,19.0,9.0,False,main,True
9993,2,2,7.3144471173632235,1.6855528826367763,0.8127163463736915,0.969455532561336,15.0,7.0,False,main,False
9993,3,3,8.314447117363223,1.6855528826367763,0.8314447117363224,0.9729438121097354,12.0,6.0,False,main,False
9993,4,4,9.314447117363223,1.6855528826367763,0.8467679197602931,0.9757163983823254,9.0,5.0,False,main,False
9993,5,5,10.314447117363223,1.6855528826367763,0.8595372597802686,0.9779731988713787,7.0,4.0,False,main,False
9993,6,6,11.314447117363223,1.6855528826367763,0.8703420859510173,0.9798459710670167,4.0,3.0,False,main,False
9993,7,7,12.314447117363223,1.6855528826367763,0.8796033655259445,0.981425096395908,3.0,2.0,False,main,False
9993,8,8,13.314447117363223,1.6855528826367763,0.887629807824215,0.9827746462411994,1.0,1.0,False,main,False
9993,9,9,14.314447117363223,1.6855528826367763,0.8946529448352015,0.9839413094263888,-1.0,-1.0,True,main,False
4159,1,1,6.262213261352165,1.7377867386478354,0.7827766576690206,0.9621030827126762,19.0,9.0,False,main,True
11921,0,1,5.24435522193901,2.7556447780609905,0.6555444027423762,0.8917892658005402,49.0,16.0,False,main,True
5934,0,1,5.232979076182741,2.7670209238172587,0.6541223845228427,0.8908611419037276,49.0,16.0,False,main,True
4534,1,1,6.265832827516906,1.7341671724830938,0.7832291034396133,0.9623020079195358,19.0,9.0,False,main,True
10668,0,1,5.256466283021278,2.743533716978722,0.6570582853776598,0.8927742402254674,48.0,16.0,False,main,True
10668,0,2,5.256466283021278,3.743533716978722,0.5840518092245864,0.8295069855143534,85.0,22.0,False,main,False
10668,0,3,5.256466283021278,4.743533716978722,0.5256466283021278,0.7708654054047395,146.0,31.0,False,main,True
10668,0,4,5.256466283021278,5.743533716978722,0.4778605711837525,0.7180760380255922,251.0,42.0,False,main,True
6221,0,1,5.509713296372331,2.4902867036276692,0.6887141620465413,0.912618422036142,40.0,15.0,False,main,True
9922,0,1,5.4370476307642015,2.5629523692357985,0.6796309538455252,0.9070738340443654,42.0,15.0,False,main,True
9922,0,2,5.4370476307642015,3.5629523692357985,0.6041164034182446,0.844708197244602,73.0,21.0,False,main,False
9922,0,3,5.4370476307642015,4.5629523692357985,0.5437047630764201,0.786091406506563,123.0,29.0,False,main,False
9922,0,4,5.4370476307642015,5.5629523692357985,0.4942770573422001,0.7329560636375189,207.0,39.0,False,main,True
9922,0,5,5.4370476307642015,6.5629523692357985,0.45308730256368346,0.6853787672723547,354.0,51.0,False,main,True
9922,0,6,5.4370476307642015,7.5629523692357985,0.4182344331357078,0.6429083751429008,630.0,67.0,False,main,True
1491,1,1,6.552150288183859,1.4478497118161406,0.8190187860229824,0.9766398044892345,16.0,8.0,False,main,True
1491,2,2,7.552150288183859,1.4478497118161406,0.8391278097982066,0.9796182106280307,13.0,7.0,False,main,False
1491,3,3,8.55215028818386,1.4478497118161406,0.855215028818386,0.9819226028651186,10.0,6.0,False,main,False
1491,4,4,9.55215028818386,1.4478497118161406,0.8683772989258055,0.9837586198568651,8.0,5.0,False,main,False
1491,5,5,10.55215028818386,1.4478497118161406,0.879345857348655,0.9852559389055425,6.0,4.0,False,main,False
1491,6,6,11.55215028818386,1.4478497118161406,0.8886269452449123,0.9865003960792785,4.0,3.0,False,main,False
1491,7,7,12.55215028818386,1.4478497118161406,0.8965821634417043,0.9875510745397722,2.0,2.0,False,main,False
1491,8,8,13.55215028818386,1.4478497118161406,0.903476685878924,0.9884499762718524,1.0,1.0,False,main,False
1491,9,9,14.55215028818386,1.4478497118161406,0.9095093930114913,0.9892277800500652,-1.0,-1.0,True,main,False
10525,0,1,5.342703127940528,2.657296872059472,0.667837890992566,0.8996942484916848,45.0,15.0,False,main,True
10525,0,2,5.342703127940528,3.657296872059472,0.5936336808822809,0.8368266687839634,79.0,22.0,False,main,False
10525,0,3,5.342703127940528,4.657296872059472,0.5342703127940528,0.7781809067992371,134.0,30.0,False,main,False
10525,0,4,5.342703127940528,5.657296872059472,0.4857002843582298,0.7252167455897204,228.0,40.0,False,main,True
10525,0,5,5.342703127940528,6.657296872059472,0.44522526066171064,0.6778960407668226,397.0,53.0,False,main,True
11359,1,1,6.361863008360383,1.638136991639617,0.7952328760450479,0.9674240113075958,18.0,9.0,False,main,True
11185,1,1,6.430263328598922,1.5697366714010776,0.8037829160748653,0.9708838581197792,17.0,9.0,False,main,True
11185,2,2,7.430263328598922,1.5697366714010776,0.8255848142887692,0.9746182640883659,14.0,7.0,False,main,False
11185,3,3,8.430263328598922,1.5697366714010776,0.8430263328598923,0.9775029209695204,11.0,6.0,False,main,False
11185,4,4,9.430263328598922,1.5697366714010776,0.8572966662362657,0.9797984118481211,8.0,5.0,False,main,False
11185,5,5,10.430263328598922,1.5697366714010776,0.8691886107165768,0.9816686005123199,6.0,4.0,False,main,False
11185,6,6,11.430263328598922,1.5697366714010776,0.8792510252768402,0.9832217137521886,4.0,3.0,False,main,False
11185,7,7,12.430263328598922,1.5697366714010776,0.8878759520427801,0.9845321155938853,2.0,2.0,False,main,False
11185,8,8,13.430263328598922,1.5697366714010776,0.8953508885732615,0.9856525946771809,1.0,1.0,False,main,False
11185,9,9,14.430263328598922,1.5697366714010776,0.9018914580374326,0.9866216618791607,-1.0,-1.0,True,main,False
6748,0,1,5.459747976468674,2.5402520235313264,0.6824684970585843,0.9088190976228459,41.0,15.0,False,main,True
7366,1,1,6.565994784721882,1.4340052152781175,0.8207493480902353,0.9772591410706628,16.0,8.0,False,main,True
6110,0,1,5.318658784562876,2.681341215437124,0.6648323480703595,0.8977814194536003,46.0,15.0,False,main,True
5052,0,1,5.181459619024796,2.818540380975204,0.6476824523780995,0.8866227335908734,51.0,16.0,False,main,True
9286,0,1,5.481802927268192,2.518197072731808,0.685225365908524,0.9105033159645344,41.0,15.0,False,main,True
11973,1,1,6.472595504604789,1.5274044953952106,0.8090744380755986,0.9729436022382648,17.0,8.0,False,main,True
11973,2,2,7.472595504604789,1.5274044953952106,0.8302883894005322,0.9764067164601543,13.0,7.0,False,main,False
11973,3,3,8.47259550460479,1.5274044953952106,0.847259550460479,0.9790833075378218,11.0,6.0,False,main,False
11973,4,4,9.47259550460479,1.5274044953952106,0.8611450458731628,0.9812141432851286,8.0,5.0,False,main,False
11973,5,5,10.47259550460479,1.5274044953952106,0.8727162920503991,0.982950775133515,6.0,4.0,False,main,False
11973,6,6,11.47259550460479,1.5274044953952106,0.8825073465080607,0.9843933742898999,4.0,3.0,False,main,False
11973,7,7,12.47259550460479,1.5274044953952106,0.8908996789003422,0.9856108117645372,2.0,2.0,False,main,False
11973,8,8,13.47259550460479,1.5274044953952106,0.8981730336403193,0.986652001387085,1.0,1.0,False,main,False
11973,9,9,14.47259550460479,1.5274044953952106,0.9045372190377994,0.9875526421815348,-1.0,-1.0,True,main,False
10591,1,1,6.5791520216283015,1.420847978371699,0.8223940027035377,0.9778410344729433,16.0,8.0,False,main,True
10591,2,2,7.5791520216283015,1.420847978371699,0.8421280024031446,0.980662525589892,13.0,7.0,False,main,False
10591,3,3,8.579152021628301,1.420847978371699,0.8579152021628301,0.9828462955113774,10.0,6.0,False,main,False
10591,4,4,9.579152021628301,1.420847978371699,0.8708320019662092,0.9845866886210581,8.0,5.0,False,main,False
10591,5,5,10.579152021628301,1.420847978371699,0.8815960018023584,0.9860063363648006,6.0,4.0,False,main,False
10591,6,6,11.579152021628301,1.420847978371699,0.8907040016637155,0.9871864506120565,4.0,3.0,False,main,False
10591,7,7,12.579152021628301,1.420847978371699,0.8985108586877358,0.9881829535056864,2.0,2.0,False,main,False
10591,8,8,13.579152021628301,1.420847978371699,0.9052768014418867,0.9890356127003599,1.0,1.0,False,main,False
10591,9,9,14.579152021628301,1.420847978371699,0.9111970013517688,0.9897734828307423,-1.0,-1.0,True,main,False
10971,1,1,6.276260916651317,1.7237390833486823,0.7845326145814147,0.9628727703931623,19.0,9.0,False,main,True
10971,2,2,7.276260916651317,1.7237390833486823,0.8084734351834797,0.9676698820045422,15.0,7.0,False,main,False
10971,3,3,8.276260916651317,1.7237390833486823,0.8276260916651317,0.9713679314926261,12.0,6.0,False,main,False
10971,4,4,9.276260916651317,1.7237390833486823,0.8432964469683015,0.9743061213228903,9.0,5.0,False,main,False
10971,5,5,10.276260916651317,1.7237390833486823,0.8563550763876098,0.9766969933101962,7.0,4.0,False,main,False
10971,6,6,11.276260916651317,1.7237390833486823,0.8674046858962552,0.978680535777752,5.0,3.0,False,main,False
10971,7,7,12.276260916651317,1.7237390833486823,0.8768757797608083,0.9803527235396051,3.0,2.0,False,main,False
10971,8,8,13.276260916651317,1.7237390833486823,0.8850840611100879,0.981781562632599,1.0,1.0,False,main,False
10971,9,9,14.276260916651317,1.7237390833486823,0.8922663072907073,0.9830165905722407,-1.0,-1.0,True,main,False
4617,1,1,6.170044580818556,1.8299554191814447,0.7712555726023195,0.9568986689386929,21.0,9.0,False,main,True
7882,1,1,6.4058068399427786,1.5941931600572214,0.8007258549928473,0.9696652536727521,18.0,9.0,False,main,True
7882,2,2,7.4058068399427786,1.5941931600572214,0.8228674266603088,0.9735605487461796,14.0,7.0,False,main,False
7882,3,3,8.405806839942779,1.5941931600572214,0.8405806839942779,0.9765685155707235,11.0,6.0,False,main,False
7882,4,4,9.405806839942779,1.5941931600572214,0.8550733490857071,0.9789615389748065,9.0,5.0,False,main,False
7882,5,5,10.405806839942779,1.5941931600572214,0.8671505699952315,0.980910807230072,6.0,4.0,False,main,False
7882,6,6,11.405806839942779,1.5941931600572214,0.8773697569186752,0.9825293349453976,4.0,3.0,False,main,False
7882,7,7,12.405806839942779,1.5941931600572214,0.8861290599959127,0.9838947485418007,2.0,2.0,False,main,False
7882,8,8,13.405806839942779,1.5941931600572214,0.8937204559961852,0.9850621366118616,1.0,1.0,False,main,False
7882,9,9,14.405806839942779,1.5941931600572214,0.9003629274964237,0.9860716782291322,-1.0,-1.0,True,main,False
11990,0,1,5.529893046887899,2.4701069531121007,0.6912366308609874,0.9141362904498705,39.0,14.0,False,main,True
11933,1,1,6.407939394422028,1.592060605577972,0.8009924243027535,0.9697723380685995,18.0,9.0,False,main,True
11933,2,2,7.407939394422028,1.592060605577972,0.8231043771580031,0.9736534837701017,14.0,7.0,False,main,True
11933,3,3,8.407939394422028,1.592060605577972,0.8407939394422028,0.9766506085614561,11.0,6.0,False,main,False
11933,4,4,9.407939394422028,1.592060605577972,0.8552672176747298,0.9790350578858329,8.0,5.0,False,main,False
11933,5,5,10.407939394422028,1.592060605577972,0.8673282828685024,0.9809773751979136,6.0,4.0,False,main,False
11933,6,6,11.407939394422028,1.592060605577972,0.8775337995709253,0.9825901537352782,4.0,3.0,False,main,False
11933,7,7,12.407939394422028,1.592060605577972,0.8862813853158592,0.9839507328683662,2.0,2.0,False,main,False
11933,8,8,13.407939394422028,1.592060605577972,0.8938626262948018,0.9851139988622689,1.0,1.0,False,main,False
11933,9,9,14.407939394422028,1.592060605577972,0.9004962121513768,0.9861199840629722,-1.0,-1.0,True,main,False
8372,0,1,5.1851552774085095,2.8148447225914905,0.6481444096760637,0.886928678830564,51.0,16.0,False,main,True
8372,0,2,5.1851552774085095,3.8148447225914905,0.576128364156501,0.8233717030823545,90.0,23.0,False,main,False
8372,0,3,5.1851552774085095,4.8148447225914905,0.518515527740851,0.7647550436865159,156.0,32.0,False,main,True
8372,0,4,5.1851552774085095,5.8148447225914905,0.4713777524916827,0.7121231704887081,272.0,43.0,False,main,True
8372,0,5,5.1851552774085095,6.8148447225914905,0.4320962731173758,0.6652615249177828,489.0,57.0,False,main,True
6185,0,1,5.327062679545089,2.672937320454911,0.6658828349431362,0.8984514519599036,46.0,15.0,False,main,True
7555,1,1,6.4734749113180525,1.5265250886819473,0.8091843639147566,0.9729857167901266,17.0,8.0,False,main,True
4599,1,1,6.54586472780859,1.4541352721914098,0.8182330909760738,0.9763562479960239,16.0,8.0,False,main,True
10898,1,1,6.305292469784226,1.6947075302157741,0.7881615587230283,0.9644432646846699,19.0,9.0,False,main,True
10898,2,2,7.305292469784226,1.6947075302157741,0.8116991633093584,0.9690311286433689,15.0,7.0,False,main,False
10898,3,3,8.305292469784227,1.6947075302157741,0.8305292469784226,0.9725692201153369,12.0,6.0,False,main,False
10898,4,4,9.305292469784227,1.6947075302157741,0.8459356790712932,0.975381139480295,9.0,5.0,False,main,False
10898,5,5,10.305292469784227,1.6947075302157741,0.8587743724820188,0.9776697894250604,7.0,4.0,False,main,False
10898,6,6,11.305292469784227,1.6947075302157741,0.8696378822910943,0.9795688794983742,4.0,3.0,False,main,False
10898,7,7,12.305292469784227,1.6947075302157741,0.8789494621274447,0.9811701181043267,3.0,2.0,False,main,False
10898,8,8,13.305292469784227,1.6947075302157741,0.8870194979856151,0.9825385103286842,1.0,1.0,False,main,False
10898,9,9,14.305292469784227,1.6947075302157741,0.8940807793615142,0.9837214211426366,-1.0,-1.0,True,main,False
9012,1,1,6.417159467321157,1.5828405326788433,0.8021449334151446,0.9702335073445599,18.0,9.0,False,main,True
10850,0,1,5.30257244871197,2.69742755128803,0.6628215560889963,0.8964944930239118,46.0,15.0,False,main,True
10850,0,2,5.30257244871197,3.69742755128803,0.5891747165235522,0.8334340675460893,81.0,22.0,False,main,False
10850,0,3,5.30257244871197,4.69742755128803,0.5302572448711971,0.7747866678495983,139.0,30.0,False,main,True
10850,0,4,5.30257244871197,5.69742755128803,0.4820520407919973,0.721901694576164,239.0,41.0,False,main,True
8268,1,1,6.398202968862348,1.601797031137652,0.7997753711077935,0.9692821568557285,18.0,9.0,False,main,True
8268,2,2,7.398202968862348,1.601797031137652,0.8220225520958164,0.9732280893307217,14.0,7.0,False,main,False
8268,3,3,8.398202968862348,1.601797031137652,0.8398202968862348,0.9762748535064208,11.0,6.0,False,main,False
8268,4,4,9.398202968862348,1.601797031137652,0.8543820880783953,0.9786985562628064,9.0,5.0,False,main,False
8268,5,5,10.398202968862348,1.601797031137652,0.8665169140718624,0.980672694570255,6.0,4.0,False,main,False
8268,6,6,11.398202968862348,1.601797031137652,0.8767848437586422,0.9823117915114542,4.0,3.0,False,main,False
8268,7,7,12.398202968862348,1.601797031137652,0.8855859263473106,0.9836945010150828,2.0,2.0,False,main,False
8268,8,8,13.398202968862348,1.601797031137652,0.8932135312574899,0.9848766358493063,1.0,1.0,False,main,False
8268,9,9,14.398202968862348,1.601797031137652,0.8998876855538968,0.9858989002207877,-1.0,-1.0,True,main,False
10852,1,1,6.2290108536669155,1.770989146333085,0.7786263567083644,0.9602588989236185,20.0,9.0,False,main,True
10852,2,2,7.2290108536669155,1.770989146333085,0.8032234281852129,0.9654052266299361,15.0,8.0,False,main,False
10852,3,3,8.229010853666916,1.770989146333085,0.8229010853666916,0.9693700225873149,12.0,6.0,False,main,False
10852,4,4,9.229010853666916,1.770989146333085,0.8390009866969923,0.9725186563260527,9.0,5.0,False,main,False
10852,5,5,10.229010853666916,1.770989146333085,0.8524175711389096,0.9750798135424362,7.0,4.0,False,main,False
10852,6,6,11.229010853666916,1.770989146333085,0.8637700656666858,0.9772039872357967,5.0,3.0,False,main,False
10852,7,7,12.229010853666916,1.770989146333085,0.8735007752619225,0.9789942840993412,3.0,2.0,False,main,False
10852,8,8,13.229010853666916,1.770989146333085,0.8819340569111277,0.9805237232286537,1.0,1.0,False,main,False
10852,9,9,14.229010853666916,1.770989146333085,0.8893131783541822,0.9818454692941421,-1.0,-1.0,True,main,False
3558,1,1,6.292244530886062,1.7077554691139376,0.7865305663607578,0.9637408042222338,19.0,9.0,False,main,True
10161,1,1,6.221841141926674,1.7781588580733256,0.7777301427408343,0.9598560992050215,20.0,9.0,False,main,True
10161,2,2,7.221841141926674,1.7781588580733256,0.8024267935474083,0.9650563456407061,16.0,8.0,False,main,False
10161,3,3,8.221841141926674,1.7781588580733256,0.8221841141926675,0.9690623040793472,12.0,6.0,False,main,False
10161,4,4,9.221841141926674,1.7781588580733256,0.8383491947206068,0.9722433983668186,9.0,5.0,False,main,False
10161,5,5,10.221841141926674,1.7781588580733256,0.8518200951605562,0.9748308130589677,7.0,4.0,False,main,False
10161,6,6,11.221841141926674,1.7781588580733256,0.8632185493789749,0.9769766659094773,5.0,3.0,False,main,False
10161,7,7,12.221841141926674,1.7781588580733256,0.8729886529947625,0.9787851660356074,3.0,2.0,False,main,False
10161,8,8,13.221841141926674,1.7781588580733256,0.881456076128445,0.9803301070593782,1.0,1.0,False,main,False
10161,9,9,14.221841141926674,1.7781588580733256,0.8888650713704171,0.981665213827436,-1.0,-1.0,True,main,False
3383,1,1,6.289807188559474,1.7101928114405254,0.7862258985699343,0.9636089717327715,19.0,9.0,False,main,True
260,0,1,5.404128115578205,2.5958718844217947,0.6755160144472756,0.9045218588425883,43.0,15.0,False,main,True
10205,1,1,6.2673745799460105,1.7326254200539895,0.7834218224932513,0.9623866126842209,19.0,9.0,False,main,True
10205,2,2,7.2673745799460105,1.7326254200539895,0.8074860644384456,0.9672485860508659,15.0,7.0,False,main,False
10205,3,3,8.267374579946011,1.7326254200539895,0.8267374579946012,0.9709961994478419,12.0,6.0,False,main,False
10205,4,4,9.267374579946011,1.7326254200539895,0.8424885981769101,0.9739735034056077,9.0,5.0,False,main,False
10205,5,5,10.267374579946011,1.7326254200539895,0.8556145483288343,0.976396032874494,7.0,4.0,False,main,False
10205,6,6,11.267374579946011,1.7326254200539895,0.8667211215343086,0.9784057248334281,5.0,3.0,False,main,False
10205,7,7,12.267374579946011,1.7326254200539895,0.8762410414247152,0.9800998776506817,3.0,2.0,False,main,False
10205,8,8,13.267374579946011,1.7326254200539895,0.8844916386630675,0.9815474280228947,1.0,1.0,False,main,False
10205,9,9,14.267374579946011,1.7326254200539895,0.8917109112466257,0.9827985870294343,-1.0,-1.0,True,main,False
4875,1,1,6.209719865546353,1.7902801344536474,0.7762149831932941,0.9591714594506102,20.0,9.0,False,main,True
9937,1,1,6.3541963051482755,1.645803694851725,0.7942745381435344,0.967026286525638,18.0,9.0,False,main,True
9937,2,2,7.3541963051482755,1.645803694851725,0.8171329227942529,0.9712709528188066,14.0,7.0,False,main,False
9937,3,3,8.354196305148275,1.645803694851725,0.8354196305148275,0.9745464803297046,11.0,6.0,False,main,False
9937,4,4,9.354196305148275,1.645803694851725,0.8503814822862068,0.9771510072974845,9.0,5.0,False,main,False
9937,5,5,10.354196305148275,1.645803694851725,0.8628496920956895,0.9792716836156496,6.0,4.0,False,main,False
9937,6,6,11.354196305148275,1.645803694851725,0.8733997157806365,0.9810319466594742,4.0,3.0,False,main,False
9937,7,7,12.354196305148275,1.645803694851725,0.8824425932248767,0.9825165189514989,3.0,2.0,False,main,False
9937,8,8,13.354196305148275,1.645803694851725,0.8902797536765517,0.9837854883604605,1.0,1.0,False,main,False
9937,9,9,14.354196305148275,1.645803694851725,0.8971372690717672,0.9848826579766233,-1.0,-1.0,True,main,False
1611,1,1,6.292565597832347,1.707434402167653,0.7865706997290434,0.9637581559258234,19.0,9.0,False,main,True
5965,1,1,6.571280927513358,1.4287190724866419,0.8214101159391698,0.9774937139661427,16.0,8.0,False,main,True
2635,1,1,6.259433368353847,1.7405666316461534,0.7824291710442308,0.9619500202426956,19.0,9.0,False,main,True
3847,1,1,6.370009987660698,1.629990012339302,0.7962512484575872,0.9678444824414806,18.0,9.0,False,main,True
10802,0,1,5.3764073598674,2.6235926401325997,0.672050919983425,0.9023537410760234,44.0,15.0,False,main,True
10802,0,2,5.3764073598674,3.6235926401325997,0.5973785955408223,0.8396575466630541,77.0,21.0,False,main,False
10802,0,3,5.3764073598674,4.6235926401326,0.53764073598674,0.7810180505594141,130.0,30.0,False,main,False
10802,0,4,5.3764073598674,5.6235926401326,0.48876430544249094,0.727990306594115,220.0,40.0,False,main,True
10802,0,5,5.3764073598674,6.6235926401326,0.4480339466556167,0.6805763445806383,381.0,53.0,False,main,True
5396,1,1,6.499020586841861,1.500979413158139,0.8123775733552326,0.9741969566791361,17.0,8.0,False,main,True
5396,2,2,7.499020586841861,1.500979413158139,0.8332245096490957,0.9774953989970896,13.0,7.0,False,main,True
5396,3,3,8.499020586841862,1.500979413158139,0.849902058684186,0.9800456079766249,11.0,6.0,False,main,False
5396,4,4,9.499020586841862,1.500979413158139,0.8635473260765327,0.9820763767738744,8.0,5.0,False,main,False
5396,5,5,10.499020586841862,1.500979413158139,0.8749183822368217,0.9837318072707885,6.0,4.0,False,main,False
5396,6,6,11.499020586841862,1.500979413158139,0.8845400451416816,0.9851071920955522,4.0,3.0,False,main,False
5396,7,7,12.499020586841862,1.500979413158139,0.8927871847744187,0.9862680731152724,2.0,2.0,False,main,False
5396,8,8,13.499020586841862,1.500979413158139,0.8999347057894573,0.9872610143224434,1.0,1.0,False,main,False
5396,9,9,14.499020586841862,1.500979413158139,0.9061887866776164,0.9881200086540509,-1.0,-1.0,True,main,False
1478,1,1,6.257580252566796,1.7424197474332046,0.7821975315708495,0.9618478496465007,20.0,9.0,False,main,True
4719,1,1,6.493595584146381,1.506404415853619,0.8116994480182976,0.9739417019916297,17.0,8.0,False,main,True
8629,1,1,6.504720745796526,1.4952792542034739,0.8130900932245657,0.9744640066406847,17.0,8.0,False,main,True
532,0,1,5.532757034525719,2.4672429654742807,0.6915946293157149,0.9143509331363615,39.0,14.0,False,main,True
7323,1,1,6.2678407574268995,1.7321592425731005,0.7834800946783624,0.9624121795137582,19.0,9.0,False,main,True
7323,2,2,7.2678407574268995,1.7321592425731005,0.8075378619363222,0.9672707408026255,15.0,7.0,False,main,True
7323,3,3,8.2678407574269,1.7321592425731005,0.82678407574269,0.9710157470962529,12.0,6.0,False,main,False
7323,4,4,9.2678407574269,1.7321592425731005,0.8425309779479,0.9739909937525458,9.0,5.0,False,main,False
7323,5,5,10.2678407574269,1.7321592425731005,0.8556533964522416,0.976411858205474,7.0,4.0,False,main,False
7323,6,6,11.2678407574269,1.7321592425731005,0.8667569813405307,0.9784201748962718,5.0,3.0,False,main,False
7323,7,7,12.2678407574269,1.7321592425731005,0.8762743398162071,0.9801131725546397,3.0,2.0,False,main,False
7323,8,8,13.2678407574269,1.7321592425731005,0.8845227171617933,0.9815597389144081,1.0,1.0,False,main,False
7323,9,9,14.2678407574269,1.7321592425731005,0.8917400473391812,0.9828100496203848,-1.0,-1.0,True,main,False
10475,1,1,6.282243179579787,1.7177568204202134,0.7852803974474734,0.9631986200126561,19.0,9.0,False,main,True
10475,2,2,7.282243179579787,1.7177568204202134,0.8091381310644208,0.9679522808085625,15.0,7.0,False,main,False
10475,3,3,8.282243179579787,1.7177568204202134,0.8282243179579787,0.9716171224201976,12.0,6.0,False,main,False
10475,4,4,9.282243179579787,1.7177568204202134,0.8438402890527079,0.9745291027095508,9.0,5.0,False,main,False
10475,5,5,10.282243179579787,1.7177568204202134,0.8568535982983155,0.9768987597734656,7.0,4.0,False,main,False
10475,6,6,11.282243179579787,1.7177568204202134,0.8678648599676759,0.9788647771612691,5.0,3.0,False,main,False
10475,7,7,12.282243179579787,1.7177568204202134,0.877303084255699,0.980522243320922,3.0,2.0,False,main,False
10475,8,8,13.282243179579787,1.7177568204202134,0.8854828786386525,0.9819385409561255,1.0,1.0,False,main,False
10475,9,9,14.282243179579787,1.7177568204202134,0.8926401987237367,0.9831627563960035,-1.0,-1.0,True,main,False
3173,0,1,5.315334753247676,2.684665246752324,0.6644168441559595,0.897515964299811,46.0,15.0,False,main,True
12049,1,1,6.463352916789746,1.5366470832102543,0.8079191145987182,0.9724993064867617,17.0,8.0,False,main,True
3198,0,1,5.544479959583688,2.4555200404163124,0.693059994947961,0.915227486580622,39.0,14.0,False,main,True
10859,1,1,6.418584135012605,1.5814158649873957,0.8023230168765756,0.9703045036484208,18.0,9.0,False,main,True
10859,2,2,7.418584135012605,1.5814158649873957,0.8242871261125116,0.9741153649910891,14.0,7.0,False,main,False
10859,3,3,8.418584135012605,1.5814158649873957,0.8418584135012604,0.9770586270434833,11.0,6.0,False,main,False
10859,4,4,9.418584135012605,1.5814158649873957,0.8562349213647823,0.9794004765236578,8.0,5.0,False,main,False
10859,5,5,10.418584135012605,1.5814158649873957,0.8682153445843838,0.9813082557774556,6.0,4.0,False,main,False
10859,6,6,11.418584135012605,1.5814158649873957,0.8783526257702003,0.9828924658345857,4.0,3.0,False,main,False
10859,7,7,12.418584135012605,1.5814158649873957,0.8870417239294718,0.9842290205932382,2.0,2.0,False,main,False
10859,8,8,13.418584135012605,1.5814158649873957,0.894572275667507,0.985371801460848,1.0,1.0,False,main,False
10859,9,9,14.418584135012605,1.5814158649873957,0.9011615084382878,0.9863601119934716,-1.0,-1.0,True,main,False
11506,1,1,6.436071366335269,1.563928633664731,0.8045089207919086,0.9711701973055701,17.0,9.0,False,main,True
11506,2,2,7.436071366335269,1.563928633664731,0.8262301518150299,0.9748668398577878,14.0,7.0,False,main,True
11506,3,3,8.43607136633527,1.563928633664731,0.8436071366335269,0.9777225449027108,11.0,6.0,False,main,False
11506,4,4,9.43607136633527,1.563928633664731,0.8578246696668427,0.9799951308426198,8.0,5.0,False,main,False
11506,5,5,10.43607136633527,1.563928633664731,0.8696726138612725,0.9818467447077803,6.0,4.0,False,main,False
11506,6,6,11.43607136633527,1.563928633664731,0.8796977974104053,0.9833844906238538,4.0,3.0,False,main,False
11506,7,7,12.43607136633527,1.563928633664731,0.8882908118810907,0.9846819673862991,2.0,2.0,False,main,False
11506,8,8,13.43607136633527,1.563928633664731,0.895738091089018,0.9857914240100218,1.0,1.0,False,main,False
11506,9,9,14.43607136633527,1.563928633664731,0.9022544603959544,0.9867509798848277,-1.0,-1.0,True,main,False
2329,1,1,6.238578567874681,1.7614214321253194,0.7798223209843351,0.9607939032851163,20.0,9.0,False,main,True
2983,1,1,6.311811269577469,1.688188730422531,0.7889764086971837,0.9647921351560594,19.0,9.0,False,main,True
3862,1,1,6.464496426751891,1.5355035732481084,0.8080620533439864,0.972554440689867,17.0,8.0,False,main,True
7299,1,1,6.581281420242048,1.4187185797579518,0.822660177530256,0.9779345923259296,16.0,8.0,False,main,True
7299,2,2,7.581281420242048,1.4187185797579518,0.8423646022491165,0.980743875063976,13.0,7.0,False,main,True
7299,3,3,8.581281420242048,1.4187185797579518,0.8581281420242048,0.9829182575173365,10.0,6.0,False,main,False
7299,4,4,9.581281420242048,1.4187185797579518,0.871025583658368,0.984651206996052,8.0,5.0,False,main,False
7299,5,5,10.581281420242048,1.4187185797579518,0.8817734516868373,0.9860648075119557,6.0,4.0,False,main,False
7299,6,6,11.581281420242048,1.4187185797579518,0.8908678015570806,0.9872399115114023,4.0,3.0,False,main,False
7299,7,7,12.581281420242048,1.4187185797579518,0.8986629585887177,0.9882321953643685,2.0,2.0,False,main,False
7299,8,8,13.581281420242048,1.4187185797579518,0.9054187613494699,0.9890812529587243,1.0,1.0,False,main,False
7299,9,9,14.581281420242048,1.4187185797579518,0.911330088765128,0.9898160125903128,-1.0,-1.0,True,main,False
7384,0,1,5.50886065160494,2.49113934839506,0.6886075814506175,0.9125540771524354,40.0,15.0,False,main,True
6558,0,1,5.363173034211722,2.636826965788278,0.6703966292764653,0.9013125123019429,44.0,15.0,False,main,True
6558,0,2,5.363173034211722,3.636826965788278,0.5959081149124136,0.8385479846213892,77.0,22.0,False,main,False
6558,0,3,5.363173034211722,4.636826965788278,0.5363173034211722,0.7799054918114917,132.0,30.0,False,main,False
6558,0,4,5.363173034211722,5.636826965788278,0.4875611849283384,0.7269023943698403,224.0,40.0,False,main,False
6558,0,5,5.363173034211722,6.636826965788278,0.44693108618431016,0.6795248407992746,387.0,53.0,False,main,False
6558,0,6,5.363173034211722,7.636826965788278,0.4125517718624402,0.6372799369374492,701.0,70.0,False,main,True
6558,0,7,5.363173034211722,8.636826965788277,0.38308378815798017,0.5995628417352417,1372.0,91.0,False,main,True
6558,0,8,5.363173034211722,9.636826965788277,0.35754486894744814,0.5657874245158802,3074.0,119.0,False,main,True
6558,0,9,5.363173034211722,10.636826965788277,0.33519831463823263,0.5354288931021431,-1.0,155.0,False,main,True
10597,0,1,5.481482558056932,2.518517441943068,0.6851853197571165,0.9104789320388607,41.0,15.0,False,main,True
10597,0,2,5.481482558056932,3.518517441943068,0.6090536175618814,0.8483741151694304,70.0,21.0,False,main,False
10597,0,3,5.481482558056932,4.518517441943068,0.5481482558056932,0.789783457378344,118.0,28.0,False,main,True
10597,0,4,5.481482558056932,5.518517441943068,0.4983165961869938,0.7365748847131564,198.0,38.0,False,main,True
8121,1,1,6.265128849312371,1.7348711506876286,0.7831411061640464,0.962263351303568,19.0,9.0,False,main,True
8121,2,2,7.265128849312371,1.7348711506876286,0.8072365388124857,0.9671417763844823,15.0,8.0,False,main,False
8121,3,3,8.265128849312372,1.7348711506876286,0.8265128849312372,0.9709019598711687,12.0,6.0,False,main,False
8121,4,4,9.265128849312372,1.7348711506876286,0.8422844408465793,0.9738891828520991,9.0,5.0,False,main,False
8121,5,5,10.265128849312372,1.7348711506876286,0.8554274041093644,0.9763197398556924,7.0,4.0,False,main,False
8121,6,6,11.265128849312372,1.7348711506876286,0.8665483730240287,0.9783360623012026,5.0,3.0,False,main,False
8121,7,7,12.265128849312372,1.7348711506876286,0.8760806320937409,0.980035784346461,3.0,2.0,False,main,False
8121,8,8,13.265128849312372,1.7348711506876286,0.8843419232874915,0.9814880787756692,1.0,1.0,False,main,False
8121,9,9,14.265128849312372,1.7348711506876286,0.8915705530820233,0.9827433275221616,-1.0,-1.0,True,main,False
1721,1,1,6.374820845491966,1.6251791545080336,0.7968526056864957,0.9680917207538693,18.0,9.0,False,main,True
1660,1,1,6.436625148978292,1.5633748510217074,0.8045781436222865,0.9711974373802786,17.0,9.0,False,main,True
8934,0,1,5.452592173194071,2.5474078268059297,0.6815740216492588,0.9082702240908912,41.0,15.0,False,main,True
7589,1,1,6.395723228367595,1.6042767716324042,0.7994654035459494,0.9691567933802365,18.0,9.0,False,main,True
1744,1,1,6.209821680390585,1.7901783196094159,0.7762277100488231,0.9591772292858752,20.0,9.0,False,main,True
12024,0,1,5.4975833859371255,2.5024166140628745,0.6871979232421407,0.9117014323239565,40.0,15.0,False,main,True
2357,0,1,5.3241462800648565,2.675853719935144,0.6655182850081071,0.8982191092610669,46.0,15.0,False,main,True
9022,0,1,5.306974854929452,2.6930251450705476,0.6633718568661815,0.896847262031179,46.0,15.0,False,main,True
9127,0,1,5.330097656092075,2.669902343907925,0.6662622070115094,0.8986930399256413,45.0,15.0,False,main,True
6147,1,1,6.506830727251928,1.4931692727480719,0.813353840906491,0.9745625584402204,17.0,8.0,False,main,True
4806,1,1,6.157535552593391,1.8424644474066096,0.7696919440741739,0.956172086579343,21.0,9.0,False,main,True
5855,0,1,5.180192945115227,2.819807054884773,0.6475241181394034,0.8865178042706305,51.0,16.0,False,main,True
10972,0,1,5.167685663206417,2.8323143367935826,0.6459607079008022,0.8854798681651943,52.0,16.0,False,main,True
10972,0,2,5.167685663206417,3.8323143367935826,0.5741872959118242,0.8218573781056259,92.0,23.0,False,main,False
10972,0,3,5.167685663206417,4.832314336793583,0.5167685663206417,0.7632497271113916,159.0,32.0,False,main,True
10972,0,4,5.167685663206417,5.832314336793583,0.46978960574603795,0.7106582007162503,278.0,43.0,False,main,True
6717,1,1,6.547109666413061,1.4528903335869394,0.8183887083016326,0.9764125272688227,16.0,8.0,False,main,True
6717,2,2,7.547109666413061,1.4528903335869394,0.8385677407125622,0.9794206567047136,13.0,7.0,False,main,False
6717,3,3,8.54710966641306,1.4528903335869394,0.8547109666413061,0.9817478902498433,10.0,6.0,False,main,False
6717,4,4,9.54710966641306,1.4528903335869394,0.8679190605830055,0.983602010343887,8.0,5.0,False,main,False
6717,5,5,10.54710966641306,1.4528903335869394,0.8789258055344217,0.9851140309332235,6.0,4.0,False,main,False
6717,6,6,11.54710966641306,1.4528903335869394,0.8882392051086969,0.9863706649478138,4.0,3.0,False,main,False
6717,7,7,12.54710966641306,1.4528903335869394,0.8962221190295043,0.9874315947492571,2.0,2.0,False,main,False
6717,8,8,13.54710966641306,1.4528903335869394,0.9031406444275374,0.988339245740154,1.0,1.0,False,main,False
6717,9,9,14.54710966641306,1.4528903335869394,0.9091943541508163,0.9891246044057576,-1.0,-1.0,True,main,False
2818,1,1,6.561384009567478,1.4386159904325226,0.8201730011959347,0.9770536770492221,16.0,8.0,False,main,True
2818,2,2,7.561384009567478,1.4386159904325226,0.8401537788408309,0.9799779849319813,13.0,7.0,False,main,True
2818,3,3,8.561384009567478,1.4386159904325226,0.8561384009567478,0.9822407986103904,10.0,6.0,False,main,False
2818,4,4,9.561384009567478,1.4386159904325226,0.869216728142498,0.9840438584925151,8.0,5.0,False,main,False
2818,5,5,10.561384009567478,1.4386159904325226,0.8801153341306232,0.9855144107292817,6.0,4.0,False,main,False
2818,6,6,11.561384009567478,1.4386159904325226,0.8893372315051906,0.9867366962036332,4.0,3.0,False,main,False
2818,7,7,12.561384009567478,1.4386159904325226,0.8972417149691055,0.9877687078457842,2.0,2.0,False,main,False
2818,8,8,13.561384009567478,1.4386159904325226,0.9040922673044985,0.9886516771435032,1.0,1.0,False,main,False
2818,9,9,14.561384009567478,1.4386159904325226,0.9100865005979674,0.9894157228683763,-1.0,-1.0,True,main,False
3748,1,1,6.512315403374228,1.4876845966257721,0.8140394254217785,0.9748179735580185,17.0,8.0,False,main,True
3748,2,2,7.512315403374228,1.4876845966257721,0.8347017114860253,0.9780349406553365,13.0,7.0,False,main,True
3748,3,3,8.512315403374227,1.4876845966257721,0.8512315403374228,0.9805225941139494,10.0,6.0,False,main,False
3748,4,4,9.512315403374227,1.4876845966257721,0.8647559457612934,0.982503817458875,8.0,5.0,False,main,False
3748,5,5,10.512315403374227,1.4876845966257721,0.876026283614519,0.984119033572428,6.0,4.0,False,main,False
3748,6,6,11.512315403374227,1.4876845966257721,0.885562723336479,0.9854611244680636,4.0,3.0,False,main,False
3748,7,7,12.512315403374227,1.4876845966257721,0.8937368145267305,0.9865939862982737,2.0,2.0,False,main,False
3748,8,8,13.512315403374227,1.4876845966257721,0.9008210268916151,0.9875630210366831,1.0,1.0,False,main,False
3748,9,9,14.512315403374227,1.4876845966257721,0.9070197127108892,0.988401377694341,-1.0,-1.0,True,main,False
6537,0,1,5.3099766765396845,2.6900233234603155,0.6637470845674606,0.8970875542459615,46.0,15.0,False,main,True
10345,1,1,6.2791855776394225,1.7208144223605772,0.7848981972049278,0.9630322187328901,19.0,9.0,False,main,True
10345,2,2,7.2791855776394225,1.7208144223605772,0.8087983975154914,0.9678080661894988,15.0,7.0,False,main,False
10345,3,3,8.279185577639423,1.7208144223605772,0.8279185577639423,0.9714898647676714,12.0,6.0,False,main,False
10345,4,4,9.279185577639423,1.7208144223605772,0.8435623252399475,0.9744152287619546,9.0,5.0,False,main,False
10345,5,5,10.279185577639423,1.7208144223605772,0.8565987981366185,0.9767957192600504,7.0,4.0,False,main,False
10345,6,6,11.279185577639423,1.7208144223605772,0.8676296598184171,0.9787706859859212,5.0,3.0,False,main,False
10345,7,7,12.279185577639423,1.7208144223605772,0.8770846841171016,0.9804356699515135,3.0,2.0,False,main,False
10345,8,8,13.279185577639423,1.7208144223605772,0.8852790385092948,0.9818583721325531,1.0,1.0,False,main,False
10345,9,9,14.279185577639423,1.7208144223605772,0.8924490986024639,0.983088109237577,-1.0,-1.0,True,main,False
583,1,1,6.189300379825612,1.8106996201743883,0.7736625474782015,0.9580077912814211,20.0,9.0,False,main,True
3380,1,1,6.482930524242452,1.5170694757575482,0.8103663155303065,0.9734367920066663,17.0,8.0,False,main,True
7382,0,1,5.308858368826357,2.691141631173643,0.6636072961032946,0.8969980584404036,46.0,15.0,False,main,True
1645,0,1,5.428780050790609,2.5712199492093912,0.6785975063488261,0.9064352520223858,42.0,15.0,False,main,True
6308,1,1,6.370513130647358,1.6294868693526423,0.7963141413309197,0.9678703765097513,18.0,9.0,False,main,True
9592,1,1,6.485044786510742,1.5149552134892583,0.8106305983138428,0.973537212355865,17.0,8.0,False,main,True
9592,2,2,7.485044786510742,1.5149552134892583,0.831671642945638,0.9769222960341091,13.0,7.0,False,main,False
9592,3,3,8.485044786510741,1.5149552134892583,0.8485044786510741,0.9795390087587873,11.0,6.0,False,main,False
9592,4,4,9.485044786510741,1.5149552134892583,0.8622767987737038,0.9816224390369696,8.0,5.0,False,main,False
9592,5,5,10.485044786510741,1.5149552134892583,0.8737537322092285,0.9833206060085473,6.0,4.0,False,main,False
9592,6,6,11.485044786510741,1.5149552134892583,0.8834649835777493,0.9847313680817307,4.0,3.0,False,main,False
9592,7,7,12.485044786510741,1.5149552134892583,0.8917889133221958,0.9859220182505483,2.0,2.0,False,main,False
9592,8,8,13.485044786510741,1.5149552134892583,0.8990029857673828,0.9869403566575392,1.0,1.0,False,main,False
9592,9,9,14.485044786510741,1.5149552134892583,0.9053152991569213,0.9878212738230426,-1.0,-1.0,True,main,False
2836,0,1,5.387431666914285,2.6125683330857146,0.6734289583642856,0.9032180710921122,43.0,15.0,False,main,True
104,1,1,6.377809962959415,1.6221900370405846,0.7972262453699269,0.9682449415942729,18.0,9.0,False,main,True
11295,0,1,5.213134555312482,2.7868654446875176,0.6516418194140603,0.889235379874653,50.0,16.0,False,main,True
8746,0,1,5.564761454164358,2.435238545835641,0.6955951817705448,0.9167362683968281,38.0,14.0,False,main,True
1163,1,1,6.556745190911014,1.443254809088986,0.8195931488638768,0.9768461563930638,16.0,8.0,False,main,True
7986,0,1,5.379555125832654,2.620444874167345,0.6724443907290818,0.9026008135114616,44.0,15.0,False,main,True
7986,0,2,5.379555125832654,3.620444874167345,0.5977283473147393,0.8399210708092826,76.0,21.0,False,main,False
7986,0,3,5.379555125832654,4.620444874167346,0.5379555125832655,0.7812823900279064,130.0,29.0,False,main,True
7986,0,4,5.379555125832654,5.620444874167346,0.48905046598478674,0.7282488450062115,220.0,40.0,False,main,True
2499,1,1,6.16441043770441,1.8355895622955907,0.7705513047130512,0.9565720011032435,21.0,9.0,False,main,True
3317,1,1,6.551533589132213,1.4484664108677867,0.8189416986415267,0.9766120490553385,16.0,8.0,False,main,True
3317,2,2,7.551533589132213,1.4484664108677867,0.8390592876813571,0.9795940844655855,13.0,7.0,False,main,False
3317,3,3,8.551533589132212,1.4484664108677867,0.8551533589132212,0.9819012657940475,10.0,6.0,False,main,False
3317,4,4,9.551533589132212,1.4484664108677867,0.8683212353756556,0.9837394933827486,8.0,5.0,False,main,False
3317,5,5,10.551533589132212,1.4484664108677867,0.8792944657610177,0.9852386077069377,6.0,4.0,False,main,False
3317,6,6,11.551533589132212,1.4484664108677867,0.888579506856324,0.9864845518854681,4.0,3.0,False,main,False
3317,7,7,12.551533589132212,1.4484664108677867,0.8965381135094438,0.9875364822362147,2.0,2.0,False,main,False
3317,8,8,13.551533589132212,1.4484664108677867,0.9034355726088141,0.9884364524410122,1.0,1.0,False,main,False
3317,9,9,14.551533589132212,1.4484664108677867,0.9094708493207633,0.98921517884544,-1.0,-1.0,True,main,False
3205,0,1,5.2001151787075,2.7998848212925003,0.6500143973384375,0.8881641259362179,50.0,16.0,False,main,True
11655,0,1,5.551931568617998,2.4480684313820023,0.6939914460772497,0.9157829660677885,39.0,14.0,False,main,True
5133,0,1,5.256795466311885,2.7432045336881146,0.6570994332889857,0.892800967383515,48.0,16.0,False,main,True
6406,1,1,6.285995165442409,1.7140048345575911,0.7857493956803011,0.9634023986772723,19.0,9.0,False,main,True
6406,2,2,7.285995165442409,1.7140048345575911,0.8095550183824899,0.9681288958119331,15.0,7.0,False,main,True
6406,3,3,8.285995165442408,1.7140048345575911,0.8285995165442408,0.9717729751520985,12.0,6.0,False,main,False
6406,4,4,9.285995165442408,1.7140048345575911,0.8441813786765825,0.9746685674385352,9.0,5.0,False,main,False
6406,5,5,10.285995165442408,1.7140048345575911,0.8571662637868673,0.9770249586905632,7.0,4.0,False,main,False
6406,6,6,11.285995165442408,1.7140048345575911,0.8681534742648006,0.9789800170237679,5.0,3.0,False,main,False
6406,7,7,12.285995165442408,1.7140048345575911,0.8775710832458863,0.9806282768817619,3.0,2.0,False,main,False
6406,8,8,13.285995165442408,1.7140048345575911,0.8857330110294939,0.9820367313330944,1.0,1.0,False,main,False
6406,9,9,14.285995165442408,1.7140048345575911,0.8928746978401505,0.983254184657428,-1.0,-1.0,True,main,False
9251,1,1,6.269654200093842,1.730345799906158,0.7837067750117303,0.962511568898117,19.0,9.0,False,main,True
5688,1,1,6.542104335368297,1.4578956646317027,0.8177630419210371,0.9761859032447717,16.0,8.0,False,main,True
5688,2,2,7.542104335368297,1.4578956646317027,0.8380115928186996,0.9792236813357296,13.0,7.0,False,main,True
5688,3,3,8.542104335368297,1.4578956646317027,0.8542104335368297,0.9815736965313381,10.0,6.0,False,main,False
5688,4,4,9.542104335368297,1.4578956646317027,0.867464030488027,0.9834458710503177,8.0,5.0,False,main,False
5688,5,5,10.542104335368297,1.4578956646317027,0.8785086946140247,0.9849725527535629,6.0,4.0,False,main,False
5688,6,6,11.542104335368297,1.4578956646317027,0.8878541796437152,0.986241329523339,4.0,3.0,False,main,False
5688,7,7,12.542104335368297,1.4578956646317027,0.8958645953834498,0.9873124815512571,2.0,2.0,False,main,False
5688,8,8,13.542104335368297,1.4578956646317027,0.9028069556912198,0.9882288566520544,1.0,1.0,False,main,False
5688,9,9,14.542104335368297,1.4578956646317027,0.9088815209605186,0.9890217482680626,-1.0,-1.0,True,main,False
10266,1,1,6.309213881517043,1.6907861184829567,0.7886517351896304,0.9646532959013301,19.0,9.0,False,main,True
10266,2,2,7.309213881517043,1.6907861184829567,0.8121348757241159,0.9692132090084291,15.0,7.0,False,main,False
10266,3,3,8.309213881517042,1.6907861184829567,0.8309213881517044,0.9727299263988483,12.0,6.0,False,main,False
10266,4,4,9.309213881517042,1.6907861184829567,0.8462921710470039,0.9755249687877102,9.0,5.0,False,main,False
10266,5,5,10.309213881517042,1.6907861184829567,0.859101156793087,0.9777999532569759,7.0,4.0,False,main,False
10266,6,6,11.309213881517042,1.6907861184829567,0.8699395293474649,0.9796877515485789,4.0,3.0,False,main,False
10266,7,7,12.309213881517042,1.6907861184829567,0.8792295629655031,0.9812795025720081,3.0,2.0,False,main,False
10266,8,8,13.309213881517042,1.6907861184829567,0.8872809254344696,0.9826398107176195,1.0,1.0,False,main,False
10266,9,9,14.309213881517042,1.6907861184829567,0.8943258675948152,0.983815750801283,-1.0,-1.0,True,main,False
10518,1,1,6.477810918452297,1.5221890815477033,0.8097263648065371,0.9731929620743093,17.0,8.0,False,main,True
10518,2,2,7.477810918452297,1.5221890815477033,0.830867879828033,0.976623289210585,13.0,7.0,False,main,False
10518,3,3,8.477810918452297,1.5221890815477033,0.8477810918452298,0.9792747222699398,11.0,6.0,False,main,False
10518,4,4,9.477810918452297,1.5221890815477033,0.8616191744047543,0.9813856416149803,8.0,5.0,False,main,False
10518,5,5,10.477810918452297,1.5221890815477033,0.8731509098710247,0.9831061139700519,6.0,4.0,False,main,False
10518,6,6,11.477810918452297,1.5221890815477033,0.8829085321886383,0.9845353385125389,4.0,3.0,False,main,False
10518,7,7,12.477810918452297,1.5221890815477033,0.8912722084608784,0.9857415230915804,2.0,2.0,False,main,False
10518,8,8,13.477810918452297,1.5221890815477033,0.8985207278968198,0.9867731135399431,1.0,1.0,False,main,False
10518,9,9,14.477810918452297,1.5221890815477033,0.9048631824032686,0.9876654691479471,-1.0,-1.0,True,main,False
512,1,1,6.2352630655996215,1.7647369344003785,0.7794078831999527,0.9606088346328309,20.0,9.0,False,main,True
6488,1,1,6.392359606809352,1.6076403931906482,0.799044950851169,0.9689864083252034,18.0,9.0,False,main,True
3452,1,1,6.513479807704176,1.4865201922958247,0.814184975963022,0.9748720570516691,17.0,8.0,False,main,True
3452,2,2,7.513479807704176,1.4865201922958247,0.8348310897449084,0.9780819322957731,13.0,7.0,False,main,True
3452,3,3,8.513479807704176,1.4865201922958247,0.8513479807704176,0.9805641399362429,10.0,6.0,False,main,False
3452,4,4,9.513479807704176,1.4865201922958247,0.8648618007003797,0.982541049583509,8.0,5.0,False,main,False
3452,5,5,10.513479807704176,1.4865201922958247,0.8761233173086813,0.9841527641049731,6.0,4.0,False,main,False
3452,6,6,11.513479807704176,1.4865201922958247,0.8856522929003212,0.9854919557874384,4.0,3.0,False,main,False
3452,7,7,12.513479807704176,1.4865201922958247,0.893819986264584,0.9866223775815663,2.0,2.0,False,main,False
3452,8,8,13.513479807704176,1.4865201922958247,0.900898653846945,0.9875893303349347,1.0,1.0,False,main,False
3452,9,9,14.513479807704176,1.4865201922958247,0.907092487981511,0.98842588960709,-1.0,-1.0,True,main,False
2410,1,1,6.359002157948136,1.6409978420518643,0.794875269743517,0.9672758302650907,18.0,9.0,False,main,True
9118,1,1,6.404094091422224,1.5959059085777758,0.800511761427778,0.9695791359340108,18.0,9.0,False,main,True
9377,1,1,6.541422064668063,1.4585779353319368,0.8176777580835078,0.9761549401517978,16.0,8.0,False,main,True
1541,0,1,5.33253314455294,2.6674668554470604,0.6665666430691175,0.8988867591488572,45.0,15.0,False,main,True
11569,1,1,6.366321800874891,1.633678199125109,0.7957902251093614,0.9676544100620833,18.0,9.0,False,main,True
11569,2,2,7.366321800874891,1.633678199125109,0.8184802000972101,0.9718158025440227,14.0,7.0,False,main,True
11569,3,3,8.366321800874891,1.633678199125109,0.8366321800874891,0.9750275814558355,11.0,6.0,False,main,False
11569,4,4,9.366321800874891,1.633678199125109,0.8514838000795355,0.9775817311738814,9.0,5.0,False,main,False
11569,5,5,10.366321800874891,1.633678199125109,0.8638601500729076,0.9796615901661057,6.0,4.0,False,main,False
11569,6,6,11.366321800874891,1.633678199125109,0.8743324462211455,0.9813881083269582,4.0,3.0,False,main,False
11569,7,7,12.366321800874891,1.633678199125109,0.8833087000624922,0.9828443153597036,3.0,2.0,False,main,False
11569,8,8,13.366321800874891,1.633678199125109,0.891088120058326,0.9840891069406377,1.0,1.0,False,main,False
11569,9,9,14.366321800874891,1.633678199125109,0.8978951125546807,0.985165422180314,-1.0,-1.0,True,main,False
6751,1,1,6.242934286694045,1.7570657133059544,0.7803667858367557,0.9610365084017565,20.0,9.0,False,main,True
5656,0,1,5.548440688721104,2.451559311278895,0.693555086090138,0.9155229032077132,39.0,14.0,False,main,True
7656,1,1,6.249832842519007,1.7501671574809925,0.7812291053148759,0.9614195157494635,20.0,9.0,False,main,True
7656,2,2,7.249832842519007,1.7501671574809925,0.8055369825021119,0.9664106383717435,15.0,8.0,False,main,False
7656,3,3,8.249832842519007,1.7501671574809925,0.8249832842519007,0.9702569139395747,12.0,6.0,False,main,False
7656,4,4,9.249832842519007,1.7501671574809925,0.8408938947744552,0.973312062660162,9.0,5.0,False,main,False
7656,5,5,10.249832842519007,1.7501671574809925,0.8541527368765839,0.9757975865563326,7.0,4.0,False,main,False
7656,6,6,11.249832842519007,1.7501671574809925,0.8653717571168467,0.9778593059871677,5.0,3.0,False,main,False
7656,7,7,12.249832842519007,1.7501671574809925,0.874988060179929,0.9795971561966487,3.0,2.0,False,main,False
7656,8,8,13.249832842519007,1.7501671574809925,0.8833221895012672,0.9810819275661361,1.0,1.0,False,main,False
7656,9,9,14.249832842519007,1.7501671574809925,0.8906145526574379,0.9823651725134968,-1.0,-1.0,True,main,False
8715,0,1,5.428995777793757,2.5710042222062435,0.6786244722242196,0.9064519345660124,42.0,15.0,False,main,True
10368,1,1,6.355360928985724,1.6446390710142764,0.7944201161232155,0.9670868307454737,18.0,9.0,False,main,True
10368,2,2,7.355360928985724,1.6446390710142764,0.8172623254428583,0.9713234672085846,14.0,7.0,False,main,False
10368,3,3,8.355360928985725,1.6446390710142764,0.8355360928985723,0.9745928483286805,11.0,6.0,False,main,False
10368,4,4,9.355360928985725,1.6446390710142764,0.8504873571805203,0.9771925185301887,9.0,5.0,False,main,False
10368,5,5,10.355360928985725,1.6446390710142764,0.8629467440821437,0.979309259996351,6.0,4.0,False,main,False
10368,6,6,11.355360928985725,1.6446390710142764,0.873489302229671,0.981066270156946,4.0,3.0,False,main,False
10368,7,7,12.355360928985725,1.6446390710142764,0.8825257806418374,0.9825481082626253,3.0,2.0,False,main,False
10368,8,8,13.355360928985725,1.6446390710142764,0.8903573952657149,0.9838147472067577,1.0,1.0,False,main,False
10368,9,9,14.355360928985725,1.6446390710142764,0.8972100580616078,0.9849099067639152,-1.0,-1.0,True,main,False
11073,1,1,6.185560627204877,1.8144393727951234,0.7731950784006096,0.9577932742609873,20.0,9.0,False,main,True
11073,2,2,7.185560627204877,1.8144393727951234,0.7983956252449863,0.9632700799704026,16.0,8.0,False,main,False
11073,3,3,8.185560627204877,1.8144393727951234,0.8185560627204878,0.9674870733561257,12.0,6.0,False,main,False
11073,4,4,9.185560627204877,1.8144393727951234,0.8350509661095343,0.9708345322501669,9.0,5.0,False,main,False
11073,5,5,10.185560627204877,1.8144393727951234,0.8487967189337398,0.9735564841989336,7.0,4.0,False,main,False
11073,6,6,11.185560627204877,1.8144393727951234,0.8604277405542213,0.9758133923366236,5.0,3.0,False,main,False
11073,7,7,12.185560627204877,1.8144393727951234,0.8703971876574912,0.9777151255264467,3.0,2.0,False,main,False
11073,8,8,13.185560627204877,1.8144393727951234,0.8790373751469918,0.9793394521801312,1.0,1.0,False,main,False
11073,9,9,14.185560627204877,1.8144393727951234,0.8865975392003048,0.9807429709786182,-1.0,-1.0,True,main,False
9390,1,1,6.553518339042731,1.4464816609572693,0.8191897923803414,0.9767013247940365,16.0,8.0,False,main,True
11161,0,1,5.50069143910955,2.4993085608904497,0.6875864298886938,0.911936721869702,40.0,15.0,False,main,True
11161,0,2,5.50069143910955,3.4993085608904497,0.6111879376788389,0.8499496427246879,69.0,21.0,False,main,False
11161,0,3,5.50069143910955,4.49930856089045,0.5500691439109551,0.7913728084982397,116.0,28.0,False,main,False
11161,0,4,5.50069143910955,5.49930856089045,0.5000628581008683,0.7381340653784836,194.0,38.0,False,main,True
11161,0,5,5.50069143910955,6.49930856089045,0.4583909532591292,0.6903915572161229,329.0,50.0,False,main,True
10204,1,1,6.243485905039609,1.7565140949603903,0.7804357381299512,0.961067189676387,20.0,9.0,False,main,True
10204,2,2,7.243485905039609,1.7565140949603903,0.8048317672266232,0.966105403176948,15.0,8.0,False,main,False
10204,3,3,8.24348590503961,1.7565140949603903,0.8243485905039609,0.9699876444763241,12.0,6.0,False,main,False
10204,4,4,9.24348590503961,1.7565140949603903,0.8403169004581463,0.9730711650015549,9.0,5.0,False,main,False
10204,5,5,10.24348590503961,1.7565140949603903,0.8536238254199674,0.9755796449148306,7.0,4.0,False,main,False
10204,6,6,11.24348590503961,1.7565140949603903,0.864883531156893,0.9776603216397557,5.0,3.0,False,main,False
10204,7,7,12.24348590503961,1.7565140949603903,0.8745347075028292,0.9794140923755023,3.0,2.0,False,main,False
10204,8,8,13.24348590503961,1.7565140949603903,0.882899060335974,0.9809124235989987,1.0,1.0,False,main,False
10204,9,9,14.24348590503961,1.7565140949603903,0.8902178690649756,0.9822073568686266,-1.0,-1.0,True,main,False
4702,1,1,6.294595262288246,1.7054047377117534,0.7868244077860308,0.9638677694138262,19.0,9.0,False,main,True
11247,0,1,5.446907049580372,2.553092950419628,0.6808633811975465,0.9078333131045924,42.0,15.0,False,main,True
11247,0,2,5.446907049580372,3.553092950419628,0.6052118943978191,0.8455241719175132,72.0,21.0,False,main,False
11247,0,3,5.446907049580372,4.553092950419628,0.5446907049580372,0.786912480111025,122.0,29.0,False,main,False
11247,0,4,5.446907049580372,5.553092950419628,0.4951733681436702,0.7337604762342378,205.0,39.0,False,main,True
11247,0,5,5.446907049580372,6.553092950419628,0.45390892079836437,0.6861571677775611,350.0,51.0,False,main,True
9666,1,1,6.240535463966829,1.7594645360331709,0.7800669329958536,0.9609029727988643,20.0,9.0,False,main,True
9666,2,2,7.240535463966829,1.7594645360331709,0.8045039404407588,0.9659631423352515,15.0,8.0,False,main,False
9666,3,3,8.240535463966829,1.7594645360331709,0.8240535463966829,0.9698621509855166,12.0,6.0,False,main,False
9666,4,4,9.240535463966829,1.7594645360331709,0.840048678542439,0.9729588975885812,9.0,5.0,False,main,False
9666,5,5,10.240535463966829,1.7594645360331709,0.853377955330569,0.9754780782969363,7.0,4.0,False,main,False
9666,6,6,11.240535463966829,1.7594645360331709,0.8646565741512945,0.9775675914362528,5.0,3.0,False,main,False
9666,7,7,12.240535463966829,1.7594645360331709,0.8743239617119164,0.9793287828040504,3.0,2.0,False,main,False
9666,8,8,13.240535463966829,1.7594645360331709,0.8827023642644553,0.9808334341414737,1.0,1.0,False,main,False
9666,9,9,14.240535463966829,1.7594645360331709,0.8900334664979268,0.9821338150779916,-1.0,-1.0,True,main,False
568,1,1,6.397354710934848,1.6026452890651524,0.799669338866856,0.9692392968527177,18.0,9.0,False,main,True
568,2,2,7.397354710934848,1.6026452890651524,0.8219283012149831,0.9731908962428759,14.0,7.0,False,main,True
568,3,3,8.397354710934849,1.6026452890651524,0.8397354710934847,0.9762420019222564,11.0,6.0,False,main,False
568,4,4,9.397354710934849,1.6026452890651524,0.8543049737213497,0.9786691375375901,9.0,5.0,False,main,False
568,5,5,10.397354710934849,1.6026452890651524,0.8664462259112373,0.9806460585308927,6.0,4.0,False,main,False
568,6,6,11.397354710934849,1.6026452890651524,0.8767195931488344,0.9822874568473206,4.0,3.0,False,main,False
568,7,7,12.397354710934849,1.6026452890651524,0.8855253364953463,0.9836721014268215,2.0,2.0,False,main,False
568,8,8,13.397354710934849,1.6026452890651524,0.8931569807289899,0.9848558860900888,1.0,1.0,False,main,False
568,9,9,14.397354710934849,1.6026452890651524,0.899834669433428,0.9858795738150398,-1.0,-1.0,True,main,False
3780,1,1,6.190528339708811,1.8094716602911896,0.7738160424636014,0.958078134713917,20.0,9.0,False,main,True
9465,1,1,6.5095864270512145,1.490413572948785,0.8136983033814018,0.9746910255718887,17.0,8.0,False,main,True
9465,2,2,7.5095864270512145,1.490413572948785,0.8343984918945794,0.977924641429624,13.0,7.0,False,main,False
9465,3,3,8.509586427051214,1.490413572948785,0.8509586427051214,0.9804250789330811,10.0,6.0,False,main,False
9465,4,4,9.509586427051214,1.490413572948785,0.8645078570046558,0.9824164283692619,8.0,5.0,False,main,False
9465,5,5,10.509586427051214,1.490413572948785,0.8757988689209345,0.9840398640207787,6.0,4.0,False,main,False
9465,6,6,11.509586427051214,1.490413572948785,0.8853528020808626,0.9853887603167221,4.0,3.0,False,main,False
9465,7,7,12.509586427051214,1.490413572948785,0.8935418876465153,0.9865273496178929,2.0,2.0,False,main,False
9465,8,8,13.509586427051214,1.490413572948785,0.9006390951367477,0.9875012713127762,1.0,1.0,False,main,False
9465,9,9,14.509586427051214,1.490413572948785,0.9068491516907009,0.9883438468504508,-1.0,-1.0,True,main,False
115,1,1,6.365434223922749,1.6345657760772505,0.7956792779903437,0.9676085998175089,18.0,9.0,False,main,True
3293,1,1,6.441131279910332,1.5588687200896687,0.8051414099887915,0.971418689909427,17.0,8.0,False,main,True
11800,0,1,5.314079096491849,2.685920903508151,0.6642598870614811,0.8974156243389773,46.0,15.0,False,main,True
7316,1,1,6.225219815059402,1.7747801849405977,0.7781524768824253,0.9600461164301115,20.0,9.0,False,main,True
7955,1,1,6.208717850348077,1.791282149651923,0.7760897312935097,0.9591146581594259,20.0,9.0,False,main,True
7955,2,2,7.208717850348077,1.791282149651923,0.8009686500386752,0.9644142257740218,16.0,8.0,False,main,False
7955,3,3,8.208717850348076,1.791282149651923,0.8208717850348076,0.9684959917942092,12.0,6.0,False,main,False
7955,4,4,9.208717850348076,1.791282149651923,0.8371561682134615,0.9717368581304008,9.0,5.0,False,main,False
7955,5,5,10.208717850348076,1.791282149651923,0.8507264875290064,0.9743726166973352,7.0,4.0,False,main,False
7955,6,6,11.208717850348076,1.791282149651923,0.8622090654113905,0.9765583800926502,5.0,3.0,False,main,False
7955,7,7,12.208717850348076,1.791282149651923,0.8720512750248626,0.978400389029576,3.0,2.0,False,main,False
7955,8,8,13.208717850348076,1.791282149651923,0.8805811900232051,0.9799738642011782,1.0,1.0,False,main,False
7955,9,9,14.208717850348076,1.791282149651923,0.8880448656467548,0.9813335624273151,-1.0,-1.0,True,main,False
9165,1,1,6.40400300015109,1.59599699984891,0.8005003750188863,0.9695745529947255,18.0,9.0,False,main,True
9165,2,2,7.40400300015109,1.59599699984891,0.8226670000167878,0.9734818343056715,14.0,7.0,False,main,False
9165,3,3,8.40400300015109,1.59599699984891,0.8404003000151089,0.9764989852833792,11.0,6.0,False,main,False
9165,4,4,9.40400300015109,1.59599699984891,0.8549093636500991,0.978899271464346,9.0,5.0,False,main,False
9165,5,5,10.40400300015109,1.59599699984891,0.8670002500125907,0.9808544274584354,6.0,4.0,False,main,False
9165,6,6,11.40400300015109,1.59599699984891,0.8772310000116222,0.9824778248732463,4.0,3.0,False,main,False
9165,7,7,12.40400300015109,1.59599699984891,0.8860002142965063,0.9838473333174269,2.0,2.0,False,main,False
9165,8,8,13.40400300015109,1.59599699984891,0.8936002000100726,0.9850182127882618,1.0,1.0,False,main,False
9165,9,9,14.40400300015109,1.59599699984891,0.9002501875094431,0.9860307666580973,-1.0,-1.0,True,main,False
4691,0,1,5.443732433041701,2.556267566958299,0.6804665541302126,0.9075890142296905,42.0,15.0,False,main,True
8979,0,1,5.551896105841179,2.4481038941588213,0.6939870132301473,0.9157803256276651,39.0,14.0,False,main,True
6067,1,1,6.5730201729560385,1.426979827043961,0.8216275216195048,0.977570662130883,16.0,8.0,False,main,True
9396,1,1,6.342728258997863,1.6572717410021367,0.7928410323747329,0.9664276835976979,18.0,9.0,False,main,True
969,1,1,6.3782018523547235,1.6217981476452765,0.7972752315443404,0.9682650071862047,18.0,9.0,False,main,True
846,0,1,5.156643656614458,2.8433563433855418,0.6445804570768072,0.8845607398818283,52.0,16.0,False,main,True
4664,1,1,6.551369920767423,1.4486300792325766,0.8189212400959279,0.9766046805347242,16.0,8.0,False,main,True
4139,0,1,5.174153329505682,2.8258466704943186,0.6467691661882102,0.8860170171591137,51.0,16.0,False,main,True
7534,1,1,6.371890223690681,1.628109776309319,0.7964862779613351,0.9679412043000354,18.0,9.0,False,main,True
11964,1,1,6.3248873547047175,1.675112645295282,0.7906109193380897,0.9654877307150965,19.0,9.0,False,main,True
11964,2,2,7.3248873547047175,1.675112645295282,0.8138763727449686,0.9699366753529984,15.0,7.0,False,main,True
11964,3,3,8.324887354704718,1.675112645295282,0.8324887354704718,0.9733685179125503,11.0,6.0,False,main,False
11964,4,4,9.324887354704718,1.675112645295282,0.8477170322458835,0.9760965329571438,9.0,5.0,False,main,False
11964,5,5,10.324887354704718,1.675112645295282,0.8604072795587264,0.9783172381764322,7.0,4.0,False,main,False
11964,6,6,11.324887354704718,1.675112645295282,0.8711451811311322,0.9801601812245289,4.0,3.0,False,main,False
11964,7,7,12.324887354704718,1.675112645295282,0.8803490967646227,0.9817142409943349,3.0,2.0,False,main,False
11964,8,8,13.324887354704718,1.675112645295282,0.8883258236469812,0.9830424314543238,1.0,1.0,False,main,False
11964,9,9,14.324887354704718,1.675112645295282,0.8953054596690448,0.9841906755820953,-1.0,-1.0,True,main,False
11261,1,1,6.244879982466528,1.7551200175334722,0.780609997808316,0.9611446859928207,20.0,9.0,False,main,True
11261,2,2,7.244879982466528,1.7551200175334722,0.8049866647185031,0.9661725397304373,15.0,8.0,False,main,False
11261,3,3,8.244879982466529,1.7551200175334722,0.8244879982466529,0.9700468691480918,12.0,6.0,False,main,False
11261,4,4,9.244879982466529,1.7551200175334722,0.8404436347696844,0.9731241485737924,9.0,5.0,False,main,False
11261,5,5,10.244879982466529,1.7551200175334722,0.8537399985388774,0.9756275788799903,7.0,4.0,False,main,False
11261,6,6,11.244879982466529,1.7551200175334722,0.8649907678820407,0.9777040856931958,5.0,3.0,False,main,False
11261,7,7,12.244879982466529,1.7551200175334722,0.874634284461895,0.9794543545649044,3.0,2.0,False,main,False
11261,8,8,13.244879982466529,1.7551200175334722,0.8829919988311019,0.9809497032253033,1.0,1.0,False,main,False
11261,9,9,14.244879982466529,1.7551200175334722,0.890304998904158,0.9822420656216823,-1.0,-1.0,True,main,False
9490,0,1,5.213598317648774,2.786401682351226,0.6516997897060968,0.8892734712070242,50.0,16.0,False,main,True
9490,0,2,5.213598317648774,3.786401682351226,0.5792887019609749,0.8258277265865359,88.0,23.0,False,main,False
9490,0,3,5.213598317648774,4.786401682351226,0.5213598317648774,0.7671988329176315,152.0,31.0,False,main,True
9490,0,4,5.213598317648774,5.786401682351226,0.47396348342261585,0.7145027499786212,263.0,42.0,False,main,True
9490,0,5,5.213598317648774,6.786401682351226,0.4344665264707312,0.667555431851027,470.0,56.0,False,main,True
5622,1,1,6.504871918791756,1.4951280812082437,0.8131089898489695,0.9744710729370479,17.0,8.0,False,main,True
7704,1,1,6.369211316021899,1.6307886839781007,0.7961514145027374,0.9678033615224303,18.0,9.0,False,main,True
7704,2,2,7.369211316021899,1.6307886839781007,0.8188012573357666,0.9719450173190335,14.0,7.0,False,main,False
7704,3,3,8.3692113160219,1.6307886839781007,0.8369211316021901,0.9751416848951235,11.0,6.0,False,main,False
7704,4,4,9.3692113160219,1.6307886839781007,0.8517464832747182,0.9776838915106416,9.0,5.0,False,main,False
7704,5,5,10.3692113160219,1.6307886839781007,0.864100943001825,0.9797540729190948,6.0,4.0,False,main,False
7704,6,6,11.3692113160219,1.6307886839781007,0.8745547166170693,0.9814725897473296,4.0,3.0,False,main,False
7704,7,7,12.3692113160219,1.6307886839781007,0.8835150940015642,0.9829220706150276,3.0,2.0,False,main,False
7704,8,8,13.3692113160219,1.6307886839781007,0.89128075440146,0.9841611286917157,1.0,1.0,False,main,False
7704,9,9,14.3692113160219,1.6307886839781007,0.8980757072513688,0.9852324983330204,-1.0,-1.0,True,main,False
3388,1,1,6.583195190581143,1.4168048094188577,0.8228993988226428,0.9780185290878155,16.0,8.0,False,main,True
5517,1,1,6.202635813130139,1.7973641868698604,0.7753294766412674,0.9587692158671745,20.0,9.0,False,main,True
1739,1,1,6.187209394617562,1.812790605382438,0.7734011743271952,0.9578879027344954,20.0,9.0,False,main,True
814,1,1,6.5260090569567275,1.4739909430432725,0.8157511321195909,0.9754508606259867,16.0,8.0,False,main,True
814,2,2,7.5260090569567275,1.4739909430432725,0.8362232285507475,0.9785848760771043,13.0,7.0,False,main,False
814,3,3,8.526009056956728,1.4739909430432725,0.8526009056956727,0.9810088231431269,10.0,6.0,False,main,False
814,4,4,9.526009056956728,1.4739909430432725,0.8660008233597025,0.9829395790369571,8.0,5.0,False,main,False
814,5,5,10.526009056956728,1.4739909430432725,0.8771674214130606,0.9845138256911847,6.0,4.0,False,main,False
814,6,6,11.526009056956728,1.4739909430432725,0.8866160813043636,0.9858219930153755,4.0,3.0,False,main,False
814,7,7,12.526009056956728,1.4739909430432725,0.8947149326397662,0.9869263026330602,2.0,2.0,False,main,False
814,8,8,13.526009056956728,1.4739909430432725,0.9017339371304485,0.9878709738704817,1.0,1.0,False,main,False
814,9,9,14.526009056956728,1.4739909430432725,0.9078755660597955,0.9886882966597617,-1.0,-1.0,True,main,False
10616,0,1,5.4804958823222645,2.5195041176777355,0.6850619852902831,0.9104038191994568,41.0,15.0,False,main,True
10616,0,2,5.4804958823222645,3.5195041176777355,0.6089439869246961,0.8482930366360266,70.0,21.0,False,main,False
10616,0,3,5.4804958823222645,4.5195041176777355,0.5480495882322265,0.7897017102043253,118.0,28.0,False,main,False
10616,0,4,5.4804958823222645,5.5195041176777355,0.49822689839293316,0.736494711581078,198.0,38.0,False,main,True
10616,0,5,5.4804958823222645,6.5195041176777355,0.45670799019352204,0.6888039353039479,337.0,51.0,False,main,True
11630,0,1,5.5527031794235855,2.4472968205764145,0.6940878974279482,0.9158404102196507,38.0,14.0,False,main,True
1463,0,1,5.484701565090975,2.515298434909025,0.6855876956363719,0.9107238281940799,40.0,15.0,False,main,True
1681,1,1,6.559161523366067,1.440838476633933,0.8198951904207584,0.9769543535108337,16.0,8.0,False,main,True
1681,2,2,7.559161523366067,1.440838476633933,0.8399068359295631,0.9798916409033555,13.0,7.0,False,main,True
1681,3,3,8.559161523366068,1.440838476633933,0.8559161523366067,0.9821644310094748,10.0,6.0,False,main,False
1681,4,4,9.559161523366068,1.440838476633933,0.8690146839423697,0.9839753991017959,8.0,5.0,False,main,False
1681,5,5,10.559161523366068,1.440838476633933,0.8799301269471722,0.9854523744327294,6.0,4.0,False,main,False
1681,6,6,11.559161523366068,1.440838476633933,0.8891662710281589,0.9866799805200308,4.0,3.0,False,main,False
1681,7,7,12.559161523366068,1.440838476633933,0.897082965954719,0.9877164718260759,2.0,2.0,False,main,False
1681,8,8,13.559161523366068,1.440838476633933,0.9039441015577377,0.9886032646822286,1.0,1.0,False,main,False
1681,9,9,14.559161523366068,1.440838476633933,0.9099475952103793,0.9893706122127446,-1.0,-1.0,True,main,False
8017,0,1,5.170700178483121,2.8292998215168796,0.6463375223103901,0.8857303397661583,52.0,16.0,False,main,True
8017,0,2,5.170700178483121,3.8292998215168796,0.5745222420536801,0.8221190034936553,91.0,23.0,False,main,False
8017,0,3,5.170700178483121,4.82929982151688,0.5170700178483121,0.763509717247038,159.0,32.0,False,main,True
2914,0,1,5.404354778166574,2.595645221833425,0.6755443472708218,0.904539514780261,43.0,15.0,False,main,True
2459,1,1,6.396269453634146,1.6037305463658544,0.7995336817042682,0.969184425957471,18.0,9.0,False,main,True
10240,1,1,6.410861271155582,1.5891387288444179,0.8013576588944478,0.9699188026924076,18.0,9.0,False,main,True
10240,2,2,7.410861271155582,1.5891387288444179,0.823429030128398,0.9737805991097834,14.0,7.0,False,main,False
10240,3,3,8.410861271155582,1.5891387288444179,0.8410861271155582,0.9767628966473745,11.0,6.0,False,main,False
10240,4,4,9.410861271155582,1.5891387288444179,0.8555328428323257,0.9791356198486195,8.0,5.0,False,main,False
10240,5,5,10.410861271155582,1.5891387288444179,0.8675717725962985,0.9810684305872037,6.0,4.0,False,main,False
10240,6,6,11.410861271155582,1.5891387288444179,0.8777585593196602,0.9826733459703221,4.0,3.0,False,main,False
10240,7,7,12.410861271155582,1.5891387288444179,0.8864900907968273,0.9840273128697333,2.0,2.0,False,main,False
10240,8,8,13.410861271155582,1.5891387288444179,0.8940574180770388,0.9851849408855442,1.0,1.0,False,main,False
10240,9,9,14.410861271155582,1.5891387288444179,0.9006788294472239,0.9861860617192435,-1.0,-1.0,True,main,False
11911,1,1,6.237048591192004,1.7629514088079958,0.7796310738990005,0.960708544316449,20.0,9.0,False,main,True
11911,2,2,7.237048591192004,1.7629514088079958,0.8041165101324449,0.9657947152002285,15.0,8.0,False,main,True
11911,3,3,8.237048591192003,1.7629514088079958,0.8237048591192003,0.9697135792009327,12.0,6.0,False,main,False
11911,4,4,9.237048591192003,1.7629514088079958,0.8397316901083639,0.9728259869087121,9.0,5.0,False,main,False
11911,5,5,10.237048591192003,1.7629514088079958,0.8530873825993336,0.9753578380169344,7.0,4.0,False,main,False
11911,6,6,11.237048591192003,1.7629514088079958,0.8643883531686156,0.9774578136845713,5.0,3.0,False,main,False
11911,7,7,12.237048591192003,1.7629514088079958,0.8740748993708574,0.9792277910324941,3.0,2.0,False,main,False
11911,8,8,13.237048591192003,1.7629514088079958,0.8824699060794668,0.9807399251816361,1.0,1.0,False,main,False
11911,9,9,14.237048591192003,1.7629514088079958,0.8898155369495002,0.9820467558620845,-1.0,-1.0,True,main,False
9929,1,1,6.18409433593969,1.8159056640603102,0.7730117919924613,0.9577090484953967,20.0,9.0,False,main,True
9929,2,2,7.18409433593969,1.8159056640603102,0.7982327039932989,0.9631971613715453,16.0,8.0,False,main,False
9929,3,3,8.18409433593969,1.8159056640603102,0.818409433593969,0.9674227795900686,12.0,6.0,False,main,False
9929,4,4,9.18409433593969,1.8159056640603102,0.8349176669036082,0.9707770356761529,9.0,5.0,False,main,False
9929,5,5,10.18409433593969,1.8159056640603102,0.8486745279949742,0.9735044831778764,7.0,4.0,False,main,False
9929,6,6,11.18409433593969,1.8159056640603102,0.8603149489184377,0.9757659268447433,5.0,3.0,False,main,False
9929,7,7,12.18409433593969,1.8159056640603102,0.8702924525671207,0.9776714671228858,3.0,2.0,False,main,False
9929,8,8,13.18409433593969,1.8159056640603102,0.8789396223959793,0.9792990350075881,1.0,1.0,False,main,False
9929,9,9,14.18409433593969,1.8159056640603102,0.8865058959962306,0.980705346697289,-1.0,-1.0,True,main,False
1590,0,1,5.167177458045249,2.8328225419547506,0.6458971822556562,0.8854376229403038,52.0,16.0,False,main,True
11957,1,1,6.405915337788692,1.5940846622113076,0.8007394172235865,0.9696707055862441,18.0,9.0,False,main,True
11957,2,2,7.405915337788692,1.5940846622113076,0.8228794819765214,0.9735652802301857,14.0,7.0,False,main,True
11957,3,3,8.405915337788691,1.5940846622113076,0.8405915337788692,0.9765726950330422,11.0,6.0,False,main,False
11957,4,4,9.405915337788691,1.5940846622113076,0.8550832125262446,0.9789652818950193,9.0,5.0,False,main,False
11957,5,5,10.405915337788691,1.5940846622113076,0.867159611482391,0.9809141962531708,6.0,4.0,False,main,False
11957,6,6,11.405915337788691,1.5940846622113076,0.8773781029068224,0.982532431260409,4.0,3.0,False,main,False
11957,7,7,12.405915337788691,1.5940846622113076,0.8861368098420493,0.9838975987216367,2.0,2.0,False,main,False
11957,8,8,13.405915337788691,1.5940846622113076,0.8937276891859127,0.9850647769274573,1.0,1.0,False,main,False
11957,9,9,14.405915337788691,1.5940846622113076,0.9003697086117932,0.9860741374805571,-1.0,-1.0,True,main,False
437,1,1,6.22357040308232,1.77642959691768,0.77794630038529,0.959953397872464,20.0,9.0,False,main,True
2245,0,1,5.27627046951164,2.72372953048836,0.659533808688955,0.8943779554470334,47.0,16.0,False,main,True
8388,0,1,5.414522623593689,2.5854773764063106,0.6768153279492112,0.905330336407276,43.0,15.0,False,main,True
8388,0,2,5.414522623593689,3.5854773764063106,0.6016136248437433,0.8428385362054177,74.0,21.0,False,main,False
8388,0,3,5.414522623593689,4.585477376406311,0.5414522623593689,0.7842115804145553,126.0,29.0,False,main,True
8388,0,4,5.414522623593689,5.585477376406311,0.4922293294176081,0.7311151790190464,212.0,39.0,False,main,True
6397,1,1,6.554101473478076,1.4458985265219244,0.8192626841847594,0.976727526647913,16.0,8.0,False,main,True
2159,1,1,6.19238685922057,1.8076131407794296,0.7740483574025713,0.95818451120457,20.0,9.0,False,main,True
5343,1,1,6.271283465990994,1.7287165340090063,0.7839104332488742,0.9626007741456576,19.0,9.0,False,main,True
6010,0,1,5.209424971611684,2.790575028388316,0.6511781214514605,0.8889305236985449,50.0,16.0,False,main,True
10994,0,1,5.3858101554052915,2.6141898445947085,0.6732262694256614,0.9030911136835529,44.0,15.0,False,main,True
10994,0,2,5.3858101554052915,3.6141898445947085,0.5984233506005879,0.8404442903410321,76.0,21.0,False,main,False
10994,0,3,5.3858101554052915,4.6141898445947085,0.5385810155405292,0.7818073470184697,129.0,29.0,False,main,True
10994,0,4,5.3858101554052915,5.6141898445947085,0.4896191050368447,0.7287623443294234,218.0,40.0,False,main,True
10626,1,1,6.410548289593749,1.5894517104062507,0.8013185361992187,0.9699031280029726,18.0,9.0,False,main,True
10626,2,2,7.410548289593749,1.5894517104062507,0.8233942543993055,0.9737669949926719,14.0,7.0,False,main,False
10626,3,3,8.410548289593748,1.5894517104062507,0.8410548289593749,0.9767508792408202,11.0,6.0,False,main,False
10626,4,4,9.410548289593748,1.5894517104062507,0.855504389963068,0.9791248573162689,8.0,5.0,False,main,False
10626,5,5,10.410548289593748,1.5894517104062507,0.8675456907994791,0.9810586854194934,6.0,4.0,False,main,False
10626,6,6,11.410548289593748,1.5894517104062507,0.8777344838149037,0.9826644423042905,4.0,3.0,False,main,False
10626,7,7,12.410548289593748,1.5894517104062507,0.8864677349709821,0.9840191168414166,2.0,2.0,False,main,False
10626,8,8,13.410548289593748,1.5894517104062507,0.8940365526395833,0.9851773482359747,1.0,1.0,False,main,False
10626,9,9,14.410548289593748,1.5894517104062507,0.9006592680996093,0.9861789896601655,-1.0,-1.0,True,main,False
803,1,1,6.537042259498941,1.4629577405010588,0.8171302824373676,0.9759557620434351,16.0,8.0,False,main,True
803,2,2,7.537042259498941,1.4629577405010588,0.8374491399443268,0.9790236599067872,13.0,7.0,False,main,False
803,3,3,8.537042259498941,1.4629577405010588,0.8537042259498941,0.9813968164137138,10.0,6.0,False,main,False
803,4,4,9.537042259498941,1.4629577405010588,0.867003841772631,0.9832873289680838,8.0,5.0,False,main,False
803,5,5,10.537042259498941,1.4629577405010588,0.8780868549582451,0.9848289011796684,6.0,4.0,False,main,False
803,6,6,11.537042259498941,1.4629577405010588,0.8874647891922263,0.9861100100837075,4.0,3.0,False,main,False
803,7,7,12.537042259498941,1.4629577405010588,0.8955030185356386,0.9871915433385142,2.0,2.0,False,main,False
803,8,8,13.537042259498941,1.4629577405010588,0.9024694839665961,0.9881167779417059,1.0,1.0,False,main,False
803,9,9,14.537042259498941,1.4629577405010588,0.9085651412186838,0.9889173191896198,-1.0,-1.0,True,main,False
1763,0,1,5.536783298829246,2.4632167011707544,0.6920979123536557,0.9146523547197821,39.0,14.0,False,main,True
1654,0,1,5.311776840164411,2.688223159835589,0.6639721050205514,0.8972315591918022,46.0,15.0,False,main,True
1167,0,1,5.501914094474097,2.4980859055259024,0.6877392618092621,0.9120292187440873,40.0,15.0,False,main,True
4544,1,1,6.314132850586885,1.6858671494131148,0.7892666063233607,0.9649160443908337,19.0,9.0,False,main,True
3260,1,1,6.31828000819366,1.6817199918063404,0.7897850010242075,0.9651369492848998,19.0,9.0,False,main,True
1931,0,1,5.323926415558639,2.676073584441361,0.6654908019448299,0.8982015854841101,46.0,15.0,False,main,True
9362,1,1,6.290096852508035,1.7099031474919655,0.7862621065635044,0.9636246493432685,19.0,9.0,False,main,True
8300,1,1,6.443145299182702,1.556854700817298,0.8053931623978378,0.9715173482308359,17.0,8.0,False,main,True
8300,2,2,7.443145299182702,1.556854700817298,0.8270161443536336,0.9751682284999419,14.0,7.0,False,main,False
8300,3,3,8.443145299182703,1.556854700817298,0.8443145299182703,0.9779888446983829,11.0,6.0,False,main,False
8300,4,4,9.443145299182703,1.556854700817298,0.8584677544711549,0.9802336677112087,8.0,5.0,False,main,False
8300,5,5,10.443145299182703,1.556854700817298,0.8702621082652252,0.9820627654213224,6.0,4.0,False,main,False
8300,6,6,11.443145299182703,1.556854700817298,0.8802419460909772,0.9835818820681895,4.0,3.0,False,main,False
8300,7,7,12.443145299182703,1.556854700817298,0.8887960927987645,0.9848636893914061,2.0,2.0,False,main,False
8300,8,8,13.443145299182703,1.556854700817298,0.8962096866121801,0.9859597825904097,1.0,1.0,False,main,False
8300,9,9,14.443145299182703,1.556854700817298,0.9026965811989189,0.9869078066795073,-1.0,-1.0,True,main,False
6224,1,1,6.402607956738548,1.5973920432614528,0.8003259945923185,0.9695043305610714,18.0,9.0,False,main,True
4391,0,1,5.3085830577184705,2.691416942281529,0.6635728822148088,0.8969760216135815,46.0,15.0,False,main,True
3354,1,1,6.223317142704723,1.7766828572952766,0.7779146428380904,0.9599391537702906,20.0,9.0,False,main,True
10372,1,1,6.155010979517016,1.8449890204829846,0.769376372439627,0.9560248711017604,21.0,9.0,False,main,True
10372,2,2,7.155010979517016,1.8449890204829846,0.7950012199463351,0.9617393291343813,16.0,8.0,False,main,False
10372,3,3,8.155010979517016,1.8449890204829846,0.8155010979517016,0.96613754300733,13.0,6.0,False,main,False
10372,4,4,9.155010979517016,1.8449890204829846,0.8322737254106378,0.9696277883344837,10.0,5.0,False,main,False
10372,5,5,10.155010979517016,1.8449890204829846,0.8462509149597514,0.9724651630202537,7.0,4.0,False,main,False
10372,6,6,11.155010979517016,1.8449890204829846,0.8580777676551551,0.9748173169541157,5.0,3.0,False,main,False
10372,7,7,12.155010979517016,1.8449890204829846,0.8682150699655011,0.9767989893559911,3.0,2.0,False,main,False
10372,8,8,13.155010979517016,1.8449890204829846,0.877000731967801,0.9784913669872215,1.0,1.0,False,main,False
10372,9,9,14.155010979517016,1.8449890204829846,0.8846881862198135,0.9799535188185494,-1.0,-1.0,True,main,False
9808,0,1,5.29690162905654,2.70309837094346,0.6621127036320675,0.8960394517304503,47.0,15.0,False,main,True
9808,0,2,5.29690162905654,3.70309837094346,0.5885446254507267,0.8329527446966436,82.0,22.0,False,main,False
9808,0,3,5.29690162905654,4.70309837094346,0.5296901629056541,0.7743056190811688,140.0,30.0,False,main,False
9808,0,4,5.29690162905654,5.70309837094346,0.48153651173241274,0.721432138985624,240.0,41.0,False,main,True
9808,0,5,5.29690162905654,6.70309837094346,0.44140846908804504,0.6742409760811496,421.0,54.0,False,main,True
9808,0,6,5.29690162905654,7.70309837094346,0.4074539714658877,0.6322034099056939,776.0,72.0,False,main,True
9808,0,7,5.29690162905654,8.70309837094346,0.37835011636118143,0.5946972138552213,1559.0,94.0,False,main,True
1424,1,1,6.280586901151856,1.719413098848144,0.785073362643982,0.9631085192112798,19.0,9.0,False,main,True
331,0,1,5.379697090382427,2.620302909617573,0.6724621362978034,0.9026119512198103,44.0,15.0,False,main,True
5256,0,1,5.228515055821448,2.7714849441785527,0.653564381977681,0.8904961736361457,49.0,16.0,False,main,True
3712,0,1,5.158603953359241,2.8413960466407593,0.6448254941699051,0.8847241042284519,52.0,16.0,False,main,True
11100,1,1,6.335525394229773,1.664474605770227,0.7919406742787216,0.9660494698126023,19.0,9.0,False,main,True
11100,2,2,7.335525394229773,1.664474605770227,0.8150583771366414,0.9704237811361446,15.0,7.0,False,main,False
11100,3,3,8.335525394229773,1.664474605770227,0.8335525394229772,0.9737985246490486,11.0,6.0,False,main,False
11100,4,4,9.335525394229773,1.664474605770227,0.8486841267481612,0.9764814382365327,9.0,5.0,False,main,False
11100,5,5,10.335525394229773,1.664474605770227,0.861293782852481,0.9786656141054596,6.0,4.0,False,main,False
11100,6,6,11.335525394229773,1.664474605770227,0.8719634918638287,0.980478366162762,4.0,3.0,False,main,False
11100,7,7,12.335525394229773,1.664474605770227,0.8811089567306981,0.9820070541580719,3.0,2.0,False,main,False
11100,8,8,13.335525394229773,1.664474605770227,0.8890350262819848,0.9833136227548682,1.0,1.0,False,main,False
11100,9,9,14.335525394229773,1.664474605770227,0.8959703371393608,0.9844432203521761,-1.0,-1.0,True,main,False
1755,0,1,5.455897525826188,2.544102474173812,0.6819871907282735,0.9085239026222022,41.0,15.0,False,main,True
143,1,1,6.292992452604432,1.707007547395568,0.786624056575554,0.963781219632725,19.0,9.0,False,main,True
143,2,2,7.292992452604432,1.707007547395568,0.8103324947338257,0.968457239389906,15.0,7.0,False,main,False
143,3,3,8.292992452604432,1.707007547395568,0.8292992452604432,0.9720627326025083,12.0,6.0,False,main,False
143,4,4,9.292992452604432,1.707007547395568,0.844817495691312,0.9749278656804504,9.0,5.0,False,main,False
143,5,5,10.292992452604432,1.707007547395568,0.8577493710503693,0.977259599103949,7.0,4.0,False,main,False
143,6,6,11.292992452604432,1.707007547395568,0.8686917271234178,0.9791942862211805,5.0,3.0,False,main,False
143,7,7,12.292992452604432,1.707007547395568,0.8780708894717452,0.9808254322234088,3.0,2.0,False,main,False
143,8,8,13.292992452604432,1.707007547395568,0.8861994968402954,0.9822193062291333,1.0,1.0,False,main,False
143,9,9,14.292992452604432,1.707007547395568,0.893312028287777,0.9834241884225946,-1.0,-1.0,True,main,False
5768,1,1,6.443864815036383,1.5561351849636171,0.8054831018795479,0.9715525596831164,17.0,8.0,False,main,True
5933,1,1,6.3211205203003304,1.6788794796996696,0.7901400650375413,0.9652879272419292,19.0,9.0,False,main,True
1968,1,1,6.4272526485842585,1.5727473514157415,0.8034065810730323,0.9707349659847853,18.0,9.0,False,main,True
6758,0,1,5.540394793518722,2.459605206481278,0.6925493491898402,0.9149223981860662,39.0,14.0,False,main,True
2490,0,1,5.208197996825901,2.791802003174099,0.6510247496032376,0.8888296244252082,50.0,16.0,False,main,True
6708,1,1,6.361594405024429,1.6384055949755707,0.7951993006280537,0.9674101104026159,18.0,9.0,False,main,True
6708,2,2,7.361594405024429,1.6384055949755707,0.8179549338916032,0.9716038824406743,14.0,7.0,False,main,True
6708,3,3,8.36159440502443,1.6384055949755707,0.8361594405024431,0.9748404507438697,11.0,6.0,False,main,False
6708,4,4,9.36159440502443,1.6384055949755707,0.8510540368204027,0.9774141913705329,9.0,5.0,False,main,False
6708,5,5,10.36159440502443,1.6384055949755707,0.8634662004187025,0.9795099242848372,6.0,4.0,False,main,False
6708,6,6,11.36159440502443,1.6384055949755707,0.8739688003864946,0.9812495663605635,4.0,3.0,False,main,False
6708,7,7,12.36159440502443,1.6384055949755707,0.8829710289303164,0.9827168054182653,3.0,2.0,False,main,False
6708,8,8,13.36159440502443,1.6384055949755707,0.890772960334962,0.9839710006534896,1.0,1.0,False,main,False
6708,9,9,14.36159440502443,1.6384055949755707,0.8975996503140269,0.9850554271067904,-1.0,-1.0,True,main,False
636,1,1,6.302703012903729,1.6972969870962715,0.7878378766129661,0.9643042976094681,19.0,9.0,False,main,True
10988,1,1,6.303388136722826,1.696611863277174,0.7879235170903532,0.9643410871017603,19.0,9.0,False,main,True
10988,2,2,7.303388136722826,1.696611863277174,0.8114875707469806,0.9689425516359155,15.0,7.0,False,main,False
10988,3,3,8.303388136722827,1.696611863277174,0.8303388136722827,0.9724910428798171,12.0,6.0,False,main,False
10988,4,4,9.303388136722827,1.696611863277174,0.8457625578838933,0.9753111735342305,9.0,5.0,False,main,False
10988,5,5,10.303388136722827,1.696611863277174,0.8586156780602355,0.9776064720158554,7.0,4.0,False,main,False
10988,6,6,11.303388136722827,1.696611863277174,0.8694913951325252,0.9795110556180272,4.0,3.0,False,main,False
10988,7,7,12.303388136722827,1.696611863277174,0.8788134383373448,0.9811169098892418,3.0,2.0,False,main,False
10988,8,8,13.303388136722827,1.696611863277174,0.8868925424481885,0.9824892349034301,1.0,1.0,False,main,False
10988,9,9,14.303388136722827,1.696611863277174,0.8939617585451767,0.9836755368223451,-1.0,-1.0,True,main,False
11570,1,1,6.519245367360588,1.4807546326394119,0.8149056709200735,0.9751391201184709,17.0,8.0,False,main,True
225,1,1,6.2346133671096915,1.7653866328903085,0.7793266708887114,0.960572528369801,20.0,9.0,False,main,True
10252,0,1,5.579274619453921,2.420725380546079,0.6974093274317401,0.9178098981989787,38.0,14.0,False,main,True
10252,0,2,5.579274619453921,3.420725380546079,0.6199194021615467,0.8563367204866773,65.0,20.0,False,main,False
10252,0,3,5.579274619453921,4.420725380546079,0.5579274619453921,0.7978326228837335,109.0,28.0,False,main,False
10252,0,4,5.579274619453921,5.420725380546079,0.5072067835867201,0.7444799162299747,180.0,37.0,False,main,True
10252,0,5,5.579274619453921,6.420725380546079,0.4649395516211601,0.6965423007689036,301.0,49.0,False,main,True
1469,1,1,6.323405323628375,1.676594676371625,0.7904256654535469,0.9654091754648716,19.0,9.0,False,main,True
1469,2,2,7.323405323628375,1.676594676371625,0.813711702625375,0.9698685615687612,15.0,7.0,False,main,True
1469,3,3,8.323405323628375,1.676594676371625,0.8323405323628374,0.9733083915003907,11.0,6.0,False,main,False
1469,4,4,9.323405323628375,1.676594676371625,0.8475823021480341,0.9760427150271862,9.0,5.0,False,main,False
1469,5,5,10.323405323628375,1.676594676371625,0.8602837769690312,0.9782685293449409,7.0,4.0,False,main,False
1469,6,6,11.323405323628375,1.676594676371625,0.8710311787406442,0.9801156947399775,4.0,3.0,False,main,False
1469,7,7,12.323405323628375,1.676594676371625,0.8802432374020268,0.9816733026941615,3.0,2.0,False,main,False
1469,8,8,13.323405323628375,1.676594676371625,0.888227021575225,0.9830045167983668,1.0,1.0,False,main,False
1469,9,9,14.323405323628375,1.676594676371625,0.8952128327267734,0.9841553684033055,-1.0,-1.0,True,main,False
1361,1,1,6.325968459192585,1.6740315408074156,0.7907460573990731,0.9655449890649507,19.0,9.0,False,main,True
7557,1,1,6.223398142657391,1.7766018573426092,0.7779247678321739,0.9599437096624339,20.0,9.0,False,main,True
7811,1,1,6.174633158743391,1.825366841256609,0.7718291448429239,0.9571639992080967,21.0,9.0,False,main,True
7811,2,2,7.174633158743391,1.825366841256609,0.797181462082599,0.9627253125838199,16.0,8.0,False,main,False
7811,3,3,8.17463315874339,1.825366841256609,0.817463315874339,0.9670067600303864,12.0,6.0,False,main,False
7811,4,4,9.17463315874339,1.825366841256609,0.8340575598857627,0.9704050111151334,9.0,5.0,False,main,False
7811,5,5,10.17463315874339,1.825366841256609,0.8478860965619491,0.9731680263465323,7.0,4.0,False,main,False
7811,6,6,11.17463315874339,1.825366841256609,0.8595871660571839,0.9754588228059445,5.0,3.0,False,main,False
7811,7,7,12.17463315874339,1.825366841256609,0.8696166541959565,0.977389000508907,3.0,2.0,False,main,False
7811,8,8,13.17463315874339,1.825366841256609,0.8783088772495593,0.9790375431245013,1.0,1.0,False,main,False
7811,9,9,14.17463315874339,1.825366841256609,0.8859145724214619,0.9804619276753855,-1.0,-1.0,True,main,False
5297,1,1,6.542636453474883,1.457363546525117,0.8178295566843604,0.9762100400302026,16.0,8.0,False,main,True
5297,2,2,7.542636453474883,1.457363546525117,0.8380707170527648,0.9792446598548155,13.0,7.0,False,main,False
5297,3,3,8.542636453474884,1.457363546525117,0.8542636453474882,0.9815922483875371,10.0,6.0,False,main,False
5297,4,4,9.542636453474884,1.457363546525117,0.867512404861353,0.9834624998458211,8.0,5.0,False,main,False
5297,5,5,10.542636453474884,1.457363546525117,0.8785530377895735,0.9849876199681468,6.0,4.0,False,main,False
5297,6,6,11.542636453474884,1.457363546525117,0.8878951118057602,0.9862551034202979,4.0,3.0,False,main,False
5297,7,7,12.542636453474884,1.457363546525117,0.8959026038196345,0.9873251667047982,2.0,2.0,False,main,False
5297,8,8,13.542636453474884,1.457363546525117,0.9028424302316589,0.9882406126370089,1.0,1.0,False,main,False
5297,9,9,14.542636453474884,1.457363546525117,0.9089147783421803,0.9890327019603419,-1.0,-1.0,True,main,False
3544,1,1,6.233476709979903,1.766523290020097,0.7791845887474879,0.9605089780373575,20.0,9.0,False,main,True
560,0,1,5.185056736539882,2.8149432634601177,0.6481320920674852,0.886920524937723,51.0,16.0,False,main,True
9334,1,1,6.196708395563657,1.803291604436343,0.7745885494454571,0.9584314517500385,20.0,9.0,False,main,True
6433,1,1,6.373593811783556,1.6264061882164436,0.7966992264729446,0.9680287358275815,18.0,9.0,False,main,True
7279,0,1,5.495945191919175,2.504054808080825,0.6869931489898968,0.9115773247628554,40.0,15.0,False,main,True
9779,1,1,6.4645798817914555,1.5354201182085445,0.8080724852239319,0.9725584626422862,17.0,8.0,False,main,True
9779,2,2,7.4645798817914555,1.5354201182085445,0.829397764643495,0.9760722411102892,14.0,7.0,False,main,False
9779,3,3,8.464579881791455,1.5354201182085445,0.8464579881791454,0.978787702427252,11.0,6.0,False,main,False
9779,4,4,9.464579881791455,1.5354201182085445,0.8604163528901322,0.9809493067500377,8.0,5.0,False,main,False
9779,5,5,10.464579881791455,1.5354201182085445,0.8720483234826212,0.9827109011692141,6.0,4.0,False,main,False
9779,6,6,11.464579881791455,1.5354201182085445,0.8818907601378042,0.9841741595763156,4.0,3.0,False,main,False
9779,7,7,12.464579881791455,1.5354201182085445,0.8903271344136753,0.9854089780314034,2.0,2.0,False,main,False
9779,8,8,13.464579881791455,1.5354201182085445,0.8976386587860969,0.986464993663104,1.0,1.0,False,main,False
9779,9,9,14.464579881791455,1.5354201182085445,0.9040362426119659,0.9873784305095225,-1.0,-1.0,True,main,False
90,1,1,6.3358504184083015,1.6641495815916987,0.7919813023010377,0.9660665735973931,19.0,9.0,False,main,True
90,2,2,7.3358504184083015,1.6641495815916987,0.8150944909342557,0.9704386133846011,15.0,7.0,False,main,True
90,3,3,8.335850418408302,1.6641495815916987,0.83358504184083,0.9738116188386813,11.0,6.0,False,main,False
90,4,4,9.335850418408302,1.6641495815916987,0.8487136744007546,0.9764931594496199,9.0,5.0,False,main,False
90,5,5,10.335850418408302,1.6641495815916987,0.8613208682006918,0.9786762232194572,6.0,4.0,False,main,False
90,6,6,11.335850418408302,1.6641495815916987,0.8719884937237155,0.9804880560931624,4.0,3.0,False,main,False
90,7,7,12.335850418408302,1.6641495815916987,0.88113217274345,0.9820159715947246,3.0,2.0,False,main,False
90,8,8,13.335850418408302,1.6641495815916987,0.8890566945605534,0.9833218818468115,1.0,1.0,False,main,False
90,9,9,14.335850418408302,1.6641495815916987,0.8959906511505189,0.9844509116747567,-1.0,-1.0,True,main,False
4002,0,1,5.323527683456424,2.6764723165435758,0.665440960432053,0.8981698027421516,46.0,15.0,False,main,True
510,1,1,6.429339799477569,1.5706602005224308,0.8036674749346961,0.9708382189590825,17.0,9.0,False,main,True
4701,1,1,6.37341982069433,1.6265801793056696,0.7966774775867913,0.968019800552524,18.0,9.0,False,main,True
4005,0,1,5.535701641097194,2.464298358902806,0.6919627051371493,0.9145714153997153,39.0,14.0,False,main,True
36,1,1,6.225257955204713,1.7747420447952873,0.7781572444005891,0.9600482593968485,20.0,9.0,False,main,True
6550,0,1,5.244672837647464,2.7553271623525366,0.655584104705933,0.8918151379701816,49.0,16.0,False,main,True
3018,1,1,6.528468973959942,1.4715310260400578,0.8160586217449928,0.9755638210716387,16.0,8.0,False,main,True
1563,0,1,5.254589656388023,2.7454103436119768,0.6568237070485029,0.8926218271898219,48.0,16.0,False,main,True
7476,0,1,5.224042577591836,2.775957422408164,0.6530053221989796,0.8901300789223783,49.0,16.0,False,main,True
10164,1,1,6.341756555590887,1.6582434444091123,0.7927195694488609,0.9663767613593827,18.0,9.0,False,main,True
10164,2,2,7.341756555590887,1.6582434444091123,0.8157507283989874,0.970707614607134,15.0,7.0,False,main,False
10164,3,3,8.341756555590887,1.6582434444091123,0.8341756555590887,0.9740491043091852,11.0,6.0,False,main,False
10164,4,4,9.341756555590887,1.6582434444091123,0.8492505959628079,0.9767057479057771,9.0,5.0,False,main,False
10164,5,5,10.341756555590887,1.6582434444091123,0.8618130462992406,0.9788686445462546,6.0,4.0,False,main,False
10164,6,6,11.341756555590887,1.6582434444091123,0.8724428119685298,0.9806638081675791,4.0,3.0,False,main,False
10164,7,7,12.341756555590887,1.6582434444091123,0.8815540396850634,0.9821777142624585,3.0,2.0,False,main,False
10164,8,8,13.341756555590887,1.6582434444091123,0.8894504370393925,0.9834716849837347,1.0,1.0,False,main,False
10164,9,9,14.341756555590887,1.6582434444091123,0.8963597847244305,0.9845904177424595,-1.0,-1.0,True,main,False
625,1,1,6.536149783126092,1.4638502168739078,0.8170187228907615,0.9759150880282962,16.0,8.0,False,main,True
5819,1,1,6.264373966693094,1.735626033306906,0.7830467458366368,0.9622218818199889,19.0,9.0,False,main,True
5368,0,1,5.227798082508361,2.7722019174916395,0.6534747603135451,0.890437515073992,49.0,16.0,False,main,True
7931,1,1,6.428590474111051,1.5714095258889489,0.8035738092638813,0.9708011667475948,17.0,9.0,False,main,True
7931,2,2,7.428590474111051,1.5714095258889489,0.8253989415678945,0.9745464812761391,14.0,7.0,False,main,False
7931,3,3,8.42859047411105,1.5714095258889489,0.8428590474111051,0.9774395007203719,11.0,6.0,False,main,False
7931,4,4,9.42859047411105,1.5714095258889489,0.8571445885555501,0.9797416071706394,8.0,5.0,False,main,False
7931,5,5,10.42859047411105,1.5714095258889489,0.8690492061759209,0.9816171605002144,6.0,4.0,False,main,False
7931,6,6,11.42859047411105,1.5714095258889489,0.8791223441623885,0.9831747118781767,4.0,3.0,False,main,False
7931,7,7,12.42859047411105,1.5714095258889489,0.8877564624365036,0.9844888464159502,2.0,2.0,False,main,False
7931,8,8,13.42859047411105,1.5714095258889489,0.8952393649407367,0.985612508647702,1.0,1.0,False,main,False
7931,9,9,14.42859047411105,1.5714095258889489,0.9017869046319407,0.9865843225425986,-1.0,-1.0,True,main,False
5246,0,1,5.536237176715385,2.4637628232846147,0.6920296470894232,0.9146114924369025,39.0,14.0,False,main,True
5394,0,1,5.565529279674243,2.434470720325757,0.6956911599592803,0.9167931956609641,38.0,14.0,False,main,True
890,1,1,6.586939107281384,1.4130608927186157,0.823367388410173,0.978182331392797,16.0,8.0,False,main,True
890,2,2,7.586939107281384,1.4130608927186157,0.842993234142376,0.980959295754849,13.0,7.0,False,main,False
890,3,3,8.586939107281385,1.4130608927186157,0.8586939107281385,0.9831088254910525,10.0,6.0,False,main,False
890,4,4,9.586939107281385,1.4130608927186157,0.8715399188437623,0.9848220672569251,8.0,5.0,False,main,False
890,5,5,10.586939107281385,1.4130608927186157,0.882244925606782,0.986219656410058,6.0,4.0,False,main,False
890,6,6,11.586939107281385,1.4130608927186157,0.8913030082524143,0.9873814941690435,4.0,3.0,False,main,False
890,7,7,12.586939107281385,1.4130608927186157,0.8990670790915275,0.9883626064012496,2.0,2.0,False,main,False
890,8,8,13.586939107281385,1.4130608927186157,0.9057959404854257,0.9892021270432695,1.0,1.0,False,main,False
890,9,9,14.586939107281385,1.4130608927186157,0.9116836942050865,0.9899286499596909,-1.0,-1.0,True,main,False
7395,1,1,6.325968971560535,1.6740310284394657,0.7907461214450668,0.965545016192255,19.0,9.0,False,main,True
7743,1,1,6.280192046637602,1.7198079533623987,0.7850240058297002,0.9630870262378413,19.0,9.0,False,main,True
7743,2,2,7.280192046637602,1.7198079533623987,0.808910227404178,0.9678555655498359,15.0,7.0,False,main,False
7743,3,3,8.280192046637602,1.7198079533623987,0.8280192046637602,0.9715317787288253,12.0,6.0,False,main,False
7743,4,4,9.280192046637602,1.7198079533623987,0.8436538224216001,0.9744527343789972,9.0,5.0,False,main,False
7743,5,5,10.280192046637602,1.7198079533623987,0.8566826705531335,0.9768296565894035,7.0,4.0,False,main,False
7743,6,6,11.280192046637602,1.7198079533623987,0.8677070805105848,0.9788016756357588,5.0,3.0,False,main,False
7743,7,7,12.280192046637602,1.7198079533623987,0.8771565747598287,0.9804641834517897,3.0,2.0,False,main,False
7743,8,8,13.280192046637602,1.7198079533623987,0.8853461364425068,0.9818847761737799,1.0,1.0,False,main,False
7743,9,9,14.280192046637602,1.7198079533623987,0.8925120029148501,0.9831126946239811,-1.0,-1.0,True,main,False
11027,0,1,5.505946775845768,2.494053224154232,0.688243346980721,0.9123340524477169,40.0,15.0,False,main,True
11027,0,2,5.505946775845768,3.494053224154232,0.6117718639828631,0.8503797165886117,69.0,21.0,False,main,False
11027,0,3,5.505946775845768,4.494053224154232,0.5505946775845768,0.7918069324519874,116.0,28.0,False,main,True
11027,0,4,5.505946775845768,5.494053224154232,0.5005406159859789,0.738560092294765,193.0,38.0,False,main,True
7320,1,1,6.500681084755397,1.4993189152446038,0.8125851355944246,0.9742748722197664,17.0,8.0,False,main,True
3762,1,1,6.268760954893479,1.7312390451065203,0.7835951193616849,0.9624626259693663,19.0,9.0,False,main,True
6366,0,1,5.455590152998738,2.5444098470012615,0.6819487691248423,0.9085003230861014,41.0,15.0,False,main,True
4301,1,1,6.524713877192611,1.475286122807389,0.8155892346490764,0.9753912957491044,16.0,8.0,False,main,True
5196,0,1,5.562933041460232,2.4370669585397686,0.695366630182529,0.9166006515058673,38.0,14.0,False,main,True
3090,1,1,6.469115360557452,1.5308846394425482,0.8086394200696815,0.9727766678393169,17.0,8.0,False,main,True
10340,1,1,6.1962451614313885,1.8037548385686115,0.7745306451789236,0.9584050093083986,20.0,9.0,False,main,True
10340,2,2,7.1962451614313885,1.8037548385686115,0.7995827957145987,0.9637997261854361,16.0,8.0,False,main,False
10340,3,3,8.196245161431388,1.8037548385686115,0.8196245161431388,0.9679540963137686,12.0,6.0,False,main,False
10340,4,4,9.196245161431388,1.8037548385686115,0.8360222874028534,0.9712521974129655,9.0,5.0,False,main,False
10340,5,5,10.196245161431388,1.8037548385686115,0.849687096785949,0.9739342404566096,7.0,4.0,False,main,False
10340,6,6,11.196245161431388,1.8037548385686115,0.8612496278024145,0.976158209456126,5.0,3.0,False,main,False
10340,7,7,12.196245161431388,1.8037548385686115,0.8711603686736706,0.9780322924364845,3.0,2.0,False,main,False
10340,8,8,13.196245161431388,1.8037548385686115,0.8797496774287592,0.9796330776422333,1.0,1.0,False,main,False
10340,9,9,14.196245161431388,1.8037548385686115,0.8872653225894618,0.9810163106370404,-1.0,-1.0,True,main,False
8061,0,1,5.550458816873631,2.449541183126369,0.6938073521092039,0.9156732846814954,39.0,14.0,False,main,True
8061,0,2,5.550458816873631,3.449541183126369,0.6167176463192923,0.8540055645777734,67.0,20.0,False,main,False
8061,0,3,5.550458816873631,4.449541183126369,0.5550458816873631,0.7954717466396403,111.0,28.0,False,main,True
8061,0,4,5.550458816873631,5.449541183126369,0.5045871651703301,0.7421590523135688,185.0,37.0,False,main,True
7153,0,1,5.1769398113366325,2.8230601886633675,0.6471174764170791,0.886248161481486,51.0,16.0,False,main,True
11259,1,1,6.2532434116642195,1.7467565883357807,0.7816554264580274,0.9616083124152139,20.0,9.0,False,main,True
11259,2,2,7.2532434116642195,1.7467565883357807,0.8059159346293577,0.9665742098181752,15.0,8.0,False,main,False
11259,3,3,8.253243411664219,1.7467565883357807,0.8253243411664218,0.9704012176489751,12.0,6.0,False,main,False
11259,4,4,9.253243411664219,1.7467565883357807,0.8412039465149289,0.9734411657327716,9.0,5.0,False,main,False
11259,5,5,10.253243411664219,1.7467565883357807,0.8544369509720182,0.9759143898530918,7.0,4.0,False,main,False
11259,6,6,11.253243411664219,1.7467565883357807,0.8656341085895553,0.9779659515279092,5.0,3.0,False,main,False
11259,7,7,12.253243411664219,1.7467565883357807,0.8752316722617299,0.9796952708165145,3.0,2.0,False,main,False
11259,8,8,13.253243411664219,1.7467565883357807,0.8835495607776146,0.981172775978827,1.0,1.0,False,main,False
11259,9,9,14.253243411664219,1.7467565883357807,0.8908277132290137,0.982449757426685,-1.0,-1.0,True,main,False
7096,0,1,5.162223720561327,2.837776279438673,0.6452779650701659,0.8850255467954786,52.0,16.0,False,main,True
8407,1,1,6.575732228914157,1.4242677710858427,0.8219665286142697,0.9776904210350532,16.0,8.0,False,main,True
8407,2,2,7.575732228914157,1.4242677710858427,0.8417480254349063,0.9805315696828205,13.0,7.0,False,main,False
8407,3,3,8.575732228914157,1.4242677710858427,0.8575732228914157,0.9827304541563582,10.0,6.0,False,main,False
8407,4,4,9.575732228914157,1.4242677710858427,0.8705211117194689,0.9844828315779628,8.0,5.0,False,main,False
8407,5,5,10.575732228914157,1.4242677710858427,0.8813110190761798,0.9859122150833179,6.0,4.0,False,main,False
8407,6,6,11.575732228914157,1.4242677710858427,0.8904409406857045,0.987100395380485,4.0,3.0,False,main,False
8407,7,7,12.575732228914157,1.4242677710858427,0.8982665877795827,0.9881036903974006,2.0,2.0,False,main,False
8407,8,8,13.575732228914157,1.4242677710858427,0.9050488152609438,0.9889621476036656,1.0,1.0,False,main,False
8407,9,9,14.575732228914157,1.4242677710858427,0.9109832643071348,0.9897050250677304,-1.0,-1.0,True,main,False
7904,0,1,5.512975311628803,2.4870246883711973,0.6891219139536003,0.9128644324279561,40.0,15.0,False,main,True
7904,0,2,5.512975311628803,3.4870246883711973,0.6125528124032003,0.8509542469073313,69.0,21.0,False,main,False
7904,0,3,5.512975311628803,4.487024688371197,0.5512975311628803,0.7923870602016019,115.0,28.0,False,main,True
7904,0,4,5.512975311628803,5.487024688371197,0.5011795737844366,0.7391294969007653,192.0,38.0,False,main,True
4451,0,1,5.443773943446311,2.5562260565536894,0.6804717429307888,0.9075922101128757,42.0,15.0,False,main,True
5960,0,1,5.173701300423688,2.8262986995763115,0.646712662552961,0.885979504696812,51.0,16.0,False,main,True
9911,1,1,6.323646230141607,1.6763537698583932,0.7904557787677009,0.9654219496787402,19.0,9.0,False,main,True
9911,2,2,7.323646230141607,1.6763537698583932,0.8137384700157342,0.969879637774643,15.0,7.0,False,main,False
9911,3,3,8.323646230141607,1.6763537698583932,0.8323646230141607,0.9733181688034476,11.0,6.0,False,main,False
9911,4,4,9.323646230141607,1.6763537698583932,0.8476042027401461,0.9760514664575957,9.0,5.0,False,main,False
9911,5,5,10.323646230141607,1.6763537698583932,0.8603038525118006,0.9782764499503377,7.0,4.0,False,main,False
9911,6,6,11.323646230141607,1.6763537698583932,0.8710497100108928,0.9801229287251931,4.0,3.0,False,main,False
9911,7,7,12.323646230141607,1.6763537698583932,0.8802604450101148,0.9816799596915452,3.0,2.0,False,main,False
9911,8,8,13.323646230141607,1.6763537698583932,0.8882430820094405,0.9830106821080523,1.0,1.0,False,main,False
9911,9,9,14.323646230141607,1.6763537698583932,0.8952278893838505,0.9841611097015038,-1.0,-1.0,True,main,False
6768,0,1,5.511871127180863,2.488128872819136,0.6889838908976079,0.9127811865071558,40.0,15.0,False,main,True
11044,1,1,6.530833578514531,1.4691664214854692,0.8163541973143164,0.9756721941616093,16.0,8.0,False,main,True
11044,2,2,7.530833578514531,1.4691664214854692,0.8367592865016146,0.9787772191639075,13.0,7.0,False,main,False
11044,3,3,8.530833578514532,1.4691664214854692,0.8530833578514532,0.9811788975794147,10.0,6.0,False,main,False
11044,4,4,9.530833578514532,1.4691664214854692,0.8664394162285938,0.9830920099944801,8.0,5.0,False,main,False
11044,5,5,10.530833578514532,1.4691664214854692,0.877569464876211,0.9846519320641277,6.0,4.0,False,main,False
11044,6,6,11.530833578514532,1.4691664214854692,0.8869871983472717,0.9859482372487791,4.0,3.0,False,main,False
11044,7,7,12.530833578514532,1.4691664214854692,0.8950595413224666,0.9870425621897648,2.0,2.0,False,main,False
11044,8,8,13.530833578514532,1.4691664214854692,0.9020555719009687,0.9879787129977564,1.0,1.0,False,main,False
11044,9,9,14.530833578514532,1.4691664214854692,0.9081770986571582,0.988788679402584,-1.0,-1.0,True,main,False
5705,1,1,6.462567545522019,1.5374324544779814,0.8078209431902523,0.9724614129424433,17.0,8.0,False,main,True
5306,1,1,6.162825858963707,1.8371741410362925,0.7703532323704634,0.9564799529846786,21.0,9.0,False,main,True
7793,1,1,6.584555247280434,1.4154447527195653,0.8230694059100543,0.9780780955332068,16.0,8.0,False,main,True
7793,2,2,7.584555247280434,1.4154447527195653,0.8427283608089371,0.9808686561875465,13.0,7.0,False,main,False
7793,3,3,8.584555247280434,1.4154447527195653,0.8584555247280434,0.9830286417679956,10.0,6.0,False,main,False
7793,4,4,9.584555247280434,1.4154447527195653,0.8713232042982213,0.9847501750203947,8.0,5.0,False,main,False
7793,5,5,10.584555247280434,1.4154447527195653,0.8820462706067028,0.9861545006552583,6.0,4.0,False,main,False
7793,6,6,11.584555247280434,1.4154447527195653,0.8911196344061872,0.9873219200274078,4.0,3.0,False,main,False
7793,7,7,12.584555247280434,1.4154447527195653,0.8988968033771739,0.9883077326493838,2.0,2.0,False,main,False
7793,8,8,13.584555247280434,1.4154447527195653,0.9056370164853623,0.9891512659498596,1.0,1.0,False,main,False
7793,9,9,14.584555247280434,1.4154447527195653,0.9115347029550271,0.9898812544852131,-1.0,-1.0,True,main,False
3,1,1,6.283226261250837,1.7167737387491635,0.7854032826563546,0.9632520573329955,19.0,9.0,False,main,True
6250,0,1,5.256926167229521,2.743073832770479,0.6571157709036901,0.8928115786368171,48.0,16.0,False,main,True
4337,0,1,5.278122228831281,2.721877771168719,0.6597652786039101,0.8945274674346574,47.0,16.0,False,main,True
7728,0,1,5.341707268648019,2.658292731351981,0.6677134085810024,0.8996152802189825,45.0,15.0,False,main,True
7728,0,2,5.341707268648019,3.658292731351981,0.5935230298497799,0.8367427683482993,79.0,22.0,False,main,False
7728,0,3,5.341707268648019,4.658292731351981,0.5341707268648019,0.7780968894599115,134.0,30.0,False,main,True
7728,0,4,5.341707268648019,5.658292731351981,0.4856097516952744,0.7251346476671169,229.0,40.0,False,main,True
1090,1,1,6.247159245499355,1.752840754500645,0.7808949056874194,0.9612712568776645,20.0,9.0,False,main,True
2262,0,1,5.179226171653868,2.8207738283461326,0.6474032714567335,0.8864376950087988,51.0,16.0,False,main,True
4968,1,1,6.2033651303141175,1.7966348696858827,0.7754206412892647,0.9588106995925236,20.0,9.0,False,main,True
8048,1,1,6.168312660008324,1.8316873399916758,0.7710390825010405,0.9567983551073239,21.0,9.0,False,main,True
8048,2,2,7.168312660008324,1.8316873399916758,0.7964791844453694,0.9624088023877376,16.0,8.0,False,main,False
8048,3,3,8.168312660008324,1.8316873399916758,0.8168312660008323,0.9667277175889374,12.0,6.0,False,main,False
8048,4,4,9.168312660008324,1.8316873399916758,0.8334829690916657,0.9701554906688402,10.0,5.0,False,main,False
8048,5,5,10.168312660008324,1.8316873399916758,0.847359388334027,0.9729423706376813,7.0,4.0,False,main,False
8048,6,6,11.168312660008324,1.8316873399916758,0.8591009738467942,0.9752528602993243,5.0,3.0,False,main,False
8048,7,7,12.168312660008324,1.8316873399916758,0.8691651900005946,0.9771995665491021,3.0,2.0,False,main,False
8048,8,8,13.168312660008324,1.8316873399916758,0.8778875106672216,0.9788621797690242,1.0,1.0,False,main,False
8048,9,9,14.168312660008324,1.8316873399916758,0.8855195412505202,0.9802986877012755,-1.0,-1.0,True,main,False
6734,0,1,5.195185825964647,2.8048141740353527,0.6493982282455809,0.8877575743726103,51.0,16.0,False,main,True
2938,1,1,6.206402412341298,1.793597587658702,0.7758003015426622,0.9589832833605545,20.0,9.0,False,main,True
5086,1,1,6.471717138807858,1.528282861192142,0.8089646423509822,0.9729015099201611,17.0,8.0,False,main,True
5086,2,2,7.471717138807858,1.528282861192142,0.8301907932008731,0.9763701598665061,14.0,7.0,False,main,True
5086,3,3,8.471717138807858,1.528282861192142,0.8471717138807857,0.9790509983269652,11.0,6.0,False,main,False
5086,4,4,9.471717138807858,1.528282861192142,0.861065194437078,0.9811851963667417,8.0,5.0,False,main,False
5086,5,5,10.471717138807858,1.528282861192142,0.8726430949006548,0.9829245561642409,6.0,4.0,False,main,False
5086,6,6,11.471717138807858,1.528282861192142,0.8824397799082967,0.9843694130754314,4.0,3.0,False,main,False
5086,7,7,12.471717138807858,1.528282861192142,0.8908369384862755,0.9855887500928278,2.0,2.0,False,main,False
5086,8,8,13.471717138807858,1.528282861192142,0.8981144759205238,0.9866315600683879,1.0,1.0,False,main,False
5086,9,9,14.471717138807858,1.528282861192142,0.9044823211754911,0.9875335993882955,-1.0,-1.0,True,main,False
7739,1,1,6.368563764259015,1.6314362357409853,0.7960704705323769,0.9677700054308789,18.0,9.0,False,main,True
7739,2,2,7.368563764259015,1.6314362357409853,0.8187293071398906,0.9719160806924585,14.0,7.0,False,main,False
7739,3,3,8.368563764259015,1.6314362357409853,0.8368563764259015,0.975116132096255,11.0,6.0,False,main,False
7739,4,4,9.368563764259015,1.6314362357409853,0.8516876149326378,0.9776610131346702,9.0,5.0,False,main,False
7739,5,5,10.368563764259015,1.6314362357409853,0.8640469803549179,0.9797333616772028,6.0,4.0,False,main,False
7739,6,6,11.368563764259015,1.6314362357409853,0.8745049049430011,0.9814536702906317,4.0,3.0,False,main,False
7739,7,7,12.368563764259015,1.6314362357409853,0.8834688403042154,0.9829046574014408,3.0,2.0,False,main,False
7739,8,8,13.368563764259015,1.6314362357409853,0.8912375842839343,0.984144999436638,1.0,1.0,False,main,False
7739,9,9,14.368563764259015,1.6314362357409853,0.8980352352661884,0.9852174766002939,-1.0,-1.0,True,main,False
11763,1,1,6.546186579741493,1.4538134202585076,0.8182733224676866,0.9763708033239976,16.0,8.0,False,main,True
11150,1,1,6.529547589362471,1.4704524106375296,0.8161934486703089,0.9756132811236634,16.0,8.0,False,main,True
11150,2,2,7.529547589362471,1.4704524106375296,0.8366163988180523,0.978726021616009,13.0,7.0,False,main,False
11150,3,3,8.52954758936247,1.4704524106375296,0.8529547589362471,0.9811336267996084,10.0,6.0,False,main,False
11150,4,4,9.52954758936247,1.4704524106375296,0.866322508123861,0.9830514351281695,8.0,5.0,False,main,False
11150,5,5,10.52954758936247,1.4704524106375296,0.8774622991135392,0.9846151698506089,6.0,4.0,False,main,False
11150,6,6,11.52954758936247,1.4704524106375296,0.8868882761048055,0.985914632335091,4.0,3.0,False,main,False
11150,7,7,12.52954758936247,1.4704524106375296,0.8949676849544622,0.9870116148972092,2.0,2.0,False,main,False
11150,8,8,13.52954758936247,1.4704524106375296,0.9019698392908314,0.9879500336151685,1.0,1.0,False,main,False
11150,9,9,14.52954758936247,1.4704524106375296,0.9080967243351544,0.9887619581126181,-1.0,-1.0,True,main,False
8338,0,1,5.374514460913986,2.6254855390860143,0.6718143076142482,0.9022050569904944,44.0,15.0,False,main,True
8338,0,2,5.374514460913986,3.6254855390860143,0.5971682734348873,0.8394990062438221,77.0,21.0,False,main,False
8338,0,3,5.374514460913986,4.625485539086014,0.5374514460913986,0.7808590388522458,130.0,30.0,False,main,True
8338,0,4,5.374514460913986,5.625485539086014,0.48859222371945327,0.7278347946469239,221.0,40.0,False,main,True
11985,0,1,5.532943134135155,2.467056865864845,0.6916178917668944,0.9143648737288701,39.0,14.0,False,main,True
5626,1,1,6.448160246380305,1.551839753619695,0.8060200307975381,0.971762388789507,17.0,8.0,False,main,True
5626,2,2,7.448160246380305,1.551839753619695,0.8275733607089228,0.9753809812597388,14.0,7.0,False,main,True
5626,3,3,8.448160246380304,1.551839753619695,0.8448160246380304,0.9781768373274098,11.0,6.0,False,main,False
5626,4,4,9.448160246380304,1.551839753619695,0.8589236587618458,0.9804020678522559,8.0,5.0,False,main,False
5626,5,5,10.448160246380304,1.551839753619695,0.870680020531692,0.9822152745898817,6.0,4.0,False,main,False
5626,6,6,11.448160246380304,1.551839753619695,0.8806277112600234,0.9837212426869063,4.0,3.0,False,main,False
5626,7,7,12.448160246380304,1.551839753619695,0.8891543033128789,0.9849919899681405,2.0,2.0,False,main,False
5626,8,8,13.448160246380304,1.551839753619695,0.8965440164253536,0.9860786504034854,1.0,1.0,False,main,False
5626,9,9,14.448160246380304,1.551839753619695,0.903010015398769,0.9870185343324608,-1.0,-1.0,True,main,False
1734,1,1,6.564158037162175,1.4358419628378252,0.8205197546452718,0.9771773884222335,16.0,8.0,False,main,True
6647,0,1,5.494339138932172,2.505660861067829,0.6867923923665215,0.9114555911941554,40.0,15.0,False,main,True
7848,0,1,5.377134678416302,2.6228653215836983,0.6721418348020377,0.9024108492061653,44.0,15.0,False,main,True
7848,0,2,5.377134678416302,3.6228653215836983,0.5974594087129224,0.8397184493010396,76.0,21.0,False,main,False
7848,0,3,5.377134678416302,4.622865321583698,0.5377134678416302,0.7810791380773008,130.0,30.0,False,main,True
7848,0,4,5.377134678416302,5.622865321583698,0.48883042531057286,0.7280500516399389,220.0,40.0,False,main,True
9640,1,1,6.4857917657011415,1.5142082342988585,0.8107239707126427,0.973572652870774,17.0,8.0,False,main,True
9640,2,2,7.4857917657011415,1.5142082342988585,0.8317546406334602,0.9769530800829692,13.0,7.0,False,main,False
9640,3,3,8.48579176570114,1.5142082342988585,0.8485791765701141,0.9795662190959088,11.0,6.0,False,main,False
9640,4,4,9.48579176570114,1.5142082342988585,0.862344705972831,0.9816468197917847,8.0,5.0,False,main,False
9640,5,5,10.48579176570114,1.5142082342988585,0.873815980475095,0.9833426906511453,6.0,4.0,False,main,False
9640,6,6,11.48579176570114,1.5142082342988585,0.8835224435154724,0.984751552126361,4.0,3.0,False,main,False
9640,7,7,12.48579176570114,1.5142082342988585,0.8918422689786529,0.9859406030710549,2.0,2.0,False,main,False
9640,8,8,13.48579176570114,1.5142082342988585,0.8990527843800761,0.9869575771802495,1.0,1.0,False,main,False
9640,9,9,14.48579176570114,1.5142082342988585,0.9053619853563213,0.987837316730654,-1.0,-1.0,True,main,False
8866,1,1,6.268773129864272,1.7312268701357283,0.783596641233034,0.9624632932355968,19.0,9.0,False,main,True
8866,2,2,7.268773129864272,1.7312268701357283,0.807641458873808,0.9673150333704876,15.0,7.0,False,main,False
8866,3,3,8.268773129864272,1.7312268701357283,0.8268773129864272,0.9710548276759703,12.0,6.0,False,main,False
8866,4,4,9.268773129864272,1.7312268701357283,0.8426157390785701,0.9740259614352752,9.0,5.0,False,main,False
8866,5,5,10.268773129864272,1.7312268701357283,0.855731094155356,0.9764434972085971,7.0,4.0,False,main,False
8866,6,6,11.268773129864272,1.7312268701357283,0.8668287022972516,0.97844906446126,5.0,3.0,False,main,False
8866,7,7,12.268773129864272,1.7312268701357283,0.8763409378474479,0.980139752711232,3.0,2.0,False,main,False
8866,8,8,13.268773129864272,1.7312268701357283,0.8845848753242848,0.9815843518114871,1.0,1.0,False,main,False
8866,9,9,14.268773129864272,1.7312268701357283,0.891798320616517,0.982832966569374,-1.0,-1.0,True,main,False
6735,0,1,5.486949785696467,2.5130502143035325,0.6858687232120584,0.9108947253647932,40.0,15.0,False,main,True
1653,0,1,5.305167357740959,2.6948326422590414,0.6631459197176198,0.8967024775783418,46.0,15.0,False,main,True
11243,1,1,6.41464243628778,1.5853575637122206,0.8018303045359725,0.9701079025987048,18.0,9.0,False,main,True
11243,2,2,7.41464243628778,1.5853575637122206,0.8238491595875311,0.973944723242694,14.0,7.0,False,main,False
11243,3,3,8.41464243628778,1.5853575637122206,0.841464243628778,0.9769078806776724,11.0,6.0,False,main,False
11243,4,4,9.41464243628778,1.5853575637122206,0.8558765851170709,0.979265466159133,8.0,5.0,False,main,False
11243,5,5,10.41464243628778,1.5853575637122206,0.8678868696906483,0.9811860039832019,6.0,4.0,False,main,False
11243,6,6,11.41464243628778,1.5853575637122206,0.878049418175983,0.9827807677597125,4.0,3.0,False,main,False
11243,7,7,12.41464243628778,1.5853575637122206,0.8867601740205557,0.9841261978030942,2.0,2.0,False,main,False
11243,8,8,13.41464243628778,1.5853575637122206,0.8943094957525186,0.9852765466293684,1.0,1.0,False,main,False
11243,9,9,14.41464243628778,1.5853575637122206,0.9009151522679862,0.9862713869607094,-1.0,-1.0,True,main,False
3450,0,1,5.240454700427627,2.7595452995723733,0.6550568375534533,0.8914713595349495,49.0,16.0,False,main,True
3128,1,1,6.23241234397826,1.7675876560217398,0.7790515429972825,0.9604494326026416,20.0,9.0,False,main,True
9391,1,1,6.255104879622147,1.744895120377853,0.7818881099527684,0.9617112004502971,20.0,9.0,False,main,True
8768,1,1,6.148576768825843,1.8514232311741565,0.7685720961032304,0.9556488001983038,21.0,9.0,False,main,True
10038,0,1,5.159872937522697,2.840127062477303,0.6449841171903371,0.8848298131005401,52.0,16.0,False,main,True
10038,0,2,5.159872937522697,3.840127062477303,0.5733192152802996,0.821178708039414,92.0,23.0,False,main,False
10038,0,3,5.159872937522697,4.840127062477303,0.5159872937522697,0.7625754515129893,160.0,32.0,False,main,True
10038,0,4,5.159872937522697,5.840127062477303,0.4690793579566088,0.7100021919970947,280.0,43.0,False,main,True
12087,0,1,5.5705618271043775,2.429438172895622,0.6963202283880472,0.9171659639205272,38.0,14.0,False,main,True
3300,1,1,6.5757309007333,1.4242690992667004,0.8219663625916624,0.9776903624535094,16.0,8.0,False,main,True
3300,2,2,7.5757309007333,1.4242690992667004,0.8417478778592555,0.9805315187480805,13.0,7.0,False,main,True
3300,3,3,8.5757309007333,1.4242690992667004,0.8575730900733299,0.9827304091009962,10.0,6.0,False,main,False
3300,4,4,9.5757309007333,1.4242690992667004,0.8705209909757545,0.9844827911842305,8.0,5.0,False,main,False
3300,5,5,10.5757309007333,1.4242690992667004,0.8813109083944416,0.9859121784765009,6.0,4.0,False,main,False
3300,6,6,11.5757309007333,1.4242690992667004,0.8904408385179461,0.9871003619110631,4.0,3.0,False,main,False
3300,7,7,12.5757309007333,1.4242690992667004,0.8982664929095214,0.9881036595698266,2.0,2.0,False,main,False
3300,8,8,13.5757309007333,1.4242690992667004,0.9050487267155533,0.9889621190312455,1.0,1.0,False,main,False
3300,9,9,14.5757309007333,1.4242690992667004,0.9109831812958312,0.9897049984429084,-1.0,-1.0,True,main,False
3276,0,1,5.368818166770438,2.6311818332295616,0.6711022708463048,0.9017571342409785,44.0,15.0,False,main,True
8593,1,1,6.312436440871944,1.6875635591280553,0.789054555108993,0.9648255196807982,19.0,9.0,False,main,True
8593,2,2,7.312436440871944,1.6875635591280553,0.8124929378746605,0.9693625191874133,15.0,7.0,False,main,True
8593,3,3,8.312436440871945,1.6875635591280553,0.8312436440871945,0.9728617132132016,12.0,6.0,False,main,False
8593,4,4,9.312436440871945,1.6875635591280553,0.8465851309883586,0.9756429183853682,9.0,5.0,False,main,False
8593,5,5,10.312436440871945,1.6875635591280553,0.8593697034059954,0.9779066982190673,7.0,4.0,False,main,False
8593,6,6,11.312436440871945,1.6875635591280553,0.8701874185286111,0.9797852377966955,4.0,3.0,False,main,False
8593,7,7,12.312436440871945,1.6875635591280553,0.8794597457765675,0.9813692092379984,3.0,2.0,False,main,False
8593,8,8,13.312436440871945,1.6875635591280553,0.8874957627247964,0.9827228884799014,1.0,1.0,False,main,False
8593,9,9,14.312436440871945,1.6875635591280553,0.8945272775544966,0.9838931124828968,-1.0,-1.0,True,main,False
3375,0,1,5.571517616829041,2.4284823831709583,0.6964397021036302,0.9172366921512772,38.0,14.0,False,main,True
6198,0,1,5.167710391132121,2.832289608867879,0.6459637988915151,0.8854819235652699,52.0,16.0,False,main,True
387,1,1,6.3270013124968845,1.6729986875031158,0.7908751640621106,0.9655996558368258,19.0,9.0,False,main,True
7371,1,1,6.490036233591414,1.5099637664085865,0.8112545291989267,0.9737736501508619,17.0,8.0,False,main,True
8144,1,1,6.395197906101029,1.6048020938989707,0.7993997382626287,0.9691302085987197,18.0,9.0,False,main,True
8144,2,2,7.395197906101029,1.6048020938989707,0.8216886562334477,0.9730962331059801,14.0,7.0,False,main,False
8144,3,3,8.395197906101028,1.6048020938989707,0.8395197906101028,0.976158389734143,11.0,6.0,False,main,False
8144,4,4,9.395197906101028,1.6048020938989707,0.854108900554639,0.9785942632132497,9.0,5.0,False,main,False
8144,5,5,10.395197906101028,1.6048020938989707,0.8662664921750857,0.980578267016007,6.0,4.0,False,main,False
8144,6,6,11.395197906101028,1.6048020938989707,0.8765536850846944,0.982225522968805,4.0,3.0,False,main,False
8144,7,7,12.395197906101028,1.6048020938989707,0.8853712790072163,0.9836150927916516,2.0,2.0,False,main,False
8144,8,8,13.395197906101028,1.6048020938989707,0.8930131937400686,0.9848030766322314,1.0,1.0,False,main,False
8144,9,9,14.395197906101028,1.6048020938989707,0.8996998691313143,0.9858303870730052,-1.0,-1.0,True,main,False
8940,1,1,6.44423965403565,1.5557603459643494,0.8055299567544563,0.9715708962220827,17.0,8.0,False,main,True
11501,1,1,6.268382808552619,1.7316171914473801,0.7835478510690774,0.9624418987665094,19.0,9.0,False,main,True
1220,1,1,6.52821831597573,1.4717816840242706,0.8160272894969662,0.9755523209655497,16.0,8.0,False,main,True
1220,2,2,7.52821831597573,1.4717816840242706,0.8364687017750811,0.9786730458022077,13.0,7.0,False,main,False
1220,3,3,8.52821831597573,1.4717816840242706,0.852821831597573,0.981086784117093,10.0,6.0,False,main,False
1220,4,4,9.52821831597573,1.4717816840242706,0.8662016650887027,0.9830094517676323,8.0,5.0,False,main,False
1220,5,5,10.52821831597573,1.4717816840242706,0.8773515263313109,0.9845771317528864,6.0,4.0,False,main,False
1220,6,6,11.52821831597573,1.4717816840242706,0.8867860243058254,0.9858798613109292,4.0,3.0,False,main,False
1220,7,7,12.52821831597573,1.4717816840242706,0.8948727368554092,0.9869795938656748,2.0,2.0,False,main,False
1220,8,8,13.52821831597573,1.4717816840242706,0.9018812210650486,0.9879203592988149,1.0,1.0,False,main,False
1220,9,9,14.52821831597573,1.4717816840242706,0.9080136447484831,0.9887343099131227,-1.0,-1.0,True,main,False
11712,0,1,5.510825953997333,2.4891740460026672,0.6888532442496667,0.9127023631067859,40.0,15.0,False,main,True
192,1,1,6.385464105706747,1.6145358942932528,0.7981830132133434,0.968635905276549,18.0,9.0,False,main,True
1366,1,1,6.214526041972993,1.7854739580270071,0.7768157552466242,0.9594434728074598,20.0,9.0,False,main,True
6891,1,1,6.226717052255132,1.7732829477448684,0.7783396315318915,0.960130206896872,20.0,9.0,False,main,True
9285,1,1,6.298617202740454,1.7013827972595466,0.7873271503425567,0.9640845816447435,19.0,9.0,False,main,True
5691,1,1,6.279730238538295,1.7202697614617053,0.7849662798172868,0.963061882424661,19.0,9.0,False,main,True
7599,1,1,6.249558678007744,1.7504413219922563,0.781194834750968,0.9614043229546447,20.0,9.0,False,main,True
328,1,1,6.222867217499962,1.7771327825000385,0.7778584021874952,0.959913843708513,20.0,9.0,False,main,True
628,0,1,5.398946500723746,2.601053499276254,0.6748683125904682,0.9041179166034239,43.0,15.0,False,main,True
10557,0,1,5.343684041128127,2.656315958871873,0.6679605051410159,0.8997720098688133,45.0,15.0,False,main,True
10557,0,2,5.343684041128127,3.656315958871873,0.5937426712364586,0.8369092956500978,79.0,22.0,False,main,False
10557,0,3,5.343684041128127,4.656315958871874,0.5343684041128127,0.7782636526279145,134.0,30.0,False,main,True
10557,0,4,5.343684041128127,5.656315958871874,0.4857894582843752,0.7252976030883895,228.0,40.0,False,main,True
4605,1,1,6.441175918957879,1.5588240810421214,0.8051469898697349,0.9714208781340578,17.0,8.0,False,main,True
9865,0,1,5.3741284186052,2.6258715813947995,0.67176605232565,0.902174724063746,44.0,15.0,False,main,True
9865,0,2,5.3741284186052,3.6258715813947995,0.5971253798450222,0.8394666665872714,77.0,21.0,False,main,False
9865,0,3,5.3741284186052,4.625871581394799,0.53741284186052,0.7808266048311394,130.0,30.0,False,main,True
9865,0,4,5.3741284186052,5.625871581394799,0.4885571289641091,0.7278030754178475,221.0,40.0,False,main,True
2230,0,1,5.545744559530761,2.4542554404692387,0.6932180699413452,0.9153218490958177,39.0,14.0,False,main,True
3157,1,1,6.462229461337033,1.5377705386629672,0.8077786826671292,0.9724450938909595,17.0,8.0,False,main,True
1111,1,1,6.334907180964948,1.6650928190350518,0.7918633976206185,0.9660169278261757,19.0,9.0,False,main,True
8755,0,1,5.36547577052297,2.6345242294770297,0.6706844713153712,0.9014939671749573,44.0,15.0,False,main,True
8755,0,2,5.36547577052297,3.6345242294770297,0.5961639745025522,0.8387412325327446,77.0,22.0,False,main,False
8755,0,3,5.36547577052297,4.63452422947703,0.5365475770522969,0.7800992111641729,131.0,30.0,False,main,True
7838,1,1,6.492352699594763,1.5076473004052373,0.8115440874493454,0.9738830722673244,17.0,8.0,False,main,True
7838,2,2,7.492352699594763,1.5076473004052373,0.832483633288307,0.9772227247680629,13.0,7.0,False,main,False
7838,3,3,8.492352699594763,1.5076473004052373,0.8492352699594763,0.9798045679903381,11.0,6.0,False,main,False
7838,4,4,9.492352699594763,1.5076473004052373,0.8629411545086149,0.9818603880094849,8.0,5.0,False,main,False
7838,5,5,10.492352699594763,1.5076473004052373,0.8743627249662302,0.9835361492789536,6.0,4.0,False,main,False
7838,6,6,11.492352699594763,1.5076473004052373,0.8840271307380587,0.9849283645213871,4.0,3.0,False,main,False
7838,7,7,12.492352699594763,1.5076473004052373,0.8923109071139116,0.9861034083760818,2.0,2.0,False,main,False
7838,8,8,13.492352699594763,1.5076473004052373,0.8994901799729842,0.9871084327417126,1.0,1.0,False,main,False
7838,9,9,14.492352699594763,1.5076473004052373,0.9057720437246727,0.9879778574641128,-1.0,-1.0,True,main,False
1818,1,1,6.359004621450339,1.6409953785496614,0.7948755776812924,0.9672759579834377,18.0,9.0,False,main,True
5455,0,1,5.358285212445995,2.6417147875540046,0.6697856515557494,0.9009269577658685,44.0,15.0,False,main,True
10538,1,1,6.395705696316266,1.6042943036837334,0.7994632120395333,0.9691559062950791,18.0,9.0,False,main,True
10538,2,2,7.395705696316266,1.6042943036837334,0.821745077368474,0.9731185325060486,14.0,7.0,False,main,False
10538,3,3,8.395705696316266,1.6042943036837334,0.8395705696316267,0.976178085774403,11.0,6.0,False,main,False
10538,4,4,9.395705696316266,1.6042943036837334,0.8541550633014787,0.9786119008317262,9.0,5.0,False,main,False
10538,5,5,10.395705696316266,1.6042943036837334,0.8663088080263556,0.9805942361187464,6.0,4.0,False,main,False
10538,6,6,11.395705696316266,1.6042943036837334,0.8765927458704821,0.9822401121841594,4.0,3.0,False,main,False
10538,7,7,12.395705696316266,1.6042943036837334,0.8854075497368762,0.9836285217718153,2.0,2.0,False,main,False
10538,8,8,13.395705696316266,1.6042943036837334,0.8930470464210845,0.984815516421463,1.0,1.0,False,main,False
10538,9,9,14.395705696316266,1.6042943036837334,0.8997316060197666,0.9858419734711233,-1.0,-1.0,True,main,False
9468,0,1,5.4849599852491835,2.5150400147508165,0.6856199981561479,0.9107434778491039,40.0,15.0,False,main,True
9468,0,2,5.4849599852491835,3.5150400147508165,0.6094399983610204,0.8486597500607334,70.0,21.0,False,main,False
9468,0,3,5.4849599852491835,4.5150400147508165,0.5484959985249184,0.7900714810152211,118.0,28.0,False,main,True
9468,0,4,5.4849599852491835,5.5150400147508165,0.49863272593174396,0.7368573797353782,197.0,38.0,False,main,True
665,1,1,6.348066962756107,1.6519330372438925,0.7935083703445134,0.9667068972585352,18.0,9.0,False,main,True
665,2,2,7.348066962756107,1.6519330372438925,0.8164518847506785,0.9709939344347726,14.0,7.0,False,main,True
665,3,3,8.348066962756107,1.6519330372438925,0.8348066962756107,0.9743018921021386,11.0,6.0,False,main,False
665,4,4,9.348066962756107,1.6519330372438925,0.8498242693414643,0.9769320433425587,9.0,5.0,False,main,False
665,5,5,10.348066962756107,1.6519330372438925,0.862338913563009,0.9790734789974872,6.0,4.0,False,main,False
665,6,6,11.348066962756107,1.6519330372438925,0.8729282279043159,0.9808509028601304,4.0,3.0,False,main,False
665,7,7,12.348066962756107,1.6519330372438925,0.8820047830540076,0.98234989912336,3.0,2.0,False,main,False
665,8,8,13.348066962756107,1.6519330372438925,0.8898711308504071,0.9836311624009855,1.0,1.0,False,main,False
665,9,9,14.348066962756107,1.6519330372438925,0.8967541851722567,0.9847389354309524,-1.0,-1.0,True,main,False
1753,1,1,6.273283244495964,1.7267167555040355,0.7841604055619955,0.9627101491277896,19.0,9.0,False,main,True
4683,1,1,6.526333761837488,1.4736662381625116,0.815791720229686,0.9754657839997076,16.0,8.0,False,main,True
8995,1,1,6.451176360611276,1.5488236393887236,0.8063970450764095,0.9719093350526364,17.0,8.0,False,main,True
4697,1,1,6.167803261086323,1.8321967389136764,0.7709754076357904,0.9567688330234473,21.0,9.0,False,main,True
6405,1,1,6.302040861880524,1.6979591381194754,0.7877551077350655,0.9642687271462479,19.0,9.0,False,main,True
4377,1,1,6.368563953575978,1.6314360464240214,0.7960704941969973,0.967770015184871,18.0,9.0,False,main,True
10148,1,1,6.155853392474602,1.8441466075253983,0.7694816740593252,0.9560740162226891,21.0,9.0,False,main,True
10148,2,2,7.155853392474602,1.8441466075253983,0.7950948213860669,0.9617818627542689,16.0,8.0,False,main,False
10148,3,3,8.1558533924746,1.8441466075253983,0.8155853392474601,0.9661750366161866,13.0,6.0,False,main,False
10148,4,4,9.1558533924746,1.8441466075253983,0.8323503084067819,0.9696613117620709,10.0,5.0,False,main,False
10148,5,5,10.1558533924746,1.8441466075253983,0.8463211160395501,0.972495477696261,7.0,4.0,False,main,False
10148,6,6,11.1558533924746,1.8441466075253983,0.8581425686518924,0.9748449841820771,5.0,3.0,False,main,False
10148,7,7,12.1558533924746,1.8441466075253983,0.8682752423196144,0.9768244348617358,3.0,2.0,False,main,False
10148,8,8,13.1558533924746,1.8441466075253983,0.87705689283164,0.9785149213643133,1.0,1.0,False,main,False
10148,9,9,14.1558533924746,1.8441466075253983,0.8847408370296626,0.9799754439278654,-1.0,-1.0,True,main,False
11322,1,1,6.546822268501131,1.4531777314988683,0.8183527835626414,0.9763995401575388,16.0,8.0,False,main,True
11322,2,2,7.546822268501131,1.4531777314988683,0.8385358076112368,0.9794093683743461,13.0,7.0,False,main,False
11322,3,3,8.546822268501131,1.4531777314988683,0.8546822268501131,0.9817379073030679,10.0,6.0,False,main,False
11322,4,4,9.546822268501131,1.4531777314988683,0.8678929335001029,0.9835930619492865,8.0,5.0,False,main,False
11322,5,5,10.546822268501131,1.4531777314988683,0.8789018557084276,0.9851059226718812,6.0,4.0,False,main,False
11322,6,6,11.546822268501131,1.4531777314988683,0.8882170975770101,0.9863632525251363,4.0,3.0,False,main,False
11322,7,7,12.546822268501131,1.4531777314988683,0.8962015906072237,0.9874247681209258,2.0,2.0,False,main,False
11322,8,8,13.546822268501131,1.4531777314988683,0.9031214845667421,0.9883329190632738,1.0,1.0,False,main,False
11322,9,9,14.546822268501131,1.4531777314988683,0.9091763917813207,0.9891187094246594,-1.0,-1.0,True,main,False
1355,1,1,6.178707784968278,1.821292215031722,0.7723384731210348,0.9573990708951207,21.0,9.0,False,main,True
8418,1,1,6.228026989904735,1.7719730100952655,0.7785033737380919,0.9602037202138833,20.0,9.0,False,main,True
8418,2,2,7.228026989904735,1.7719730100952655,0.803114109989415,0.9653574325045589,15.0,8.0,False,main,False
8418,3,3,8.228026989904734,1.7719730100952655,0.8228026989904734,0.9693278663404599,12.0,6.0,False,main,False
8418,4,4,9.228026989904734,1.7719730100952655,0.838911544536794,0.9724809462996855,9.0,5.0,False,main,False
8418,5,5,10.228026989904734,1.7719730100952655,0.8523355824920612,0.9750457002185263,7.0,4.0,False,main,False
8418,6,6,11.228026989904734,1.7719730100952655,0.8636943838388257,0.9771728435744821,5.0,3.0,False,main,False
8418,7,7,12.228026989904734,1.7719730100952655,0.8734304992789096,0.9789656340264226,3.0,2.0,False,main,False
8418,8,8,13.228026989904734,1.7719730100952655,0.881868465993649,0.9804971967392841,1.0,1.0,False,main,False
8418,9,9,14.228026989904734,1.7719730100952655,0.8892516868690459,0.9818207731016649,-1.0,-1.0,True,main,False
2431,1,1,6.284415803887343,1.7155841961126563,0.7855519754859179,0.963316675499592,19.0,9.0,False,main,True
2740,1,1,6.368106469504193,1.6318935304958067,0.7960133086880241,0.9677464411477879,18.0,9.0,False,main,True
1431,0,1,5.505914368455894,2.494085631544106,0.6882392960569867,0.9123316042674812,40.0,15.0,False,main,True
645,1,1,6.418744872736885,1.581255127263115,0.8023431090921106,0.9703125093634216,18.0,9.0,False,main,True
7161,1,1,6.437613268550003,1.5623867314499964,0.8047016585687504,0.9712460153875756,17.0,9.0,False,main,True
2008,1,1,6.399237186819066,1.600762813180934,0.7999046483523833,0.969334379454468,18.0,9.0,False,main,True
3112,0,1,5.587448317604454,2.412551682395546,0.6984310397005568,0.9184123317762063,38.0,14.0,False,main,True
3112,0,2,5.587448317604454,3.412551682395546,0.6208275908449393,0.8569956450656406,65.0,20.0,False,main,True
9540,1,1,6.3594482045254646,1.6405517954745354,0.7949310255656831,0.9672989518756339,18.0,9.0,False,main,True
9540,2,2,7.3594482045254646,1.6405517954745354,0.8177164671694961,0.971507460529114,14.0,7.0,False,main,False
9540,3,3,8.359448204525464,1.6405517954745354,0.8359448204525464,0.9747553102155214,11.0,6.0,False,main,False
9540,4,4,9.359448204525464,1.6405517954745354,0.8508589276841331,0.9773379659783387,9.0,5.0,False,main,False
9540,5,5,10.359448204525464,1.6405517954745354,0.863287350377122,0.9794409222566911,6.0,4.0,False,main,False
9540,6,6,11.359448204525464,1.6405517954745354,0.8738037080404203,0.9811865361155875,4.0,3.0,False,main,False
9540,7,7,12.359448204525464,1.6405517954745354,0.882817728894676,0.9826587949431705,3.0,2.0,False,main,False
9540,8,8,13.359448204525464,1.6405517954745354,0.8906298803016975,0.9839172689108129,1.0,1.0,False,main,False
9540,9,9,14.359448204525464,1.6405517954745354,0.8974655127828415,0.9850053859534822,-1.0,-1.0,True,main,False
3382,1,1,6.165179785361305,1.8348202146386945,0.7706474731701631,0.956616664924123,21.0,9.0,False,main,True
6240,1,1,6.180453372225653,1.8195466277743468,0.7725566715282066,0.9574996209822192,21.0,9.0,False,main,True
227,1,1,6.366321642381994,1.633678357618006,0.7957902052977492,0.9676544018842096,18.0,9.0,False,main,True
227,2,2,7.366321642381994,1.633678357618006,0.8184801824868883,0.9718157954498632,14.0,7.0,False,main,True
227,3,3,8.366321642381994,1.633678357618006,0.8366321642381994,0.9750275751913944,11.0,6.0,False,main,False
227,4,4,9.366321642381994,1.633678357618006,0.8514837856710904,0.9775817255651859,9.0,5.0,False,main,False
227,5,5,10.366321642381994,1.633678357618006,0.8638601368651662,0.9796615850887561,6.0,4.0,False,main,False
227,6,6,11.366321642381994,1.633678357618006,0.8743324340293841,0.9813881036889142,4.0,3.0,False,main,False
227,7,7,12.366321642381994,1.633678357618006,0.883308688741571,0.9828443110909489,3.0,2.0,False,main,False
227,8,8,13.366321642381994,1.633678357618006,0.8910881094921329,0.9840891029866689,1.0,1.0,False,main,False
227,9,9,14.366321642381994,1.633678357618006,0.8978951026488746,0.9851654184978705,-1.0,-1.0,True,main,False
336,1,1,6.500088579042883,1.4999114209571176,0.8125110723803604,0.974247081568354,17.0,8.0,False,main,True
336,2,2,7.500088579042883,1.4999114209571176,0.8333431754492092,0.9775389447801857,13.0,7.0,False,main,True
336,3,3,8.500088579042883,1.4999114209571176,0.8500088579042883,0.9800841030355569,11.0,6.0,False,main,False
336,4,4,9.500088579042883,1.4999114209571176,0.8636444162766257,0.9821108719155457,8.0,5.0,False,main,False
336,5,5,10.500088579042883,1.4999114209571176,0.8750073815869069,0.9837630560544626,6.0,4.0,False,main,False
336,6,6,11.500088579042883,1.4999114209571176,0.8846221983879141,0.9851357533452408,4.0,3.0,False,main,False
336,7,7,12.500088579042883,1.4999114209571176,0.8928634699316345,0.9862943727277989,2.0,2.0,False,main,False
336,8,8,13.500088579042883,1.4999114209571176,0.9000059052695255,0.9872853843465343,1.0,1.0,False,main,False
336,9,9,14.500088579042883,1.4999114209571176,0.9062555361901802,0.9881427129866143,-1.0,-1.0,True,main,False
8309,1,1,6.53898785587303,1.4610121441269706,0.8173734819841287,0.9760443288612087,16.0,8.0,False,main,True
8309,2,2,7.53898785587303,1.4610121441269706,0.8376653173192256,0.9791006342198012,13.0,7.0,False,main,False
8309,3,3,8.53898785587303,1.4610121441269706,0.853898785587303,0.9814648843721355,10.0,6.0,False,main,False
8309,4,4,9.53898785587303,1.4610121441269706,0.8671807141702754,0.9833483393690583,8.0,5.0,False,main,False
8309,5,5,10.53898785587303,1.4610121441269706,0.8782489879894192,0.9848841809434148,6.0,4.0,False,main,False
8309,6,6,11.53898785587303,1.4610121441269706,0.8876144504517716,0.9861605438776253,4.0,3.0,False,main,False
8309,7,7,12.53898785587303,1.4610121441269706,0.8956419897052165,0.9872380820117638,2.0,2.0,False,main,False
8309,8,8,13.53898785587303,1.4610121441269706,0.9025991903915354,0.9881599071524743,1.0,1.0,False,main,False
8309,9,9,14.53898785587303,1.4610121441269706,0.9086867409920644,0.9889575045673528,-1.0,-1.0,True,main,False
8520,1,1,6.340927930770918,1.6590720692290826,0.7926159913463647,0.9663333123277817,18.0,9.0,False,main,True
8520,2,2,7.340927930770918,1.6590720692290826,0.8156586589745465,0.9706699336616676,15.0,7.0,False,main,False
8520,3,3,8.340927930770917,1.6590720692290826,0.8340927930770917,0.9740158373056654,11.0,6.0,False,main,False
8520,4,4,9.340927930770917,1.6590720692290826,0.8491752664337198,0.9766759679934347,9.0,5.0,False,main,False
8520,5,5,10.340927930770917,1.6590720692290826,0.8617439942309097,0.978841689341768,6.0,4.0,False,main,False
8520,6,6,11.340927930770917,1.6590720692290826,0.8723790715977628,0.9806391877991594,4.0,3.0,False,main,False
8520,7,7,12.340927930770917,1.6590720692290826,0.8814948521979227,0.9821550562099227,3.0,2.0,False,main,False
8520,8,8,13.340927930770917,1.6590720692290826,0.8893951953847278,0.9834506993455904,1.0,1.0,False,main,False
8520,9,9,14.340927930770917,1.6590720692290826,0.8963079956731823,0.9845708744740673,-1.0,-1.0,True,main,False
6801,1,1,6.507708351252392,1.4922916487476081,0.813463543906549,0.9746035022003775,17.0,8.0,False,main,True
6801,2,2,7.507708351252392,1.4922916487476081,0.8341898168058213,0.977848598335438,13.0,7.0,False,main,False
6801,3,3,8.507708351252392,1.4922916487476081,0.8507708351252392,0.9803578507641068,10.0,6.0,False,main,False
6801,4,4,9.507708351252392,1.4922916487476081,0.8643371228411265,0.9823561821511029,8.0,5.0,False,main,False
6801,5,5,10.507708351252392,1.4922916487476081,0.875642362604366,0.9839852850241952,6.0,4.0,False,main,False
6801,6,6,11.507708351252392,1.4922916487476081,0.8852083347117224,0.9853388734131836,4.0,3.0,False,main,False
6801,7,7,12.507708351252392,1.4922916487476081,0.8934077393751708,0.9864814115376251,2.0,2.0,False,main,False
6801,8,8,13.507708351252392,1.4922916487476081,0.9005138900834928,0.9874587025073157,1.0,1.0,False,main,False
6801,9,9,14.507708351252392,1.4922916487476081,0.9067317719532745,0.9883041866805671,-1.0,-1.0,True,main,False
7235,1,1,6.218507004144939,1.7814929958550603,0.7773133755181174,0.9596682362877025,20.0,9.0,False,main,True
7235,2,2,7.218507004144939,1.7814929958550603,0.8020563337938822,0.964893639461132,16.0,8.0,False,main,False
7235,3,3,8.21850700414494,1.7814929958550603,0.8218507004144939,0.9689188009014535,12.0,6.0,False,main,False
7235,4,4,9.21850700414494,1.7814929958550603,0.8380460912859036,0.972115037349834,9.0,5.0,False,main,False
7235,5,5,10.21850700414494,1.7814929958550603,0.8515422503454116,0.9747146998157213,7.0,4.0,False,main,False
7235,6,6,11.21850700414494,1.7814929958550603,0.8629620772419184,0.9768706643673694,5.0,3.0,False,main,False
7235,7,7,12.21850700414494,1.7814929958550603,0.872750500296067,0.9786876545917476,3.0,2.0,False,main,False
7235,8,8,13.21850700414494,1.7814929958550603,0.8812338002763292,0.9802398255260446,1.0,1.0,False,main,False
7235,9,9,14.21850700414494,1.7814929958550603,0.8886566877590587,0.98158116339001,-1.0,-1.0,True,main,False
4267,1,1,6.460903220983163,1.5390967790168366,0.8076129026228954,0.97238103809171,17.0,8.0,False,main,True
4267,2,2,7.460903220983163,1.5390967790168366,0.828989246775907,0.975918166184991,14.0,7.0,False,main,True
4267,3,3,8.460903220983162,1.5390967790168366,0.8460903220983162,0.9786515395123336,11.0,6.0,False,main,False
4267,4,4,9.460903220983162,1.5390967790168366,0.8600821109984693,0.9808273211962953,8.0,5.0,False,main,False
4267,5,5,10.460903220983162,1.5390967790168366,0.8717419350819302,0.982600416903629,6.0,4.0,False,main,False
4267,6,6,11.460903220983162,1.5390967790168366,0.8816079400756279,0.9840731933347637,4.0,3.0,False,main,False
4267,7,7,12.460903220983162,1.5390967790168366,0.8900645157845116,0.9853160190863287,2.0,2.0,False,main,False
4267,8,8,13.460903220983162,1.5390967790168366,0.8973935480655442,0.9863788646851391,1.0,1.0,False,main,False
4267,9,9,14.460903220983162,1.5390967790168366,0.9038064513114477,0.9872981961489561,-1.0,-1.0,True,main,False
9140,1,1,6.209798206469625,1.7902017935303758,0.7762247758087031,0.9591758990501464,20.0,9.0,False,main,True
4629,0,1,5.304294584102115,2.6957054158978853,0.6630368230127643,0.8966325405644641,46.0,15.0,False,main,True
8176,1,1,6.173022076434037,1.8269779235659631,0.7716277595542547,0.9570709131538051,21.0,9.0,False,main,True
8176,2,2,7.173022076434037,1.8269779235659631,0.7970024529371152,0.9626447329870593,16.0,8.0,False,main,False
8176,3,3,8.173022076434037,1.8269779235659631,0.8173022076434038,0.9669357178771227,12.0,6.0,False,main,False
8176,4,4,9.173022076434037,1.8269779235659631,0.8339110978576397,0.9703414840840605,9.0,5.0,False,main,False
8176,5,5,10.173022076434037,1.8269779235659631,0.8477518397028364,0.9731105745005589,7.0,4.0,False,main,False
8176,6,6,11.173022076434037,1.8269779235659631,0.8594632366487721,0.9754063843239019,5.0,3.0,False,main,False
8176,7,7,12.173022076434037,1.8269779235659631,0.8695015768881456,0.9773407698336954,3.0,2.0,False,main,False
8176,8,8,13.173022076434037,1.8269779235659631,0.8782014717622691,0.9789928945743525,1.0,1.0,False,main,False
8176,9,9,14.173022076434037,1.8269779235659631,0.8858138797771273,0.9804203655634265,-1.0,-1.0,True,main,False
529,1,1,6.540762811529435,1.4592371884705653,0.8175953514411793,0.9761250052063182,16.0,8.0,False,main,True
529,2,2,7.540762811529435,1.4592371884705653,0.8378625346143816,0.9791707522652795,13.0,7.0,False,main,False
529,3,3,8.540762811529435,1.4592371884705653,0.8540762811529434,0.9815268903247896,10.0,6.0,False,main,False
529,4,4,9.540762811529435,1.4592371884705653,0.8673420737754032,0.9834039169677493,8.0,5.0,False,main,False
529,5,5,10.540762811529435,1.4592371884705653,0.8783969009607863,0.9849345386911388,6.0,4.0,False,main,False
529,6,6,11.540762811529435,1.4592371884705653,0.8877509855022642,0.9862065785966044,4.0,3.0,False,main,False
529,7,7,12.540762811529435,1.4592371884705653,0.8957687722521025,0.9872804775834295,2.0,2.0,False,main,False
529,8,8,13.540762811529435,1.4592371884705653,0.902717520768629,0.9881991970120957,1.0,1.0,False,main,False
529,9,9,14.540762811529435,1.4592371884705653,0.9087976757205897,0.9889941128321171,-1.0,-1.0,True,main,False
10062,0,1,5.155112359065884,2.844887640934116,0.6443890448832355,0.8844330696168157,52.0,16.0,False,main,True
10062,0,2,5.155112359065884,3.844887640934116,0.5727902621184315,0.8207647346822721,93.0,23.0,False,main,False
10062,0,3,5.155112359065884,4.844887640934116,0.5155112359065883,0.7621642663292683,161.0,32.0,False,main,True
10062,0,4,5.155112359065884,5.844887640934116,0.4686465780968985,0.7096022049347235,282.0,43.0,False,main,True
10062,0,5,5.155112359065884,6.844887640934116,0.42959269658882365,0.662832376313751,510.0,58.0,False,main,True
4510,1,1,6.464475731829596,1.5355242681704042,0.8080594664786995,0.9725534433001821,17.0,8.0,False,main,True
987,1,1,6.3298380951591104,1.6701619048408896,0.7912297618948888,0.9657496193805779,19.0,9.0,False,main,True
987,2,2,7.3298380951591104,1.6701619048408896,0.814426455017679,0.9701637621126304,15.0,7.0,False,main,False
987,3,3,8.329838095159111,1.6701619048408896,0.8329838095159111,0.9735689806304038,11.0,6.0,False,main,False
987,4,4,9.329838095159111,1.6701619048408896,0.8481670995599192,0.9762759667730289,9.0,5.0,False,main,False
987,5,5,10.329838095159111,1.6701619048408896,0.8608198412632593,0.9784796404893507,7.0,4.0,False,main,False
987,6,6,11.329838095159111,1.6701619048408896,0.8715260073199317,0.9803085076331592,4.0,3.0,False,main,False
987,7,7,12.329838095159111,1.6701619048408896,0.8807027210827937,0.9818507386262447,3.0,2.0,False,main,False
987,8,8,13.329838095159111,1.6701619048408896,0.8886558730106074,0.9831688487788496,1.0,1.0,False,main,False
987,9,9,14.329838095159111,1.6701619048408896,0.8956148809474445,0.9843083998678495,-1.0,-1.0,True,main,False
2489,0,1,5.313586934580515,2.6864130654194844,0.6641983668225644,0.897376285948411,46.0,15.0,False,main,True
5866,1,1,6.242258160891545,1.7577418391084545,0.7802822701114431,0.9609988888299681,20.0,9.0,False,main,True
6064,1,1,6.271107683532723,1.7288923164672778,0.7838884604415903,0.9625911538387985,19.0,9.0,False,main,True
6064,2,2,7.271107683532723,1.7288923164672778,0.8079008537258581,0.9674258328978292,15.0,7.0,False,main,True
6064,3,3,8.271107683532723,1.7288923164672778,0.8271107683532722,0.971152590536836,12.0,6.0,False,main,False
6064,4,4,9.271107683532723,1.7288923164672778,0.8428279712302476,0.9741134365082905,9.0,5.0,False,main,False
6064,5,5,10.271107683532723,1.7288923164672778,0.8559256402943936,0.9765226459289033,7.0,4.0,False,main,False
6064,6,6,11.271107683532723,1.7288923164672778,0.867008283348671,0.9785213356322646,5.0,3.0,False,main,False
6064,7,7,12.271107683532723,1.7288923164672778,0.8765076916809088,0.9802062469640892,3.0,2.0,False,main,False
6064,8,8,13.271107683532723,1.7288923164672778,0.8847405122355149,0.9816459249675538,1.0,1.0,False,main,False
6064,9,9,14.271107683532723,1.7288923164672778,0.8919442302207952,0.9828902972741502,-1.0,-1.0,True,main,False
6679,0,1,5.190037343291236,2.8099626567087643,0.6487546679114045,0.8873323897171373,51.0,16.0,False,main,True
8374,0,1,5.193401365247194,2.806598634752806,0.6491751706558992,0.887610270430353,51.0,16.0,False,main,True
8374,0,2,5.193401365247194,3.806598634752806,0.5770445961385771,0.8240849576988971,90.0,23.0,False,main,False
8374,0,3,5.193401365247194,4.806598634752806,0.5193401365247194,0.7654644402433192,155.0,32.0,False,main,False
8374,0,4,5.193401365247194,5.806598634752806,0.472127396840654,0.7128137624291222,270.0,43.0,False,main,False
8374,0,5,5.193401365247194,6.806598634752806,0.43278344710393285,0.6659271531644891,483.0,57.0,False,main,True
8374,0,6,5.193401365247194,7.806598634752806,0.39949241271132263,0.6242228894216955,918.0,75.0,False,main,True
8374,0,7,5.193401365247194,8.806598634752806,0.37095724037479955,0.5870530927543558,1936.0,99.0,False,main,True
8374,0,8,5.193401365247194,9.806598634752806,0.34622675768314626,0.553810573972489,-1.0,130.0,False,main,True
3474,0,1,5.160937017580189,2.8390629824198106,0.6451171271975237,0.8849184264688675,52.0,16.0,False,main,True
8653,1,1,6.5386262142832825,1.4613737857167177,0.8173282767854103,0.9760278769600171,16.0,8.0,False,main,True
422,1,1,6.333594207893805,1.666405792106195,0.7916992759867256,0.9659477724687726,19.0,9.0,False,main,True
10894,1,1,6.490792982552646,1.5092070174473533,0.8113491228190808,0.9738094177748087,17.0,8.0,False,main,True
10894,2,2,7.490792982552646,1.5092070174473533,0.8323103313947384,0.9771587433128357,13.0,7.0,False,main,False
10894,3,3,8.490792982552646,1.5092070174473533,0.8490792982552646,0.9797480112503298,11.0,6.0,False,main,False
10894,4,4,9.490792982552646,1.5092070174473533,0.8627993620502405,0.9818097105445278,8.0,5.0,False,main,False
10894,5,5,10.490792982552646,1.5092070174473533,0.8742327485460538,0.9834902430076525,6.0,4.0,False,main,False
10894,6,6,11.490792982552646,1.5092070174473533,0.8839071525040497,0.984886407826213,4.0,3.0,False,main,False
10894,7,7,12.490792982552646,1.5092070174473533,0.8921994987537605,0.9860647751472017,2.0,2.0,False,main,False
10894,8,8,13.490792982552646,1.5092070174473533,0.8993861988368431,0.9870726348803839,1.0,1.0,False,main,False
10894,9,9,14.490792982552646,1.5092070174473533,0.9056745614095404,0.987944507082438,-1.0,-1.0,True,main,False
10250,1,1,6.327871256779855,1.6721287432201444,0.7909839070974819,0.9656456728218573,19.0,9.0,False,main,True
10250,2,2,7.327871256779855,1.6721287432201444,0.8142079174199839,0.970073627345906,15.0,7.0,False,main,False
10250,3,3,8.327871256779854,1.6721287432201444,0.8327871256779856,0.9734894124384619,11.0,6.0,False,main,False
10250,4,4,9.327871256779854,1.6721287432201444,0.847988296070896,0.9762047447446575,9.0,5.0,False,main,False
10250,5,5,10.327871256779854,1.6721287432201444,0.860655938064988,0.978415178219135,7.0,4.0,False,main,False
10250,6,6,11.327871256779854,1.6721287432201444,0.871374712059989,0.9802496321336267,4.0,3.0,False,main,False
10250,7,7,12.327871256779854,1.6721287432201444,0.8805622326271325,0.9817965580619493,3.0,2.0,False,main,False
10250,8,8,13.327871256779854,1.6721287432201444,0.8885247504519904,0.9831186692088109,1.0,1.0,False,main,False
10250,9,9,14.327871256779854,1.6721287432201444,0.895491953548741,0.9842616706981759,-1.0,-1.0,True,main,False
9026,1,1,6.474402687335557,1.525597312664443,0.8093003359169446,0.973030117731193,17.0,8.0,False,main,True
9026,2,2,7.474402687335557,1.525597312664443,0.8304891874817285,0.9764818550649396,13.0,7.0,False,main,True
9026,3,3,8.474402687335557,1.525597312664443,0.8474402687335557,0.9791497167869322,11.0,6.0,False,main,False
9026,4,4,9.474402687335557,1.525597312664443,0.8613093352123233,0.9812736421012833,8.0,5.0,False,main,False
9026,5,5,10.474402687335557,1.525597312664443,0.8728668906112964,0.9830046671747612,6.0,4.0,False,main,False
9026,6,6,11.474402687335557,1.525597312664443,0.8826463605642736,0.984442625888976,4.0,3.0,False,main,False
9026,7,7,12.474402687335557,1.525597312664443,0.8910287633811113,0.9856561591245967,2.0,2.0,False,main,False
9026,8,8,13.474402687335557,1.525597312664443,0.8982935124890371,0.9866940183123221,1.0,1.0,False,main,False
9026,9,9,14.474402687335557,1.525597312664443,0.9046501679584723,0.9875917845885954,-1.0,-1.0,True,main,False
5221,1,1,6.203905648472169,1.7960943515278314,0.7754882060590211,0.9588414337409443,20.0,9.0,False,main,True
8017,0,4,5.170700178483121,5.82929982151688,0.4700636525893746,0.7109111794545356,277.0,43.0,False,main,True
997,2,2,7.564698207506727,1.4353017924932727,0.8405220230563031,0.9801064459789254,13.0,7.0,False,main,True
997,3,3,8.564698207506726,1.4353017924932727,0.8564698207506727,0.9823544195145502,10.0,6.0,False,main,False
997,4,4,9.564698207506726,1.4353017924932727,0.8695180188642478,0.9841457152694347,8.0,5.0,False,main,False
997,5,5,10.564698207506726,1.4353017924932727,0.8803915172922272,0.9856067122920482,6.0,4.0,False,main,False
997,6,6,11.564698207506726,1.4353017924932727,0.8895921698082098,0.986821082424772,4.0,3.0,False,main,False
997,7,7,12.564698207506726,1.4353017924932727,0.8974784433933376,0.9878464296334177,2.0,2.0,False,main,False
997,8,8,13.564698207506726,1.4353017924932727,0.9043132138337817,0.9887237104831362,1.0,1.0,False,main,False
997,9,9,14.564698207506726,1.4353017924932727,0.9102936379691704,0.9894828439111619,-1.0,-1.0,True,main,False
645,2,2,7.418744872736885,1.581255127263115,0.8243049858596538,0.9741223137833014,14.0,7.0,False,main,True
645,3,3,8.418744872736884,1.581255127263115,0.8418744872736885,0.9770647657693079,11.0,6.0,False,main,False
645,4,4,9.418744872736884,1.581255127263115,0.8562495338851714,0.9794059745174201,8.0,5.0,False,main,False
645,5,5,10.418744872736884,1.581255127263115,0.8682287393947404,0.9813132342600172,6.0,4.0,False,main,False
645,6,6,11.418744872736884,1.581255127263115,0.8783649902105296,0.9828970145757449,4.0,3.0,False,main,False
645,7,7,12.418744872736884,1.581255127263115,0.8870532051954918,0.9842332079318874,2.0,2.0,False,main,False
645,8,8,13.418744872736884,1.581255127263115,0.8945829915157923,0.9853756806271448,1.0,1.0,False,main,False
645,9,9,14.418744872736884,1.581255127263115,0.9011715545460554,0.9863637252588325,-1.0,-1.0,True,main,False
3295,2,2,7.190723872205899,1.8092761277941007,0.7989693191339887,0.9635264013906298,16.0,8.0,False,main,True
3295,3,3,8.190723872205899,1.8092761277941007,0.8190723872205898,0.9677130832000042,12.0,6.0,False,main,True
3295,4,4,9.190723872205899,1.8092761277941007,0.8355203520187181,0.9710366524381941,9.0,5.0,False,main,False
3295,5,5,10.190723872205899,1.8092761277941007,0.8492269893504916,0.973739288736681,7.0,4.0,False,main,False
3295,6,6,11.190723872205899,1.8092761277941007,0.8608249132466076,0.9759802549768364,5.0,3.0,False,main,False
3295,7,7,12.190723872205899,1.8092761277941007,0.8707659908718499,0.977868606303751,3.0,2.0,False,main,False
3295,8,8,13.190723872205899,1.8092761277941007,0.8793815914803933,0.9794815398215251,1.0,1.0,False,main,False
3295,9,9,14.190723872205899,1.8092761277941007,0.8869202420128687,0.9808752412421587,-1.0,-1.0,True,main,False
4611,2,2,7.611939798813479,1.3880602011865208,0.8457710887570532,0.9818986052765346,13.0,7.0,False,main,True
4611,3,3,8.611939798813479,1.3880602011865208,0.8611939798813479,0.9839398736681794,10.0,6.0,False,main,False
4611,4,4,9.611939798813479,1.3880602011865208,0.8738127089830435,0.9855672461525742,8.0,5.0,False,main,False
4611,5,5,10.611939798813479,1.3880602011865208,0.8843283165677899,0.9868950585573246,6.0,4.0,False,main,False
4611,6,6,11.611939798813479,1.3880602011865208,0.8932261383702677,0.987999073945836,4.0,3.0,False,main,False
4611,7,7,12.611939798813479,1.3880602011865208,0.9008528427723913,0.9889314873494184,2.0,2.0,False,main,False
4611,8,8,13.611939798813479,1.3880602011865208,0.9074626532542319,0.9897294305615736,1.0,1.0,False,main,False
4611,9,9,14.611939798813479,1.3880602011865208,0.9132462374258424,0.9904200413564449,-1.0,-1.0,True,main,False
9390,2,2,7.553518339042731,1.4464816609572693,0.8392798154491924,0.9796716871805071,13.0,7.0,False,main,True
9390,3,3,8.553518339042732,1.4464816609572693,0.855351833904273,0.981969897679085,10.0,6.0,False,main,False
9390,4,4,9.553518339042732,1.4464816609572693,0.8685016671857028,0.983801015031817,8.0,5.0,False,main,False
9390,5,5,10.553518339042732,1.4464816609572693,0.8794598615868942,0.9852943549254045,6.0,4.0,False,main,False
9390,6,6,11.553518339042732,1.4464816609572693,0.8887321799263639,0.9865355161812915,4.0,3.0,False,main,False
9390,7,7,12.553518339042732,1.4464816609572693,0.896679881360195,0.9875834198283865,2.0,2.0,False,main,False
9390,8,8,13.553518339042732,1.4464816609572693,0.9035678892695154,0.9884799532757187,1.0,1.0,False,main,False
9390,9,9,14.553518339042732,1.4464816609572693,0.9095948961901708,0.989255712028132,-1.0,-1.0,True,main,False
5965,2,2,7.571280927513358,1.4287190724866419,0.8412534363903732,0.9803605434566656,13.0,7.0,False,main,True
5965,3,3,8.571280927513358,1.4287190724866419,0.8571280927513358,0.982579172210751,10.0,6.0,False,main,False
5965,4,4,9.571280927513358,1.4287190724866419,0.8701164479557598,0.9843472039033225,8.0,5.0,False,main,False
5965,5,5,10.571280927513358,1.4287190724866419,0.8809400772927799,0.985789303945918,6.0,4.0,False,main,False
5965,6,6,11.571280927513358,1.4287190724866419,0.890098532885643,0.9869880194474175,4.0,3.0,False,main,False
5965,7,7,12.571280927513358,1.4287190724866419,0.8979486376795256,0.9880001854862484,2.0,2.0,False,main,False
5965,8,8,13.571280927513358,1.4287190724866419,0.9047520618342239,0.9888662151252148,1.0,1.0,False,main,False
5965,9,9,14.571280927513358,1.4287190724866419,0.9107050579695849,0.9896156322144317,-1.0,-1.0,True,main,False
1090,2,2,7.247159245499355,1.752840754500645,0.805239916166595,0.9662821927480417,15.0,8.0,False,main,True
1090,3,3,8.247159245499354,1.752840754500645,0.8247159245499354,0.970143601288035,12.0,6.0,False,main,False
1090,4,4,9.247159245499354,1.752840754500645,0.8406508404999413,0.9732106880954108,9.0,5.0,False,main,False
1090,5,5,10.247159245499354,1.752840754500645,0.8539299371249461,0.975705871478165,7.0,4.0,False,main,False
1090,6,6,11.247159245499354,1.752840754500645,0.8651660958076426,0.9777755679472809,5.0,3.0,False,main,False
1090,7,7,12.247159245499354,1.752840754500645,0.8747970889642396,0.9795201174529014,3.0,2.0,False,main,False
1090,8,8,13.247159245499354,1.752840754500645,0.8831439496999569,0.9810105948273428,1.0,1.0,False,main,False
1090,9,9,14.247159245499354,1.752840754500645,0.8904474528437096,0.9822987582882065,-1.0,-1.0,True,main,False
422,2,2,7.333594207893805,1.666405792106195,0.8148438008770894,0.9703355912046161,15.0,7.0,False,main,True
422,3,3,8.333594207893805,1.666405792106195,0.8333594207893805,0.9737206696332353,11.0,6.0,False,main,False
422,4,4,9.333594207893805,1.666405792106195,0.8485085643539823,0.9764117471267005,9.0,5.0,False,main,False
422,5,5,10.333594207893805,1.666405792106195,0.8611328506578171,0.9786025355978855,6.0,4.0,False,main,False
422,6,6,11.333594207893805,1.666405792106195,0.8718149390687542,0.9804207531108791,4.0,3.0,False,main,False
422,7,7,12.333594207893805,1.666405792106195,0.8809710148495575,0.9819540343038038,3.0,2.0,False,main,False
422,8,8,13.333594207893805,1.666405792106195,0.8889062805262536,0.9832645173456042,1.0,1.0,False,main,False
422,9,9,14.333594207893805,1.666405792106195,0.8958496379933628,0.9843974908150208,-1.0,-1.0,True,main,False
512,2,2,7.2352630655996215,1.7647369344003785,0.803918118399958,0.9657083424212168,15.0,8.0,False,main,True
512,3,3,8.235263065599622,1.7647369344003785,0.8235263065599622,0.9696373902988351,12.0,6.0,False,main,False
512,4,4,9.235263065599622,1.7647369344003785,0.8395693695999656,0.9727578303106117,9.0,5.0,False,main,False
512,5,5,10.235263065599622,1.7647369344003785,0.8529385887999684,0.9752961796342678,7.0,4.0,False,main,False
512,6,6,11.235263065599622,1.7647369344003785,0.8642510050461247,0.9774015210367931,5.0,3.0,False,main,False
512,7,7,12.235263065599622,1.7647369344003785,0.8739473618285444,0.979176004201894,3.0,2.0,False,main,False
512,8,8,13.235263065599622,1.7647369344003785,0.8823508710399748,0.9806919757810196,1.0,1.0,False,main,False
512,9,9,14.235263065599622,1.7647369344003785,0.8897039415999763,0.9820021140508123,-1.0,-1.0,True,main,False
5145,2,2,7.805355019244214,1.194644980755786,0.8672616688049126,0.9884381052687726,11.0,7.0,False,main,False
5145,3,3,8.805355019244214,1.194644980755786,0.8805355019244214,0.9897307527222244,9.0,6.0,False,main,False
5145,4,4,9.805355019244214,1.194644980755786,0.891395910840383,0.9907633767216262,7.0,5.0,False,main,False
5145,5,5,10.805355019244214,1.194644980755786,0.9004462516036845,0.991607275804688,5.0,4.0,False,main,False
5145,6,6,11.805355019244214,1.194644980755786,0.9081042322495549,0.9923098616997773,4.0,3.0,False,main,False
5145,7,7,12.805355019244214,1.194644980755786,0.914668215660301,0.9929038905764085,2.0,2.0,False,main,False
5145,8,8,13.805355019244214,1.194644980755786,0.9203570012829476,0.9934127200850678,1.0,1.0,False,main,False
5145,9,9,14.805355019244214,1.194644980755786,0.9253346887027634,0.9938534548229017,-1.0,-1.0,True,main,False
5705,2,2,7.462567545522019,1.5374324544779814,0.8291741717246688,0.9759879626882144,14.0,7.0,False,main,True
5705,3,3,8.462567545522019,1.5374324544779814,0.8462567545522018,0.978713221297559,11.0,6.0,False,main,False
5705,4,4,9.462567545522019,1.5374324544779814,0.8602334132292744,0.9808825802795075,8.0,5.0,False,main,False
5705,5,5,10.462567545522019,1.5374324544779814,0.8718806287935016,0.9826504656770345,6.0,4.0,False,main,False
5705,6,6,11.462567545522019,1.5374324544779814,0.8817359650401553,0.9841189302986424,4.0,3.0,False,main,False
5705,7,7,12.462567545522019,1.5374324544779814,0.8901833961087157,0.9853581286528152,2.0,2.0,False,main,False
5705,8,8,13.462567545522019,1.5374324544779814,0.8975045030348012,0.9864178802191687,1.0,1.0,False,main,False
5705,9,9,14.462567545522019,1.5374324544779814,0.9039104715951262,0.9873345413873755,-1.0,-1.0,True,main,False
7557,2,2,7.223398142657391,1.7766018573426092,0.802599793628599,0.9651322262233858,16.0,8.0,False,main,True
7557,3,3,8.223398142657391,1.7766018573426092,0.8223398142657391,0.9691292303933549,12.0,6.0,False,main,False
7557,4,4,9.223398142657391,1.7766018573426092,0.838490740241581,0.9723032636934518,9.0,5.0,False,main,False
7557,5,5,10.223398142657391,1.7766018573426092,0.8519498452214492,0.9748849669183038,7.0,4.0,False,main,False
7557,6,6,11.223398142657391,1.7766018573426092,0.8633383186659531,0.977026104296733,5.0,3.0,False,main,False
7557,7,7,12.223398142657391,1.7766018573426092,0.8730998673326708,0.9788306450881512,3.0,2.0,False,main,False
7557,8,8,13.223398142657391,1.7766018573426092,0.8815598761771594,0.9803722144069352,1.0,1.0,False,main,False
7557,9,9,14.223398142657391,1.7766018573426092,0.888962383916087,0.9817044152316626,-1.0,-1.0,True,main,False
11027,0,5,5.505946775845768,6.494053224154232,0.4588288979871473,0.6908042284684434,327.0,50.0,False,main,True
11056,0,5,5.784121480491025,6.215878519508976,0.48201012337425203,0.7123756200073849,243.0,45.0,False,main,True
1490,2,2,7.689243973596968,1.3107560264030322,0.8543604415107742,0.984670039589409,12.0,7.0,False,main,False
1490,3,3,8.689243973596968,1.3107560264030322,0.8689243973596967,0.9863929143726529,10.0,6.0,False,main,False
1490,4,4,9.689243973596968,1.3107560264030322,0.880840361236088,0.9877675507267882,8.0,5.0,False,main,False
1490,5,5,10.689243973596968,1.3107560264030322,0.8907703311330807,0.988889864620552,6.0,4.0,False,main,False
1490,6,6,11.689243973596968,1.3107560264030322,0.8991726133536129,0.9898235026342624,4.0,3.0,False,main,False
1490,7,7,12.689243973596968,1.3107560264030322,0.9063745695426405,0.9906123620631178,2.0,2.0,False,main,False
1490,8,8,13.689243973596968,1.3107560264030322,0.9126162649064645,0.9912877007535189,1.0,1.0,False,main,False
1490,9,9,14.689243973596968,1.3107560264030322,0.9180777483498105,0.9918723813502364,-1.0,-1.0,True,main,False
1818,2,2,7.359004621450339,1.6409953785496614,0.8176671801611488,0.9714875152881889,14.0,7.0,False,main,True
1818,3,3,8.359004621450339,1.6409953785496614,0.8359004621450339,0.974737698759918,11.0,6.0,False,main,False
1818,4,4,9.359004621450339,1.6409953785496614,0.8508186019500308,0.9773221987644126,9.0,5.0,False,main,False
1818,5,5,10.359004621450339,1.6409953785496614,0.8632503851208616,0.9794266492901997,6.0,4.0,False,main,False
1818,6,6,11.359004621450339,1.6409953785496614,0.8737695862654107,0.9811734984749544,4.0,3.0,False,main,False
1818,7,7,12.359004621450339,1.6409953785496614,0.88278604438931,0.9826467956836238,3.0,2.0,False,main,False
1818,8,8,13.359004621450339,1.6409953785496614,0.8906003080966892,0.9839061547348442,1.0,1.0,False,main,False
1818,9,9,14.359004621450339,1.6409953785496614,0.8974377888406462,0.9849950351941975,-1.0,-1.0,True,main,False
1734,2,2,7.564158037162175,1.4358419628378252,0.8404620041291305,0.9800855327426611,13.0,7.0,False,main,True
1734,3,3,8.564158037162175,1.4358419628378252,0.8564158037162175,0.9823359220154998,10.0,6.0,False,main,False
1734,4,4,9.564158037162175,1.4358419628378252,0.8694689124692886,0.9841291328224839,8.0,5.0,False,main,False
1734,5,5,10.564158037162175,1.4358419628378252,0.8803465030968479,0.9855916853401688,6.0,4.0,False,main,False
1734,6,6,11.564158037162175,1.4358419628378252,0.8895506182432442,0.9868073440304592,4.0,3.0,False,main,False
1734,7,7,12.564158037162175,1.4358419628378252,0.8974398597972982,0.9878337761706105,2.0,2.0,False,main,False
1734,8,8,13.564158037162175,1.4358419628378252,0.9042772024774783,0.9887119830758222,1.0,1.0,False,main,False
1734,9,9,14.564158037162175,1.4358419628378252,0.9102598773226359,0.9894719162116841,-1.0,-1.0,True,main,False
7904,0,5,5.512975311628803,6.487024688371197,0.45941460930240025,0.6913558397304362,324.0,50.0,False,main,True
3382,2,2,7.165179785361305,1.8348202146386945,0.7961310872623673,0.9622515352931612,16.0,8.0,False,main,True
3382,3,3,8.165179785361305,1.8348202146386945,0.8165179785361305,0.9665890728362644,12.0,6.0,False,main,False
3382,4,4,9.165179785361305,1.8348202146386945,0.8331981623055732,0.970031517945294,10.0,5.0,False,main,False
3382,5,5,10.165179785361305,1.8348202146386945,0.8470983154467754,0.9728302576780282,7.0,4.0,False,main,False
3382,6,6,11.165179785361305,1.8348202146386945,0.8588599834893311,0.9751505335736306,5.0,3.0,False,main,False
3382,7,7,12.165179785361305,1.8348202146386945,0.8689414132400932,0.9771054531183866,3.0,2.0,False,main,False
3382,8,8,13.165179785361305,1.8348202146386945,0.8776786523574204,0.9787750580211607,1.0,1.0,False,main,False
3382,9,9,14.165179785361305,1.8348202146386945,0.8853237365850816,0.9802175898992704,-1.0,-1.0,True,main,False
10477,0,6,5.762581189558474,7.237418810441526,0.4432754761198826,0.6673323066598691,415.0,59.0,False,main,True
7634,0,6,5.82545091339262,7.17454908660738,0.44811160872250927,0.6719790344875873,386.0,58.0,False,main,True
5819,2,2,7.264373966693094,1.735626033306906,0.8071526629658994,0.9671058424321204,15.0,8.0,False,main,True
5819,3,3,8.264373966693094,1.735626033306906,0.8264373966693095,0.9708702552639827,12.0,6.0,False,main,False
5819,4,4,9.264373966693094,1.735626033306906,0.8422158151539176,0.97386081553166,9.0,5.0,False,main,False
5819,5,5,10.264373966693094,1.735626033306906,0.8553644972244245,0.9762940733753575,7.0,4.0,False,main,False
5819,6,6,11.264373966693094,1.735626033306906,0.8664903051302381,0.9783126265954994,5.0,3.0,False,main,False
5819,7,7,12.264373966693094,1.735626033306906,0.8760267119066496,0.98001422234072,3.0,2.0,False,main,False
5819,8,8,13.264373966693094,1.735626033306906,0.8842915977795396,0.9814681128348722,1.0,1.0,False,main,False
5819,9,9,14.264373966693094,1.735626033306906,0.8915233729183184,0.9827247374996103,-1.0,-1.0,True,main,False
11763,2,2,7.546186579741493,1.4538134202585076,0.8384651755268325,0.9793843905919993,13.0,7.0,False,main,True
11763,3,3,8.546186579741493,1.4538134202585076,0.8546186579741493,0.9817158180381425,10.0,6.0,False,main,False
11763,4,4,9.546186579741493,1.4538134202585076,0.867835143612863,0.9835732618971107,8.0,5.0,False,main,False
11763,5,5,10.546186579741493,1.4538134202585076,0.8788488816451244,0.9850879816201638,6.0,4.0,False,main,False
11763,6,6,11.546186579741493,1.4538134202585076,0.8881681984416533,0.9863468511797655,4.0,3.0,False,main,False
11763,7,7,12.546186579741493,1.4538134202585076,0.8961561842672495,0.9874096629781425,2.0,2.0,False,main,False
11763,8,8,13.546186579741493,1.4538134202585076,0.9030791053160995,0.9883189201727414,1.0,1.0,False,main,False
11763,9,9,14.546186579741493,1.4538134202585076,0.9091366612338433,0.9891056657531607,-1.0,-1.0,True,main,False
6558,0,10,5.363173034211722,11.636826965788277,0.3154807667183366,0.5080326492438247,-1.0,203.0,False,main,True
2740,2,2,7.368106469504193,1.6318935304958067,0.818678496611577,0.9718956386471066,14.0,7.0,False,main,True
2740,3,3,8.368106469504193,1.6318935304958067,0.8368106469504193,0.9750980806108233,11.0,6.0,False,main,False
2740,4,4,9.368106469504193,1.6318935304958067,0.8516460426821993,0.9776448510224911,9.0,5.0,False,main,False
2740,5,5,10.368106469504193,1.6318935304958067,0.8640088724586827,0.9797187305486502,6.0,4.0,False,main,False
2740,6,6,11.368106469504193,1.6318935304958067,0.8744697284233994,0.9814403049715912,4.0,3.0,False,main,False
2740,7,7,12.368106469504193,1.6318935304958067,0.8834361763931566,0.982892356165503,3.0,2.0,False,main,False
2740,8,8,13.368106469504193,1.6318935304958067,0.8912070979669462,0.9841336052477987,1.0,1.0,False,main,False
2740,9,9,14.368106469504193,1.6318935304958067,0.8980066543440121,0.9852068648134819,-1.0,-1.0,True,main,False
11247,0,6,5.446907049580372,7.553092950419628,0.41899284996772096,0.6436571335072868,621.0,67.0,False,main,True
5933,2,2,7.3211205203003304,1.6788794796996696,0.8134578355889256,0.969763431681108,15.0,7.0,False,main,True
5933,3,3,8.32112052030033,1.6788794796996696,0.8321120520300329,0.9732155911253539,11.0,6.0,False,main,False
5933,4,4,9.32112052030033,1.6788794796996696,0.8473745927545754,0.9759596523028894,9.0,5.0,False,main,False
5933,5,5,10.32112052030033,1.6788794796996696,0.8600933766916942,0.9781933527451937,7.0,4.0,False,main,False
5933,6,6,11.32112052030033,1.6788794796996696,0.8708554246384869,0.9800470354033594,4.0,3.0,False,main,False
5933,7,7,12.32112052030033,1.6788794796996696,0.8800800371643093,0.9816101199562672,3.0,2.0,False,main,False
5933,8,8,13.32112052030033,1.6788794796996696,0.8880747013533553,0.9829460009756085,1.0,1.0,False,main,False
5933,9,9,14.32112052030033,1.6788794796996696,0.8950700325187706,0.9841008771093135,-1.0,-1.0,True,main,False
10972,0,5,5.167685663206417,6.832314336793583,0.4306404719338681,0.6638497803251231,501.0,58.0,False,main,True
8653,2,2,7.5386262142832825,1.4613737857167177,0.8376251349203647,0.979086335583375,13.0,7.0,False,main,True
8653,3,3,8.538626214283283,1.4613737857167177,0.8538626214283281,0.9814522400843729,10.0,6.0,False,main,False
8653,4,4,9.538626214283283,1.4613737857167177,0.8671478376621166,0.9833370060332606,8.0,5.0,False,main,False
8653,5,5,10.538626214283283,1.4613737857167177,0.8782188511902734,0.984873912092402,6.0,4.0,False,main,False
8653,6,6,11.538626214283283,1.4613737857167177,0.8875866318679447,0.9861511566130611,4.0,3.0,False,main,False
8653,7,7,12.538626214283283,1.4613737857167177,0.8956161581630916,0.9872294368646399,2.0,2.0,False,main,False
8653,8,8,13.538626214283283,1.4613737857167177,0.9025750809522188,0.9881518953367348,1.0,1.0,False,main,False
8653,9,9,14.538626214283283,1.4613737857167177,0.9086641383927052,0.9889500395916174,-1.0,-1.0,True,main,False
8995,2,2,7.451176360611276,1.5488236393887236,0.827908484512364,0.9755085707260803,14.0,7.0,False,main,True
8995,3,3,8.451176360611276,1.5488236393887236,0.8451176360611277,0.9782895816899226,11.0,6.0,False,main,False
8995,4,4,9.451176360611276,1.5488236393887236,0.8591978509646615,0.9805030646785876,8.0,5.0,False,main,False
8995,5,5,10.451176360611276,1.5488236393887236,0.870931363384273,0.9823067428210417,6.0,4.0,False,main,False
8995,6,6,11.451176360611276,1.5488236393887236,0.8808597200470213,0.9838048264319106,4.0,3.0,False,main,False
8995,7,7,12.451176360611276,1.5488236393887236,0.8893697400436625,0.9850689413781235,2.0,2.0,False,main,False
8995,8,8,13.451176360611276,1.5488236393887236,0.8967450907074184,0.9861499451479053,1.0,1.0,False,main,False
8995,9,9,14.451176360611276,1.5488236393887236,0.9031985225382048,0.9870849474497789,-1.0,-1.0,True,main,False
8374,0,9,5.193401365247194,10.806598634752806,0.3245875853279496,0.5239605905000368,-1.0,172.0,False,main,True
8061,0,5,5.550458816873631,6.449541183126369,0.46253823473946926,0.6942918330302805,311.0,49.0,False,main,True
1744,2,2,7.209821680390585,1.7901783196094159,0.801091297821176,0.9644684114720788,16.0,8.0,False,main,True
1744,3,3,8.209821680390585,1.7901783196094159,0.8209821680390584,0.9685437780499386,12.0,6.0,False,main,False
1744,4,4,9.209821680390585,1.7901783196094159,0.837256516399144,0.971779599086825,9.0,5.0,False,main,False
1744,5,5,10.209821680390585,1.7901783196094159,0.850818473365882,0.9744112772941684,7.0,4.0,False,main,False
1744,6,6,11.209821680390585,1.7901783196094159,0.8622939754146604,0.9765936723249475,5.0,3.0,False,main,False
1744,7,7,12.209821680390585,1.7901783196094159,0.8721301200278989,0.9784328533265577,3.0,2.0,False,main,False
1744,8,8,13.209821680390585,1.7901783196094159,0.8806547786927056,0.9800039204906449,1.0,1.0,False,main,False
1744,9,9,14.209821680390585,1.7901783196094159,0.8881138550244115,0.9813615435053636,-1.0,-1.0,True,main,False
3558,2,2,7.292244530886062,1.7077554691139376,0.8102493923206736,0.9684222080740418,15.0,7.0,False,main,True
3558,3,3,8.292244530886062,1.7077554691139376,0.8292244530886063,0.9720318172826133,12.0,6.0,False,main,False
3558,4,4,9.292244530886062,1.7077554691139376,0.8447495028078239,0.9749001996130009,9.0,5.0,False,main,False
3558,5,5,10.292244530886062,1.7077554691139376,0.8576870442405052,0.9772345635237722,7.0,4.0,False,main,False
3558,6,6,11.292244530886062,1.7077554691139376,0.8686341946835433,0.9791714239007726,5.0,3.0,False,main,False
3558,7,7,12.292244530886062,1.7077554691139376,0.8780174664918616,0.9808043957042504,3.0,2.0,False,main,False
3558,8,8,13.292244530886062,1.7077554691139376,0.8861496353924042,0.9821998252657538,1.0,1.0,False,main,False
3558,9,9,14.292244530886062,1.7077554691139376,0.8932652831803789,0.983406048669627,-1.0,-1.0,True,main,False
7161,2,2,7.437613268550003,1.5623867314499964,0.8264014742833337,0.974932661428581,14.0,7.0,False,main,True
7161,3,3,8.437613268550002,1.5623867314499964,0.8437613268550004,0.9777807019422599,11.0,6.0,False,main,False
7161,4,4,9.437613268550002,1.5623867314499964,0.8579648425954549,0.980047223825483,8.0,5.0,False,main,False
7161,5,5,10.437613268550002,1.5623867314499964,0.8698011057125004,0.9818939198138076,6.0,4.0,False,main,False
7161,6,6,11.437613268550002,1.5623867314499964,0.8798164052730773,0.9834275969195149,4.0,3.0,False,main,False
7161,7,7,12.437613268550002,1.5623867314499964,0.8884009477535717,0.9847216514033722,2.0,2.0,False,main,False
7161,8,8,13.437613268550002,1.5623867314499964,0.8958408845700002,0.9858281894476717,1.0,1.0,False,main,False
7161,9,9,14.437613268550002,1.5623867314499964,0.9023508292843753,0.9867852268143188,-1.0,-1.0,True,main,False
5410,2,2,7.672836280945313,1.3271637190546879,0.8525373645494791,0.9840989010937178,12.0,7.0,False,main,True
5410,3,3,8.672836280945312,1.3271637190546879,0.8672836280945312,0.9858872608855258,10.0,6.0,False,main,False
5410,4,4,9.672836280945312,1.3271637190546879,0.8793487528132101,0.9873139029967605,8.0,5.0,False,main,False
5410,5,5,10.672836280945312,1.3271637190546879,0.8894030234121093,0.9884785184741318,6.0,4.0,False,main,False
5410,6,6,11.672836280945312,1.3271637190546879,0.8979104831496394,0.9894472391901828,4.0,3.0,False,main,False
5410,7,7,12.672836280945312,1.3271637190546879,0.9052025914960937,0.9902656655814689,2.0,2.0,False,main,False
5410,8,8,13.672836280945312,1.3271637190546879,0.9115224187296874,0.9909662618057414,1.0,1.0,False,main,False
5410,9,9,14.672836280945312,1.3271637190546879,0.917052267559082,0.9915727688785619,-1.0,-1.0,True,main,False
104,2,2,7.377809962959415,1.6221900370405846,0.8197566625510462,0.9723281102771633,14.0,7.0,False,main,True
104,3,3,8.377809962959414,1.6221900370405846,0.8377809962959415,0.9754799921365113,11.0,6.0,False,main,False
104,4,4,9.377809962959414,1.6221900370405846,0.8525281784508558,0.9779867996381895,9.0,5.0,False,main,False
104,5,5,10.377809962959414,1.6221900370405846,0.8648174969132846,0.9800282948826561,6.0,4.0,False,main,False
104,6,6,11.377809962959414,1.6221900370405846,0.875216150996878,0.981723092932698,4.0,3.0,False,main,False
104,7,7,12.377809962959414,1.6221900370405846,0.8841292830685296,0.9831526341447775,3.0,2.0,False,main,False
104,8,8,13.377809962959414,1.6221900370405846,0.8918539975306277,0.9843746946390868,1.0,1.0,False,main,False
104,9,9,14.377809962959414,1.6221900370405846,0.8986131226849634,0.9854314020440601,-1.0,-1.0,True,main,False
5442,2,2,7.359045678593939,1.640954321406061,0.8176717420659932,0.971489361615852,14.0,7.0,False,main,True
5442,3,3,8.35904567859394,1.640954321406061,0.8359045678593938,0.9747393290467522,11.0,6.0,False,main,False
5442,4,4,9.35904567859394,1.640954321406061,0.8508223344176308,0.9773236583284918,9.0,5.0,False,main,False
5442,5,5,10.35904567859394,1.640954321406061,0.8632538065494949,0.9794279705310766,6.0,4.0,False,main,False
5442,6,6,11.35904567859394,1.640954321406061,0.8737727445072261,0.9811747053613493,4.0,3.0,False,main,False
5442,7,7,12.35904567859394,1.640954321406061,0.8827889770424242,0.9826479064469291,3.0,2.0,False,main,False
5442,8,8,13.35904567859394,1.640954321406061,0.8906030452395959,0.9839071835659443,1.0,1.0,False,main,False
5442,9,9,14.35904567859394,1.640954321406061,0.8974403549121213,0.9849959933558812,-1.0,-1.0,True,main,False
8768,2,2,7.148576768825843,1.8514232311741565,0.7942863076473159,0.9614138642504926,16.0,8.0,False,main,True
8768,3,3,8.148576768825844,1.8514232311741565,0.8148576768825844,0.9658506526537212,13.0,6.0,False,main,False
8768,4,4,9.148576768825844,1.8514232311741565,0.8316887971659859,0.9693712826626569,10.0,5.0,False,main,False
8768,5,5,10.148576768825844,1.8514232311741565,0.845714730735487,0.9722332135452794,7.0,4.0,False,main,False
8768,6,6,11.148576768825844,1.8514232311741565,0.8575828283712188,0.9746056273627642,5.0,3.0,False,main,False
8768,7,7,12.148576768825844,1.8514232311741565,0.8677554834875603,0.9766043012374431,3.0,2.0,False,main,False
8768,8,8,13.148576768825844,1.8514232311741565,0.8765717845883896,0.9783111501588583,1.0,1.0,False,main,False
8768,9,9,14.148576768825844,1.8514232311741565,0.8842860480516153,0.9797857692111585,-1.0,-1.0,True,main,False
10031,0,5,5.6773356048502785,6.3226643951497215,0.47311130040418986,0.7041577901397301,271.0,47.0,False,main,True
2534,2,2,7.643419038371476,1.3565809616285236,0.8492687820412752,0.9830517019977005,12.0,7.0,False,main,True
2534,3,3,8.643419038371476,1.3565809616285236,0.8643419038371476,0.9849603072606025,10.0,6.0,False,main,False
2534,4,4,9.643419038371476,1.3565809616285236,0.8766744580337705,0.9864824101336093,8.0,5.0,False,main,False
2534,5,5,10.643419038371476,1.3565809616285236,0.8869515865309564,0.987724651818275,6.0,4.0,False,main,False
2534,6,6,11.643419038371476,1.3565809616285236,0.8956476183362674,0.9887577369462545,4.0,3.0,False,main,False
2534,7,7,12.643419038371476,1.3565809616285236,0.9031013598836769,0.9896303980595509,2.0,2.0,False,main,False
2534,8,8,13.643419038371476,1.3565809616285236,0.9095612692247651,0.9903773168397133,1.0,1.0,False,main,False
2534,9,9,14.643419038371476,1.3565809616285236,0.9152136898982173,0.9910238484336518,-1.0,-1.0,True,main,False
6891,2,2,7.226717052255132,1.7732829477448684,0.8029685613616813,0.9652937583039074,16.0,8.0,False,main,True
6891,3,3,8.226717052255133,1.7732829477448684,0.8226717052255133,0.9692717037919992,12.0,6.0,False,main,False
6891,4,4,9.226717052255133,1.7732829477448684,0.8387924592959212,0.9724307075866309,9.0,5.0,False,main,False
6891,5,5,10.226717052255133,1.7732829477448684,0.852226421021261,0.9750002534350043,7.0,4.0,False,main,False
6891,6,6,11.226717052255133,1.7732829477448684,0.863593619404241,0.9771313532633338,5.0,3.0,False,main,False
6891,7,7,12.226717052255133,1.7732829477448684,0.873336932303938,0.9789274658847844,3.0,2.0,False,main,False
6891,8,8,13.226717052255133,1.7732829477448684,0.8817811368170089,0.9804618577935545,1.0,1.0,False,main,False
6891,9,9,14.226717052255133,1.7732829477448684,0.8891698157659458,0.9817878725975935,-1.0,-1.0,True,main,False
9606,0,5,5.807382299862228,6.192617700137772,0.483948524988519,0.714155302343904,238.0,45.0,False,main,True
9690,0,5,5.629890720532025,6.370109279467975,0.4691575600443354,0.7004814597933501,285.0,48.0,False,main,True
10802,0,6,5.3764073598674,7.6235926401326,0.41356979691287693,0.6382906072859863,688.0,69.0,False,main,True
6240,2,2,7.180453372225653,1.8195466277743468,0.797828152469517,0.9630158542726732,16.0,8.0,False,main,True
6240,3,3,8.180453372225653,1.8195466277743468,0.8180453372225653,0.9672629209245468,12.0,6.0,False,main,False
6240,4,4,9.180453372225653,1.8195466277743468,0.8345866702023321,0.9706340797490858,9.0,5.0,False,main,False
6240,5,5,10.180453372225653,1.8195466277743468,0.8483711143521377,0.9733751927459795,7.0,4.0,False,main,False
6240,6,6,11.180453372225653,1.8195466277743468,0.8600348747865887,0.97564791438617,5.0,3.0,False,main,False
6240,7,7,12.180453372225653,1.8195466277743468,0.8700323837304038,0.9775629211139228,3.0,2.0,False,main,False
6240,8,8,13.180453372225653,1.8195466277743468,0.8786968914817102,0.9791985482872831,1.0,1.0,False,main,False
6240,9,9,14.180453372225653,1.8195466277743468,0.8862783357641033,0.9806118043721987,-1.0,-1.0,True,main,False
2410,2,2,7.359002157948136,1.6409978420518643,0.8176669064386818,0.9714874045036832,14.0,7.0,False,main,True
2410,3,3,8.359002157948137,1.6409978420518643,0.8359002157948137,0.9747376009384466,11.0,6.0,False,main,False
2410,4,4,9.359002157948137,1.6409978420518643,0.8508183779952851,0.9773221111867652,9.0,5.0,False,main,False
2410,5,5,10.359002157948137,1.6409978420518643,0.8632501798290114,0.9794265700123136,6.0,4.0,False,main,False
2410,6,6,11.359002157948137,1.6409978420518643,0.8737693967652412,0.9811734260586411,4.0,3.0,False,main,False
2410,7,7,12.359002157948137,1.6409978420518643,0.882785868424867,0.9826467290349502,3.0,2.0,False,main,False
2410,8,8,13.359002157948137,1.6409978420518643,0.8906001438632091,0.983906093002319,1.0,1.0,False,main,False
2410,9,9,14.359002157948137,1.6409978420518643,0.8974376348717585,0.9849949777020232,-1.0,-1.0,True,main,False
3544,2,2,7.233476709979903,1.766523290020097,0.8037196344422114,0.9656218440842781,15.0,8.0,False,main,True
3544,3,3,8.233476709979904,1.766523290020097,0.8233476709979903,0.9695610917686037,12.0,6.0,False,main,False
3544,4,4,9.233476709979904,1.766523290020097,0.8394069736345368,0.9726895764246688,9.0,5.0,False,main,False
3544,5,5,10.233476709979904,1.766523290020097,0.8527897258316587,0.9752344338054283,7.0,4.0,False,main,False
3544,6,6,11.233476709979904,1.766523290020097,0.8641135930753772,0.9773451489752794,5.0,3.0,False,main,False
3544,7,7,12.233476709979904,1.766523290020097,0.8738197649985645,0.9791241446378381,3.0,2.0,False,main,False
3544,8,8,13.233476709979904,1.766523290020097,0.8822317806653269,0.9806439592901001,1.0,1.0,False,main,False
3544,9,9,14.233476709979904,1.766523290020097,0.889592294373744,0.9819574099794603,-1.0,-1.0,True,main,False
3085,2,2,7.718601833619853,1.2813981663801473,0.8576224259577614,0.9856684790666713,12.0,7.0,False,main,True
3085,3,3,8.718601833619854,1.2813981663801473,0.8718601833619853,0.9872770436650972,9.0,6.0,False,main,False
3085,4,4,9.718601833619854,1.2813981663801473,0.8835092576018049,0.9885608672388786,7.0,5.0,False,main,False
3085,5,5,10.718601833619854,1.2813981663801473,0.8932168194683211,0.9896092932321178,6.0,4.0,False,main,False
3085,6,6,11.718601833619854,1.2813981663801473,0.9014309102784502,0.9904816386085434,4.0,3.0,False,main,False
3085,7,7,12.718601833619854,1.2813981663801473,0.9084715595442753,0.9912188321675368,2.0,2.0,False,main,False
3085,8,8,13.718601833619854,1.2813981663801473,0.9145734555746569,0.99185002836001,1.0,1.0,False,main,False
3085,9,9,14.718601833619854,1.2813981663801473,0.9199126146012409,0.9923965577327767,-1.0,-1.0,True,main,False
11161,0,6,5.50069143910955,7.49930856089045,0.42313011070073464,0.6477317044784257,577.0,66.0,False,main,True
8386,0,5,5.657961117312443,6.342038882687557,0.4714967597760369,0.7026584041701928,277.0,47.0,False,main,True
3362,2,2,7.668178182435935,1.3318218175640646,0.8520197980484372,0.9839350586372186,12.0,7.0,False,main,True
3362,3,3,8.668178182435934,1.3318218175640646,0.8668178182435936,0.9857422167792906,10.0,6.0,False,main,False
3362,4,4,9.668178182435934,1.3318218175640646,0.8789252893123578,0.9871837854275369,8.0,5.0,False,main,False
3362,5,5,10.668178182435934,1.3318218175640646,0.889014848536328,0.9883605406207303,6.0,4.0,False,main,False
3362,6,6,11.668178182435934,1.3318218175640646,0.8975521678796874,0.9893393283258747,4.0,3.0,False,main,False
3362,7,7,12.668178182435934,1.3318218175640646,0.9048698701739954,0.9901662382290867,2.0,2.0,False,main,False
3362,8,8,13.668178182435934,1.3318218175640646,0.9112118788290624,0.9908740809522217,1.0,1.0,False,main,False
3362,9,9,14.668178182435934,1.3318218175640646,0.916761136402246,0.9914868497479702,-1.0,-1.0,True,main,False
3747,2,2,7.694909802922615,1.305090197077385,0.8549899781025128,0.9848650869518667,12.0,7.0,False,main,True
3747,3,3,8.694909802922615,1.305090197077385,0.8694909802922615,0.9865656140686616,10.0,6.0,False,main,False
3747,4,4,9.694909802922615,1.305090197077385,0.8813554366293286,0.9879224997188163,7.0,5.0,False,main,False
3747,5,5,10.694909802922615,1.305090197077385,0.8912424835768845,0.9890303732052143,6.0,4.0,False,main,False
3747,6,6,11.694909802922615,1.305090197077385,0.8996084463786627,0.9899520337908163,4.0,3.0,False,main,False
3747,7,7,12.694909802922615,1.305090197077385,0.9067792716373296,0.9907307979757416,2.0,2.0,False,main,False
3747,8,8,13.694909802922615,1.305090197077385,0.9129939868615077,0.9913975121566418,1.0,1.0,False,main,False
3747,9,9,14.694909802922615,1.305090197077385,0.9184318626826634,0.9919747393336356,-1.0,-1.0,True,main,False
2499,2,2,7.16441043770441,1.8355895622955907,0.7960456041893789,0.9622128760910179,16.0,8.0,False,main,True
2499,3,3,8.16441043770441,1.8355895622955907,0.816441043770441,0.9665549919053886,12.0,6.0,False,main,False
2499,4,4,9.16441043770441,1.8355895622955907,0.8331282216094918,0.9700010439976974,10.0,5.0,False,main,False
2499,5,5,10.16441043770441,1.8355895622955907,0.8470342031420341,0.9728026992746404,7.0,4.0,False,main,False
2499,6,6,11.16441043770441,1.8355895622955907,0.8588008029003392,0.975125380922335,5.0,3.0,False,main,False
2499,7,7,12.16441043770441,1.8355895622955907,0.8688864598360293,0.9770823195115643,3.0,2.0,False,main,False
2499,8,8,13.16441043770441,1.8355895622955907,0.8776273625136273,0.9787536431318309,1.0,1.0,False,main,False
2499,9,9,14.16441043770441,1.8355895622955907,0.8852756523565256,0.9801976558188448,-1.0,-1.0,True,main,False
8338,0,5,5.374514460913986,6.625485539086014,0.4478762050761655,0.68042602344493,382.0,53.0,False,main,True
3901,2,2,7.600210221506067,1.399789778493933,0.8444678023895631,0.9814604801731078,13.0,7.0,False,main,True
3901,3,3,8.600210221506067,1.399789778493933,0.8600210221506067,0.9835522238260773,10.0,6.0,False,main,False
3901,4,4,9.600210221506067,1.399789778493933,0.8727463837732788,0.9852196357098617,8.0,5.0,False,main,False
3901,5,5,10.600210221506067,1.399789778493933,0.8833508517921723,0.9865799864812009,6.0,4.0,False,main,False
3901,6,6,11.600210221506067,1.399789778493933,0.8923238631927745,0.9877109674368518,4.0,3.0,False,main,False
3901,7,7,12.600210221506067,1.399789778493933,0.9000150158218619,0.9886660928675263,2.0,2.0,False,main,False
3901,8,8,13.600210221506067,1.399789778493933,0.9066806814337378,0.9894834277393203,1.0,1.0,False,main,False
3901,9,9,14.600210221506067,1.399789778493933,0.9125131388441292,0.9901907885580615,-1.0,-1.0,True,main,False
5452,2,2,7.718951526138121,1.2810484738618784,0.8576612806820134,0.9856801885948637,12.0,7.0,False,main,True
5452,3,3,8.71895152613812,1.2810484738618784,0.8718951526138122,0.9872874138712717,9.0,6.0,False,main,False
5452,4,4,9.71895152613812,1.2810484738618784,0.8835410478307384,0.9885701731872713,7.0,5.0,False,main,False
5452,5,5,10.71895152613812,1.2810484738618784,0.8932459605115102,0.9896177331115349,6.0,4.0,False,main,False
5452,6,6,11.71895152613812,1.2810484738618784,0.9014578097029324,0.9904893599462298,4.0,3.0,False,main,False
5452,7,7,12.71895152613812,1.2810484738618784,0.9084965375812944,0.9912259477446854,2.0,2.0,False,main,False
5452,8,8,13.71895152613812,1.2810484738618784,0.9145967684092081,0.991856626331182,1.0,1.0,False,main,False
5452,9,9,14.71895152613812,1.2810484738618784,0.9199344703836326,0.9924027083106948,-1.0,-1.0,True,main,False
1721,2,2,7.374820845491966,1.6251791545080336,0.8194245383879962,0.9721951793928953,14.0,7.0,False,main,True
1721,3,3,8.374820845491966,1.6251791545080336,0.8374820845491966,0.9753625988992125,11.0,6.0,False,main,False
1721,4,4,9.374820845491966,1.6251791545080336,0.8522564404992696,0.9778816880581247,9.0,5.0,False,main,False
1721,5,5,10.374820845491966,1.6251791545080336,0.8645684037909972,0.9799331362540707,6.0,4.0,False,main,False
1721,6,6,11.374820845491966,1.6251791545080336,0.8749862188839974,0.9816361639981124,4.0,3.0,False,main,False
1721,7,7,12.374820845491966,1.6251791545080336,0.8839157746779975,0.9830726238207144,3.0,2.0,False,main,False
1721,8,8,13.374820845491966,1.6251791545080336,0.8916547230327977,0.984300582204709,1.0,1.0,False,main,False
1721,9,9,14.374820845491966,1.6251791545080336,0.8984263028432479,0.9853623772538588,-1.0,-1.0,True,main,False
328,2,2,7.222867217499962,1.7771327825000385,0.8025408019444402,0.9651063587768973,16.0,8.0,False,main,True
328,3,3,8.222867217499962,1.7771327825000385,0.8222867217499962,0.9691064153315007,12.0,6.0,False,main,False
328,4,4,9.222867217499962,1.7771327825000385,0.8384424743181783,0.972282855642457,9.0,5.0,False,main,False
328,5,5,10.222867217499962,1.7771327825000385,0.8519056014583302,0.9748665058542034,7.0,4.0,False,main,False
328,6,6,11.222867217499962,1.7771327825000385,0.8632974782692279,0.9770092507019646,5.0,3.0,False,main,False
328,7,7,12.222867217499962,1.7771327825000385,0.8730619441071401,0.9788151412066883,3.0,2.0,False,main,False
328,8,8,13.222867217499962,1.7771327825000385,0.8815244811666642,0.9803578599233181,1.0,1.0,False,main,False
328,9,9,14.222867217499962,1.7771327825000385,0.8889292010937476,0.9816910513729057,-1.0,-1.0,True,main,False
7728,0,5,5.341707268648019,6.658292731351981,0.4451422723873349,0.6778167250694959,398.0,53.0,False,main,True
7599,2,2,7.249558678007744,1.7504413219922563,0.8055065197786382,0.9663974757610845,15.0,8.0,False,main,True
7599,3,3,8.249558678007745,1.7504413219922563,0.8249558678007745,0.9702453019822761,12.0,6.0,False,main,False
7599,4,4,9.249558678007745,1.7504413219922563,0.8408689707279767,0.9733016740038908,9.0,5.0,False,main,False
7599,5,5,10.249558678007745,1.7504413219922563,0.8541298898339788,0.975788187726399,7.0,4.0,False,main,False
7599,6,6,11.249558678007745,1.7504413219922563,0.8653506675390573,0.9778507245894432,5.0,3.0,False,main,False
7599,7,7,12.249558678007745,1.7504413219922563,0.8749684770005531,0.9795892613035094,3.0,2.0,False,main,False
7599,8,8,13.249558678007745,1.7504413219922563,0.8833039118671829,0.9810746173956498,1.0,1.0,False,main,False
7599,9,9,14.249558678007745,1.7504413219922563,0.890597417375484,0.9823583663709605,-1.0,-1.0,True,main,False
3,2,2,7.283226261250837,1.7167737387491635,0.8092473623612041,0.9679985942386065,15.0,7.0,False,main,True
3,3,3,8.283226261250837,1.7167737387491635,0.8283226261250837,0.9716579909308645,12.0,6.0,False,main,False
3,4,4,9.283226261250837,1.7167737387491635,0.8439296601137124,0.9745656735480613,9.0,5.0,False,main,False
3,5,5,10.283226261250837,1.7167737387491635,0.856935521770903,0.9769318517774916,7.0,4.0,False,main,False
3,6,6,11.283226261250837,1.7167737387491635,0.8679404816346797,0.9788949952952042,5.0,3.0,False,main,False
3,7,7,12.283226261250837,1.7167737387491635,0.8773733043750598,0.9805500472484368,3.0,2.0,False,main,False
3,8,8,13.283226261250837,1.7167737387491635,0.8855484174167224,0.9819642881524032,1.0,1.0,False,main,False
3,9,9,14.283226261250837,1.7167737387491635,0.8927016413281773,0.9831867303654475,-1.0,-1.0,True,main,False
1739,2,2,7.187209394617562,1.812790605382438,0.7985788216241736,0.9633520061429883,16.0,8.0,False,main,True
1739,3,3,8.187209394617561,1.812790605382438,0.8187209394617561,0.9675593102081688,12.0,6.0,False,main,False
1739,4,4,9.187209394617561,1.812790605382438,0.8352008540561419,0.970899132806053,9.0,5.0,False,main,False
1739,5,5,10.187209394617561,1.812790605382438,0.8489341162181301,0.973614910665825,7.0,4.0,False,main,False
1739,6,6,11.187209394617561,1.812790605382438,0.8605545688167354,0.9758667231946303,5.0,3.0,False,main,False
1739,7,7,12.187209394617561,1.812790605382438,0.8705149567583972,0.9777641791159466,3.0,2.0,False,main,False
1739,8,8,13.187209394617561,1.812790605382438,0.8791472929745041,0.9793848642044141,1.0,1.0,False,main,False
1739,9,9,14.187209394617561,1.812790605382438,0.8867005871635976,0.9807852451254581,-1.0,-1.0,True,main,False
6067,2,2,7.5730201729560385,1.426979827043961,0.8414466858840043,0.9804274447634004,13.0,7.0,False,main,True
6067,3,3,8.573020172956038,1.426979827043961,0.8573020172956038,0.9826383493708738,10.0,6.0,False,main,False
6067,4,4,9.573020172956038,1.426979827043961,0.8702745611778216,0.9844002570943073,8.0,5.0,False,main,False
6067,5,5,10.573020172956038,1.426979827043961,0.8810850144130032,0.9858373824946677,6.0,4.0,False,main,False
6067,6,6,11.573020172956038,1.426979827043961,0.8902323209966183,0.9870319767349723,4.0,3.0,False,main,False
6067,7,7,12.573020172956038,1.426979827043961,0.8980728694968599,0.9880406725616836,2.0,2.0,False,main,False
6067,8,8,13.573020172956038,1.426979827043961,0.9048680115304025,0.9889037400049365,1.0,1.0,False,main,False
6067,9,9,14.573020172956038,1.426979827043961,0.9108137608097524,0.9896505989339771,-1.0,-1.0,True,main,False
8274,0,5,5.651474735052389,6.348525264947611,0.4709562279210324,0.7021558476447695,279.0,47.0,False,main,True
1968,2,2,7.4272526485842585,1.5727473514157415,0.8252502942871398,0.9744890145942672,14.0,7.0,False,main,True
1968,3,3,8.427252648584258,1.5727473514157415,0.8427252648584258,0.9773887294298156,11.0,6.0,False,main,False
1968,4,4,9.427252648584258,1.5727473514157415,0.8570229680531143,0.9796961324395176,8.0,5.0,False,main,False
1968,5,5,10.427252648584258,1.5727473514157415,0.8689377207153548,0.9815759807492805,6.0,4.0,False,main,False
1968,6,6,11.427252648584258,1.5727473514157415,0.8790194345064813,0.9831370852721437,4.0,3.0,False,main,False
1968,7,7,12.427252648584258,1.5727473514157415,0.8876609034703041,0.984454208146026,2.0,2.0,False,main,False
1968,8,8,13.427252648584258,1.5727473514157415,0.8951501765722838,0.9855804187288802,1.0,1.0,False,main,False
1968,9,9,14.427252648584258,1.5727473514157415,0.9017032905365161,0.986554431540065,-1.0,-1.0,True,main,False
4159,2,2,7.262213261352165,1.7377867386478354,0.806912584594685,0.967002902810306,15.0,8.0,False,main,True
4159,3,3,8.262213261352166,1.7377867386478354,0.8262213261352164,0.9707794324969279,12.0,6.0,False,main,False
4159,4,4,9.262213261352166,1.7377867386478354,0.8420193873956513,0.9737795537013033,9.0,5.0,False,main,False
4159,5,5,10.262213261352166,1.7377867386478354,0.8551844384460137,0.9762205489989555,7.0,4.0,False,main,False
4159,6,6,11.262213261352166,1.7377867386478354,0.8663240970270896,0.9782454929229875,5.0,3.0,False,main,False
4159,7,7,12.262213261352166,1.7377867386478354,0.8758723758108689,0.9799524563646371,3.0,2.0,False,main,False
4159,8,8,13.262213261352166,1.7377867386478354,0.884147550756811,0.9814109191532502,1.0,1.0,False,main,False
4159,9,9,14.262213261352166,1.7377867386478354,0.8913883288345104,0.9826714854188326,-1.0,-1.0,True,main,False
10597,0,5,5.481482558056932,6.518517441943068,0.456790213171411,0.6888815660020546,336.0,51.0,False,main,True
2329,2,2,7.238578567874681,1.7614214321253194,0.8042865075416312,0.9658686581295928,15.0,8.0,False,main,True
2329,3,3,8.238578567874681,1.7614214321253194,0.8238578567874681,0.969778804701662,12.0,6.0,False,main,False
2329,4,4,9.238578567874681,1.7614214321253194,0.8398707788976982,0.9728843365558885,9.0,5.0,False,main,False
2329,5,5,10.238578567874681,1.7614214321253194,0.8532148806562234,0.9754106249163612,7.0,4.0,False,main,False
2329,6,6,11.238578567874681,1.7614214321253194,0.8645060436826678,0.9775060072129441,5.0,3.0,False,main,False
2329,7,7,12.238578567874681,1.7614214321253194,0.8741841834196201,0.9792721272762954,3.0,2.0,False,main,False
2329,8,8,13.238578567874681,1.7614214321253194,0.8825719045249787,0.9807809762889108,1.0,1.0,False,main,False
2329,9,9,14.238578567874681,1.7614214321253194,0.8899111604921676,0.9820849753905541,-1.0,-1.0,True,main,False
2673,2,2,7.724085838086724,1.275914161913276,0.8582317597874138,0.9858516119541948,12.0,7.0,False,main,True
2673,3,3,8.724085838086724,1.275914161913276,0.8724085838086724,0.9874392334930099,9.0,6.0,False,main,False
2673,4,4,9.724085838086724,1.275914161913276,0.8840078034624295,0.9887064145465544,7.0,5.0,False,main,False
2673,5,5,10.724085838086724,1.275914161913276,0.8936738198405604,0.9897412968073249,6.0,4.0,False,main,False
2673,6,6,11.724085838086724,1.275914161913276,0.9018527567759018,0.9906024052201567,4.0,3.0,False,main,False
2673,7,7,12.724085838086724,1.275914161913276,0.9088632741490518,0.9913301253510595,2.0,2.0,False,main,False
2673,8,8,13.724085838086724,1.275914161913276,0.9149390558724483,0.9919532266110292,1.0,1.0,False,main,False
2673,9,9,14.724085838086724,1.275914161913276,0.9202553648804203,0.9924927590137087,-1.0,-1.0,True,main,False
222,2,2,7.7108487657407565,1.289151234259244,0.8567609739711952,0.9854077529467453,12.0,7.0,False,main,True
222,3,3,8.710848765740757,1.289151234259244,0.8710848765740756,0.987046146890116,10.0,6.0,False,main,False
222,4,4,9.710848765740757,1.289151234259244,0.8828044332491597,0.9883536721056623,7.0,5.0,False,main,False
222,5,5,10.710848765740757,1.289151234259244,0.8925707304783964,0.9894213850031974,6.0,4.0,False,main,False
222,6,6,11.710848765740757,1.289151234259244,0.9008345204415966,0.990309731282768,4.0,3.0,False,main,False
222,7,7,12.710848765740757,1.289151234259244,0.9079177689814826,0.9910604138158237,2.0,2.0,False,main,False
222,8,8,13.710848765740757,1.289151234259244,0.9140565843827171,0.9917031356455615,1.0,1.0,False,main,False
222,9,9,14.710848765740757,1.289151234259244,0.9194280478587973,0.9922596269739721,-1.0,-1.0,True,main,False
8952,0,1,5.11975979295865,2.8802402070413495,0.6399699741198313,0.8814716714071914,54.0,16.0,False,main,True
2380,1,1,5.931669328468949,2.0683306715310503,0.7414586660586187,0.9422625711151882,24.0,9.0,False,main,True
165,1,1,6.088361949438621,1.911638050561379,0.7610452436798276,0.952069232499635,22.0,9.0,False,main,True
6914,1,1,5.9522980752740695,2.0477019247259305,0.7440372594092587,0.9435930678887883,24.0,9.0,False,main,True
1976,0,1,5.055787130300896,2.944212869699104,0.631973391287612,0.8760455107399413,57.0,17.0,False,main,True
5386,1,1,6.0688807098747235,1.9311192901252763,0.7586100887343404,0.9508882032028158,22.0,9.0,False,main,True
4176,0,1,4.992794047662817,3.0072059523371832,0.6240992559578521,0.870618632443998,60.0,17.0,False,main,True
6321,0,1,5.076500031518821,2.923499968481179,0.6345625039398526,0.8778118207093555,56.0,16.0,False,main,True
5762,1,1,6.007299253045619,1.9927007469543807,0.7509124066307024,0.9470827338314964,23.0,9.0,False,main,True
5762,2,2,7.007299253045619,1.9927007469543807,0.7785888058939576,0.9540066526165477,18.0,8.0,False,main,True
5762,3,3,8.00729925304562,1.9927007469543807,0.800729925304562,0.9593253953229561,14.0,7.0,False,main,True
5762,4,4,9.00729925304562,1.9927007469543807,0.8188453866405109,0.9635399121708896,10.0,5.0,False,main,False
5762,5,5,10.00729925304562,1.9927007469543807,0.8339416044204683,0.9669621125733768,8.0,4.0,False,main,False
5762,6,6,11.00729925304562,1.9927007469543807,0.8467153271573553,0.9697964330574405,5.0,3.0,False,main,False
5762,7,7,12.00729925304562,1.9927007469543807,0.8576642323604015,0.9721824921585529,3.0,2.0,False,main,False
5762,8,8,13.00729925304562,1.9927007469543807,0.8671532835363747,0.9742189101026324,1.0,1.0,False,main,False
5762,9,9,14.00729925304562,1.9927007469543807,0.8754562033153512,0.9759773372700801,-1.0,-1.0,True,main,False
2274,1,1,6.0292257194208485,1.9707742805791515,0.7536532149276061,0.9484501520270651,23.0,9.0,False,main,True
1426,1,1,6.134762193027801,1.8652378069721989,0.7668452741284751,0.9548371375524751,21.0,9.0,False,main,True
7720,0,1,4.975715325803824,3.024284674196176,0.621964415725478,0.8691330989711328,61.0,17.0,False,main,True
7720,0,2,4.975715325803824,4.024284674196176,0.5528572584226471,0.8049258608181612,110.0,25.0,False,main,False
7720,0,3,4.975715325803824,5.024284674196176,0.4975715325803824,0.746490187519574,195.0,34.0,False,main,True
7720,0,4,4.975715325803824,6.024284674196176,0.4523377568912567,0.6943868388300389,353.0,47.0,False,main,True
11376,1,1,6.03380440377336,1.96619559622664,0.75422555047167,0.9487339667508742,23.0,9.0,False,main,True
11376,2,2,7.03380440377336,1.96619559622664,0.7815338226414844,0.9554335961126019,17.0,8.0,False,main,False
11376,3,3,8.03380440377336,1.96619559622664,0.8033804403773359,0.9605818453526999,13.0,7.0,False,main,False
11376,4,4,9.03380440377336,1.96619559622664,0.8212549457975782,0.9646623446190751,10.0,5.0,False,main,False
11376,5,5,10.03380440377336,1.96619559622664,0.8361503669811133,0.9679764095970089,7.0,4.0,False,main,False
11376,6,6,11.03380440377336,1.96619559622664,0.848754184905643,0.9707216288794512,5.0,3.0,False,main,False
11376,7,7,12.03380440377336,1.96619559622664,0.8595574574123829,0.9730329958764904,3.0,2.0,False,main,False
11376,8,8,13.03380440377336,1.96619559622664,0.8689202935848906,0.975005893408623,1.0,1.0,False,main,False
11376,9,9,14.03380440377336,1.96619559622664,0.877112775235835,0.9767096375708717,-1.0,-1.0,True,main,False
2443,0,1,5.1446814586105365,2.855318541389463,0.6430851823263171,0.883562070518031,53.0,16.0,False,main,True
7165,1,1,6.142594932154489,1.8574050678455114,0.7678243665193111,0.9552980482488,21.0,9.0,False,main,True
8185,0,1,5.12420997227747,2.87579002772253,0.6405262465346837,0.8818459163169241,54.0,16.0,False,main,True
8185,0,2,5.12420997227747,3.87579002772253,0.5693566635863855,0.8180695079102831,95.0,23.0,False,main,False
8185,0,3,5.12420997227747,4.87579002772253,0.5124209972277469,0.7594891625984873,166.0,32.0,False,main,True
8185,0,4,5.12420997227747,5.87579002772253,0.4658372702070427,0.7070010295651753,293.0,44.0,False,main,True
4942,1,1,6.025352106853827,1.9746478931461733,0.7531690133567284,0.948209574090343,23.0,9.0,False,main,True
8245,1,1,6.040121574144572,1.9598784258554283,0.7550151967680715,0.9491245576818849,23.0,9.0,False,main,True
8245,2,2,7.040121574144572,1.9598784258554283,0.782235730460508,0.9557711947290142,17.0,8.0,False,main,False
8245,3,3,8.040121574144571,1.9598784258554283,0.8040121574144571,0.9608791478355005,13.0,7.0,False,main,False
8245,4,4,9.040121574144571,1.9598784258554283,0.8218292340131428,0.9649279637747771,10.0,5.0,False,main,False
8245,5,5,10.040121574144571,1.9598784258554283,0.836676797845381,0.9682164590904458,7.0,4.0,False,main,False
8245,6,6,11.040121574144571,1.9598784258554283,0.8492401210880439,0.9709406061259521,5.0,3.0,False,main,False
8245,7,7,12.040121574144571,1.9598784258554283,0.8600086838674693,0.9732343062613544,3.0,2.0,False,main,False
8245,8,8,13.040121574144571,1.9598784258554283,0.8693414382763047,0.9751921777091156,1.0,1.0,False,main,False
8245,9,9,14.040121574144571,1.9598784258554283,0.8775075983840357,0.9768829851179216,-1.0,-1.0,True,main,False
8207,1,1,6.071969683461927,1.9280303165380728,0.7589962104327409,0.9510762080651016,22.0,9.0,False,main,True
8207,2,2,7.071969683461927,1.9280303165380728,0.7857744092735475,0.9574584201160651,17.0,8.0,False,main,False
8207,3,3,8.071969683461926,1.9280303165380728,0.8071969683461926,0.9623652195719055,13.0,6.0,False,main,False
8207,4,4,9.071969683461926,1.9280303165380728,0.8247245166783569,0.9662558282764679,10.0,5.0,False,main,False
8207,5,5,10.071969683461926,1.9280303165380728,0.8393308069551605,0.9694166143452339,7.0,4.0,False,main,False
8207,6,6,11.071969683461926,1.9280303165380728,0.8516899756509174,0.9720354950312384,5.0,3.0,False,main,False
8207,7,7,12.071969683461926,1.9280303165380728,0.8622835488187091,0.9742409268906225,3.0,2.0,False,main,False
8207,8,8,13.071969683461926,1.9280303165380728,0.8714646455641284,0.976123714501155,1.0,1.0,False,main,False
8207,9,9,14.071969683461926,1.9280303165380728,0.8794981052163704,0.9777498712757847,-1.0,-1.0,True,main,False
1123,1,1,6.005896217134335,1.9941037828656651,0.7507370271417919,0.9469947706021961,23.0,9.0,False,main,True
1123,2,2,7.005896217134335,1.9941037828656651,0.7784329130149261,0.9539306494513168,18.0,8.0,False,main,True
1123,3,3,8.005896217134335,1.9941037828656651,0.8005896217134335,0.9592584809017157,14.0,7.0,False,main,True
1123,4,4,9.005896217134335,1.9941037828656651,0.8187178379213033,0.9634801404389262,10.0,5.0,False,main,False
1123,5,5,10.005896217134335,1.9941037828656651,0.8338246847611946,0.9669081031082242,8.0,4.0,False,main,False
1123,6,6,11.005896217134335,1.9941037828656651,0.8466074013180258,0.9697471709216311,5.0,3.0,False,main,False
1123,7,7,12.005896217134335,1.9941037828656651,0.8575640155095954,0.9721372091866483,3.0,2.0,False,main,False
1123,8,8,13.005896217134335,1.9941037828656651,0.8670597478089557,0.9741770108158248,1.0,1.0,False,main,False
1123,9,9,14.005896217134335,1.9941037828656651,0.875368513570896,0.9759383506766849,-1.0,-1.0,True,main,False
10513,1,1,5.932360823242201,2.0676391767577993,0.7415451029052751,0.9423073599923125,24.0,9.0,False,main,True
10513,2,2,6.932360823242201,2.0676391767577993,0.7702623136935779,0.9498822889164142,18.0,8.0,False,main,False
10513,3,3,7.932360823242201,2.0676391767577993,0.79323608232422,0.9556953588660442,14.0,7.0,False,main,False
10513,4,4,8.9323608232422,2.0676391767577993,0.8120328021129274,0.9602981298103798,11.0,5.0,False,main,False
10513,5,5,9.9323608232422,2.0676391767577993,0.8276967352701834,0.9640334056662442,8.0,4.0,False,main,False
10513,6,6,10.9323608232422,2.0676391767577993,0.8409508325570924,0.9671255639609557,5.0,3.0,False,main,False
10513,7,7,11.9323608232422,2.0676391767577993,0.852311487374443,0.9697276758095892,3.0,2.0,False,main,False
10513,8,8,12.9323608232422,2.0676391767577993,0.8621573882161467,0.9719477689030995,1.0,1.0,False,main,False
10513,9,9,13.9323608232422,2.0676391767577993,0.8707725514526375,0.9738642715246456,-1.0,-1.0,True,main,False
2040,0,1,4.914168737272933,3.0858312627270674,0.6142710921591166,0.8637298879987743,64.0,17.0,False,main,True
7895,0,1,4.9299843974073205,3.07001560259268,0.6162480496759151,0.8651257686840255,63.0,17.0,False,main,True
7895,0,2,4.9299843974073205,4.0700156025926795,0.5477760441563689,0.8008143326572897,115.0,25.0,False,main,False
7895,0,3,4.9299843974073205,5.0700156025926795,0.49299843974073204,0.7424388401215094,205.0,35.0,False,main,True
7895,0,4,4.9299843974073205,6.0700156025926795,0.44818039976430185,0.6904636906501649,375.0,48.0,False,main,True
7895,0,5,4.9299843974073205,7.0700156025926795,0.41083203311727673,0.6444246795072774,718.0,64.0,False,main,True
9291,0,1,4.890613507135232,3.109386492864768,0.611326688391904,0.8616414566536532,66.0,18.0,False,main,True
461,1,1,5.981582365108194,2.0184176348918057,0.7476977956385242,0.9454616031800813,24.0,9.0,False,main,True
4844,0,1,4.919601602606006,3.080398397393994,0.6149502003257508,0.8642099658337705,64.0,17.0,False,main,True
1162,1,1,6.035591105630959,1.964408894369041,0.7544488882038699,0.9488445546420944,23.0,9.0,False,main,True
1162,2,2,7.035591105630959,1.964408894369041,0.7817323450701066,0.955529177881136,17.0,8.0,False,main,True
1162,3,3,8.03559110563096,1.964408894369041,0.8035591105630959,0.9606660167927799,13.0,7.0,False,main,False
1162,4,4,9.03559110563096,1.964408894369041,0.8214173732391781,0.9647375448712421,10.0,5.0,False,main,False
1162,5,5,10.03559110563096,1.964408894369041,0.8362992588025799,0.9680443699577458,7.0,4.0,False,main,False
1162,6,6,11.03559110563096,1.964408894369041,0.8488916235100737,0.9707836228969744,5.0,3.0,False,main,False
1162,7,7,12.03559110563096,1.964408894369041,0.8596850789736399,0.973089987834152,3.0,2.0,False,main,False
1162,8,8,13.03559110563096,1.964408894369041,0.869039407042064,0.9750586310603696,1.0,1.0,False,main,False
1162,9,9,14.03559110563096,1.964408894369041,0.877224444101935,0.976758712511841,-1.0,-1.0,True,main,False
1666,1,1,5.996433648561705,2.0035663514382946,0.7495542060702132,0.9464000633996403,23.0,9.0,False,main,True
8402,1,1,5.91847050153235,2.08152949846765,0.7398088126915437,0.9414051619712691,25.0,10.0,False,main,True
8402,2,2,6.91847050153235,2.08152949846765,0.7687189446147056,0.9491034738518196,19.0,8.0,False,main,False
8402,3,3,7.91847050153235,2.08152949846765,0.791847050153235,0.9550101424622907,14.0,7.0,False,main,False
8402,4,4,8.91847050153235,2.08152949846765,0.8107700455938501,0.9596863755790681,11.0,5.0,False,main,False
8402,5,5,9.91847050153235,2.08152949846765,0.8265392084610292,0.9634808564918416,8.0,4.0,False,main,False
8402,6,6,10.91847050153235,2.08152949846765,0.8398823462717193,0.9666217526806001,5.0,3.0,False,main,False
8402,7,7,11.91847050153235,2.08152949846765,0.851319321538025,0.9692646894429718,3.0,2.0,False,main,False
8402,8,8,12.91847050153235,2.08152949846765,0.8612313667688234,0.9715194791686845,1.0,1.0,False,main,False
8402,9,9,13.91847050153235,2.08152949846765,0.8699044063457719,0.9734658351223894,-1.0,-1.0,True,main,False
2729,1,1,6.107835552210283,1.8921644477897166,0.7634794440262854,0.9532386638588034,22.0,9.0,False,main,True
11005,0,1,5.0277971024780665,2.9722028975219335,0.6284746378097583,0.8736443625843134,58.0,17.0,False,main,True
11005,0,2,5.0277971024780665,3.9722028975219335,0.5586441224975629,0.8095718848508355,104.0,24.0,False,main,False
11005,0,3,5.0277971024780665,4.9722028975219335,0.5027797102478067,0.7510765480378155,184.0,34.0,False,main,True
11005,0,4,5.0277971024780665,5.9722028975219335,0.4570724638616424,0.6988327242730589,330.0,46.0,False,main,True
11005,0,5,5.0277971024780665,6.9722028975219335,0.41898309187317223,0.6524669790621277,615.0,61.0,False,main,True
5241,1,1,5.901982749834811,2.098017250165188,0.7377478437293514,0.9403274370857472,25.0,10.0,False,main,True
9908,1,1,6.061501995451031,1.9384980045489693,0.7576877494313788,0.9504379880768404,22.0,9.0,False,main,True
9908,2,2,7.061501995451031,1.9384980045489693,0.7846113328278923,0.9569066050262655,17.0,8.0,False,main,False
9908,3,3,8.061501995451032,1.9384980045489693,0.8061501995451031,0.9618791494053216,13.0,6.0,False,main,False
9908,4,4,9.061501995451032,1.9384980045489693,0.8237729086773665,0.9658214752377609,10.0,5.0,False,main,False
9908,5,5,10.061501995451032,1.9384980045489693,0.8384584996209193,0.9690240143095793,7.0,4.0,False,main,False
9908,6,6,11.061501995451032,1.9384980045489693,0.8508847688808486,0.9716773141942054,5.0,3.0,False,main,False
9908,7,7,12.061501995451032,1.9384980045489693,0.8615358568179309,0.9739116098399748,3.0,2.0,False,main,False
9908,8,8,13.061501995451032,1.9384980045489693,0.8707667996967354,0.975818951680639,1.0,1.0,False,main,False
9908,9,9,14.061501995451032,1.9384980045489693,0.8788438747156895,0.9774662520606309,-1.0,-1.0,True,main,False
2018,0,1,5.106788828581863,2.893211171418138,0.6383486035727328,0.8803784599051434,54.0,16.0,False,main,True
11544,1,1,5.977334936633966,2.022665063366034,0.7471668670792457,0.945192069276764,24.0,9.0,False,main,True
763,1,1,6.117751052735876,1.8822489472641237,0.7647188815919845,0.953829800802808,21.0,9.0,False,main,True
11636,0,1,4.993423295378309,3.0065767046216907,0.6241779119222887,0.8706732501695624,60.0,17.0,False,main,True
6614,1,1,6.090339068101011,1.9096609318989883,0.7612923835126264,0.9521884721429247,22.0,9.0,False,main,True
1974,1,1,6.003631359404022,1.9963686405959782,0.7504539199255027,0.946852658063526,23.0,9.0,False,main,True
9914,1,1,5.911857676202802,2.0881423237971983,0.7389822095253502,0.9409738000509241,25.0,10.0,False,main,True
9914,2,2,6.911857676202802,2.0881423237971983,0.7679841862447557,0.9487311474879107,19.0,8.0,False,main,False
9914,3,3,7.911857676202802,2.0881423237971983,0.7911857676202801,0.9546825907278654,14.0,7.0,False,main,False
9914,4,4,8.911857676202802,2.0881423237971983,0.8101688796548001,0.9593939600298786,11.0,5.0,False,main,False
9914,5,5,9.911857676202802,2.0881423237971983,0.8259881396835668,0.9632167544944246,8.0,4.0,False,main,False
9914,6,6,10.911857676202802,2.0881423237971983,0.8393736674002155,0.9663809561760329,5.0,3.0,False,main,False
9914,7,7,11.911857676202802,2.0881423237971983,0.8508469768716287,0.969043412988896,3.0,2.0,False,main,False
9914,8,8,12.911857676202802,2.0881423237971983,0.8607905117468534,0.9713147914465636,1.0,1.0,False,main,False
9914,9,9,13.911857676202802,2.0881423237971983,0.8694911047626751,0.9732754196863085,-1.0,-1.0,True,main,False
5521,1,1,5.960184739041843,2.039815260958157,0.7450230923802303,0.9440986342119186,24.0,9.0,False,main,True
3482,0,1,5.064744289039462,2.935255710960538,0.6330930361299327,0.8768104453265744,56.0,17.0,False,main,True
5018,1,1,6.04143743638101,1.9585625636189903,0.7551796795476262,0.9492057733987377,23.0,9.0,False,main,True
5018,2,2,7.04143743638101,1.9585625636189903,0.7823819373756677,0.9558413947371105,17.0,8.0,False,main,True
5018,3,3,8.04143743638101,1.9585625636189903,0.8041437436381009,0.9609409706593411,13.0,7.0,False,main,False
5018,4,4,9.04143743638101,1.9585625636189903,0.821948857852819,0.964983199536325,10.0,5.0,False,main,False
5018,5,5,10.04143743638101,1.9585625636189903,0.8367864530317508,0.9682663785896385,7.0,4.0,False,main,False
5018,6,6,11.04143743638101,1.9585625636189903,0.8493413412600777,0.9709861442687764,5.0,3.0,False,main,False
5018,7,7,12.04143743638101,1.9585625636189903,0.860102674027215,0.9732761709850957,3.0,2.0,False,main,False
5018,8,8,13.04143743638101,1.9585625636189903,0.8694291624254007,0.9752309180230062,1.0,1.0,False,main,False
5018,9,9,14.04143743638101,1.9585625636189903,0.8775898397738131,0.976919035403405,-1.0,-1.0,True,main,False
3982,1,1,6.097346320205449,1.9026536797945512,0.7621682900256811,0.9526101525074339,22.0,9.0,False,main,True
1172,0,1,4.894881822037753,3.1051181779622468,0.6118602277547192,0.8620207280884411,65.0,18.0,False,main,True
9737,1,1,5.907539654010422,2.0924603459895783,0.7384424567513027,0.9406914893491236,25.0,10.0,False,main,True
9737,2,2,6.907539654010422,2.0924603459895783,0.767504406001158,0.9484874885343865,19.0,8.0,False,main,False
9737,3,3,7.907539654010422,2.0924603459895783,0.7907539654010421,0.9544682431459034,14.0,7.0,False,main,False
9737,4,4,8.90753965401042,2.0924603459895783,0.8097763321827656,0.9592026120627056,11.0,5.0,False,main,False
9737,5,5,9.90753965401042,2.0924603459895783,0.8256283045008684,0.9630439388902359,8.0,4.0,False,main,False
9737,6,6,10.90753965401042,2.0924603459895783,0.8390415118469554,0.9662233941331249,5.0,3.0,False,main,False
9737,7,7,11.90753965401042,2.0924603459895783,0.85053854671503,0.9688986263534725,3.0,2.0,False,main,False
9737,8,8,12.90753965401042,2.0924603459895783,0.8605026436006947,0.971180861343326,1.0,1.0,False,main,False
9737,9,9,13.90753965401042,2.0924603459895783,0.8692212283756513,0.9731508298238044,-1.0,-1.0,True,main,False
1523,0,1,5.046406486336679,2.9535935136633213,0.6308008107920848,0.8752426086666886,57.0,17.0,False,main,True
2874,1,1,5.876950647459423,2.123049352540577,0.7346188309324279,0.9386771653607164,25.0,10.0,False,main,True
5197,0,1,4.833235518821555,3.1667644811784457,0.6041544398526943,0.8565071412021468,69.0,18.0,False,main,True
7747,0,1,5.100703867292267,2.8992961327077333,0.6375879834115333,0.8798643823624019,55.0,16.0,False,main,True
7747,0,2,5.100703867292267,3.8992961327077333,0.5667448741435852,0.8160101009843032,97.0,24.0,False,main,False
7747,0,3,5.100703867292267,4.899296132707733,0.5100703867292267,0.7574473962635806,170.0,33.0,False,main,True
7747,0,4,5.100703867292267,5.899296132707733,0.4637003515720242,0.7050169277731251,301.0,44.0,False,main,True
7317,1,1,6.126145526228212,1.873854473771788,0.7657681907785265,0.9543279711882025,21.0,9.0,False,main,True
10918,1,1,6.112016447312669,1.8879835526873308,0.7640020559140837,0.9534882741210433,21.0,9.0,False,main,True
10918,2,2,7.112016447312669,1.8879835526873308,0.7902240497014077,0.9595445170011419,17.0,8.0,False,main,False
10918,3,3,8.11201644731267,1.8879835526873308,0.8112016447312669,0.9642031570954215,13.0,6.0,False,main,False
10918,4,4,9.11201644731267,1.8879835526873308,0.828365131573879,0.9678984777797662,10.0,5.0,False,main,False
10918,5,5,10.11201644731267,1.8879835526873308,0.8426680372760558,0.970901552363508,7.0,4.0,False,main,False
10918,6,6,11.11201644731267,1.8879835526873308,0.8547704959471284,0.9733903909739755,5.0,3.0,False,main,False
10918,7,7,12.11201644731267,1.8879835526873308,0.865144031950905,0.9754867480321424,3.0,2.0,False,main,False
10918,8,8,13.11201644731267,1.8879835526873308,0.8741344298208447,0.9772767307697667,1.0,1.0,False,main,False
10918,9,9,14.11201644731267,1.8879835526873308,0.8820010279570418,0.9788229620090572,-1.0,-1.0,True,main,False
11968,0,1,5.07916564055439,2.9208343594456103,0.6348957050692987,0.8780384779138563,56.0,16.0,False,main,True
2587,0,1,5.012486555474527,2.9875134445254736,0.6265608194343159,0.8723240212692212,59.0,17.0,False,main,True
1525,1,1,6.055733820753605,1.9442661792463953,0.7569667275942006,0.9500849409536957,22.0,9.0,False,main,True
8106,1,1,5.973277325821703,2.0267226741782967,0.7466596657277129,0.9449341102194934,24.0,9.0,False,main,True
8106,2,2,6.973277325821703,2.0267226741782967,0.774808591757967,0.9521505116854256,18.0,8.0,False,main,False
8106,3,3,7.973277325821703,2.0267226741782967,0.7973277325821704,0.957691441557026,14.0,7.0,False,main,False
8106,4,4,8.973277325821703,2.0267226741782967,0.8157524841656094,0.9620805260157105,10.0,5.0,False,main,False
8106,5,5,9.973277325821703,2.0267226741782967,0.8311064438184753,0.9656435279977031,8.0,4.0,False,main,False
8106,6,6,10.973277325821703,2.0267226741782967,0.8440982558324387,0.968593831260966,5.0,3.0,False,main,False
8106,7,7,11.973277325821703,2.0267226741782967,0.8552340947015502,0.9710770931714592,3.0,2.0,False,main,False
8106,8,8,12.973277325821703,2.0267226741782967,0.8648851550547803,0.9731961585504311,1.0,1.0,False,main,False
8106,9,9,13.973277325821703,2.0267226741782967,0.8733298328638565,0.9750257224715283,-1.0,-1.0,True,main,False
6579,1,1,5.875948457951157,2.1240515420488433,0.7344935572438946,0.9386107442872793,25.0,10.0,False,main,True
5101,0,1,5.062540360846904,2.9374596391530963,0.632817545105863,0.8766223876211875,56.0,17.0,False,main,True
9823,1,1,6.036187296048485,1.9638127039515147,0.7545234120060607,0.9488814354884261,23.0,9.0,False,main,True
9823,2,2,7.036187296048485,1.9638127039515147,0.7817985884498317,0.955561054640469,17.0,8.0,False,main,False
9823,3,3,8.036187296048485,1.9638127039515147,0.8036187296048485,0.9606940884573694,13.0,7.0,False,main,False
9823,4,4,9.036187296048485,1.9638127039515147,0.8214715723680441,0.9647626247845018,10.0,5.0,False,main,False
9823,5,5,10.036187296048485,1.9638127039515147,0.8363489413373738,0.9680670354446232,7.0,4.0,False,main,False
9823,6,6,11.036187296048485,1.9638127039515147,0.8489374843114219,0.9708042986488472,5.0,3.0,False,main,False
9823,7,7,12.036187296048485,1.9638127039515147,0.8597276640034632,0.9731089954169898,3.0,2.0,False,main,False
9823,8,8,13.036187296048485,1.9638127039515147,0.869079153069899,0.9750762198361113,1.0,1.0,False,main,False
9823,9,9,14.036187296048485,1.9638127039515147,0.8772617060030303,0.9767750797686773,-1.0,-1.0,True,main,False
8798,1,1,6.053574078735908,1.9464259212640924,0.7566967598419885,0.9499525039782672,22.0,9.0,False,main,True
410,1,1,6.0375160740293605,1.962483925970639,0.7546895092536701,0.9489635981595026,23.0,9.0,False,main,True
2603,0,1,5.1077148306185185,2.8922851693814815,0.6384643538273148,0.8804566228920088,54.0,16.0,False,main,True
3149,1,1,5.908121924213025,2.0918780757869753,0.7385152405266281,0.9407295874745047,25.0,10.0,False,main,True
6771,1,1,6.060346454299718,1.939653545700282,0.7575433067874647,0.9503673391747267,22.0,9.0,False,main,True
6771,2,2,7.060346454299718,1.939653545700282,0.7844829393666353,0.9568455248332273,17.0,8.0,False,main,True
6771,3,3,8.060346454299719,1.939653545700282,0.8060346454299718,0.9618253490883941,13.0,6.0,False,main,True
6771,4,4,9.060346454299719,1.939653545700282,0.8236678594817927,0.9657734009858167,10.0,5.0,False,main,False
6771,5,5,10.060346454299719,1.939653545700282,0.8383622045249766,0.9689805625753026,7.0,4.0,False,main,False
6771,6,6,11.060346454299719,1.939653545700282,0.8507958810999784,0.9716376728270243,5.0,3.0,False,main,False
6771,7,7,12.060346454299719,1.939653545700282,0.8614533181642656,0.9738751636804103,3.0,2.0,False,main,False
6771,8,8,13.060346454299719,1.939653545700282,0.8706897636199813,0.9757852235570837,1.0,1.0,False,main,False
6771,9,9,14.060346454299719,1.939653545700282,0.8787716533937324,0.9774348643561823,-1.0,-1.0,True,main,False
2613,1,1,5.955015333396971,2.044984666603029,0.7443769166746214,0.9437674492381732,24.0,9.0,False,main,True
2613,2,2,6.955015333396971,2.044984666603029,0.7727794814885524,0.9511429597534595,18.0,8.0,False,main,True
2613,3,3,7.955015333396971,2.044984666603029,0.7955015333396971,0.95680469079762,14.0,7.0,False,main,True
2613,4,4,8.955015333396972,2.044984666603029,0.8140923030360884,0.9612886465518861,11.0,5.0,False,main,False
2613,5,5,9.955015333396972,2.044984666603029,0.8295846111164143,0.9649281444824825,8.0,4.0,False,main,False
2613,6,6,10.955015333396972,2.044984666603029,0.8426934871843824,0.9679414436851996,5.0,3.0,False,main,False
2613,7,7,11.955015333396972,2.044984666603029,0.8539296666712123,0.9704774901146934,3.0,2.0,False,main,False
2613,8,8,12.955015333396972,2.044984666603029,0.8636676888931315,0.972641428091212,1.0,1.0,False,main,False
2613,9,9,13.955015333396972,2.044984666603029,0.8721884583373107,0.9745096092981926,-1.0,-1.0,True,main,False
946,1,1,5.98698124698849,2.01301875301151,0.7483726558735613,0.9458034774000597,23.0,9.0,False,main,True
7385,0,1,4.875911773325119,3.124088226674881,0.6094889716656399,0.860332264992224,67.0,18.0,False,main,True
8278,1,1,6.048552905697407,1.9514470943025932,0.7560691132121758,0.9496440813004793,22.0,9.0,False,main,True
8278,2,2,7.048552905697407,1.9514470943025932,0.7831725450774897,0.9562202705437628,17.0,8.0,False,main,False
8278,3,3,8.048552905697406,1.9514470943025932,0.8048552905697406,0.9612746457405319,13.0,7.0,False,main,False
8278,4,4,9.048552905697406,1.9514470943025932,0.8225957186997642,0.965281330468863,10.0,5.0,False,main,False
8278,5,5,10.048552905697406,1.9514470943025932,0.8373794088081171,0.968535821191135,7.0,4.0,False,main,False
8278,6,6,11.048552905697406,1.9514470943025932,0.8498886850536466,0.9712319426245368,5.0,3.0,False,main,False
8278,7,7,12.048552905697406,1.9514470943025932,0.860610921835529,0.9735021448481578,3.0,2.0,False,main,False
8278,8,8,13.048552905697406,1.9514470943025932,0.8699035270464938,0.9754400297783087,1.0,1.0,False,main,False
8278,9,9,14.048552905697406,1.9514470943025932,0.8780345566060879,0.9771136290149319,-1.0,-1.0,True,main,False
8839,0,1,5.006447437369007,2.9935525626309927,0.6258059296711259,0.8718018834032302,59.0,17.0,False,main,True
6229,1,1,6.0046382744726765,1.9953617255273235,0.7505797843090846,0.9469158566478236,23.0,9.0,False,main,True
6229,2,2,7.0046382744726765,1.9953617255273235,0.7782931416080752,0.9538624661812738,18.0,8.0,False,main,False
6229,3,3,8.004638274472676,1.9953617255273235,0.8004638274472675,0.9591984519090071,14.0,7.0,False,main,False
6229,4,4,9.004638274472676,1.9953617255273235,0.818603479497516,0.9634265196183509,10.0,5.0,False,main,False
6229,5,5,10.004638274472676,1.9953617255273235,0.8337198562060563,0.9668596519079014,8.0,4.0,False,main,False
6229,6,6,11.004638274472676,1.9953617255273235,0.8465106364978982,0.9697029787341213,5.0,3.0,False,main,False
6229,7,7,12.004638274472676,1.9953617255273235,0.857474162462334,0.972096586822798,3.0,2.0,False,main,False
6229,8,8,13.004638274472676,1.9953617255273235,0.866975884964845,0.9741394240272359,1.0,1.0,False,main,False
6229,9,9,14.004638274472676,1.9953617255273235,0.8752898921545422,0.975903376907113,-1.0,-1.0,True,main,False
10180,0,1,5.060318482541541,2.9396815174584594,0.6325398103176926,0.8764326950968211,57.0,17.0,False,main,True
10180,0,2,5.060318482541541,3.9396815174584594,0.5622576091712823,0.8124532319471551,101.0,24.0,False,main,False
10180,0,3,5.060318482541541,4.939681517458459,0.506031848254154,0.7539254960595659,178.0,33.0,False,main,True
10180,0,4,5.060318482541541,5.939681517458459,0.46002895295832186,0.7015969665789721,316.0,45.0,False,main,True
2473,1,1,5.986360986552694,2.013639013447306,0.7482951233190868,0.945764242084872,23.0,9.0,False,main,True
7741,0,1,4.8441576656480185,3.1558423343519815,0.6055197082060023,0.8574896098385232,69.0,18.0,False,main,True
7741,0,2,4.8441576656480185,4.1558423343519815,0.5382397406275576,0.7930173266829328,125.0,26.0,False,main,False
7741,0,3,4.8441576656480185,5.1558423343519815,0.48441576656480184,0.7347741023440252,227.0,36.0,False,main,True
7741,0,4,4.8441576656480185,6.1558423343519815,0.4403779696043653,0.6830516660776709,422.0,49.0,False,main,True
724,0,1,4.957312120296628,3.0426878797033727,0.6196640150370785,0.8675256234183948,62.0,17.0,False,main,True
724,0,2,4.957312120296628,4.042687879703372,0.5508124578107364,0.8032748817714759,112.0,25.0,False,main,True
724,0,3,4.957312120296628,5.042687879703372,0.49573121202966275,0.7448625565989241,199.0,34.0,False,main,True
2531,0,1,5.058587156857691,2.9414128431423094,0.6323233946072113,0.8762848116547418,57.0,17.0,False,main,True
5865,1,1,5.862069964621068,2.1379300353789317,0.7327587455776335,0.937688174293868,26.0,10.0,False,main,True
5865,2,2,6.862069964621068,2.1379300353789317,0.7624522182912298,0.9458961000184873,19.0,8.0,False,main,True
5865,3,3,7.862069964621068,2.1379300353789317,0.7862069964621068,0.952189067884733,15.0,7.0,False,main,True
5865,4,4,8.862069964621067,2.1379300353789317,0.8056427240564606,0.9571683210478652,11.0,5.0,False,main,False
5865,5,5,9.862069964621067,2.1379300353789317,0.8218391637184222,0.9612069065150255,8.0,4.0,False,main,False
5865,6,6,10.862069964621067,2.1379300353789317,0.8355438434323899,0.964548680652235,5.0,3.0,False,main,False
5865,7,7,11.862069964621067,2.1379300353789317,0.8472907117586477,0.9673598334218786,3.0,2.0,False,main,False
5865,8,8,12.862069964621067,2.1379300353789317,0.8574713309747378,0.9697575542907393,1.0,1.0,False,main,False
5865,9,9,13.862069964621067,2.1379300353789317,0.8663793727888167,0.9718268651612624,-1.0,-1.0,True,main,False
1576,1,1,5.887923577148318,2.1120764228516817,0.7359904471435398,0.9394026449250823,25.0,10.0,False,main,True
4713,1,1,5.837609463670418,2.162390536329582,0.7297011829588023,0.9360497026187227,26.0,10.0,False,main,True
8594,0,1,4.844057642756231,3.1559423572437693,0.6055072053445288,0.8574806234989725,69.0,18.0,False,main,True
11742,1,1,5.921117627766635,2.078882372233365,0.7401397034708294,0.941577503256863,25.0,10.0,False,main,True
11742,2,2,6.921117627766635,2.078882372233365,0.7690130697518484,0.9492522365830852,19.0,8.0,False,main,True
11742,3,3,7.921117627766635,2.078882372233365,0.7921117627766635,0.9551410206033457,14.0,7.0,False,main,True
11742,4,4,8.921117627766634,2.078882372233365,0.8110106934333303,0.9598032180243252,11.0,5.0,False,main,False
11742,5,5,9.921117627766634,2.078882372233365,0.8267598023138861,0.9635863879972794,8.0,4.0,False,main,False
11742,6,6,10.921117627766634,2.078882372233365,0.8400859713666642,0.9667179734818089,5.0,3.0,False,main,False
11742,7,7,11.921117627766634,2.078882372233365,0.851508401983331,0.9693531115589616,3.0,2.0,False,main,False
11742,8,8,12.921117627766634,2.078882372233365,0.861407841851109,0.971601273519528,1.0,1.0,False,main,False
11742,9,9,13.921117627766634,2.078882372233365,0.8700698517354146,0.9735419270581822,-1.0,-1.0,True,main,False
11438,1,1,5.844164702731922,2.1558352972680783,0.7305205878414902,0.9364903548071439,26.0,10.0,False,main,True
11438,2,2,6.844164702731922,2.1558352972680783,0.7604627447479912,0.9448629432475224,20.0,8.0,False,main,True
11438,3,3,7.844164702731922,2.1558352972680783,0.7844164702731922,0.9512806286502427,15.0,7.0,False,main,False
11438,4,4,8.844164702731922,2.1558352972680783,0.8040149729756293,0.9563576538999453,11.0,5.0,False,main,False
11438,5,5,9.844164702731922,2.1558352972680783,0.8203470585609934,0.9604749654557906,8.0,4.0,False,main,False
11438,6,6,10.844164702731922,2.1558352972680783,0.8341665155947632,0.9638815008812818,5.0,3.0,False,main,False
11438,7,7,11.844164702731922,2.1558352972680783,0.8460117644808516,0.9667468687979917,3.0,2.0,False,main,False
11438,8,8,12.844164702731922,2.1558352972680783,0.8562776468487948,0.9691906442018156,1.0,1.0,False,main,False
11438,9,9,13.844164702731922,2.1558352972680783,0.8652602939207451,0.9712995646817055,-1.0,-1.0,True,main,False
5282,1,1,5.98750096541413,2.0124990345858698,0.7484376206767662,0.9458363445015432,23.0,9.0,False,main,True
5282,2,2,6.98750096541413,2.0124990345858698,0.7763889961571255,0.9529298422187816,18.0,8.0,False,main,True
5282,3,3,7.98750096541413,2.0124990345858698,0.7987500965414129,0.9583774267779316,14.0,7.0,False,main,True
5282,4,4,8.98750096541413,2.0124990345858698,0.8170455423103754,0.9626931833898051,10.0,5.0,False,main,False
5282,5,5,9.98750096541413,2.0124990345858698,0.8322917471178441,0.9661970482941121,8.0,4.0,False,main,False
5282,6,6,10.98750096541413,2.0124990345858698,0.8451923819549331,0.9690986431857223,5.0,3.0,False,main,False
5282,7,7,11.98750096541413,2.0124990345858698,0.8562500689581521,0.9715410868408663,3.0,2.0,False,main,False
5282,8,8,12.98750096541413,2.0124990345858698,0.8658333976942754,0.9736254484767245,1.0,1.0,False,main,False
5282,9,9,13.98750096541413,2.0124990345858698,0.8742188103383831,0.9754251436681187,-1.0,-1.0,True,main,False
10934,0,1,5.112053569613362,2.887946430386638,0.6390066962016703,0.8808226099422329,54.0,16.0,False,main,True
10934,0,2,5.112053569613362,3.887946430386638,0.5680059521792624,0.8170054645441607,96.0,23.0,False,main,False
10934,0,3,5.112053569613362,4.887946430386638,0.5112053569613362,0.7584339916250956,168.0,32.0,False,main,True
10934,0,4,5.112053569613362,5.887946430386638,0.4647321426921238,0.7059755265081762,297.0,44.0,False,main,True
7191,0,1,4.945171426953429,3.0548285730465707,0.6181464283691787,0.8664613485687025,63.0,17.0,False,main,True
9410,0,1,5.099787443893915,2.9002125561060854,0.6374734304867393,0.8797868920304496,55.0,16.0,False,main,True
1887,0,1,5.111521300227742,2.8884786997722576,0.6389401625284677,0.8807777327185751,54.0,16.0,False,main,True
1400,1,1,5.9875702441227325,2.012429755877267,0.7484462805153416,0.945840725129161,23.0,9.0,False,main,True
9554,1,1,5.928906901898655,2.071093098101345,0.7411133627373319,0.9420835150681316,24.0,9.0,False,main,True
9554,2,2,6.928906901898655,2.071093098101345,0.7698785446554061,0.9496890451692258,19.0,8.0,False,main,False
9554,3,3,7.928906901898655,2.071093098101345,0.7928906901898655,0.9555253318765878,14.0,7.0,False,main,False
9554,4,4,8.928906901898655,2.071093098101345,0.811718809263514,0.9601463263360881,11.0,5.0,False,main,False
9554,5,5,9.928906901898655,2.071093098101345,0.8274089084915546,0.9638962899452963,8.0,4.0,False,main,False
9554,6,6,10.928906901898655,2.071093098101345,0.8406851462998965,0.9670005398955415,5.0,3.0,False,main,False
9554,7,7,11.928906901898655,2.071093098101345,0.8520647787070468,0.9696127806508845,3.0,2.0,False,main,False
9554,8,8,12.928906901898655,2.071093098101345,0.8619271267932437,0.9718414824887068,1.0,1.0,False,main,False
9554,9,9,13.928906901898655,2.071093098101345,0.8705566813686659,0.9737653923792895,-1.0,-1.0,True,main,False
1257,1,1,5.966911711175063,2.0330882888249366,0.7458639638968829,0.9445284971572064,24.0,9.0,False,main,True
11391,1,1,5.952487153281532,2.047512846718468,0.7440608941601915,0.9436052086681828,24.0,9.0,False,main,True
3004,0,1,5.041972722249713,2.9580272777502867,0.6302465902812141,0.8748624760584307,57.0,17.0,False,main,True
9633,0,1,4.94222888123517,3.0577711187648293,0.6177786101543963,0.8662029441047986,63.0,17.0,False,main,True
9633,0,2,4.94222888123517,4.05777111876483,0.5491365423594634,0.8019181285174561,113.0,25.0,False,main,False
9633,0,3,4.94222888123517,5.05777111876483,0.494222888123517,0.7435258142599123,203.0,35.0,False,main,True
9633,0,4,4.94222888123517,6.05777111876483,0.44929353465774274,0.6915158968832483,369.0,47.0,False,main,True
8225,1,1,6.096236952427273,1.9037630475727265,0.7620296190534092,0.9525434896177508,22.0,9.0,False,main,True
8225,2,2,7.096236952427273,1.9037630475727265,0.7884707724919192,0.9587273006616909,17.0,8.0,False,main,False
8225,3,3,8.096236952427272,1.9037630475727265,0.8096236952427274,0.9634830829132115,13.0,6.0,False,main,False
8225,4,4,9.096236952427272,1.9037630475727265,0.8269306320388431,0.9672548639356253,10.0,5.0,False,main,False
8225,5,5,10.096236952427272,1.9037630475727265,0.8413530793689394,0.9703196959088325,7.0,4.0,False,main,False
8225,6,6,11.096236952427272,1.9037630475727265,0.8535566886482518,0.9728594630932909,5.0,3.0,False,main,False
8225,7,7,12.096236952427272,1.9037630475727265,0.8640169251733767,0.974998541467428,3.0,2.0,False,main,False
8225,8,8,13.096236952427272,1.9037630475727265,0.8730824634951516,0.9768248760496143,1.0,1.0,False,main,False
8225,9,9,14.096236952427272,1.9037630475727265,0.8810148095267046,0.9784024164371395,-1.0,-1.0,True,main,False
3117,0,1,5.060535211508966,2.9394647884910343,0.6325669014386207,0.8764512028574659,57.0,17.0,False,main,True
1221,1,1,5.927269092721637,2.0727309072783626,0.7409086365902047,0.9419772563061937,24.0,9.0,False,main,True
380,0,1,4.847944722152679,3.1520552778473214,0.6059930902690849,0.8578297011369933,68.0,18.0,False,main,True
12106,0,1,5.088154097320861,2.9118459026791386,0.6360192621651076,0.878801664807632,55.0,16.0,False,main,True
6872,0,1,4.939571196984934,3.060428803015066,0.6174463996231168,0.8659694025748045,63.0,17.0,False,main,True
8498,0,1,5.0841115871979845,2.9158884128020155,0.6355139483997481,0.878458636275096,55.0,16.0,False,main,True
8546,1,1,6.068140203495728,1.9318597965042712,0.758517525436966,0.950843092337671,22.0,9.0,False,main,True
2653,1,1,6.1181976383770005,1.881802361622999,0.7647747047971251,0.9538563563409954,21.0,9.0,False,main,True
3617,0,1,5.014352285633336,2.985647714366664,0.626794035704167,0.8724851778045088,59.0,17.0,False,main,True
6120,0,1,4.986544349697966,3.013455650302034,0.6233180437122458,0.8700757235579983,60.0,17.0,False,main,True
9940,0,1,4.97468757230555,3.0253124276944496,0.6218359465381937,0.8690435112102874,61.0,17.0,False,main,True
9940,0,2,4.97468757230555,4.02531242769445,0.5527430635895055,0.8048337873556674,110.0,25.0,False,main,False
9940,0,3,4.97468757230555,5.02531242769445,0.497468757230555,0.7463993869375909,195.0,34.0,False,main,True
9940,0,4,4.97468757230555,6.02531242769445,0.45224432475505,0.6942988697047086,353.0,47.0,False,main,True
9940,0,5,4.97468757230555,7.02531242769445,0.4145572976921292,0.6481087886945485,668.0,63.0,False,main,True
1368,0,1,4.9740350333101695,3.0259649666898305,0.6217543791637712,0.8689866190352766,61.0,17.0,False,main,True
349,1,1,5.9133508887722375,2.0866491112277625,0.7391688610965297,0.9410713079171543,25.0,10.0,False,main,True
1094,1,1,5.885140372796959,2.11485962720304,0.7356425465996199,0.9392189382833431,25.0,10.0,False,main,True
9277,1,1,6.121203193434115,1.8787968065658847,0.7651503991792644,0.9540349226167478,21.0,9.0,False,main,True
9277,2,2,7.121203193434115,1.8787968065658847,0.7912447992704572,0.960017420812625,16.0,8.0,False,main,False
9277,3,3,8.121203193434116,1.8787968065658847,0.8121203193434117,0.9646198901999516,13.0,6.0,False,main,False
9277,4,4,9.121203193434116,1.8787968065658847,0.8292002903121923,0.9682709903695539,10.0,5.0,False,main,False
9277,5,5,10.121203193434116,1.8787968065658847,0.843433599452843,0.9712383423553036,7.0,4.0,False,main,False
9277,6,6,11.121203193434116,1.8787968065658847,0.8554771687257012,0.9736977185134665,5.0,3.0,False,main,False
9277,7,7,12.121203193434116,1.8787968065658847,0.8658002281024368,0.9757693585797724,3.0,2.0,False,main,False
9277,8,8,13.121203193434116,1.8787968065658847,0.8747468795622744,0.9775383077075803,1.0,1.0,False,main,False
9277,9,9,14.121203193434116,1.8787968065658847,0.8825751995896323,0.9790664218168391,-1.0,-1.0,True,main,False
6277,0,1,4.949035157965527,3.0509648420344724,0.6186293947456909,0.8668003785760425,62.0,17.0,False,main,True
3663,1,1,6.123891190482329,1.876108809517671,0.7654863988102911,0.9541943939995283,21.0,9.0,False,main,True
3079,1,1,6.077865699382542,1.9221343006174583,0.7597332124228178,0.9514342864856977,22.0,9.0,False,main,True
3079,2,2,7.077865699382542,1.9221343006174583,0.7864295221536158,0.9577680486845745,17.0,8.0,False,main,True
3079,3,3,8.077865699382542,1.9221343006174583,0.8077865699382543,0.9626379766011895,13.0,6.0,False,main,False
3079,4,4,9.077865699382542,1.9221343006174583,0.8252605181256857,0.9664995771819651,10.0,5.0,False,main,False
3079,5,5,10.077865699382542,1.9221343006174583,0.8398221416152118,0.9696369416456464,7.0,4.0,False,main,False
3079,6,6,11.077865699382542,1.9221343006174583,0.8521435153371186,0.9722365131157844,5.0,3.0,False,main,False
3079,7,7,12.077865699382542,1.9221343006174583,0.8627046928130387,0.9744257512870483,3.0,2.0,False,main,False
3079,8,8,13.077865699382542,1.9221343006174583,0.8718577132921694,0.9762947622798664,1.0,1.0,False,main,False
3079,9,9,14.077865699382542,1.9221343006174583,0.8798666062114089,0.9779090554822774,-1.0,-1.0,True,main,False
11049,1,1,5.960091276295565,2.0399087237044347,0.7450114095369457,0.9440926529662043,24.0,9.0,False,main,True
11049,2,2,6.960091276295565,2.0399087237044347,0.7733434751439517,0.9514237913723328,18.0,8.0,False,main,False
11049,3,3,7.960091276295565,2.0399087237044347,0.7960091276295566,0.9570518383087171,14.0,7.0,False,main,False
11049,4,4,8.960091276295564,2.0399087237044347,0.8145537523905059,0.9615093430066495,11.0,5.0,False,main,False
11049,5,5,9.960091276295564,2.0399087237044347,0.8300076063579637,0.965127514847701,8.0,4.0,False,main,False
11049,6,6,10.960091276295564,2.0399087237044347,0.843083944330428,0.968123252731313,5.0,3.0,False,main,False
11049,7,7,11.960091276295564,2.0399087237044347,0.8542922340211118,0.970644585249747,3.0,2.0,False,main,False
11049,8,8,12.960091276295564,2.0399087237044347,0.864006085086371,0.9727960153484004,1.0,1.0,False,main,False
11049,9,9,13.960091276295564,2.0399087237044347,0.8725057047684728,0.9746534326961546,-1.0,-1.0,True,main,False
2497,1,1,6.12037742032228,1.8796225796777202,0.765047177540285,0.953985888533436,21.0,9.0,False,main,True
2497,2,2,7.12037742032228,1.8796225796777202,0.7911530467024755,0.9599749996146044,16.0,8.0,False,main,True
2497,3,3,8.12037742032228,1.8796225796777202,0.812037742032228,0.9645825064225524,13.0,6.0,False,main,False
2497,4,4,9.12037742032228,1.8796225796777202,0.8291252200292981,0.9682375725739676,10.0,5.0,False,main,False
2497,5,5,10.12037742032228,1.8796225796777202,0.8433647850268566,0.9712081285577249,7.0,4.0,False,main,False
2497,6,6,11.12037742032228,1.8796225796777202,0.8554136477170984,0.973670147343297,5.0,3.0,False,main,False
2497,7,7,12.12037742032228,1.8796225796777202,0.8657412443087342,0.9757440044686928,3.0,2.0,False,main,False
2497,8,8,13.12037742032228,1.8796225796777202,0.8746918280214853,0.9775148403173641,1.0,1.0,False,main,False
2497,9,9,14.12037742032228,1.8796225796777202,0.8825235887701425,0.9790445795770142,-1.0,-1.0,True,main,False
10445,0,1,5.005437038715932,2.9945629612840676,0.6256796298394915,0.8717144511196055,59.0,17.0,False,main,True
10445,0,2,5.005437038715932,3.9945629612840676,0.5561596709684369,0.8075819937831077,107.0,24.0,False,main,False
10445,0,3,5.005437038715932,4.994562961284068,0.5005437038715932,0.749111105558053,189.0,34.0,False,main,True
10445,0,4,5.005437038715932,5.994562961284068,0.4550397307923575,0.6969268667582477,339.0,46.0,False,main,True
3680,0,1,5.143095296538446,2.856904703461554,0.6428869120673057,0.8834294195089799,53.0,16.0,False,main,True
6413,1,1,6.113809040426927,1.8861909595730721,0.7642261300533659,0.9535951377085745,21.0,9.0,False,main,True
4157,1,1,5.861932895251651,2.138067104748349,0.7327416119064564,0.9376790370179602,26.0,10.0,False,main,True
1918,1,1,6.105946449900429,1.8940535500995712,0.7632433062375537,0.9531257096491157,22.0,9.0,False,main,True
3151,1,1,6.120818637626899,1.8791813623731015,0.7651023297033623,0.9540120903724623,21.0,9.0,False,main,True
1271,1,1,6.063363878010907,1.9366361219890929,0.7579204847513634,0.9505517406927481,22.0,9.0,False,main,True
1271,2,2,7.063363878010907,1.9366361219890929,0.7848182086678785,0.9570049526114333,17.0,8.0,False,main,True
1271,3,3,8.063363878010907,1.9366361219890929,0.8063363878010907,0.961965776466181,13.0,6.0,False,main,True
1271,4,4,9.063363878010907,1.9366361219890929,0.8239421707282643,0.9658988831738958,10.0,5.0,False,main,False
1271,5,5,10.063363878010907,1.9366361219890929,0.8386136565009089,0.9690939797249346,7.0,4.0,False,main,False
1271,6,6,11.063363878010907,1.9366361219890929,0.8510279906162237,0.9717411446071564,5.0,3.0,False,main,False
1271,7,7,12.063363878010907,1.9366361219890929,0.8616688484293505,0.9739702956451345,3.0,2.0,False,main,False
1271,8,8,13.063363878010907,1.9366361219890929,0.8708909252007272,0.9758732611283807,1.0,1.0,False,main,False
1271,9,9,14.063363878010907,1.9366361219890929,0.8789602423756817,0.9775167931263316,-1.0,-1.0,True,main,False
3536,0,1,4.885352742068046,3.1146472579319537,0.6106690927585058,0.861173489070427,66.0,18.0,False,main,True
7217,0,1,4.963875129705636,3.0361248702943637,0.6204843912132045,0.8680996866968792,62.0,17.0,False,main,True
9711,0,1,5.03500153631844,2.9649984636815607,0.629375192039805,0.8742639648468152,58.0,17.0,False,main,True
9711,0,2,5.03500153631844,3.9649984636815607,0.5594446151464934,0.8102114993892617,104.0,24.0,False,main,False
9711,0,3,5.03500153631844,4.96499846368156,0.503500153631844,0.7517086613351475,183.0,33.0,False,main,True
9711,0,4,5.03500153631844,5.96499846368156,0.4577274123925854,0.6994458723927572,327.0,46.0,False,main,True
10236,0,1,5.033024265644112,2.966975734355888,0.629128033205514,0.8740940215915921,58.0,17.0,False,main,True
10236,0,2,5.033024265644112,3.966975734355888,0.5592249184049014,0.8100360302575402,104.0,24.0,False,main,False
10236,0,3,5.033024265644112,4.966975734355888,0.5033024265644113,0.7515352326309331,183.0,33.0,False,main,True
10236,0,4,5.033024265644112,5.966975734355888,0.4575476605131011,0.6992776373833565,327.0,46.0,False,main,True
2396,0,1,4.843556660042268,3.1564433399577316,0.6054445825052835,0.857435610756563,69.0,18.0,False,main,True
7076,0,1,4.8920370664645345,3.1079629335354655,0.6115046333080668,0.8617679916392368,66.0,18.0,False,main,True
9985,1,1,5.975255737534897,2.024744262465103,0.7469069671918621,0.9450599434094136,24.0,9.0,False,main,True
9985,2,2,6.975255737534897,2.024744262465103,0.7750284152816552,0.952259196191021,18.0,8.0,False,main,False
9985,3,3,7.975255737534897,2.024744262465103,0.7975255737534896,0.9577871033520697,14.0,7.0,False,main,False
9985,4,4,8.975255737534898,2.024744262465103,0.8159323397758999,0.9621659587581283,10.0,5.0,False,main,False
9985,5,5,9.975255737534898,2.024744262465103,0.8312713114612414,0.9657207118884867,8.0,4.0,False,main,False
9985,6,6,10.975255737534898,2.024744262465103,0.8442504413488383,0.9686642213785303,5.0,3.0,False,main,False
9985,7,7,11.975255737534898,2.024744262465103,0.8553754098239212,0.9711417902980984,3.0,2.0,False,main,False
9985,8,8,12.975255737534898,2.024744262465103,0.8650170491689931,0.9732560156856404,1.0,1.0,False,main,False
9985,9,9,13.975255737534898,2.024744262465103,0.8734534835959311,0.9750814140792281,-1.0,-1.0,True,main,False
11548,0,1,4.853338839110714,3.1466611608892863,0.6066673548888393,0.8583136121696094,68.0,18.0,False,main,True
4667,0,1,4.989576501425755,3.0104234985742453,0.6236970626782193,0.8703392263402617,60.0,17.0,False,main,True
11408,0,1,4.864485522309055,3.135514477690945,0.6080606902886319,0.8593117273219067,67.0,18.0,False,main,True
9663,1,1,6.003300241338285,1.9966997586617148,0.7504125301672856,0.946831869323414,23.0,9.0,False,main,True
9663,2,2,7.003300241338285,1.9966997586617148,0.7781444712598095,0.9537899004746803,18.0,8.0,False,main,False
9663,3,3,8.003300241338284,1.9966997586617148,0.8003300241338285,0.959134565282089,14.0,7.0,False,main,False
9663,4,4,9.003300241338284,1.9966997586617148,0.8184818401216623,0.9633694534471426,10.0,5.0,False,main,False
9663,5,5,10.003300241338284,1.9966997586617148,0.8336083534448571,0.9668080878674454,8.0,4.0,False,main,False
9663,6,6,11.003300241338284,1.9966997586617148,0.8464077108721758,0.9696559475886368,5.0,3.0,False,main,False
9663,7,7,12.003300241338284,1.9966997586617148,0.8573785886670204,0.9720533550241113,3.0,2.0,False,main,False
9663,8,8,13.003300241338284,1.9966997586617148,0.8668866827558857,0.9740994229491716,1.0,1.0,False,main,False
9663,9,9,14.003300241338284,1.9966997586617148,0.8752062650836429,0.9758661568085009,-1.0,-1.0,True,main,False
5565,0,1,5.143152527302584,2.8568474726974156,0.642894065912823,0.8834342066615357,53.0,16.0,False,main,True
4349,0,1,4.896623182067344,3.1033768179326557,0.612077897758418,0.8621753543955736,65.0,18.0,False,main,True
6305,1,1,5.946870953667363,2.0531290463326366,0.7433588692084204,0.9432441692987849,24.0,9.0,False,main,True
2032,0,1,4.842572673448805,3.157427326551195,0.6053215841811006,0.8573471859072611,69.0,18.0,False,main,True
2494,1,1,6.101100756368468,1.898899243631532,0.7626375945460585,0.9528354906219,22.0,9.0,False,main,True
2494,2,2,7.101100756368468,1.898899243631532,0.789011195152052,0.9589798593250612,17.0,8.0,False,main,False
2494,3,3,8.101100756368467,1.898899243631532,0.8101100756368467,0.9637056099764215,13.0,6.0,False,main,False
2494,4,4,9.101100756368467,1.898899243631532,0.827372796033497,0.967453755234125,10.0,5.0,False,main,False
2494,5,5,10.101100756368467,1.898899243631532,0.8417583963640389,0.9704994977604321,7.0,4.0,False,main,False
2494,6,6,11.101100756368467,1.898899243631532,0.853930827412959,0.9730235235689484,5.0,3.0,False,main,False
2494,7,7,12.101100756368467,1.898899243631532,0.8643643397406048,0.9751493979049286,3.0,2.0,False,main,False
2494,8,8,13.101100756368467,1.898899243631532,0.8734067170912312,0.9769644974958712,1.0,1.0,False,main,False
2494,9,9,14.101100756368467,1.898899243631532,0.8813187972730292,0.9785323616995695,-1.0,-1.0,True,main,False
4661,0,1,4.977043300551914,3.022956699448086,0.6221304125689893,0.8692488243002973,61.0,17.0,False,main,True
4172,1,1,6.040478498815114,1.9595215011848857,0.7550598123518892,0.9491465921778828,23.0,9.0,False,main,True
175,0,1,4.965911830523288,3.034088169476713,0.620738978815411,0.8682776556688081,61.0,17.0,False,main,True
6144,1,1,6.056719457444053,1.9432805425559476,0.7570899321805066,0.9501453361027326,22.0,9.0,False,main,True
3858,1,1,5.894827892396426,2.105172107603574,0.7368534865495533,0.9398574671901856,25.0,10.0,False,main,True
6856,1,1,5.887284329707927,2.112715670292073,0.7359105412134909,0.9393604695385771,25.0,10.0,False,main,True
4491,1,1,5.867487043660615,2.1325129563393848,0.7334358804575769,0.9380488851858292,26.0,10.0,False,main,True
10132,1,1,5.9148424115021,2.0851575884979003,0.7393553014377625,0.9411686449279677,25.0,10.0,False,main,True
10132,2,2,6.9148424115021,2.0851575884979003,0.7683158235002333,0.9488993227209028,19.0,8.0,False,main,False
10132,3,3,7.9148424115021,2.0851575884979003,0.79148424115021,0.9548305395634763,14.0,7.0,False,main,False
10132,4,4,8.9148424115021,2.0851575884979003,0.8104402192274637,0.9595260369815437,11.0,5.0,False,main,False
10132,5,5,9.9148424115021,2.0851575884979003,0.826236867625175,0.963336041802658,8.0,4.0,False,main,False
10132,6,6,10.9148424115021,2.0851575884979003,0.8396032624232385,0.9664897162427745,5.0,3.0,False,main,False
10132,7,7,11.9148424115021,2.0851575884979003,0.85106017225015,0.9691433558517526,3.0,2.0,False,main,False
10132,8,8,12.9148424115021,2.0851575884979003,0.86098949410014,0.9714072412726292,1.0,1.0,False,main,False
10132,9,9,13.9148424115021,2.0851575884979003,0.8696776507188813,0.973361422867174,-1.0,-1.0,True,main,False
7205,0,1,5.006508436931998,2.9934915630680012,0.6258135546164998,0.8718071611675215,59.0,17.0,False,main,True
10798,0,1,5.098111586244099,2.9018884137559007,0.6372639482805124,0.8796451400276253,55.0,16.0,False,main,True
10798,0,2,5.098111586244099,3.9018884137559007,0.566456842916011,0.815782497859531,98.0,24.0,False,main,False
10798,0,3,5.098111586244099,4.9018884137559,0.5098111586244098,0.757221861263935,171.0,33.0,False,main,False
10798,0,4,5.098111586244099,5.9018884137559,0.4634646896585544,0.7047978274499502,302.0,44.0,False,main,True
10798,0,5,5.098111586244099,6.9018884137559,0.42484263218700824,0.6582059266500744,553.0,59.0,False,main,True
10798,0,6,5.098111586244099,7.9018884137559,0.3921624297110845,0.6168186743910973,1086.0,79.0,False,main,True
9591,0,1,4.902192980336324,3.0978070196636764,0.6127741225420404,0.8626695173373713,65.0,17.0,False,main,True
9591,0,2,4.902192980336324,4.097807019663676,0.5446881089262582,0.7983010927769181,118.0,25.0,False,main,True
9591,0,3,4.902192980336324,5.097807019663676,0.49021929803363234,0.7399656890373507,212.0,35.0,False,main,True
2188,0,1,4.843466405044888,3.156533594955112,0.605433300630611,0.8574275009065051,69.0,18.0,False,main,True
1383,0,1,4.915542227931559,3.0844577720684407,0.6144427784914449,0.863851314106229,64.0,17.0,False,main,True
3557,0,1,5.093179142609315,2.906820857390685,0.6366473928261643,0.8792275861178669,55.0,16.0,False,main,True
11729,1,1,5.900118776091914,2.0998812239080857,0.7375148470114893,0.9402051344160096,25.0,10.0,False,main,True
4589,1,1,6.016799842346493,1.9832001576535072,0.7520999802933116,0.94767690503939,23.0,9.0,False,main,True
10224,1,1,5.86122383757322,2.1387761624267796,0.7326529796966526,0.9376317620497714,26.0,10.0,False,main,True
10224,2,2,6.86122383757322,2.1387761624267796,0.7623582041748023,0.9458474379413615,19.0,8.0,False,main,False
10224,3,3,7.86122383757322,2.1387761624267796,0.786122383757322,0.9521462769741107,15.0,7.0,False,main,False
10224,4,4,8.86122383757322,2.1387761624267796,0.8055658034157474,0.9571301334648386,11.0,5.0,False,main,False
10224,5,5,9.86122383757322,2.1387761624267796,0.8217686531311017,0.9611724259272392,8.0,4.0,False,main,False
10224,6,6,10.86122383757322,2.1387761624267796,0.8354787567364016,0.9645172497541793,5.0,3.0,False,main,False
10224,7,7,11.86122383757322,2.1387761624267796,0.8472302741123728,0.9673309557587437,3.0,2.0,False,main,False
10224,8,8,12.86122383757322,2.1387761624267796,0.8574149225048814,0.969730845666717,1.0,1.0,False,main,False
10224,9,9,13.86122383757322,2.1387761624267796,0.8663264898483263,0.971802022128426,-1.0,-1.0,True,main,False
7497,0,1,4.971866844590569,3.0281331554094306,0.6214833555738212,0.8687975205584308,61.0,17.0,False,main,True
6017,1,1,6.124489297333385,1.875510702666615,0.7655611621666731,0.9542298486899844,21.0,9.0,False,main,True
4446,0,1,5.000328501280978,2.999671498719022,0.6250410626601223,0.8712720725858778,60.0,17.0,False,main,True
741,1,1,6.0694568436408405,1.9305431563591593,0.7586821054551051,0.9509232896277946,22.0,9.0,False,main,True
3176,0,1,5.002580422442358,2.997419577557643,0.6253225528052947,0.8714671464899819,59.0,17.0,False,main,True
5244,1,1,6.048940412206067,1.9510595877939338,0.7561175515257583,0.9496679095663854,22.0,9.0,False,main,True
11894,0,1,4.872325349451524,3.127674650548476,0.6090406686814405,0.8600122278176845,67.0,18.0,False,main,True
863,1,1,6.031405920256162,1.9685940797438382,0.7539257400320203,0.9485853689345243,23.0,9.0,False,main,True
1401,1,1,5.896423289364103,2.103576710635897,0.7370529111705129,0.9399623813061547,25.0,10.0,False,main,True
6468,0,1,5.079155078513007,2.9208449214869936,0.6348943848141259,0.8780375801167629,56.0,16.0,False,main,True
10321,1,1,6.012775548896299,1.9872244511037014,0.7515969436120373,0.9474255364027274,23.0,9.0,False,main,True
10321,2,2,7.012775548896299,1.9872244511037014,0.7791972832106998,0.9543028569219557,18.0,8.0,False,main,False
10321,3,3,8.012775548896299,1.9872244511037014,0.8012775548896298,0.9595861858791794,14.0,7.0,False,main,False
10321,4,4,9.012775548896299,1.9872244511037014,0.8193432317178453,0.963772870141445,10.0,5.0,False,main,False
10321,5,5,10.012775548896299,1.9872244511037014,0.8343979624080249,0.9671726160334726,8.0,4.0,False,main,False
10321,6,6,11.012775548896299,1.9872244511037014,0.8471365806843306,0.9699884364078838,5.0,3.0,False,main,False
10321,7,7,12.012775548896299,1.9872244511037014,0.8580553963497356,0.9723589884733175,3.0,2.0,False,main,False
10321,8,8,13.012775548896299,1.9872244511037014,0.86751836992642,0.9743822196940305,1.0,1.0,False,main,False
10321,9,9,14.012775548896299,1.9872244511037014,0.8757984718060187,0.9761292954417888,-1.0,-1.0,True,main,False
10860,1,1,5.880615956429939,2.1193840435700606,0.7350769945537424,0.9389198580744239,25.0,10.0,False,main,True
10860,2,2,6.880615956429939,2.1193840435700606,0.7645128840477711,0.9469586870588387,19.0,8.0,False,main,False
10860,3,3,7.880615956429939,2.1193840435700606,0.7880615956429939,0.9531235280346066,15.0,7.0,False,main,False
10860,4,4,8.880615956429939,2.1193840435700606,0.8073287233118126,0.9580023067037196,11.0,5.0,False,main,False
10860,5,5,9.880615956429939,2.1193840435700606,0.8233846630358282,0.9619599716867574,8.0,4.0,False,main,False
10860,6,6,10.880615956429939,2.1193840435700606,0.8369704581869184,0.965235167351592,5.0,3.0,False,main,False
10860,7,7,11.880615956429939,2.1193840435700606,0.8486154254592814,0.9679905755086886,3.0,2.0,False,main,False
10860,8,8,12.880615956429939,2.1193840435700606,0.8587077304286626,0.9703409368151474,1.0,1.0,False,main,False
10860,9,9,13.880615956429939,2.1193840435700606,0.8675384972768712,0.9723695114844287,-1.0,-1.0,True,main,False
7936,0,1,4.86387483011557,3.1361251698844304,0.6079843537644463,0.8592571087826804,67.0,18.0,False,main,True
7936,0,2,4.86387483011557,4.13612516988443,0.5404305366795078,0.7948178351452863,123.0,26.0,False,main,False
7936,0,3,4.86387483011557,5.13612516988443,0.486387483011557,0.736542017464294,222.0,36.0,False,main,True
7936,0,4,4.86387483011557,6.13612516988443,0.44217043910141546,0.6847601360412194,410.0,49.0,False,main,True
833,0,1,5.025769048894446,2.974230951105554,0.6282211311118058,0.8734697489265462,58.0,17.0,False,main,True
11865,1,1,6.0429109687722935,1.957089031227707,0.7553638710965367,0.9492966615493752,23.0,9.0,False,main,True
11865,2,2,7.0429109687722935,1.957089031227707,0.7825456631969215,0.955919956483874,17.0,8.0,False,main,True
11865,3,3,8.042910968772294,1.957089031227707,0.8042910968772293,0.9610101581925407,13.0,7.0,False,main,False
11865,4,4,9.042910968772294,1.957089031227707,0.8220828153429358,0.9650450158702919,10.0,5.0,False,main,False
11865,5,5,10.042910968772294,1.957089031227707,0.8369092473976911,0.9683222457006744,7.0,4.0,False,main,False
11865,6,6,11.042910968772294,1.957089031227707,0.8494546899055611,0.9710371083066063,5.0,3.0,False,main,False
11865,7,7,12.042910968772294,1.957089031227707,0.8602079263408781,0.9733230241396236,3.0,2.0,False,main,False
11865,8,8,13.042910968772294,1.957089031227707,0.8695273979181529,0.9752742746518254,1.0,1.0,False,main,False
11865,9,9,14.042910968772294,1.957089031227707,0.8776819355482683,0.9769593815988221,-1.0,-1.0,True,main,False
11664,0,1,5.0042356017734635,2.9957643982265365,0.6255294502216829,0.8716104602538125,59.0,17.0,False,main,True
8605,0,1,5.085059943439333,2.914940056560667,0.6356324929299166,0.8785391402884312,55.0,16.0,False,main,True
755,0,1,4.979384411999458,3.0206155880005423,0.6224230514999323,0.869452749991798,61.0,17.0,False,main,True
10450,0,1,4.8686309146125275,3.131369085387472,0.6085788643265659,0.8596822795696267,67.0,18.0,False,main,True
10450,0,2,4.8686309146125275,4.1313690853874725,0.5409589905125031,0.7952513172798545,122.0,26.0,False,main,True
10450,0,3,4.8686309146125275,5.1313690853874725,0.48686309146125273,0.7369678335390726,221.0,36.0,False,main,True
1496,0,1,5.004730848427699,2.995269151572301,0.6255913560534624,0.8716533301583715,59.0,17.0,False,main,True
252,0,1,4.971541737568371,3.028458262431629,0.6214427171960464,0.8687691580067477,61.0,17.0,False,main,True
490,0,1,4.892429894704427,3.107570105295573,0.6115537368380534,0.8618029014507325,66.0,18.0,False,main,True
6266,1,1,6.002265686476101,1.9977343135238987,0.7502832108095127,0.9467668964283898,23.0,9.0,False,main,True
6266,2,2,7.002265686476101,1.9977343135238987,0.7780295207195668,0.9537337641328469,18.0,8.0,False,main,True
6266,3,3,8.0022656864761,1.9977343135238987,0.80022656864761,0.9590851435066295,14.0,7.0,False,main,False
6266,4,4,9.0022656864761,1.9977343135238987,0.8183877896796455,0.9633253082147503,10.0,5.0,False,main,False
6266,5,5,10.0022656864761,1.9977343135238987,0.833522140539675,0.9667681992134834,8.0,4.0,False,main,False
6266,6,6,11.0022656864761,1.9977343135238987,0.8463281297289308,0.9696195656483967,5.0,3.0,False,main,False
6266,7,7,12.0022656864761,1.9977343135238987,0.85730469189115,0.9720199122859585,3.0,2.0,False,main,False
6266,8,8,13.0022656864761,1.9977343135238987,0.86681771243174,0.974068479499944,1.0,1.0,False,main,False
6266,9,9,14.0022656864761,1.9977343135238987,0.8751416054047563,0.9758373647135092,-1.0,-1.0,True,main,False
11734,0,1,4.883457423587741,3.116542576412259,0.6104321779484676,0.8610047545875172,66.0,18.0,False,main,True
2683,1,1,6.1381496050209226,1.861850394979078,0.7672687006276153,0.955036693162278,21.0,9.0,False,main,True
2683,2,2,7.1381496050209226,1.861850394979078,0.7931277338912136,0.9608841750325838,16.0,8.0,False,main,True
2683,3,3,8.138149605020923,1.861850394979078,0.8138149605020922,0.9653837755169145,13.0,6.0,False,main,False
2683,4,4,9.138149605020923,1.861850394979078,0.8307408731837203,0.9689538752780187,10.0,5.0,False,main,False
2683,5,5,10.138149605020923,1.861850394979078,0.8448458004184102,0.971855782342766,7.0,4.0,False,main,False
2683,6,6,11.138149605020923,1.861850394979078,0.8567807388477633,0.9742611754437074,5.0,3.0,False,main,False
2683,7,7,12.138149605020923,1.861850394979078,0.8670106860729231,0.976287522644489,3.0,2.0,False,main,False
2683,8,8,13.138149605020923,1.861850394979078,0.8758766403347281,0.9780179251764912,1.0,1.0,False,main,False
2683,9,9,14.138149605020923,1.861850394979078,0.8836343503138077,0.9795128350243729,-1.0,-1.0,True,main,False
1798,1,1,6.094399451561226,1.9056005484387741,0.7617999314451532,0.952432992804134,22.0,9.0,False,main,True
3193,0,1,5.0928843261068675,2.9071156738931325,0.6366105407633584,0.8792026122779222,55.0,16.0,False,main,True
4668,1,1,6.06247325540889,1.9375267445911095,0.7578091569261113,0.9504973402204617,22.0,9.0,False,main,True
11198,1,1,5.838319465974915,2.161680534025085,0.7297899332468644,0.9360974847080846,26.0,10.0,False,main,True
11198,2,2,6.838319465974915,2.161680534025085,0.7598132739972128,0.9445241265237474,20.0,8.0,False,main,False
11198,3,3,7.838319465974915,2.161680534025085,0.7838319465974914,0.9509827419766321,15.0,7.0,False,main,False
11198,4,4,8.838319465974916,2.161680534025085,0.8034835878159015,0.956091848088385,11.0,5.0,False,main,False
11198,5,5,9.838319465974916,2.161680534025085,0.8198599554979097,0.9602349873231675,8.0,4.0,False,main,False
11198,6,6,10.838319465974916,2.161680534025085,0.8337168819980705,0.9636627664897283,5.0,3.0,False,main,False
11198,7,7,11.838319465974916,2.161680534025085,0.8455942475696369,0.9665459169764415,3.0,2.0,False,main,False
11198,8,8,12.838319465974916,2.161680534025085,0.8558879643983277,0.9690047970683926,1.0,1.0,False,main,False
11198,9,9,13.838319465974916,2.161680534025085,0.8648949666234322,0.9711267075984006,-1.0,-1.0,True,main,False
6341,1,1,5.931285132446004,2.0687148675539957,0.7414106415557505,0.9422376806556448,24.0,9.0,False,main,True
5431,0,1,5.045957622441636,2.9540423775583644,0.6307447028052044,0.8752041436299545,57.0,17.0,False,main,True
4905,0,1,5.009372561662826,2.9906274383371736,0.6261715702078533,0.8720548821447518,59.0,17.0,False,main,True
640,0,1,4.952059824810574,3.047940175189426,0.6190074781013217,0.8670655694727425,62.0,17.0,False,main,True
6935,0,1,4.959717739925672,3.0402822600743273,0.619964717490709,0.8677361447069688,62.0,17.0,False,main,True
9270,1,1,5.935042406845797,2.0649575931542032,0.7418803008557247,0.9424809251577458,24.0,9.0,False,main,True
2513,1,1,6.1350850693915095,1.8649149306084902,0.7668856336739387,0.9548561733540036,21.0,9.0,False,main,True
9393,0,1,4.910528581044705,3.089471418955295,0.6138160726305881,0.8634078866827438,65.0,17.0,False,main,True
5355,0,1,4.921492116326868,3.078507883673132,0.6151865145408585,0.8643768806115449,64.0,17.0,False,main,True
10725,1,1,5.935926793349396,2.064073206650604,0.7419908491686745,0.9425381237205318,24.0,9.0,False,main,True
10725,2,2,6.935926793349396,2.064073206650604,0.7706585325943773,0.9500815135413797,18.0,8.0,False,main,False
10725,3,3,7.935926793349396,2.064073206650604,0.7935926793349396,0.9558706533287539,14.0,7.0,False,main,False
10725,4,4,8.935926793349395,2.064073206650604,0.8123569812135814,0.9604546397274809,11.0,5.0,False,main,False
10725,5,5,9.935926793349395,2.064073206650604,0.8279938994457829,0.9641747749920923,8.0,4.0,False,main,False
10725,6,6,10.935926793349395,2.064073206650604,0.8412251379499535,0.9672544684010959,5.0,3.0,False,main,False
10725,7,7,11.935926793349395,2.064073206650604,0.8525661995249568,0.9698461384011828,3.0,2.0,False,main,False
10725,8,8,12.935926793349395,2.064073206650604,0.8623951195566264,0.9720573565668036,1.0,1.0,False,main,False
10725,9,9,13.935926793349395,2.064073206650604,0.8709954245843372,0.9739662227340752,-1.0,-1.0,True,main,False
6591,0,1,5.142416757735718,2.857583242264282,0.6428020947169647,0.8833726567924699,53.0,16.0,False,main,True
10065,0,1,5.106050743737964,2.893949256262036,0.6382563429672455,0.8803161458329087,54.0,16.0,False,main,True
10065,0,2,5.106050743737964,3.893949256262036,0.5673389715264405,0.8164792516370797,97.0,23.0,False,main,False
10065,0,3,5.106050743737964,4.893949256262037,0.5106050743737964,0.7579123580093473,169.0,33.0,False,main,False
10065,0,4,5.106050743737964,5.893949256262037,0.46418643124890585,0.7054686644875103,299.0,44.0,False,main,True
10065,0,5,5.106050743737964,6.893949256262037,0.42550422864483034,0.658851690444961,547.0,59.0,False,main,True
10065,0,6,5.106050743737964,7.893949256262037,0.3927731341336896,0.6174376564765109,1070.0,79.0,False,main,True
5015,1,1,5.954439856145261,2.045560143854739,0.7443049820181576,0.9437305347490123,24.0,9.0,False,main,True
5015,2,2,6.954439856145261,2.045560143854739,0.7727155395716957,0.9511110830437095,18.0,8.0,False,main,True
5015,3,3,7.954439856145261,2.045560143854739,0.7954439856145261,0.9567766381750459,14.0,7.0,False,main,True
5015,4,4,8.95443985614526,2.045560143854739,0.8140399869222964,0.9612635967273387,11.0,5.0,False,main,False
5015,5,5,9.95443985614526,2.045560143854739,0.8295366546787717,0.9649055155706436,8.0,4.0,False,main,False
5015,6,6,10.95443985614526,2.045560143854739,0.8426492197034816,0.9679208082581322,5.0,3.0,False,main,False
5015,7,7,11.95443985614526,2.045560143854739,0.8538885611532329,0.9704585249089861,3.0,2.0,False,main,False
5015,8,8,12.95443985614526,2.045560143854739,0.8636293237430174,0.9726238826663928,1.0,1.0,False,main,False
5015,9,9,13.95443985614526,2.045560143854739,0.8721524910090788,0.9744932856695698,-1.0,-1.0,True,main,False
167,0,1,4.846045435003686,3.1539545649963143,0.6057556793754607,0.8576591745084926,69.0,18.0,False,main,True
3261,0,1,5.023405605407234,2.976594394592766,0.6279257006759043,0.8732661503935019,58.0,17.0,False,main,True
1507,0,1,4.862984959835659,3.137015040164341,0.6078731199794574,0.8591775078489927,67.0,18.0,False,main,True
7909,0,1,4.966049923259143,3.033950076740857,0.6207562404073929,0.8682897192587332,61.0,17.0,False,main,True
7909,0,2,4.966049923259143,4.033950076740857,0.5517833248065714,0.8040593676011205,111.0,25.0,False,main,True
7909,0,3,4.966049923259143,5.033950076740857,0.49660499232591426,0.7456358101665845,197.0,34.0,False,main,True
2632,1,1,5.936573411665372,2.063426588334628,0.7420716764581715,0.9425799308103927,24.0,9.0,False,main,True
3109,0,1,5.133487175678561,2.866512824321439,0.6416858969598201,0.8826247436577918,53.0,16.0,False,main,True
6770,0,1,4.869308266965911,3.1306917330340887,0.6086635333707389,0.8597427942977898,67.0,18.0,False,main,True
11430,0,1,5.049705080662205,2.9502949193377948,0.6312131350827757,0.8755251498112673,57.0,17.0,False,main,True
2555,0,1,4.864860967215579,3.135139032784421,0.6081076209019474,0.8593453022779285,67.0,18.0,False,main,True
7095,0,1,4.937051976927339,3.062948023072661,0.6171314971159174,0.8657478947683426,63.0,17.0,False,main,True
5045,1,1,5.924692266288469,2.0753077337115307,0.7405865332860586,0.9418099269708046,24.0,10.0,False,main,True
9322,1,1,6.123694108159061,1.8763058918409388,0.7654617635198826,0.9541827089773554,21.0,9.0,False,main,True
2541,0,1,5.078966338841193,2.9210336611588072,0.6348707923551491,0.8780215364274042,56.0,16.0,False,main,True
9841,1,1,6.068705181369336,1.931294818630664,0.758588147671167,0.9508775116343973,22.0,9.0,False,main,True
9841,2,2,7.068705181369336,1.931294818630664,0.7854116868188151,0.957286617120558,17.0,8.0,False,main,False
9841,3,3,8.068705181369335,1.931294818630664,0.8068705181369336,0.9622138811723482,13.0,6.0,False,main,False
9841,4,4,9.068705181369335,1.931294818630664,0.8244277437608486,0.9661205889219178,10.0,5.0,False,main,False
9841,5,5,10.068705181369335,1.931294818630664,0.8390587651141113,0.969294372875563,7.0,4.0,False,main,False
9841,6,6,11.068705181369335,1.931294818630664,0.8514388601053334,0.9719239687822446,5.0,3.0,False,main,False
9841,7,7,12.068705181369335,1.931294818630664,0.8620503700978096,0.9741383866384313,3.0,2.0,False,main,False
9841,8,8,13.068705181369335,1.931294818630664,0.871247012091289,0.9760288187610372,1.0,1.0,False,main,False
9841,9,9,14.068705181369335,1.931294818630664,0.8792940738355834,0.9776615583463921,-1.0,-1.0,True,main,False
2824,0,1,5.018276218515184,2.981723781484816,0.627284527314398,0.8728238799943238,59.0,17.0,False,main,True
5143,0,1,5.049294547587124,2.950705452412876,0.6311618184483905,0.8754899979983708,57.0,17.0,False,main,True
1569,1,1,6.060641790660321,1.9393582093396797,0.7575802238325401,0.9503853994959869,22.0,9.0,False,main,True
9206,1,1,5.897131211588105,2.1028687884118944,0.7371414014485131,0.9400089126263006,25.0,10.0,False,main,True
9206,2,2,6.897131211588105,2.1028687884118944,0.7663479123986784,0.9478984141411126,19.0,8.0,False,main,False
9206,3,3,7.897131211588105,2.1028687884118944,0.7897131211588105,0.9539500644905095,14.0,7.0,False,main,False
9206,4,4,8.897131211588105,2.1028687884118944,0.8088301101443732,0.9587400562300196,11.0,5.0,False,main,False
9206,5,5,9.897131211588105,2.1028687884118944,0.8247609342990088,0.9626261980632431,8.0,4.0,False,main,False
9206,6,6,10.897131211588105,2.1028687884118944,0.8382408624298543,0.9658425368155705,5.0,3.0,False,main,False
9206,7,7,11.897131211588105,2.1028687884118944,0.8497950865420075,0.9685486584697052,3.0,2.0,False,main,False
9206,8,8,12.897131211588105,2.1028687884118944,0.859808747439207,0.9708571419836879,1.0,1.0,False,main,False
9206,9,9,13.897131211588105,2.1028687884118944,0.8685707007242566,0.9728496920150395,-1.0,-1.0,True,main,False
1233,1,1,5.856453806723217,2.1435461932767828,0.7320567258404022,0.9373133824485516,26.0,10.0,False,main,True
11751,1,1,6.037209677878337,1.9627903221216627,0.7546512097347922,0.9489446571787541,23.0,9.0,False,main,True
10092,0,1,4.858038330208027,3.1419616697919728,0.6072547912760033,0.8587347283749637,68.0,18.0,False,main,True
10092,0,2,4.858038330208027,4.141961669791973,0.5397820366897808,0.7942854410466682,123.0,26.0,False,main,False
10092,0,3,4.858038330208027,5.141961669791973,0.48580383302080266,0.7360191351000152,223.0,36.0,False,main,True
10092,0,4,4.858038330208027,6.141961669791973,0.4416398482007297,0.6842547641549558,414.0,49.0,False,main,True
3954,0,1,4.849373036809293,3.1506269631907062,0.6061716296011617,0.8579578937282943,68.0,18.0,False,main,True
6587,0,1,4.8993513295649205,3.1006486704350795,0.6124189161956151,0.8624174796798245,65.0,17.0,False,main,True
9763,0,1,4.960887520178609,3.039112479821391,0.6201109400223261,0.8678384718355158,62.0,17.0,False,main,True
9763,0,2,4.960887520178609,4.039112479821391,0.55120972446429,0.803596015648012,111.0,25.0,False,main,False
9763,0,3,4.960887520178609,5.039112479821391,0.4960887520178609,0.7451790623765824,198.0,34.0,False,main,True
9763,0,4,4.960887520178609,6.039112479821391,0.45098977456169176,0.693116785942157,360.0,47.0,False,main,True
4869,1,1,5.960285184271061,2.039714815728938,0.7450356480338827,0.9441050620388891,24.0,9.0,False,main,True
1147,0,1,4.842863214778461,3.157136785221539,0.6053579018473076,0.8573732971099841,69.0,18.0,False,main,True
7359,1,1,5.892243502805066,2.1077564971949343,0.7365304378506332,0.939687370732825,25.0,10.0,False,main,True
11490,0,1,5.0085145015637815,2.9914854984362185,0.6260643126954727,0.8719806855460949,59.0,17.0,False,main,True
5089,1,1,5.887458834765973,2.1125411652340267,0.7359323543457467,0.9393719838834159,25.0,10.0,False,main,True
11580,0,1,5.065156973629433,2.9348430263705665,0.6331446217036791,0.8768456477174024,56.0,17.0,False,main,True
11679,1,1,6.121194405225629,1.8788055947743711,0.7651493006532036,0.9540344008833841,21.0,9.0,False,main,True
11679,2,2,7.121194405225629,1.8788055947743711,0.7912438228028477,0.9600169694397556,16.0,8.0,False,main,True
11679,3,3,8.12119440522563,1.8788055947743711,0.8121194405225629,0.9646194924252349,13.0,6.0,False,main,False
11679,4,4,9.12119440522563,1.8788055947743711,0.8291994913841481,0.9682706347931528,10.0,5.0,False,main,False
11679,5,5,10.12119440522563,1.8788055947743711,0.8434328671021357,0.9712380208698295,7.0,4.0,False,main,False
11679,6,6,11.12119440522563,1.8788055947743711,0.8554764927096637,0.9736974251459809,5.0,3.0,False,main,False
11679,7,7,12.12119440522563,1.8788055947743711,0.8657996003732592,0.9757690888022362,3.0,2.0,False,main,False
11679,8,8,13.12119440522563,1.8788055947743711,0.8747462936817085,0.9775380580051842,1.0,1.0,False,main,False
11679,9,9,14.12119440522563,1.8788055947743711,0.8825746503266019,0.9790661894064536,-1.0,-1.0,True,main,False
653,1,1,6.114062790676323,1.8859372093236773,0.7642578488345404,0.9536102570564987,21.0,9.0,False,main,True
2364,0,1,4.85445999312009,3.145540006879911,0.6068074991400112,0.858414118094985,68.0,18.0,False,main,True
11499,1,1,6.027571208179284,1.9724287918207164,0.7534464010224105,0.948347447934839,23.0,9.0,False,main,True
2386,0,1,5.113282256780447,2.8867177432195534,0.6391602820975558,0.8809261812971436,54.0,16.0,False,main,True
3207,0,1,5.123020352882426,2.8769796471175746,0.6403775441103032,0.8817459145848763,54.0,16.0,False,main,True
2578,1,1,5.928411076880946,2.0715889231190543,0.7410513846101182,0.9420513543802762,24.0,9.0,False,main,True
2578,2,2,6.928411076880946,2.0715889231190543,0.7698234529867718,0.9496612816951217,19.0,8.0,False,main,True
2578,3,3,7.928411076880946,2.0715889231190543,0.7928411076880946,0.9555009043754428,14.0,7.0,False,main,True
2578,4,4,8.928411076880945,2.0715889231190543,0.811673734261904,0.9601245172551066,11.0,5.0,False,main,False
2578,5,5,9.928411076880945,2.0715889231190543,0.8273675897400787,0.9638765912017745,8.0,4.0,False,main,False
2578,6,6,10.928411076880945,2.0715889231190543,0.8406470059139188,0.9669825784480426,5.0,3.0,False,main,False
2578,7,7,11.928411076880945,2.0715889231190543,0.8520293626343532,0.969596274473864,3.0,2.0,False,main,False
2578,8,8,12.928411076880945,2.0715889231190543,0.861894071792063,0.971826213156511,1.0,1.0,False,main,False
2578,9,9,13.928411076880945,2.0715889231190543,0.870525692305059,0.9737511872603908,-1.0,-1.0,True,main,False
6140,0,1,5.125561854497529,2.874438145502471,0.6406952318121911,0.8819595216664788,54.0,16.0,False,main,True
7570,1,1,5.938846201807111,2.0611537981928882,0.7423557752258889,0.942726786911085,24.0,9.0,False,main,True
9280,0,1,5.109773997544101,2.8902260024558983,0.6387217496930127,0.8806303701941723,54.0,16.0,False,main,True
9648,0,1,4.884990193296735,3.1150098067032648,0.6106237741620919,0.8611412180913992,66.0,18.0,False,main,True
9648,0,2,4.884990193296735,4.115009806703265,0.5427766881440816,0.7967398855351965,120.0,25.0,False,main,True
9648,0,3,4.884990193296735,5.115009806703265,0.48849901932967355,0.7384306169569284,216.0,36.0,False,main,True
1177,0,1,4.936619082088297,3.063380917911702,0.6170773852610372,0.8657098184688541,63.0,17.0,False,main,True
7098,0,1,4.841379691115666,3.158620308884334,0.6051724613894582,0.8572399536906908,69.0,18.0,False,main,True
4481,0,1,4.877299310337685,3.1227006896623144,0.6096624137922106,0.8604560128946944,67.0,18.0,False,main,True
623,0,1,4.833524269979609,3.1664757300203905,0.6041905337474511,0.8565331458866774,69.0,18.0,False,main,True
7327,1,1,6.003408294890828,1.9965917051091722,0.7504260368613535,0.9468386536405172,23.0,9.0,False,main,True
7327,2,2,7.003408294890828,1.9965917051091722,0.778156477210092,0.9537957621373088,18.0,8.0,False,main,True
7327,3,3,8.003408294890829,1.9965917051091722,0.8003408294890828,0.9591397258455451,14.0,7.0,False,main,True
7327,4,4,9.003408294890829,1.9965917051091722,0.8184916631718935,0.9633740630571309,10.0,5.0,False,main,False
7327,5,5,10.003408294890829,1.9965917051091722,0.8336173579075691,0.9668122530210612,8.0,4.0,False,main,False
7327,6,6,11.003408294890829,1.9965917051091722,0.8464160226839099,0.9696597465819524,5.0,3.0,False,main,False
7327,7,7,12.003408294890829,1.9965917051091722,0.8573863067779163,0.9720568471135413,3.0,2.0,False,main,False
7327,8,8,13.003408294890829,1.9965917051091722,0.8668938863260552,0.9741026540683132,1.0,1.0,False,main,False
7327,9,9,14.003408294890829,1.9965917051091722,0.8752130184306768,0.9758691632872077,-1.0,-1.0,True,main,False
49,1,1,5.977935761465959,2.0220642385340413,0.7472419701832449,0.9452302271213158,24.0,9.0,False,main,True
49,2,2,6.977935761465959,2.0220642385340413,0.7753261957184399,0.9524062773159115,18.0,8.0,False,main,True
49,3,3,7.977935761465959,2.0220642385340413,0.797793576146596,0.9579165635544803,14.0,7.0,False,main,False
49,4,4,8.97793576146596,2.0220642385340413,0.8161759783150871,0.9622815775987805,10.0,5.0,False,main,False
49,5,5,9.97793576146596,2.0220642385340413,0.8314946467888299,0.9658251685390732,8.0,4.0,False,main,False
49,6,6,10.97793576146596,2.0220642385340413,0.844456597035843,0.9687594846123964,5.0,3.0,False,main,False
49,7,7,11.97793576146596,2.0220642385340413,0.8555668401047114,0.9712293495627954,3.0,2.0,False,main,False
49,8,8,12.97793576146596,2.0220642385340413,0.8651957174310639,0.9733370251899978,1.0,1.0,False,main,False
49,9,9,13.97793576146596,2.0220642385340413,0.8736209850916224,0.9751567864731515,-1.0,-1.0,True,main,False
11102,0,1,5.129699545183387,2.8703004548166127,0.6412124431479234,0.8823069907781218,53.0,16.0,False,main,True
11102,0,2,5.129699545183387,3.8703004548166127,0.5699666161314875,0.8185493058211771,95.0,23.0,False,main,False
11102,0,3,5.129699545183387,4.870300454816613,0.5129699545183387,0.7599651304249235,165.0,32.0,False,main,True
11102,0,4,5.129699545183387,5.870300454816613,0.4663363222893988,0.707463708226366,291.0,44.0,False,main,True
11102,0,5,5.129699545183387,6.870300454816613,0.4274749620986156,0.6607726049361349,528.0,59.0,False,main,True
5841,1,1,5.991268595175768,2.0087314048242324,0.748908574396971,0.946074383501474,23.0,9.0,False,main,True
5841,2,2,6.991268595175768,2.0087314048242324,0.7768076216861964,0.9531354760333238,18.0,8.0,False,main,True
5841,3,3,7.991268595175768,2.0087314048242324,0.7991268595175768,0.9585584441401197,14.0,7.0,False,main,True
5841,4,4,8.991268595175768,2.0087314048242324,0.817388054106888,0.9628548604048166,10.0,5.0,False,main,False
5841,5,5,9.991268595175768,2.0087314048242324,0.8326057162646473,0.9663431260656865,8.0,4.0,False,main,False
5841,6,6,10.991268595175768,2.0087314048242324,0.8454821996289053,0.9692318714685612,5.0,3.0,False,main,False
5841,7,7,11.991268595175768,2.0087314048242324,0.8565191853696977,0.9716635463029281,3.0,2.0,False,main,False
5841,8,8,12.991268595175768,2.0087314048242324,0.8660845730117178,0.9737387517190474,1.0,1.0,False,main,False
5841,9,9,13.991268595175768,2.0087314048242324,0.8744542871984855,0.9755305659572033,-1.0,-1.0,True,main,False
1631,1,1,5.968437402544943,2.031562597455057,0.7460546753181179,0.9446258160535347,24.0,9.0,False,main,True
8677,0,1,4.989624490682512,3.0103755093174884,0.623703061335314,0.8703433952172569,60.0,17.0,False,main,True
4059,1,1,6.076217113774771,1.9237828862252289,0.7595271392218463,0.9513342663072115,22.0,9.0,False,main,True
4059,2,2,7.076217113774771,1.9237828862252289,0.7862463459749746,0.9576815596987389,17.0,8.0,False,main,True
4059,3,3,8.07621711377477,1.9237828862252289,0.8076217113774771,0.9625617856497066,13.0,6.0,False,main,False
4059,4,4,9.07621711377477,1.9237828862252289,0.8251106467067973,0.9664314883247468,10.0,5.0,False,main,False
4059,5,5,10.07621711377477,1.9237828862252289,0.8396847594812309,0.9695753947147239,7.0,4.0,False,main,False
4059,6,6,11.07621711377477,1.9237828862252289,0.8520167010595977,0.9721803595857509,5.0,3.0,False,main,False
4059,7,7,12.07621711377477,1.9237828862252289,0.8625869366981979,0.9743741210139413,3.0,2.0,False,main,False
4059,8,8,13.07621711377477,1.9237828862252289,0.8717478075849847,0.9762469801770056,1.0,1.0,False,main,False
4059,9,9,14.07621711377477,1.9237828862252289,0.8797635696109232,0.9778645872258597,-1.0,-1.0,True,main,False
11422,1,1,6.045578969021272,1.9544210309787275,0.755697371127659,0.9494610661431409,22.0,9.0,False,main,True
2623,1,1,5.929373989756547,2.070626010243453,0.7411717487195684,0.9421138056253252,24.0,9.0,False,main,True
7530,1,1,5.864155680903058,2.1358443190969423,0.7330194601128822,0.9378271499432606,26.0,10.0,False,main,True
7530,2,2,6.864155680903058,2.1358443190969423,0.7626839645447842,0.9460159845780695,19.0,8.0,False,main,True
7530,3,3,7.864155680903058,2.1358443190969423,0.7864155680903058,0.9522944894586385,15.0,7.0,False,main,True
7530,4,4,8.864155680903057,2.1358443190969423,0.8058323346275507,0.9572624025513654,11.0,5.0,False,main,False
7530,5,5,9.864155680903057,2.1358443190969423,0.822012973408588,0.9612918558514754,8.0,4.0,False,main,False
7530,6,6,10.864155680903057,2.1358443190969423,0.835704283146389,0.9646261169816801,5.0,3.0,False,main,False
7530,7,7,11.864155680903057,2.1358443190969423,0.8474396914930755,0.9674309797019766,3.0,2.0,False,main,False
7530,8,8,12.864155680903057,2.1358443190969423,0.8576103787268704,0.9698233569587383,1.0,1.0,False,main,False
7530,9,9,13.864155680903057,2.1358443190969423,0.866509730056441,0.9718880717488676,-1.0,-1.0,True,main,False
3554,1,1,6.014627536133413,1.9853724638665868,0.7518284420166766,0.9475412738232616,23.0,9.0,False,main,True
3554,2,2,7.014627536133413,1.9853724638665868,0.7794030595703793,0.9544028658970655,18.0,8.0,False,main,True
3554,3,3,8.014627536133414,1.9853724638665868,0.8014627536133414,0.9596742406183912,14.0,7.0,False,main,True
3554,4,4,9.014627536133414,1.9853724638665868,0.8195115941939467,0.963851529188308,10.0,5.0,False,main,False
3554,5,5,10.014627536133414,1.9853724638665868,0.8345522946777845,0.9672436945696112,7.0,4.0,False,main,False
3554,6,6,11.014627536133414,1.9853724638665868,0.8472790412410318,0.9700532691902524,5.0,3.0,False,main,False
3554,7,7,12.014627536133414,1.9853724638665868,0.8581876811523867,0.9724185858281786,3.0,2.0,False,main,False
3554,8,8,13.014627536133414,1.9853724638665868,0.8676418357422276,0.9744373648873054,1.0,1.0,False,main,False
3554,9,9,14.014627536133414,1.9853724638665868,0.8759142210083384,0.9761806080375713,-1.0,-1.0,True,main,False
3521,0,1,5.1209029491159255,2.8790970508840745,0.6401128686394907,0.8815678470953177,54.0,16.0,False,main,True
7478,0,1,4.927248967515881,3.0727510324841187,0.6159061209394852,0.8648847070518231,64.0,17.0,False,main,True
9959,1,1,5.871285524940319,2.1287144750596805,0.7339106906175399,0.938301350513496,25.0,10.0,False,main,True
9959,2,2,6.871285524940319,2.1287144750596805,0.7634761694378133,0.9464250657206034,19.0,8.0,False,main,False
9959,3,3,7.871285524940319,2.1287144750596805,0.7871285524940319,0.9526542326109764,15.0,7.0,False,main,False
9959,4,4,8.871285524940319,2.1287144750596805,0.8064805022673017,0.9575834581178457,11.0,5.0,False,main,False
9959,5,5,9.871285524940319,2.1287144750596805,0.8226071270783599,0.961581754484802,8.0,4.0,False,main,False
9959,6,6,10.871285524940319,2.1287144750596805,0.8362527326877168,0.9648903817261109,5.0,3.0,False,main,False
9959,7,7,11.871285524940319,2.1287144750596805,0.8479489660671656,0.9676737824109225,3.0,2.0,False,main,False
9959,8,8,12.871285524940319,2.1287144750596805,0.8580857016626879,0.9700479263717795,1.0,1.0,False,main,False
9959,9,9,13.871285524940319,2.1287144750596805,0.8669553453087699,0.9720969581610063,-1.0,-1.0,True,main,False
6168,1,1,5.986209334223876,2.0137906657761238,0.7482761667779845,0.945754647494203,23.0,9.0,False,main,True
11713,0,1,4.92989929618549,3.07010070381451,0.6162374120231863,0.8651182713883636,63.0,17.0,False,main,True
3297,0,1,4.927291101689008,3.072708898310992,0.615911387711126,0.864888421315628,64.0,17.0,False,main,True
12073,1,1,5.848525587492626,2.1514744125073744,0.7310656984365782,0.9367828705392145,26.0,10.0,False,main,True
2615,1,1,5.858229184879258,2.1417708151207413,0.7322786481099073,0.9374319521814333,26.0,10.0,False,main,True
2615,2,2,6.858229184879258,2.1417708151207413,0.7620254649865843,0.9456750826318934,19.0,8.0,False,main,True
2615,3,3,7.858229184879258,2.1417708151207413,0.7858229184879258,0.9519947190907674,15.0,7.0,False,main,False
2615,4,4,8.858229184879258,2.1417708151207413,0.8052935622617508,0.9569948814360342,11.0,5.0,False,main,False
2615,5,5,9.858229184879258,2.1417708151207413,0.8215190987399382,0.9610503044596852,8.0,4.0,False,main,False
2615,6,6,10.858229184879258,2.1417708151207413,0.835248398836866,0.9644059303977272,5.0,3.0,False,main,False
2615,7,7,11.858229184879258,2.1417708151207413,0.8470163703485184,0.9672286799122652,3.0,2.0,False,main,False
2615,8,8,12.858229184879258,2.1417708151207413,0.8572152789919506,0.9696362524170548,1.0,1.0,False,main,False
2615,9,9,13.858229184879258,2.1417708151207413,0.8661393240549536,0.9717140366109158,-1.0,-1.0,True,main,False
7374,1,1,5.9082150224429375,2.0917849775570625,0.7385268778053672,0.9407356780687497,25.0,10.0,False,main,True
7449,1,1,6.00092148594572,1.9990785140542795,0.750115185743215,0.9466824317912661,23.0,9.0,False,main,True
9216,1,1,6.080395894571928,1.9196041054280717,0.760049486821491,0.9515876397145953,22.0,9.0,False,main,True
648,1,1,6.01718867835953,1.98281132164047,0.7521485847949413,0.9477011684559087,23.0,9.0,False,main,True
5195,0,1,4.842816726219395,3.1571832737806047,0.6053520907774244,0.857369119257093,69.0,18.0,False,main,True
5681,1,1,5.973646439507085,2.026353560492914,0.7467058049383857,0.9449575952914774,24.0,9.0,False,main,True
4031,1,1,6.015330542910282,1.9846694570897179,0.7519163178637852,0.9475851817812381,23.0,9.0,False,main,True
4634,1,1,5.863432260659646,2.1365677393403533,0.7329290325824558,0.9377789600590889,26.0,10.0,False,main,True
10387,0,1,4.985933442457612,3.014066557542388,0.6232416803072015,0.8700226109354243,60.0,17.0,False,main,True
10387,0,2,4.985933442457612,4.014066557542388,0.5539926047175124,0.8058404492065818,109.0,24.0,False,main,False
10387,0,3,4.985933442457612,5.014066557542388,0.4985933442457612,0.7473923209283948,193.0,34.0,False,main,True
10387,0,4,4.985933442457612,6.014066557542388,0.45326667658705566,0.6952609460768644,348.0,46.0,False,main,True
10387,0,5,4.985933442457612,7.014066557542388,0.41549445353813436,0.6490333219885538,656.0,63.0,False,main,True
12076,1,1,6.065495739535011,1.9345042604649882,0.7581869674418764,0.95068186425671,22.0,9.0,False,main,True
7171,1,1,5.91901954886812,2.0809804511318797,0.739877443608515,0.9414409234227128,25.0,10.0,False,main,True
4601,1,1,6.089502138344596,1.9104978616554038,0.7611877672930745,0.9521380110851554,22.0,9.0,False,main,True
1774,1,1,5.991939062654976,2.008060937345024,0.748992382831872,0.9461167018745196,23.0,9.0,False,main,True
1774,2,2,6.991939062654976,2.008060937345024,0.7768821180727751,0.9531720343533528,18.0,8.0,False,main,True
1774,3,3,7.991939062654976,2.008060937345024,0.7991939062654976,0.95859062665459,14.0,7.0,False,main,True
1774,4,4,8.991939062654975,2.008060937345024,0.8174490056959068,0.9628836048693036,10.0,5.0,False,main,False
1774,5,5,9.991939062654975,2.008060937345024,0.8326615885545813,0.9663690974439771,8.0,4.0,False,main,False
1774,6,6,10.991939062654975,2.008060937345024,0.8455337740503827,0.96925555853609,5.0,3.0,False,main,False
1774,7,7,11.991939062654975,2.008060937345024,0.8565670759039268,0.9716853189150891,3.0,2.0,False,main,False
1774,8,8,12.991939062654975,2.008060937345024,0.866129270843665,0.9737588965360323,1.0,1.0,False,main,False
1774,9,9,13.991939062654975,2.008060937345024,0.8744961914159359,0.9755493096786394,-1.0,-1.0,True,main,False
6121,1,1,6.094690967051226,1.9053090329487745,0.7618363708814032,0.952450529517693,22.0,9.0,False,main,True
5695,0,1,5.0490122827120265,2.9509877172879735,0.6311265353390033,0.8754658270784659,57.0,17.0,False,main,True
567,1,1,5.926886031990262,2.0731139680097384,0.7408607539987827,0.941952393278621,24.0,9.0,False,main,True
567,2,2,6.926886031990262,2.0731139680097384,0.7696540035544736,0.9495758521632096,19.0,8.0,False,main,True
567,3,3,7.926886031990262,2.0731139680097384,0.7926886031990261,0.9554257404274068,14.0,7.0,False,main,True
567,4,4,8.92688603199026,2.0731139680097384,0.8115350938172964,0.9600574106792139,11.0,5.0,False,main,False
567,5,5,9.92688603199026,2.0731139680097384,0.827240502665855,0.9638159784503345,8.0,4.0,False,main,False
567,6,6,10.92688603199026,2.0731139680097384,0.8405296947684816,0.9669273115632626,5.0,3.0,False,main,False
567,7,7,11.92688603199026,2.0731139680097384,0.8519204308564472,0.9695454855931017,3.0,2.0,False,main,False
567,8,8,12.92688603199026,2.0731139680097384,0.861792402132684,0.9717792301377559,1.0,1.0,False,main,False
567,9,9,13.92688603199026,2.0731139680097384,0.8704303769993913,0.9737074788851077,-1.0,-1.0,True,main,False
6265,1,1,5.923492081190805,2.0765079188091957,0.7404365101488506,0.941731929585993,25.0,10.0,False,main,True
849,1,1,5.865713536638928,2.134286463361072,0.733214192079866,0.9379308775279238,26.0,10.0,False,main,True
5392,0,1,4.920237872079198,3.079762127920802,0.6150297340098998,0.8642661506637135,64.0,17.0,False,main,True
3825,0,1,4.94117313678362,3.05882686321638,0.6176466420979525,0.8661101888844249,63.0,17.0,False,main,True
592,1,1,6.016627742871414,1.9833722571285857,0.7520784678589267,0.9476661646385738,23.0,9.0,False,main,True
592,2,2,7.016627742871414,1.9833722571285857,0.7796253047634905,0.954510786676333,18.0,8.0,False,main,True
592,3,3,8.016627742871414,1.9833722571285857,0.8016627742871414,0.9597692629758292,14.0,7.0,False,main,True
592,4,4,9.016627742871414,1.9833722571285857,0.8196934311701285,0.9639364134393978,10.0,5.0,False,main,False
592,5,5,10.016627742871414,1.9833722571285857,0.8347189785726178,0.9673203991307746,7.0,4.0,False,main,False
592,6,6,11.016627742871414,1.9833722571285857,0.8474329032978011,0.9701232341925241,5.0,3.0,False,main,False
592,7,7,12.016627742871414,1.9833722571285857,0.8583305530622438,0.9724829013892242,3.0,2.0,False,main,False
592,8,8,13.016627742871414,1.9833722571285857,0.8677751828580943,0.974496876151172,1.0,1.0,False,main,False
592,9,9,14.016627742871414,1.9833722571285857,0.8760392339294634,0.9762359835265625,-1.0,-1.0,True,main,False
12090,1,1,6.113017704229114,1.8869822957708857,0.7641272130286393,0.9535479747826872,21.0,9.0,False,main,True
12090,2,2,7.113017704229114,1.8869822957708857,0.7903353004699016,0.9595961614970412,17.0,8.0,False,main,True
12090,3,3,8.113017704229115,1.8869822957708857,0.8113017704229115,0.9642486658030944,13.0,6.0,False,main,False
12090,4,4,9.113017704229115,1.8869822957708857,0.8284561549299195,0.967939156385332,10.0,5.0,False,main,False
12090,5,5,10.113017704229115,1.8869822957708857,0.8427514753524262,0.9709383292699025,7.0,4.0,False,main,False
12090,6,6,11.113017704229115,1.8869822957708857,0.8548475157099319,0.973423950057012,5.0,3.0,False,main,False
12090,7,7,12.113017704229115,1.8869822957708857,0.8652155503020796,0.9755176076691919,3.0,2.0,False,main,False
12090,8,8,13.113017704229115,1.8869822957708857,0.874201180281941,0.9773052933013653,1.0,1.0,False,main,False
12090,9,9,14.113017704229115,1.8869822957708857,0.8820636065143197,0.9788495459933517,-1.0,-1.0,True,main,False
10078,1,1,6.049247541144749,1.9507524588552512,0.7561559426430936,0.9496867922383496,22.0,9.0,False,main,True
10078,2,2,7.049247541144749,1.9507524588552512,0.783249726793861,0.9562571917327111,17.0,8.0,False,main,False
10078,3,3,8.049247541144748,1.9507524588552512,0.8049247541144748,0.9613071632063617,13.0,7.0,False,main,False
10078,4,4,9.049247541144748,1.9507524588552512,0.8226588673767953,0.965310384798212,10.0,5.0,False,main,False
10078,5,5,10.049247541144748,1.9507524588552512,0.8374372950953957,0.9685620802253809,7.0,4.0,False,main,False
10078,6,6,11.049247541144748,1.9507524588552512,0.849942118549596,0.9712558977539325,5.0,3.0,False,main,False
10078,7,7,12.049247541144748,1.9507524588552512,0.8606605386531962,0.9735241682102758,3.0,2.0,False,main,False
10078,8,8,13.049247541144748,1.9507524588552512,0.8699498360763165,0.9754604099952052,1.0,1.0,False,main,False
10078,9,9,14.049247541144748,1.9507524588552512,0.8780779713215467,0.9771325944652506,-1.0,-1.0,True,main,False
1561,1,1,6.137911288756559,1.8620887112434406,0.7672389110945699,0.9550226649986919,21.0,9.0,False,main,True
1561,2,2,7.137911288756559,1.8620887112434406,0.7931012543062843,0.9608720364243841,16.0,8.0,False,main,True
1561,3,3,8.137911288756559,1.8620887112434406,0.8137911288756559,0.9653730768122569,13.0,6.0,False,main,False
1561,4,4,9.137911288756559,1.8620887112434406,0.8307192080687781,0.9689443105226019,10.0,5.0,False,main,False
1561,5,5,10.137911288756559,1.8620887112434406,0.8448259407297133,0.971847133864516,7.0,4.0,False,main,False
1561,6,6,11.137911288756559,1.8620887112434406,0.8567624068274277,0.9742532828301466,5.0,3.0,False,main,False
1561,7,7,12.137911288756559,1.8620887112434406,0.8669936634826113,0.9762802642591976,3.0,2.0,False,main,False
1561,8,8,13.137911288756559,1.8620887112434406,0.8758607525837706,0.9780112065828972,1.0,1.0,False,main,False
1561,9,9,14.137911288756559,1.8620887112434406,0.8836194555472849,0.97950658143258,-1.0,-1.0,True,main,False
6718,0,1,4.921629873998702,3.0783701260012974,0.6152037342498378,0.8643890404777558,64.0,17.0,False,main,True
1170,0,1,4.898105264090929,3.101894735909071,0.6122631580113661,0.8623069091640656,65.0,17.0,False,main,True
5024,1,1,5.861490637459561,2.138509362540439,0.7326863296824451,0.9376495519558676,26.0,10.0,False,main,True
2215,1,1,6.013242560474264,1.9867574395257357,0.751655320059283,0.9474547308325977,23.0,9.0,False,main,True
4966,1,1,5.836703904682666,2.1632960953173344,0.7295879880853332,0.9359887405741284,26.0,10.0,False,main,True
4116,1,1,5.977706489646788,2.0222935103532116,0.7472133112058486,0.9452156674641794,24.0,9.0,False,main,True
9046,1,1,5.964894266574211,2.035105733425789,0.7456117833217764,0.9443997115484474,24.0,9.0,False,main,True
2108,0,1,5.139725926294026,2.860274073705974,0.6424657407867532,0.8831474603436389,53.0,16.0,False,main,True
11997,0,1,4.980311241736988,3.019688758263012,0.6225389052171235,0.8695334514871819,61.0,17.0,False,main,True
3867,0,1,5.030310054289028,2.969689945710972,0.6287887567861286,0.8738606066607967,58.0,17.0,False,main,True
3155,0,1,5.078238968054477,2.9217610319455227,0.6347798710068097,0.8779596997470899,56.0,16.0,False,main,True
6035,0,1,4.891947317524137,3.1080526824758636,0.6114934146905171,0.8617600154010853,66.0,18.0,False,main,True
6174,0,1,4.841582184509521,3.1584178154904787,0.6051977730636902,0.8572581570022262,69.0,18.0,False,main,True
11,1,1,5.868941780501822,2.131058219498178,0.7336177225627277,0.9381456195032051,25.0,10.0,False,main,True
7786,1,1,5.968519044001726,2.0314809559982736,0.7460648805002158,0.9446310218716402,24.0,9.0,False,main,True
7786,2,2,6.968519044001726,2.0314809559982736,0.7742798937779696,0.9518887384966502,18.0,8.0,False,main,False
7786,3,3,7.968519044001726,2.0314809559982736,0.7968519044001726,0.9574610408358306,14.0,7.0,False,main,False
7786,4,4,8.968519044001727,2.0314809559982736,0.8153199130910661,0.9618747663512603,10.0,5.0,False,main,False
7786,5,5,9.968519044001727,2.0314809559982736,0.8307099203334772,0.9654576383988918,8.0,4.0,False,main,False
7786,6,6,10.968519044001727,2.0314809559982736,0.843732234153979,0.9684243061499829,5.0,3.0,False,main,False
7786,7,7,11.968519044001727,2.0314809559982736,0.8548942174286948,0.970921280669144,3.0,2.0,False,main,False
7786,8,8,12.968519044001727,2.0314809559982736,0.8645679362667819,0.9730520037887262,1.0,1.0,False,main,False
7786,9,9,13.968519044001727,2.0314809559982736,0.873032440250108,0.9748916007263906,-1.0,-1.0,True,main,False
2302,0,1,4.97107733560566,3.0289226643943405,0.6213846669507075,0.8687286394924109,61.0,17.0,False,main,True
6561,1,1,5.947182502121448,2.052817497878552,0.743397812765181,0.9432642201006491,24.0,9.0,False,main,True
6561,2,2,6.947182502121448,2.052817497878552,0.7719091669023831,0.9507084249387375,18.0,8.0,False,main,True
6561,3,3,7.947182502121448,2.052817497878552,0.7947182502121448,0.956422296531936,14.0,7.0,False,main,True
6561,4,4,8.947182502121448,2.052817497878552,0.8133802274655862,0.9609471923660422,11.0,5.0,False,main,False
6561,5,5,9.947182502121448,2.052817497878552,0.8289318751767873,0.9646196954799469,8.0,4.0,False,main,False
6561,6,6,10.947182502121448,2.052817497878552,0.8420909617016499,0.9676601716108525,5.0,3.0,False,main,False
6561,7,7,11.947182502121448,2.052817497878552,0.8533701787229606,0.9702189872929919,3.0,2.0,False,main,False
6561,8,8,12.947182502121448,2.052817497878552,0.8631455001414299,0.9724022799279545,1.0,1.0,False,main,False
6561,9,9,13.947182502121448,2.052817497878552,0.8716989063825905,0.9742871164956256,-1.0,-1.0,True,main,False
2707,1,1,5.912868875981626,2.087131124018374,0.7391086094977033,0.9410398387544954,25.0,10.0,False,main,True
2707,2,2,6.912868875981626,2.087131124018374,0.7680965417757363,0.948788146420145,19.0,8.0,False,main,True
2707,3,3,7.912868875981626,2.087131124018374,0.7912868875981627,0.9547327339965842,14.0,7.0,False,main,True
2707,4,4,8.912868875981626,2.087131124018374,0.8102608069074205,0.9594387236668905,11.0,5.0,False,main,False
2707,5,5,9.912868875981626,2.087131124018374,0.8260724063318022,0.9632571832504822,8.0,4.0,False,main,False
2707,6,6,10.912868875981626,2.087131124018374,0.8394514519985866,0.9664178168972661,5.0,3.0,False,main,False
2707,7,7,11.912868875981626,2.087131124018374,0.8509192054272591,0.9690772852881089,3.0,2.0,False,main,False
2707,8,8,12.912868875981626,2.087131124018374,0.8608579250654418,0.9713461241415512,1.0,1.0,False,main,False
2707,9,9,13.912868875981626,2.087131124018374,0.8695543047488516,0.9733045674412493,-1.0,-1.0,True,main,False
8104,0,1,4.930445622092719,3.0695543779072807,0.6163057027615899,0.8651663993389878,63.0,17.0,False,main,True
8104,0,2,4.930445622092719,4.069554377907281,0.5478272913436355,0.8008559492160356,115.0,25.0,False,main,False
8104,0,3,4.930445622092719,5.069554377907281,0.49304456220927195,0.7424798136935924,205.0,35.0,False,main,True
8104,0,4,4.930445622092719,6.069554377907281,0.4482223292811563,0.6905033487378955,374.0,48.0,False,main,True
8104,0,5,4.930445622092719,7.069554377907281,0.4108704685077266,0.6444627640071394,718.0,64.0,False,main,True
5555,1,1,6.127156730416345,1.8728432695836559,0.7658945913020431,0.9543878392065434,21.0,9.0,False,main,True
5555,2,2,7.127156730416345,1.8728432695836559,0.7919063033795939,0.9603227535023411,16.0,8.0,False,main,True
5555,3,3,8.127156730416345,1.8728432695836559,0.8127156730416344,0.9648889728861354,13.0,6.0,False,main,False
5555,4,4,9.127156730416345,1.8728432695836559,0.8297415209469403,0.9685115317589081,10.0,5.0,False,main,False
5555,5,5,10.127156730416345,1.8728432695836559,0.8439297275346953,0.971455825127718,7.0,4.0,False,main,False
5555,6,6,11.127156730416345,1.8728432695836559,0.8559351331089495,0.9738961821229757,5.0,3.0,False,main,False
5555,7,7,12.127156730416345,1.8728432695836559,0.8662254807440246,0.9759518654347836,3.0,2.0,False,main,False
5555,8,8,13.127156730416345,1.8728432695836559,0.8751437820277562,0.9777072350302002,1.0,1.0,False,main,False
5555,9,9,14.127156730416345,1.8728432695836559,0.8829472956510216,0.9792236520159278,-1.0,-1.0,True,main,False
10226,0,1,5.042823697323191,2.9571763026768094,0.6303529621653988,0.8749354670098333,57.0,17.0,False,main,True
10226,0,2,5.042823697323191,3.9571763026768094,0.5603137441470212,0.8109051109414622,103.0,24.0,False,main,False
10226,0,3,5.042823697323191,4.957176302676809,0.5042823697323191,0.7523943368247463,181.0,33.0,False,main,True
10226,0,4,5.042823697323191,5.957176302676809,0.45843851793847185,0.7001110855668407,323.0,45.0,False,main,True
5151,1,1,5.875129828102573,2.1248701718974274,0.7343912285128216,0.9385564688549815,25.0,10.0,False,main,True
10032,0,1,4.922895179791139,3.077104820208861,0.6153618974738924,0.8645007108451815,64.0,17.0,False,main,True
10032,0,2,4.922895179791139,4.077104820208861,0.5469883533101265,0.8001742863862423,116.0,25.0,False,main,False
10032,0,3,4.922895179791139,5.077104820208861,0.4922895179791139,0.7418087687110935,207.0,35.0,False,main,True
10032,0,4,4.922895179791139,6.077104820208861,0.4475359254355581,0.6898538963201899,378.0,48.0,False,main,True
608,1,1,5.854894642593392,2.145105357406608,0.731861830324174,0.9372091836551046,26.0,10.0,False,main,True
4219,0,1,4.907423252071828,3.0925767479281716,0.6134279065089785,0.8631329815128013,65.0,17.0,False,main,True
8917,1,1,5.894825277754299,2.105174722245701,0.7368531597192873,0.9398572951936202,25.0,10.0,False,main,True
3420,1,1,6.145847678066899,1.8541523219331004,0.7682309597583624,0.9554889106592863,21.0,9.0,False,main,True
3420,2,2,7.145847678066899,1.8541523219331004,0.7939830753407666,0.9612754972948044,16.0,8.0,False,main,True
3420,3,3,8.1458476780669,1.8541523219331004,0.81458476780669,0.965728689759652,13.0,6.0,False,main,False
3420,4,4,9.1458476780669,1.8541523219331004,0.8314406980060819,0.9692622401169095,10.0,5.0,False,main,False
3420,5,5,10.1458476780669,1.8541523219331004,0.845487306505575,0.9721346123408136,7.0,4.0,False,main,False
3420,6,6,11.1458476780669,1.8541523219331004,0.8573728983128385,0.9745156403119528,5.0,3.0,False,main,False
3420,7,7,12.1458476780669,1.8541523219331004,0.8675605484333501,0.976521542653871,3.0,2.0,False,main,False
3420,8,8,13.1458476780669,1.8541523219331004,0.8763898452044601,0.9782345441029573,1.0,1.0,False,main,False
3420,9,9,14.1458476780669,1.8541523219331004,0.8841154798791813,0.9797144635067666,-1.0,-1.0,True,main,False
3095,0,1,4.942381812810522,3.0576181871894774,0.6177977266013153,0.8662163784171562,63.0,17.0,False,main,True
6516,0,1,5.080747941450534,2.919252058549466,0.6350934926813168,0.8781729504879049,56.0,16.0,False,main,True
4357,1,1,6.050004286138841,1.9499957138611592,0.7562505357673551,0.9497333062607639,22.0,9.0,False,main,True
872,1,1,5.92524295356831,2.0747570464316896,0.7406553691960388,0.9418457017578563,24.0,10.0,False,main,True
9111,1,1,6.138010908131788,1.8619890918682116,0.7672513635164735,0.9550285291656703,21.0,9.0,False,main,True
4545,0,1,4.847101333347885,3.1528986666521153,0.6058876666684856,0.8577539868488746,68.0,18.0,False,main,True
5014,1,1,5.9125528868883706,2.08744711311163,0.7390691108610463,0.9410192053520781,25.0,10.0,False,main,True
5014,2,2,6.9125528868883706,2.08744711311163,0.7680614318764856,0.9487703373705141,19.0,8.0,False,main,True
5014,3,3,7.9125528868883706,2.08744711311163,0.7912552886888371,0.9547170669212647,14.0,7.0,False,main,True
5014,4,4,8.91255288688837,2.08744711311163,0.8102320806262155,0.9594247374058864,11.0,5.0,False,main,False
5014,5,5,9.91255288688837,2.08744711311163,0.8260460739073642,0.9632445513872988,8.0,4.0,False,main,False
5014,6,6,10.91255288688837,2.08744711311163,0.8394271451452593,0.9664062998409868,5.0,3.0,False,main,False
5014,7,7,11.91255288688837,2.08744711311163,0.8508966347777408,0.9690667019454848,3.0,2.0,False,main,False
5014,8,8,12.91255288688837,2.08744711311163,0.8608368591258914,0.9713363342841338,1.0,1.0,False,main,False
5014,9,9,13.91255288688837,2.08744711311163,0.8695345554305232,0.9732954602575301,-1.0,-1.0,True,main,False
10728,1,1,5.8902918104630855,2.1097081895369145,0.7362864763078857,0.9395587971375453,25.0,10.0,False,main,True
10728,2,2,6.8902918104630855,2.1097081895369145,0.7655879789403428,0.9475099955295182,19.0,8.0,False,main,False
10728,3,3,7.8902918104630855,2.1097081895369145,0.7890291810463086,0.9536084172033144,14.0,7.0,False,main,False
10728,4,4,8.890291810463086,2.1097081895369145,0.8082083464057351,0.958435099322744,11.0,5.0,False,main,False
10728,5,5,9.890291810463086,2.1097081895369145,0.8241909842052572,0.9623507992227118,8.0,4.0,False,main,False
10728,6,6,10.890291810463086,2.1097081895369145,0.8377147546510066,0.9655914626879433,5.0,3.0,False,main,False
10728,7,7,11.890291810463086,2.1097081895369145,0.8493065578902205,0.9683179545391665,3.0,2.0,False,main,False
10728,8,8,12.890291810463086,2.1097081895369145,0.8593527873642057,0.9706437467790069,1.0,1.0,False,main,False
10728,9,9,13.890291810463086,2.1097081895369145,0.8681432381539429,0.9726511867462412,-1.0,-1.0,True,main,False
9339,1,1,6.133466475002684,1.8665335249973167,0.7666833093753355,0.9547607145278918,21.0,9.0,False,main,True
7755,0,1,4.959157390865698,3.040842609134302,0.6198946738582123,0.8676871179113603,62.0,17.0,False,main,True
7755,0,2,4.959157390865698,4.040842609134302,0.5510174878739664,0.8034406424063709,111.0,25.0,False,main,False
7755,0,3,4.959157390865698,5.040842609134302,0.49591573908656983,0.745025923132581,199.0,34.0,False,main,False
7755,0,4,4.959157390865698,6.040842609134302,0.45083249007869985,0.6929684700757854,360.0,47.0,False,main,False
7755,0,5,4.959157390865698,7.040842609134302,0.4132631159054749,0.6468305399918854,685.0,63.0,False,main,True
7755,0,6,4.959157390865698,8.040842609134302,0.38147364545120754,0.6059228471391028,1422.0,85.0,False,main,True
7755,0,7,4.959157390865698,9.040842609134302,0.35422552791897843,0.5695458509062755,3486.0,112.0,False,main,True
7755,0,8,4.959157390865698,10.040842609134302,0.33061049272437987,0.5370676483239467,-1.0,149.0,False,main,True
7755,0,9,4.959157390865698,11.040842609134302,0.30994733692910614,0.5079423832637939,-1.0,199.0,False,main,True
1614,0,1,4.928116696183247,3.0718833038167523,0.6160145870229059,0.864961192815618,64.0,17.0,False,main,True
8281,1,1,5.96464282898777,2.0353571710122296,0.7455803536234713,0.9443836528503555,24.0,9.0,False,main,True
8281,2,2,6.96464282898777,2.0353571710122296,0.7738492032208634,0.9516750997227575,18.0,8.0,False,main,False
8281,3,3,7.96464282898777,2.0353571710122296,0.796464282898777,0.9572730125943054,14.0,7.0,False,main,False
8281,4,4,8.96464282898777,2.0353571710122296,0.8149675299079792,0.9617068521489233,11.0,5.0,False,main,False
8281,5,5,9.96464282898777,2.0353571710122296,0.8303869024156475,0.9653059428971983,8.0,4.0,False,main,False
8281,6,6,10.96464282898777,2.0353571710122296,0.84343406376829,0.9682859673943974,5.0,3.0,False,main,False
8281,7,7,11.96464282898777,2.0353571710122296,0.8546173449276979,0.9707941337985541,3.0,2.0,False,main,False
8281,8,8,12.96464282898777,2.0353571710122296,0.864309521932518,0.9729343713967199,1.0,1.0,False,main,False
8281,9,9,13.96464282898777,2.0353571710122296,0.8727901768117357,0.9747821565926942,-1.0,-1.0,True,main,False
4489,1,1,6.134765385868972,1.8652346141310279,0.7668456732336215,0.9548373258079252,21.0,9.0,False,main,True
5884,1,1,5.892033087166173,2.1079669128338274,0.7365041358957716,0.9396735139059086,25.0,10.0,False,main,True
6362,1,1,5.946298131568503,2.0537018684314967,0.7432872664460629,0.9432072963254129,24.0,9.0,False,main,True
6362,2,2,6.946298131568503,2.0537018684314967,0.7718109035076115,0.9506592740814162,18.0,8.0,False,main,True
6362,3,3,7.946298131568503,2.0537018684314967,0.7946298131568503,0.9563790449431766,14.0,7.0,False,main,True
6362,4,4,8.946298131568504,2.0537018684314967,0.8132998301425913,0.9609085724828921,11.0,5.0,False,main,False
6362,5,5,9.946298131568504,2.0537018684314967,0.8288581776307087,0.9645848093959956,8.0,4.0,False,main,False
6362,6,6,10.946298131568504,2.0537018684314967,0.8420229331975773,0.9676283598569326,5.0,3.0,False,main,False
6362,7,7,11.946298131568504,2.0537018684314967,0.8533070093977503,0.9701897511701452,3.0,2.0,False,main,False
6362,8,8,12.946298131568504,2.0537018684314967,0.8630865421045669,0.972375233117449,1.0,1.0,False,main,False
6362,9,9,13.946298131568504,2.0537018684314967,0.8716436332230315,0.9742619536185942,-1.0,-1.0,True,main,False
1890,0,1,5.108355969676154,2.891644030323846,0.6385444962095193,0.8805107302150644,54.0,16.0,False,main,True
1986,1,1,6.069910868809249,1.9300891311907518,0.7587388586011561,0.9509509328593388,22.0,9.0,False,main,True
10521,1,1,6.125189894451228,1.8748101055487711,0.7656487368064036,0.9542713652340739,21.0,9.0,False,main,True
10521,2,2,7.125189894451228,1.8748101055487711,0.7916877660501365,0.9602219815325812,16.0,8.0,False,main,False
10521,3,3,8.125189894451228,1.8748101055487711,0.8125189894451228,0.9648001633954855,13.0,6.0,False,main,False
10521,4,4,9.125189894451228,1.8748101055487711,0.8295627176773844,0.9684321411743576,10.0,5.0,False,main,False
10521,5,5,10.125189894451228,1.8748101055487711,0.8437658245376024,0.9713840442974894,7.0,4.0,False,main,False
10521,6,6,11.125189894451228,1.8748101055487711,0.8557838380347099,0.9738306780781971,5.0,3.0,False,main,False
10521,7,7,12.125189894451228,1.8748101055487711,0.8660849924608021,0.9758916275908053,3.0,2.0,False,main,False
10521,8,8,13.125189894451228,1.8748101055487711,0.8750126596300819,0.9776514788933911,1.0,1.0,False,main,False
10521,9,9,14.125189894451228,1.8748101055487711,0.8828243684032018,0.9791717563711245,-1.0,-1.0,True,main,False
8110,0,1,5.136372291809224,2.863627708190777,0.642046536476153,0.8828665775825355,53.0,16.0,False,main,True
8110,0,2,5.136372291809224,3.863627708190777,0.5707080324232471,0.8191319270233981,94.0,23.0,False,main,False
8110,0,3,5.136372291809224,4.863627708190776,0.5136372291809224,0.7605432443012032,164.0,32.0,False,main,True
8110,0,4,5.136372291809224,5.863627708190776,0.46694293561902034,0.7080257595451926,288.0,44.0,False,main,True
2840,1,1,5.851841010869112,2.1481589891308874,0.731480126358639,0.9370049228189596,26.0,10.0,False,main,True
2840,2,2,6.851841010869112,2.1481589891308874,0.7613156678743458,0.9453067483263884,19.0,8.0,False,main,True
2840,3,3,7.851841010869112,2.1481589891308874,0.7851841010869112,0.9516708430094765,15.0,7.0,False,main,False
2840,4,4,8.851841010869112,2.1481589891308874,0.8047128191699193,0.9567058593893247,11.0,5.0,False,main,False
2840,5,5,9.851841010869112,2.1481589891308874,0.8209867509057593,0.9607893475598157,8.0,4.0,False,main,False
2840,6,6,10.851841010869112,2.1481589891308874,0.8347570008360855,0.9641680607601789,5.0,3.0,False,main,False
2840,7,7,11.851841010869112,2.1481589891308874,0.8465600722049366,0.9670101381609285,3.0,2.0,False,main,False
2840,8,8,12.851841010869112,2.1481589891308874,0.8567894007246075,0.9694341294776482,1.0,1.0,False,main,False
2840,9,9,13.851841010869112,2.1481589891308874,0.8657400631793195,0.9715260349692725,-1.0,-1.0,True,main,False
9177,1,1,5.937975407887844,2.062024592112156,0.7422469259859805,0.942670537415839,24.0,9.0,False,main,True
4944,1,1,5.90193106782749,2.0980689321725103,0.7377413834784362,0.9403240472921247,25.0,10.0,False,main,True
3684,1,1,6.018992698497983,1.981007301502017,0.7523740873122479,0.9478136833090262,23.0,9.0,False,main,True
8589,0,1,4.867031677070825,3.132968322929175,0.6083789596338531,0.8595393666464168,67.0,18.0,False,main,True
745,1,1,6.135640836797038,1.8643591632029617,0.7669551045996298,0.9548889323708197,21.0,9.0,False,main,True
9088,1,1,5.853380307609287,2.146619692390713,0.7316725384511609,0.937107919015855,26.0,10.0,False,main,True
1742,1,1,6.088009482274779,1.9119905177252212,0.7610011852843473,0.9520479632179121,22.0,9.0,False,main,True
813,0,1,4.876192753913041,3.123807246086959,0.6095240942391301,0.8603573274833021,67.0,18.0,False,main,True
1306,0,1,4.896761328534868,3.103238671465132,0.6120951660668585,0.8621876186471941,65.0,18.0,False,main,True
4480,1,1,5.956788685044552,2.0432113149554483,0.744598585630569,0.9438811447981836,24.0,9.0,False,main,True
4480,2,2,6.956788685044552,2.0432113149554483,0.7729765205605058,0.9512411404014215,18.0,8.0,False,main,True
4480,3,3,7.956788685044552,2.0432113149554483,0.7956788685044552,0.9568910940596472,14.0,7.0,False,main,True
4480,4,4,8.956788685044552,2.0432113149554483,0.814253516822232,0.9613658016523523,11.0,5.0,False,main,False
4480,5,5,9.956788685044552,2.0432113149554483,0.8297323904203794,0.9649978434312418,8.0,4.0,False,main,False
4480,6,6,10.956788685044552,2.0432113149554483,0.8428298988495809,0.9680050028432937,5.0,3.0,False,main,False
4480,7,7,11.956788685044552,2.0432113149554483,0.8540563346460395,0.970535905061676,3.0,2.0,False,main,False
4480,8,8,12.956788685044552,2.0432113149554483,0.8637859123363035,0.9726954701387609,1.0,1.0,False,main,False
4480,9,9,13.956788685044552,2.0432113149554483,0.8722992928152845,0.9745598882105961,-1.0,-1.0,True,main,False
5663,0,1,5.133015881456331,2.866984118543668,0.6416269851820414,0.8825852223586749,53.0,16.0,False,main,True
8859,1,1,5.941213395978463,2.0587866040215372,0.7426516744973078,0.9428795920266524,24.0,9.0,False,main,True
8859,2,2,6.941213395978463,2.0587866040215372,0.7712459328864959,0.9503763272266503,18.0,8.0,False,main,True
8859,3,3,7.941213395978463,2.0587866040215372,0.7941213395978463,0.9561300646408808,14.0,7.0,False,main,True
8859,4,4,8.941213395978462,2.0587866040215372,0.8128375814525874,0.9606862591380702,11.0,5.0,False,main,False
8859,5,5,9.941213395978462,2.0587866040215372,0.8284344496648718,0.9643839925335629,8.0,4.0,False,main,False
8859,6,6,10.941213395978462,2.0587866040215372,0.8416317996906509,0.9674452422141238,5.0,3.0,False,main,False
8859,7,7,11.941213395978462,2.0587866040215372,0.8529438139984615,0.9700214613314834,3.0,2.0,False,main,False
8859,8,8,12.941213395978462,2.0587866040215372,0.8627475597318974,0.9722195468096776,1.0,1.0,False,main,False
8859,9,9,13.941213395978462,2.0587866040215372,0.8713258372486539,0.9741171126400555,-1.0,-1.0,True,main,False
6063,0,1,5.123744512458947,2.8762554875410533,0.6404680640573683,0.8818067924361938,54.0,16.0,False,main,True
706,1,1,6.08322874796961,1.9167712520303901,0.7604035934962012,0.9517591146372344,22.0,9.0,False,main,True
706,2,2,7.08322874796961,1.9167712520303901,0.7870254164410677,0.9580489435680611,17.0,8.0,False,main,True
706,3,3,8.08322874796961,1.9167712520303901,0.808322874796961,0.9628854332130801,13.0,6.0,False,main,True
706,4,4,9.08322874796961,1.9167712520303901,0.8257480679972372,0.9667207244014787,10.0,5.0,False,main,False
706,5,5,10.08322874796961,1.9167712520303901,0.8402690623308008,0.9698368447878581,7.0,4.0,False,main,False
706,6,6,11.08322874796961,1.9167712520303901,0.8525560575361238,0.9724189012682034,5.0,3.0,False,main,False
706,7,7,12.08322874796961,1.9167712520303901,0.863087767712115,0.9745934498153559,3.0,2.0,False,main,False
706,8,8,13.08322874796961,1.9167712520303901,0.8722152498646406,0.976449963286375,1.0,1.0,False,main,False
706,9,9,14.08322874796961,1.9167712520303901,0.8802017967481006,0.9780534940514445,-1.0,-1.0,True,main,False
11400,1,1,5.906711390441103,2.093288609558897,0.7383389238051379,0.9406372799587474,25.0,10.0,False,main,True
11400,2,2,6.906711390441103,2.093288609558897,0.7674123767156781,0.9484407024324911,19.0,8.0,False,main,True
11400,3,3,7.906711390441103,2.093288609558897,0.7906711390441103,0.9544270861464244,14.0,7.0,False,main,True
11400,4,4,8.906711390441103,2.093288609558897,0.8097010354946458,0.9591658718413859,11.0,5.0,False,main,False
11400,5,5,9.906711390441103,2.093288609558897,0.8255592825367586,0.9630107574553466,8.0,4.0,False,main,False
11400,6,6,10.906711390441103,2.093288609558897,0.8389777992647003,0.9661931417788235,5.0,3.0,False,main,False
11400,7,7,11.906711390441103,2.093288609558897,0.8504793850315073,0.968870827158872,3.0,2.0,False,main,False
11400,8,8,12.906711390441103,2.093288609558897,0.8604474260294068,0.9711551468061845,1.0,1.0,False,main,False
11400,9,9,13.906711390441103,2.093288609558897,0.8691694619025689,0.9731269087617107,-1.0,-1.0,True,main,False
3572,0,1,4.919039561559517,3.0809604384404836,0.6148799451949396,0.864160328754604,64.0,17.0,False,main,True
12016,1,1,5.891763611890145,2.1082363881098556,0.7364704514862681,0.9396557659909693,25.0,10.0,False,main,True
1660,2,2,7.436625148978292,1.5633748510217074,0.8262916832198103,0.9748904882380357,14.0,7.0,False,main,True
1660,3,3,8.436625148978292,1.5633748510217074,0.8436625148978292,0.9777434394842777,11.0,6.0,False,main,False
1660,4,4,9.436625148978292,1.5633748510217074,0.8578750135434811,0.9800138466785406,8.0,5.0,False,main,False
1660,5,5,10.436625148978292,1.5633748510217074,0.8697187624148577,0.9818636936178651,6.0,4.0,False,main,False
1660,6,6,11.436625148978292,1.5633748510217074,0.8797403960752532,0.9833999776731558,4.0,3.0,False,main,False
1660,7,7,12.436625148978292,1.5633748510217074,0.8883303677841637,0.9846962248686315,2.0,2.0,False,main,False
1660,8,8,13.436625148978292,1.5633748510217074,0.8957750099318862,0.98580463289952,1.0,1.0,False,main,False
1660,9,9,14.436625148978292,1.5633748510217074,0.9022890718111433,0.9867632839224523,-1.0,-1.0,True,main,False
2718,2,2,7.775786420207602,1.2242135797923979,0.8639762689119558,0.9875249860097794,11.0,7.0,False,main,False
2718,3,3,8.775786420207602,1.2242135797923979,0.8775786420207602,0.9889215909323714,9.0,6.0,False,main,False
