tag,seed,budget_frac,budget_s,method,m_cap,ceiling_seed,n_refpos,tp,fp,fn,confirmed,recall_refpos,precision,recall_ceiling_seed,nonsticky_confirmed,executions,time_used_s,budget_util,overtime_s,overrun_flag,pools_exhausted,runs_left_in_pools,stopped_by_exhaustion,sched_overhead_s
sweep,2000,0.03,58667.79517915964,Uniform,19,8,23,0,0,23,0,0.0,0.0,0.0,0,16,60786.6214735508,1.0361156625695696,2118.826294391154,1,0,484,0,0.00046789878979325294
sweep,2000,0.03,58667.79517915964,FailRerun,19,8,23,0,0,23,0,0.0,0.0,0.0,0,10,63844.52191114426,1.0882379628580883,5176.726731984614,1,0,490,0,0.0004891003482043743
sweep,2000,0.03,58667.79517915964,APGAI,19,8,23,0,0,23,0,0.0,0.0,0.0,0,16,61861.81293439865,1.0544424372091217,3194.0177552390087,1,0,484,0,0.0009357980452477932
sweep,2000,0.03,58667.79517915964,ScoreCost,19,8,23,1,0,22,1,0.043478260869565216,1.0,0.125,1,16,59098.14546132088,1.0073353750698664,430.35028216123465,1,0,484,0,0.00084649957716465
sweep,2000,0.03,58667.79517915964,ReproAlloc,19,8,23,0,0,23,0,0.0,0.0,0.0,0,23,59616.91678023338,1.0161778979110314,949.1216010737407,1,1,477,0,0.0027570989914238453
sweep,2000,0.03,58667.79517915964,ReproAlloc-OA,19,8,23,1,0,22,1,0.043478260869565216,1.0,0.125,1,21,62742.372361660004,1.0694516841830757,4074.5771825003612,1,0,479,0,0.00245829951018095
sweep,2000,0.03,58667.79517915964,ReproAlloc-Optimistic,19,8,23,1,0,22,1,0.043478260869565216,1.0,0.125,1,16,59613.04890680313,1.0161119695184875,945.2537276434887,1,0,484,0,0.0027392995543777943
sweep,2000,0.05,97779.65863193275,Uniform,30,8,23,0,0,23,0,0.0,0.0,0.0,0,30,101129.8247628212,1.034262403630384,3350.1661308884504,1,0,470,0,0.0007771989330649376
sweep,2000,0.05,97779.65863193275,FailRerun,30,8,23,0,0,23,0,0.0,0.0,0.0,0,18,98681.31445240974,1.0092213026010968,901.6558204769972,1,0,482,0,0.0007539000362157822
sweep,2000,0.05,97779.65863193275,APGAI,30,8,23,0,0,23,0,0.0,0.0,0.0,0,29,99334.67161917686,1.0159032360002154,1555.0129872441175,1,0,471,0,0.0014594998210668564
sweep,2000,0.05,97779.65863193275,ScoreCost,30,8,23,2,0,21,2,0.08695652173913043,1.0,0.25,2,31,100006.2316801548,1.0227713317818323,2226.5730482220533,1,0,469,0,0.0014440990053117275
sweep,2000,0.05,97779.65863193275,ReproAlloc,30,8,23,1,0,22,1,0.043478260869565216,1.0,0.125,1,30,99767.22819304466,1.0203270249550944,1987.5695611119154,1,0,470,0,0.003944799304008484
sweep,2000,0.05,97779.65863193275,ReproAlloc-OA,30,8,23,2,0,21,2,0.08695652173913043,1.0,0.25,2,25,97881.88364863396,1.001045463014818,102.22501670120982,1,0,475,0,0.002966300118714571
sweep,2000,0.05,97779.65863193275,ReproAlloc-Optimistic,30,8,23,2,0,21,2,0.08695652173913043,1.0,0.25,2,31,99409.85990786552,1.0166721923428805,1630.2012759327772,1,0,469,0,0.004359298851341009
sweep,2000,0.06,117335.59035831928,Uniform,36,8,23,0,0,23,0,0.0,0.0,0.0,0,26,121000.95040822029,1.0312382631621637,3665.3600499010063,1,0,474,0,0.0007151993922889233
sweep,2000,0.06,117335.59035831928,FailRerun,36,8,23,0,0,23,0,0.0,0.0,0.0,0,33,122296.70018005371,1.0422813726558515,4961.109821734426,1,2,467,0,0.0011815004982054234
sweep,2000,0.06,117335.59035831928,APGAI,36,8,23,0,0,23,0,0.0,0.0,0.0,0,32,120591.5750284195,1.027749335560993,3255.9846701002098,1,0,468,0,0.0014133998192846775
sweep,2000,0.06,117335.59035831928,ScoreCost,36,8,23,1,0,22,1,0.043478260869565216,1.0,0.125,1,36,118650.51348519325,1.01120651562632,1314.9231268739677,1,1,464,0,0.0019202991388738155
sweep,2000,0.06,117335.59035831928,ReproAlloc,36,8,23,1,0,22,1,0.043478260869565216,1.0,0.125,1,36,120749.77686667442,1.0290976207468587,3414.1865083551384,1,0,464,0,0.007044000551104546
sweep,2000,0.06,117335.59035831928,ReproAlloc-OA,36,8,23,1,0,22,1,0.043478260869565216,1.0,0.125,1,37,121510.05277061462,1.0355771202884596,4174.462412295339,1,1,463,0,0.006892801728099585
sweep,2000,0.06,117335.59035831928,ReproAlloc-Optimistic,36,8,23,1,0,22,1,0.043478260869565216,1.0,0.125,1,33,121013.68272662163,1.0313467751521102,3678.092368302343,1,0,467,0,0.005396899301558733
sweep,2000,0.07,136891.52208470585,Uniform,41,8,23,0,0,23,0,0.0,0.0,0.0,0,35,142753.2902636528,1.0428205347539332,5861.76817894695,1,0,465,0,0.0010696975514292717
sweep,2000,0.07,136891.52208470585,FailRerun,41,8,23,0,0,23,0,0.0,0.0,0.0,0,41,137288.091881752,1.002896963895257,396.5697970461624,1,3,459,0,0.001662900671362877
sweep,2000,0.07,136891.52208470585,APGAI,41,8,23,0,0,23,0,0.0,0.0,0.0,0,38,138928.04068994522,1.0148768789639084,2036.5186052393692,1,0,462,0,0.002947600092738867
sweep,2000,0.07,136891.52208470585,ScoreCost,41,8,23,2,0,21,2,0.08695652173913043,1.0,0.25,2,40,137726.6405377388,1.006100585633902,835.1184530329483,1,0,460,0,0.002335399854928255
sweep,2000,0.07,136891.52208470585,ReproAlloc,41,8,23,2,0,21,2,0.08695652173913043,1.0,0.25,2,38,136900.44111347198,1.000065153989307,8.919028766133124,1,0,462,0,0.006068600341677666
sweep,2000,0.07,136891.52208470585,ReproAlloc-OA,41,8,23,2,0,21,2,0.08695652173913043,1.0,0.25,2,37,140235.47156500816,1.024427732480271,3343.9494803023117,1,0,463,0,0.0059615024365484715
sweep,2000,0.07,136891.52208470585,ReproAlloc-Optimistic,41,8,23,2,0,21,2,0.08695652173913043,1.0,0.25,2,39,143768.77933502197,1.05023873754622,6877.257250316121,1,0,461,0,0.0063275001011788845
sweep,2000,0.08,156447.4538110924,Uniform,47,8,23,0,0,23,0,0.0,0.0,0.0,0,47,160273.42428278923,1.024455306740349,3825.970471696841,1,0,453,0,0.0013507995754480362
sweep,2000,0.08,156447.4538110924,FailRerun,47,8,23,0,0,23,0,0.0,0.0,0.0,0,31,158606.61429715157,1.0138011864908094,2159.160486059176,1,2,469,0,0.001154299359768629
sweep,2000,0.08,156447.4538110924,APGAI,47,8,23,1,0,22,1,0.043478260869565216,1.0,0.125,1,45,157596.16122341156,1.0073424487541114,1148.7074123191705,1,0,455,0,0.003138698637485504
sweep,2000,0.08,156447.4538110924,ScoreCost,47,8,23,2,0,21,2,0.08695652173913043,1.0,0.25,2,40,157053.90801525116,1.003876408272461,606.4542041587702,1,0,460,0,0.002105399966239929
sweep,2000,0.08,156447.4538110924,ReproAlloc,47,8,23,1,0,22,1,0.043478260869565216,1.0,0.125,1,36,158760.14649510384,1.0147825524012937,2312.6926840114465,1,0,464,0,0.006682801991701126
sweep,2000,0.08,156447.4538110924,ReproAlloc-OA,47,8,23,0,0,23,0,0.0,0.0,0.0,0,35,161137.41300940514,1.029977855721294,4689.959198312747,1,1,465,0,0.008137599099427462
sweep,2000,0.08,156447.4538110924,ReproAlloc-Optimistic,47,8,23,4,0,19,4,0.17391304347826086,1.0,0.5,4,43,157311.21019673347,1.0055210638754406,863.7563856410852,1,0,457,0,0.007316001690924168
sweep,2000,0.1,195559.3172638655,Uniform,59,8,23,0,0,23,0,0.0,0.0,0.0,0,52,196027.881803751,1.0023960225799586,468.56453988549765,1,0,448,0,0.0018217000178992748
sweep,2000,0.1,195559.3172638655,FailRerun,59,8,23,1,0,22,1,0.043478260869565216,1.0,0.125,1,62,200696.67363667488,1.026270067029727,5137.356372809387,1,3,438,0,0.002660600934177637
sweep,2000,0.1,195559.3172638655,APGAI,59,8,23,2,0,21,2,0.08695652173913043,1.0,0.25,2,58,198645.35002803802,1.0157805458075342,3086.0327641725307,1,0,442,0,0.0035503003746271133
sweep,2000,0.1,195559.3172638655,ScoreCost,59,8,23,3,0,20,3,0.13043478260869565,1.0,0.375,3,53,195761.84568166733,1.0010356367604238,202.5284178018337,1,0,447,0,0.003301501739770174
sweep,2000,0.1,195559.3172638655,ReproAlloc,59,8,23,1,0,22,1,0.043478260869565216,1.0,0.125,1,49,198397.39780330658,1.0145126326842904,2838.0805394410854,1,2,451,0,0.010071199387311935
sweep,2000,0.1,195559.3172638655,ReproAlloc-OA,59,8,23,4,0,19,4,0.17391304347826086,1.0,0.5,4,57,197105.44650268555,1.0079061906149624,1546.1292388200527,1,1,443,0,0.007879098411649466
sweep,2000,0.1,195559.3172638655,ReproAlloc-Optimistic,59,8,23,4,0,19,4,0.17391304347826086,1.0,0.5,4,59,195744.9650642872,1.000949317081994,185.6478004216915,1,0,441,0,0.008506899233907461
sweep,2000,0.15,293338.9758957982,Uniform,87,8,23,0,0,23,0,0.0,0.0,0.0,0,83,294061.74665308,1.0024639438215621,722.7707572818035,1,0,417,0,0.002388295717537403
sweep,2000,0.15,293338.9758957982,FailRerun,87,8,23,0,0,23,0,0.0,0.0,0.0,0,80,294667.3288691044,1.0045283889372345,1328.3529733062023,1,5,420,0,0.0027802991680800915
sweep,2000,0.15,293338.9758957982,APGAI,87,8,23,4,0,19,4,0.17391304347826086,1.0,0.5,4,87,294211.92038464546,1.0029758898768275,872.944488847279,1,0,413,0,0.006844500079751015
sweep,2000,0.15,293338.9758957982,ScoreCost,87,8,23,3,0,20,3,0.13043478260869565,1.0,0.375,3,89,293373.7492797375,1.000118543346765,34.77338393928949,1,2,411,0,0.005063001066446304
sweep,2000,0.15,293338.9758957982,ReproAlloc,87,8,23,4,0,19,4,0.17391304347826086,1.0,0.5,4,76,294176.7143263817,1.0028558715323295,837.7384305835003,1,1,424,0,0.017328299582004547
sweep,2000,0.15,293338.9758957982,ReproAlloc-OA,87,8,23,2,0,21,2,0.08695652173913043,1.0,0.25,2,68,295466.48326301575,1.0072527265110973,2127.507367217564,1,2,432,0,0.013091397006064653
sweep,2000,0.15,293338.9758957982,ReproAlloc-Optimistic,87,8,23,5,0,18,5,0.21739130434782608,1.0,0.625,5,83,295287.0754289627,1.0066411206598627,1948.0995331645245,1,0,417,0,0.014443201944231987
sweep,2000,0.2,391118.634527731,Uniform,116,8,23,0,0,23,0,0.0,0.0,0.0,0,99,392388.45402383804,1.0032466351229732,1269.8194961070549,1,0,401,0,0.0024931994266808033
sweep,2000,0.2,391118.634527731,FailRerun,116,8,23,3,0,20,3,0.13043478260869565,1.0,0.375,3,107,392759.42521715164,1.0041951227698518,1640.7906894206535,1,5,393,0,0.003812301903963089
sweep,2000,0.2,391118.634527731,APGAI,116,8,23,6,0,17,6,0.2608695652173913,1.0,0.75,6,108,392711.30097317696,1.0040720801947192,1592.6664454459678,1,0,392,0,0.006159402430057526
sweep,2000,0.2,391118.634527731,ScoreCost,116,8,23,5,0,18,5,0.21739130434782608,1.0,0.625,5,115,395175.7010846138,1.0103729820027154,4057.0665568828117,1,2,385,0,0.005303498357534409
sweep,2000,0.2,391118.634527731,ReproAlloc,116,8,23,3,0,20,3,0.13043478260869565,1.0,0.375,3,90,392117.63095736504,1.0025542031021875,998.9964296340477,1,1,410,0,0.02085480047389865
sweep,2000,0.2,391118.634527731,ReproAlloc-OA,116,8,23,4,0,19,4,0.17391304347826086,1.0,0.5,4,96,391676.6646590233,1.0014267541406359,558.0301312922966,1,2,404,0,0.019699896685779095
sweep,2000,0.2,391118.634527731,ReproAlloc-Optimistic,116,8,23,6,0,17,6,0.2608695652173913,1.0,0.75,6,108,394560.1530370712,1.0087991678368784,3441.5185093402397,1,0,392,0,0.02039250358939171
sweep,2001,0.03,58667.79517915964,Uniform,19,8,23,0,0,23,0,0.0,0.0,0.0,0,18,60277.525472164154,1.0274380567411596,1609.7302930045116,1,0,482,0,0.000494800042361021
sweep,2001,0.03,58667.79517915964,FailRerun,19,8,23,0,0,23,0,0.0,0.0,0.0,0,20,60157.84208202362,1.0253980381964871,1490.0469028639782,1,1,480,0,0.0007481002248823643
sweep,2001,0.03,58667.79517915964,APGAI,19,8,23,0,0,23,0,0.0,0.0,0.0,0,14,62063.23649263382,1.0578757272726065,3395.441313474177,1,0,486,0,0.0007955008186399937
sweep,2001,0.03,58667.79517915964,ScoreCost,19,8,23,0,0,23,0,0.0,0.0,0.0,0,14,60759.21161317825,1.0356484580276426,2091.4164340186107,1,0,486,0,0.0014938004314899445
sweep,2001,0.03,58667.79517915964,ReproAlloc,19,8,23,1,0,22,1,0.043478260869565216,1.0,0.125,1,18,58996.768567323685,1.005607393070754,328.97338816404226,1,0,482,0,0.002020000945776701
sweep,2001,0.03,58667.79517915964,ReproAlloc-OA,19,8,23,1,0,22,1,0.043478260869565216,1.0,0.125,1,17,58680.61415696144,1.0002185011003508,12.81897780179861,1,0,483,0,0.002189799677580595
sweep,2001,0.03,58667.79517915964,ReproAlloc-Optimistic,19,8,23,1,0,22,1,0.043478260869565216,1.0,0.125,1,19,61653.310549497604,1.0508884876484756,2985.515370337962,1,0,481,0,0.002897899132221937
sweep,2001,0.05,97779.65863193275,Uniform,30,8,23,0,0,23,0,0.0,0.0,0.0,0,29,101359.44842600822,1.0366107822850017,3579.7897940754774,1,0,471,0,0.0010515013709664345
sweep,2001,0.05,97779.65863193275,FailRerun,30,8,23,0,0,23,0,0.0,0.0,0.0,0,29,97815.1228711605,1.0003626954698344,35.46423922776012,1,2,471,0,0.0015566996298730373
sweep,2001,0.05,97779.65863193275,APGAI,30,8,23,0,0,23,0,0.0,0.0,0.0,0,26,100275.7322678566,1.025527534774075,2496.073635923851,1,0,474,0,0.002259001135826111
sweep,2001,0.05,97779.65863193275,ScoreCost,30,8,23,0,0,23,0,0.0,0.0,0.0,0,23,101534.02262997627,1.0383961659364744,3754.3639980435255,1,0,477,0,0.0014189002104103565
sweep,2001,0.05,97779.65863193275,ReproAlloc,30,8,23,2,0,21,2,0.08695652173913043,1.0,0.25,2,28,102143.06127524376,1.0446248504480462,4363.402643311012,1,0,472,0,0.0037523009814321995
sweep,2001,0.05,97779.65863193275,ReproAlloc-OA,30,8,23,2,0,21,2,0.08695652173913043,1.0,0.25,2,33,100426.40062046051,1.0270684314668224,2646.741988527763,1,0,467,0,0.0037239030934870243
sweep,2001,0.05,97779.65863193275,ReproAlloc-Optimistic,30,8,23,1,0,22,1,0.043478260869565216,1.0,0.125,1,29,100017.06231927872,1.022882097551272,2237.40368734597,1,0,471,0,0.00419169757515192
sweep,2001,0.06,117335.59035831928,Uniform,36,8,23,0,0,23,0,0.0,0.0,0.0,0,30,119471.19034433365,1.0182007861339657,2135.599986014364,1,0,470,0,0.0007822993211448193
sweep,2001,0.06,117335.59035831928,FailRerun,36,8,23,0,0,23,0,0.0,0.0,0.0,0,39,118431.52716875076,1.00934019087546,1095.936810431478,1,2,461,0,0.0013270028866827488
sweep,2001,0.06,117335.59035831928,APGAI,36,8,23,0,0,23,0,0.0,0.0,0.0,0,34,122534.24501276016,1.0443058635369304,5198.6546544408775,1,0,466,0,0.0017173998057842255
sweep,2001,0.06,117335.59035831928,ScoreCost,36,8,23,3,0,20,3,0.13043478260869565,1.0,0.375,3,34,120366.6359398365,1.0258322779325608,3031.045581517217,1,0,466,0,0.0019091987051069736
sweep,2001,0.06,117335.59035831928,ReproAlloc,36,8,23,1,0,22,1,0.043478260869565216,1.0,0.125,1,31,124165.03550887108,1.0582043788222826,6829.445150551794,1,1,469,0,0.005033498164266348
sweep,2001,0.06,117335.59035831928,ReproAlloc-OA,36,8,23,0,0,23,0,0.0,0.0,0.0,0,19,118432.14368963242,1.0093454452137196,1096.553331313131,1,0,481,0,0.0029540001414716244
sweep,2001,0.06,117335.59035831928,ReproAlloc-Optimistic,36,8,23,1,0,22,1,0.043478260869565216,1.0,0.125,1,30,120228.29274272919,1.0246532392735757,2892.702384409902,1,0,470,0,0.00472299987450242
sweep,2001,0.07,136891.52208470585,Uniform,41,8,23,0,0,23,0,0.0,0.0,0.0,0,38,139975.1845486164,1.0225263216958203,3083.6624639105576,1,0,462,0,0.00101539958268404
sweep,2001,0.07,136891.52208470585,FailRerun,41,8,23,2,0,21,2,0.08695652173913043,1.0,0.25,2,33,140592.31330275536,1.027034480745707,3700.791218049504,1,0,467,0,0.001178298145532608
sweep,2001,0.07,136891.52208470585,APGAI,41,8,23,0,0,23,0,0.0,0.0,0.0,0,38,139778.09880280495,1.0210865996238463,2886.576718099095,1,0,462,0,0.001769299153238535
sweep,2001,0.07,136891.52208470585,ScoreCost,41,8,23,1,0,22,1,0.043478260869565216,1.0,0.125,1,51,137572.27578997612,1.0049729427717886,680.7537052702683,1,1,449,0,0.0023784013465046883
sweep,2001,0.07,136891.52208470585,ReproAlloc,41,8,23,3,0,20,3,0.13043478260869565,1.0,0.375,3,44,138518.69654154778,1.0118865977385734,1627.1744568419235,1,0,456,0,0.007815901655703783
sweep,2001,0.07,136891.52208470585,ReproAlloc-OA,41,8,23,1,0,22,1,0.043478260869565216,1.0,0.125,1,46,138190.21582245827,1.0094870282540127,1298.6937377524155,1,2,454,0,0.010567598976194859
sweep,2001,0.07,136891.52208470585,ReproAlloc-Optimistic,41,8,23,3,0,20,3,0.13043478260869565,1.0,0.375,3,36,138940.05260539055,1.0149646266583048,2048.530520684697,1,0,464,0,0.004963299725204706
sweep,2001,0.08,156447.4538110924,Uniform,47,8,23,0,0,23,0,0.0,0.0,0.0,0,42,159539.7437670231,1.0197656777442001,3092.289955930697,1,0,458,0,0.0012161005288362503
sweep,2001,0.08,156447.4538110924,FailRerun,47,8,23,1,0,22,1,0.043478260869565216,1.0,0.125,1,60,160699.8913140297,1.0271812509526173,4252.437502937304,1,4,440,0,0.00218029972165823
sweep,2001,0.08,156447.4538110924,APGAI,47,8,23,0,0,23,0,0.0,0.0,0.0,0,43,157118.25073099136,1.0042876819248778,670.796919898974,1,0,457,0,0.002100799698382616
sweep,2001,0.08,156447.4538110924,ScoreCost,47,8,23,1,0,22,1,0.043478260869565216,1.0,0.125,1,48,158902.07807946205,1.0156897680887385,2454.624268369662,1,1,452,0,0.0027424991130828857
sweep,2001,0.08,156447.4538110924,ReproAlloc,47,8,23,1,0,22,1,0.043478260869565216,1.0,0.125,1,56,159792.0675611496,1.0213785118810292,3344.6137500572077,1,2,444,0,0.014100699219852686
sweep,2001,0.08,156447.4538110924,ReproAlloc-OA,47,8,23,2,0,21,2,0.08695652173913043,1.0,0.25,2,56,158146.94006228447,1.0108629844065355,1699.48625119208,1,1,444,0,0.010706198401749134
sweep,2001,0.08,156447.4538110924,ReproAlloc-Optimistic,47,8,23,2,0,21,2,0.08695652173913043,1.0,0.25,2,44,159976.49766516685,1.0225573748124768,3529.0438540744653,1,0,456,0,0.007650598883628845
sweep,2001,0.1,195559.3172638655,Uniform,59,8,23,0,0,23,0,0.0,0.0,0.0,0,57,199196.99211978912,1.0186013886058691,3637.6748559236294,1,0,443,0,0.0016405005007982254
sweep,2001,0.1,195559.3172638655,FailRerun,59,8,23,1,0,22,1,0.043478260869565216,1.0,0.125,1,74,196720.4769692421,1.0059376342770203,1161.1597053766018,1,5,426,0,0.0035009030252695084
sweep,2001,0.1,195559.3172638655,APGAI,59,8,23,2,0,21,2,0.08695652173913043,1.0,0.25,2,57,196489.94445729256,1.0047587975170285,930.6271934270626,1,0,443,0,0.004519400652498007
sweep,2001,0.1,195559.3172638655,ScoreCost,59,8,23,3,0,20,3,0.13043478260869565,1.0,0.375,3,69,199556.1789238453,1.020438103977357,3996.861659979797,1,1,431,0,0.0036965995095670223
sweep,2001,0.1,195559.3172638655,ReproAlloc,59,8,23,2,0,21,2,0.08695652173913043,1.0,0.25,2,44,196844.64298033714,1.0065725618930106,1285.3257164716488,1,0,456,0,0.007082099560648203
sweep,2001,0.1,195559.3172638655,ReproAlloc-OA,59,8,23,0,0,23,0,0.0,0.0,0.0,0,44,198005.34116983414,1.0125078361910431,2446.023905968643,1,1,456,0,0.008779999800026417
sweep,2001,0.1,195559.3172638655,ReproAlloc-Optimistic,59,8,23,3,0,20,3,0.13043478260869565,1.0,0.375,3,54,196112.04999542236,1.0028264198264258,552.7327315568691,1,0,446,0,0.011273499112576246
sweep,2001,0.15,293338.9758957982,Uniform,87,8,23,0,0,23,0,0.0,0.0,0.0,0,81,293745.3560965061,1.0013853603990637,406.3802007079357,1,0,419,0,0.002415400929749012
sweep,2001,0.15,293338.9758957982,FailRerun,87,8,23,3,0,20,3,0.13043478260869565,1.0,0.375,3,77,294985.88108849525,1.0056143415230374,1646.9051926970715,1,4,423,0,0.0027824975550174713
sweep,2001,0.15,293338.9758957982,APGAI,87,8,23,5,0,18,5,0.21739130434782608,1.0,0.625,5,87,293908.11326289177,1.0019402037024079,569.1373670935864,1,0,413,0,0.007179198786616325
sweep,2001,0.15,293338.9758957982,ScoreCost,87,8,23,4,0,19,4,0.17391304347826086,1.0,0.5,4,85,293553.8263142109,1.0007324305191856,214.85041841270868,1,0,415,0,0.005540898069739342
sweep,2001,0.15,293338.9758957982,ReproAlloc,87,8,23,3,0,20,3,0.13043478260869565,1.0,0.375,3,64,298689.2315416336,1.0182391570349518,5350.255645835423,1,1,436,0,0.008866701740771532
sweep,2001,0.15,293338.9758957982,ReproAlloc-OA,87,8,23,2,0,21,2,0.08695652173913043,1.0,0.25,2,95,295811.01826930046,1.0084272550756448,2472.0423735022778,1,3,405,0,0.027591295540332794
sweep,2001,0.15,293338.9758957982,ReproAlloc-Optimistic,87,8,23,6,0,17,6,0.2608695652173913,1.0,0.75,6,87,296012.83856487274,1.0091152655759743,2673.8626690745587,1,0,413,0,0.01301890006288886
sweep,2001,0.2,391118.634527731,Uniform,116,8,23,0,0,23,0,0.0,0.0,0.0,0,108,392113.66966962814,1.0025440750045025,995.035141897155,1,0,392,0,0.0029319999739527702
sweep,2001,0.2,391118.634527731,FailRerun,116,8,23,2,0,21,2,0.08695652173913043,1.0,0.25,2,94,391659.532838583,1.0013829520332242,540.8983108520042,1,4,406,0,0.0034750006161630154
sweep,2001,0.2,391118.634527731,APGAI,116,8,23,6,0,17,6,0.2608695652173913,1.0,0.75,6,109,391956.08956074715,1.0021411790671324,837.4550330161583,1,0,391,0,0.006531400140374899
sweep,2001,0.2,391118.634527731,ScoreCost,116,8,23,4,0,19,4,0.17391304347826086,1.0,0.5,4,117,395852.26978063583,1.0121028118709319,4733.635252904845,1,3,383,0,0.005671497900038958
sweep,2001,0.2,391118.634527731,ReproAlloc,116,8,23,3,0,20,3,0.13043478260869565,1.0,0.375,3,80,391987.5141406059,1.0022215244587467,868.8796128749382,1,1,420,0,0.021841998677700758
sweep,2001,0.2,391118.634527731,ReproAlloc-OA,116,8,23,2,0,21,2,0.08695652173913043,1.0,0.25,2,79,391775.9498286247,1.0016806033844117,657.315300893737,1,3,421,0,0.01621010061353445
sweep,2001,0.2,391118.634527731,ReproAlloc-Optimistic,116,8,23,6,0,17,6,0.2608695652173913,1.0,0.75,6,108,391651.40622615814,1.0013621741625032,532.7716984271538,1,0,392,0,0.02373319771140814
sweep,2002,0.03,58667.79517915964,Uniform,19,8,23,0,0,23,0,0.0,0.0,0.0,0,17,60211.4621489048,1.0263119990282763,1543.666969745158,1,0,483,0,0.0004843994975090027
sweep,2002,0.03,58667.79517915964,FailRerun,19,8,23,1,0,22,1,0.043478260869565216,1.0,0.125,1,17,59010.13132095337,1.0058351628989688,342.3361417937267,1,0,483,0,0.000599399209022522
sweep,2002,0.03,58667.79517915964,APGAI,19,8,23,0,0,23,0,0.0,0.0,0.0,0,17,64743.340386390686,1.1035584376177348,6075.545207231044,1,0,483,0,0.0008781002834439278
sweep,2002,0.03,58667.79517915964,ScoreCost,19,8,23,0,0,23,0,0.0,0.0,0.0,0,17,60128.12089896202,1.024891436866561,1460.3257198023784,1,0,483,0,0.00083910021930933
sweep,2002,0.03,58667.79517915964,ReproAlloc,19,8,23,1,0,22,1,0.043478260869565216,1.0,0.125,1,17,60278.732540369034,1.0274586313716054,1610.9373612093914,1,0,483,0,0.002662300132215023
sweep,2002,0.03,58667.79517915964,ReproAlloc-OA,19,8,23,0,0,23,0,0.0,0.0,0.0,0,17,62088.6602563858,1.0583090785460665,3420.865077226161,1,0,483,0,0.0028808005154132843
sweep,2002,0.03,58667.79517915964,ReproAlloc-Optimistic,19,8,23,1,0,22,1,0.043478260869565216,1.0,0.125,1,15,60775.18926525116,1.0359207991310388,2107.3940860915172,1,0,485,0,0.002749798819422722
sweep,2002,0.05,97779.65863193275,Uniform,30,8,23,0,0,23,0,0.0,0.0,0.0,0,26,98036.75337529182,1.0026293274793159,257.09474335907726,1,0,474,0,0.0007999986410140991
sweep,2002,0.05,97779.65863193275,FailRerun,30,8,23,0,0,23,0,0.0,0.0,0.0,0,22,101171.71868872643,1.0346908559945198,3392.060056793678,1,2,478,0,0.0009987009689211845
sweep,2002,0.05,97779.65863193275,APGAI,30,8,23,0,0,23,0,0.0,0.0,0.0,0,26,98858.54181361198,1.0110338202932414,1078.8831816792372,1,0,474,0,0.0017097992822527885
sweep,2002,0.05,97779.65863193275,ScoreCost,30,8,23,0,0,23,0,0.0,0.0,0.0,0,29,98773.5484316349,1.0101645865163367,993.8897997021559,1,0,471,0,0.0015391004271805286
sweep,2002,0.05,97779.65863193275,ReproAlloc,30,8,23,1,0,22,1,0.043478260869565216,1.0,0.125,1,24,98071.77919697762,1.0029875392196292,292.1205650448683,1,0,476,0,0.003367400262504816
sweep,2002,0.05,97779.65863193275,ReproAlloc-OA,30,8,23,2,0,21,2,0.08695652173913043,1.0,0.25,2,33,100739.91226267815,1.0302747388584015,2960.2536307453993,1,0,467,0,0.004728898871690035
sweep,2002,0.05,97779.65863193275,ReproAlloc-Optimistic,30,8,23,0,0,23,0,0.0,0.0,0.0,0,23,100409.1118516922,1.0268916179146972,2629.4532197594526,1,1,477,0,0.003705399576574564
sweep,2002,0.06,117335.59035831928,Uniform,36,8,23,0,0,23,0,0.0,0.0,0.0,0,37,121630.75463104248,1.036605809538322,4295.164272723196,1,0,463,0,0.0009922017343342304
sweep,2002,0.06,117335.59035831928,FailRerun,36,8,23,1,0,22,1,0.043478260869565216,1.0,0.125,1,33,120406.92397618294,1.0261756352738707,3071.3336178636528,1,2,467,0,0.0012440984137356281
sweep,2002,0.06,117335.59035831928,APGAI,36,8,23,0,0,23,0,0.0,0.0,0.0,0,32,118701.56371998787,1.0116415944855024,1365.9733616685844,1,0,468,0,0.001623302698135376
sweep,2002,0.06,117335.59035831928,ScoreCost,36,8,23,0,0,23,0,0.0,0.0,0.0,0,32,118951.98062443733,1.0137757884132335,1616.3902661180473,1,1,468,0,0.0015412000939249992
sweep,2002,0.06,117335.59035831928,ReproAlloc,36,8,23,0,0,23,0,0.0,0.0,0.0,0,35,118590.82639145851,1.010697828589825,1255.2360331392265,1,0,465,0,0.006814900785684586
sweep,2002,0.06,117335.59035831928,ReproAlloc-OA,36,8,23,2,0,21,2,0.08695652173913043,1.0,0.25,2,33,119242.99506950378,1.0162559774520217,1907.4047111844993,1,0,467,0,0.00538740074262023
sweep,2002,0.06,117335.59035831928,ReproAlloc-Optimistic,36,8,23,2,0,21,2,0.08695652173913043,1.0,0.25,2,34,120460.26543474197,1.0266302412326946,3124.675076422689,1,0,466,0,0.005447298754006624
sweep,2002,0.07,136891.52208470585,Uniform,41,8,23,0,0,23,0,0.0,0.0,0.0,0,38,139541.56955480576,1.019358740627196,2650.047470099904,1,0,462,0,0.0012160013429820538
sweep,2002,0.07,136891.52208470585,FailRerun,41,8,23,0,0,23,0,0.0,0.0,0.0,0,44,142382.69356632233,1.0401133057620517,5491.171481616475,1,2,456,0,0.001579001545906067
sweep,2002,0.07,136891.52208470585,APGAI,41,8,23,0,0,23,0,0.0,0.0,0.0,0,38,137093.6747393608,1.0014767361161334,202.1526546549576,1,0,462,0,0.0018842988647520542
sweep,2002,0.07,136891.52208470585,ScoreCost,41,8,23,1,0,22,1,0.043478260869565216,1.0,0.125,1,37,138570.6999309063,1.012266485320847,1679.177846200444,1,1,463,0,0.001808898989111185
sweep,2002,0.07,136891.52208470585,ReproAlloc,41,8,23,1,0,22,1,0.043478260869565216,1.0,0.125,1,46,138237.5393435955,1.0098327291448828,1346.017258889653,1,0,454,0,0.008897799532860518
sweep,2002,0.07,136891.52208470585,ReproAlloc-OA,41,8,23,2,0,21,2,0.08695652173913043,1.0,0.25,2,36,137320.9459195137,1.003136964424591,429.42383480785065,1,0,464,0,0.007239198312163353
sweep,2002,0.07,136891.52208470585,ReproAlloc-Optimistic,41,8,23,1,0,22,1,0.043478260869565216,1.0,0.125,1,33,140252.00735020638,1.0245485272887909,3360.4852655005234,1,0,467,0,0.005503698717802763
sweep,2002,0.08,156447.4538110924,Uniform,47,8,23,0,0,23,0,0.0,0.0,0.0,0,45,160402.9877679348,1.0252834664961608,3955.5339568424097,1,0,455,0,0.0013528987765312195
sweep,2002,0.08,156447.4538110924,FailRerun,47,8,23,1,0,22,1,0.043478260869565216,1.0,0.125,1,34,156713.39612555504,1.0016998826633752,265.94231446264894,1,1,466,0,0.0016303020529448986
sweep,2002,0.08,156447.4538110924,APGAI,47,8,23,1,0,22,1,0.043478260869565216,1.0,0.125,1,45,159339.2989923954,1.0184844502793562,2891.8451813030115,1,0,455,0,0.002504199743270874
sweep,2002,0.08,156447.4538110924,ScoreCost,47,8,23,1,0,22,1,0.043478260869565216,1.0,0.125,1,48,158798.76374983788,1.015029390900696,2351.309938745486,1,1,452,0,0.003666901495307684
sweep,2002,0.08,156447.4538110924,ReproAlloc,47,8,23,2,0,21,2,0.08695652173913043,1.0,0.25,2,39,156534.4567103386,1.0005561157892109,87.00289924620301,1,0,461,0,0.010048298630863428
sweep,2002,0.08,156447.4538110924,ReproAlloc-OA,47,8,23,1,0,22,1,0.043478260869565216,1.0,0.125,1,36,157819.5645058155,1.008770425221365,1372.1106947231165,1,1,464,0,0.006182599347084761
sweep,2002,0.08,156447.4538110924,ReproAlloc-Optimistic,47,8,23,2,0,21,2,0.08695652173913043,1.0,0.25,2,43,157896.50000572205,1.0092621909742254,1449.0461946296564,1,1,457,0,0.008173000067472458
sweep,2002,0.1,195559.3172638655,Uniform,59,8,23,0,0,23,0,0.0,0.0,0.0,0,48,196265.23117303848,1.0036097175989855,705.9139091729885,1,0,452,0,0.0013227006420493126
sweep,2002,0.1,195559.3172638655,FailRerun,59,8,23,2,0,21,2,0.08695652173913043,1.0,0.25,2,46,196089.74447250366,1.0027123596873806,530.4272086381679,1,1,454,0,0.0016969004645943642
sweep,2002,0.1,195559.3172638655,APGAI,59,8,23,2,0,21,2,0.08695652173913043,1.0,0.25,2,56,198494.69853830338,1.0150101836900831,2935.381274437881,1,0,444,0,0.003042099066078663
sweep,2002,0.1,195559.3172638655,ScoreCost,59,8,23,1,0,22,1,0.043478260869565216,1.0,0.125,1,51,197071.4570748806,1.007732384384298,1512.1398110151058,1,2,449,0,0.002724100835621357
sweep,2002,0.1,195559.3172638655,ReproAlloc,59,8,23,2,0,21,2,0.08695652173913043,1.0,0.25,2,50,195809.02797532082,1.0012769052119281,249.71071145532187,1,1,450,0,0.009131301194429398
sweep,2002,0.1,195559.3172638655,ReproAlloc-OA,59,8,23,2,0,21,2,0.08695652173913043,1.0,0.25,2,46,196353.39232349396,1.004060532991926,794.0750596284634,1,1,454,0,0.009935201611369848
sweep,2002,0.1,195559.3172638655,ReproAlloc-Optimistic,59,8,23,2,0,21,2,0.08695652173913043,1.0,0.25,2,50,199376.84856939316,1.0195210913953883,3817.531305527664,1,1,450,0,0.011048299726098776
sweep,2002,0.15,293338.9758957982,Uniform,87,8,23,0,0,23,0,0.0,0.0,0.0,0,80,294615.4423582554,1.0043515065073065,1276.4664624572033,1,0,420,0,0.0024341014213860035
sweep,2002,0.15,293338.9758957982,FailRerun,87,8,23,2,0,21,2,0.08695652173913043,1.0,0.25,2,101,297995.9710485935,1.0158758144517748,4656.995152795338,1,6,399,0,0.003609100356698036
sweep,2002,0.15,293338.9758957982,APGAI,87,8,23,3,0,20,3,0.13043478260869565,1.0,0.375,3,77,293924.24903821945,1.0019952109692685,585.2731424212689,1,1,423,0,0.004441396798938513
sweep,2002,0.15,293338.9758957982,ScoreCost,87,8,23,4,0,19,4,0.17391304347826086,1.0,0.5,4,82,295513.5804667473,1.0074132820717339,2174.604570949101,1,1,418,0,0.004044998437166214
sweep,2002,0.15,293338.9758957982,ReproAlloc,87,8,23,3,0,20,3,0.13043478260869565,1.0,0.375,3,73,296763.4884381294,1.0116742500101579,3424.512542331242,1,1,427,0,0.014352299273014069
sweep,2002,0.15,293338.9758957982,ReproAlloc-OA,87,8,23,5,0,18,5,0.21739130434782608,1.0,0.625,5,78,294416.6161465645,1.0036737029147778,1077.6402507663006,1,0,422,0,0.015585198067128658
sweep,2002,0.15,293338.9758957982,ReproAlloc-Optimistic,87,8,23,5,0,18,5,0.21739130434782608,1.0,0.625,5,79,293462.93763303757,1.0004225887025782,123.96173723938409,1,1,421,0,0.013513897079974413
sweep,2002,0.2,391118.634527731,Uniform,116,8,23,0,0,23,0,0.0,0.0,0.0,0,108,391141.84501481056,1.000059343853835,23.210487079573795,1,0,392,0,0.003063300158828497
sweep,2002,0.2,391118.634527731,FailRerun,116,8,23,1,0,22,1,0.043478260869565216,1.0,0.125,1,68,391186.4379928112,1.0001733577975953,67.80346508021466,1,3,432,0,0.002404002007097006
sweep,2002,0.2,391118.634527731,APGAI,116,8,23,4,0,19,4,0.17391304347826086,1.0,0.5,4,103,394232.8177816868,1.0079622472033738,3114.1832539557945,1,2,397,0,0.006759901065379381
sweep,2002,0.2,391118.634527731,ScoreCost,116,8,23,5,0,18,5,0.21739130434782608,1.0,0.625,5,117,392150.96195340157,1.0026394227595856,1032.3274256705772,1,2,383,0,0.006162299308925867
sweep,2002,0.2,391118.634527731,ReproAlloc,116,8,23,2,0,21,2,0.08695652173913043,1.0,0.25,2,90,395425.75045132637,1.011012300471943,4307.115923595382,1,2,410,0,0.017908900044858456
sweep,2002,0.2,391118.634527731,ReproAlloc-OA,116,8,23,3,0,20,3,0.13043478260869565,1.0,0.375,3,93,392948.1966817379,1.0046777677985506,1829.5621540069114,1,2,407,0,0.018136397935450077
sweep,2002,0.2,391118.634527731,ReproAlloc-Optimistic,116,8,23,5,0,18,5,0.21739130434782608,1.0,0.625,5,103,392846.14533400536,1.0044168460762815,1727.5108062743675,1,1,397,0,0.018755797762423754
sweep,2003,0.03,58667.79517915964,Uniform,19,8,23,0,0,23,0,0.0,0.0,0.0,0,19,63134.54539394379,1.0761363231930496,4466.750214784144,1,0,481,0,0.0009388993494212627
sweep,2003,0.03,58667.79517915964,FailRerun,19,8,23,0,0,23,0,0.0,0.0,0.0,0,22,64142.320690870285,1.0933139807792767,5474.525511710643,1,2,478,0,0.002423700410872698
sweep,2003,0.03,58667.79517915964,APGAI,19,8,23,0,0,23,0,0.0,0.0,0.0,0,18,63646.953263282776,1.0848703802302062,4979.158084123133,1,0,482,0,0.001257600262761116
sweep,2003,0.03,58667.79517915964,ScoreCost,19,8,23,0,0,23,0,0.0,0.0,0.0,0,16,62615.47661423683,1.0672887300949654,3947.6814350771892,1,0,484,0,0.0007538995705544949
sweep,2003,0.03,58667.79517915964,ReproAlloc,19,8,23,0,0,23,0,0.0,0.0,0.0,0,21,63771.53371548653,1.0869938698180337,5103.738536326884,1,1,479,0,0.0031619002111256123
sweep,2003,0.03,58667.79517915964,ReproAlloc-OA,19,8,23,1,0,22,1,0.043478260869565216,1.0,0.125,1,19,59580.63444519043,1.0155594609145129,912.8392660307873,1,0,481,0,0.0027189007960259914
sweep,2003,0.03,58667.79517915964,ReproAlloc-Optimistic,19,8,23,0,0,23,0,0.0,0.0,0.0,0,15,62232.96451020241,1.0607687628307056,3565.1693310427654,1,0,485,0,0.0026464001275599003
sweep,2003,0.05,97779.65863193275,Uniform,30,8,23,0,0,23,0,0.0,0.0,0.0,0,25,101157.0854935646,1.0345412011954893,3377.4268616318586,1,0,475,0,0.0006675985641777515
sweep,2003,0.05,97779.65863193275,FailRerun,30,8,23,2,0,21,2,0.08695652173913043,1.0,0.25,2,21,102703.20818471909,1.050353515461941,4923.549552786339,1,0,479,0,0.0008043996058404446
sweep,2003,0.05,97779.65863193275,APGAI,30,8,23,0,0,23,0,0.0,0.0,0.0,0,27,99238.18360066414,1.014916445701878,1458.5249687313917,1,0,473,0,0.0014479001984000206
sweep,2003,0.05,97779.65863193275,ScoreCost,30,8,23,2,0,21,2,0.08695652173913043,1.0,0.25,2,31,98004.11837291718,1.002295566829798,224.4597409844282,1,0,469,0,0.0018509002402424812
sweep,2003,0.05,97779.65863193275,ReproAlloc,30,8,23,0,0,23,0,0.0,0.0,0.0,0,32,100876.37402820587,1.031670343705432,3096.7153962731245,1,2,468,0,0.005875502247363329
sweep,2003,0.05,97779.65863193275,ReproAlloc-OA,30,8,23,2,0,21,2,0.08695652173913043,1.0,0.25,2,29,99368.1878619194,1.0162460091619494,1588.529229986656,1,0,471,0,0.005446099676191807
sweep,2003,0.05,97779.65863193275,ReproAlloc-Optimistic,30,8,23,1,0,22,1,0.043478260869565216,1.0,0.125,1,31,99053.56223392487,1.013028308953168,1273.9036019921186,1,0,469,0,0.004987500607967377
sweep,2003,0.06,117335.59035831928,Uniform,36,8,23,0,0,23,0,0.0,0.0,0.0,0,31,119904.15397930145,1.0218907461337032,2568.563620982168,1,0,469,0,0.000989400316029787
sweep,2003,0.06,117335.59035831928,FailRerun,36,8,23,2,0,21,2,0.08695652173913043,1.0,0.25,2,36,118265.63149952888,1.007926334527908,930.0411412096,1,0,464,0,0.0021932977251708508
sweep,2003,0.06,117335.59035831928,APGAI,36,8,23,0,0,23,0,0.0,0.0,0.0,0,31,117451.41982841492,1.0009871639946748,115.82947009563213,1,0,469,0,0.001451800111681223
sweep,2003,0.06,117335.59035831928,ScoreCost,36,8,23,1,0,22,1,0.043478260869565216,1.0,0.125,1,36,118347.15882730484,1.0086211563422183,1011.5684689855552,1,1,464,0,0.00203910144045949
sweep,2003,0.06,117335.59035831928,ReproAlloc,36,8,23,1,0,22,1,0.043478260869565216,1.0,0.125,1,31,118853.15126395226,1.0129335089293763,1517.5609056329704,1,0,469,0,0.007408299017697573
sweep,2003,0.06,117335.59035831928,ReproAlloc-OA,36,8,23,2,0,21,2,0.08695652173913043,1.0,0.25,2,38,119954.87957143784,1.0223230582052707,2619.289213118551,1,1,462,0,0.005941601004451513
sweep,2003,0.06,117335.59035831928,ReproAlloc-Optimistic,36,8,23,3,0,20,3,0.13043478260869565,1.0,0.375,3,35,118397.18776082993,1.0090475310966496,1061.5974025106407,1,0,465,0,0.005719899199903011
sweep,2003,0.07,136891.52208470585,Uniform,41,8,23,0,0,23,0,0.0,0.0,0.0,0,35,139326.57146310806,1.0177881678961496,2435.049378402211,1,0,465,0,0.0009374003857374191
sweep,2003,0.07,136891.52208470585,FailRerun,41,8,23,1,0,22,1,0.043478260869565216,1.0,0.125,1,29,137731.783503294,1.0061381552764692,840.2614185881393,1,0,471,0,0.001113999169319868
sweep,2003,0.07,136891.52208470585,APGAI,41,8,23,0,0,23,0,0.0,0.0,0.0,0,38,139015.91688132286,1.0155188193122908,2124.394796617009,1,0,462,0,0.0018992000259459019
sweep,2003,0.07,136891.52208470585,ScoreCost,41,8,23,3,0,20,3,0.13043478260869565,1.0,0.375,3,45,137703.76986646652,1.0059335141387211,812.2477817606705,1,0,455,0,0.002055597957223654
sweep,2003,0.07,136891.52208470585,ReproAlloc,41,8,23,1,0,22,1,0.043478260869565216,1.0,0.125,1,37,142879.80859708786,1.0437447580477377,5988.286512382008,1,2,463,0,0.0069825006648898125
sweep,2003,0.07,136891.52208470585,ReproAlloc-OA,41,8,23,1,0,22,1,0.043478260869565216,1.0,0.125,1,37,140332.16568803787,1.0251340882980542,3440.6436033320206,1,0,463,0,0.006834200583398342
sweep,2003,0.07,136891.52208470585,ReproAlloc-Optimistic,41,8,23,3,0,20,3,0.13043478260869565,1.0,0.375,3,44,138309.73137807846,1.0103600958757333,1418.209293372609,1,0,456,0,0.007002100348472595
sweep,2003,0.08,156447.4538110924,Uniform,47,8,23,0,0,23,0,0.0,0.0,0.0,0,37,157638.030118227,1.0076100714849103,1190.5763071346155,1,0,463,0,0.0009838994592428207
sweep,2003,0.08,156447.4538110924,FailRerun,47,8,23,1,0,22,1,0.043478260869565216,1.0,0.125,1,35,157692.36134004593,1.0079573524440784,1244.9075289535394,1,1,465,0,0.0012758001685142517
sweep,2003,0.08,156447.4538110924,APGAI,47,8,23,0,0,23,0,0.0,0.0,0.0,0,45,157759.38062167168,1.0083857344982003,1311.9268105792871,1,1,455,0,0.002276600804179907
sweep,2003,0.08,156447.4538110924,ScoreCost,47,8,23,2,0,21,2,0.08695652173913043,1.0,0.25,2,40,156982.69926595688,1.0034212474656876,535.2454548644891,1,0,460,0,0.002395099028944969
sweep,2003,0.08,156447.4538110924,ReproAlloc,47,8,23,2,0,21,2,0.08695652173913043,1.0,0.25,2,34,156618.69945693016,1.0010945888965668,171.245645837771,1,0,466,0,0.004514098633080721
sweep,2003,0.08,156447.4538110924,ReproAlloc-OA,47,8,23,1,0,22,1,0.043478260869565216,1.0,0.125,1,37,160531.37083387375,1.0261040811038868,4083.9170227813593,1,0,463,0,0.00539849977940321
sweep,2003,0.08,156447.4538110924,ReproAlloc-Optimistic,47,8,23,3,0,20,3,0.13043478260869565,1.0,0.375,3,45,158316.03360033035,1.011943817196886,1868.5797892379633,1,0,455,0,0.011206896975636482
sweep,2003,0.1,195559.3172638655,Uniform,59,8,23,0,0,23,0,0.0,0.0,0.0,0,55,197832.65535473824,1.0116248007135622,2273.3380908727413,1,0,445,0,0.0015079975128173828
sweep,2003,0.1,195559.3172638655,FailRerun,59,8,23,1,0,22,1,0.043478260869565216,1.0,0.125,1,43,196205.81910347939,1.0033059117236618,646.5018396138912,1,2,457,0,0.0017301011830568314
sweep,2003,0.1,195559.3172638655,APGAI,59,8,23,1,0,22,1,0.043478260869565216,1.0,0.125,1,59,196556.18719005585,1.0050975322482094,996.869926190353,1,1,441,0,0.0036037988029420376
sweep,2003,0.1,195559.3172638655,ScoreCost,59,8,23,2,0,21,2,0.08695652173913043,1.0,0.25,2,46,199192.10928606987,1.0185764200501002,3632.792022204376,1,0,454,0,0.0024710004217922688
sweep,2003,0.1,195559.3172638655,ReproAlloc,59,8,23,2,0,21,2,0.08695652173913043,1.0,0.25,2,51,199340.23273801804,1.0193338549502655,3780.9154741525417,1,1,449,0,0.010141599923372269
sweep,2003,0.1,195559.3172638655,ReproAlloc-OA,59,8,23,1,0,22,1,0.043478260869565216,1.0,0.125,1,51,198255.66187429428,1.0137878606253807,2696.344610428787,1,1,449,0,0.013534198515117168
sweep,2003,0.1,195559.3172638655,ReproAlloc-Optimistic,59,8,23,3,0,20,3,0.13043478260869565,1.0,0.375,3,56,195637.4840478897,1.0003997088204124,78.1667840242153,1,0,444,0,0.011055400595068932
sweep,2003,0.15,293338.9758957982,Uniform,87,8,23,0,0,23,0,0.0,0.0,0.0,0,78,294683.86413502693,1.004584758077653,1344.8882392287487,1,0,422,0,0.00239010201767087
sweep,2003,0.15,293338.9758957982,FailRerun,87,8,23,2,0,21,2,0.08695652173913043,1.0,0.25,2,82,296125.68717193604,1.0094999693362527,2786.711276137852,1,4,418,0,0.0030437977984547615
sweep,2003,0.15,293338.9758957982,APGAI,87,8,23,5,0,18,5,0.21739130434782608,1.0,0.625,5,88,293841.2931678295,1.0017124123055838,502.3172720313305,1,1,412,0,0.007060897070914507
sweep,2003,0.15,293338.9758957982,ScoreCost,87,8,23,4,0,19,4,0.17391304347826086,1.0,0.5,4,82,294246.0808506012,1.0030923437706596,907.1049548030132,1,1,418,0,0.0050770980305969715
sweep,2003,0.15,293338.9758957982,ReproAlloc,87,8,23,4,0,19,4,0.17391304347826086,1.0,0.5,4,80,297274.6382751465,1.013416772753534,3935.6623793483013,1,1,420,0,0.019145100843161345
sweep,2003,0.15,293338.9758957982,ReproAlloc-OA,87,8,23,4,0,19,4,0.17391304347826086,1.0,0.5,4,77,296332.82583642006,1.010206110290933,2993.849940621876,1,0,423,0,0.014432703610509634
sweep,2003,0.15,293338.9758957982,ReproAlloc-Optimistic,87,8,23,5,0,18,5,0.21739130434782608,1.0,0.625,5,84,294074.5845720768,1.002507708612646,735.6086762786144,1,0,416,0,0.016593795269727707
sweep,2003,0.2,391118.634527731,Uniform,116,8,23,0,0,23,0,0.0,0.0,0.0,0,99,391501.0648379326,1.0009777859617028,382.43031020159833,1,0,401,0,0.004642101936042309
sweep,2003,0.2,391118.634527731,FailRerun,116,8,23,1,0,22,1,0.043478260869565216,1.0,0.125,1,117,392446.58190083504,1.0033952546769027,1327.947373104049,1,8,383,0,0.005053096916526556
sweep,2003,0.2,391118.634527731,APGAI,116,8,23,6,0,17,6,0.2608695652173913,1.0,0.75,6,109,394744.8297998905,1.0092713436590361,3626.19527215953,1,1,391,0,0.006965994834899902
sweep,2003,0.2,391118.634527731,ScoreCost,116,8,23,5,0,18,5,0.21739130434782608,1.0,0.625,5,112,392815.67655968666,1.004338944458642,1697.0420319556724,1,2,388,0,0.005873001180589199
sweep,2003,0.2,391118.634527731,ReproAlloc,116,8,23,5,0,18,5,0.21739130434782608,1.0,0.625,5,104,391694.241499424,1.0014716940612867,575.6069716929924,1,1,396,0,0.022997801657766104
sweep,2003,0.2,391118.634527731,ReproAlloc-OA,116,8,23,4,0,19,4,0.17391304347826086,1.0,0.5,4,108,391725.7699699402,1.0015523050773132,607.1354422091972,1,1,392,0,0.02249569958075881
sweep,2003,0.2,391118.634527731,ReproAlloc-Optimistic,116,8,23,6,0,17,6,0.2608695652173913,1.0,0.75,6,110,392279.75352597237,1.0029687130597686,1161.118998241378,1,0,390,0,0.017528001684695482
sweep,2004,0.03,58667.79517915964,Uniform,19,8,23,0,0,23,0,0.0,0.0,0.0,0,17,58807.78696966171,1.0023861778012035,139.99179050207022,1,0,483,0,0.00046850088983774185
sweep,2004,0.03,58667.79517915964,FailRerun,19,8,23,1,0,22,1,0.043478260869565216,1.0,0.125,1,13,63871.718261003494,1.0887015280862715,5203.923081843852,1,0,487,0,0.0005167992785573006
sweep,2004,0.03,58667.79517915964,APGAI,19,8,23,0,0,23,0,0.0,0.0,0.0,0,16,61647.034833192825,1.0507815172691455,2979.239654033183,1,0,484,0,0.0008270996622741222
sweep,2004,0.03,58667.79517915964,ScoreCost,19,8,23,0,0,23,0,0.0,0.0,0.0,0,19,60837.81887412071,1.0369883287472157,2170.02369496107,1,0,481,0,0.0008713980205357075
sweep,2004,0.03,58667.79517915964,ReproAlloc,19,8,23,1,0,22,1,0.043478260869565216,1.0,0.125,1,13,60409.44924616814,1.0296867141792159,1741.6540670084942,1,0,487,0,0.0017737988382577896
sweep,2004,0.03,58667.79517915964,ReproAlloc-OA,19,8,23,1,0,22,1,0.043478260869565216,1.0,0.125,1,17,62937.93397188187,1.0727850566001684,4270.138792722224,1,0,483,0,0.0018913005478680134
sweep,2004,0.03,58667.79517915964,ReproAlloc-Optimistic,19,8,23,0,0,23,0,0.0,0.0,0.0,0,16,60895.826671123505,1.0379770789947007,2228.031491963862,1,0,484,0,0.0027402001433074474
sweep,2004,0.05,97779.65863193275,Uniform,30,8,23,0,0,23,0,0.0,0.0,0.0,0,26,98818.81648254395,1.010627546313317,1039.1578506111982,1,0,474,0,0.0006613004952669144
sweep,2004,0.05,97779.65863193275,FailRerun,30,8,23,1,0,22,1,0.043478260869565216,1.0,0.125,1,27,98013.64334774017,1.0023929794712028,233.98471580742626,1,1,473,0,0.0009208982810378075
sweep,2004,0.05,97779.65863193275,APGAI,30,8,23,0,0,23,0,0.0,0.0,0.0,0,26,98258.63283133507,1.004898505538921,478.97419940232066,1,0,474,0,0.0012474022805690765
sweep,2004,0.05,97779.65863193275,ScoreCost,30,8,23,1,0,22,1,0.043478260869565216,1.0,0.125,1,33,98634.13080048561,1.008738751806951,854.4721685528639,1,0,467,0,0.0017142994329333305
sweep,2004,0.05,97779.65863193275,ReproAlloc,30,8,23,1,0,22,1,0.043478260869565216,1.0,0.125,1,33,99797.3209848404,1.020634786223816,2017.662352907646,1,0,467,0,0.005332599859684706
sweep,2004,0.05,97779.65863193275,ReproAlloc-OA,30,8,23,1,0,22,1,0.043478260869565216,1.0,0.125,1,26,101772.82061648369,1.0408383710929305,3993.1619845509413,1,0,474,0,0.004942699801176786
sweep,2004,0.05,97779.65863193275,ReproAlloc-Optimistic,30,8,23,2,0,21,2,0.08695652173913043,1.0,0.25,2,27,98360.59950757027,1.0059413264861594,580.9408756375196,1,0,473,0,0.005046698730438948
sweep,2004,0.06,117335.59035831928,Uniform,36,8,23,0,0,23,0,0.0,0.0,0.0,0,32,119979.5572707653,1.0225333754606925,2643.9669124460197,1,0,468,0,0.0009194002486765385
sweep,2004,0.06,117335.59035831928,FailRerun,36,8,23,1,0,22,1,0.043478260869565216,1.0,0.125,1,49,120268.88762664795,1.024999211742754,2933.2972683286644,1,2,451,0,0.0021223989315330982
sweep,2004,0.06,117335.59035831928,APGAI,36,8,23,0,0,23,0,0.0,0.0,0.0,0,29,120200.1873497963,1.0244137092823167,2864.5969914770103,1,0,471,0,0.0013320008292794228
sweep,2004,0.06,117335.59035831928,ScoreCost,36,8,23,1,0,22,1,0.043478260869565216,1.0,0.125,1,33,120642.27175045013,1.0281814015852557,3306.6813921308494,1,0,467,0,0.001919199712574482
sweep,2004,0.06,117335.59035831928,ReproAlloc,36,8,23,1,0,22,1,0.043478260869565216,1.0,0.125,1,36,119746.22114229202,1.0205447535279888,2410.630783972738,1,0,464,0,0.006623199675232172
sweep,2004,0.06,117335.59035831928,ReproAlloc-OA,36,8,23,3,0,20,3,0.13043478260869565,1.0,0.375,3,39,117372.5670337677,1.000315136058339,36.976675448415335,1,0,461,0,0.005099500063806772
sweep,2004,0.06,117335.59035831928,ReproAlloc-Optimistic,36,8,23,1,0,22,1,0.043478260869565216,1.0,0.125,1,31,120968.70009303093,1.030963407808465,3633.1097347116447,1,0,469,0,0.005083599593490362
sweep,2004,0.07,136891.52208470585,Uniform,41,8,23,0,0,23,0,0.0,0.0,0.0,0,36,137087.31315493584,1.0014302643965696,195.79107022998505,1,0,464,0,0.0009471005760133266
sweep,2004,0.07,136891.52208470585,FailRerun,41,8,23,2,0,21,2,0.08695652173913043,1.0,0.25,2,40,138369.90282034874,1.010799651527931,1478.3807356428879,1,1,460,0,0.0013395994901657104
sweep,2004,0.07,136891.52208470585,APGAI,41,8,23,0,0,23,0,0.0,0.0,0.0,0,36,141648.98493242264,1.0347535243619612,4757.462847716786,1,0,464,0,0.0016857003793120384
sweep,2004,0.07,136891.52208470585,ScoreCost,41,8,23,2,0,21,2,0.08695652173913043,1.0,0.25,2,37,138230.8769879341,1.0097840602751096,1339.3549032282608,1,0,463,0,0.0020570983178913593
sweep,2004,0.07,136891.52208470585,ReproAlloc,41,8,23,0,0,23,0,0.0,0.0,0.0,0,24,137686.59756803513,1.0058080695664797,795.075483329274,1,0,476,0,0.004963697865605354
sweep,2004,0.07,136891.52208470585,ReproAlloc-OA,41,8,23,2,0,21,2,0.08695652173913043,1.0,0.25,2,46,139094.7171845436,1.0160944598050015,2203.195099837758,1,1,454,0,0.007371402811259031
sweep,2004,0.07,136891.52208470585,ReproAlloc-Optimistic,41,8,23,2,0,21,2,0.08695652173913043,1.0,0.25,2,41,137719.15831017494,1.0060459275553746,827.6362254690903,1,0,459,0,0.00801009964197874
sweep,2004,0.08,156447.4538110924,Uniform,47,8,23,0,0,23,0,0.0,0.0,0.0,0,39,159086.22187137604,1.0168668009354114,2638.768060283648,1,0,461,0,0.0015270994044840336
sweep,2004,0.08,156447.4538110924,FailRerun,47,8,23,0,0,23,0,0.0,0.0,0.0,0,73,158368.39613509178,1.012278514460957,1920.942323999392,1,5,427,0,0.0029750969260931015
sweep,2004,0.08,156447.4538110924,APGAI,47,8,23,0,0,23,0,0.0,0.0,0.0,0,42,157949.7960767746,1.0096028553299197,1502.3422656822077,1,0,458,0,0.002477601170539856
sweep,2004,0.08,156447.4538110924,ScoreCost,47,8,23,3,0,20,3,0.13043478260869565,1.0,0.375,3,52,158219.72951483727,1.0113282489460318,1772.2757037448755,1,0,448,0,0.0025975005701184273
sweep,2004,0.08,156447.4538110924,ReproAlloc,47,8,23,2,0,21,2,0.08695652173913043,1.0,0.25,2,48,156892.52321219444,1.00284484911873,445.06940110205323,1,1,452,0,0.008861300069838762
sweep,2004,0.08,156447.4538110924,ReproAlloc-OA,47,8,23,2,0,21,2,0.08695652173913043,1.0,0.25,2,44,160316.58374333382,1.0247311786672688,3869.129932241427,1,0,456,0,0.010909999255090952
sweep,2004,0.08,156447.4538110924,ReproAlloc-Optimistic,47,8,23,4,0,19,4,0.17391304347826086,1.0,0.5,4,45,159118.31845474243,1.0170719598087872,2670.864643650042,1,0,455,0,0.008524500299245119
sweep,2004,0.1,195559.3172638655,Uniform,59,8,23,0,0,23,0,0.0,0.0,0.0,0,53,199944.72378230095,1.0224249428756098,4385.406518435455,1,0,447,0,0.0026796977035701275
sweep,2004,0.1,195559.3172638655,FailRerun,59,8,23,0,0,23,0,0.0,0.0,0.0,0,52,195571.15199398994,1.0000605173422061,11.834730124450289,1,2,448,0,0.0017795977182686329
sweep,2004,0.1,195559.3172638655,APGAI,59,8,23,1,0,22,1,0.043478260869565216,1.0,0.125,1,56,196318.1697051525,1.0038804207945926,758.8524412870174,1,0,444,0,0.0031485985964536667
sweep,2004,0.1,195559.3172638655,ScoreCost,59,8,23,4,0,19,4,0.17391304347826086,1.0,0.5,4,57,196588.43118453026,1.0052624131392123,1029.113920664764,1,0,443,0,0.002676499541848898
sweep,2004,0.1,195559.3172638655,ReproAlloc,59,8,23,2,0,21,2,0.08695652173913043,1.0,0.25,2,51,197249.9134669304,1.0086449279263119,1690.5962030648952,1,0,449,0,0.008931698277592659
sweep,2004,0.1,195559.3172638655,ReproAlloc-OA,59,8,23,3,0,20,3,0.13043478260869565,1.0,0.375,3,59,198198.22928214073,1.0134941768829893,2638.9120182752376,1,1,441,0,0.013127301819622517
sweep,2004,0.1,195559.3172638655,ReproAlloc-Optimistic,59,8,23,4,0,19,4,0.17391304347826086,1.0,0.5,4,57,196090.12256097794,1.0027142930571609,530.8052971124416,1,0,443,0,0.013350199908018112
sweep,2004,0.15,293338.9758957982,Uniform,87,8,23,0,0,23,0,0.0,0.0,0.0,0,76,294644.4954447746,1.004450549215254,1305.5195489764446,1,0,424,0,0.003667397890239954
sweep,2004,0.15,293338.9758957982,FailRerun,87,8,23,1,0,22,1,0.043478260869565216,1.0,0.125,1,69,294502.733782053,1.0039672801157804,1163.7578862548107,1,4,431,0,0.0032258005812764168
sweep,2004,0.15,293338.9758957982,APGAI,87,8,23,5,0,18,5,0.21739130434782608,1.0,0.625,5,86,294388.44482946396,1.0035776661811167,1049.4689336657757,1,0,414,0,0.006974498741328716
sweep,2004,0.15,293338.9758957982,ScoreCost,87,8,23,5,0,18,5,0.21739130434782608,1.0,0.625,5,100,295733.80410790443,1.0081640300433754,2394.828212106251,1,1,400,0,0.00590870063751936
sweep,2004,0.15,293338.9758957982,ReproAlloc,87,8,23,4,0,19,4,0.17391304347826086,1.0,0.5,4,82,296247.41575050354,1.0099149451443457,2908.439854705357,1,1,418,0,0.015085498802363873
sweep,2004,0.15,293338.9758957982,ReproAlloc-OA,87,8,23,4,0,19,4,0.17391304347826086,1.0,0.5,4,84,295803.3463897705,1.0084011014439749,2464.3704939723248,1,2,416,0,0.018932399339973927
sweep,2004,0.15,293338.9758957982,ReproAlloc-Optimistic,87,8,23,5,0,18,5,0.21739130434782608,1.0,0.625,5,84,294760.6877384186,1.0048466516877914,1421.711842620396,1,0,416,0,0.015061501879245043
sweep,2004,0.2,391118.634527731,Uniform,116,8,23,0,0,23,0,0.0,0.0,0.0,0,97,394599.398406744,1.008899509181443,3480.763879013015,1,0,403,0,0.0026608998887240887
sweep,2004,0.2,391118.634527731,FailRerun,116,8,23,2,0,21,2,0.08695652173913043,1.0,0.25,2,146,392653.66889476776,1.003924728283249,1535.034367036773,1,10,354,0,0.0056441002525389194
sweep,2004,0.2,391118.634527731,APGAI,116,8,23,6,0,17,6,0.2608695652173913,1.0,0.75,6,111,393685.1910545826,1.0065620921640583,2566.5565268516075,1,1,389,0,0.007268096320331097
sweep,2004,0.2,391118.634527731,ScoreCost,116,8,23,5,0,18,5,0.21739130434782608,1.0,0.625,5,122,392697.08631920815,1.004035736608109,1578.4517914771568,1,1,378,0,0.006139600183814764
sweep,2004,0.2,391118.634527731,ReproAlloc,116,8,23,5,0,18,5,0.21739130434782608,1.0,0.625,5,98,394036.9883234501,1.0074615565153089,2918.3537957191,1,1,402,0,0.017278200015425682
sweep,2004,0.2,391118.634527731,ReproAlloc-OA,116,8,23,6,0,17,6,0.2608695652173913,1.0,0.75,6,109,395539.40227770805,1.011302881938405,4420.767749977065,1,1,391,0,0.01903820177540183
sweep,2004,0.2,391118.634527731,ReproAlloc-Optimistic,116,8,23,6,0,17,6,0.2608695652173913,1.0,0.75,6,110,393954.9503016472,1.0072518042443592,2836.315773916198,1,0,390,0,0.019937697798013687
sweep,2005,0.03,58667.79517915964,Uniform,19,8,23,0,0,23,0,0.0,0.0,0.0,0,19,60944.55504775047,1.0388076603464995,2276.7598685908306,1,0,481,0,0.0017743008211255074
sweep,2005,0.03,58667.79517915964,FailRerun,19,8,23,0,0,23,0,0.0,0.0,0.0,0,23,60017.729899168015,1.023009808292368,1349.934720008372,1,1,477,0,0.002139199525117874
sweep,2005,0.03,58667.79517915964,APGAI,19,8,23,0,0,23,0,0.0,0.0,0.0,0,18,59798.59202122688,1.0192745754057062,1130.7968420672405,1,0,482,0,0.0009917994029819965
sweep,2005,0.03,58667.79517915964,ScoreCost,19,8,23,0,0,23,0,0.0,0.0,0.0,0,19,60479.22483229637,1.030876047882914,1811.429653136729,1,0,481,0,0.002252700738608837
sweep,2005,0.03,58667.79517915964,ReproAlloc,19,8,23,1,0,22,1,0.043478260869565216,1.0,0.125,1,22,62679.78208351135,1.0683848249640184,4011.98690435171,1,0,478,0,0.0026074997149407864
sweep,2005,0.03,58667.79517915964,ReproAlloc-OA,19,8,23,1,0,22,1,0.043478260869565216,1.0,0.125,1,18,61820.10663533211,1.0537315480587934,3152.311456172465,1,0,482,0,0.0020404011011123657
sweep,2005,0.03,58667.79517915964,ReproAlloc-Optimistic,19,8,23,1,0,22,1,0.043478260869565216,1.0,0.125,1,18,59022.87647175789,1.0060524056087996,355.08129259824636,1,0,482,0,0.0027552004903554916
sweep,2005,0.05,97779.65863193275,Uniform,30,8,23,0,0,23,0,0.0,0.0,0.0,0,26,100800.94859623909,1.0308989620804387,3021.289964306343,1,0,474,0,0.0010837982408702374
sweep,2005,0.05,97779.65863193275,FailRerun,30,8,23,0,0,23,0,0.0,0.0,0.0,0,52,100677.7943034172,1.0296394537681275,2898.1356714844587,1,4,448,0,0.002554498612880707
sweep,2005,0.05,97779.65863193275,APGAI,30,8,23,0,0,23,0,0.0,0.0,0.0,0,27,101184.75202465057,1.0348241489115384,3405.0933927178266,1,0,473,0,0.0013633002527058125
sweep,2005,0.05,97779.65863193275,ScoreCost,30,8,23,1,0,22,1,0.043478260869565216,1.0,0.125,1,30,101357.72346138954,1.0365931409407505,3578.0648294567945,1,0,470,0,0.0015299003571271896
sweep,2005,0.05,97779.65863193275,ReproAlloc,30,8,23,1,0,22,1,0.043478260869565216,1.0,0.125,1,31,98854.22316360474,1.0109896531314035,1074.5645316719892,1,1,469,0,0.0050457012839615345
sweep,2005,0.05,97779.65863193275,ReproAlloc-OA,30,8,23,2,0,21,2,0.08695652173913043,1.0,0.25,2,31,98931.03318142891,1.0117751950211877,1151.3745494961622,1,0,469,0,0.004064000677317381
sweep,2005,0.05,97779.65863193275,ReproAlloc-Optimistic,30,8,23,2,0,21,2,0.08695652173913043,1.0,0.25,2,28,99714.40523219109,1.0197868005199446,1934.7466002583387,1,0,472,0,0.004613201133906841
sweep,2005,0.06,117335.59035831928,Uniform,36,8,23,0,0,23,0,0.0,0.0,0.0,0,28,119094.47803163528,1.0149902315908133,1758.8876733159996,1,0,472,0,0.002012999262660742
sweep,2005,0.06,117335.59035831928,FailRerun,36,8,23,0,0,23,0,0.0,0.0,0.0,0,37,117686.59975576401,1.00299149982007,351.0093974447227,1,3,463,0,0.0014614006504416466
sweep,2005,0.06,117335.59035831928,APGAI,36,8,23,0,0,23,0,0.0,0.0,0.0,0,33,117393.45411610603,1.0004931475404013,57.863757786748465,1,0,467,0,0.001584499143064022
sweep,2005,0.06,117335.59035831928,ScoreCost,36,8,23,2,0,21,2,0.08695652173913043,1.0,0.25,2,36,120343.48837304115,1.0256350013285513,3007.898014721868,1,0,464,0,0.0019727004691958427
sweep,2005,0.06,117335.59035831928,ReproAlloc,36,8,23,2,0,21,2,0.08695652173913043,1.0,0.25,2,37,118095.51540327072,1.0064765093236483,759.9250449514366,1,0,463,0,0.00696210004389286
sweep,2005,0.06,117335.59035831928,ReproAlloc-OA,36,8,23,1,0,22,1,0.043478260869565216,1.0,0.125,1,39,118713.92622947693,1.011746954755573,1378.3358711576439,1,1,461,0,0.007620000746101141
sweep,2005,0.06,117335.59035831928,ReproAlloc-Optimistic,36,8,23,2,0,21,2,0.08695652173913043,1.0,0.25,2,31,118104.56387066841,1.0065536254601084,768.9735123491264,1,0,469,0,0.004697099328041077
sweep,2005,0.07,136891.52208470585,Uniform,41,8,23,0,0,23,0,0.0,0.0,0.0,0,36,138822.05108070374,1.014102619114742,1930.5289959978836,1,0,464,0,0.0010136989876627922
sweep,2005,0.07,136891.52208470585,FailRerun,41,8,23,1,0,22,1,0.043478260869565216,1.0,0.125,1,52,140142.63908457756,1.0237495861713042,3251.1169998717087,1,3,448,0,0.0020882016979157925
sweep,2005,0.07,136891.52208470585,APGAI,41,8,23,0,0,23,0,0.0,0.0,0.0,0,38,140206.72911310196,1.024217767308809,3315.2070283961075,1,0,462,0,0.002029499039053917
sweep,2005,0.07,136891.52208470585,ScoreCost,41,8,23,3,0,20,3,0.13043478260869565,1.0,0.375,3,43,141899.22761893272,1.036581560771369,5007.705534226872,1,0,457,0,0.002112599555402994
sweep,2005,0.07,136891.52208470585,ReproAlloc,41,8,23,1,0,22,1,0.043478260869565216,1.0,0.125,1,36,138467.6392173767,1.0115136212138514,1576.1171326708572,1,2,464,0,0.006012599915266037
sweep,2005,0.07,136891.52208470585,ReproAlloc-OA,41,8,23,0,0,23,0,0.0,0.0,0.0,0,36,140775.07089281082,1.0283695348620778,3883.54880810497,1,1,464,0,0.006442699581384659
sweep,2005,0.07,136891.52208470585,ReproAlloc-Optimistic,41,8,23,3,0,20,3,0.13043478260869565,1.0,0.375,3,36,137909.1818332672,1.0074340597070113,1017.6597485613602,1,0,464,0,0.005635001230984926
sweep,2005,0.08,156447.4538110924,Uniform,47,8,23,0,0,23,0,0.0,0.0,0.0,0,39,157261.5864379406,1.005203872655104,814.132626848208,1,0,461,0,0.0010851002298295498
sweep,2005,0.08,156447.4538110924,FailRerun,47,8,23,0,0,23,0,0.0,0.0,0.0,0,39,157029.10231900215,1.0037178521844918,581.648507909762,1,2,461,0,0.0015254993923008442
sweep,2005,0.08,156447.4538110924,APGAI,47,8,23,1,0,22,1,0.043478260869565216,1.0,0.125,1,44,158361.67191767693,1.0122355337843716,1914.2181065845361,1,0,456,0,0.0022635995410382748
sweep,2005,0.08,156447.4538110924,ScoreCost,47,8,23,1,0,22,1,0.043478260869565216,1.0,0.125,1,39,157497.05982875824,1.006709000319898,1049.6060176658502,1,0,461,0,0.002028099726885557
sweep,2005,0.08,156447.4538110924,ReproAlloc,47,8,23,2,0,21,2,0.08695652173913043,1.0,0.25,2,40,157354.5853383541,1.0057983144190832,907.1315272617212,1,1,460,0,0.007711398880928755
sweep,2005,0.08,156447.4538110924,ReproAlloc-OA,47,8,23,1,0,22,1,0.043478260869565216,1.0,0.125,1,42,156901.8680896759,1.0029045808513586,454.4142785835138,1,0,458,0,0.007481798995286226
sweep,2005,0.08,156447.4538110924,ReproAlloc-Optimistic,47,8,23,3,0,20,3,0.13043478260869565,1.0,0.375,3,44,158691.32042360306,1.0143426214863176,2243.8666125106683,1,0,456,0,0.009068300481885672
sweep,2005,0.1,195559.3172638655,Uniform,59,8,23,0,0,23,0,0.0,0.0,0.0,0,52,197648.3423371315,1.0106823090942136,2089.025073266006,1,0,448,0,0.0013219015672802925
sweep,2005,0.1,195559.3172638655,FailRerun,59,8,23,1,0,22,1,0.043478260869565216,1.0,0.125,1,58,197806.95661735535,1.0114933892434137,2247.6393534898525,1,3,442,0,0.0033173011615872383
sweep,2005,0.1,195559.3172638655,APGAI,59,8,23,2,0,21,2,0.08695652173913043,1.0,0.25,2,56,196159.33193159103,1.0030681978037177,600.0146677255398,1,0,444,0,0.003947900608181953
sweep,2005,0.1,195559.3172638655,ScoreCost,59,8,23,2,0,21,2,0.08695652173913043,1.0,0.25,2,64,198212.38559246063,1.013566565713744,2653.068328595138,1,0,436,0,0.004533499013632536
sweep,2005,0.1,195559.3172638655,ReproAlloc,59,8,23,1,0,22,1,0.043478260869565216,1.0,0.125,1,50,198639.605345726,1.015751170156236,3080.288081860519,1,1,450,0,0.011162302922457457
sweep,2005,0.1,195559.3172638655,ReproAlloc-OA,59,8,23,2,0,21,2,0.08695652173913043,1.0,0.25,2,50,197083.28512263298,1.0077928675559407,1523.9678587674862,1,1,450,0,0.010502700693905354
sweep,2005,0.1,195559.3172638655,ReproAlloc-Optimistic,59,8,23,4,0,19,4,0.17391304347826086,1.0,0.5,4,54,199348.97193169594,1.0193785431492233,3789.654667830444,1,0,446,0,0.008478200063109398
sweep,2005,0.15,293338.9758957982,Uniform,87,8,23,0,0,23,0,0.0,0.0,0.0,0,79,293817.2193386555,1.001630344012066,478.24344285728876,1,0,421,0,0.0021174000576138496
sweep,2005,0.15,293338.9758957982,FailRerun,87,8,23,1,0,22,1,0.043478260869565216,1.0,0.125,1,71,295734.8372206688,1.008167551950961,2395.8613248706097,1,4,429,0,0.0036662984639406204
sweep,2005,0.15,293338.9758957982,APGAI,87,8,23,5,0,18,5,0.21739130434782608,1.0,0.625,5,81,294564.34530448914,1.0041773153565732,1225.3694086909527,1,0,419,0,0.0056113991886377335
sweep,2005,0.15,293338.9758957982,ScoreCost,87,8,23,4,0,19,4,0.17391304347826086,1.0,0.5,4,86,295913.0267417431,1.0087750045423873,2574.0508459449047,1,0,414,0,0.005373601336032152
sweep,2005,0.15,293338.9758957982,ReproAlloc,87,8,23,4,0,19,4,0.17391304347826086,1.0,0.5,4,81,295309.37968850136,1.0067171564456647,1970.403792703175,1,1,419,0,0.014123493805527687
sweep,2005,0.15,293338.9758957982,ReproAlloc-OA,87,8,23,4,0,19,4,0.17391304347826086,1.0,0.5,4,78,293948.67037653923,1.0020784639302676,609.6944807410473,1,1,422,0,0.013116701040416956
sweep,2005,0.15,293338.9758957982,ReproAlloc-Optimistic,87,8,23,5,0,18,5,0.21739130434782608,1.0,0.625,5,82,297702.34833836555,1.0148748471942486,4363.372442567372,1,0,418,0,0.014967399183660746
sweep,2005,0.2,391118.634527731,Uniform,116,8,23,0,0,23,0,0.0,0.0,0.0,0,108,394223.9598457813,1.0079395995074485,3105.325318050338,1,0,392,0,0.0030865012668073177
sweep,2005,0.2,391118.634527731,FailRerun,116,8,23,2,0,21,2,0.08695652173913043,1.0,0.25,2,99,392688.2891495228,1.0040132442773715,1569.654621791793,1,6,401,0,0.004042597953230143
sweep,2005,0.2,391118.634527731,APGAI,116,8,23,5,0,18,5,0.21739130434782608,1.0,0.625,5,102,396591.38411426544,1.0139925564864551,5472.749586534454,1,0,398,0,0.007605301681905985
sweep,2005,0.2,391118.634527731,ScoreCost,116,8,23,5,0,18,5,0.21739130434782608,1.0,0.625,5,115,391132.41666936874,1.0000352377524901,13.782141637755558,1,1,385,0,0.007313896901905537
sweep,2005,0.2,391118.634527731,ReproAlloc,116,8,23,3,0,20,3,0.13043478260869565,1.0,0.375,3,93,393254.26646614075,1.0054603175350836,2135.6319384097587,1,2,407,0,0.0221863966435194
sweep,2005,0.2,391118.634527731,ReproAlloc-OA,116,8,23,4,0,19,4,0.17391304347826086,1.0,0.5,4,90,391936.9028983116,1.0020921232034077,818.2683705806267,1,3,410,0,0.01690570218488574
sweep,2005,0.2,391118.634527731,ReproAlloc-Optimistic,116,8,23,6,0,17,6,0.2608695652173913,1.0,0.75,6,101,393024.4481072426,1.0048727250794707,1905.813579511596,1,0,399,0,0.022077998146414757
sweep,2006,0.03,58667.79517915964,Uniform,19,8,23,0,0,23,0,0.0,0.0,0.0,0,18,63526.559626579285,1.0828182554429044,4858.764447419642,1,0,482,0,0.0004928004927933216
sweep,2006,0.03,58667.79517915964,FailRerun,19,8,23,0,0,23,0,0.0,0.0,0.0,0,9,61159.87842440605,1.0424778745755843,2492.083245246409,1,0,491,0,0.00033579953014850616
sweep,2006,0.03,58667.79517915964,APGAI,19,8,23,0,0,23,0,0.0,0.0,0.0,0,15,59926.79374432564,1.0214597900146285,1258.9985651659954,1,0,485,0,0.0008041989058256149
sweep,2006,0.03,58667.79517915964,ScoreCost,19,8,23,0,0,23,0,0.0,0.0,0.0,0,17,61328.4231133461,1.0453507401473234,2660.6279341864574,1,0,483,0,0.0012471997179090977
sweep,2006,0.03,58667.79517915964,ReproAlloc,19,8,23,0,0,23,0,0.0,0.0,0.0,0,17,63041.18905425072,1.0745450525579767,4373.393875091075,1,0,483,0,0.0028237001970410347
sweep,2006,0.03,58667.79517915964,ReproAlloc-OA,19,8,23,1,0,22,1,0.043478260869565216,1.0,0.125,1,17,60549.67539811134,1.0320768867008692,1881.880218951701,1,0,483,0,0.0029265000484883785
sweep,2006,0.03,58667.79517915964,ReproAlloc-Optimistic,19,8,23,0,0,23,0,0.0,0.0,0.0,0,16,60390.8969950676,1.0293704887092816,1723.101815907954,1,0,484,0,0.002684799488633871
sweep,2006,0.05,97779.65863193275,Uniform,30,8,23,0,0,23,0,0.0,0.0,0.0,0,28,100959.26601338387,1.032518086337568,3179.6073814511183,1,0,472,0,0.0007381979376077652
sweep,2006,0.05,97779.65863193275,FailRerun,30,8,23,0,0,23,0,0.0,0.0,0.0,0,24,100681.23109936714,1.029674602141501,2901.5724674343946,1,1,476,0,0.0008773007430136204
sweep,2006,0.05,97779.65863193275,APGAI,30,8,23,0,0,23,0,0.0,0.0,0.0,0,27,100160.68142604828,1.024350901071135,2381.0227941155317,1,0,473,0,0.0012785005383193493
sweep,2006,0.05,97779.65863193275,ScoreCost,30,8,23,1,0,22,1,0.043478260869565216,1.0,0.125,1,26,97809.43607091904,1.000304536131573,29.77743898628978,1,0,474,0,0.0012915008701384068
sweep,2006,0.05,97779.65863193275,ReproAlloc,30,8,23,1,0,22,1,0.043478260869565216,1.0,0.125,1,25,100110.47148442268,1.0238374001822168,2330.8128524899366,1,1,475,0,0.00310229929164052
sweep,2006,0.05,97779.65863193275,ReproAlloc-OA,30,8,23,0,0,23,0,0.0,0.0,0.0,0,24,98475.59200239182,1.0071173634700314,695.9333704590681,1,0,476,0,0.0050340997986495495
sweep,2006,0.05,97779.65863193275,ReproAlloc-Optimistic,30,8,23,2,0,21,2,0.08695652173913043,1.0,0.25,2,27,97857.62079286575,1.00079732494492,77.96216093300609,1,0,473,0,0.006730300839990377
sweep,2006,0.06,117335.59035831928,Uniform,36,8,23,0,0,23,0,0.0,0.0,0.0,0,36,119534.66276311874,1.0187417338429365,2199.072404799459,1,0,464,0,0.0009329007007181644
sweep,2006,0.06,117335.59035831928,FailRerun,36,8,23,1,0,22,1,0.043478260869565216,1.0,0.125,1,38,120598.07340455055,1.0278047183831291,3262.4830462312675,1,2,462,0,0.0019531003199517727
sweep,2006,0.06,117335.59035831928,APGAI,36,8,23,0,0,23,0,0.0,0.0,0.0,0,34,124150.89113545418,1.0580838325040367,6815.300777134893,1,0,466,0,0.0024294001050293446
sweep,2006,0.06,117335.59035831928,ScoreCost,36,8,23,0,0,23,0,0.0,0.0,0.0,0,36,118440.64380693436,1.0094178880017604,1105.0534486150718,1,1,464,0,0.001861900556832552
sweep,2006,0.06,117335.59035831928,ReproAlloc,36,8,23,2,0,21,2,0.08695652173913043,1.0,0.25,2,39,122894.41226148605,1.047375411724535,5558.821903166769,1,0,461,0,0.00499559985473752
sweep,2006,0.06,117335.59035831928,ReproAlloc-OA,36,8,23,0,0,23,0,0.0,0.0,0.0,0,37,118763.45394682884,1.0121690578634253,1427.8635885095573,1,0,463,0,0.008679399732500315
sweep,2006,0.06,117335.59035831928,ReproAlloc-Optimistic,36,8,23,1,0,22,1,0.043478260869565216,1.0,0.125,1,32,119756.63549280167,1.0206335104897755,2421.0451344823814,1,0,468,0,0.008382999803870916
sweep,2006,0.07,136891.52208470585,Uniform,41,8,23,0,0,23,0,0.0,0.0,0.0,0,35,138147.11642956734,1.0091721848492892,1255.5943448614853,1,0,465,0,0.0018732980825006962
sweep,2006,0.07,136891.52208470585,FailRerun,41,8,23,0,0,23,0,0.0,0.0,0.0,0,36,143103.8174917698,1.0453811551837366,6212.295407063939,1,3,464,0,0.0017221998423337936
sweep,2006,0.07,136891.52208470585,APGAI,41,8,23,0,0,23,0,0.0,0.0,0.0,0,40,138956.52972769737,1.0150849929312185,2065.0076429915207,1,0,460,0,0.0035822996869683266
sweep,2006,0.07,136891.52208470585,ScoreCost,41,8,23,2,0,21,2,0.08695652173913043,1.0,0.25,2,40,138415.60483050346,1.0111335071930498,1524.082745797612,1,1,460,0,0.0020079975947737694
sweep,2006,0.07,136891.52208470585,ReproAlloc,41,8,23,2,0,21,2,0.08695652173913043,1.0,0.25,2,36,139173.8180065155,1.0166722956035028,2282.295921809651,1,0,464,0,0.004918802063912153
sweep,2006,0.07,136891.52208470585,ReproAlloc-OA,41,8,23,2,0,21,2,0.08695652173913043,1.0,0.25,2,42,140882.22807645798,1.0291523239056597,3990.7059917521256,1,0,458,0,0.006304601673036814
sweep,2006,0.07,136891.52208470585,ReproAlloc-Optimistic,41,8,23,2,0,21,2,0.08695652173913043,1.0,0.25,2,38,138973.47678279877,1.015208792088707,2081.9546980929154,1,0,462,0,0.008697300218045712
sweep,2006,0.08,156447.4538110924,Uniform,47,8,23,0,0,23,0,0.0,0.0,0.0,0,47,158159.8558511734,1.0109455411281332,1712.4020400810114,1,0,453,0,0.0017639012075960636
sweep,2006,0.08,156447.4538110924,FailRerun,47,8,23,1,0,22,1,0.043478260869565216,1.0,0.125,1,45,161564.32665801048,1.0327066546771457,5116.872846918093,1,2,455,0,0.0018873009830713272
sweep,2006,0.08,156447.4538110924,APGAI,47,8,23,1,0,22,1,0.043478260869565216,1.0,0.125,1,48,159385.45960092545,1.0187795053116087,2938.005789833056,1,0,452,0,0.0036212014965713024
sweep,2006,0.08,156447.4538110924,ScoreCost,47,8,23,0,0,23,0,0.0,0.0,0.0,0,47,159254.76242756844,1.0179440991086108,2807.308616476046,1,2,453,0,0.0035942010581493378
sweep,2006,0.08,156447.4538110924,ReproAlloc,47,8,23,1,0,22,1,0.043478260869565216,1.0,0.125,1,40,158646.9107747078,1.0140587584523504,2199.4569636154047,1,1,460,0,0.008307999931275845
sweep,2006,0.08,156447.4538110924,ReproAlloc-OA,47,8,23,2,0,21,2,0.08695652173913043,1.0,0.25,2,36,159104.70773887634,1.0169849611678088,2657.2539277839533,1,1,464,0,0.005405699368566275
sweep,2006,0.08,156447.4538110924,ReproAlloc-Optimistic,47,8,23,1,0,22,1,0.043478260869565216,1.0,0.125,1,45,158564.8759381771,1.0135343981349896,2117.4221270847192,1,0,455,0,0.008901300840079784
sweep,2006,0.1,195559.3172638655,Uniform,59,8,23,0,0,23,0,0.0,0.0,0.0,0,60,195787.14520168304,1.0011650068173952,227.82793781755026,1,0,440,0,0.0022185007110238075
sweep,2006,0.1,195559.3172638655,FailRerun,59,8,23,1,0,22,1,0.043478260869565216,1.0,0.125,1,48,195922.9125843048,1.0018592584875345,363.5953204393154,1,1,452,0,0.002154697198420763
sweep,2006,0.1,195559.3172638655,APGAI,59,8,23,2,0,21,2,0.08695652173913043,1.0,0.25,2,60,197183.44774150848,1.0083050529136977,1624.1304776429897,1,0,440,0,0.003828801680356264
sweep,2006,0.1,195559.3172638655,ScoreCost,59,8,23,2,0,21,2,0.08695652173913043,1.0,0.25,2,54,199510.82311940193,1.0202061753478344,3951.5058555364376,1,1,446,0,0.004503101110458374
sweep,2006,0.1,195559.3172638655,ReproAlloc,59,8,23,2,0,21,2,0.08695652173913043,1.0,0.25,2,51,198330.22266554832,1.0141691300647369,2770.9054016828304,1,2,449,0,0.013702000956982374
sweep,2006,0.1,195559.3172638655,ReproAlloc-OA,59,8,23,3,0,20,3,0.13043478260869565,1.0,0.375,3,58,195936.51263666153,1.001928802872057,377.1953727960354,1,0,442,0,0.010992301162332296
sweep,2006,0.1,195559.3172638655,ReproAlloc-Optimistic,59,8,23,3,0,20,3,0.13043478260869565,1.0,0.375,3,55,196040.27733373642,1.002459407593564,480.9600698709255,1,0,445,0,0.010569303296506405
sweep,2006,0.15,293338.9758957982,Uniform,87,8,23,0,0,23,0,0.0,0.0,0.0,0,77,293707.20828413963,1.001255313540306,368.23238834145013,1,0,423,0,0.00242420332506299
sweep,2006,0.15,293338.9758957982,FailRerun,87,8,23,1,0,22,1,0.043478260869565216,1.0,0.125,1,71,299012.7108824253,1.0193419063024294,5673.734986627125,1,4,429,0,0.005316700786352158
sweep,2006,0.15,293338.9758957982,APGAI,87,8,23,3,0,20,3,0.13043478260869565,1.0,0.375,3,88,295540.73322224617,1.0075058465030917,2201.757326447987,1,1,412,0,0.006110301706939936
sweep,2006,0.15,293338.9758957982,ScoreCost,87,8,23,3,0,20,3,0.13043478260869565,1.0,0.375,3,78,294949.69301366806,1.0054909754591972,1610.7171178698773,1,1,422,0,0.004985001869499683
sweep,2006,0.15,293338.9758957982,ReproAlloc,87,8,23,2,0,21,2,0.08695652173913043,1.0,0.25,2,68,296271.03011369705,1.009995447106696,2932.054217898869,1,3,432,0,0.017085600644350052
sweep,2006,0.15,293338.9758957982,ReproAlloc-OA,87,8,23,3,0,20,3,0.13043478260869565,1.0,0.375,3,78,296305.8039917946,1.010113992138059,2966.828095996403,1,2,422,0,0.016517997719347477
sweep,2006,0.15,293338.9758957982,ReproAlloc-Optimistic,87,8,23,5,0,18,5,0.21739130434782608,1.0,0.625,5,81,295922.9011926651,1.0088086667957306,2583.925296866917,1,0,419,0,0.01450440101325512
sweep,2006,0.2,391118.634527731,Uniform,116,8,23,0,0,23,0,0.0,0.0,0.0,0,115,395732.29346871376,1.0117960601559004,4613.658940982772,1,0,385,0,0.0032501001842319965
sweep,2006,0.2,391118.634527731,FailRerun,116,8,23,0,0,23,0,0.0,0.0,0.0,0,113,391626.2479856014,1.0012978503529584,507.61345787043683,1,8,387,0,0.003960601985454559
sweep,2006,0.2,391118.634527731,APGAI,116,8,23,6,0,17,6,0.2608695652173913,1.0,0.75,6,111,392387.3404016495,1.003243787848284,1268.7058739184868,1,1,389,0,0.006777198985219002
sweep,2006,0.2,391118.634527731,ScoreCost,116,8,23,5,0,18,5,0.21739130434782608,1.0,0.625,5,112,391959.3682067394,1.0021495618075666,840.7336790084373,1,2,388,0,0.005369897466152906
sweep,2006,0.2,391118.634527731,ReproAlloc,116,8,23,5,0,18,5,0.21739130434782608,1.0,0.625,5,101,393147.6623568535,1.005187755453208,2029.0278291224968,1,2,399,0,0.017032696399837732
sweep,2006,0.2,391118.634527731,ReproAlloc-OA,116,8,23,3,0,20,3,0.13043478260869565,1.0,0.375,3,95,396429.5540406704,1.013578794371054,5310.919512939407,1,3,405,0,0.022674099542200565
sweep,2006,0.2,391118.634527731,ReproAlloc-Optimistic,116,8,23,6,0,17,6,0.2608695652173913,1.0,0.75,6,110,394844.69340753555,1.00952667183527,3726.0588798045646,1,0,390,0,0.021034198347479105
sweep,2007,0.03,58667.79517915964,Uniform,19,9,23,0,0,23,0,0.0,0.0,0.0,0,16,59121.753838300705,1.0077377828458487,453.9586591410625,1,0,484,0,0.0004709996283054352
sweep,2007,0.03,58667.79517915964,FailRerun,19,9,23,0,0,23,0,0.0,0.0,0.0,0,17,59991.10421419144,1.022555970119393,1323.3090350317943,1,1,483,0,0.0006684008985757828
sweep,2007,0.03,58667.79517915964,APGAI,19,9,23,0,0,23,0,0.0,0.0,0.0,0,18,61518.173266887665,1.048585055549191,2850.3780877280224,1,0,482,0,0.000988999381661415
sweep,2007,0.03,58667.79517915964,ScoreCost,19,9,23,1,0,22,1,0.043478260869565216,1.0,0.1111111111111111,1,18,64266.86224770546,1.0954368073906202,5599.067068545817,1,0,482,0,0.0014806999824941158
sweep,2007,0.03,58667.79517915964,ReproAlloc,19,9,23,0,0,23,0,0.0,0.0,0.0,0,13,61753.251259088516,1.052591989702468,3085.456079928874,1,0,487,0,0.0029431008733808994
sweep,2007,0.03,58667.79517915964,ReproAlloc-OA,19,9,23,1,0,22,1,0.043478260869565216,1.0,0.1111111111111111,1,22,60253.32275223732,1.027025518314363,1585.5275730776775,1,0,478,0,0.002825499512255192
sweep,2007,0.03,58667.79517915964,ReproAlloc-Optimistic,19,9,23,1,0,22,1,0.043478260869565216,1.0,0.1111111111111111,1,19,60677.507237672806,1.0342557965980468,2009.7120585131634,1,0,481,0,0.004108798690140247
sweep,2007,0.05,97779.65863193275,Uniform,30,9,23,0,0,23,0,0.0,0.0,0.0,0,29,98214.88588356972,1.0044511021793938,435.2272516369703,1,0,471,0,0.0008194004185497761
sweep,2007,0.05,97779.65863193275,FailRerun,30,9,23,1,0,22,1,0.043478260869565216,1.0,0.1111111111111111,1,41,99911.39764976501,1.02180145694573,2131.7390178322676,1,2,459,0,0.0016159997321665287
sweep,2007,0.05,97779.65863193275,APGAI,30,9,23,0,0,23,0,0.0,0.0,0.0,0,29,104057.64223122597,1.0642054153914071,6277.98359929322,1,0,471,0,0.00152560044080019
sweep,2007,0.05,97779.65863193275,ScoreCost,30,9,23,1,0,22,1,0.043478260869565216,1.0,0.1111111111111111,1,31,101606.14562940598,1.039133773332929,3826.4869974732283,1,0,469,0,0.0017246012575924397
sweep,2007,0.05,97779.65863193275,ReproAlloc,30,9,23,1,0,22,1,0.043478260869565216,1.0,0.1111111111111111,1,37,99646.00394916534,1.0190872554000008,1866.3453172325972,1,0,463,0,0.005627099424600601
sweep,2007,0.05,97779.65863193275,ReproAlloc-OA,30,9,23,0,0,23,0,0.0,0.0,0.0,0,22,100539.54279613495,1.0282255450961544,2759.8841642022016,1,0,478,0,0.00539750000461936
sweep,2007,0.05,97779.65863193275,ReproAlloc-Optimistic,30,9,23,2,0,21,2,0.08695652173913043,1.0,0.2222222222222222,2,28,97876.79147338867,1.0009933849515833,97.13284145592479,1,0,472,0,0.0043428996577858925
sweep,2007,0.06,117335.59035831928,Uniform,36,9,23,0,0,23,0,0.0,0.0,0.0,0,36,119748.38465118408,1.0205631921695422,2412.794292864797,1,0,464,0,0.001041801180690527
sweep,2007,0.06,117335.59035831928,FailRerun,36,9,23,0,0,23,0,0.0,0.0,0.0,0,48,118712.63360786438,1.0117359383060152,1377.043249545095,1,3,452,0,0.0025091995485126972
sweep,2007,0.06,117335.59035831928,APGAI,36,9,23,0,0,23,0,0.0,0.0,0.0,0,34,121741.82867717743,1.0375524451311182,4406.238318858144,1,0,466,0,0.0017854003235697746
sweep,2007,0.06,117335.59035831928,ScoreCost,36,9,23,1,0,22,1,0.043478260869565216,1.0,0.1111111111111111,1,33,117464.23621177673,1.001096392433571,128.64585345744854,1,0,467,0,0.001786298118531704
sweep,2007,0.06,117335.59035831928,ReproAlloc,36,9,23,0,0,23,0,0.0,0.0,0.0,0,33,118451.34988546371,1.0095091312340707,1115.7595271444297,1,0,467,0,0.006263700779527426
sweep,2007,0.06,117335.59035831928,ReproAlloc-OA,36,9,23,1,0,22,1,0.043478260869565216,1.0,0.1111111111111111,1,40,118473.8410820961,1.0097008138817969,1138.250723776815,1,1,460,0,0.006603697780519724
sweep,2007,0.06,117335.59035831928,ReproAlloc-Optimistic,36,9,23,3,0,20,3,0.13043478260869565,1.0,0.3333333333333333,3,35,120524.20729207993,1.0271751897614632,3188.6169337606407,1,0,465,0,0.004693097434937954
sweep,2007,0.07,136891.52208470585,Uniform,41,9,23,0,0,23,0,0.0,0.0,0.0,0,37,138437.19176840782,1.0112912009462904,1545.66968370197,1,0,463,0,0.0010205996222794056
sweep,2007,0.07,136891.52208470585,FailRerun,41,9,23,1,0,22,1,0.043478260869565216,1.0,0.1111111111111111,1,35,139486.45261597633,1.018956108397018,2594.930531270482,1,1,465,0,0.00125149916857481
sweep,2007,0.07,136891.52208470585,APGAI,41,9,23,0,0,23,0,0.0,0.0,0.0,0,39,138562.87705612183,1.0122093387958808,1671.3549714159744,1,0,461,0,0.0019119991920888424
sweep,2007,0.07,136891.52208470585,ScoreCost,41,9,23,3,0,20,3,0.13043478260869565,1.0,0.3333333333333333,3,41,141184.9250266552,1.0313635415587874,4293.402941949345,1,0,459,0,0.002764301374554634
sweep,2007,0.07,136891.52208470585,ReproAlloc,41,9,23,2,0,21,2,0.08695652173913043,1.0,0.2222222222222222,2,32,138117.90750837326,1.0089588120943571,1226.3854236674088,1,1,468,0,0.0058075012639164925
sweep,2007,0.07,136891.52208470585,ReproAlloc-OA,41,9,23,2,0,21,2,0.08695652173913043,1.0,0.2222222222222222,2,52,139178.79089403152,1.016708622816761,2287.268809325673,1,1,448,0,0.010810201056301594
sweep,2007,0.07,136891.52208470585,ReproAlloc-Optimistic,41,9,23,3,0,20,3,0.13043478260869565,1.0,0.3333333333333333,3,39,139273.35820293427,1.0173994421418924,2381.8361182284134,1,0,461,0,0.006816899869590998
sweep,2007,0.08,156447.4538110924,Uniform,47,9,23,0,0,23,0,0.0,0.0,0.0,0,45,162927.4850409031,1.0414198574150988,6480.031229810702,1,0,455,0,0.0012513021938502789
sweep,2007,0.08,156447.4538110924,FailRerun,47,9,23,1,0,22,1,0.043478260869565216,1.0,0.1111111111111111,1,52,157921.6581530571,1.0094229999022213,1474.2043419647089,1,3,448,0,0.0018665008246898651
sweep,2007,0.08,156447.4538110924,APGAI,47,9,23,1,0,22,1,0.043478260869565216,1.0,0.1111111111111111,1,47,158696.18343424797,1.014373705473474,2248.729623155581,1,0,453,0,0.0024627014063298702
sweep,2007,0.08,156447.4538110924,ScoreCost,47,9,23,1,0,22,1,0.043478260869565216,1.0,0.1111111111111111,1,40,157537.25765633583,1.0069659417184211,1089.8038452434412,1,0,460,0,0.0019543985836207867
sweep,2007,0.08,156447.4538110924,ReproAlloc,47,9,23,1,0,22,1,0.043478260869565216,1.0,0.1111111111111111,1,41,158187.0505349636,1.0111193674393177,1739.5967238712183,1,2,459,0,0.008723799604922533
sweep,2007,0.08,156447.4538110924,ReproAlloc-OA,47,9,23,1,0,22,1,0.043478260869565216,1.0,0.1111111111111111,1,43,157467.0303993225,1.0065170545342415,1019.5765882301203,1,0,457,0,0.006940699182450771
sweep,2007,0.08,156447.4538110924,ReproAlloc-Optimistic,47,9,23,2,0,21,2,0.08695652173913043,1.0,0.2222222222222222,2,40,160102.27817845345,1.0233613541053483,3654.824367361056,1,0,460,0,0.005976799875497818
sweep,2007,0.1,195559.3172638655,Uniform,59,9,23,0,0,23,0,0.0,0.0,0.0,0,49,200880.32622265816,1.027209181506873,5321.008958792663,1,0,451,0,0.0016730008646845818
sweep,2007,0.1,195559.3172638655,FailRerun,59,9,23,1,0,22,1,0.043478260869565216,1.0,0.1111111111111111,1,50,199583.5111796856,1.0205778685062104,4024.1939158200985,1,3,450,0,0.0020271004177629948
sweep,2007,0.1,195559.3172638655,APGAI,59,9,23,1,0,22,1,0.043478260869565216,1.0,0.1111111111111111,1,62,196562.52491235733,1.0051299404320286,1003.2076484918362,1,2,438,0,0.003721697721630335
sweep,2007,0.1,195559.3172638655,ScoreCost,59,9,23,1,0,22,1,0.043478260869565216,1.0,0.1111111111111111,1,50,196160.18855381012,1.0030725781739864,600.8712899446255,1,0,450,0,0.002799700014293194
sweep,2007,0.1,195559.3172638655,ReproAlloc,59,9,23,1,0,22,1,0.043478260869565216,1.0,0.1111111111111111,1,44,197613.4739637375,1.01050400834188,2054.1566998719936,1,2,456,0,0.009336600545793772
sweep,2007,0.1,195559.3172638655,ReproAlloc-OA,59,9,23,1,0,22,1,0.043478260869565216,1.0,0.1111111111111111,1,45,198049.37543272972,1.012733007067643,2490.058168864227,1,1,455,0,0.00922900065779686
sweep,2007,0.1,195559.3172638655,ReproAlloc-Optimistic,59,9,23,3,0,20,3,0.13043478260869565,1.0,0.3333333333333333,3,51,199232.0495712757,1.0187806562162143,3672.732307410217,1,0,449,0,0.007423796691000462
sweep,2007,0.15,293338.9758957982,Uniform,87,9,23,0,0,23,0,0.0,0.0,0.0,0,78,294590.09719228745,1.0042651041944515,1251.121296489262,1,0,422,0,0.0024770009331405163
sweep,2007,0.15,293338.9758957982,FailRerun,87,9,23,0,0,23,0,0.0,0.0,0.0,0,96,294035.4530637264,1.002374308309359,696.4771679282421,1,7,404,0,0.00506109744310379
sweep,2007,0.15,293338.9758957982,APGAI,87,9,23,3,0,20,3,0.13043478260869565,1.0,0.3333333333333333,3,90,293389.4523048401,1.0001720753571453,50.476409041904844,1,2,410,0,0.007998203858733177
sweep,2007,0.15,293338.9758957982,ScoreCost,87,9,23,3,0,20,3,0.13043478260869565,1.0,0.3333333333333333,3,83,298012.21329545975,1.0159311846828074,4673.237399661564,1,0,417,0,0.008079399354755878
sweep,2007,0.15,293338.9758957982,ReproAlloc,87,9,23,3,0,20,3,0.13043478260869565,1.0,0.3333333333333333,3,77,294802.8412487507,1.0049903540723906,1463.8653529525036,1,1,423,0,0.012351701967418194
sweep,2007,0.15,293338.9758957982,ReproAlloc-OA,87,9,23,4,0,19,4,0.17391304347826086,1.0,0.4444444444444444,4,72,293861.50279712677,1.0017813074438298,522.526901328587,1,1,428,0,0.010720401536673307
sweep,2007,0.15,293338.9758957982,ReproAlloc-Optimistic,87,9,23,3,0,20,3,0.13043478260869565,1.0,0.3333333333333333,3,86,293712.02817320824,1.0012717446642432,373.05227741005365,1,0,414,0,0.01680470025166869
sweep,2007,0.2,391118.634527731,Uniform,116,9,23,0,0,23,0,0.0,0.0,0.0,0,110,392981.4683008194,1.004762835642791,1862.8337730884086,1,0,390,0,0.0031598000787198544
sweep,2007,0.2,391118.634527731,FailRerun,116,9,23,3,0,20,3,0.13043478260869565,1.0,0.3333333333333333,3,115,391686.17391967773,1.0014510671234882,567.539391946746,1,6,385,0,0.003972899634391069
sweep,2007,0.2,391118.634527731,APGAI,116,9,23,4,0,19,4,0.17391304347826086,1.0,0.4444444444444444,4,111,391190.3137431145,1.0001832671958217,71.6792153834831,1,3,389,0,0.006722799967974424
sweep,2007,0.2,391118.634527731,ScoreCost,116,9,23,6,0,17,6,0.2608695652173913,1.0,0.6666666666666666,6,120,394052.9909527302,1.0075024715417673,2934.3564249991905,1,2,380,0,0.006066599860787392
sweep,2007,0.2,391118.634527731,ReproAlloc,116,9,23,2,0,21,2,0.08695652173913043,1.0,0.2222222222222222,2,92,392791.9042518139,1.0042781641588194,1673.2697240829002,1,4,408,0,0.016919802874326706
sweep,2007,0.2,391118.634527731,ReproAlloc-OA,116,9,23,4,0,19,4,0.17391304347826086,1.0,0.4444444444444444,4,110,392497.773242712,1.0035261391128714,1379.1387149810325,1,3,390,0,0.019316898193210363
sweep,2007,0.2,391118.634527731,ReproAlloc-Optimistic,116,9,23,6,0,17,6,0.2608695652173913,1.0,0.6666666666666666,6,114,391399.9609415531,1.000719286653682,281.3264138221275,1,0,386,0,0.020273800939321518
sweep,2008,0.03,58667.79517915964,Uniform,19,8,23,0,0,23,0,0.0,0.0,0.0,0,16,58831.79857325554,1.0027954586258963,164.0033940958965,1,0,484,0,0.0006703007966279984
sweep,2008,0.03,58667.79517915964,FailRerun,19,8,23,0,0,23,0,0.0,0.0,0.0,0,18,62760.77599453926,1.0697653764366033,4092.9808153796184,1,1,482,0,0.0013941009528934956
sweep,2008,0.03,58667.79517915964,APGAI,19,8,23,0,0,23,0,0.0,0.0,0.0,0,17,62516.841942071915,1.0656074896143286,3849.0467629122722,1,0,483,0,0.001012799795717001
sweep,2008,0.03,58667.79517915964,ScoreCost,19,8,23,1,0,22,1,0.043478260869565216,1.0,0.125,1,16,59136.85257458687,1.0079951427183316,469.05739542722586,1,0,484,0,0.0013001016341149807
sweep,2008,0.03,58667.79517915964,ReproAlloc,19,8,23,0,0,23,0,0.0,0.0,0.0,0,17,61270.122133255005,1.044356992556962,2602.3269540953625,1,0,483,0,0.002560400404036045
sweep,2008,0.03,58667.79517915964,ReproAlloc-OA,19,8,23,0,0,23,0,0.0,0.0,0.0,0,11,61961.95807695389,1.0561494238488855,3294.1628977942455,1,1,489,0,0.0014891000464558601
sweep,2008,0.03,58667.79517915964,ReproAlloc-Optimistic,19,8,23,0,0,23,0,0.0,0.0,0.0,0,14,61161.39518737793,1.042503727992561,2493.6000082182873,1,0,486,0,0.0024300990626215935
sweep,2008,0.05,97779.65863193275,Uniform,30,8,23,0,0,23,0,0.0,0.0,0.0,0,28,98483.29004788399,1.007196091966325,703.6314159512403,1,0,472,0,0.0007606986910104752
sweep,2008,0.05,97779.65863193275,FailRerun,30,8,23,1,0,22,1,0.043478260869565216,1.0,0.125,1,24,100905.57816672325,1.031969016649539,3125.9195347905043,1,1,476,0,0.001038100104779005
sweep,2008,0.05,97779.65863193275,APGAI,30,8,23,0,0,23,0,0.0,0.0,0.0,0,28,99535.9562087059,1.0179617887947872,1756.297576773155,1,0,472,0,0.0012941989116370678
sweep,2008,0.05,97779.65863193275,ScoreCost,30,8,23,1,0,22,1,0.043478260869565216,1.0,0.125,1,32,98681.81049728394,1.0092263756897242,902.1518653511885,1,1,468,0,0.0017087017185986042
sweep,2008,0.05,97779.65863193275,ReproAlloc,30,8,23,0,0,23,0,0.0,0.0,0.0,0,29,98886.90211391449,1.0113238632397938,1107.2434819817427,1,0,471,0,0.005356299690902233
sweep,2008,0.05,97779.65863193275,ReproAlloc-OA,30,8,23,0,0,23,0,0.0,0.0,0.0,0,25,98865.0491514206,1.0111003713315623,1085.3905194878462,1,1,475,0,0.00522870197892189
sweep,2008,0.05,97779.65863193275,ReproAlloc-Optimistic,30,8,23,2,0,21,2,0.08695652173913043,1.0,0.25,2,27,100883.7585363388,1.0317458656313239,3104.099904406059,1,0,473,0,0.004178000148385763
sweep,2008,0.06,117335.59035831928,Uniform,36,8,23,0,0,23,0,0.0,0.0,0.0,0,25,121144.16191339493,1.0324587922849753,3808.571555075643,1,0,475,0,0.0009116004221141338
sweep,2008,0.06,117335.59035831928,FailRerun,36,8,23,0,0,23,0,0.0,0.0,0.0,0,42,119047.6963775158,1.0145915319807748,1712.106019196508,1,2,458,0,0.0023042988032102585
sweep,2008,0.06,117335.59035831928,APGAI,36,8,23,0,0,23,0,0.0,0.0,0.0,0,34,127903.48343420029,1.0900655380316304,10567.893075881002,1,0,466,0,0.0019484004005789757
sweep,2008,0.06,117335.59035831928,ScoreCost,36,8,23,1,0,22,1,0.043478260869565216,1.0,0.125,1,30,122288.85446214676,1.0422145070280995,4953.264103827474,1,0,470,0,0.0019776010885834694
sweep,2008,0.06,117335.59035831928,ReproAlloc,36,8,23,0,0,23,0,0.0,0.0,0.0,0,37,122224.173869133,1.0416632625777478,4888.583510813711,1,0,463,0,0.009117198642343283
sweep,2008,0.06,117335.59035831928,ReproAlloc-OA,36,8,23,3,0,20,3,0.13043478260869565,1.0,0.375,3,36,117406.69581890106,1.0006060007911037,71.10546058177715,1,0,464,0,0.005273400340229273
sweep,2008,0.06,117335.59035831928,ReproAlloc-Optimistic,36,8,23,1,0,22,1,0.043478260869565216,1.0,0.125,1,30,119193.23550796509,1.0158318984374044,1857.645149645803,1,1,470,0,0.004769499879330397
sweep,2008,0.07,136891.52208470585,Uniform,41,8,23,0,0,23,0,0.0,0.0,0.0,0,36,141605.2077372074,1.0344337295744643,4713.685652501561,1,0,464,0,0.001081300899386406
sweep,2008,0.07,136891.52208470585,FailRerun,41,8,23,2,0,21,2,0.08695652173913043,1.0,0.25,2,42,139900.4157397747,1.0219801314883985,3008.8936550688522,1,2,458,0,0.001573298592120409
sweep,2008,0.07,136891.52208470585,APGAI,41,8,23,0,0,23,0,0.0,0.0,0.0,0,36,137512.8885228634,1.0045391155616858,621.3664381575363,1,0,464,0,0.0019486998207867146
sweep,2008,0.07,136891.52208470585,ScoreCost,41,8,23,1,0,22,1,0.043478260869565216,1.0,0.125,1,40,142035.56275606155,1.037577496349063,5144.040671355702,1,1,460,0,0.0019103996455669403
sweep,2008,0.07,136891.52208470585,ReproAlloc,41,8,23,2,0,21,2,0.08695652173913043,1.0,0.25,2,35,139203.00096702576,1.0168854787142305,2311.478882319905,1,1,465,0,0.005362701136618853
sweep,2008,0.07,136891.52208470585,ReproAlloc-OA,41,8,23,1,0,22,1,0.043478260869565216,1.0,0.125,1,38,137401.28138375282,1.0037238193518774,509.75929904697114,1,1,462,0,0.007386799901723862
sweep,2008,0.07,136891.52208470585,ReproAlloc-Optimistic,41,8,23,2,0,21,2,0.08695652173913043,1.0,0.25,2,37,137245.03706216812,1.002582446100961,353.5149774622696,1,0,463,0,0.005219301674515009
sweep,2008,0.08,156447.4538110924,Uniform,47,8,23,0,0,23,0,0.0,0.0,0.0,0,45,159655.5157675743,1.0205056833993322,3208.061956481921,1,0,455,0,0.0011798026971518993
sweep,2008,0.08,156447.4538110924,FailRerun,47,8,23,2,0,21,2,0.08695652173913043,1.0,0.25,2,66,157176.24503588676,1.0046583770271797,728.791224794375,1,4,434,0,0.003162800334393978
sweep,2008,0.08,156447.4538110924,APGAI,47,8,23,0,0,23,0,0.0,0.0,0.0,0,43,156555.1730632782,1.0006885331116726,107.71925218580873,1,0,457,0,0.0020343000069260597
sweep,2008,0.08,156447.4538110924,ScoreCost,47,8,23,2,0,21,2,0.08695652173913043,1.0,0.25,2,47,158090.02687430382,1.0104991997197654,1642.5730632114282,1,1,453,0,0.00297229690477252
sweep,2008,0.08,156447.4538110924,ReproAlloc,47,8,23,2,0,21,2,0.08695652173913043,1.0,0.25,2,47,157823.5600247383,1.0087959642686646,1376.1062136459223,1,0,453,0,0.006284299772232771
sweep,2008,0.08,156447.4538110924,ReproAlloc-OA,47,8,23,2,0,21,2,0.08695652173913043,1.0,0.25,2,41,157130.3975906372,1.004365323710346,682.9437795448175,1,1,459,0,0.006879100110381842
sweep,2008,0.08,156447.4538110924,ReproAlloc-Optimistic,47,8,23,3,0,20,3,0.13043478260869565,1.0,0.375,3,45,157157.78774094582,1.0045403994283675,710.3339298534265,1,0,455,0,0.008672697935253382
sweep,2008,0.1,195559.3172638655,Uniform,59,8,23,0,0,23,0,0.0,0.0,0.0,0,54,196133.61655259132,1.0029367012360293,574.2992887258297,1,0,446,0,0.0015265000984072685
sweep,2008,0.1,195559.3172638655,FailRerun,59,8,23,0,0,23,0,0.0,0.0,0.0,0,45,201738.54256916046,1.0315977034065702,6179.225305294967,1,2,455,0,0.0022511007264256477
sweep,2008,0.1,195559.3172638655,APGAI,59,8,23,1,0,22,1,0.043478260869565216,1.0,0.125,1,56,195991.65467381477,1.0022107737744141,432.3374099492794,1,0,444,0,0.003316500224173069
sweep,2008,0.1,195559.3172638655,ScoreCost,59,8,23,3,0,20,3,0.13043478260869565,1.0,0.375,3,61,198472.1642472744,1.014894953736613,2912.8469834089046,1,1,439,0,0.003066698554903269
sweep,2008,0.1,195559.3172638655,ReproAlloc,59,8,23,3,0,20,3,0.13043478260869565,1.0,0.375,3,55,197766.56851363182,1.0112868631402927,2207.2512497663265,1,1,445,0,0.007969299331307411
sweep,2008,0.1,195559.3172638655,ReproAlloc-OA,59,8,23,0,0,23,0,0.0,0.0,0.0,0,45,198228.09472870827,1.0136468949788868,2668.777464842773,1,2,455,0,0.007397899404168129
sweep,2008,0.1,195559.3172638655,ReproAlloc-Optimistic,59,8,23,3,0,20,3,0.13043478260869565,1.0,0.375,3,53,198758.57242274284,1.0163595128252603,3199.2551588773495,1,1,447,0,0.009257100522518158
sweep,2008,0.15,293338.9758957982,Uniform,87,8,23,0,0,23,0,0.0,0.0,0.0,0,81,297086.4513208866,1.0127752386591125,3747.475425088429,1,0,419,0,0.0022730017080903053
sweep,2008,0.15,293338.9758957982,FailRerun,87,8,23,1,0,22,1,0.043478260869565216,1.0,0.125,1,95,294315.2859272957,1.0033282656302867,976.3100314975018,1,6,405,0,0.003880902659147978
sweep,2008,0.15,293338.9758957982,APGAI,87,8,23,3,0,20,3,0.13043478260869565,1.0,0.375,3,78,293680.0897965431,1.0011628659290954,341.1139007449383,1,1,422,0,0.004749400075525045
sweep,2008,0.15,293338.9758957982,ScoreCost,87,8,23,1,0,22,1,0.043478260869565216,1.0,0.125,1,83,295207.13699150085,1.0063686085014707,1868.1610957026714,1,2,417,0,0.004420801997184753
sweep,2008,0.15,293338.9758957982,ReproAlloc,87,8,23,1,0,22,1,0.043478260869565216,1.0,0.125,1,72,293897.69397354126,1.0019046840810597,558.7180777430767,1,3,428,0,0.017054202035069466
sweep,2008,0.15,293338.9758957982,ReproAlloc-OA,87,8,23,3,0,20,3,0.13043478260869565,1.0,0.375,3,68,294059.6141502857,1.0024566740655136,720.6382544875378,1,1,432,0,0.016926898155361414
sweep,2008,0.15,293338.9758957982,ReproAlloc-Optimistic,87,8,23,5,0,18,5,0.21739130434782608,1.0,0.625,5,83,296123.6630151272,1.0094930689344133,2784.687119328999,1,0,417,0,0.017230899538844824
sweep,2008,0.2,391118.634527731,Uniform,116,8,23,0,0,23,0,0.0,0.0,0.0,0,107,392159.9123966694,1.0026623069754672,1041.2778689383995,1,0,393,0,0.0059820967726409435
sweep,2008,0.2,391118.634527731,FailRerun,116,8,23,3,0,20,3,0.13043478260869565,1.0,0.375,3,73,396195.3993742466,1.0129801149787856,5076.764846515609,1,2,427,0,0.004305201582610607
sweep,2008,0.2,391118.634527731,APGAI,116,8,23,5,0,18,5,0.21739130434782608,1.0,0.625,5,104,392769.3331449032,1.0042204550523792,1650.6986171721946,1,2,396,0,0.0067495983093976974
sweep,2008,0.2,391118.634527731,ScoreCost,116,8,23,5,0,18,5,0.21739130434782608,1.0,0.625,5,114,391361.95714330673,1.0006221197204515,243.32261557574384,1,3,386,0,0.005860600154846907
sweep,2008,0.2,391118.634527731,ReproAlloc,116,8,23,4,0,19,4,0.17391304347826086,1.0,0.5,4,92,392254.348146677,1.0029037573735584,1135.7136189460289,1,2,408,0,0.01830780040472746
sweep,2008,0.2,391118.634527731,ReproAlloc-OA,116,8,23,3,0,20,3,0.13043478260869565,1.0,0.375,3,98,393524.0750951767,1.006150155873678,2405.4405674457084,1,3,402,0,0.02244250290095806
sweep,2008,0.2,391118.634527731,ReproAlloc-Optimistic,116,8,23,5,0,18,5,0.21739130434782608,1.0,0.625,5,106,393214.2687551975,1.0053580526276815,2095.6342274665367,1,1,394,0,0.01628770027309656
sweep,2009,0.03,58667.79517915964,Uniform,19,8,23,0,0,23,0,0.0,0.0,0.0,0,16,59055.75767612457,1.0066128699021357,387.9624969649303,1,0,484,0,0.00040659913793206215
sweep,2009,0.03,58667.79517915964,FailRerun,19,8,23,1,0,22,1,0.043478260869565216,1.0,0.125,1,23,58992.95615816116,1.0055424100736792,325.1609790015209,1,1,477,0,0.0008432008326053619
sweep,2009,0.03,58667.79517915964,APGAI,19,8,23,0,0,23,0,0.0,0.0,0.0,0,15,60320.589408397675,1.0281720869889643,1652.7942292380321,1,0,485,0,0.0008542011491954327
sweep,2009,0.03,58667.79517915964,ScoreCost,19,8,23,1,0,22,1,0.043478260869565216,1.0,0.125,1,21,63613.32315135002,1.0842971507125456,4945.527972190379,1,0,479,0,0.0011032004840672016
sweep,2009,0.03,58667.79517915964,ReproAlloc,19,8,23,1,0,22,1,0.043478260869565216,1.0,0.125,1,15,60864.57194042206,1.0374443381510061,2196.7767612624157,1,0,485,0,0.0015497002750635147
sweep,2009,0.03,58667.79517915964,ReproAlloc-OA,19,8,23,1,0,22,1,0.043478260869565216,1.0,0.125,1,15,59476.82485413551,1.0137900132859137,809.0296749758709,1,0,485,0,0.00166229996830225
sweep,2009,0.03,58667.79517915964,ReproAlloc-Optimistic,19,8,23,0,0,23,0,0.0,0.0,0.0,0,12,60587.1752281189,1.0327160760532734,1919.380048959254,1,0,488,0,0.0020990995690226555
sweep,2009,0.05,97779.65863193275,Uniform,30,8,23,0,0,23,0,0.0,0.0,0.0,0,24,100237.27540159225,1.0251342334801004,2457.6167696595076,1,0,476,0,0.0006287004798650742
sweep,2009,0.05,97779.65863193275,FailRerun,30,8,23,1,0,22,1,0.043478260869565216,1.0,0.125,1,41,99929.66074180603,1.021988234976013,2150.002109873283,1,3,459,0,0.0013585984706878662
sweep,2009,0.05,97779.65863193275,APGAI,30,8,23,0,0,23,0,0.0,0.0,0.0,0,26,101028.7077486515,1.0332282722416632,3249.0491167187574,1,0,474,0,0.0012386990711092949
sweep,2009,0.05,97779.65863193275,ScoreCost,30,8,23,1,0,22,1,0.043478260869565216,1.0,0.125,1,22,98468.14125847816,1.0070411641457764,688.4826265454176,1,0,478,0,0.0010828981176018715
sweep,2009,0.05,97779.65863193275,ReproAlloc,30,8,23,2,0,21,2,0.08695652173913043,1.0,0.25,2,31,99463.95976161957,1.0172254756587662,1684.3011296868208,1,0,469,0,0.003899998962879181
sweep,2009,0.05,97779.65863193275,ReproAlloc-OA,30,8,23,2,0,21,2,0.08695652173913043,1.0,0.25,2,28,100131.79263472557,1.0240554532067538,2352.1340027928236,1,0,472,0,0.003862799145281315
sweep,2009,0.05,97779.65863193275,ReproAlloc-Optimistic,30,8,23,2,0,21,2,0.08695652173913043,1.0,0.25,2,31,100877.23504900932,1.0316791494306259,3097.576417076576,1,0,469,0,0.004486700985580683
sweep,2009,0.06,117335.59035831928,Uniform,36,8,23,0,0,23,0,0.0,0.0,0.0,0,28,118993.80769205093,1.0141322622459885,1658.217333731649,1,0,472,0,0.0007119989022612572
sweep,2009,0.06,117335.59035831928,FailRerun,36,8,23,0,0,23,0,0.0,0.0,0.0,0,30,121413.67120075226,1.0347557022552094,4078.0808424329734,1,2,470,0,0.0009559006430208683
sweep,2009,0.06,117335.59035831928,APGAI,36,8,23,0,0,23,0,0.0,0.0,0.0,0,31,120682.51119041443,1.0285243447608208,3346.920832095144,1,0,469,0,0.0013882005587220192
sweep,2009,0.06,117335.59035831928,ScoreCost,36,8,23,2,0,21,2,0.08695652173913043,1.0,0.25,2,41,120516.43106031418,1.0271089163337503,3180.8407019948936,1,0,459,0,0.002631799317896366
sweep,2009,0.06,117335.59035831928,ReproAlloc,36,8,23,0,0,23,0,0.0,0.0,0.0,0,30,118494.88978791237,1.0098802028101859,1159.299429593084,1,1,470,0,0.00532549899071455
sweep,2009,0.06,117335.59035831928,ReproAlloc-OA,36,8,23,1,0,22,1,0.043478260869565216,1.0,0.125,1,33,119057.50913882256,1.0146751618604797,1721.9187805032707,1,0,467,0,0.005415399558842182
sweep,2009,0.06,117335.59035831928,ReproAlloc-Optimistic,36,8,23,1,0,22,1,0.043478260869565216,1.0,0.125,1,32,121004.57131171227,1.0312691225414954,3668.98095339298,1,0,468,0,0.006500400602817535
sweep,2009,0.07,136891.52208470585,Uniform,41,8,23,0,0,23,0,0.0,0.0,0.0,0,40,142342.105782032,1.0398168097944989,5450.583697326161,1,0,460,0,0.0010572965256869793
sweep,2009,0.07,136891.52208470585,FailRerun,41,8,23,1,0,22,1,0.043478260869565216,1.0,0.125,1,39,139723.1705083847,1.0206853454513178,2831.648423678853,1,2,461,0,0.0015146993100643158
sweep,2009,0.07,136891.52208470585,APGAI,41,8,23,0,0,23,0,0.0,0.0,0.0,0,36,138092.36520814896,1.008772224204652,1200.8431234431046,1,0,464,0,0.0016033011488616467
sweep,2009,0.07,136891.52208470585,ScoreCost,41,8,23,0,0,23,0,0.0,0.0,0.0,0,40,139615.48059034348,1.0198986647540678,2723.9585056376236,1,1,460,0,0.002461597789078951
sweep,2009,0.07,136891.52208470585,ReproAlloc,41,8,23,1,0,22,1,0.043478260869565216,1.0,0.125,1,44,140619.6241965294,1.0272339883073012,3728.1021118235367,1,1,456,0,0.007102400064468384
sweep,2009,0.07,136891.52208470585,ReproAlloc-OA,41,8,23,1,0,22,1,0.043478260869565216,1.0,0.125,1,36,138566.31435108185,1.0122344484221577,1674.7922663759964,1,0,464,0,0.005431799218058586
sweep,2009,0.07,136891.52208470585,ReproAlloc-Optimistic,41,8,23,2,0,21,2,0.08695652173913043,1.0,0.25,2,32,141470.33021187782,1.0334484419300904,4578.808127171971,1,0,468,0,0.005508099216967821
sweep,2009,0.08,156447.4538110924,Uniform,47,8,23,0,0,23,0,0.0,0.0,0.0,0,45,156534.63051056862,1.0005572267068117,87.17669947622926,1,0,455,0,0.0012074019759893417
sweep,2009,0.08,156447.4538110924,FailRerun,47,8,23,1,0,22,1,0.043478260869565216,1.0,0.125,1,39,158627.1590168476,1.0139325067468798,2179.705205755221,1,3,461,0,0.001526599284261465
sweep,2009,0.08,156447.4538110924,APGAI,47,8,23,0,0,23,0,0.0,0.0,0.0,0,43,156607.5707397461,1.0010234549988077,160.11692865370424,1,0,457,0,0.002366097643971443
sweep,2009,0.08,156447.4538110924,ScoreCost,47,8,23,0,0,23,0,0.0,0.0,0.0,0,50,158978.15374565125,1.0161760378511153,2530.6999345588556,1,0,450,0,0.003027197904884815
sweep,2009,0.08,156447.4538110924,ReproAlloc,47,8,23,2,0,21,2,0.08695652173913043,1.0,0.25,2,50,159607.76124715805,1.0202004402058322,3160.307436065661,1,1,450,0,0.007526301313191652
sweep,2009,0.08,156447.4538110924,ReproAlloc-OA,47,8,23,1,0,22,1,0.043478260869565216,1.0,0.125,1,36,158927.48840212822,1.0158521889019072,2480.03459103583,1,1,464,0,0.005611199885606766
sweep,2009,0.08,156447.4538110924,ReproAlloc-Optimistic,47,8,23,3,0,20,3,0.13043478260869565,1.0,0.375,3,49,157203.49226641655,1.0048325392130515,756.0384553241602,1,0,451,0,0.006953901145607233
sweep,2009,0.1,195559.3172638655,Uniform,59,8,23,0,0,23,0,0.0,0.0,0.0,0,50,201444.55175471306,1.0300943702053669,5885.234490847564,1,0,450,0,0.0014334013685584068
sweep,2009,0.1,195559.3172638655,FailRerun,59,8,23,1,0,22,1,0.043478260869565216,1.0,0.125,1,67,199480.29537010193,1.0200500705417472,3920.9781062364345,1,4,433,0,0.0025416994467377663
sweep,2009,0.1,195559.3172638655,APGAI,59,8,23,1,0,22,1,0.043478260869565216,1.0,0.125,1,56,197933.59038066864,1.0121409358041458,2374.273116803146,1,0,444,0,0.003223201259970665
sweep,2009,0.1,195559.3172638655,ScoreCost,59,8,23,3,0,20,3,0.13043478260869565,1.0,0.375,3,61,198427.49626636505,1.0146665423188688,2868.179002499557,1,1,439,0,0.003178402315825224
sweep,2009,0.1,195559.3172638655,ReproAlloc,59,8,23,2,0,21,2,0.08695652173913043,1.0,0.25,2,51,196397.6445298195,1.0042868183305367,838.3272659539944,1,0,449,0,0.007384400814771652
sweep,2009,0.1,195559.3172638655,ReproAlloc-OA,59,8,23,2,0,21,2,0.08695652173913043,1.0,0.25,2,61,196122.87378430367,1.0028817676821697,563.556520438171,1,1,439,0,0.011762899812310934
sweep,2009,0.1,195559.3172638655,ReproAlloc-Optimistic,59,8,23,3,0,20,3,0.13043478260869565,1.0,0.375,3,54,196715.7672972679,1.0059135511904147,1156.4500334024196,1,0,446,0,0.009095500223338604
sweep,2009,0.15,293338.9758957982,Uniform,87,8,23,0,0,23,0,0.0,0.0,0.0,0,74,296952.38181328773,1.012318192311318,3613.405917489552,1,0,426,0,0.0018973988480865955
sweep,2009,0.15,293338.9758957982,FailRerun,87,8,23,2,0,21,2,0.08695652173913043,1.0,0.25,2,86,294559.98321676254,1.004162444889008,1221.0073209643597,1,6,414,0,0.0035080998204648495
sweep,2009,0.15,293338.9758957982,APGAI,87,8,23,4,0,19,4,0.17391304347826086,1.0,0.5,4,87,296384.34017944336,1.010381723991315,3045.3642836451763,1,1,413,0,0.006953502539545298
sweep,2009,0.15,293338.9758957982,ScoreCost,87,8,23,2,0,21,2,0.08695652173913043,1.0,0.25,2,88,296484.6425974369,1.0107236574752212,3145.666701638722,1,2,412,0,0.0047828019596636295
sweep,2009,0.15,293338.9758957982,ReproAlloc,87,8,23,4,0,19,4,0.17391304347826086,1.0,0.5,4,76,297726.7193655968,1.0149579286434722,4387.743469798588,1,0,424,0,0.011523600202053785
sweep,2009,0.15,293338.9758957982,ReproAlloc-OA,87,8,23,3,0,20,3,0.13043478260869565,1.0,0.375,3,71,294615.29189682007,1.004350993580462,1276.3160010218853,1,1,429,0,0.011247401125729084
sweep,2009,0.15,293338.9758957982,ReproAlloc-Optimistic,87,8,23,3,0,20,3,0.13043478260869565,1.0,0.375,3,78,297341.6209952831,1.0136451185433564,4002.645099484944,1,0,422,0,0.01207659812644124
sweep,2009,0.2,391118.634527731,Uniform,116,8,23,0,0,23,0,0.0,0.0,0.0,0,108,393710.7712585926,1.0066274948366793,2592.1367308616173,1,0,392,0,0.0029821968637406826
sweep,2009,0.2,391118.634527731,FailRerun,116,8,23,2,0,21,2,0.08695652173913043,1.0,0.25,2,114,391516.7628672123,1.001017922196323,398.1283394813072,1,6,386,0,0.005147500429302454
sweep,2009,0.2,391118.634527731,APGAI,116,8,23,4,0,19,4,0.17391304347826086,1.0,0.5,4,112,393285.5766637325,1.0055403704776635,2166.9421360015403,1,1,388,0,0.007320099975913763
sweep,2009,0.2,391118.634527731,ScoreCost,116,8,23,3,0,20,3,0.13043478260869565,1.0,0.375,3,103,391621.31639528275,1.001285241415712,502.681867551757,1,2,397,0,0.0051864986307919025
sweep,2009,0.2,391118.634527731,ReproAlloc,116,8,23,5,0,18,5,0.21739130434782608,1.0,0.625,5,105,393484.87939953804,1.0060499415341442,2366.244871807052,1,1,395,0,0.017589398194104433
sweep,2009,0.2,391118.634527731,ReproAlloc-OA,116,8,23,5,0,18,5,0.21739130434782608,1.0,0.625,5,97,392348.18218517303,1.00314366933431,1229.5476574420463,1,1,403,0,0.015478197019547224
sweep,2009,0.2,391118.634527731,ReproAlloc-Optimistic,116,8,23,5,0,18,5,0.21739130434782608,1.0,0.625,5,103,391538.88696837425,1.001074488412322,420.252440643264,1,0,397,0,0.01828290382400155
sweep,2010,0.03,58667.79517915964,Uniform,19,8,23,0,0,23,0,0.0,0.0,0.0,0,17,58981.99488043785,1.0053555737064723,314.1997012782085,1,0,483,0,0.00046930043026804924
sweep,2010,0.03,58667.79517915964,FailRerun,19,8,23,0,0,23,0,0.0,0.0,0.0,0,23,61144.73954677582,1.042219830488807,2476.9443676161754,1,1,477,0,0.0007988004945218563
sweep,2010,0.03,58667.79517915964,APGAI,19,8,23,0,0,23,0,0.0,0.0,0.0,0,16,62918.81296491623,1.072459136614472,4251.017785756587,1,0,484,0,0.0007486008107662201
sweep,2010,0.03,58667.79517915964,ScoreCost,19,8,23,1,0,22,1,0.043478260869565216,1.0,0.125,1,19,61477.35429048538,1.047889290926068,2809.5591113257397,1,0,481,0,0.0009261998347938061
sweep,2010,0.03,58667.79517915964,ReproAlloc,19,8,23,1,0,22,1,0.043478260869565216,1.0,0.125,1,18,59786.61663913727,1.019070453501124,1118.8214599776256,1,0,482,0,0.002552999649196863
sweep,2010,0.03,58667.79517915964,ReproAlloc-OA,19,8,23,1,0,22,1,0.043478260869565216,1.0,0.125,1,16,62010.38747525215,1.0569749090772016,3342.592296092509,1,0,484,0,0.0018874001689255238
sweep,2010,0.03,58667.79517915964,ReproAlloc-Optimistic,19,8,23,1,0,22,1,0.043478260869565216,1.0,0.125,1,16,62312.154314279556,1.0621185630717973,3644.359135119914,1,0,484,0,0.0025599999353289604
sweep,2010,0.05,97779.65863193275,Uniform,30,8,23,0,0,23,0,0.0,0.0,0.0,0,29,97867.22109079361,1.0008955079214428,87.56245886086253,1,0,471,0,0.0007528001442551613
sweep,2010,0.05,97779.65863193275,FailRerun,30,8,23,0,0,23,0,0.0,0.0,0.0,0,40,97864.37193155289,1.0008663693533542,84.71329962013988,1,2,460,0,0.0014639003202319145
sweep,2010,0.05,97779.65863193275,APGAI,30,8,23,0,0,23,0,0.0,0.0,0.0,0,27,98071.5917122364,1.0029856217989324,291.93308030365733,1,0,473,0,0.001314498484134674
sweep,2010,0.05,97779.65863193275,ScoreCost,30,8,23,1,0,22,1,0.043478260869565216,1.0,0.125,1,26,98861.33668422699,1.011062403647429,1081.6780522942427,1,0,474,0,0.0015922999009490013
sweep,2010,0.05,97779.65863193275,ReproAlloc,30,8,23,1,0,22,1,0.043478260869565216,1.0,0.125,1,35,98284.79602503777,1.005166078509299,505.1373931050184,1,0,465,0,0.00441069807857275
sweep,2010,0.05,97779.65863193275,ReproAlloc-OA,30,8,23,1,0,22,1,0.043478260869565216,1.0,0.125,1,31,102760.62290167809,1.0509407001357505,4980.964269745338,1,1,469,0,0.0051983012817800045
sweep,2010,0.05,97779.65863193275,ReproAlloc-Optimistic,30,8,23,1,0,22,1,0.043478260869565216,1.0,0.125,1,26,99575.08230304718,1.0183619343351653,1795.423671114433,1,0,474,0,0.004629600793123245
sweep,2010,0.06,117335.59035831928,Uniform,36,8,23,0,0,23,0,0.0,0.0,0.0,0,30,121327.41755628586,1.0340206001075747,3991.8271979665733,1,0,470,0,0.0008406983688473701
sweep,2010,0.06,117335.59035831928,FailRerun,36,8,23,0,0,23,0,0.0,0.0,0.0,0,33,119566.07717895508,1.0190094651914592,2230.4868206357933,1,3,467,0,0.001772498246282339
sweep,2010,0.06,117335.59035831928,APGAI,36,8,23,0,0,23,0,0.0,0.0,0.0,0,33,117884.29194188118,1.004676343996619,548.701583561895,1,0,467,0,0.001479501836001873
sweep,2010,0.06,117335.59035831928,ScoreCost,36,8,23,1,0,22,1,0.043478260869565216,1.0,0.125,1,31,119356.62831521034,1.017224423985248,2021.0379568910575,1,0,469,0,0.001376400701701641
sweep,2010,0.06,117335.59035831928,ReproAlloc,36,8,23,1,0,22,1,0.043478260869565216,1.0,0.125,1,34,118327.79476284981,1.0084561248765231,992.2044045305229,1,1,466,0,0.006250899285078049
sweep,2010,0.06,117335.59035831928,ReproAlloc-OA,36,8,23,2,0,21,2,0.08695652173913043,1.0,0.25,2,38,120293.26788830757,1.025206994066814,2957.6775299882866,1,0,462,0,0.0041176993399858475
sweep,2010,0.06,117335.59035831928,ReproAlloc-Optimistic,36,8,23,1,0,22,1,0.043478260869565216,1.0,0.125,1,31,119979.51198458672,1.0225329895063673,2643.921626267431,1,0,469,0,0.005566101521253586
sweep,2010,0.07,136891.52208470585,Uniform,41,8,23,0,0,23,0,0.0,0.0,0.0,0,39,138690.61636590958,1.0131424813882226,1799.0942812037247,1,0,461,0,0.0010986006818711758
sweep,2010,0.07,136891.52208470585,FailRerun,41,8,23,1,0,22,1,0.043478260869565216,1.0,0.125,1,42,137049.56103253365,1.0011544830930437,158.0389478277939,1,1,458,0,0.0016555003821849823
sweep,2010,0.07,136891.52208470585,APGAI,41,8,23,0,0,23,0,0.0,0.0,0.0,0,39,137181.47836065292,1.0021181463361015,289.95627594707184,1,0,461,0,0.0017792992293834686
sweep,2010,0.07,136891.52208470585,ScoreCost,41,8,23,2,0,21,2,0.08695652173913043,1.0,0.25,2,43,137017.46471452713,1.0009200177476538,125.94262982127839,1,0,457,0,0.002185800112783909
sweep,2010,0.07,136891.52208470585,ReproAlloc,41,8,23,2,0,21,2,0.08695652173913043,1.0,0.25,2,51,138300.71761918068,1.0102942498776721,1409.1955344748276,1,1,449,0,0.00913579948246479
sweep,2010,0.07,136891.52208470585,ReproAlloc-OA,41,8,23,2,0,21,2,0.08695652173913043,1.0,0.25,2,47,137052.3492949009,1.0011748515009975,160.82721019504243,1,1,453,0,0.009911099914461374
sweep,2010,0.07,136891.52208470585,ReproAlloc-Optimistic,41,8,23,3,0,20,3,0.13043478260869565,1.0,0.375,3,42,140054.38272237778,1.0231048686544284,3162.8606376719254,1,0,458,0,0.005731299985200167
sweep,2010,0.08,156447.4538110924,Uniform,47,8,23,0,0,23,0,0.0,0.0,0.0,0,41,157648.43506979942,1.007676579128972,1200.9812587070337,1,0,459,0,0.0010237004607915878
sweep,2010,0.08,156447.4538110924,FailRerun,47,8,23,1,0,22,1,0.043478260869565216,1.0,0.125,1,50,157399.36735773087,1.0060845576163093,951.913546638476,1,3,450,0,0.00179769704118371
sweep,2010,0.08,156447.4538110924,APGAI,47,8,23,0,0,23,0,0.0,0.0,0.0,0,48,158568.41573882103,1.0135570242663692,2120.96192772864,1,0,452,0,0.0026583014987409115
sweep,2010,0.08,156447.4538110924,ScoreCost,47,8,23,3,0,20,3,0.13043478260869565,1.0,0.375,3,46,161255.9045779705,1.0307352446444047,4808.450766878115,1,1,454,0,0.0022017983719706535
sweep,2010,0.08,156447.4538110924,ReproAlloc,47,8,23,3,0,20,3,0.13043478260869565,1.0,0.375,3,45,156907.7241563797,1.002942012375881,460.2703452873102,1,0,455,0,0.007286599837243557
sweep,2010,0.08,156447.4538110924,ReproAlloc-OA,47,8,23,1,0,22,1,0.043478260869565216,1.0,0.125,1,52,156590.1454539299,1.0009120739223396,142.6916428375116,1,1,448,0,0.01215319987386465
sweep,2010,0.08,156447.4538110924,ReproAlloc-Optimistic,47,8,23,1,0,22,1,0.043478260869565216,1.0,0.125,1,44,159399.23584914207,1.0188675620225427,2951.782038049685,1,0,456,0,0.00819289730861783
sweep,2010,0.1,195559.3172638655,Uniform,59,8,23,0,0,23,0,0.0,0.0,0.0,0,53,200428.37542414665,1.0248981139247455,4869.058160281158,1,0,447,0,0.0014209998771548271
sweep,2010,0.1,195559.3172638655,FailRerun,59,8,23,3,0,20,3,0.13043478260869565,1.0,0.375,3,57,199559.8366947174,1.0204568081277052,4000.519430851913,1,2,443,0,0.0020335987210273743
sweep,2010,0.1,195559.3172638655,APGAI,59,8,23,1,0,22,1,0.043478260869565216,1.0,0.125,1,59,196213.2169611454,1.0033437409499524,653.8996972799068,1,0,441,0,0.0031768004409968853
sweep,2010,0.1,195559.3172638655,ScoreCost,59,8,23,2,0,21,2,0.08695652173913043,1.0,0.25,2,57,195845.63797020912,1.0014641118119536,286.32070634362753,1,2,443,0,0.002814801875501871
sweep,2010,0.1,195559.3172638655,ReproAlloc,59,8,23,1,0,22,1,0.043478260869565216,1.0,0.125,1,67,196605.3796095848,1.0053490795547617,1046.0623457193142,1,2,433,0,0.0160341989248991
sweep,2010,0.1,195559.3172638655,ReproAlloc-OA,59,8,23,1,0,22,1,0.043478260869565216,1.0,0.125,1,68,196143.6826016903,1.0029881743606024,584.3653378247982,1,2,432,0,0.017390799708664417
sweep,2010,0.1,195559.3172638655,ReproAlloc-Optimistic,59,8,23,3,0,20,3,0.13043478260869565,1.0,0.375,3,58,197156.33674645424,1.0081664198102815,1597.0194825887447,1,0,442,0,0.009210401680320501
sweep,2010,0.15,293338.9758957982,Uniform,87,8,23,0,0,23,0,0.0,0.0,0.0,0,75,293957.75523781776,1.0021094344525134,618.7793420195812,1,0,425,0,0.0019827019423246384
sweep,2010,0.15,293338.9758957982,FailRerun,87,8,23,1,0,22,1,0.043478260869565216,1.0,0.125,1,70,293767.5705194473,1.0014610899296295,428.5946236491436,1,5,430,0,0.0024478030391037464
sweep,2010,0.15,293338.9758957982,APGAI,87,8,23,4,0,19,4,0.17391304347826086,1.0,0.5,4,90,296896.1109855175,1.0121263636339377,3557.135089719319,1,0,410,0,0.006090102717280388
sweep,2010,0.15,293338.9758957982,ScoreCost,87,8,23,3,0,20,3,0.13043478260869565,1.0,0.375,3,93,295905.36124300957,1.0087488726630145,2566.385347211384,1,3,407,0,0.004796699620783329
sweep,2010,0.15,293338.9758957982,ReproAlloc,87,8,23,3,0,20,3,0.13043478260869565,1.0,0.375,3,85,294803.63838911057,1.0049930715440716,1464.6624933123821,1,3,415,0,0.018214902840554714
sweep,2010,0.15,293338.9758957982,ReproAlloc-OA,87,8,23,3,0,20,3,0.13043478260869565,1.0,0.375,3,73,295890.7436373234,1.0086990408749217,2551.7677415251965,1,1,427,0,0.013183800503611565
sweep,2010,0.15,293338.9758957982,ReproAlloc-Optimistic,87,8,23,4,0,19,4,0.17391304347826086,1.0,0.5,4,84,295130.9103965759,1.0061087501083195,1791.9345007777447,1,0,416,0,0.016767702531069517
sweep,2010,0.2,391118.634527731,Uniform,116,8,23,0,0,23,0,0.0,0.0,0.0,0,109,393628.094332695,1.0064161090355466,2509.459804964019,1,1,391,0,0.0028257030062377453
sweep,2010,0.2,391118.634527731,FailRerun,116,8,23,4,0,19,4,0.17391304347826086,1.0,0.5,4,128,394512.9171886444,1.008678396683942,3394.282660913421,1,7,372,0,0.004820900037884712
sweep,2010,0.2,391118.634527731,APGAI,116,8,23,5,0,18,5,0.21739130434782608,1.0,0.625,5,112,392732.8575205803,1.0041271953068625,1614.2229928493034,1,1,388,0,0.007450401317328215
sweep,2010,0.2,391118.634527731,ScoreCost,116,8,23,3,0,20,3,0.13043478260869565,1.0,0.375,3,126,395088.9710326195,1.0101512332944265,3970.336504888488,1,3,374,0,0.006872797850519419
sweep,2010,0.2,391118.634527731,ReproAlloc,116,8,23,3,0,20,3,0.13043478260869565,1.0,0.375,3,103,393779.4668776989,1.0068031336660317,2660.83234996791,1,3,397,0,0.022911797277629375
sweep,2010,0.2,391118.634527731,ReproAlloc-OA,116,8,23,4,0,19,4,0.17391304347826086,1.0,0.5,4,114,394399.59172463417,1.0083886496506742,3280.957196903182,1,3,386,0,0.024262603372335434
sweep,2010,0.2,391118.634527731,ReproAlloc-Optimistic,116,8,23,5,0,18,5,0.21739130434782608,1.0,0.625,5,109,391183.6333396435,1.0001661869473208,64.99881191249005,1,1,391,0,0.019810499157756567
sweep,2011,0.03,58667.79517915964,Uniform,19,8,23,0,0,23,0,0.0,0.0,0.0,0,18,59380.82078623772,1.012153611788216,713.0256070780742,1,0,482,0,0.0005035996437072754
sweep,2011,0.03,58667.79517915964,FailRerun,19,8,23,0,0,23,0,0.0,0.0,0.0,0,27,59843.86668300629,1.0200462877504628,1176.0715038466442,1,2,473,0,0.001073798630386591
sweep,2011,0.03,58667.79517915964,APGAI,19,8,23,0,0,23,0,0.0,0.0,0.0,0,14,59653.40834569931,1.0167999012666116,985.6131665396679,1,0,486,0,0.000777900218963623
sweep,2011,0.03,58667.79517915964,ScoreCost,19,8,23,1,0,22,1,0.043478260869565216,1.0,0.125,1,15,61015.99526810646,1.040025367951461,2348.200088946818,1,0,485,0,0.0008267005905508995
sweep,2011,0.03,58667.79517915964,ReproAlloc,19,8,23,1,0,22,1,0.043478260869565216,1.0,0.125,1,15,60802.283484220505,1.0363826235252673,2134.4883050608623,1,0,485,0,0.0017895004712045193
sweep,2011,0.03,58667.79517915964,ReproAlloc-OA,19,8,23,1,0,22,1,0.043478260869565216,1.0,0.125,1,22,61023.44279265404,1.040152311950717,2355.647613494395,1,0,478,0,0.002834801096469164
sweep,2011,0.03,58667.79517915964,ReproAlloc-Optimistic,19,8,23,1,0,22,1,0.043478260869565216,1.0,0.125,1,17,60956.52835583687,1.0390117468994342,2288.733176677226,1,0,483,0,0.0025790007784962654
sweep,2011,0.05,97779.65863193275,Uniform,30,8,23,0,0,23,0,0.0,0.0,0.0,0,23,98346.82107543945,1.0058004134136083,567.162443506706,1,0,477,0,0.0006490000523626804
sweep,2011,0.05,97779.65863193275,FailRerun,30,8,23,0,0,23,0,0.0,0.0,0.0,0,27,101614.30954885483,1.0392172663575834,3834.650916922081,1,2,473,0,0.0015772008337080479
sweep,2011,0.05,97779.65863193275,APGAI,30,8,23,0,0,23,0,0.0,0.0,0.0,0,27,98413.44316363335,1.0064817625727895,633.7845317005995,1,0,473,0,0.0012311008758842945
sweep,2011,0.05,97779.65863193275,ScoreCost,30,8,23,1,0,22,1,0.043478260869565216,1.0,0.125,1,30,99109.70197606087,1.0136024543625657,1330.0433441281202,1,0,470,0,0.0020183990709483624
sweep,2011,0.05,97779.65863193275,ReproAlloc,30,8,23,2,0,21,2,0.08695652173913043,1.0,0.25,2,27,100908.00908756256,1.0319938778617106,3128.350455629814,1,0,473,0,0.004840201232582331
sweep,2011,0.05,97779.65863193275,ReproAlloc-OA,30,8,23,1,0,22,1,0.043478260869565216,1.0,0.125,1,32,99631.64155483246,1.0189403701016286,1851.9829228997114,1,1,468,0,0.005536097567528486
sweep,2011,0.05,97779.65863193275,ReproAlloc-Optimistic,30,8,23,1,0,22,1,0.043478260869565216,1.0,0.125,1,26,101401.75358986855,1.0370434404109579,3622.0949579357984,1,0,474,0,0.004679400008171797
sweep,2011,0.06,117335.59035831928,Uniform,36,8,23,0,0,23,0,0.0,0.0,0.0,0,28,118126.0907421112,1.006737089585333,790.5003837919212,1,0,472,0,0.0008618989959359169
sweep,2011,0.06,117335.59035831928,FailRerun,36,8,23,2,0,21,2,0.08695652173913043,1.0,0.25,2,36,118653.66457939148,1.0112333710261914,1318.0742210721946,1,1,464,0,0.0012240023352205753
sweep,2011,0.06,117335.59035831928,APGAI,36,8,23,0,0,23,0,0.0,0.0,0.0,0,31,120258.64939451218,1.0249119557609627,2923.0590361928917,1,0,469,0,0.0015252986922860146
sweep,2011,0.06,117335.59035831928,ScoreCost,36,8,23,2,0,21,2,0.08695652173913043,1.0,0.25,2,39,117587.01940822601,1.0021428200014924,251.42904990672832,1,1,461,0,0.0020331996493041515
sweep,2011,0.06,117335.59035831928,ReproAlloc,36,8,23,1,0,22,1,0.043478260869565216,1.0,0.125,1,30,117998.7128610611,1.0056515035269076,663.1225027418113,1,0,470,0,0.006649399641901255
sweep,2011,0.06,117335.59035831928,ReproAlloc-OA,36,8,23,1,0,22,1,0.043478260869565216,1.0,0.125,1,32,117397.42759728432,1.0005270117853944,61.83723896503216,1,0,468,0,0.006956899538636208
sweep,2011,0.06,117335.59035831928,ReproAlloc-Optimistic,36,8,23,2,0,21,2,0.08695652173913043,1.0,0.25,2,34,117359.7321639061,1.0002057500670776,24.141805586812552,1,0,466,0,0.007934999652206898
sweep,2011,0.07,136891.52208470585,Uniform,41,8,23,0,0,23,0,0.0,0.0,0.0,0,33,139776.7074818611,1.0210764359488236,2885.1853971552628,1,0,467,0,0.0012988001108169556
sweep,2011,0.07,136891.52208470585,FailRerun,41,8,23,2,0,21,2,0.08695652173913043,1.0,0.25,2,40,139620.0136885643,1.0199317792826506,2728.491603858449,1,1,460,0,0.0017217989079654217
sweep,2011,0.07,136891.52208470585,APGAI,41,8,23,0,0,23,0,0.0,0.0,0.0,0,37,138672.49900388718,1.0130101330751462,1780.9769191813248,1,0,463,0,0.0023602000437676907
sweep,2011,0.07,136891.52208470585,ScoreCost,41,8,23,2,0,21,2,0.08695652173913043,1.0,0.25,2,44,137759.74156212807,1.0063423904139583,868.2194774222153,1,0,456,0,0.0037072990089654922
sweep,2011,0.07,136891.52208470585,ReproAlloc,41,8,23,2,0,21,2,0.08695652173913043,1.0,0.25,2,38,138453.37702012062,1.0114094350886706,1561.854935414769,1,0,462,0,0.008598797023296356
sweep,2011,0.07,136891.52208470585,ReproAlloc-OA,41,8,23,2,0,21,2,0.08695652173913043,1.0,0.25,2,35,138096.10763835907,1.008799562860495,1204.585553653218,1,0,465,0,0.008603199385106564
sweep,2011,0.07,136891.52208470585,ReproAlloc-Optimistic,41,8,23,2,0,21,2,0.08695652173913043,1.0,0.25,2,37,140226.2667441368,1.024360490764121,3334.7446594309586,1,0,463,0,0.007712900172919035
sweep,2011,0.08,156447.4538110924,Uniform,47,8,23,0,0,23,0,0.0,0.0,0.0,0,42,159649.86825227737,1.0204695849192398,3202.4144411849848,1,0,458,0,0.0011679022572934628
sweep,2011,0.08,156447.4538110924,FailRerun,47,8,23,0,0,23,0,0.0,0.0,0.0,0,35,158819.3518924713,1.015160988712817,2371.898081378924,1,2,465,0,0.0011972994543612003
sweep,2011,0.08,156447.4538110924,APGAI,47,8,23,1,0,22,1,0.043478260869565216,1.0,0.125,1,45,157938.53536844254,1.009530877754972,1491.0815573501459,1,0,455,0,0.0023711007088422775
sweep,2011,0.08,156447.4538110924,ScoreCost,47,8,23,2,0,21,2,0.08695652173913043,1.0,0.25,2,57,156915.84484529495,1.0029939191900696,468.3910342025629,1,1,443,0,0.0030342997051775455
sweep,2011,0.08,156447.4538110924,ReproAlloc,47,8,23,3,0,20,3,0.13043478260869565,1.0,0.375,3,47,160505.50991344452,1.0259387801047384,4058.0561023521295,1,0,453,0,0.006503999698907137
sweep,2011,0.08,156447.4538110924,ReproAlloc-OA,47,8,23,2,0,21,2,0.08695652173913043,1.0,0.25,2,46,157074.68460845947,1.0040092106460514,627.2307973670831,1,0,454,0,0.008044700138270855
sweep,2011,0.08,156447.4538110924,ReproAlloc-Optimistic,47,8,23,4,0,19,4,0.17391304347826086,1.0,0.5,4,42,157929.15226125717,1.0094709016610388,1481.6984501647821,1,0,458,0,0.0062556019984185696
sweep,2011,0.1,195559.3172638655,Uniform,59,8,23,0,0,23,0,0.0,0.0,0.0,0,54,196135.684176445,1.0029472741091738,576.3669125795132,1,0,446,0,0.001816700678318739
sweep,2011,0.1,195559.3172638655,FailRerun,59,8,23,0,0,23,0,0.0,0.0,0.0,0,83,197341.98415732384,1.0091157349002862,1782.666893458343,1,5,417,0,0.0034723985008895397
sweep,2011,0.1,195559.3172638655,APGAI,59,8,23,2,0,21,2,0.08695652173913043,1.0,0.25,2,57,196843.02715682983,1.0065642993181054,1283.7098929643398,1,0,443,0,0.003133499063551426
sweep,2011,0.1,195559.3172638655,ScoreCost,59,8,23,3,0,20,3,0.13043478260869565,1.0,0.375,3,54,199841.98647522926,1.0218995917519247,4282.669211363769,1,0,446,0,0.0026633981615304947
sweep,2011,0.1,195559.3172638655,ReproAlloc,59,8,23,2,0,21,2,0.08695652173913043,1.0,0.25,2,59,196613.85409498215,1.0053924141578678,1054.536831116653,1,1,441,0,0.013125298544764519
sweep,2011,0.1,195559.3172638655,ReproAlloc-OA,59,8,23,1,0,22,1,0.043478260869565216,1.0,0.125,1,62,200589.81315875053,1.0257236319152079,5030.49589488504,1,1,438,0,0.016826599836349487
sweep,2011,0.1,195559.3172638655,ReproAlloc-Optimistic,59,8,23,4,0,19,4,0.17391304347826086,1.0,0.5,4,62,198745.59027576447,1.0162931281233702,3186.273011898971,1,0,438,0,0.012620099820196629
sweep,2011,0.15,293338.9758957982,Uniform,87,8,23,0,0,23,0,0.0,0.0,0.0,0,75,294784.80245423317,1.0049288593649028,1445.8265584349865,1,0,425,0,0.0019066031090915203
sweep,2011,0.15,293338.9758957982,FailRerun,87,8,23,1,0,22,1,0.043478260869565216,1.0,0.125,1,59,296823.18355584145,1.0118777521786977,3484.207660043263,1,3,441,0,0.003659500740468502
sweep,2011,0.15,293338.9758957982,APGAI,87,8,23,5,0,18,5,0.21739130434782608,1.0,0.625,5,84,295142.4963963032,1.0061482470748984,1803.5205005049938,1,0,416,0,0.00735760061070323
sweep,2011,0.15,293338.9758957982,ScoreCost,87,8,23,5,0,18,5,0.21739130434782608,1.0,0.625,5,84,295043.56950092316,1.0058110027824276,1704.5936051249737,1,0,416,0,0.005059496499598026
sweep,2011,0.15,293338.9758957982,ReproAlloc,87,8,23,5,0,18,5,0.21739130434782608,1.0,0.625,5,81,294837.9151895046,1.0051099220249509,1498.9392937064404,1,1,419,0,0.02037110412493348
sweep,2011,0.15,293338.9758957982,ReproAlloc-OA,87,8,23,1,0,22,1,0.043478260869565216,1.0,0.125,1,67,298799.602697134,1.0186154151000908,5460.626801335835,1,2,433,0,0.02029609913006425
sweep,2011,0.15,293338.9758957982,ReproAlloc-Optimistic,87,8,23,5,0,18,5,0.21739130434782608,1.0,0.625,5,83,295575.9461557865,1.0076258882855818,2236.9702599883312,1,0,417,0,0.023274098057299852
sweep,2011,0.2,391118.634527731,Uniform,116,8,23,1,0,22,1,0.043478260869565216,1.0,0.125,1,106,396655.7240025997,1.014157058718398,5537.089474868728,1,0,394,0,0.0028445026837289333
sweep,2011,0.2,391118.634527731,FailRerun,116,8,23,0,0,23,0,0.0,0.0,0.0,0,106,394916.6674540043,1.0097106928460704,3798.0329262732994,1,7,394,0,0.0039575956761837006
sweep,2011,0.2,391118.634527731,APGAI,116,8,23,6,0,17,6,0.2608695652173913,1.0,0.75,6,103,395430.11735868454,1.0110234656453012,4311.4828309535515,1,0,397,0,0.006207101047039032
sweep,2011,0.2,391118.634527731,ScoreCost,116,8,23,6,0,17,6,0.2608695652173913,1.0,0.75,6,119,394281.6086089611,1.0080869940780228,3162.974081230117,1,1,381,0,0.007237499579787254
sweep,2011,0.2,391118.634527731,ReproAlloc,116,8,23,4,0,19,4,0.17391304347826086,1.0,0.5,4,95,392246.7926671505,1.0028844397577266,1128.158139419509,1,1,405,0,0.018295997753739357
sweep,2011,0.2,391118.634527731,ReproAlloc-OA,116,8,23,5,0,18,5,0.21739130434782608,1.0,0.625,5,99,391474.3748497963,1.0009095458274313,355.7403220653068,1,2,401,0,0.019943298771977425
sweep,2011,0.2,391118.634527731,ReproAlloc-Optimistic,116,8,23,6,0,17,6,0.2608695652173913,1.0,0.75,6,106,391957.62751173973,1.0021451112525535,838.9929840087425,1,0,394,0,0.020847497042268515
