tp,fp,fn,confirmed,recall,precision,executions,time_used,overtime,sched_overhead_s,n_main_pos,n_fallback,fallback_ratio,dataset,split_id,split_seed,rep,method,method_key,time_frac,budget_s,m_cap,K,n_ref_good
0,0,4322,0,0.0,0.0,602,39235.922337293625,7.74139215946343,0.010370198171585798,0,0,0.0,sensodat,0,20261001,0,Uniform,uniform,0.05,39228.18094513416,935,12135,4322
104,0,4218,104,0.024062933826931976,1.0,656,39266.48075509071,38.29980995655205,0.06670268625020981,0,0,0.0,sensodat,0,20261001,0,FailRerun,failrerun,0.05,39228.18094513416,935,12135,4322
0,0,4322,0,0.0,0.0,639,39237.30559039116,9.12464525699761,0.12407051073387265,0,0,0.0,sensodat,0,20261001,0,APGAI,apgai,0.05,39228.18094513416,935,12135,4322
78,0,4244,78,0.018047200370198982,1.0,1521,39232.133276224136,3.952331089974905,0.10166120808571577,1521,0,0.0,sensodat,0,20261001,0,ScoreCost,scorecost,0.05,39228.18094513416,935,12135,4322
112,0,4210,112,0.025913928736695974,1.0,869,39319.01032280922,90.82937767505791,0.20619589556008577,869,0,0.0,sensodat,0,20261001,0,ReproAlloc,ercc_mean,0.05,39228.18094513416,935,12135,4322
109,0,4213,109,0.025219805645534474,1.0,851,39273.2492954731,45.06835033893731,0.16413200087845325,851,0,0.0,sensodat,0,20261001,0,ReproAlloc-OA,ercc_outcome,0.05,39228.18094513416,935,12135,4322
109,0,4213,109,0.025219805645534474,1.0,985,39237.19073009491,9.00978496074822,0.669165413826704,985,0,0.0,sensodat,0,20261001,0,ReproAlloc-Optimistic,ercc_optimistic,0.05,39228.18094513416,935,12135,4322
0,0,4322,0,0.0,0.0,627,39231.56107258797,3.3801274538054713,0.014834805857390165,0,0,0.0,sensodat,0,20261001,1,Uniform,uniform,0.05,39228.18094513416,935,12135,4322
104,0,4218,104,0.024062933826931976,1.0,656,39266.48075509071,38.29980995655205,0.03504509339109063,0,0,0.0,sensodat,0,20261001,1,FailRerun,failrerun,0.05,39228.18094513416,935,12135,4322
0,0,4322,0,0.0,0.0,639,39237.30559039116,9.12464525699761,0.13620958663523197,0,0,0.0,sensodat,0,20261001,1,APGAI,apgai,0.05,39228.18094513416,935,12135,4322
78,0,4244,78,0.018047200370198982,1.0,1521,39232.133276224136,3.952331089974905,0.09018739871680737,1521,0,0.0,sensodat,0,20261001,1,ScoreCost,scorecost,0.05,39228.18094513416,935,12135,4322
112,0,4210,112,0.025913928736695974,1.0,883,39282.02137589455,53.84043076038506,0.20180690893903375,883,0,0.0,sensodat,0,20261001,1,ReproAlloc,ercc_mean,0.05,39228.18094513416,935,12135,4322
109,0,4213,109,0.025219805645534474,1.0,851,39273.2492954731,45.06835033893731,0.15124069852754474,851,0,0.0,sensodat,0,20261001,1,ReproAlloc-OA,ercc_outcome,0.05,39228.18094513416,935,12135,4322
109,0,4213,109,0.025219805645534474,1.0,1034,39254.77012991905,26.589184784890676,0.6862527979537845,1034,0,0.0,sensodat,0,20261001,1,ReproAlloc-Optimistic,ercc_optimistic,0.05,39228.18094513416,935,12135,4322
0,0,4322,0,0.0,0.0,606,39284.04253125191,55.8615861177459,0.006705104373395443,0,0,0.0,sensodat,0,20261001,2,Uniform,uniform,0.05,39228.18094513416,935,12135,4322
104,0,4218,104,0.024062933826931976,1.0,656,39266.48075509071,38.29980995655205,0.038725698832422495,0,0,0.0,sensodat,0,20261001,2,FailRerun,failrerun,0.05,39228.18094513416,935,12135,4322
0,0,4322,0,0.0,0.0,639,39237.30559039116,9.12464525699761,0.12029039952903986,0,0,0.0,sensodat,0,20261001,2,APGAI,apgai,0.05,39228.18094513416,935,12135,4322
78,0,4244,78,0.018047200370198982,1.0,1521,39232.133276224136,3.952331089974905,0.06915820203721523,1521,0,0.0,sensodat,0,20261001,2,ScoreCost,scorecost,0.05,39228.18094513416,935,12135,4322
111,0,4211,111,0.025682554372975473,1.0,874,39273.941843271255,45.760898137094046,0.19908039458096027,874,0,0.0,sensodat,0,20261001,2,ReproAlloc,ercc_mean,0.05,39228.18094513416,935,12135,4322
109,0,4213,109,0.025219805645534474,1.0,851,39273.2492954731,45.06835033893731,0.1918209046125412,851,0,0.0,sensodat,0,20261001,2,ReproAlloc-OA,ercc_outcome,0.05,39228.18094513416,935,12135,4322
118,0,4204,118,0.027302174919018974,1.0,1038,39277.186675071716,49.00572993755486,0.6448231101967394,1038,0,0.0,sensodat,0,20261001,2,ReproAlloc-Optimistic,ercc_optimistic,0.05,39228.18094513416,935,12135,4322
0,0,4322,0,0.0,0.0,1210,78515.09939455986,58.737504291537334,0.014773509465157986,0,0,0.0,sensodat,0,20261001,0,Uniform,uniform,0.1,78456.36189026832,1868,12135,4322
203,0,4119,203,0.04696899583526145,1.0,1315,78475.70928168297,19.347391414645244,0.07697120448574424,0,0,0.0,sensodat,0,20261001,0,FailRerun,failrerun,0.1,78456.36189026832,1868,12135,4322
0,0,4322,0,0.0,0.0,1232,78523.01034331322,66.64845304489427,0.2151698968373239,0,0,0.0,sensodat,0,20261001,0,APGAI,apgai,0.1,78456.36189026832,1868,12135,4322
171,0,4151,171,0.03956501619620546,1.0,3116,78533.27763938904,76.91574912071519,0.1495152092538774,3116,0,0.0,sensodat,0,20261001,0,ScoreCost,scorecost,0.1,78456.36189026832,1868,12135,4322
230,0,4092,230,0.05321610365571495,1.0,1767,78497.09090185165,40.72901158333116,0.4171009981073439,1767,0,0.0,sensodat,0,20261001,0,ReproAlloc,ercc_mean,0.1,78456.36189026832,1868,12135,4322
237,0,4085,237,0.054835724201758446,1.0,1707,78522.60095787048,66.2390676021605,0.3099565105512738,1707,0,0.0,sensodat,0,20261001,0,ReproAlloc-OA,ercc_outcome,0.1,78456.36189026832,1868,12135,4322
213,0,4109,213,0.049282739472466454,1.0,1994,78492.80931568146,36.447425413134624,1.3248108974657953,1994,0,0.0,sensodat,0,20261001,0,ReproAlloc-Optimistic,ercc_optimistic,0.1,78456.36189026832,1868,12135,4322
0,0,4322,0,0.0,0.0,1230,78457.8692278862,1.507337617877056,0.02010660246014595,0,0,0.0,sensodat,0,20261001,1,Uniform,uniform,0.1,78456.36189026832,1868,12135,4322
203,0,4119,203,0.04696899583526145,1.0,1315,78475.70928168297,19.347391414645244,0.10354930208995938,0,0,0.0,sensodat,0,20261001,1,FailRerun,failrerun,0.1,78456.36189026832,1868,12135,4322
0,0,4322,0,0.0,0.0,1232,78523.01034331322,66.64845304489427,0.2197773070074618,0,0,0.0,sensodat,0,20261001,1,APGAI,apgai,0.1,78456.36189026832,1868,12135,4322
171,0,4151,171,0.03956501619620546,1.0,3116,78533.27763938904,76.91574912071519,0.17028599651530385,3116,0,0.0,sensodat,0,20261001,1,ScoreCost,scorecost,0.1,78456.36189026832,1868,12135,4322
229,0,4093,229,0.052984729291994444,1.0,1752,78463.23050928116,6.868619012835552,0.3819238943979144,1752,0,0.0,sensodat,0,20261001,1,ReproAlloc,ercc_mean,0.1,78456.36189026832,1868,12135,4322
237,0,4085,237,0.054835724201758446,1.0,1707,78522.60095787048,66.2390676021605,0.3377239629626274,1707,0,0.0,sensodat,0,20261001,1,ReproAlloc-OA,ercc_outcome,0.1,78456.36189026832,1868,12135,4322
213,0,4109,213,0.049282739472466454,1.0,2014,78460.27352023125,3.911629962924053,1.2889161971397698,2014,0,0.0,sensodat,0,20261001,1,ReproAlloc-Optimistic,ercc_optimistic,0.1,78456.36189026832,1868,12135,4322
0,0,4322,0,0.0,0.0,1227,78472.57312107086,16.21123080253892,0.013723209500312805,0,0,0.0,sensodat,0,20261001,2,Uniform,uniform,0.1,78456.36189026832,1868,12135,4322
203,0,4119,203,0.04696899583526145,1.0,1315,78475.70928168297,19.347391414645244,0.08134888671338558,0,0,0.0,sensodat,0,20261001,2,FailRerun,failrerun,0.1,78456.36189026832,1868,12135,4322
0,0,4322,0,0.0,0.0,1232,78523.01034331322,66.64845304489427,0.26952718710526824,0,0,0.0,sensodat,0,20261001,2,APGAI,apgai,0.1,78456.36189026832,1868,12135,4322
171,0,4151,171,0.03956501619620546,1.0,3116,78533.27763938904,76.91574912071519,0.1792648029513657,3116,0,0.0,sensodat,0,20261001,2,ScoreCost,scorecost,0.1,78456.36189026832,1868,12135,4322
230,0,4092,230,0.05321610365571495,1.0,1776,78514.83296132088,58.47107105255418,0.3948387987911701,1776,0,0.0,sensodat,0,20261001,2,ReproAlloc,ercc_mean,0.1,78456.36189026832,1868,12135,4322
237,0,4085,237,0.054835724201758446,1.0,1707,78522.60095787048,66.2390676021605,0.3350268886424601,1707,0,0.0,sensodat,0,20261001,2,ReproAlloc-OA,ercc_outcome,0.1,78456.36189026832,1868,12135,4322
213,0,4109,213,0.049282739472466454,1.0,1998,78487.7444922924,31.38260202408128,1.339925104752183,1998,0,0.0,sensodat,0,20261001,2,ReproAlloc-Optimistic,ercc_optimistic,0.1,78456.36189026832,1868,12135,4322
0,0,4322,0,0.0,0.0,2422,156963.32893419266,50.60515365601168,0.0418378128670156,0,0,0.0,sensodat,0,20261001,0,Uniform,uniform,0.2,156912.72378053665,3734,12135,4322
429,0,3893,429,0.09925960203609441,1.0,2789,156988.35427093506,75.6304903984128,0.1957506979815662,0,0,0.0,sensodat,0,20261001,0,FailRerun,failrerun,0.2,156912.72378053665,3734,12135,4322
0,0,4322,0,0.0,0.0,2407,156920.82178544998,8.098004913335899,0.4375532912090421,0,0,0.0,sensodat,0,20261001,0,APGAI,apgai,0.2,156912.72378053665,3734,12135,4322
327,0,3995,327,0.07565941693660343,1.0,6015,156912.87503147125,0.15125093460665084,0.3279253994114697,6015,0,0.0,sensodat,0,20261001,0,ScoreCost,scorecost,0.2,156912.72378053665,3734,12135,4322
432,0,3890,432,0.0999537251272559,1.0,3179,156920.2056593895,7.481878852850059,0.6689349273219705,3179,0,0.0,sensodat,0,20261001,0,ReproAlloc,ercc_mean,0.2,156912.72378053665,3734,12135,4322
435,0,3887,435,0.1006478482184174,1.0,3020,156986.80948328972,74.08570275307284,0.5553657887503505,3020,0,0.0,sensodat,0,20261001,0,ReproAlloc-OA,ercc_outcome,0.2,156912.72378053665,3734,12135,4322
420,0,3902,420,0.09717723276260991,1.0,3713,156959.57119607925,46.84741554260836,2.5199296893551946,3713,0,0.0,sensodat,0,20261001,0,ReproAlloc-Optimistic,ercc_optimistic,0.2,156912.72378053665,3734,12135,4322
0,0,4322,0,0.0,0.0,2433,156960.40919089317,47.68541035652743,0.031208612956106663,0,0,0.0,sensodat,0,20261001,1,Uniform,uniform,0.2,156912.72378053665,3734,12135,4322
429,0,3893,429,0.09925960203609441,1.0,2789,156988.35427093506,75.6304903984128,0.1725608902052045,0,0,0.0,sensodat,0,20261001,1,FailRerun,failrerun,0.2,156912.72378053665,3734,12135,4322
0,0,4322,0,0.0,0.0,2407,156920.82178544998,8.098004913335899,0.5096226972527802,0,0,0.0,sensodat,0,20261001,1,APGAI,apgai,0.2,156912.72378053665,3734,12135,4322
327,0,3995,327,0.07565941693660343,1.0,6015,156912.87503147125,0.15125093460665084,0.29709208151325583,6015,0,0.0,sensodat,0,20261001,1,ScoreCost,scorecost,0.2,156912.72378053665,3734,12135,4322
431,0,3891,431,0.0997223507635354,1.0,3173,156918.33599853516,5.612217998510459,0.6964031090028584,3173,0,0.0,sensodat,0,20261001,1,ReproAlloc,ercc_mean,0.2,156912.72378053665,3734,12135,4322
435,0,3887,435,0.1006478482184174,1.0,3020,156986.80948328972,74.08570275307284,0.59153295122087,3020,0,0.0,sensodat,0,20261001,1,ReproAlloc-OA,ercc_outcome,0.2,156912.72378053665,3734,12135,4322
423,0,3899,423,0.09787135585377141,1.0,3715,156928.26147460938,15.53769407272921,2.6680848011747003,3715,0,0.0,sensodat,0,20261001,1,ReproAlloc-Optimistic,ercc_optimistic,0.2,156912.72378053665,3734,12135,4322
0,0,4322,0,0.0,0.0,2461,156936.28561353683,23.561833000188926,0.03427598997950554,0,0,0.0,sensodat,0,20261001,2,Uniform,uniform,0.2,156912.72378053665,3734,12135,4322
429,0,3893,429,0.09925960203609441,1.0,2789,156988.35427093506,75.6304903984128,0.20208041230216622,0,0,0.0,sensodat,0,20261001,2,FailRerun,failrerun,0.2,156912.72378053665,3734,12135,4322
0,0,4322,0,0.0,0.0,2407,156920.82178544998,8.098004913335899,0.4844131148420274,0,0,0.0,sensodat,0,20261001,2,APGAI,apgai,0.2,156912.72378053665,3734,12135,4322
327,0,3995,327,0.07565941693660343,1.0,6015,156912.87503147125,0.15125093460665084,0.313605266623199,6015,0,0.0,sensodat,0,20261001,2,ScoreCost,scorecost,0.2,156912.72378053665,3734,12135,4322
433,0,3889,433,0.1001850994909764,1.0,3178,156919.0384771824,6.314696645742515,0.7092168899253011,3178,0,0.0,sensodat,0,20261001,2,ReproAlloc,ercc_mean,0.2,156912.72378053665,3734,12135,4322
435,0,3887,435,0.1006478482184174,1.0,3020,156986.80948328972,74.08570275307284,0.6042755045928061,3020,0,0.0,sensodat,0,20261001,2,ReproAlloc-OA,ercc_outcome,0.2,156912.72378053665,3734,12135,4322
418,0,3904,418,0.0967144840351689,1.0,3705,156964.17418146133,51.45040092468844,2.610189608298242,3705,0,0.0,sensodat,0,20261001,2,ReproAlloc-Optimistic,ercc_optimistic,0.2,156912.72378053665,3734,12135,4322
0,0,4322,0,0.0,0.0,617,39253.110183000565,24.929237866403128,0.014389906544238329,0,0,0.0,sensodat,1,20261002,0,Uniform,uniform,0.05,39228.18094513416,935,12135,4322
101,0,4221,101,0.023368810735770476,1.0,653,39266.29171872139,38.11077358722832,0.06818910408765078,0,0,0.0,sensodat,1,20261002,0,FailRerun,failrerun,0.05,39228.18094513416,935,12135,4322
0,0,4322,0,0.0,0.0,647,39237.23777508736,9.05682995319512,0.13671899866312742,0,0,0.0,sensodat,1,20261002,0,APGAI,apgai,0.05,39228.18094513416,935,12135,4322
70,0,4252,70,0.016196205460434984,1.0,1582,39241.164662361145,12.983717226983572,0.08504530508071184,1582,0,0.0,sensodat,1,20261002,0,ScoreCost,scorecost,0.05,39228.18094513416,935,12135,4322
109,0,4213,109,0.025219805645534474,1.0,831,39230.595906972885,2.414961838723684,0.19708650326356292,831,0,0.0,sensodat,1,20261002,0,ReproAlloc,ercc_mean,0.05,39228.18094513416,935,12135,4322
109,0,4213,109,0.025219805645534474,1.0,821,39234.83624505997,6.655299925805593,0.1774699012748897,821,0,0.0,sensodat,1,20261002,0,ReproAlloc-OA,ercc_outcome,0.05,39228.18094513416,935,12135,4322
116,0,4206,116,0.026839426191577972,1.0,1031,39228.76762366295,0.5866785287871608,0.6810759012587368,1031,0,0.0,sensodat,1,20261002,0,ReproAlloc-Optimistic,ercc_optimistic,0.05,39228.18094513416,935,12135,4322
0,0,4322,0,0.0,0.0,626,39269.768357753754,41.587412619592214,0.007676298264414072,0,0,0.0,sensodat,1,20261002,1,Uniform,uniform,0.05,39228.18094513416,935,12135,4322
101,0,4221,101,0.023368810735770476,1.0,653,39266.29171872139,38.11077358722832,0.04663590481504798,0,0,0.0,sensodat,1,20261002,1,FailRerun,failrerun,0.05,39228.18094513416,935,12135,4322
0,0,4322,0,0.0,0.0,647,39237.23777508736,9.05682995319512,0.13174089649692178,0,0,0.0,sensodat,1,20261002,1,APGAI,apgai,0.05,39228.18094513416,935,12135,4322
70,0,4252,70,0.016196205460434984,1.0,1582,39241.164662361145,12.983717226983572,0.07214129017665982,1582,0,0.0,sensodat,1,20261002,1,ScoreCost,scorecost,0.05,39228.18094513416,935,12135,4322
110,0,4212,110,0.025451180009254976,1.0,825,39229.07971286774,0.8987677335753688,0.16118510160595179,825,0,0.0,sensodat,1,20261002,1,ReproAlloc,ercc_mean,0.05,39228.18094513416,935,12135,4322
109,0,4213,109,0.025219805645534474,1.0,821,39234.83624505997,6.655299925805593,0.14344819309189916,821,0,0.0,sensodat,1,20261002,1,ReproAlloc-OA,ercc_outcome,0.05,39228.18094513416,935,12135,4322
113,0,4209,113,0.026145303100416475,1.0,1078,39316.74808192253,88.56713678836968,0.7257075128145516,1078,0,0.0,sensodat,1,20261002,1,ReproAlloc-Optimistic,ercc_optimistic,0.05,39228.18094513416,935,12135,4322
0,0,4322,0,0.0,0.0,604,39321.47036099434,93.28941586017754,0.014075807761400938,0,0,0.0,sensodat,1,20261002,2,Uniform,uniform,0.05,39228.18094513416,935,12135,4322
101,0,4221,101,0.023368810735770476,1.0,653,39266.29171872139,38.11077358722832,0.04386030649766326,0,0,0.0,sensodat,1,20261002,2,FailRerun,failrerun,0.05,39228.18094513416,935,12135,4322
0,0,4322,0,0.0,0.0,647,39237.23777508736,9.05682995319512,0.12933009071275592,0,0,0.0,sensodat,1,20261002,2,APGAI,apgai,0.05,39228.18094513416,935,12135,4322
70,0,4252,70,0.016196205460434984,1.0,1582,39241.164662361145,12.983717226983572,0.09313190169632435,1582,0,0.0,sensodat,1,20261002,2,ScoreCost,scorecost,0.05,39228.18094513416,935,12135,4322
109,0,4213,109,0.025219805645534474,1.0,825,39287.66462683678,59.483681702615286,0.16474131820723414,825,0,0.0,sensodat,1,20261002,2,ReproAlloc,ercc_mean,0.05,39228.18094513416,935,12135,4322
109,0,4213,109,0.025219805645534474,1.0,821,39234.83624505997,6.655299925805593,0.14469989202916622,821,0,0.0,sensodat,1,20261002,2,ReproAlloc-OA,ercc_outcome,0.05,39228.18094513416,935,12135,4322
109,0,4213,109,0.025219805645534474,1.0,992,39239.55302619934,11.372081065179373,0.685218486469239,992,0,0.0,sensodat,1,20261002,2,ReproAlloc-Optimistic,ercc_optimistic,0.05,39228.18094513416,935,12135,4322
0,0,4322,0,0.0,0.0,1222,78517.6894955635,61.327605295184185,0.019530110992491245,0,0,0.0,sensodat,1,20261002,0,Uniform,uniform,0.1,78456.36189026832,1869,12135,4322
201,0,4121,201,0.046506247107820455,1.0,1311,78514.89278817177,58.53089790344529,0.12200950877740979,0,0,0.0,sensodat,1,20261002,0,FailRerun,failrerun,0.1,78456.36189026832,1869,12135,4322
0,0,4322,0,0.0,0.0,1248,78506.22145915031,49.859568881991436,0.2735004066489637,0,0,0.0,sensodat,1,20261002,0,APGAI,apgai,0.1,78456.36189026832,1869,12135,4322
162,0,4160,162,0.037482646922720964,1.0,3315,78456.42198729515,0.060097026827861555,0.2031226847320795,3315,0,0.0,sensodat,1,20261002,0,ScoreCost,scorecost,0.1,78456.36189026832,1869,12135,4322
224,0,4098,224,0.05182785747339195,1.0,1706,78490.59332346916,34.23143320083909,0.3575060903094709,1706,0,0.0,sensodat,1,20261002,0,ReproAlloc,ercc_mean,0.1,78456.36189026832,1869,12135,4322
225,0,4097,225,0.052059231837112446,1.0,1636,78491.00429320335,34.64240293503099,0.33817561296746135,1636,0,0.0,sensodat,1,20261002,0,ReproAlloc-OA,ercc_outcome,0.1,78456.36189026832,1869,12135,4322
209,0,4113,209,0.04835724201758445,1.0,2047,78478.35791325569,21.996022987368633,1.612198508810252,2047,0,0.0,sensodat,1,20261002,0,ReproAlloc-Optimistic,ercc_optimistic,0.1,78456.36189026832,1869,12135,4322
0,0,4322,0,0.0,0.0,1226,78467.2377307415,10.87584047317796,0.020276696886867285,0,0,0.0,sensodat,1,20261002,1,Uniform,uniform,0.1,78456.36189026832,1869,12135,4322
201,0,4121,201,0.046506247107820455,1.0,1311,78514.89278817177,58.53089790344529,0.12220810679718852,0,0,0.0,sensodat,1,20261002,1,FailRerun,failrerun,0.1,78456.36189026832,1869,12135,4322
0,0,4322,0,0.0,0.0,1248,78506.22145915031,49.859568881991436,0.35043449606746435,0,0,0.0,sensodat,1,20261002,1,APGAI,apgai,0.1,78456.36189026832,1869,12135,4322
162,0,4160,162,0.037482646922720964,1.0,3315,78456.42198729515,0.060097026827861555,0.270950507838279,3315,0,0.0,sensodat,1,20261002,1,ScoreCost,scorecost,0.1,78456.36189026832,1869,12135,4322
217,0,4105,217,0.05020823692734845,1.0,1688,78464.21717715263,7.855286884310772,0.36953627644106746,1688,0,0.0,sensodat,1,20261002,1,ReproAlloc,ercc_mean,0.1,78456.36189026832,1869,12135,4322
225,0,4097,225,0.052059231837112446,1.0,1636,78491.00429320335,34.64240293503099,0.31377479108050466,1636,0,0.0,sensodat,1,20261002,1,ReproAlloc-OA,ercc_outcome,0.1,78456.36189026832,1869,12135,4322
211,0,4111,211,0.04881999074502545,1.0,2021,78465.20139288902,8.839502620699932,1.3530281032435596,2021,0,0.0,sensodat,1,20261002,1,ReproAlloc-Optimistic,ercc_optimistic,0.1,78456.36189026832,1869,12135,4322
0,0,4322,0,0.0,0.0,1195,78490.24017095566,33.878280687335064,0.022362874820828438,0,0,0.0,sensodat,1,20261002,2,Uniform,uniform,0.1,78456.36189026832,1869,12135,4322
201,0,4121,201,0.046506247107820455,1.0,1311,78514.89278817177,58.53089790344529,0.08596060518175364,0,0,0.0,sensodat,1,20261002,2,FailRerun,failrerun,0.1,78456.36189026832,1869,12135,4322
0,0,4322,0,0.0,0.0,1248,78506.22145915031,49.859568881991436,0.23977870494127274,0,0,0.0,sensodat,1,20261002,2,APGAI,apgai,0.1,78456.36189026832,1869,12135,4322
162,0,4160,162,0.037482646922720964,1.0,3315,78456.42198729515,0.060097026827861555,0.1646592221222818,3315,0,0.0,sensodat,1,20261002,2,ScoreCost,scorecost,0.1,78456.36189026832,1869,12135,4322
220,0,4102,220,0.05090236001850995,1.0,1702,78481.69366884232,25.33177857399278,0.3433280815370381,1702,0,0.0,sensodat,1,20261002,2,ReproAlloc,ercc_mean,0.1,78456.36189026832,1869,12135,4322
225,0,4097,225,0.052059231837112446,1.0,1636,78491.00429320335,34.64240293503099,0.3162841899320483,1636,0,0.0,sensodat,1,20261002,2,ReproAlloc-OA,ercc_outcome,0.1,78456.36189026832,1869,12135,4322
210,0,4112,210,0.048588616381304954,1.0,2021,78473.99555468559,17.633664417269756,1.4629671853035688,2021,0,0.0,sensodat,1,20261002,2,ReproAlloc-Optimistic,ercc_optimistic,0.1,78456.36189026832,1869,12135,4322
0,0,4322,0,0.0,0.0,2392,157011.60616993904,98.88238940239535,0.050146001391112804,0,0,0.0,sensodat,1,20261002,0,Uniform,uniform,0.2,156912.72378053665,3737,12135,4322
430,0,3892,430,0.0994909763998149,1.0,2817,156994.48262810707,81.75884757042513,0.22410248965024948,0,0,0.0,sensodat,1,20261002,0,FailRerun,failrerun,0.2,156912.72378053665,3737,12135,4322
0,0,4322,0,0.0,0.0,2429,157003.61321759224,90.88943705559359,0.4488507714122534,0,0,0.0,sensodat,1,20261002,0,APGAI,apgai,0.2,156912.72378053665,3737,12135,4322
317,0,4005,317,0.07334567329939842,1.0,6345,156958.6074707508,45.883690214162925,0.3161496166139841,6345,0,0.0,sensodat,1,20261002,0,ScoreCost,scorecost,0.2,156912.72378053665,3737,12135,4322
442,0,3880,442,0.1022674687644609,1.0,3341,156932.21455216408,19.49077162743197,0.7517570988275111,3341,0,0.0,sensodat,1,20261002,0,ReproAlloc,ercc_mean,0.2,156912.72378053665,3737,12135,4322
448,0,3874,448,0.1036557149467839,1.0,3150,156917.0799562931,4.3561757564602885,0.7027110960334539,3150,0,0.0,sensodat,1,20261002,0,ReproAlloc-OA,ercc_outcome,0.2,156912.72378053665,3737,12135,4322
422,0,3900,422,0.0976399814900509,1.0,3737,156928.9221651554,16.198384618764976,2.663699597120285,3737,0,0.0,sensodat,1,20261002,0,ReproAlloc-Optimistic,ercc_optimistic,0.2,156912.72378053665,3737,12135,4322
0,0,4322,0,0.0,0.0,2430,156971.67474460602,58.950964069372276,0.0394789120182395,0,0,0.0,sensodat,1,20261002,1,Uniform,uniform,0.2,156912.72378053665,3737,12135,4322
430,0,3892,430,0.0994909763998149,1.0,2817,156994.48262810707,81.75884757042513,0.1882217861711979,0,0,0.0,sensodat,1,20261002,1,FailRerun,failrerun,0.2,156912.72378053665,3737,12135,4322
0,0,4322,0,0.0,0.0,2429,157003.61321759224,90.88943705559359,0.4423967036418617,0,0,0.0,sensodat,1,20261002,1,APGAI,apgai,0.2,156912.72378053665,3737,12135,4322
317,0,4005,317,0.07334567329939842,1.0,6345,156958.6074707508,45.883690214162925,0.30635901167988777,6345,0,0.0,sensodat,1,20261002,1,ScoreCost,scorecost,0.2,156912.72378053665,3737,12135,4322
442,0,3880,442,0.1022674687644609,1.0,3341,156932.21455216408,19.49077162743197,0.722415623255074,3341,0,0.0,sensodat,1,20261002,1,ReproAlloc,ercc_mean,0.2,156912.72378053665,3737,12135,4322
448,0,3874,448,0.1036557149467839,1.0,3150,156917.0799562931,4.3561757564602885,0.6318901204504073,3150,0,0.0,sensodat,1,20261002,1,ReproAlloc-OA,ercc_outcome,0.2,156912.72378053665,3737,12135,4322
426,0,3896,426,0.09856547894493291,1.0,3699,156950.68348622322,37.959705686575035,2.540762789081782,3699,0,0.0,sensodat,1,20261002,1,ReproAlloc-Optimistic,ercc_optimistic,0.2,156912.72378053665,3737,12135,4322
0,0,4322,0,0.0,0.0,2418,156977.4520084858,64.72822794914828,0.028575607109814882,0,0,0.0,sensodat,1,20261002,2,Uniform,uniform,0.2,156912.72378053665,3737,12135,4322
430,0,3892,430,0.0994909763998149,1.0,2817,156994.48262810707,81.75884757042513,0.19588940683752298,0,0,0.0,sensodat,1,20261002,2,FailRerun,failrerun,0.2,156912.72378053665,3737,12135,4322
0,0,4322,0,0.0,0.0,2429,157003.61321759224,90.88943705559359,0.439109796192497,0,0,0.0,sensodat,1,20261002,2,APGAI,apgai,0.2,156912.72378053665,3737,12135,4322
317,0,4005,317,0.07334567329939842,1.0,6345,156958.6074707508,45.883690214162925,0.34322569193318486,6345,0,0.0,sensodat,1,20261002,2,ScoreCost,scorecost,0.2,156912.72378053665,3737,12135,4322
442,0,3880,442,0.1022674687644609,1.0,3341,156932.21455216408,19.49077162743197,0.7142232046462595,3341,0,0.0,sensodat,1,20261002,2,ReproAlloc,ercc_mean,0.2,156912.72378053665,3737,12135,4322
448,0,3874,448,0.1036557149467839,1.0,3150,156917.0799562931,4.3561757564602885,0.6628292938694358,3150,0,0.0,sensodat,1,20261002,2,ReproAlloc-OA,ercc_outcome,0.2,156912.72378053665,3737,12135,4322
423,0,3899,423,0.09787135585377141,1.0,3725,156979.05177760124,66.32799706459627,2.449620596598834,3725,0,0.0,sensodat,1,20261002,2,ReproAlloc-Optimistic,ercc_optimistic,0.2,156912.72378053665,3737,12135,4322
0,0,4322,0,0.0,0.0,600,39284.19004321098,56.00909807682183,0.00810059392824769,0,0,0.0,sensodat,2,20261003,0,Uniform,uniform,0.05,39228.18094513416,931,12135,4322
101,0,4221,101,0.023368810735770476,1.0,636,39282.469259262085,54.28831412792351,0.04402330378070474,0,0,0.0,sensodat,2,20261003,0,FailRerun,failrerun,0.05,39228.18094513416,931,12135,4322
0,0,4322,0,0.0,0.0,635,39230.71076583862,2.5298207044615992,0.11696871183812618,0,0,0.0,sensodat,2,20261003,0,APGAI,apgai,0.05,39228.18094513416,931,12135,4322
82,0,4240,82,0.01897269782508098,1.0,1570,39233.89921951294,5.7182743787780055,0.07373619545251131,1570,0,0.0,sensodat,2,20261003,0,ScoreCost,scorecost,0.05,39228.18094513416,931,12135,4322
115,0,4207,115,0.026608051827857474,1.0,906,39262.41486430168,34.23391916752007,0.17258110269904137,906,0,0.0,sensodat,2,20261003,0,ReproAlloc,ercc_mean,0.05,39228.18094513416,931,12135,4322
117,0,4205,117,0.027070800555298473,1.0,856,39259.56514072418,31.38419559002068,0.16569568682461977,856,0,0.0,sensodat,2,20261003,0,ReproAlloc-OA,ercc_outcome,0.05,39228.18094513416,931,12135,4322
107,0,4215,107,0.024757056918093476,1.0,1033,39230.82508134842,2.644136214257742,0.7103321007452905,1033,0,0.0,sensodat,2,20261003,0,ReproAlloc-Optimistic,ercc_optimistic,0.05,39228.18094513416,931,12135,4322
0,0,4322,0,0.0,0.0,603,39299.55373430252,71.3727891683593,0.009469492826610804,0,0,0.0,sensodat,2,20261003,1,Uniform,uniform,0.05,39228.18094513416,931,12135,4322
101,0,4221,101,0.023368810735770476,1.0,636,39282.469259262085,54.28831412792351,0.03454899275675416,0,0,0.0,sensodat,2,20261003,1,FailRerun,failrerun,0.05,39228.18094513416,931,12135,4322
0,0,4322,0,0.0,0.0,635,39230.71076583862,2.5298207044615992,0.10397279402241111,0,0,0.0,sensodat,2,20261003,1,APGAI,apgai,0.05,39228.18094513416,931,12135,4322
82,0,4240,82,0.01897269782508098,1.0,1570,39233.89921951294,5.7182743787780055,0.1047817007638514,1570,0,0.0,sensodat,2,20261003,1,ScoreCost,scorecost,0.05,39228.18094513416,931,12135,4322
115,0,4207,115,0.026608051827857474,1.0,906,39262.41486430168,34.23391916752007,0.1676467997021973,906,0,0.0,sensodat,2,20261003,1,ReproAlloc,ercc_mean,0.05,39228.18094513416,931,12135,4322
117,0,4205,117,0.027070800555298473,1.0,856,39259.56514072418,31.38419559002068,0.17532598786056042,856,0,0.0,sensodat,2,20261003,1,ReproAlloc-OA,ercc_outcome,0.05,39228.18094513416,931,12135,4322
99,0,4223,99,0.022906062008329477,1.0,972,39283.80297732353,55.62203218937066,0.6364041096530855,972,0,0.0,sensodat,2,20261003,1,ReproAlloc-Optimistic,ercc_optimistic,0.05,39228.18094513416,931,12135,4322
0,0,4322,0,0.0,0.0,609,39266.01455593109,37.83361079692986,0.008902996312826872,0,0,0.0,sensodat,2,20261003,2,Uniform,uniform,0.05,39228.18094513416,931,12135,4322
101,0,4221,101,0.023368810735770476,1.0,636,39282.469259262085,54.28831412792351,0.03836849331855774,0,0,0.0,sensodat,2,20261003,2,FailRerun,failrerun,0.05,39228.18094513416,931,12135,4322
0,0,4322,0,0.0,0.0,635,39230.71076583862,2.5298207044615992,0.10477850120514631,0,0,0.0,sensodat,2,20261003,2,APGAI,apgai,0.05,39228.18094513416,931,12135,4322
82,0,4240,82,0.01897269782508098,1.0,1570,39233.89921951294,5.7182743787780055,0.08125710347667336,1570,0,0.0,sensodat,2,20261003,2,ScoreCost,scorecost,0.05,39228.18094513416,931,12135,4322
115,0,4207,115,0.026608051827857474,1.0,906,39262.41486430168,34.23391916752007,0.20532910898327827,906,0,0.0,sensodat,2,20261003,2,ReproAlloc,ercc_mean,0.05,39228.18094513416,931,12135,4322
117,0,4205,117,0.027070800555298473,1.0,856,39259.56514072418,31.38419559002068,0.16753570921719074,856,0,0.0,sensodat,2,20261003,2,ReproAlloc-OA,ercc_outcome,0.05,39228.18094513416,931,12135,4322
104,0,4218,104,0.024062933826931976,1.0,1013,39337.563776016235,109.3828308820739,0.6881906082853675,1013,0,0.0,sensodat,2,20261003,2,ReproAlloc-Optimistic,ercc_optimistic,0.05,39228.18094513416,931,12135,4322
0,0,4322,0,0.0,0.0,1230,78531.01359462738,74.65170435905748,0.017975182738155127,0,0,0.0,sensodat,2,20261003,0,Uniform,uniform,0.1,78456.36189026832,1860,12135,4322
213,0,4109,213,0.049282739472466454,1.0,1383,78509.24740481377,52.885514545443584,0.09063419559970498,0,0,0.0,sensodat,2,20261003,0,FailRerun,failrerun,0.1,78456.36189026832,1860,12135,4322
0,0,4322,0,0.0,0.0,1262,78464.06450462341,7.702614355090191,0.22132290014997125,0,0,0.0,sensodat,2,20261003,0,APGAI,apgai,0.1,78456.36189026832,1860,12135,4322
159,0,4163,159,0.036788523831559464,1.0,3351,78457.6524579525,1.2905676841764944,0.20960697624832392,3351,0,0.0,sensodat,2,20261003,0,ScoreCost,scorecost,0.1,78456.36189026832,1860,12135,4322
221,0,4101,221,0.05113373438223045,1.0,1693,78466.77994942665,10.418059158328106,0.367997407913208,1693,0,0.0,sensodat,2,20261003,0,ReproAlloc,ercc_mean,0.1,78456.36189026832,1860,12135,4322
218,0,4104,218,0.05043961129106895,1.0,1596,78457.53930878639,1.1774185180693166,0.3372581866569817,1596,0,0.0,sensodat,2,20261003,0,ReproAlloc-OA,ercc_outcome,0.1,78456.36189026832,1860,12135,4322
210,0,4112,210,0.048588616381304954,1.0,2075,78539.37873005867,83.01683979034715,1.4647984961047769,2075,0,0.0,sensodat,2,20261003,0,ReproAlloc-Optimistic,ercc_optimistic,0.1,78456.36189026832,1860,12135,4322
0,0,4322,0,0.0,0.0,1207,78457.70825052261,1.34636025429063,0.025476996786892414,0,0,0.0,sensodat,2,20261003,1,Uniform,uniform,0.1,78456.36189026832,1860,12135,4322
213,0,4109,213,0.049282739472466454,1.0,1383,78509.24740481377,52.885514545443584,0.12985791871324182,0,0,0.0,sensodat,2,20261003,1,FailRerun,failrerun,0.1,78456.36189026832,1860,12135,4322
0,0,4322,0,0.0,0.0,1262,78464.06450462341,7.702614355090191,0.2813659873791039,0,0,0.0,sensodat,2,20261003,1,APGAI,apgai,0.1,78456.36189026832,1860,12135,4322
159,0,4163,159,0.036788523831559464,1.0,3351,78457.6524579525,1.2905676841764944,0.14626561990007758,3351,0,0.0,sensodat,2,20261003,1,ScoreCost,scorecost,0.1,78456.36189026832,1860,12135,4322
219,0,4103,219,0.05067098565478945,1.0,1679,78467.24138903618,10.879498767855694,0.4629714018665254,1679,0,0.0,sensodat,2,20261003,1,ReproAlloc,ercc_mean,0.1,78456.36189026832,1860,12135,4322
218,0,4104,218,0.05043961129106895,1.0,1596,78457.53930878639,1.1774185180693166,0.30783848464488983,1596,0,0.0,sensodat,2,20261003,1,ReproAlloc-OA,ercc_outcome,0.1,78456.36189026832,1860,12135,4322
211,0,4111,211,0.04881999074502545,1.0,2059,78556.68350434303,100.32161407470994,1.3596052932552993,2059,0,0.0,sensodat,2,20261003,1,ReproAlloc-Optimistic,ercc_optimistic,0.1,78456.36189026832,1860,12135,4322
0,0,4322,0,0.0,0.0,1209,78501.45536613464,45.09347586632066,0.01930389180779457,0,0,0.0,sensodat,2,20261003,2,Uniform,uniform,0.1,78456.36189026832,1860,12135,4322
213,0,4109,213,0.049282739472466454,1.0,1383,78509.24740481377,52.885514545443584,0.0818404033780098,0,0,0.0,sensodat,2,20261003,2,FailRerun,failrerun,0.1,78456.36189026832,1860,12135,4322
0,0,4322,0,0.0,0.0,1262,78464.06450462341,7.702614355090191,0.219011093955487,0,0,0.0,sensodat,2,20261003,2,APGAI,apgai,0.1,78456.36189026832,1860,12135,4322
159,0,4163,159,0.036788523831559464,1.0,3351,78457.6524579525,1.2905676841764944,0.18162331590428948,3351,0,0.0,sensodat,2,20261003,2,ScoreCost,scorecost,0.1,78456.36189026832,1860,12135,4322
219,0,4103,219,0.05067098565478945,1.0,1682,78508.5348918438,52.17300157547288,0.349932502489537,1682,0,0.0,sensodat,2,20261003,2,ReproAlloc,ercc_mean,0.1,78456.36189026832,1860,12135,4322
218,0,4104,218,0.05043961129106895,1.0,1596,78457.53930878639,1.1774185180693166,0.29004031047225,1596,0,0.0,sensodat,2,20261003,2,ReproAlloc-OA,ercc_outcome,0.1,78456.36189026832,1860,12135,4322
210,0,4112,210,0.048588616381304954,1.0,2064,78499.63401460648,43.272124338152935,1.4300346951931715,2064,0,0.0,sensodat,2,20261003,2,ReproAlloc-Optimistic,ercc_optimistic,0.1,78456.36189026832,1860,12135,4322
0,0,4322,0,0.0,0.0,2424,156916.85668683052,4.132906293874839,0.04400717047974467,0,0,0.0,sensodat,2,20261003,0,Uniform,uniform,0.2,156912.72378053665,3719,12135,4322
419,0,3903,419,0.0969458583988894,1.0,2743,156995.3062801361,82.58249959946261,0.1788307949900627,0,0,0.0,sensodat,2,20261003,0,FailRerun,failrerun,0.2,156912.72378053665,3719,12135,4322
0,0,4322,0,0.0,0.0,2441,156925.00812268257,12.28434214592562,0.4363708817400038,0,0,0.0,sensodat,2,20261003,0,APGAI,apgai,0.2,156912.72378053665,3719,12135,4322
322,0,4000,322,0.07450254511800093,1.0,6550,156932.98106479645,20.257284259801963,0.34404527116566896,6550,0,0.0,sensodat,2,20261003,0,ScoreCost,scorecost,0.2,156912.72378053665,3719,12135,4322
433,0,3889,433,0.1001850994909764,1.0,3235,156977.75061941147,65.02683887482272,0.6657746760174632,3235,0,0.0,sensodat,2,20261003,0,ReproAlloc,ercc_mean,0.2,156912.72378053665,3719,12135,4322
438,0,3884,438,0.1013419713095789,1.0,3061,156987.4610054493,74.73722491264925,0.6567972153425217,3061,0,0.0,sensodat,2,20261003,0,ReproAlloc-OA,ercc_outcome,0.2,156912.72378053665,3719,12135,4322
429,0,3893,429,0.09925960203609441,1.0,3903,156972.62452101707,59.900740480428794,2.6034212266094983,3903,0,0.0,sensodat,2,20261003,0,ReproAlloc-Optimistic,ercc_optimistic,0.2,156912.72378053665,3719,12135,4322
0,0,4322,0,0.0,0.0,2419,156951.00969696045,38.28591642380343,0.03820049203932285,0,0,0.0,sensodat,2,20261003,1,Uniform,uniform,0.2,156912.72378053665,3719,12135,4322
419,0,3903,419,0.0969458583988894,1.0,2743,156995.3062801361,82.58249959946261,0.17617872962728143,0,0,0.0,sensodat,2,20261003,1,FailRerun,failrerun,0.2,156912.72378053665,3719,12135,4322
0,0,4322,0,0.0,0.0,2441,156925.00812268257,12.28434214592562,0.43596500158309937,0,0,0.0,sensodat,2,20261003,1,APGAI,apgai,0.2,156912.72378053665,3719,12135,4322
322,0,4000,322,0.07450254511800093,1.0,6550,156932.98106479645,20.257284259801963,0.3111508931033313,6550,0,0.0,sensodat,2,20261003,1,ScoreCost,scorecost,0.2,156912.72378053665,3719,12135,4322
433,0,3889,433,0.1001850994909764,1.0,3235,156977.75061941147,65.02683887482272,0.673077592626214,3235,0,0.0,sensodat,2,20261003,1,ReproAlloc,ercc_mean,0.2,156912.72378053665,3719,12135,4322
438,0,3884,438,0.1013419713095789,1.0,3061,156987.4610054493,74.73722491264925,0.6138895214535296,3061,0,0.0,sensodat,2,20261003,1,ReproAlloc-OA,ercc_outcome,0.2,156912.72378053665,3719,12135,4322
433,0,3889,433,0.1001850994909764,1.0,3898,156943.12540125847,30.401620721822837,2.9133227188140154,3898,0,0.0,sensodat,2,20261003,1,ReproAlloc-Optimistic,ercc_optimistic,0.2,156912.72378053665,3719,12135,4322
0,0,4322,0,0.0,0.0,2442,156975.97925806046,63.25547752380953,0.04030449455603957,0,0,0.0,sensodat,2,20261003,2,Uniform,uniform,0.2,156912.72378053665,3719,12135,4322
419,0,3903,419,0.0969458583988894,1.0,2743,156995.3062801361,82.58249959946261,0.1816300149075687,0,0,0.0,sensodat,2,20261003,2,FailRerun,failrerun,0.2,156912.72378053665,3719,12135,4322
0,0,4322,0,0.0,0.0,2441,156925.00812268257,12.28434214592562,0.4826804753392935,0,0,0.0,sensodat,2,20261003,2,APGAI,apgai,0.2,156912.72378053665,3719,12135,4322
322,0,4000,322,0.07450254511800093,1.0,6550,156932.98106479645,20.257284259801963,0.4174770265817642,6550,0,0.0,sensodat,2,20261003,2,ScoreCost,scorecost,0.2,156912.72378053665,3719,12135,4322
433,0,3889,433,0.1001850994909764,1.0,3235,156977.75061941147,65.02683887482272,0.658814906142652,3235,0,0.0,sensodat,2,20261003,2,ReproAlloc,ercc_mean,0.2,156912.72378053665,3719,12135,4322
438,0,3884,438,0.1013419713095789,1.0,3061,156987.4610054493,74.73722491264925,0.5908485106192529,3061,0,0.0,sensodat,2,20261003,2,ReproAlloc-OA,ercc_outcome,0.2,156912.72378053665,3719,12135,4322
427,0,3895,427,0.0987968533086534,1.0,3828,156923.93671107292,11.212930536275962,2.5503419814631343,3828,0,0.0,sensodat,2,20261003,2,ReproAlloc-Optimistic,ercc_optimistic,0.2,156912.72378053665,3719,12135,4322
0,0,4322,0,0.0,0.0,596,39244.62140035629,16.440455222131277,0.008564094081521034,0,0,0.0,sensodat,3,20261004,0,Uniform,uniform,0.05,39228.18094513416,927,12135,4322
106,0,4216,106,0.024525682554372975,1.0,673,39266.260657548904,38.07971241474297,0.04514781013131142,0,0,0.0,sensodat,3,20261004,0,FailRerun,failrerun,0.05,39228.18094513416,927,12135,4322
0,0,4322,0,0.0,0.0,650,39292.67762684822,64.49668171405938,0.12989039672538638,0,0,0.0,sensodat,3,20261004,0,APGAI,apgai,0.05,39228.18094513416,927,12135,4322
80,0,4242,80,0.01850994909763998,1.0,1536,39261.59068083763,33.40973570346978,0.08051861124113202,1536,0,0.0,sensodat,3,20261004,0,ScoreCost,scorecost,0.05,39228.18094513416,927,12135,4322
115,0,4207,115,0.026608051827857474,1.0,888,39265.344007730484,37.16306259632256,0.19245700957253575,888,0,0.0,sensodat,3,20261004,0,ReproAlloc,ercc_mean,0.05,39228.18094513416,927,12135,4322
119,0,4203,119,0.02753354928273947,1.0,888,39267.773143053055,39.59219791889336,0.1662895013578236,888,0,0.0,sensodat,3,20261004,0,ReproAlloc-OA,ercc_outcome,0.05,39228.18094513416,927,12135,4322
107,0,4215,107,0.024757056918093476,1.0,977,39281.65058469772,53.46963956356194,0.5745129873976111,977,0,0.0,sensodat,3,20261004,0,ReproAlloc-Optimistic,ercc_optimistic,0.05,39228.18094513416,927,12135,4322
0,0,4322,0,0.0,0.0,613,39229.12095165253,0.9400065183654078,0.007331697270274162,0,0,0.0,sensodat,3,20261004,1,Uniform,uniform,0.05,39228.18094513416,927,12135,4322
106,0,4216,106,0.024525682554372975,1.0,673,39266.260657548904,38.07971241474297,0.03659860184416175,0,0,0.0,sensodat,3,20261004,1,FailRerun,failrerun,0.05,39228.18094513416,927,12135,4322
0,0,4322,0,0.0,0.0,650,39292.67762684822,64.49668171405938,0.11680289497599006,0,0,0.0,sensodat,3,20261004,1,APGAI,apgai,0.05,39228.18094513416,927,12135,4322
80,0,4242,80,0.01850994909763998,1.0,1536,39261.59068083763,33.40973570346978,0.08393029356375337,1536,0,0.0,sensodat,3,20261004,1,ScoreCost,scorecost,0.05,39228.18094513416,927,12135,4322
119,0,4203,119,0.02753354928273947,1.0,903,39228.57102537155,0.39008023739006603,0.22404390899464488,903,0,0.0,sensodat,3,20261004,1,ReproAlloc,ercc_mean,0.05,39228.18094513416,927,12135,4322
119,0,4203,119,0.02753354928273947,1.0,888,39267.773143053055,39.59219791889336,0.17024808656424284,888,0,0.0,sensodat,3,20261004,1,ReproAlloc-OA,ercc_outcome,0.05,39228.18094513416,927,12135,4322
110,0,4212,110,0.025451180009254976,1.0,1055,39308.302292108536,80.12134697437432,0.7202942129224539,1055,0,0.0,sensodat,3,20261004,1,ReproAlloc-Optimistic,ercc_optimistic,0.05,39228.18094513416,927,12135,4322
0,0,4322,0,0.0,0.0,608,39316.51924037933,88.33829524517205,0.006550994701683521,0,0,0.0,sensodat,3,20261004,2,Uniform,uniform,0.05,39228.18094513416,927,12135,4322
106,0,4216,106,0.024525682554372975,1.0,673,39266.260657548904,38.07971241474297,0.036878508515655994,0,0,0.0,sensodat,3,20261004,2,FailRerun,failrerun,0.05,39228.18094513416,927,12135,4322
0,0,4322,0,0.0,0.0,650,39292.67762684822,64.49668171405938,0.12287180265411735,0,0,0.0,sensodat,3,20261004,2,APGAI,apgai,0.05,39228.18094513416,927,12135,4322
80,0,4242,80,0.01850994909763998,1.0,1536,39261.59068083763,33.40973570346978,0.09320770623162389,1536,0,0.0,sensodat,3,20261004,2,ScoreCost,scorecost,0.05,39228.18094513416,927,12135,4322
114,0,4208,114,0.026376677464136973,1.0,892,39230.47515439987,2.2942092657103785,0.16951139317825437,892,0,0.0,sensodat,3,20261004,2,ReproAlloc,ercc_mean,0.05,39228.18094513416,927,12135,4322
119,0,4203,119,0.02753354928273947,1.0,888,39267.773143053055,39.59219791889336,0.18428659718483686,888,0,0.0,sensodat,3,20261004,2,ReproAlloc-OA,ercc_outcome,0.05,39228.18094513416,927,12135,4322
112,0,4210,112,0.025913928736695974,1.0,977,39236.15902161598,7.978076481820608,0.6143310936167836,977,0,0.0,sensodat,3,20261004,2,ReproAlloc-Optimistic,ercc_optimistic,0.05,39228.18094513416,927,12135,4322
0,0,4322,0,0.0,0.0,1206,78497.13193273544,40.77004246712022,0.017022984102368355,0,0,0.0,sensodat,3,20261004,0,Uniform,uniform,0.1,78456.36189026832,1853,12135,4322
214,0,4108,214,0.04951411383618695,1.0,1378,78525.45241546631,69.0905251979857,0.09201981266960502,0,0,0.0,sensodat,3,20261004,0,FailRerun,failrerun,0.1,78456.36189026832,1853,12135,4322
0,0,4322,0,0.0,0.0,1250,78526.23526835442,69.873378086093,0.23282700264826417,0,0,0.0,sensodat,3,20261004,0,APGAI,apgai,0.1,78456.36189026832,1853,12135,4322
167,0,4155,167,0.03863951874132346,1.0,3244,78496.01257658005,39.65068631172471,0.22549632005393505,3244,0,0.0,sensodat,3,20261004,0,ScoreCost,scorecost,0.1,78456.36189026832,1853,12135,4322
234,0,4088,234,0.054141601110596946,1.0,1753,78505.37141060829,49.00952033996873,0.39043116895481944,1753,0,0.0,sensodat,3,20261004,0,ReproAlloc,ercc_mean,0.1,78456.36189026832,1853,12135,4322
237,0,4085,237,0.054835724201758446,1.0,1682,78459.1381058693,2.7762156009703176,0.3423421080224216,1682,0,0.0,sensodat,3,20261004,0,ReproAlloc-OA,ercc_outcome,0.1,78456.36189026832,1853,12135,4322
226,0,4096,226,0.05229060620083295,1.0,2054,78461.57084083557,5.208950567248394,1.2605791874229908,2054,0,0.0,sensodat,3,20261004,0,ReproAlloc-Optimistic,ercc_optimistic,0.1,78456.36189026832,1853,12135,4322
0,0,4322,0,0.0,0.0,1217,78457.11337137222,0.7514811039000051,0.01753911003470421,0,0,0.0,sensodat,3,20261004,1,Uniform,uniform,0.1,78456.36189026832,1853,12135,4322
214,0,4108,214,0.04951411383618695,1.0,1378,78525.45241546631,69.0905251979857,0.08500158879905939,0,0,0.0,sensodat,3,20261004,1,FailRerun,failrerun,0.1,78456.36189026832,1853,12135,4322
0,0,4322,0,0.0,0.0,1250,78526.23526835442,69.873378086093,0.20834141643717885,0,0,0.0,sensodat,3,20261004,1,APGAI,apgai,0.1,78456.36189026832,1853,12135,4322
167,0,4155,167,0.03863951874132346,1.0,3244,78496.01257658005,39.65068631172471,0.17185387713834643,3244,0,0.0,sensodat,3,20261004,1,ScoreCost,scorecost,0.1,78456.36189026832,1853,12135,4322
232,0,4090,232,0.053678852383155944,1.0,1723,78490.48334312439,34.12145285606675,0.3566277204081416,1723,0,0.0,sensodat,3,20261004,1,ReproAlloc,ercc_mean,0.1,78456.36189026832,1853,12135,4322
237,0,4085,237,0.054835724201758446,1.0,1682,78459.1381058693,2.7762156009703176,0.3142061196267605,1682,0,0.0,sensodat,3,20261004,1,ReproAlloc-OA,ercc_outcome,0.1,78456.36189026832,1853,12135,4322
224,0,4098,224,0.05182785747339195,1.0,2060,78549.34077811241,92.9788878440886,1.3276861016638577,2060,0,0.0,sensodat,3,20261004,1,ReproAlloc-Optimistic,ercc_optimistic,0.1,78456.36189026832,1853,12135,4322
0,0,4322,0,0.0,0.0,1250,78549.54999780655,93.18810753822618,0.019891113974153996,0,0,0.0,sensodat,3,20261004,2,Uniform,uniform,0.1,78456.36189026832,1853,12135,4322
214,0,4108,214,0.04951411383618695,1.0,1378,78525.45241546631,69.0905251979857,0.07609299896284938,0,0,0.0,sensodat,3,20261004,2,FailRerun,failrerun,0.1,78456.36189026832,1853,12135,4322
0,0,4322,0,0.0,0.0,1250,78526.23526835442,69.873378086093,0.20138659235090017,0,0,0.0,sensodat,3,20261004,2,APGAI,apgai,0.1,78456.36189026832,1853,12135,4322
167,0,4155,167,0.03863951874132346,1.0,3244,78496.01257658005,39.65068631172471,0.1739715849980712,3244,0,0.0,sensodat,3,20261004,2,ScoreCost,scorecost,0.1,78456.36189026832,1853,12135,4322
230,0,4092,230,0.05321610365571495,1.0,1705,78484.58157658577,28.219686317446758,0.4276210991665721,1705,0,0.0,sensodat,3,20261004,2,ReproAlloc,ercc_mean,0.1,78456.36189026832,1853,12135,4322
237,0,4085,237,0.054835724201758446,1.0,1682,78459.1381058693,2.7762156009703176,0.33589510107412934,1682,0,0.0,sensodat,3,20261004,2,ReproAlloc-OA,ercc_outcome,0.1,78456.36189026832,1853,12135,4322
218,0,4104,218,0.05043961129106895,1.0,2038,78480.69438648224,24.332496213915874,1.427379793021828,2038,0,0.0,sensodat,3,20261004,2,ReproAlloc-Optimistic,ercc_optimistic,0.1,78456.36189026832,1853,12135,4322
0,0,4322,0,0.0,0.0,2460,156913.28047180176,0.5566912651120219,0.039961280301213264,0,0,0.0,sensodat,3,20261004,0,Uniform,uniform,0.2,156912.72378053665,3704,12135,4322
425,0,3897,425,0.0983341045812124,1.0,2755,156950.2143073082,37.49052677155123,0.1815779861062765,0,0,0.0,sensodat,3,20261004,0,FailRerun,failrerun,0.2,156912.72378053665,3704,12135,4322
0,0,4322,0,0.0,0.0,2386,156933.3999247551,20.676144218450645,0.42019000742584467,0,0,0.0,sensodat,3,20261004,0,APGAI,apgai,0.2,156912.72378053665,3704,12135,4322
336,0,3986,336,0.07774178621008793,1.0,5894,156953.64577651024,40.92199597359286,0.29613798344507813,5894,0,0.0,sensodat,3,20261004,0,ScoreCost,scorecost,0.2,156912.72378053665,3704,12135,4322
449,0,3873,449,0.1038870893105044,1.0,3291,156946.90444731712,34.18066678047762,0.7224536933936179,3291,0,0.0,sensodat,3,20261004,0,ReproAlloc,ercc_mean,0.2,156912.72378053665,3704,12135,4322
453,0,3869,453,0.10481258676538639,1.0,3152,156949.44278240204,36.719001865392784,0.6184153906069696,3152,0,0.0,sensodat,3,20261004,0,ReproAlloc-OA,ercc_outcome,0.2,156912.72378053665,3704,12135,4322
431,0,3891,431,0.0997223507635354,1.0,3744,156949.40430879593,36.680528259283165,2.573462875559926,3744,0,0.0,sensodat,3,20261004,0,ReproAlloc-Optimistic,ercc_optimistic,0.2,156912.72378053665,3704,12135,4322
0,0,4322,0,0.0,0.0,2453,156924.65944099426,11.935660457616905,0.04008590755984187,0,0,0.0,sensodat,3,20261004,1,Uniform,uniform,0.2,156912.72378053665,3704,12135,4322
425,0,3897,425,0.0983341045812124,1.0,2755,156950.2143073082,37.49052677155123,0.16076169908046722,0,0,0.0,sensodat,3,20261004,1,FailRerun,failrerun,0.2,156912.72378053665,3704,12135,4322
0,0,4322,0,0.0,0.0,2386,156933.3999247551,20.676144218450645,0.474323105532676,0,0,0.0,sensodat,3,20261004,1,APGAI,apgai,0.2,156912.72378053665,3704,12135,4322
336,0,3986,336,0.07774178621008793,1.0,5894,156953.64577651024,40.92199597359286,0.2910238285548985,5894,0,0.0,sensodat,3,20261004,1,ScoreCost,scorecost,0.2,156912.72378053665,3704,12135,4322
447,0,3875,447,0.10342434058306339,1.0,3291,156942.2533481121,29.529567575460533,0.6951708006672561,3291,0,0.0,sensodat,3,20261004,1,ReproAlloc,ercc_mean,0.2,156912.72378053665,3704,12135,4322
453,0,3869,453,0.10481258676538639,1.0,3152,156949.44278240204,36.719001865392784,0.5846663168631494,3152,0,0.0,sensodat,3,20261004,1,ReproAlloc-OA,ercc_outcome,0.2,156912.72378053665,3704,12135,4322
421,0,3901,421,0.0974086071263304,1.0,3708,156939.20769405365,26.483913517004112,2.4446986983530223,3708,0,0.0,sensodat,3,20261004,1,ReproAlloc-Optimistic,ercc_optimistic,0.2,156912.72378053665,3704,12135,4322
0,0,4322,0,0.0,0.0,2472,156923.31895327568,10.595172739034751,0.03393827751278877,0,0,0.0,sensodat,3,20261004,2,Uniform,uniform,0.2,156912.72378053665,3704,12135,4322
425,0,3897,425,0.0983341045812124,1.0,2755,156950.2143073082,37.49052677155123,0.16238219710066915,0,0,0.0,sensodat,3,20261004,2,FailRerun,failrerun,0.2,156912.72378053665,3704,12135,4322
0,0,4322,0,0.0,0.0,2386,156933.3999247551,20.676144218450645,0.4679431952536106,0,0,0.0,sensodat,3,20261004,2,APGAI,apgai,0.2,156912.72378053665,3704,12135,4322
336,0,3986,336,0.07774178621008793,1.0,5894,156953.64577651024,40.92199597359286,0.31837360141798854,5894,0,0.0,sensodat,3,20261004,2,ScoreCost,scorecost,0.2,156912.72378053665,3704,12135,4322
448,0,3874,448,0.1036557149467839,1.0,3295,156964.79442811012,52.07064757347689,0.6955060646869242,3295,0,0.0,sensodat,3,20261004,2,ReproAlloc,ercc_mean,0.2,156912.72378053665,3704,12135,4322
453,0,3869,453,0.10481258676538639,1.0,3152,156949.44278240204,36.719001865392784,0.6545586925931275,3152,0,0.0,sensodat,3,20261004,2,ReproAlloc-OA,ercc_outcome,0.2,156912.72378053665,3704,12135,4322
423,0,3899,423,0.09787135585377141,1.0,3718,156930.8702135086,18.146432971960166,2.704172212164849,3718,0,0.0,sensodat,3,20261004,2,ReproAlloc-Optimistic,ercc_optimistic,0.2,156912.72378053665,3704,12135,4322
0,0,4322,0,0.0,0.0,612,39318.347180366516,90.16623523235467,0.01246069697663188,0,0,0.0,sensodat,4,20261005,0,Uniform,uniform,0.05,39228.18094513416,929,12135,4322
109,0,4213,109,0.025219805645534474,1.0,685,39230.948939323425,2.7679941892638453,0.0723733021877706,0,0,0.0,sensodat,4,20261005,0,FailRerun,failrerun,0.05,39228.18094513416,929,12135,4322
0,0,4322,0,0.0,0.0,639,39291.538064956665,63.35711982250359,0.10445029474794865,0,0,0.0,sensodat,4,20261005,0,APGAI,apgai,0.05,39228.18094513416,929,12135,4322
86,0,4236,86,0.01989819527996298,1.0,1722,39328.6937828064,100.51283767223504,0.10101731820032,1722,0,0.0,sensodat,4,20261005,0,ScoreCost,scorecost,0.05,39228.18094513416,929,12135,4322
119,0,4203,119,0.02753354928273947,1.0,912,39272.68163514137,44.50069000721123,0.18484139116480947,912,0,0.0,sensodat,4,20261005,0,ReproAlloc,ercc_mean,0.05,39228.18094513416,929,12135,4322
118,0,4204,118,0.027302174919018974,1.0,866,39291.65197491646,63.47102978229668,0.1569633036851883,866,0,0.0,sensodat,4,20261005,0,ReproAlloc-OA,ercc_outcome,0.05,39228.18094513416,929,12135,4322
118,0,4204,118,0.027302174919018974,1.0,1043,39270.507368803024,42.326423668862844,0.6463209013454616,1043,0,0.0,sensodat,4,20261005,0,ReproAlloc-Optimistic,ercc_optimistic,0.05,39228.18094513416,929,12135,4322
0,0,4322,0,0.0,0.0,608,39300.93919253349,72.7582473993316,0.007734795566648245,0,0,0.0,sensodat,4,20261005,1,Uniform,uniform,0.05,39228.18094513416,929,12135,4322
109,0,4213,109,0.025219805645534474,1.0,685,39230.948939323425,2.7679941892638453,0.04838859336450696,0,0,0.0,sensodat,4,20261005,1,FailRerun,failrerun,0.05,39228.18094513416,929,12135,4322
0,0,4322,0,0.0,0.0,639,39291.538064956665,63.35711982250359,0.13406470092013478,0,0,0.0,sensodat,4,20261005,1,APGAI,apgai,0.05,39228.18094513416,929,12135,4322
86,0,4236,86,0.01989819527996298,1.0,1722,39328.6937828064,100.51283767223504,0.09180929092690349,1722,0,0.0,sensodat,4,20261005,1,ScoreCost,scorecost,0.05,39228.18094513416,929,12135,4322
120,0,4202,120,0.027764923646459973,1.0,909,39230.51812672615,2.337181591989065,0.21589979575946927,909,0,0.0,sensodat,4,20261005,1,ReproAlloc,ercc_mean,0.05,39228.18094513416,929,12135,4322
118,0,4204,118,0.027302174919018974,1.0,866,39291.65197491646,63.47102978229668,0.18996230978518724,866,0,0.0,sensodat,4,20261005,1,ReproAlloc-OA,ercc_outcome,0.05,39228.18094513416,929,12135,4322
111,0,4211,111,0.025682554372975473,1.0,985,39243.12487697601,14.943931841851736,0.6247694040648639,985,0,0.0,sensodat,4,20261005,1,ReproAlloc-Optimistic,ercc_optimistic,0.05,39228.18094513416,929,12135,4322
0,0,4322,0,0.0,0.0,607,39251.94675397873,23.7658088445678,0.014000898692756891,0,0,0.0,sensodat,4,20261005,2,Uniform,uniform,0.05,39228.18094513416,929,12135,4322
109,0,4213,109,0.025219805645534474,1.0,685,39230.948939323425,2.7679941892638453,0.045613495633006096,0,0,0.0,sensodat,4,20261005,2,FailRerun,failrerun,0.05,39228.18094513416,929,12135,4322
0,0,4322,0,0.0,0.0,639,39291.538064956665,63.35711982250359,0.1142954034730792,0,0,0.0,sensodat,4,20261005,2,APGAI,apgai,0.05,39228.18094513416,929,12135,4322
86,0,4236,86,0.01989819527996298,1.0,1722,39328.6937828064,100.51283767223504,0.0739395129494369,1722,0,0.0,sensodat,4,20261005,2,ScoreCost,scorecost,0.05,39228.18094513416,929,12135,4322
118,0,4204,118,0.027302174919018974,1.0,910,39228.5708668232,0.3899216890349635,0.23226000042632222,910,0,0.0,sensodat,4,20261005,2,ReproAlloc,ercc_mean,0.05,39228.18094513416,929,12135,4322
118,0,4204,118,0.027302174919018974,1.0,866,39291.65197491646,63.47102978229668,0.17565769609063864,866,0,0.0,sensodat,4,20261005,2,ReproAlloc-OA,ercc_outcome,0.05,39228.18094513416,929,12135,4322
119,0,4203,119,0.02753354928273947,1.0,987,39240.98368668556,12.802741551400686,0.5985492160543799,987,0,0.0,sensodat,4,20261005,2,ReproAlloc-Optimistic,ercc_optimistic,0.05,39228.18094513416,929,12135,4322
0,0,4322,0,0.0,0.0,1225,78493.45881772041,37.09692745209031,0.01757188979536295,0,0,0.0,sensodat,4,20261005,0,Uniform,uniform,0.1,78456.36189026832,1856,12135,4322
213,0,4109,213,0.049282739472466454,1.0,1368,78483.53508782387,27.173197555544903,0.09680809639394283,0,0,0.0,sensodat,4,20261005,0,FailRerun,failrerun,0.1,78456.36189026832,1856,12135,4322
0,0,4322,0,0.0,0.0,1255,78476.70770025253,20.345809984210064,0.24258499359712005,0,0,0.0,sensodat,4,20261005,0,APGAI,apgai,0.1,78456.36189026832,1856,12135,4322
171,0,4151,171,0.03956501619620546,1.0,3214,78526.27842307091,69.9165328025847,0.1433646879158914,3214,0,0.0,sensodat,4,20261005,0,ScoreCost,scorecost,0.1,78456.36189026832,1856,12135,4322
235,0,4087,235,0.05437297547431744,1.0,1748,78460.13567042351,3.773780155184795,0.34320230316370726,1748,0,0.0,sensodat,4,20261005,0,ReproAlloc,ercc_mean,0.1,78456.36189026832,1856,12135,4322
237,0,4085,237,0.054835724201758446,1.0,1673,78466.60528445244,10.24339418411546,0.2885811016894877,1673,0,0.0,sensodat,4,20261005,0,ReproAlloc-OA,ercc_outcome,0.1,78456.36189026832,1856,12135,4322
220,0,4102,220,0.05090236001850995,1.0,1996,78463.2479493618,6.886059093478252,1.3763200100511312,1996,0,0.0,sensodat,4,20261005,0,ReproAlloc-Optimistic,ercc_optimistic,0.1,78456.36189026832,1856,12135,4322
0,0,4322,0,0.0,0.0,1241,78514.50003218651,58.13814191818528,0.01985491393133998,0,0,0.0,sensodat,4,20261005,1,Uniform,uniform,0.1,78456.36189026832,1856,12135,4322
213,0,4109,213,0.049282739472466454,1.0,1368,78483.53508782387,27.173197555544903,0.096176294144243,0,0,0.0,sensodat,4,20261005,1,FailRerun,failrerun,0.1,78456.36189026832,1856,12135,4322
0,0,4322,0,0.0,0.0,1255,78476.70770025253,20.345809984210064,0.25009089754894376,0,0,0.0,sensodat,4,20261005,1,APGAI,apgai,0.1,78456.36189026832,1856,12135,4322
171,0,4151,171,0.03956501619620546,1.0,3214,78526.27842307091,69.9165328025847,0.1973779872059822,3214,0,0.0,sensodat,4,20261005,1,ScoreCost,scorecost,0.1,78456.36189026832,1856,12135,4322
233,0,4089,233,0.05391022674687645,1.0,1741,78483.73914885521,27.377258586886455,0.3633116199634969,1741,0,0.0,sensodat,4,20261005,1,ReproAlloc,ercc_mean,0.1,78456.36189026832,1856,12135,4322
237,0,4085,237,0.054835724201758446,1.0,1673,78466.60528445244,10.24339418411546,0.36962730484083295,1673,0,0.0,sensodat,4,20261005,1,ReproAlloc-OA,ercc_outcome,0.1,78456.36189026832,1856,12135,4322
223,0,4099,223,0.05159648310967145,1.0,2032,78477.53932023048,21.177429962161114,1.4283226928673685,2032,0,0.0,sensodat,4,20261005,1,ReproAlloc-Optimistic,ercc_optimistic,0.1,78456.36189026832,1856,12135,4322
0,0,4322,0,0.0,0.0,1239,78498.18602466583,41.824134397509624,0.013597697485238314,0,0,0.0,sensodat,4,20261005,2,Uniform,uniform,0.1,78456.36189026832,1856,12135,4322
213,0,4109,213,0.049282739472466454,1.0,1368,78483.53508782387,27.173197555544903,0.0759571036323905,0,0,0.0,sensodat,4,20261005,2,FailRerun,failrerun,0.1,78456.36189026832,1856,12135,4322
0,0,4322,0,0.0,0.0,1255,78476.70770025253,20.345809984210064,0.21709499740973115,0,0,0.0,sensodat,4,20261005,2,APGAI,apgai,0.1,78456.36189026832,1856,12135,4322
171,0,4151,171,0.03956501619620546,1.0,3214,78526.27842307091,69.9165328025847,0.1830358011648059,3214,0,0.0,sensodat,4,20261005,2,ScoreCost,scorecost,0.1,78456.36189026832,1856,12135,4322
232,0,4090,232,0.053678852383155944,1.0,1738,78493.57760190964,37.215711641314556,0.38228119257837534,1738,0,0.0,sensodat,4,20261005,2,ReproAlloc,ercc_mean,0.1,78456.36189026832,1856,12135,4322
237,0,4085,237,0.054835724201758446,1.0,1673,78466.60528445244,10.24339418411546,0.32621340174227953,1673,0,0.0,sensodat,4,20261005,2,ReproAlloc-OA,ercc_outcome,0.1,78456.36189026832,1856,12135,4322
219,0,4103,219,0.05067098565478945,1.0,1996,78462.50952267647,6.147632408145,1.3555810893885791,1996,0,0.0,sensodat,4,20261005,2,ReproAlloc-Optimistic,ercc_optimistic,0.1,78456.36189026832,1856,12135,4322
0,0,4322,0,0.0,0.0,2472,156950.5451312065,37.82135066986666,0.03789260983467102,0,0,0.0,sensodat,4,20261005,0,Uniform,uniform,0.2,156912.72378053665,3711,12135,4322
428,0,3894,428,0.0990282276723739,1.0,2788,156968.12769436836,55.403913831716636,0.2019710228778422,0,0,0.0,sensodat,4,20261005,0,FailRerun,failrerun,0.2,156912.72378053665,3711,12135,4322
0,0,4322,0,0.0,0.0,2427,156924.67619419098,11.952413654333213,0.47340079490095377,0,0,0.0,sensodat,4,20261005,0,APGAI,apgai,0.2,156912.72378053665,3711,12135,4322
344,0,3978,344,0.07959278111985192,1.0,11773,156928.84582042694,16.122039890295127,0.6608939920552075,11773,0,0.0,sensodat,4,20261005,0,ScoreCost,scorecost,0.2,156912.72378053665,3711,12135,4322
440,0,3882,440,0.1018047200370199,1.0,3171,156958.29472064972,45.57094011307345,0.6444815141148865,3171,0,0.0,sensodat,4,20261005,0,ReproAlloc,ercc_mean,0.2,156912.72378053665,3711,12135,4322
442,0,3880,442,0.1022674687644609,1.0,3014,156930.96845054626,18.244670009618858,0.5968317198567092,3014,0,0.0,sensodat,4,20261005,0,ReproAlloc-OA,ercc_outcome,0.2,156912.72378053665,3711,12135,4322
433,0,3889,433,0.1001850994909764,1.0,3772,156949.20992183685,36.48614130020724,2.6361060054041445,3772,0,0.0,sensodat,4,20261005,0,ReproAlloc-Optimistic,ercc_optimistic,0.2,156912.72378053665,3711,12135,4322
0,0,4322,0,0.0,0.0,2429,156923.16364216805,10.439861631399253,0.04061639495193958,0,0,0.0,sensodat,4,20261005,1,Uniform,uniform,0.2,156912.72378053665,3711,12135,4322
428,0,3894,428,0.0990282276723739,1.0,2788,156968.12769436836,55.403913831716636,0.22560229850932956,0,0,0.0,sensodat,4,20261005,1,FailRerun,failrerun,0.2,156912.72378053665,3711,12135,4322
0,0,4322,0,0.0,0.0,2427,156924.67619419098,11.952413654333213,0.5680136308073997,0,0,0.0,sensodat,4,20261005,1,APGAI,apgai,0.2,156912.72378053665,3711,12135,4322
344,0,3978,344,0.07959278111985192,1.0,11773,156928.84582042694,16.122039890295127,0.6586747919209301,11773,0,0.0,sensodat,4,20261005,1,ScoreCost,scorecost,0.2,156912.72378053665,3711,12135,4322
436,0,3886,436,0.1008792225821379,1.0,3159,156918.54741072655,5.823630189901451,0.6119471061974764,3159,0,0.0,sensodat,4,20261005,1,ReproAlloc,ercc_mean,0.2,156912.72378053665,3711,12135,4322
442,0,3880,442,0.1022674687644609,1.0,3014,156930.96845054626,18.244670009618858,0.6067507145926356,3014,0,0.0,sensodat,4,20261005,1,ReproAlloc-OA,ercc_outcome,0.2,156912.72378053665,3711,12135,4322
432,0,3890,432,0.0999537251272559,1.0,3778,156945.36640119553,32.64262065888033,2.5980041953735054,3778,0,0.0,sensodat,4,20261005,1,ReproAlloc-Optimistic,ercc_optimistic,0.2,156912.72378053665,3711,12135,4322
0,0,4322,0,0.0,0.0,2446,157033.31891608238,120.59513554573641,0.03762320103123784,0,0,0.0,sensodat,4,20261005,2,Uniform,uniform,0.2,156912.72378053665,3711,12135,4322
428,0,3894,428,0.0990282276723739,1.0,2788,156968.12769436836,55.403913831716636,0.1894901990890503,0,0,0.0,sensodat,4,20261005,2,FailRerun,failrerun,0.2,156912.72378053665,3711,12135,4322
0,0,4322,0,0.0,0.0,2427,156924.67619419098,11.952413654333213,0.42502892669290304,0,0,0.0,sensodat,4,20261005,2,APGAI,apgai,0.2,156912.72378053665,3711,12135,4322
344,0,3978,344,0.07959278111985192,1.0,11773,156928.84582042694,16.122039890295127,0.7244779597967863,11773,0,0.0,sensodat,4,20261005,2,ScoreCost,scorecost,0.2,156912.72378053665,3711,12135,4322
439,0,3883,439,0.1015733456732994,1.0,3175,156959.09362459183,46.3698440551816,0.8255387865938246,3175,0,0.0,sensodat,4,20261005,2,ReproAlloc,ercc_mean,0.2,156912.72378053665,3711,12135,4322
442,0,3880,442,0.1022674687644609,1.0,3014,156930.96845054626,18.244670009618858,0.5639457874931395,3014,0,0.0,sensodat,4,20261005,2,ReproAlloc-OA,ercc_outcome,0.2,156912.72378053665,3711,12135,4322
433,0,3889,433,0.1001850994909764,1.0,3762,157003.77043509483,91.04665455818758,2.4892613212578,3762,0,0.0,sensodat,4,20261005,2,ReproAlloc-Optimistic,ercc_optimistic,0.2,156912.72378053665,3711,12135,4322
0,0,4322,0,0.0,0.0,573,39253.009462833405,24.828517699243093,0.007892705965787172,0,0,0.0,sensodat,5,20261006,0,Uniform,uniform,0.05,39228.18094513416,932,12135,4322
107,0,4215,107,0.024757056918093476,1.0,683,39260.04805779457,31.867112660409475,0.05842760158702731,0,0,0.0,sensodat,5,20261006,0,FailRerun,failrerun,0.05,39228.18094513416,932,12135,4322
0,0,4322,0,0.0,0.0,647,39294.83302855492,66.65208342075493,0.1214068946428597,0,0,0.0,sensodat,5,20261006,0,APGAI,apgai,0.05,39228.18094513416,932,12135,4322
76,0,4246,76,0.017584451642757983,1.0,1689,39250.72175383568,22.540808701516653,0.105465117841959,1689,0,0.0,sensodat,5,20261006,0,ScoreCost,scorecost,0.05,39228.18094513416,932,12135,4322
108,0,4214,108,0.024988431281813973,1.0,858,39246.81220674515,18.631261610986257,0.19544689264148474,858,0,0.0,sensodat,5,20261006,0,ReproAlloc,ercc_mean,0.05,39228.18094513416,932,12135,4322
111,0,4211,111,0.025682554372975473,1.0,828,39249.30323815346,21.122293019296194,0.1579815922304988,828,0,0.0,sensodat,5,20261006,0,ReproAlloc-OA,ercc_outcome,0.05,39228.18094513416,932,12135,4322
100,0,4222,100,0.02313743637204998,1.0,967,39300.35988664627,72.1789415121093,0.6313432077877223,967,0,0.0,sensodat,5,20261006,0,ReproAlloc-Optimistic,ercc_optimistic,0.05,39228.18094513416,932,12135,4322
0,0,4322,0,0.0,0.0,620,39237.211869478226,9.03092434406426,0.007642003707587719,0,0,0.0,sensodat,5,20261006,1,Uniform,uniform,0.05,39228.18094513416,932,12135,4322
107,0,4215,107,0.024757056918093476,1.0,683,39260.04805779457,31.867112660409475,0.034999600145965815,0,0,0.0,sensodat,5,20261006,1,FailRerun,failrerun,0.05,39228.18094513416,932,12135,4322
0,0,4322,0,0.0,0.0,647,39294.83302855492,66.65208342075493,0.1290856129489839,0,0,0.0,sensodat,5,20261006,1,APGAI,apgai,0.05,39228.18094513416,932,12135,4322
76,0,4246,76,0.017584451642757983,1.0,1689,39250.72175383568,22.540808701516653,0.08888511685654521,1689,0,0.0,sensodat,5,20261006,1,ScoreCost,scorecost,0.05,39228.18094513416,932,12135,4322
110,0,4212,110,0.025451180009254976,1.0,881,39235.791209220886,7.610264086724783,0.174093596637249,881,0,0.0,sensodat,5,20261006,1,ReproAlloc,ercc_mean,0.05,39228.18094513416,932,12135,4322
111,0,4211,111,0.025682554372975473,1.0,828,39249.30323815346,21.122293019296194,0.14573480421677232,828,0,0.0,sensodat,5,20261006,1,ReproAlloc-OA,ercc_outcome,0.05,39228.18094513416,932,12135,4322
104,0,4218,104,0.024062933826931976,1.0,1034,39257.896154642105,29.715209507943655,0.724657800514251,1034,0,0.0,sensodat,5,20261006,1,ReproAlloc-Optimistic,ercc_optimistic,0.05,39228.18094513416,932,12135,4322
0,0,4322,0,0.0,0.0,595,39262.61455011368,34.43360497951653,0.006882906891405582,0,0,0.0,sensodat,5,20261006,2,Uniform,uniform,0.05,39228.18094513416,932,12135,4322
107,0,4215,107,0.024757056918093476,1.0,683,39260.04805779457,31.867112660409475,0.05566499987617135,0,0,0.0,sensodat,5,20261006,2,FailRerun,failrerun,0.05,39228.18094513416,932,12135,4322
0,0,4322,0,0.0,0.0,647,39294.83302855492,66.65208342075493,0.10422919830307364,0,0,0.0,sensodat,5,20261006,2,APGAI,apgai,0.05,39228.18094513416,932,12135,4322
76,0,4246,76,0.017584451642757983,1.0,1689,39250.72175383568,22.540808701516653,0.07713008485734463,1689,0,0.0,sensodat,5,20261006,2,ScoreCost,scorecost,0.05,39228.18094513416,932,12135,4322
110,0,4212,110,0.025451180009254976,1.0,871,39250.21990656853,22.038961434365774,0.1905117048881948,871,0,0.0,sensodat,5,20261006,2,ReproAlloc,ercc_mean,0.05,39228.18094513416,932,12135,4322
111,0,4211,111,0.025682554372975473,1.0,828,39249.30323815346,21.122293019296194,0.13382849050685763,828,0,0.0,sensodat,5,20261006,2,ReproAlloc-OA,ercc_outcome,0.05,39228.18094513416,932,12135,4322
99,0,4223,99,0.022906062008329477,1.0,985,39259.37725186348,31.196306729318167,0.5823707836680114,985,0,0.0,sensodat,5,20261006,2,ReproAlloc-Optimistic,ercc_optimistic,0.05,39228.18094513416,932,12135,4322
0,0,4322,0,0.0,0.0,1229,78512.09292435646,55.731034088137676,0.01360730966553092,0,0,0.0,sensodat,5,20261006,0,Uniform,uniform,0.1,78456.36189026832,1863,12135,4322
205,0,4117,205,0.04743174456270245,1.0,1328,78499.98942875862,43.62753849029832,0.08660138910636306,0,0,0.0,sensodat,5,20261006,0,FailRerun,failrerun,0.1,78456.36189026832,1863,12135,4322
0,0,4322,0,0.0,0.0,1239,78498.92893338203,42.56704311371141,0.21112003223970532,0,0,0.0,sensodat,5,20261006,0,APGAI,apgai,0.1,78456.36189026832,1863,12135,4322
167,0,4155,167,0.03863951874132346,1.0,3126,78534.01657438278,77.65468411445909,0.1444362080655992,3126,0,0.0,sensodat,5,20261006,0,ScoreCost,scorecost,0.1,78456.36189026832,1863,12135,4322
224,0,4098,224,0.05182785747339195,1.0,1700,78468.62067222595,12.258781957629253,0.33889240911230445,1700,0,0.0,sensodat,5,20261006,0,ReproAlloc,ercc_mean,0.1,78456.36189026832,1863,12135,4322
230,0,4092,230,0.05321610365571495,1.0,1635,78473.15786004066,16.795969772341778,0.30022889748215675,1635,0,0.0,sensodat,5,20261006,0,ReproAlloc-OA,ercc_outcome,0.1,78456.36189026832,1863,12135,4322
216,0,4106,216,0.04997686256362795,1.0,2022,78481.86842226982,25.50653200149827,1.3323502936400473,2022,0,0.0,sensodat,5,20261006,0,ReproAlloc-Optimistic,ercc_optimistic,0.1,78456.36189026832,1863,12135,4322
0,0,4322,0,0.0,0.0,1193,78469.27385663986,12.911966371539165,0.01688159490004182,0,0,0.0,sensodat,5,20261006,1,Uniform,uniform,0.1,78456.36189026832,1863,12135,4322
205,0,4117,205,0.04743174456270245,1.0,1328,78499.98942875862,43.62753849029832,0.0831744996830821,0,0,0.0,sensodat,5,20261006,1,FailRerun,failrerun,0.1,78456.36189026832,1863,12135,4322
0,0,4322,0,0.0,0.0,1239,78498.92893338203,42.56704311371141,0.22508059768006206,0,0,0.0,sensodat,5,20261006,1,APGAI,apgai,0.1,78456.36189026832,1863,12135,4322
167,0,4155,167,0.03863951874132346,1.0,3126,78534.01657438278,77.65468411445909,0.19064728543162346,3126,0,0.0,sensodat,5,20261006,1,ScoreCost,scorecost,0.1,78456.36189026832,1863,12135,4322
226,0,4096,226,0.05229060620083295,1.0,1714,78488.78388953209,32.42199926376634,0.3825260796584189,1714,0,0.0,sensodat,5,20261006,1,ReproAlloc,ercc_mean,0.1,78456.36189026832,1863,12135,4322
230,0,4092,230,0.05321610365571495,1.0,1635,78473.15786004066,16.795969772341778,0.30338728707283735,1635,0,0.0,sensodat,5,20261006,1,ReproAlloc-OA,ercc_outcome,0.1,78456.36189026832,1863,12135,4322
216,0,4106,216,0.04997686256362795,1.0,2022,78481.86842226982,25.50653200149827,1.3411956997588277,2022,0,0.0,sensodat,5,20261006,1,ReproAlloc-Optimistic,ercc_optimistic,0.1,78456.36189026832,1863,12135,4322
0,0,4322,0,0.0,0.0,1175,78471.71098947525,15.349099206927349,0.015907905530184507,0,0,0.0,sensodat,5,20261006,2,Uniform,uniform,0.1,78456.36189026832,1863,12135,4322
205,0,4117,205,0.04743174456270245,1.0,1328,78499.98942875862,43.62753849029832,0.09400430228561163,0,0,0.0,sensodat,5,20261006,2,FailRerun,failrerun,0.1,78456.36189026832,1863,12135,4322
0,0,4322,0,0.0,0.0,1239,78498.92893338203,42.56704311371141,0.21698060212656856,0,0,0.0,sensodat,5,20261006,2,APGAI,apgai,0.1,78456.36189026832,1863,12135,4322
167,0,4155,167,0.03863951874132346,1.0,3126,78534.01657438278,77.65468411445909,0.14853114681318402,3126,0,0.0,sensodat,5,20261006,2,ScoreCost,scorecost,0.1,78456.36189026832,1863,12135,4322
226,0,4096,226,0.05229060620083295,1.0,1713,78522.56671738625,66.20482711792283,0.46101679652929306,1713,0,0.0,sensodat,5,20261006,2,ReproAlloc,ercc_mean,0.1,78456.36189026832,1863,12135,4322
230,0,4092,230,0.05321610365571495,1.0,1635,78473.15786004066,16.795969772341778,0.31866648653522134,1635,0,0.0,sensodat,5,20261006,2,ReproAlloc-OA,ercc_outcome,0.1,78456.36189026832,1863,12135,4322
216,0,4106,216,0.04997686256362795,1.0,2022,78481.86842226982,25.50653200149827,1.3234178898856044,2022,0,0.0,sensodat,5,20261006,2,ReproAlloc-Optimistic,ercc_optimistic,0.1,78456.36189026832,1863,12135,4322
0,0,4322,0,0.0,0.0,2431,156953.49605584145,40.77227530480013,0.0399736980907619,0,0,0.0,sensodat,5,20261006,0,Uniform,uniform,0.2,156912.72378053665,3725,12135,4322
430,0,3892,430,0.0994909763998149,1.0,2804,156958.64200162888,45.91822109222994,0.17942700255662203,0,0,0.0,sensodat,5,20261006,0,FailRerun,failrerun,0.2,156912.72378053665,3725,12135,4322
0,0,4322,0,0.0,0.0,2388,156928.69947195053,15.975691413885215,0.42301549948751926,0,0,0.0,sensodat,5,20261006,0,APGAI,apgai,0.2,156912.72378053665,3725,12135,4322
338,0,3984,338,0.07820453493752892,1.0,5921,156955.855022192,43.13124165535555,0.308133898768574,5921,0,0.0,sensodat,5,20261006,0,ScoreCost,scorecost,0.2,156912.72378053665,3725,12135,4322
448,0,3874,448,0.1036557149467839,1.0,3257,156919.96757817268,7.243797636037925,0.6959237130358815,3257,0,0.0,sensodat,5,20261006,0,ReproAlloc,ercc_mean,0.2,156912.72378053665,3725,12135,4322
448,0,3874,448,0.1036557149467839,1.0,3079,156930.12902021408,17.40523967743502,0.7145647797733545,3079,0,0.0,sensodat,5,20261006,0,ReproAlloc-OA,ercc_outcome,0.2,156912.72378053665,3725,12135,4322
432,0,3890,432,0.0999537251272559,1.0,3782,156946.15019845963,33.426417922979454,2.456862694583833,3782,0,0.0,sensodat,5,20261006,0,ReproAlloc-Optimistic,ercc_optimistic,0.2,156912.72378053665,3725,12135,4322
0,0,4322,0,0.0,0.0,2412,156942.40418457985,29.680404043203453,0.025739004369825125,0,0,0.0,sensodat,5,20261006,1,Uniform,uniform,0.2,156912.72378053665,3725,12135,4322
430,0,3892,430,0.0994909763998149,1.0,2804,156958.64200162888,45.91822109222994,0.18569380603730679,0,0,0.0,sensodat,5,20261006,1,FailRerun,failrerun,0.2,156912.72378053665,3725,12135,4322
0,0,4322,0,0.0,0.0,2388,156928.69947195053,15.975691413885215,0.4214726369827986,0,0,0.0,sensodat,5,20261006,1,APGAI,apgai,0.2,156912.72378053665,3725,12135,4322
338,0,3984,338,0.07820453493752892,1.0,5921,156955.855022192,43.13124165535555,0.2676890012808144,5921,0,0.0,sensodat,5,20261006,1,ScoreCost,scorecost,0.2,156912.72378053665,3725,12135,4322
444,0,3878,444,0.10273021749190189,1.0,3225,157006.3593671322,93.6355865955411,0.7286257934756577,3225,0,0.0,sensodat,5,20261006,1,ReproAlloc,ercc_mean,0.2,156912.72378053665,3725,12135,4322
448,0,3874,448,0.1036557149467839,1.0,3079,156930.12902021408,17.40523967743502,0.592968079727143,3079,0,0.0,sensodat,5,20261006,1,ReproAlloc-OA,ercc_outcome,0.2,156912.72378053665,3725,12135,4322
426,0,3896,426,0.09856547894493291,1.0,3733,156915.21902394295,2.495243406301597,2.7461121208034456,3733,0,0.0,sensodat,5,20261006,1,ReproAlloc-Optimistic,ercc_optimistic,0.2,156912.72378053665,3725,12135,4322
0,0,4322,0,0.0,0.0,2443,156915.70943021774,2.9856496810971294,0.055203174240887165,0,0,0.0,sensodat,5,20261006,2,Uniform,uniform,0.2,156912.72378053665,3725,12135,4322
430,0,3892,430,0.0994909763998149,1.0,2804,156958.64200162888,45.91822109222994,0.19122848939150572,0,0,0.0,sensodat,5,20261006,2,FailRerun,failrerun,0.2,156912.72378053665,3725,12135,4322
0,0,4322,0,0.0,0.0,2388,156928.69947195053,15.975691413885215,0.459073799662292,0,0,0.0,sensodat,5,20261006,2,APGAI,apgai,0.2,156912.72378053665,3725,12135,4322
338,0,3984,338,0.07820453493752892,1.0,5921,156955.855022192,43.13124165535555,0.34180518705397844,5921,0,0.0,sensodat,5,20261006,2,ScoreCost,scorecost,0.2,156912.72378053665,3725,12135,4322
442,0,3880,442,0.1022674687644609,1.0,3222,156933.94542217255,21.221641635900596,0.7038990925066173,3222,0,0.0,sensodat,5,20261006,2,ReproAlloc,ercc_mean,0.2,156912.72378053665,3725,12135,4322
448,0,3874,448,0.1036557149467839,1.0,3079,156930.12902021408,17.40523967743502,0.577024273108691,3079,0,0.0,sensodat,5,20261006,2,ReproAlloc-OA,ercc_outcome,0.2,156912.72378053665,3725,12135,4322
432,0,3890,432,0.0999537251272559,1.0,3760,156965.25075292587,52.52697238922701,2.645096428692341,3760,0,0.0,sensodat,5,20261006,2,ReproAlloc-Optimistic,ercc_optimistic,0.2,156912.72378053665,3725,12135,4322
0,0,4322,0,0.0,0.0,610,39241.08090543747,12.899960303308035,0.009940503165125847,0,0,0.0,sensodat,6,20261007,0,Uniform,uniform,0.05,39228.18094513416,925,12135,4322
122,0,4200,122,0.02822767237390097,1.0,763,39266.91600751877,38.73506238460686,0.06440851092338562,0,0,0.0,sensodat,6,20261007,0,FailRerun,failrerun,0.05,39228.18094513416,925,12135,4322
0,0,4322,0,0.0,0.0,673,39240.183683395386,12.002738261224295,0.14290149975568056,0,0,0.0,sensodat,6,20261007,0,APGAI,apgai,0.05,39228.18094513416,925,12135,4322
100,0,4222,100,0.02313743637204998,1.0,1530,39324.72904229164,96.54809715747979,0.078235087916255,1530,0,0.0,sensodat,6,20261007,0,ScoreCost,scorecost,0.05,39228.18094513416,925,12135,4322
133,0,4189,133,0.03077279037482647,1.0,958,39265.731669425964,37.55072429180291,0.18294289521872997,958,0,0.0,sensodat,6,20261007,0,ReproAlloc,ercc_mean,0.05,39228.18094513416,925,12135,4322
135,0,4187,135,0.03123553910226747,1.0,941,39268.60717582703,40.42623069286492,0.1767706056125462,941,0,0.0,sensodat,6,20261007,0,ReproAlloc-OA,ercc_outcome,0.05,39228.18094513416,925,12135,4322
122,0,4200,122,0.02822767237390097,1.0,1014,39275.70143866539,47.52049353122857,0.6097422032617033,1014,0,0.0,sensodat,6,20261007,0,ReproAlloc-Optimistic,ercc_optimistic,0.05,39228.18094513416,925,12135,4322
0,0,4322,0,0.0,0.0,612,39243.49512267113,15.314177536965872,0.012597199063748121,0,0,0.0,sensodat,6,20261007,1,Uniform,uniform,0.05,39228.18094513416,925,12135,4322
122,0,4200,122,0.02822767237390097,1.0,763,39266.91600751877,38.73506238460686,0.0474679060280323,0,0,0.0,sensodat,6,20261007,1,FailRerun,failrerun,0.05,39228.18094513416,925,12135,4322
0,0,4322,0,0.0,0.0,673,39240.183683395386,12.002738261224295,0.10578029789030552,0,0,0.0,sensodat,6,20261007,1,APGAI,apgai,0.05,39228.18094513416,925,12135,4322
100,0,4222,100,0.02313743637204998,1.0,1530,39324.72904229164,96.54809715747979,0.08217750629410148,1530,0,0.0,sensodat,6,20261007,1,ScoreCost,scorecost,0.05,39228.18094513416,925,12135,4322
129,0,4193,129,0.02984729291994447,1.0,925,39230.0264415741,1.845496439935232,0.24431429896503687,925,0,0.0,sensodat,6,20261007,1,ReproAlloc,ercc_mean,0.05,39228.18094513416,925,12135,4322
135,0,4187,135,0.03123553910226747,1.0,941,39268.60717582703,40.42623069286492,0.17372899455949664,941,0,0.0,sensodat,6,20261007,1,ReproAlloc-OA,ercc_outcome,0.05,39228.18094513416,925,12135,4322
116,0,4206,116,0.026839426191577972,1.0,1008,39286.35214614868,58.17120101452019,0.6244674976915121,1008,0,0.0,sensodat,6,20261007,1,ReproAlloc-Optimistic,ercc_optimistic,0.05,39228.18094513416,925,12135,4322
0,0,4322,0,0.0,0.0,620,39242.78152346611,14.600578331948782,0.00792389502748847,0,0,0.0,sensodat,6,20261007,2,Uniform,uniform,0.05,39228.18094513416,925,12135,4322
122,0,4200,122,0.02822767237390097,1.0,763,39266.91600751877,38.73506238460686,0.045887396670877934,0,0,0.0,sensodat,6,20261007,2,FailRerun,failrerun,0.05,39228.18094513416,925,12135,4322
0,0,4322,0,0.0,0.0,673,39240.183683395386,12.002738261224295,0.10969749931246042,0,0,0.0,sensodat,6,20261007,2,APGAI,apgai,0.05,39228.18094513416,925,12135,4322
100,0,4222,100,0.02313743637204998,1.0,1530,39324.72904229164,96.54809715747979,0.07921541295945644,1530,0,0.0,sensodat,6,20261007,2,ScoreCost,scorecost,0.05,39228.18094513416,925,12135,4322
131,0,4191,131,0.03031004164738547,1.0,931,39233.15547180176,4.974526667596365,0.17212171899154782,931,0,0.0,sensodat,6,20261007,2,ReproAlloc,ercc_mean,0.05,39228.18094513416,925,12135,4322
135,0,4187,135,0.03123553910226747,1.0,941,39268.60717582703,40.42623069286492,0.2081858841702342,941,0,0.0,sensodat,6,20261007,2,ReproAlloc-OA,ercc_outcome,0.05,39228.18094513416,925,12135,4322
118,0,4204,118,0.027302174919018974,1.0,1041,39264.59503221512,36.41408708095696,0.6449649026617408,1041,0,0.0,sensodat,6,20261007,2,ReproAlloc-Optimistic,ercc_optimistic,0.05,39228.18094513416,925,12135,4322
0,0,4322,0,0.0,0.0,1217,78457.32548928261,0.963599014285137,0.018542401026934385,0,0,0.0,sensodat,6,20261007,0,Uniform,uniform,0.1,78456.36189026832,1848,12135,4322
235,0,4087,235,0.05437297547431744,1.0,1478,78464.57397556305,8.212085294726421,0.08144138101488352,0,0,0.0,sensodat,6,20261007,0,FailRerun,failrerun,0.1,78456.36189026832,1848,12135,4322
0,0,4322,0,0.0,0.0,1274,78505.12674593925,48.764855670931865,0.21573929116129875,0,0,0.0,sensodat,6,20261007,0,APGAI,apgai,0.1,78456.36189026832,1848,12135,4322
179,0,4143,179,0.04141601110596946,1.0,3279,78457.09532499313,0.7334347248106496,0.2038055299781263,3279,0,0.0,sensodat,6,20261007,0,ScoreCost,scorecost,0.1,78456.36189026832,1848,12135,4322
246,0,4076,246,0.056918093475242945,1.0,1756,78472.74086642265,16.378976154330303,0.3663746062666178,1756,0,0.0,sensodat,6,20261007,0,ReproAlloc,ercc_mean,0.1,78456.36189026832,1848,12135,4322
252,0,4070,252,0.058306339657565945,1.0,1711,78477.03558135033,20.673691082003643,0.3233213094063103,1711,0,0.0,sensodat,6,20261007,0,ReproAlloc-OA,ercc_outcome,0.1,78456.36189026832,1848,12135,4322
228,0,4094,228,0.052753354928273946,1.0,2055,78495.34311366081,38.98122339248948,1.3353677950799465,2055,0,0.0,sensodat,6,20261007,0,ReproAlloc-Optimistic,ercc_optimistic,0.1,78456.36189026832,1848,12135,4322
0,0,4322,0,0.0,0.0,1217,78468.39499378204,12.033103513720562,0.026879919227212667,0,0,0.0,sensodat,6,20261007,1,Uniform,uniform,0.1,78456.36189026832,1848,12135,4322
235,0,4087,235,0.05437297547431744,1.0,1478,78464.57397556305,8.212085294726421,0.09461099794134498,0,0,0.0,sensodat,6,20261007,1,FailRerun,failrerun,0.1,78456.36189026832,1848,12135,4322
0,0,4322,0,0.0,0.0,1274,78505.12674593925,48.764855670931865,0.22026459919288754,0,0,0.0,sensodat,6,20261007,1,APGAI,apgai,0.1,78456.36189026832,1848,12135,4322
179,0,4143,179,0.04141601110596946,1.0,3279,78457.09532499313,0.7334347248106496,0.185908121522516,3279,0,0.0,sensodat,6,20261007,1,ScoreCost,scorecost,0.1,78456.36189026832,1848,12135,4322
247,0,4075,247,0.05714946783896344,1.0,1753,78497.96764063835,41.605750370028545,0.3609181032516062,1753,0,0.0,sensodat,6,20261007,1,ReproAlloc,ercc_mean,0.1,78456.36189026832,1848,12135,4322
252,0,4070,252,0.058306339657565945,1.0,1711,78477.03558135033,20.673691082003643,0.3127746037207544,1711,0,0.0,sensodat,6,20261007,1,ReproAlloc-OA,ercc_outcome,0.1,78456.36189026832,1848,12135,4322
232,0,4090,232,0.053678852383155944,1.0,2069,78471.6232843399,15.26139407158189,1.5448732012882829,2069,0,0.0,sensodat,6,20261007,1,ReproAlloc-Optimistic,ercc_optimistic,0.1,78456.36189026832,1848,12135,4322
0,0,4322,0,0.0,0.0,1203,78504.58980965614,48.22791938782029,0.015109910164028406,0,0,0.0,sensodat,6,20261007,2,Uniform,uniform,0.1,78456.36189026832,1848,12135,4322
235,0,4087,235,0.05437297547431744,1.0,1478,78464.57397556305,8.212085294726421,0.08361500548198819,0,0,0.0,sensodat,6,20261007,2,FailRerun,failrerun,0.1,78456.36189026832,1848,12135,4322
0,0,4322,0,0.0,0.0,1274,78505.12674593925,48.764855670931865,0.21147303329780698,0,0,0.0,sensodat,6,20261007,2,APGAI,apgai,0.1,78456.36189026832,1848,12135,4322
179,0,4143,179,0.04141601110596946,1.0,3279,78457.09532499313,0.7334347248106496,0.1797078880481422,3279,0,0.0,sensodat,6,20261007,2,ScoreCost,scorecost,0.1,78456.36189026832,1848,12135,4322
245,0,4077,245,0.05668671911152244,1.0,1739,78483.11557364464,26.753683376315166,0.3438806817866862,1739,0,0.0,sensodat,6,20261007,2,ReproAlloc,ercc_mean,0.1,78456.36189026832,1848,12135,4322
252,0,4070,252,0.058306339657565945,1.0,1711,78477.03558135033,20.673691082003643,0.27463698014616966,1711,0,0.0,sensodat,6,20261007,2,ReproAlloc-OA,ercc_outcome,0.1,78456.36189026832,1848,12135,4322
231,0,4091,231,0.053447478019435446,1.0,2086,78492.78469634056,36.42280607223802,1.711260688956827,2086,0,0.0,sensodat,6,20261007,2,ReproAlloc-Optimistic,ercc_optimistic,0.1,78456.36189026832,1848,12135,4322
0,0,4322,0,0.0,0.0,2441,156943.82074284554,31.096962308889488,0.03760739183053374,0,0,0.0,sensodat,6,20261007,0,Uniform,uniform,0.2,156912.72378053665,3695,12135,4322
446,0,3876,446,0.1031929662193429,1.0,2873,156944.4704489708,31.746668434148887,0.2559541016817093,0,0,0.0,sensodat,6,20261007,0,FailRerun,failrerun,0.2,156912.72378053665,3695,12135,4322
0,0,4322,0,0.0,0.0,2432,156916.07345104218,3.3496705055295024,0.5600662021897733,0,0,0.0,sensodat,6,20261007,0,APGAI,apgai,0.2,156912.72378053665,3695,12135,4322
342,0,3980,342,0.07913003239241093,1.0,6865,156915.56690692902,2.8431263923703227,0.3523772694170475,6865,0,0.0,sensodat,6,20261007,0,ScoreCost,scorecost,0.2,156912.72378053665,3695,12135,4322
459,0,3863,459,0.10620083294770939,1.0,3347,156937.73999738693,25.016216850286582,0.7108803200535476,3347,0,0.0,sensodat,6,20261007,0,ReproAlloc,ercc_mean,0.2,156912.72378053665,3695,12135,4322
464,0,3858,464,0.10735770476631189,1.0,3178,156956.89833664894,44.17455611229525,0.5681993109174073,3178,0,0.0,sensodat,6,20261007,0,ReproAlloc-OA,ercc_outcome,0.2,156912.72378053665,3695,12135,4322
459,0,3863,459,0.10620083294770939,1.0,3856,157010.47889852524,97.75511798859225,2.6095971851609647,3856,0,0.0,sensodat,6,20261007,0,ReproAlloc-Optimistic,ercc_optimistic,0.2,156912.72378053665,3695,12135,4322
0,0,4322,0,0.0,0.0,2368,156963.4704568386,50.746676301962,0.031561403535306454,0,0,0.0,sensodat,6,20261007,1,Uniform,uniform,0.2,156912.72378053665,3695,12135,4322
446,0,3876,446,0.1031929662193429,1.0,2873,156944.4704489708,31.746668434148887,0.18079481599852443,0,0,0.0,sensodat,6,20261007,1,FailRerun,failrerun,0.2,156912.72378053665,3695,12135,4322
0,0,4322,0,0.0,0.0,2432,156916.07345104218,3.3496705055295024,0.4202656946144998,0,0,0.0,sensodat,6,20261007,1,APGAI,apgai,0.2,156912.72378053665,3695,12135,4322
342,0,3980,342,0.07913003239241093,1.0,6865,156915.56690692902,2.8431263923703227,0.32802066719159484,6865,0,0.0,sensodat,6,20261007,1,ScoreCost,scorecost,0.2,156912.72378053665,3695,12135,4322
459,0,3863,459,0.10620083294770939,1.0,3347,156937.73999738693,25.016216850286582,0.7757100351154804,3347,0,0.0,sensodat,6,20261007,1,ReproAlloc,ercc_mean,0.2,156912.72378053665,3695,12135,4322
464,0,3858,464,0.10735770476631189,1.0,3178,156956.89833664894,44.17455611229525,0.6242841999046504,3178,0,0.0,sensodat,6,20261007,1,ReproAlloc-OA,ercc_outcome,0.2,156912.72378053665,3695,12135,4322
447,0,3875,447,0.10342434058306339,1.0,3750,156948.61419177055,35.8904112339078,2.464035206474364,3750,0,0.0,sensodat,6,20261007,1,ReproAlloc-Optimistic,ercc_optimistic,0.2,156912.72378053665,3695,12135,4322
0,0,4322,0,0.0,0.0,2441,156920.1965827942,7.472802257543663,0.037939400877803564,0,0,0.0,sensodat,6,20261007,2,Uniform,uniform,0.2,156912.72378053665,3695,12135,4322
446,0,3876,446,0.1031929662193429,1.0,2873,156944.4704489708,31.746668434148887,0.24644373124465346,0,0,0.0,sensodat,6,20261007,2,FailRerun,failrerun,0.2,156912.72378053665,3695,12135,4322
0,0,4322,0,0.0,0.0,2432,156916.07345104218,3.3496705055295024,0.5271217995323241,0,0,0.0,sensodat,6,20261007,2,APGAI,apgai,0.2,156912.72378053665,3695,12135,4322
342,0,3980,342,0.07913003239241093,1.0,6865,156915.56690692902,2.8431263923703227,0.3301675016991794,6865,0,0.0,sensodat,6,20261007,2,ScoreCost,scorecost,0.2,156912.72378053665,3695,12135,4322
459,0,3863,459,0.10620083294770939,1.0,3347,156937.73999738693,25.016216850286582,0.850641118362546,3347,0,0.0,sensodat,6,20261007,2,ReproAlloc,ercc_mean,0.2,156912.72378053665,3695,12135,4322
464,0,3858,464,0.10735770476631189,1.0,3178,156956.89833664894,44.17455611229525,0.7818016093224287,3178,0,0.0,sensodat,6,20261007,2,ReproAlloc-OA,ercc_outcome,0.2,156912.72378053665,3695,12135,4322
438,0,3884,438,0.1013419713095789,1.0,3746,156918.97332715988,6.249546623235801,2.5029077916406095,3746,0,0.0,sensodat,6,20261007,2,ReproAlloc-Optimistic,ercc_optimistic,0.2,156912.72378053665,3695,12135,4322
0,0,4322,0,0.0,0.0,600,39233.836366415024,5.655421280862356,0.007651395630091429,0,0,0.0,sensodat,7,20261008,0,Uniform,uniform,0.05,39228.18094513416,929,12135,4322
119,0,4203,119,0.02753354928273947,1.0,748,39253.75931382179,25.578368687631155,0.05545039661228657,0,0,0.0,sensodat,7,20261008,0,FailRerun,failrerun,0.05,39228.18094513416,929,12135,4322
0,0,4322,0,0.0,0.0,666,39259.56217813492,31.381233000756765,0.1173784052953124,0,0,0.0,sensodat,7,20261008,0,APGAI,apgai,0.05,39228.18094513416,929,12135,4322
95,0,4227,95,0.021980564553447476,1.0,1685,39251.33142709732,23.15048196315911,0.09641357231885195,1685,0,0.0,sensodat,7,20261008,0,ScoreCost,scorecost,0.05,39228.18094513416,929,12135,4322
122,0,4200,122,0.02822767237390097,1.0,877,39249.753066539764,21.572121405602957,0.17006170097738504,877,0,0.0,sensodat,7,20261008,0,ReproAlloc,ercc_mean,0.05,39228.18094513416,929,12135,4322
126,0,4196,126,0.029153169828782972,1.0,867,39239.881049633026,11.700104498864675,0.1944129914045334,867,0,0.0,sensodat,7,20261008,0,ReproAlloc-OA,ercc_outcome,0.05,39228.18094513416,929,12135,4322
118,0,4204,118,0.027302174919018974,1.0,987,39235.567358255386,7.386413121224905,0.6976223052479327,987,0,0.0,sensodat,7,20261008,0,ReproAlloc-Optimistic,ercc_optimistic,0.05,39228.18094513416,929,12135,4322
0,0,4322,0,0.0,0.0,607,39283.941576480865,55.76063134670403,0.006489999126642942,0,0,0.0,sensodat,7,20261008,1,Uniform,uniform,0.05,39228.18094513416,929,12135,4322
119,0,4203,119,0.02753354928273947,1.0,748,39253.75931382179,25.578368687631155,0.04451149282976985,0,0,0.0,sensodat,7,20261008,1,FailRerun,failrerun,0.05,39228.18094513416,929,12135,4322
0,0,4322,0,0.0,0.0,666,39259.56217813492,31.381233000756765,0.11162369046360254,0,0,0.0,sensodat,7,20261008,1,APGAI,apgai,0.05,39228.18094513416,929,12135,4322
95,0,4227,95,0.021980564553447476,1.0,1685,39251.33142709732,23.15048196315911,0.10066042793914676,1685,0,0.0,sensodat,7,20261008,1,ScoreCost,scorecost,0.05,39228.18094513416,929,12135,4322
127,0,4195,127,0.02938454419250347,1.0,900,39276.7644033432,48.583458209039236,0.19928901316598058,900,0,0.0,sensodat,7,20261008,1,ReproAlloc,ercc_mean,0.05,39228.18094513416,929,12135,4322
126,0,4196,126,0.029153169828782972,1.0,867,39239.881049633026,11.700104498864675,0.14157610526308417,867,0,0.0,sensodat,7,20261008,1,ReproAlloc-OA,ercc_outcome,0.05,39228.18094513416,929,12135,4322
123,0,4199,123,0.028459046737621473,1.0,1034,39266.02952861786,37.84858348369744,0.7030528038740158,1034,0,0.0,sensodat,7,20261008,1,ReproAlloc-Optimistic,ercc_optimistic,0.05,39228.18094513416,929,12135,4322
0,0,4322,0,0.0,0.0,613,39292.919348955154,64.73840382099297,0.007692504208534956,0,0,0.0,sensodat,7,20261008,2,Uniform,uniform,0.05,39228.18094513416,929,12135,4322
119,0,4203,119,0.02753354928273947,1.0,748,39253.75931382179,25.578368687631155,0.047852098010480404,0,0,0.0,sensodat,7,20261008,2,FailRerun,failrerun,0.05,39228.18094513416,929,12135,4322
0,0,4322,0,0.0,0.0,666,39259.56217813492,31.381233000756765,0.10598708922043443,0,0,0.0,sensodat,7,20261008,2,APGAI,apgai,0.05,39228.18094513416,929,12135,4322
95,0,4227,95,0.021980564553447476,1.0,1685,39251.33142709732,23.15048196315911,0.08646337687969208,1685,0,0.0,sensodat,7,20261008,2,ScoreCost,scorecost,0.05,39228.18094513416,929,12135,4322
124,0,4198,124,0.02869042110134197,1.0,878,39235.185589551926,7.0046444177642115,0.14027530141174793,878,0,0.0,sensodat,7,20261008,2,ReproAlloc,ercc_mean,0.05,39228.18094513416,929,12135,4322
126,0,4196,126,0.029153169828782972,1.0,867,39239.881049633026,11.700104498864675,0.14760711044073105,867,0,0.0,sensodat,7,20261008,2,ReproAlloc-OA,ercc_outcome,0.05,39228.18094513416,929,12135,4322
121,0,4201,121,0.02799629801018047,1.0,1014,39263.155526161194,34.9745810270324,0.6173948077484965,1014,0,0.0,sensodat,7,20261008,2,ReproAlloc-Optimistic,ercc_optimistic,0.05,39228.18094513416,929,12135,4322
0,0,4322,0,0.0,0.0,1194,78509.61246681213,53.250576543810894,0.023560699075460434,0,0,0.0,sensodat,7,20261008,0,Uniform,uniform,0.1,78456.36189026832,1857,12135,4322
228,0,4094,228,0.052753354928273946,1.0,1443,78494.82656979561,38.464679527285625,0.08513230597600341,0,0,0.0,sensodat,7,20261008,0,FailRerun,failrerun,0.1,78456.36189026832,1857,12135,4322
0,0,4322,0,0.0,0.0,1291,78458.74604821205,2.3841579437284963,0.2079128078185022,0,0,0.0,sensodat,7,20261008,0,APGAI,apgai,0.1,78456.36189026832,1857,12135,4322
194,0,4128,194,0.04488662656177696,1.0,3072,78457.11213493347,0.7502446651487844,0.13683708664029837,3072,0,0.0,sensodat,7,20261008,0,ScoreCost,scorecost,0.1,78456.36189026832,1857,12135,4322
247,0,4075,247,0.05714946783896344,1.0,1740,78473.55226707458,17.190376806262066,0.3115379046648741,1740,0,0.0,sensodat,7,20261008,0,ReproAlloc,ercc_mean,0.1,78456.36189026832,1857,12135,4322
250,0,4072,250,0.05784359093012494,1.0,1668,78477.463316679,21.10142641067796,0.2996200895868242,1668,0,0.0,sensodat,7,20261008,0,ReproAlloc-OA,ercc_outcome,0.1,78456.36189026832,1857,12135,4322
240,0,4082,240,0.055529847292919945,1.0,2003,78483.92544174194,27.563551473620464,1.1413519931957126,2003,0,0.0,sensodat,7,20261008,0,ReproAlloc-Optimistic,ercc_optimistic,0.1,78456.36189026832,1857,12135,4322
0,0,4322,0,0.0,0.0,1212,78487.08757472038,30.725684452059795,0.01388609828427434,0,0,0.0,sensodat,7,20261008,1,Uniform,uniform,0.1,78456.36189026832,1857,12135,4322
228,0,4094,228,0.052753354928273946,1.0,1443,78494.82656979561,38.464679527285625,0.0727037014439702,0,0,0.0,sensodat,7,20261008,1,FailRerun,failrerun,0.1,78456.36189026832,1857,12135,4322
0,0,4322,0,0.0,0.0,1291,78458.74604821205,2.3841579437284963,0.20784840267151594,0,0,0.0,sensodat,7,20261008,1,APGAI,apgai,0.1,78456.36189026832,1857,12135,4322
194,0,4128,194,0.04488662656177696,1.0,3072,78457.11213493347,0.7502446651487844,0.1518458928912878,3072,0,0.0,sensodat,7,20261008,1,ScoreCost,scorecost,0.1,78456.36189026832,1857,12135,4322
247,0,4075,247,0.05714946783896344,1.0,1740,78473.55226707458,17.190376806262066,0.33961369981989264,1740,0,0.0,sensodat,7,20261008,1,ReproAlloc,ercc_mean,0.1,78456.36189026832,1857,12135,4322
250,0,4072,250,0.05784359093012494,1.0,1668,78477.463316679,21.10142641067796,0.2862298069521785,1668,0,0.0,sensodat,7,20261008,1,ReproAlloc-OA,ercc_outcome,0.1,78456.36189026832,1857,12135,4322
240,0,4082,240,0.055529847292919945,1.0,2003,78483.92544174194,27.563551473620464,1.33617410575971,2003,0,0.0,sensodat,7,20261008,1,ReproAlloc-Optimistic,ercc_optimistic,0.1,78456.36189026832,1857,12135,4322
0,0,4322,0,0.0,0.0,1222,78516.69316720963,60.33127694130235,0.01248830696567893,0,0,0.0,sensodat,7,20261008,2,Uniform,uniform,0.1,78456.36189026832,1857,12135,4322
228,0,4094,228,0.052753354928273946,1.0,1443,78494.82656979561,38.464679527285625,0.08736338932067156,0,0,0.0,sensodat,7,20261008,2,FailRerun,failrerun,0.1,78456.36189026832,1857,12135,4322
0,0,4322,0,0.0,0.0,1291,78458.74604821205,2.3841579437284963,0.2309945048764348,0,0,0.0,sensodat,7,20261008,2,APGAI,apgai,0.1,78456.36189026832,1857,12135,4322
194,0,4128,194,0.04488662656177696,1.0,3072,78457.11213493347,0.7502446651487844,0.16197437001392245,3072,0,0.0,sensodat,7,20261008,2,ScoreCost,scorecost,0.1,78456.36189026832,1857,12135,4322
247,0,4075,247,0.05714946783896344,1.0,1740,78473.55226707458,17.190376806262066,0.34924967819824815,1740,0,0.0,sensodat,7,20261008,2,ReproAlloc,ercc_mean,0.1,78456.36189026832,1857,12135,4322
250,0,4072,250,0.05784359093012494,1.0,1668,78477.463316679,21.10142641067796,0.34241910837590694,1668,0,0.0,sensodat,7,20261008,2,ReproAlloc-OA,ercc_outcome,0.1,78456.36189026832,1857,12135,4322
240,0,4082,240,0.055529847292919945,1.0,2003,78483.92544174194,27.563551473620464,1.1820013029500842,2003,0,0.0,sensodat,7,20261008,2,ReproAlloc-Optimistic,ercc_optimistic,0.1,78456.36189026832,1857,12135,4322
0,0,4322,0,0.0,0.0,2409,156952.21879267693,39.49501214027987,0.041491503827273846,0,0,0.0,sensodat,7,20261008,0,Uniform,uniform,0.2,156912.72378053665,3712,12135,4322
453,0,3869,453,0.10481258676538639,1.0,2945,156994.3609161377,81.63713560104952,0.22574680717661977,0,0,0.0,sensodat,7,20261008,0,FailRerun,failrerun,0.2,156912.72378053665,3712,12135,4322
0,0,4322,0,0.0,0.0,2457,156914.0209608078,1.2971802711545024,0.5458869012072682,0,0,0.0,sensodat,7,20261008,0,APGAI,apgai,0.2,156912.72378053665,3712,12135,4322
356,0,3966,356,0.08236927348449792,1.0,7232,156915.44240403175,2.7186234951077495,0.36247890861704946,7232,0,0.0,sensodat,7,20261008,0,ScoreCost,scorecost,0.2,156912.72378053665,3712,12135,4322
460,0,3862,460,0.1064322073114299,1.0,3325,156949.8858897686,37.16210923195467,0.7661460973322392,3325,0,0.0,sensodat,7,20261008,0,ReproAlloc,ercc_mean,0.2,156912.72378053665,3712,12135,4322
466,0,3856,466,0.1078204534937529,1.0,3159,156987.4867556095,74.76297507286654,0.655618800316006,3159,0,0.0,sensodat,7,20261008,0,ReproAlloc-OA,ercc_outcome,0.2,156912.72378053665,3712,12135,4322
451,0,3871,451,0.1043498380379454,1.0,3791,156938.0444638729,25.320683336263755,2.5281574884429574,3791,0,0.0,sensodat,7,20261008,0,ReproAlloc-Optimistic,ercc_optimistic,0.2,156912.72378053665,3712,12135,4322
0,0,4322,0,0.0,0.0,2438,156956.7031905651,43.97941002846346,0.034464707132428885,0,0,0.0,sensodat,7,20261008,1,Uniform,uniform,0.2,156912.72378053665,3712,12135,4322
453,0,3869,453,0.10481258676538639,1.0,2945,156994.3609161377,81.63713560104952,0.1932661822065711,0,0,0.0,sensodat,7,20261008,1,FailRerun,failrerun,0.2,156912.72378053665,3712,12135,4322
0,0,4322,0,0.0,0.0,2457,156914.0209608078,1.2971802711545024,0.4283115277066827,0,0,0.0,sensodat,7,20261008,1,APGAI,apgai,0.2,156912.72378053665,3712,12135,4322
356,0,3966,356,0.08236927348449792,1.0,7232,156915.44240403175,2.7186234951077495,0.3710333160124719,7232,0,0.0,sensodat,7,20261008,1,ScoreCost,scorecost,0.2,156912.72378053665,3712,12135,4322
461,0,3861,461,0.10666358167515039,1.0,3338,156981.53775715828,68.81397662163363,0.8616194920614362,3338,0,0.0,sensodat,7,20261008,1,ReproAlloc,ercc_mean,0.2,156912.72378053665,3712,12135,4322
466,0,3856,466,0.1078204534937529,1.0,3159,156987.4867556095,74.76297507286654,0.557511433493346,3159,0,0.0,sensodat,7,20261008,1,ReproAlloc-OA,ercc_outcome,0.2,156912.72378053665,3712,12135,4322
451,0,3871,451,0.1043498380379454,1.0,3791,156938.0444638729,25.320683336263755,2.496869084890932,3791,0,0.0,sensodat,7,20261008,1,ReproAlloc-Optimistic,ercc_optimistic,0.2,156912.72378053665,3712,12135,4322
0,0,4322,0,0.0,0.0,2406,156938.40117549896,25.677394962316612,0.03540909243747592,0,0,0.0,sensodat,7,20261008,2,Uniform,uniform,0.2,156912.72378053665,3712,12135,4322
453,0,3869,453,0.10481258676538639,1.0,2945,156994.3609161377,81.63713560104952,0.1738381003960967,0,0,0.0,sensodat,7,20261008,2,FailRerun,failrerun,0.2,156912.72378053665,3712,12135,4322
0,0,4322,0,0.0,0.0,2457,156914.0209608078,1.2971802711545024,0.43479950446635485,0,0,0.0,sensodat,7,20261008,2,APGAI,apgai,0.2,156912.72378053665,3712,12135,4322
356,0,3966,356,0.08236927348449792,1.0,7232,156915.44240403175,2.7186234951077495,0.4362939787097275,7232,0,0.0,sensodat,7,20261008,2,ScoreCost,scorecost,0.2,156912.72378053665,3712,12135,4322
463,0,3859,463,0.1071263304025914,1.0,3343,156926.64874315262,13.924962615972618,0.7295309952460229,3343,0,0.0,sensodat,7,20261008,2,ReproAlloc,ercc_mean,0.2,156912.72378053665,3712,12135,4322
466,0,3856,466,0.1078204534937529,1.0,3159,156987.4867556095,74.76297507286654,0.6263582138344646,3159,0,0.0,sensodat,7,20261008,2,ReproAlloc-OA,ercc_outcome,0.2,156912.72378053665,3712,12135,4322
451,0,3871,451,0.1043498380379454,1.0,3791,156938.0444638729,25.320683336263755,2.522367308847606,3791,0,0.0,sensodat,7,20261008,2,ReproAlloc-Optimistic,ercc_optimistic,0.2,156912.72378053665,3712,12135,4322
0,0,4322,0,0.0,0.0,613,39280.76840591431,52.58746078014519,0.008271104656159878,0,0,0.0,sensodat,8,20261009,0,Uniform,uniform,0.05,39228.18094513416,933,12135,4322
105,0,4217,105,0.024294308190652477,1.0,678,39300.126752614975,71.94580748081353,0.053934487514197826,0,0,0.0,sensodat,8,20261009,0,FailRerun,failrerun,0.05,39228.18094513416,933,12135,4322
0,0,4322,0,0.0,0.0,643,39241.82160162926,13.640656495095755,0.15898680547252297,0,0,0.0,sensodat,8,20261009,0,APGAI,apgai,0.05,39228.18094513416,933,12135,4322
70,0,4252,70,0.016196205460434984,1.0,1766,39250.64034700394,22.45940186977532,0.0840127868577838,1766,0,0.0,sensodat,8,20261009,0,ScoreCost,scorecost,0.05,39228.18094513416,933,12135,4322
113,0,4209,113,0.026145303100416475,1.0,900,39290.503324747086,62.322379612924124,0.18613540520891547,900,0,0.0,sensodat,8,20261009,0,ReproAlloc,ercc_mean,0.05,39228.18094513416,933,12135,4322
115,0,4207,115,0.026608051827857474,1.0,834,39264.45988082886,36.278935694695974,0.18082170188426971,834,0,0.0,sensodat,8,20261009,0,ReproAlloc-OA,ercc_outcome,0.05,39228.18094513416,933,12135,4322
104,0,4218,104,0.024062933826931976,1.0,986,39234.3952691555,6.214324021340872,0.6340720043517649,986,0,0.0,sensodat,8,20261009,0,ReproAlloc-Optimistic,ercc_optimistic,0.05,39228.18094513416,933,12135,4322
0,0,4322,0,0.0,0.0,619,39249.62431526184,21.443370127679373,0.006402906496077776,0,0,0.0,sensodat,8,20261009,1,Uniform,uniform,0.05,39228.18094513416,933,12135,4322
105,0,4217,105,0.024294308190652477,1.0,678,39300.126752614975,71.94580748081353,0.03727260231971741,0,0,0.0,sensodat,8,20261009,1,FailRerun,failrerun,0.05,39228.18094513416,933,12135,4322
0,0,4322,0,0.0,0.0,643,39241.82160162926,13.640656495095755,0.11494730180129409,0,0,0.0,sensodat,8,20261009,1,APGAI,apgai,0.05,39228.18094513416,933,12135,4322
70,0,4252,70,0.016196205460434984,1.0,1766,39250.64034700394,22.45940186977532,0.08352109929546714,1766,0,0.0,sensodat,8,20261009,1,ScoreCost,scorecost,0.05,39228.18094513416,933,12135,4322
113,0,4209,113,0.026145303100416475,1.0,900,39290.503324747086,62.322379612924124,0.17556990031152964,900,0,0.0,sensodat,8,20261009,1,ReproAlloc,ercc_mean,0.05,39228.18094513416,933,12135,4322
115,0,4207,115,0.026608051827857474,1.0,834,39264.45988082886,36.278935694695974,0.15266021061688662,834,0,0.0,sensodat,8,20261009,1,ReproAlloc-OA,ercc_outcome,0.05,39228.18094513416,933,12135,4322
108,0,4214,108,0.024988431281813973,1.0,1035,39240.074779987335,11.893834853173757,0.7192830890417099,1035,0,0.0,sensodat,8,20261009,1,ReproAlloc-Optimistic,ercc_optimistic,0.05,39228.18094513416,933,12135,4322
0,0,4322,0,0.0,0.0,599,39249.898394584656,21.717449450494314,0.00785820372402668,0,0,0.0,sensodat,8,20261009,2,Uniform,uniform,0.05,39228.18094513416,933,12135,4322
105,0,4217,105,0.024294308190652477,1.0,678,39300.126752614975,71.94580748081353,0.04901989921927452,0,0,0.0,sensodat,8,20261009,2,FailRerun,failrerun,0.05,39228.18094513416,933,12135,4322
0,0,4322,0,0.0,0.0,643,39241.82160162926,13.640656495095755,0.10613449662923813,0,0,0.0,sensodat,8,20261009,2,APGAI,apgai,0.05,39228.18094513416,933,12135,4322
70,0,4252,70,0.016196205460434984,1.0,1766,39250.64034700394,22.45940186977532,0.10000659245997667,1766,0,0.0,sensodat,8,20261009,2,ScoreCost,scorecost,0.05,39228.18094513416,933,12135,4322
113,0,4209,113,0.026145303100416475,1.0,900,39290.503324747086,62.322379612924124,0.2019762946292758,900,0,0.0,sensodat,8,20261009,2,ReproAlloc,ercc_mean,0.05,39228.18094513416,933,12135,4322
115,0,4207,115,0.026608051827857474,1.0,834,39264.45988082886,36.278935694695974,0.14238789584487677,834,0,0.0,sensodat,8,20261009,2,ReproAlloc-OA,ercc_outcome,0.05,39228.18094513416,933,12135,4322
107,0,4215,107,0.024757056918093476,1.0,1001,39268.01047754288,39.82953240871575,0.6774891931563616,1001,0,0.0,sensodat,8,20261009,2,ReproAlloc-Optimistic,ercc_optimistic,0.05,39228.18094513416,933,12135,4322
0,0,4322,0,0.0,0.0,1221,78499.22316384315,42.86127357483201,0.01761570107191801,0,0,0.0,sensodat,8,20261009,0,Uniform,uniform,0.1,78456.36189026832,1865,12135,4322
207,0,4115,207,0.047894493290143454,1.0,1360,78462.68416571617,6.322275447848369,0.0990604953840375,0,0,0.0,sensodat,8,20261009,0,FailRerun,failrerun,0.1,78456.36189026832,1865,12135,4322
0,0,4322,0,0.0,0.0,1251,78492.45341730118,36.09152703285508,0.26777458563447,0,0,0.0,sensodat,8,20261009,0,APGAI,apgai,0.1,78456.36189026832,1865,12135,4322
157,0,4165,157,0.03632577510411846,1.0,3354,78460.42339348793,4.061503219607403,0.16944402689114213,3354,0,0.0,sensodat,8,20261009,0,ScoreCost,scorecost,0.1,78456.36189026832,1865,12135,4322
215,0,4107,215,0.04974548819990745,1.0,1700,78547.29536128044,90.93347101211839,0.3902922058477998,1700,0,0.0,sensodat,8,20261009,0,ReproAlloc,ercc_mean,0.1,78456.36189026832,1865,12135,4322
219,0,4103,219,0.05067098565478945,1.0,1588,78489.16853737831,32.80664710998826,0.37459260504692793,1588,0,0.0,sensodat,8,20261009,0,ReproAlloc-OA,ercc_outcome,0.1,78456.36189026832,1865,12135,4322
211,0,4111,211,0.04881999074502545,1.0,2015,78464.41841626167,8.056525993350078,1.3634996935725212,2015,0,0.0,sensodat,8,20261009,0,ReproAlloc-Optimistic,ercc_optimistic,0.1,78456.36189026832,1865,12135,4322
0,0,4322,0,0.0,0.0,1189,78521.25374507904,64.89185481071763,0.024971897713840008,0,0,0.0,sensodat,8,20261009,1,Uniform,uniform,0.1,78456.36189026832,1865,12135,4322
207,0,4115,207,0.047894493290143454,1.0,1360,78462.68416571617,6.322275447848369,0.09398090839385986,0,0,0.0,sensodat,8,20261009,1,FailRerun,failrerun,0.1,78456.36189026832,1865,12135,4322
0,0,4322,0,0.0,0.0,1251,78492.45341730118,36.09152703285508,0.2269844184629619,0,0,0.0,sensodat,8,20261009,1,APGAI,apgai,0.1,78456.36189026832,1865,12135,4322
157,0,4165,157,0.03632577510411846,1.0,3354,78460.42339348793,4.061503219607403,0.21173307159915566,3354,0,0.0,sensodat,8,20261009,1,ScoreCost,scorecost,0.1,78456.36189026832,1865,12135,4322
215,0,4107,215,0.04974548819990745,1.0,1704,78495.03893208504,38.677041816714336,0.39513950143009424,1704,0,0.0,sensodat,8,20261009,1,ReproAlloc,ercc_mean,0.1,78456.36189026832,1865,12135,4322
219,0,4103,219,0.05067098565478945,1.0,1588,78489.16853737831,32.80664710998826,0.3615998011082411,1588,0,0.0,sensodat,8,20261009,1,ReproAlloc-OA,ercc_outcome,0.1,78456.36189026832,1865,12135,4322
211,0,4111,211,0.04881999074502545,1.0,2023,78499.19997620583,42.83808593750291,1.4631322007626295,2023,0,0.0,sensodat,8,20261009,1,ReproAlloc-Optimistic,ercc_optimistic,0.1,78456.36189026832,1865,12135,4322
0,0,4322,0,0.0,0.0,1225,78499.08468294144,42.72279267311387,0.015258291270583868,0,0,0.0,sensodat,8,20261009,2,Uniform,uniform,0.1,78456.36189026832,1865,12135,4322
207,0,4115,207,0.047894493290143454,1.0,1360,78462.68416571617,6.322275447848369,0.10643170587718487,0,0,0.0,sensodat,8,20261009,2,FailRerun,failrerun,0.1,78456.36189026832,1865,12135,4322
0,0,4322,0,0.0,0.0,1251,78492.45341730118,36.09152703285508,0.23890170129016042,0,0,0.0,sensodat,8,20261009,2,APGAI,apgai,0.1,78456.36189026832,1865,12135,4322
157,0,4165,157,0.03632577510411846,1.0,3354,78460.42339348793,4.061503219607403,0.18029349064454436,3354,0,0.0,sensodat,8,20261009,2,ScoreCost,scorecost,0.1,78456.36189026832,1865,12135,4322
215,0,4107,215,0.04974548819990745,1.0,1694,78466.6488366127,10.28694634437852,0.3566185929812491,1694,0,0.0,sensodat,8,20261009,2,ReproAlloc,ercc_mean,0.1,78456.36189026832,1865,12135,4322
219,0,4103,219,0.05067098565478945,1.0,1588,78489.16853737831,32.80664710998826,0.32434590393677354,1588,0,0.0,sensodat,8,20261009,2,ReproAlloc-OA,ercc_outcome,0.1,78456.36189026832,1865,12135,4322
210,0,4112,210,0.048588616381304954,1.0,2008,78503.41502904892,47.05313878059678,1.283901700284332,2008,0,0.0,sensodat,8,20261009,2,ReproAlloc-Optimistic,ercc_optimistic,0.1,78456.36189026832,1865,12135,4322
0,0,4322,0,0.0,0.0,2453,156923.5293340683,10.80555353165255,0.03782088961452246,0,0,0.0,sensodat,8,20261009,0,Uniform,uniform,0.2,156912.72378053665,3729,12135,4322
425,0,3897,425,0.0983341045812124,1.0,2819,156973.93248724937,61.2087067127286,0.24243070604279637,0,0,0.0,sensodat,8,20261009,0,FailRerun,failrerun,0.2,156912.72378053665,3729,12135,4322
0,0,4322,0,0.0,0.0,2403,156918.71346783638,5.989687299734214,0.504978284239769,0,0,0.0,sensodat,8,20261009,0,APGAI,apgai,0.2,156912.72378053665,3729,12135,4322
325,0,3997,325,0.07519666820916243,1.0,6156,156920.5522441864,7.828463649755577,0.3536361251026392,6156,0,0.0,sensodat,8,20261009,0,ScoreCost,scorecost,0.2,156912.72378053665,3729,12135,4322
434,0,3888,434,0.1004164738546969,1.0,3275,156951.65948224068,38.93570170403109,0.7120027206838131,3275,0,0.0,sensodat,8,20261009,0,ReproAlloc,ercc_mean,0.2,156912.72378053665,3729,12135,4322
442,0,3880,442,0.1022674687644609,1.0,3126,156995.61986851692,82.8960879802762,0.7063294164836407,3126,0,0.0,sensodat,8,20261009,0,ReproAlloc-OA,ercc_outcome,0.2,156912.72378053665,3729,12135,4322
421,0,3901,421,0.0974086071263304,1.0,3768,156912.7939248085,0.0701442718564067,2.5389570193365216,3768,0,0.0,sensodat,8,20261009,0,ReproAlloc-Optimistic,ercc_optimistic,0.2,156912.72378053665,3729,12135,4322
0,0,4322,0,0.0,0.0,2427,156976.90403962135,64.18025908470736,0.04322288418188691,0,0,0.0,sensodat,8,20261009,1,Uniform,uniform,0.2,156912.72378053665,3729,12135,4322
425,0,3897,425,0.0983341045812124,1.0,2819,156973.93248724937,61.2087067127286,0.1999572953209281,0,0,0.0,sensodat,8,20261009,1,FailRerun,failrerun,0.2,156912.72378053665,3729,12135,4322
0,0,4322,0,0.0,0.0,2403,156918.71346783638,5.989687299734214,0.4244432873092592,0,0,0.0,sensodat,8,20261009,1,APGAI,apgai,0.2,156912.72378053665,3729,12135,4322
325,0,3997,325,0.07519666820916243,1.0,6156,156920.5522441864,7.828463649755577,0.32169851241633296,6156,0,0.0,sensodat,8,20261009,1,ScoreCost,scorecost,0.2,156912.72378053665,3729,12135,4322
435,0,3887,435,0.1006478482184174,1.0,3288,156938.25055933,25.52677879334078,0.7314347065985203,3288,0,0.0,sensodat,8,20261009,1,ReproAlloc,ercc_mean,0.2,156912.72378053665,3729,12135,4322
442,0,3880,442,0.1022674687644609,1.0,3126,156995.61986851692,82.8960879802762,0.6951357871294022,3126,0,0.0,sensodat,8,20261009,1,ReproAlloc-OA,ercc_outcome,0.2,156912.72378053665,3729,12135,4322
423,0,3899,423,0.09787135585377141,1.0,3772,156955.10063624382,42.3768557071744,2.5544355981983244,3772,0,0.0,sensodat,8,20261009,1,ReproAlloc-Optimistic,ercc_optimistic,0.2,156912.72378053665,3729,12135,4322
0,0,4322,0,0.0,0.0,2398,156925.25784897804,12.534068441396812,0.03445427864789963,0,0,0.0,sensodat,8,20261009,2,Uniform,uniform,0.2,156912.72378053665,3729,12135,4322
425,0,3897,425,0.0983341045812124,1.0,2819,156973.93248724937,61.2087067127286,0.21163801802322268,0,0,0.0,sensodat,8,20261009,2,FailRerun,failrerun,0.2,156912.72378053665,3729,12135,4322
0,0,4322,0,0.0,0.0,2403,156918.71346783638,5.989687299734214,0.42995090689510107,0,0,0.0,sensodat,8,20261009,2,APGAI,apgai,0.2,156912.72378053665,3729,12135,4322
325,0,3997,325,0.07519666820916243,1.0,6156,156920.5522441864,7.828463649755577,0.3067482141777873,6156,0,0.0,sensodat,8,20261009,2,ScoreCost,scorecost,0.2,156912.72378053665,3729,12135,4322
434,0,3888,434,0.1004164738546969,1.0,3283,156945.3212735653,32.59749302864657,0.735374906565994,3283,0,0.0,sensodat,8,20261009,2,ReproAlloc,ercc_mean,0.2,156912.72378053665,3729,12135,4322
442,0,3880,442,0.1022674687644609,1.0,3126,156995.61986851692,82.8960879802762,0.6278485106304288,3126,0,0.0,sensodat,8,20261009,2,ReproAlloc-OA,ercc_outcome,0.2,156912.72378053665,3729,12135,4322
414,0,3908,414,0.09578898658028691,1.0,3766,156933.12533545494,20.401554918295005,2.6129383128136396,3766,0,0.0,sensodat,8,20261009,2,ReproAlloc-Optimistic,ercc_optimistic,0.2,156912.72378053665,3729,12135,4322
0,0,4322,0,0.0,0.0,616,39238.05001401901,9.869068884851004,0.008258198853582144,0,0,0.0,sensodat,9,20261010,0,Uniform,uniform,0.05,39228.18094513416,930,12135,4322
115,0,4207,115,0.026608051827857474,1.0,745,39270.869265794754,42.68832066059258,0.05722639383748174,0,0,0.0,sensodat,9,20261010,0,FailRerun,failrerun,0.05,39228.18094513416,930,12135,4322
0,0,4322,0,0.0,0.0,660,39312.8983399868,84.7173948526397,0.14739119680598378,0,0,0.0,sensodat,9,20261010,0,APGAI,apgai,0.05,39228.18094513416,930,12135,4322
91,0,4231,91,0.02105506709856548,1.0,1501,39230.56485390663,2.383908772470022,0.07754700072109699,1501,0,0.0,sensodat,9,20261010,0,ScoreCost,scorecost,0.05,39228.18094513416,930,12135,4322
123,0,4199,123,0.028459046737621473,1.0,903,39260.758447647095,32.57750251293328,0.17155739990994334,903,0,0.0,sensodat,9,20261010,0,ReproAlloc,ercc_mean,0.05,39228.18094513416,930,12135,4322
122,0,4200,122,0.02822767237390097,1.0,884,39253.23043727875,25.04949214458611,0.1632770043797791,884,0,0.0,sensodat,9,20261010,0,ReproAlloc-OA,ercc_outcome,0.05,39228.18094513416,930,12135,4322
122,0,4200,122,0.02822767237390097,1.0,1065,39243.754445791245,15.57350065708306,0.7032002955675125,1065,0,0.0,sensodat,9,20261010,0,ReproAlloc-Optimistic,ercc_optimistic,0.05,39228.18094513416,930,12135,4322
0,0,4322,0,0.0,0.0,597,39238.02075910568,9.839813971520925,0.01447480358183384,0,0,0.0,sensodat,9,20261010,1,Uniform,uniform,0.05,39228.18094513416,930,12135,4322
115,0,4207,115,0.026608051827857474,1.0,745,39270.869265794754,42.68832066059258,0.05851929122582078,0,0,0.0,sensodat,9,20261010,1,FailRerun,failrerun,0.05,39228.18094513416,930,12135,4322
0,0,4322,0,0.0,0.0,660,39312.8983399868,84.7173948526397,0.11461760755628347,0,0,0.0,sensodat,9,20261010,1,APGAI,apgai,0.05,39228.18094513416,930,12135,4322
91,0,4231,91,0.02105506709856548,1.0,1501,39230.56485390663,2.383908772470022,0.08337371097877622,1501,0,0.0,sensodat,9,20261010,1,ScoreCost,scorecost,0.05,39228.18094513416,930,12135,4322
123,0,4199,123,0.028459046737621473,1.0,915,39228.477825164795,0.29688003063347423,0.18081169854849577,915,0,0.0,sensodat,9,20261010,1,ReproAlloc,ercc_mean,0.05,39228.18094513416,930,12135,4322
122,0,4200,122,0.02822767237390097,1.0,884,39253.23043727875,25.04949214458611,0.15586060611531138,884,0,0.0,sensodat,9,20261010,1,ReproAlloc-OA,ercc_outcome,0.05,39228.18094513416,930,12135,4322
111,0,4211,111,0.025682554372975473,1.0,1025,39264.78943681717,36.60849168300774,0.6668127863667905,1025,0,0.0,sensodat,9,20261010,1,ReproAlloc-Optimistic,ercc_optimistic,0.05,39228.18094513416,930,12135,4322
0,0,4322,0,0.0,0.0,627,39331.815964221954,103.6350190877929,0.009227500762790442,0,0,0.0,sensodat,9,20261010,2,Uniform,uniform,0.05,39228.18094513416,930,12135,4322
115,0,4207,115,0.026608051827857474,1.0,745,39270.869265794754,42.68832066059258,0.05585301201790571,0,0,0.0,sensodat,9,20261010,2,FailRerun,failrerun,0.05,39228.18094513416,930,12135,4322
0,0,4322,0,0.0,0.0,660,39312.8983399868,84.7173948526397,0.10873600142076612,0,0,0.0,sensodat,9,20261010,2,APGAI,apgai,0.05,39228.18094513416,930,12135,4322
91,0,4231,91,0.02105506709856548,1.0,1501,39230.56485390663,2.383908772470022,0.07214071741327643,1501,0,0.0,sensodat,9,20261010,2,ScoreCost,scorecost,0.05,39228.18094513416,930,12135,4322
122,0,4200,122,0.02822767237390097,1.0,911,39262.27945399284,34.09850885868218,0.1836130046285689,911,0,0.0,sensodat,9,20261010,2,ReproAlloc,ercc_mean,0.05,39228.18094513416,930,12135,4322
122,0,4200,122,0.02822767237390097,1.0,884,39253.23043727875,25.04949214458611,0.22437779884785414,884,0,0.0,sensodat,9,20261010,2,ReproAlloc-OA,ercc_outcome,0.05,39228.18094513416,930,12135,4322
120,0,4202,120,0.027764923646459973,1.0,1047,39241.20591878891,13.024973654748464,0.7084240010008216,1047,0,0.0,sensodat,9,20261010,2,ReproAlloc-Optimistic,ercc_optimistic,0.05,39228.18094513416,930,12135,4322
0,0,4322,0,0.0,0.0,1206,78502.87973499298,46.51784472465806,0.02235680352896452,0,0,0.0,sensodat,9,20261010,0,Uniform,uniform,0.1,78456.36189026832,1858,12135,4322
229,0,4093,229,0.052984729291994444,1.0,1468,78469.98899555206,13.627105283740093,0.10693452740088105,0,0,0.0,sensodat,9,20261010,0,FailRerun,failrerun,0.1,78456.36189026832,1858,12135,4322
0,0,4322,0,0.0,0.0,1274,78526.01414442062,69.65225415230088,0.2600606014020741,0,0,0.0,sensodat,9,20261010,0,APGAI,apgai,0.1,78456.36189026832,1858,12135,4322
178,0,4144,178,0.04118463674224896,1.0,3008,78481.13113355637,24.76924328804307,0.17097810981795192,3008,0,0.0,sensodat,9,20261010,0,ScoreCost,scorecost,0.1,78456.36189026832,1858,12135,4322
241,0,4081,241,0.05576122165664044,1.0,1753,78473.54055809975,17.17866783142381,0.4369548079557717,1753,0,0.0,sensodat,9,20261010,0,ReproAlloc,ercc_mean,0.1,78456.36189026832,1858,12135,4322
243,0,4079,243,0.056223970384081445,1.0,1718,78501.47847175598,45.11658148765855,0.28921301336959004,1718,0,0.0,sensodat,9,20261010,0,ReproAlloc-OA,ercc_outcome,0.1,78456.36189026832,1858,12135,4322
223,0,4099,223,0.05159648310967145,1.0,2040,78506.89173269272,50.52984242439561,1.357422774657607,2040,0,0.0,sensodat,9,20261010,0,ReproAlloc-Optimistic,ercc_optimistic,0.1,78456.36189026832,1858,12135,4322
0,0,4322,0,0.0,0.0,1221,78476.15646576881,19.79457550049119,0.01958769792690873,0,0,0.0,sensodat,9,20261010,1,Uniform,uniform,0.1,78456.36189026832,1858,12135,4322
229,0,4093,229,0.052984729291994444,1.0,1468,78469.98899555206,13.627105283740093,0.09983679978176951,0,0,0.0,sensodat,9,20261010,1,FailRerun,failrerun,0.1,78456.36189026832,1858,12135,4322
0,0,4322,0,0.0,0.0,1274,78526.01414442062,69.65225415230088,0.23054001107811928,0,0,0.0,sensodat,9,20261010,1,APGAI,apgai,0.1,78456.36189026832,1858,12135,4322
178,0,4144,178,0.04118463674224896,1.0,3008,78481.13113355637,24.76924328804307,0.1870438838377595,3008,0,0.0,sensodat,9,20261010,1,ScoreCost,scorecost,0.1,78456.36189026832,1858,12135,4322
239,0,4083,239,0.05529847292919945,1.0,1760,78461.97704410553,5.61515383720689,0.3851232873275876,1760,0,0.0,sensodat,9,20261010,1,ReproAlloc,ercc_mean,0.1,78456.36189026832,1858,12135,4322
243,0,4079,243,0.056223970384081445,1.0,1718,78501.47847175598,45.11658148765855,0.3833420821465552,1718,0,0.0,sensodat,9,20261010,1,ReproAlloc-OA,ercc_outcome,0.1,78456.36189026832,1858,12135,4322
223,0,4099,223,0.05159648310967145,1.0,2040,78494.59420180321,38.2323115348845,1.3452535923570395,2040,0,0.0,sensodat,9,20261010,1,ReproAlloc-Optimistic,ercc_optimistic,0.1,78456.36189026832,1858,12135,4322
0,0,4322,0,0.0,0.0,1194,78564.70965480804,108.34776453972154,0.024482299108058214,0,0,0.0,sensodat,9,20261010,2,Uniform,uniform,0.1,78456.36189026832,1858,12135,4322
229,0,4093,229,0.052984729291994444,1.0,1468,78469.98899555206,13.627105283740093,0.10310080833733082,0,0,0.0,sensodat,9,20261010,2,FailRerun,failrerun,0.1,78456.36189026832,1858,12135,4322
0,0,4322,0,0.0,0.0,1274,78526.01414442062,69.65225415230088,0.2417492987588048,0,0,0.0,sensodat,9,20261010,2,APGAI,apgai,0.1,78456.36189026832,1858,12135,4322
178,0,4144,178,0.04118463674224896,1.0,3008,78481.13113355637,24.76924328804307,0.17878618277609348,3008,0,0.0,sensodat,9,20261010,2,ScoreCost,scorecost,0.1,78456.36189026832,1858,12135,4322
240,0,4082,240,0.055529847292919945,1.0,1754,78489.82288193703,33.46099166870408,0.3740302068181336,1754,0,0.0,sensodat,9,20261010,2,ReproAlloc,ercc_mean,0.1,78456.36189026832,1858,12135,4322
243,0,4079,243,0.056223970384081445,1.0,1718,78501.47847175598,45.11658148765855,0.3144495990127325,1718,0,0.0,sensodat,9,20261010,2,ReproAlloc-OA,ercc_outcome,0.1,78456.36189026832,1858,12135,4322
223,0,4099,223,0.05159648310967145,1.0,2040,78504.13709139824,47.77520112991624,1.5991003904491663,2040,0,0.0,sensodat,9,20261010,2,ReproAlloc-Optimistic,ercc_optimistic,0.1,78456.36189026832,1858,12135,4322
0,0,4322,0,0.0,0.0,2509,156962.36101460457,49.63723406792269,0.04291360592469573,0,0,0.0,sensodat,9,20261010,0,Uniform,uniform,0.2,156912.72378053665,3715,12135,4322
439,0,3883,439,0.1015733456732994,1.0,2852,156930.61036777496,17.88658723831759,0.214227884542197,0,0,0.0,sensodat,9,20261010,0,FailRerun,failrerun,0.2,156912.72378053665,3715,12135,4322
0,0,4322,0,0.0,0.0,2435,156946.34767866135,33.623898124700645,0.4568752981722355,0,0,0.0,sensodat,9,20261010,0,APGAI,apgai,0.2,156912.72378053665,3715,12135,4322
349,0,3973,349,0.08074965293845442,1.0,5825,156916.79858899117,4.074808454519371,0.29755408270284534,5825,0,0.0,sensodat,9,20261010,0,ScoreCost,scorecost,0.2,156912.72378053665,3715,12135,4322
445,0,3877,445,0.1029615918556224,1.0,3232,156928.7045750618,15.980794525152305,0.7363005736842752,3232,0,0.0,sensodat,9,20261010,0,ReproAlloc,ercc_mean,0.2,156912.72378053665,3715,12135,4322
452,0,3870,452,0.1045812124016659,1.0,3100,156925.7774295807,13.053649044042686,0.6050506918691099,3100,0,0.0,sensodat,9,20261010,0,ReproAlloc-OA,ercc_outcome,0.2,156912.72378053665,3715,12135,4322
438,0,3884,438,0.1013419713095789,1.0,3743,157019.35919213295,106.63541159630404,2.498275091405958,3743,0,0.0,sensodat,9,20261010,0,ReproAlloc-Optimistic,ercc_optimistic,0.2,156912.72378053665,3715,12135,4322
0,0,4322,0,0.0,0.0,2383,156931.91020751,19.186426973348716,0.031939797103405,0,0,0.0,sensodat,9,20261010,1,Uniform,uniform,0.2,156912.72378053665,3715,12135,4322
439,0,3883,439,0.1015733456732994,1.0,2852,156930.61036777496,17.88658723831759,0.1851439313031733,0,0,0.0,sensodat,9,20261010,1,FailRerun,failrerun,0.2,156912.72378053665,3715,12135,4322
0,0,4322,0,0.0,0.0,2435,156946.34767866135,33.623898124700645,0.46606991020962596,0,0,0.0,sensodat,9,20261010,1,APGAI,apgai,0.2,156912.72378053665,3715,12135,4322
349,0,3973,349,0.08074965293845442,1.0,5825,156916.79858899117,4.074808454519371,0.28795268340036273,5825,0,0.0,sensodat,9,20261010,1,ScoreCost,scorecost,0.2,156912.72378053665,3715,12135,4322
449,0,3873,449,0.1038870893105044,1.0,3255,157014.90510344505,102.18132290840731,0.7918476993218064,3255,0,0.0,sensodat,9,20261010,1,ReproAlloc,ercc_mean,0.2,156912.72378053665,3715,12135,4322
452,0,3870,452,0.1045812124016659,1.0,3100,156925.7774295807,13.053649044042686,0.6693405881524086,3100,0,0.0,sensodat,9,20261010,1,ReproAlloc-OA,ercc_outcome,0.2,156912.72378053665,3715,12135,4322
444,0,3878,444,0.10273021749190189,1.0,3796,156945.65137815475,32.92759761810885,3.0274097002111375,3796,0,0.0,sensodat,9,20261010,1,ReproAlloc-Optimistic,ercc_optimistic,0.2,156912.72378053665,3715,12135,4322
0,0,4322,0,0.0,0.0,2428,157009.81320667267,97.08942613602267,0.035856098402291536,0,0,0.0,sensodat,9,20261010,2,Uniform,uniform,0.2,156912.72378053665,3715,12135,4322
439,0,3883,439,0.1015733456732994,1.0,2852,156930.61036777496,17.88658723831759,0.23044609697535634,0,0,0.0,sensodat,9,20261010,2,FailRerun,failrerun,0.2,156912.72378053665,3715,12135,4322
0,0,4322,0,0.0,0.0,2435,156946.34767866135,33.623898124700645,0.5741813955828547,0,0,0.0,sensodat,9,20261010,2,APGAI,apgai,0.2,156912.72378053665,3715,12135,4322
349,0,3973,349,0.08074965293845442,1.0,5825,156916.79858899117,4.074808454519371,0.31090791895985603,5825,0,0.0,sensodat,9,20261010,2,ScoreCost,scorecost,0.2,156912.72378053665,3715,12135,4322
445,0,3877,445,0.1029615918556224,1.0,3242,156917.66260647774,4.938825941091636,0.695858808234334,3242,0,0.0,sensodat,9,20261010,2,ReproAlloc,ercc_mean,0.2,156912.72378053665,3715,12135,4322
452,0,3870,452,0.1045812124016659,1.0,3100,156925.7774295807,13.053649044042686,0.5946909082122147,3100,0,0.0,sensodat,9,20261010,2,ReproAlloc-OA,ercc_outcome,0.2,156912.72378053665,3715,12135,4322
445,0,3877,445,0.1029615918556224,1.0,3743,156933.01833963394,20.29455909729586,2.3890106109902263,3743,0,0.0,sensodat,9,20261010,2,ReproAlloc-Optimistic,ercc_optimistic,0.2,156912.72378053665,3715,12135,4322
