benchmark,budget,seed_or_unit,rep,method,confirmed_count,confirmed_recall,budget_used,num_executions,unique_tests_visited,mean_executions_per_visited_test,fallback_count,scheduler_steps,exec_finally_confirmed,exec_finally_unconfirmed
sensodat,0.05,0,0,Uniform,0,0.0,39235.922337293625,602,590,1.0203389830508474,0,602,0,602
sensodat,0.05,0,0,FailRerun,70,0.0161962054604349,39283.220198869705,655,92,7.119565217391305,0,655,630,25
sensodat,0.05,0,0,APGAI,0,0.0,39237.30559039116,639,639,1.0,0,639,0,639
sensodat,0.05,0,0,ScoreCost,70,0.0161962054604349,39259.58222126961,1558,338,4.609467455621302,0,1558,630,928
sensodat,0.05,0,0,Mean Planning,84,0.0194354465525219,39294.6698346138,933,223,4.183856502242152,0,933,756,177
sensodat,0.05,0,0,ReproAlloc-OA,86,0.0198981952799629,39262.99639105797,936,245,3.820408163265306,0,936,774,162
sensodat,0.05,0,0,ReproAlloc,90,0.0208236927348449,39229.955025434494,1079,263,4.102661596958175,0,1079,810,269
sensodat,0.05,0,0,OptimisticScoreCost,61,0.0141138361869504,39278.318724393845,1807,333,5.426426426426427,0,1807,549,1258
sensodat,0.05,0,1,Uniform,0,0.0,39231.56107258797,627,608,1.03125,0,627,0,627
sensodat,0.05,0,1,FailRerun,70,0.0161962054604349,39283.220198869705,655,92,7.119565217391305,0,655,630,25
sensodat,0.05,0,1,APGAI,0,0.0,39237.30559039116,639,639,1.0,0,639,0,639
sensodat,0.05,0,1,ScoreCost,70,0.0161962054604349,39259.58222126961,1558,338,4.609467455621302,0,1558,630,928
sensodat,0.05,0,1,Mean Planning,83,0.0192040721888014,39266.66346335411,918,214,4.289719626168225,0,918,747,171
sensodat,0.05,0,1,ReproAlloc-OA,86,0.0198981952799629,39262.99639105797,936,245,3.820408163265306,0,936,774,162
sensodat,0.05,0,1,ReproAlloc,86,0.0198981952799629,39266.28306031227,1025,251,4.083665338645418,0,1025,774,251
sensodat,0.05,0,1,OptimisticScoreCost,61,0.0141138361869504,39278.318724393845,1807,333,5.426426426426427,0,1807,549,1258
sensodat,0.05,0,2,Uniform,0,0.0,39284.04253125191,606,599,1.011686143572621,0,606,0,606
sensodat,0.05,0,2,FailRerun,70,0.0161962054604349,39283.220198869705,655,92,7.119565217391305,0,655,630,25
sensodat,0.05,0,2,APGAI,0,0.0,39237.30559039116,639,639,1.0,0,639,0,639
sensodat,0.05,0,2,ScoreCost,70,0.0161962054604349,39259.58222126961,1558,338,4.609467455621302,0,1558,630,928
sensodat,0.05,0,2,Mean Planning,84,0.0194354465525219,39230.29094672203,939,225,4.173333333333333,0,939,756,183
sensodat,0.05,0,2,ReproAlloc-OA,86,0.0198981952799629,39262.99639105797,936,245,3.820408163265306,0,936,774,162
sensodat,0.05,0,2,ReproAlloc,87,0.0201295696436834,39249.22876644135,1037,253,4.098814229249012,0,1037,783,254
sensodat,0.05,0,2,OptimisticScoreCost,61,0.0141138361869504,39278.318724393845,1807,333,5.426426426426427,0,1807,549,1258
sensodat,0.1,0,0,Uniform,0,0.0,78515.09939455986,1210,1159,1.0440034512510783,0,1210,0,1210
sensodat,0.1,0,0,FailRerun,138,0.0319296621934289,78466.04826307297,1295,187,6.925133689839572,0,1295,1242,53
sensodat,0.1,0,0,APGAI,0,0.0,78523.01034331322,1232,1232,1.0,0,1232,0,1232
sensodat,0.1,0,0,ScoreCost,155,0.0358630263766774,78467.60344028473,3196,615,5.196747967479674,0,3196,1395,1801
sensodat,0.1,0,0,Mean Planning,164,0.0379453956501619,78504.53586149216,1750,370,4.72972972972973,0,1750,1476,274
sensodat,0.1,0,0,ReproAlloc-OA,169,0.0391022674687644,78461.72254610062,1739,382,4.552356020942408,0,1739,1521,218
sensodat,0.1,0,0,ReproAlloc,178,0.0411846367422489,78461.2623898983,2194,580,3.782758620689655,0,2194,1602,592
sensodat,0.1,0,0,OptimisticScoreCost,129,0.0298472929199444,78494.18210673332,3831,678,5.650442477876106,0,3831,1161,2670
sensodat,0.1,0,1,Uniform,0,0.0,78457.8692278862,1230,1170,1.051282051282051,0,1230,0,1230
sensodat,0.1,0,1,FailRerun,138,0.0319296621934289,78466.04826307297,1295,187,6.925133689839572,0,1295,1242,53
sensodat,0.1,0,1,APGAI,0,0.0,78523.01034331322,1232,1232,1.0,0,1232,0,1232
sensodat,0.1,0,1,ScoreCost,155,0.0358630263766774,78467.60344028473,3196,615,5.196747967479674,0,3196,1395,1801
sensodat,0.1,0,1,Mean Planning,164,0.0379453956501619,78504.53586149216,1750,370,4.72972972972973,0,1750,1476,274
sensodat,0.1,0,1,ReproAlloc-OA,169,0.0391022674687644,78461.72254610062,1739,382,4.552356020942408,0,1739,1521,218
sensodat,0.1,0,1,ReproAlloc,183,0.0423415085608514,78494.15650892258,2208,565,3.907964601769912,0,2208,1647,561
sensodat,0.1,0,1,OptimisticScoreCost,129,0.0298472929199444,78494.18210673332,3831,678,5.650442477876106,0,3831,1161,2670
sensodat,0.1,0,2,Uniform,0,0.0,78472.57312107086,1227,1168,1.0505136986301369,0,1227,0,1227
sensodat,0.1,0,2,FailRerun,138,0.0319296621934289,78466.04826307297,1295,187,6.925133689839572,0,1295,1242,53
sensodat,0.1,0,2,APGAI,0,0.0,78523.01034331322,1232,1232,1.0,0,1232,0,1232
sensodat,0.1,0,2,ScoreCost,155,0.0358630263766774,78467.60344028473,3196,615,5.196747967479674,0,3196,1395,1801
sensodat,0.1,0,2,Mean Planning,164,0.0379453956501619,78504.53586149216,1750,370,4.72972972972973,0,1750,1476,274
sensodat,0.1,0,2,ReproAlloc-OA,169,0.0391022674687644,78461.72254610062,1739,382,4.552356020942408,0,1739,1521,218
sensodat,0.1,0,2,ReproAlloc,182,0.0421101341971309,78467.05199122429,2200,569,3.866432337434095,0,2200,1638,562
sensodat,0.1,0,2,OptimisticScoreCost,129,0.0298472929199444,78494.18210673332,3831,678,5.650442477876106,0,3831,1161,2670
sensodat,0.2,0,0,Uniform,0,0.0,156963.32893419266,2422,2193,1.1044231646146832,0,2422,0,2422
sensodat,0.2,0,0,FailRerun,289,0.0668671911152244,156913.99865460396,2736,424,6.452830188679245,0,2736,2601,135
sensodat,0.2,0,0,APGAI,0,0.0,156920.82178544998,2407,2407,1.0,0,2407,0,2407
sensodat,0.2,0,0,ScoreCost,277,0.0640906987505784,156933.51972603798,5936,1076,5.516728624535316,0,5936,2493,3443
sensodat,0.2,0,0,Mean Planning,327,0.0756594169366034,157005.3994319439,3371,623,5.41091492776886,0,3371,2943,428
sensodat,0.2,0,0,ReproAlloc-OA,329,0.0761221656640444,156987.20957922935,3273,623,5.253611556982343,0,3273,2961,312
sensodat,0.2,0,0,ReproAlloc,327,0.0756594169366034,156931.63372397423,3918,978,4.006134969325154,0,3918,2943,975
sensodat,0.2,0,0,OptimisticScoreCost,228,0.0527533549282739,156913.93137788773,7564,1264,5.984177215189874,0,7564,2052,5512
sensodat,0.2,0,1,Uniform,0,0.0,156960.40919089317,2433,2192,1.1099452554744529,0,2433,0,2433
sensodat,0.2,0,1,FailRerun,289,0.0668671911152244,156913.99865460396,2736,424,6.452830188679245,0,2736,2601,135
sensodat,0.2,0,1,APGAI,0,0.0,156920.82178544998,2407,2407,1.0,0,2407,0,2407
sensodat,0.2,0,1,ScoreCost,277,0.0640906987505784,156933.51972603798,5936,1076,5.516728624535316,0,5936,2493,3443
sensodat,0.2,0,1,Mean Planning,327,0.0756594169366034,157005.3994319439,3371,623,5.41091492776886,0,3371,2943,428
sensodat,0.2,0,1,ReproAlloc-OA,329,0.0761221656640444,156987.20957922935,3273,623,5.253611556982343,0,3273,2961,312
sensodat,0.2,0,1,ReproAlloc,327,0.0756594169366034,156931.63372397423,3918,978,4.006134969325154,0,3918,2943,975
sensodat,0.2,0,1,OptimisticScoreCost,228,0.0527533549282739,156913.93137788773,7564,1264,5.984177215189874,0,7564,2052,5512
sensodat,0.2,0,2,Uniform,0,0.0,156936.28561353683,2461,2235,1.1011185682326623,0,2461,0,2461
sensodat,0.2,0,2,FailRerun,289,0.0668671911152244,156913.99865460396,2736,424,6.452830188679245,0,2736,2601,135
sensodat,0.2,0,2,APGAI,0,0.0,156920.82178544998,2407,2407,1.0,0,2407,0,2407
sensodat,0.2,0,2,ScoreCost,277,0.0640906987505784,156933.51972603798,5936,1076,5.516728624535316,0,5936,2493,3443
sensodat,0.2,0,2,Mean Planning,327,0.0756594169366034,157005.3994319439,3371,623,5.41091492776886,0,3371,2943,428
sensodat,0.2,0,2,ReproAlloc-OA,329,0.0761221656640444,156987.20957922935,3273,623,5.253611556982343,0,3273,2961,312
sensodat,0.2,0,2,ReproAlloc,327,0.0756594169366034,156931.63372397423,3918,978,4.006134969325154,0,3918,2943,975
sensodat,0.2,0,2,OptimisticScoreCost,228,0.0527533549282739,156913.93137788773,7564,1264,5.984177215189874,0,7564,2052,5512
sensodat,0.05,1,0,Uniform,0,0.0,39253.110183000565,617,602,1.0249169435215948,0,617,0,617
sensodat,0.05,1,0,FailRerun,69,0.0159648310967144,39229.08035993576,652,93,7.010752688172043,0,652,621,31
sensodat,0.05,1,0,APGAI,0,0.0,39237.23777508736,647,647,1.0,0,647,0,647
sensodat,0.05,1,0,ScoreCost,64,0.0148079592781119,39268.45435881615,1610,340,4.735294117647059,0,1610,576,1034
sensodat,0.05,1,0,Mean Planning,82,0.0189726978250809,39283.39669728279,902,213,4.234741784037559,0,902,738,164
sensodat,0.05,1,0,ReproAlloc-OA,82,0.0189726978250809,39241.14326477051,883,223,3.959641255605381,0,883,738,145
sensodat,0.05,1,0,ReproAlloc,81,0.0187413234613604,39241.38712596893,984,265,3.7132075471698114,0,984,729,255
sensodat,0.05,1,0,OptimisticScoreCost,56,0.0129569643683479,39231.074811697006,1879,335,5.608955223880597,0,1879,504,1375
sensodat,0.05,1,1,Uniform,0,0.0,39269.76835775376,626,608,1.0296052631578947,0,626,0,626
sensodat,0.05,1,1,FailRerun,69,0.0159648310967144,39229.08035993576,652,93,7.010752688172043,0,652,621,31
sensodat,0.05,1,1,APGAI,0,0.0,39237.23777508736,647,647,1.0,0,647,0,647
sensodat,0.05,1,1,ScoreCost,64,0.0148079592781119,39268.45435881615,1610,340,4.735294117647059,0,1610,576,1034
sensodat,0.05,1,1,Mean Planning,83,0.0192040721888014,39268.45565438271,900,206,4.368932038834951,0,900,747,153
sensodat,0.05,1,1,ReproAlloc-OA,82,0.0189726978250809,39241.14326477051,883,223,3.959641255605381,0,883,738,145
sensodat,0.05,1,1,ReproAlloc,81,0.0187413234613604,39241.38712596893,984,265,3.7132075471698114,0,984,729,255
sensodat,0.05,1,1,OptimisticScoreCost,56,0.0129569643683479,39231.074811697006,1879,335,5.608955223880597,0,1879,504,1375
sensodat,0.05,1,2,Uniform,0,0.0,39321.47036099434,604,585,1.0324786324786326,0,604,0,604
sensodat,0.05,1,2,FailRerun,69,0.0159648310967144,39229.08035993576,652,93,7.010752688172043,0,652,621,31
sensodat,0.05,1,2,APGAI,0,0.0,39237.23777508736,647,647,1.0,0,647,0,647
sensodat,0.05,1,2,ScoreCost,64,0.0148079592781119,39268.45435881615,1610,340,4.735294117647059,0,1610,576,1034
sensodat,0.05,1,2,Mean Planning,81,0.0187413234613604,39274.07416200638,896,209,4.287081339712919,0,896,729,167
sensodat,0.05,1,2,ReproAlloc-OA,82,0.0189726978250809,39241.14326477051,883,223,3.959641255605381,0,883,738,145
sensodat,0.05,1,2,ReproAlloc,81,0.0187413234613604,39241.38712596893,984,265,3.7132075471698114,0,984,729,255
sensodat,0.05,1,2,OptimisticScoreCost,56,0.0129569643683479,39231.074811697006,1879,335,5.608955223880597,0,1879,504,1375
sensodat,0.1,1,0,Uniform,0,0.0,78517.6894955635,1222,1158,1.0552677029360966,0,1222,0,1222
sensodat,0.1,1,0,FailRerun,137,0.0316982878297084,78488.0523853302,1292,193,6.694300518134715,0,1292,1233,59
sensodat,0.1,1,0,APGAI,0,0.0,78506.22145915031,1248,1248,1.0,0,1248,0,1248
sensodat,0.1,1,0,ScoreCost,145,0.0335492827394724,78486.197214365,3232,635,5.089763779527559,0,3232,1305,1927
sensodat,0.1,1,0,Mean Planning,161,0.0372512725590004,78506.03660917282,1736,380,4.568421052631579,0,1736,1449,287
sensodat,0.1,1,0,ReproAlloc-OA,162,0.0374826469227209,78466.33099031448,1680,384,4.375,0,1680,1458,222
sensodat,0.1,1,0,ReproAlloc,168,0.0388708931050439,78491.46063828468,2101,554,3.792418772563177,0,2101,1512,589
sensodat,0.1,1,0,OptimisticScoreCost,124,0.0286904211013419,78467.55153369904,3951,661,5.977307110438729,0,3951,1116,2835
sensodat,0.1,1,1,Uniform,0,0.0,78467.2377307415,1226,1165,1.0523605150214592,0,1226,0,1226
sensodat,0.1,1,1,FailRerun,137,0.0316982878297084,78488.0523853302,1292,193,6.694300518134715,0,1292,1233,59
sensodat,0.1,1,1,APGAI,0,0.0,78506.22145915031,1248,1248,1.0,0,1248,0,1248
sensodat,0.1,1,1,ScoreCost,145,0.0335492827394724,78486.197214365,3232,635,5.089763779527559,0,3232,1305,1927
sensodat,0.1,1,1,Mean Planning,160,0.0370198981952799,78510.5632686615,1736,380,4.568421052631579,0,1736,1440,296
sensodat,0.1,1,1,ReproAlloc-OA,162,0.0374826469227209,78466.33099031448,1680,384,4.375,0,1680,1458,222
sensodat,0.1,1,1,ReproAlloc,173,0.0400277649236464,78561.48629975319,2145,562,3.816725978647687,0,2145,1557,588
sensodat,0.1,1,1,OptimisticScoreCost,124,0.0286904211013419,78467.55153369904,3951,661,5.977307110438729,0,3951,1116,2835
sensodat,0.1,1,2,Uniform,0,0.0,78490.24017095566,1195,1131,1.0565870910698496,0,1195,0,1195
sensodat,0.1,1,2,FailRerun,137,0.0316982878297084,78488.0523853302,1292,193,6.694300518134715,0,1292,1233,59
sensodat,0.1,1,2,APGAI,0,0.0,78506.22145915031,1248,1248,1.0,0,1248,0,1248
sensodat,0.1,1,2,ScoreCost,145,0.0335492827394724,78486.197214365,3232,635,5.089763779527559,0,3232,1305,1927
sensodat,0.1,1,2,Mean Planning,161,0.0372512725590004,78488.57884073257,1739,376,4.625,0,1739,1449,290
sensodat,0.1,1,2,ReproAlloc-OA,162,0.0374826469227209,78466.33099031448,1680,384,4.375,0,1680,1458,222
sensodat,0.1,1,2,ReproAlloc,168,0.0388708931050439,78494.7602725029,2078,558,3.7240143369175622,0,2078,1512,566
sensodat,0.1,1,2,OptimisticScoreCost,124,0.0286904211013419,78467.55153369904,3951,661,5.977307110438729,0,3951,1116,2835
sensodat,0.2,1,0,Uniform,0,0.0,157011.60616993904,2392,2182,1.0962419798350138,0,2392,0,2392
sensodat,0.2,1,0,FailRerun,288,0.0666358167515039,156945.1973953247,2749,441,6.233560090702948,0,2749,2592,157
sensodat,0.2,1,0,APGAI,0,0.0,157003.61321759224,2429,2429,1.0,0,2429,0,2429
sensodat,0.2,1,0,ScoreCost,275,0.0636279500231374,156949.61120581627,6368,1088,5.852941176470588,0,6368,2475,3893
sensodat,0.2,1,0,Mean Planning,328,0.0758907913003239,156917.66871070862,3418,657,5.202435312024353,0,3418,2952,466
sensodat,0.2,1,0,ReproAlloc-OA,331,0.0765849143914854,156930.5848133564,3317,657,5.048706240487062,0,3317,2979,338
sensodat,0.2,1,0,ReproAlloc,330,0.0763535400277649,156915.5556921959,3922,922,4.253796095444685,0,3922,2970,952
sensodat,0.2,1,0,OptimisticScoreCost,221,0.0511337343822304,156928.46659517288,7967,1284,6.204828660436137,0,7967,1989,5978
sensodat,0.2,1,1,Uniform,0,0.0,156971.67474460602,2430,2196,1.1065573770491803,0,2430,0,2430
sensodat,0.2,1,1,FailRerun,288,0.0666358167515039,156945.1973953247,2749,441,6.233560090702948,0,2749,2592,157
sensodat,0.2,1,1,APGAI,0,0.0,157003.61321759224,2429,2429,1.0,0,2429,0,2429
sensodat,0.2,1,1,ScoreCost,275,0.0636279500231374,156949.61120581627,6368,1088,5.852941176470588,0,6368,2475,3893
sensodat,0.2,1,1,Mean Planning,329,0.0761221656640444,156974.8368973732,3419,657,5.203957382039574,0,3419,2961,458
sensodat,0.2,1,1,ReproAlloc-OA,331,0.0765849143914854,156930.5848133564,3317,657,5.048706240487062,0,3317,2979,338
sensodat,0.2,1,1,ReproAlloc,329,0.0761221656640444,156961.90491580963,3901,916,4.258733624454148,0,3901,2961,940
sensodat,0.2,1,1,OptimisticScoreCost,221,0.0511337343822304,156928.46659517288,7967,1284,6.204828660436137,0,7967,1989,5978
sensodat,0.2,1,2,Uniform,0,0.0,156977.4520084858,2418,2161,1.1189264229523368,0,2418,0,2418
sensodat,0.2,1,2,FailRerun,288,0.0666358167515039,156945.1973953247,2749,441,6.233560090702948,0,2749,2592,157
sensodat,0.2,1,2,APGAI,0,0.0,157003.61321759224,2429,2429,1.0,0,2429,0,2429
sensodat,0.2,1,2,ScoreCost,275,0.0636279500231374,156949.61120581627,6368,1088,5.852941176470588,0,6368,2475,3893
sensodat,0.2,1,2,Mean Planning,329,0.0761221656640444,156974.8368973732,3419,657,5.203957382039574,0,3419,2961,458
sensodat,0.2,1,2,ReproAlloc-OA,331,0.0765849143914854,156930.5848133564,3317,657,5.048706240487062,0,3317,2979,338
sensodat,0.2,1,2,ReproAlloc,340,0.0786672836649699,156968.7181174755,3977,912,4.360745614035087,0,3977,3060,917
sensodat,0.2,1,2,OptimisticScoreCost,221,0.0511337343822304,156928.46659517288,7967,1284,6.204828660436137,0,7967,1989,5978
sensodat,0.05,2,0,Uniform,0,0.0,39284.19004321098,600,589,1.0186757215619695,0,600,0,600
sensodat,0.05,2,0,FailRerun,68,0.0157334567329939,39310.732290029526,631,84,7.511904761904762,0,631,612,19
sensodat,0.05,2,0,APGAI,0,0.0,39230.71076583862,635,635,1.0,0,635,0,635
sensodat,0.05,2,0,ScoreCost,75,0.0173530772790374,39236.72685217857,1595,335,4.7611940298507465,0,1595,675,920
sensodat,0.05,2,0,Mean Planning,86,0.0198981952799629,39259.018131017685,932,205,4.546341463414634,0,932,774,158
sensodat,0.05,2,0,ReproAlloc-OA,87,0.0201295696436834,39276.066122055054,925,222,4.166666666666667,0,925,783,142
sensodat,0.05,2,0,ReproAlloc,86,0.0198981952799629,39275.68840932846,1048,279,3.756272401433692,0,1048,774,274
sensodat,0.05,2,0,OptimisticScoreCost,65,0.0150393336418324,39231.78982305527,1848,335,5.516417910447761,0,1848,585,1263
sensodat,0.05,2,1,Uniform,0,0.0,39299.55373430252,603,590,1.0220338983050847,0,603,0,603
sensodat,0.05,2,1,FailRerun,68,0.0157334567329939,39310.732290029526,631,84,7.511904761904762,0,631,612,19
sensodat,0.05,2,1,APGAI,0,0.0,39230.71076583862,635,635,1.0,0,635,0,635
sensodat,0.05,2,1,ScoreCost,75,0.0173530772790374,39236.72685217857,1595,335,4.7611940298507465,0,1595,675,920
sensodat,0.05,2,1,Mean Planning,85,0.0196668209162424,39235.5614259243,927,210,4.414285714285715,0,927,765,162
sensodat,0.05,2,1,ReproAlloc-OA,87,0.0201295696436834,39276.066122055054,925,222,4.166666666666667,0,925,783,142
sensodat,0.05,2,1,ReproAlloc,83,0.0192040721888014,39250.34846830368,1032,285,3.621052631578948,0,1032,747,285
sensodat,0.05,2,1,OptimisticScoreCost,65,0.0150393336418324,39231.78982305527,1848,335,5.516417910447761,0,1848,585,1263
sensodat,0.05,2,2,Uniform,0,0.0,39266.01455593109,609,594,1.0252525252525253,0,609,0,609
sensodat,0.05,2,2,FailRerun,68,0.0157334567329939,39310.732290029526,631,84,7.511904761904762,0,631,612,19
sensodat,0.05,2,2,APGAI,0,0.0,39230.71076583862,635,635,1.0,0,635,0,635
sensodat,0.05,2,2,ScoreCost,75,0.0173530772790374,39236.72685217857,1595,335,4.7611940298507465,0,1595,675,920
sensodat,0.05,2,2,Mean Planning,85,0.0196668209162424,39252.87619447708,938,216,4.342592592592593,0,938,765,173
sensodat,0.05,2,2,ReproAlloc-OA,87,0.0201295696436834,39276.066122055054,925,222,4.166666666666667,0,925,783,142
sensodat,0.05,2,2,ReproAlloc,91,0.0210550670985654,39237.643560647964,1095,287,3.8153310104529616,0,1095,819,276
sensodat,0.05,2,2,OptimisticScoreCost,65,0.0150393336418324,39231.78982305527,1848,335,5.516417910447761,0,1848,585,1263
sensodat,0.1,2,0,Uniform,0,0.0,78531.01359462738,1230,1168,1.053082191780822,0,1230,0,1230
sensodat,0.1,2,0,FailRerun,141,0.0326237852845904,78509.13974237442,1326,194,6.835051546391752,0,1326,1269,57
sensodat,0.1,2,0,APGAI,0,0.0,78464.06450462341,1262,1262,1.0,0,1262,0,1262
sensodat,0.1,2,0,ScoreCost,137,0.0316982878297084,78498.65436911583,3270,642,5.093457943925234,0,3270,1233,2037
sensodat,0.1,2,0,Mean Planning,168,0.0388708931050439,78541.02621293068,1778,361,4.925207756232687,0,1778,1512,266
sensodat,0.1,2,0,ReproAlloc-OA,169,0.0391022674687644,78516.57314300537,1767,409,4.320293398533007,0,1767,1521,246
sensodat,0.1,2,0,ReproAlloc,168,0.0388708931050439,78499.52836680412,2193,619,3.54281098546042,0,2193,1512,681
sensodat,0.1,2,0,OptimisticScoreCost,119,0.0275335492827394,78480.68399810791,3979,673,5.912332838038633,0,3979,1071,2908
sensodat,0.1,2,1,Uniform,0,0.0,78457.70825052261,1207,1154,1.045927209705373,0,1207,0,1207
sensodat,0.1,2,1,FailRerun,141,0.0326237852845904,78509.13974237442,1326,194,6.835051546391752,0,1326,1269,57
sensodat,0.1,2,1,APGAI,0,0.0,78464.06450462341,1262,1262,1.0,0,1262,0,1262
sensodat,0.1,2,1,ScoreCost,137,0.0316982878297084,78498.65436911583,3270,642,5.093457943925234,0,3270,1233,2037
sensodat,0.1,2,1,Mean Planning,166,0.0384081443776029,78459.96299934387,1772,362,4.895027624309392,0,1772,1494,278
sensodat,0.1,2,1,ReproAlloc-OA,169,0.0391022674687644,78516.57314300537,1767,409,4.320293398533007,0,1767,1521,246
sensodat,0.1,2,1,ReproAlloc,166,0.0384081443776029,78457.24629473686,2167,616,3.517857142857143,0,2167,1494,673
sensodat,0.1,2,1,OptimisticScoreCost,119,0.0275335492827394,78480.68399810791,3979,673,5.912332838038633,0,3979,1071,2908
sensodat,0.1,2,2,Uniform,0,0.0,78501.45536613464,1209,1147,1.054054054054054,0,1209,0,1209
sensodat,0.1,2,2,FailRerun,141,0.0326237852845904,78509.13974237442,1326,194,6.835051546391752,0,1326,1269,57
sensodat,0.1,2,2,APGAI,0,0.0,78464.06450462341,1262,1262,1.0,0,1262,0,1262
sensodat,0.1,2,2,ScoreCost,137,0.0316982878297084,78498.65436911583,3270,642,5.093457943925234,0,3270,1233,2037
sensodat,0.1,2,2,Mean Planning,167,0.0386395187413234,78500.940813303,1765,360,4.902777777777778,0,1765,1503,262
sensodat,0.1,2,2,ReproAlloc-OA,169,0.0391022674687644,78516.57314300537,1767,409,4.320293398533007,0,1767,1521,246
sensodat,0.1,2,2,ReproAlloc,170,0.0393336418324849,78545.60925650597,2202,622,3.540192926045016,0,2202,1530,672
sensodat,0.1,2,2,OptimisticScoreCost,119,0.0275335492827394,78480.68399810791,3979,673,5.912332838038633,0,3979,1071,2908
sensodat,0.2,2,0,Uniform,0,0.0,156916.85668683052,2424,2204,1.0998185117967332,0,2424,0,2424
sensodat,0.2,2,0,FailRerun,291,0.0673299398426654,156953.1726717949,2769,438,6.321917808219178,0,2769,2619,150
sensodat,0.2,2,0,APGAI,0,0.0,156925.00812268257,2441,2441,1.0,0,2441,0,2441
sensodat,0.2,2,0,ScoreCost,281,0.0650161962054604,156918.43386173248,6725,1111,6.053105310531053,0,6725,2529,4196
sensodat,0.2,2,0,Mean Planning,313,0.0724201758445164,156969.64463043213,3259,618,5.273462783171521,0,3259,2817,442
sensodat,0.2,2,0,ReproAlloc-OA,316,0.0731142989356779,156964.76637911797,3176,632,5.025316455696203,0,3176,2844,332
sensodat,0.2,2,0,ReproAlloc,339,0.0784359093012494,156927.3558382988,4136,1030,4.015533980582524,0,4136,3051,1085
sensodat,0.2,2,0,OptimisticScoreCost,233,0.0539102267468764,156918.83030462265,8123,1277,6.3610023492560686,0,8123,2097,6026
sensodat,0.2,2,1,Uniform,0,0.0,156951.00969696045,2419,2212,1.0935804701627487,0,2419,0,2419
sensodat,0.2,2,1,FailRerun,291,0.0673299398426654,156953.1726717949,2769,438,6.321917808219178,0,2769,2619,150
sensodat,0.2,2,1,APGAI,0,0.0,156925.00812268257,2441,2441,1.0,0,2441,0,2441
sensodat,0.2,2,1,ScoreCost,281,0.0650161962054604,156918.43386173248,6725,1111,6.053105310531053,0,6725,2529,4196
sensodat,0.2,2,1,Mean Planning,312,0.0721888014807959,156920.0042848587,3245,618,5.250809061488673,0,3245,2808,437
sensodat,0.2,2,1,ReproAlloc-OA,316,0.0731142989356779,156964.76637911797,3176,632,5.025316455696203,0,3176,2844,332
sensodat,0.2,2,1,ReproAlloc,339,0.0784359093012494,156927.3558382988,4136,1030,4.015533980582524,0,4136,3051,1085
sensodat,0.2,2,1,OptimisticScoreCost,233,0.0539102267468764,156918.83030462265,8123,1277,6.3610023492560686,0,8123,2097,6026
sensodat,0.2,2,2,Uniform,0,0.0,156975.97925806046,2442,2215,1.1024830699774266,0,2442,0,2442
sensodat,0.2,2,2,FailRerun,291,0.0673299398426654,156953.1726717949,2769,438,6.321917808219178,0,2769,2619,150
sensodat,0.2,2,2,APGAI,0,0.0,156925.00812268257,2441,2441,1.0,0,2441,0,2441
sensodat,0.2,2,2,ScoreCost,281,0.0650161962054604,156918.43386173248,6725,1111,6.053105310531053,0,6725,2529,4196
sensodat,0.2,2,2,Mean Planning,312,0.0721888014807959,156925.7958893776,3244,616,5.266233766233766,0,3244,2808,436
sensodat,0.2,2,2,ReproAlloc-OA,316,0.0731142989356779,156964.76637911797,3176,632,5.025316455696203,0,3176,2844,332
sensodat,0.2,2,2,ReproAlloc,339,0.0784359093012494,156927.3558382988,4136,1030,4.015533980582524,0,4136,3051,1085
sensodat,0.2,2,2,OptimisticScoreCost,233,0.0539102267468764,156918.83030462265,8123,1277,6.3610023492560686,0,8123,2097,6026
sensodat,0.05,3,0,Uniform,0,0.0,39244.62140035629,596,580,1.0275862068965518,0,596,0,596
sensodat,0.05,3,0,FailRerun,73,0.0168903285515964,39275.34330391884,685,96,7.135416666666667,0,685,657,28
sensodat,0.05,3,0,APGAI,0,0.0,39292.67762684822,650,650,1.0,0,650,0,650
sensodat,0.05,3,0,ScoreCost,73,0.0168903285515964,39261.448554039,1591,330,4.821212121212121,0,1591,657,934
sensodat,0.05,3,0,Mean Planning,89,0.0205923183711244,39265.16705775261,948,200,4.74,0,948,801,147
sensodat,0.05,3,0,ReproAlloc-OA,90,0.0208236927348449,39288.20457434654,960,235,4.085106382978723,0,960,810,150
sensodat,0.05,3,0,ReproAlloc,87,0.0201295696436834,39235.62487077713,1033,247,4.182186234817814,0,1033,783,250
sensodat,0.05,3,0,OptimisticScoreCost,62,0.0143452105506709,39237.30665040016,1874,338,5.544378698224852,0,1874,558,1316
sensodat,0.05,3,1,Uniform,0,0.0,39229.12095165253,613,595,1.030252100840336,0,613,0,613
sensodat,0.05,3,1,FailRerun,73,0.0168903285515964,39275.34330391884,685,96,7.135416666666667,0,685,657,28
sensodat,0.05,3,1,APGAI,0,0.0,39292.67762684822,650,650,1.0,0,650,0,650
sensodat,0.05,3,1,ScoreCost,73,0.0168903285515964,39261.448554039,1591,330,4.821212121212121,0,1591,657,934
sensodat,0.05,3,1,Mean Planning,91,0.0210550670985654,39246.39493393898,986,210,4.695238095238095,0,986,819,167
sensodat,0.05,3,1,ReproAlloc-OA,90,0.0208236927348449,39288.20457434654,960,235,4.085106382978723,0,960,810,150
sensodat,0.05,3,1,ReproAlloc,90,0.0208236927348449,39248.72670912743,1050,254,4.133858267716535,0,1050,810,240
sensodat,0.05,3,1,OptimisticScoreCost,62,0.0143452105506709,39237.30665040016,1874,338,5.544378698224852,0,1874,558,1316
sensodat,0.05,3,2,Uniform,0,0.0,39316.51924037933,608,594,1.0235690235690236,0,608,0,608
sensodat,0.05,3,2,FailRerun,73,0.0168903285515964,39275.34330391884,685,96,7.135416666666667,0,685,657,28
sensodat,0.05,3,2,APGAI,0,0.0,39292.67762684822,650,650,1.0,0,650,0,650
sensodat,0.05,3,2,ScoreCost,73,0.0168903285515964,39261.448554039,1591,330,4.821212121212121,0,1591,657,934
sensodat,0.05,3,2,Mean Planning,91,0.0210550670985654,39261.98894262314,968,207,4.676328502415459,0,968,819,149
sensodat,0.05,3,2,ReproAlloc-OA,90,0.0208236927348449,39288.20457434654,960,235,4.085106382978723,0,960,810,150
sensodat,0.05,3,2,ReproAlloc,87,0.0201295696436834,39250.74437379837,1014,244,4.155737704918033,0,1014,783,231
sensodat,0.05,3,2,OptimisticScoreCost,62,0.0143452105506709,39237.30665040016,1874,338,5.544378698224852,0,1874,558,1316
sensodat,0.1,3,0,Uniform,0,0.0,78497.13193273544,1206,1135,1.062555066079295,0,1206,0,1206
sensodat,0.1,3,0,FailRerun,149,0.0344747801943544,78509.13494253159,1403,205,6.84390243902439,0,1403,1341,62
sensodat,0.1,3,0,APGAI,0,0.0,78526.23526835442,1250,1250,1.0,0,1250,0,1250
sensodat,0.1,3,0,ScoreCost,146,0.0337806571031929,78477.35272860527,3171,617,5.139384116693679,0,3171,1314,1857
sensodat,0.1,3,0,Mean Planning,168,0.0388708931050439,78503.22414660454,1751,344,5.090116279069767,0,1751,1512,239
sensodat,0.1,3,0,ReproAlloc-OA,169,0.0391022674687644,78478.5880291462,1726,371,4.652291105121294,0,1726,1521,205
sensodat,0.1,3,0,ReproAlloc,172,0.0397963905599259,78458.91899418831,2172,587,3.700170357751278,0,2172,1548,624
sensodat,0.1,3,0,OptimisticScoreCost,125,0.0289217954650624,78467.63834381104,4023,662,6.077039274924472,0,4023,1125,2898
sensodat,0.1,3,1,Uniform,0,0.0,78457.11337137222,1217,1158,1.0509499136442142,0,1217,0,1217
sensodat,0.1,3,1,FailRerun,149,0.0344747801943544,78509.13494253159,1403,205,6.84390243902439,0,1403,1341,62
sensodat,0.1,3,1,APGAI,0,0.0,78526.23526835442,1250,1250,1.0,0,1250,0,1250
sensodat,0.1,3,1,ScoreCost,146,0.0337806571031929,78477.35272860527,3171,617,5.139384116693679,0,3171,1314,1857
sensodat,0.1,3,1,Mean Planning,167,0.0386395187413234,78485.89198064804,1749,344,5.084302325581396,0,1749,1503,246
sensodat,0.1,3,1,ReproAlloc-OA,169,0.0391022674687644,78478.5880291462,1726,371,4.652291105121294,0,1726,1521,205
sensodat,0.1,3,1,ReproAlloc,169,0.0391022674687644,78483.55487418175,2107,559,3.769230769230769,0,2107,1521,586
sensodat,0.1,3,1,OptimisticScoreCost,125,0.0289217954650624,78467.63834381104,4023,662,6.077039274924472,0,4023,1125,2898
sensodat,0.1,3,2,Uniform,0,0.0,78549.54999780655,1250,1181,1.058425063505504,0,1250,0,1250
sensodat,0.1,3,2,FailRerun,149,0.0344747801943544,78509.13494253159,1403,205,6.84390243902439,0,1403,1341,62
sensodat,0.1,3,2,APGAI,0,0.0,78526.23526835442,1250,1250,1.0,0,1250,0,1250
sensodat,0.1,3,2,ScoreCost,146,0.0337806571031929,78477.35272860527,3171,617,5.139384116693679,0,3171,1314,1857
sensodat,0.1,3,2,Mean Planning,168,0.0388708931050439,78527.46699500084,1759,350,5.025714285714286,0,1759,1512,247
sensodat,0.1,3,2,ReproAlloc-OA,169,0.0391022674687644,78478.5880291462,1726,371,4.652291105121294,0,1726,1521,205
sensodat,0.1,3,2,ReproAlloc,176,0.0407218880148079,78496.99709224701,2184,588,3.7142857142857135,0,2184,1584,600
sensodat,0.1,3,2,OptimisticScoreCost,125,0.0289217954650624,78467.63834381104,4023,662,6.077039274924472,0,4023,1125,2898
sensodat,0.2,3,0,Uniform,0,0.0,156913.28047180176,2460,2220,1.108108108108108,0,2460,0,2460
sensodat,0.2,3,0,FailRerun,294,0.0680240629338269,156952.9146308899,2783,428,6.502336448598131,0,2783,2646,137
sensodat,0.2,3,0,APGAI,0,0.0,156933.3999247551,2386,2386,1.0,0,2386,0,2386
sensodat,0.2,3,0,ScoreCost,284,0.0657103192966219,156927.66225790975,5916,1087,5.442502299908004,0,5916,2556,3360
sensodat,0.2,3,0,Mean Planning,324,0.0749652938454419,156923.86881661415,3327,615,5.409756097560976,0,3327,2916,411
sensodat,0.2,3,0,ReproAlloc-OA,329,0.0761221656640444,156917.90924859047,3287,641,5.12792511700468,0,3287,2961,326
sensodat,0.2,3,0,ReproAlloc,336,0.0777417862100879,156944.01955723765,3979,964,4.127593360995851,0,3979,3024,955
sensodat,0.2,3,0,OptimisticScoreCost,238,0.0550670985654789,156970.10877251625,7301,1284,5.68613707165109,0,7301,2142,5159
sensodat,0.2,3,1,Uniform,0,0.0,156924.65944099426,2453,2212,1.1089511754068715,0,2453,0,2453
sensodat,0.2,3,1,FailRerun,294,0.0680240629338269,156952.9146308899,2783,428,6.502336448598131,0,2783,2646,137
sensodat,0.2,3,1,APGAI,0,0.0,156933.3999247551,2386,2386,1.0,0,2386,0,2386
sensodat,0.2,3,1,ScoreCost,284,0.0657103192966219,156927.66225790975,5916,1087,5.442502299908004,0,5916,2556,3360
sensodat,0.2,3,1,Mean Planning,323,0.0747339194817214,156940.3677737713,3319,615,5.396747967479675,0,3319,2907,412
sensodat,0.2,3,1,ReproAlloc-OA,329,0.0761221656640444,156917.90924859047,3287,641,5.12792511700468,0,3287,2961,326
sensodat,0.2,3,1,ReproAlloc,337,0.0779731605738084,156929.2288711071,3977,955,4.164397905759162,0,3977,3033,944
sensodat,0.2,3,1,OptimisticScoreCost,238,0.0550670985654789,156970.10877251625,7301,1284,5.68613707165109,0,7301,2142,5159
sensodat,0.2,3,2,Uniform,0,0.0,156923.31895327568,2472,2249,1.0991551800800357,0,2472,0,2472
sensodat,0.2,3,2,FailRerun,294,0.0680240629338269,156952.9146308899,2783,428,6.502336448598131,0,2783,2646,137
sensodat,0.2,3,2,APGAI,0,0.0,156933.3999247551,2386,2386,1.0,0,2386,0,2386
sensodat,0.2,3,2,ScoreCost,284,0.0657103192966219,156927.66225790975,5916,1087,5.442502299908004,0,5916,2556,3360
sensodat,0.2,3,2,Mean Planning,323,0.0747339194817214,156973.33006811142,3319,615,5.396747967479675,0,3319,2907,412
sensodat,0.2,3,2,ReproAlloc-OA,329,0.0761221656640444,156917.90924859047,3287,641,5.12792511700468,0,3287,2961,326
sensodat,0.2,3,2,ReproAlloc,336,0.0777417862100879,156939.96017193794,3971,951,4.175604626708728,0,3971,3024,947
sensodat,0.2,3,2,OptimisticScoreCost,238,0.0550670985654789,156970.10877251625,7301,1284,5.68613707165109,0,7301,2142,5159
sensodat,0.05,4,0,Uniform,0,0.0,39318.34718036652,612,601,1.0183028286189684,0,612,0,612
sensodat,0.05,4,0,FailRerun,77,0.0178158260064784,39317.318053007126,724,103,7.029126213592233,0,724,693,31
sensodat,0.05,4,0,APGAI,0,0.0,39291.538064956665,639,639,1.0,0,639,0,639
sensodat,0.05,4,0,ScoreCost,75,0.0173530772790374,39229.74597072601,1627,329,4.945288753799392,0,1627,675,952
sensodat,0.05,4,0,Mean Planning,89,0.0205923183711244,39238.50860333443,939,195,4.815384615384615,0,939,801,138
sensodat,0.05,4,0,ReproAlloc-OA,88,0.0203609440074039,39265.07806229592,920,213,4.31924882629108,0,920,792,128
sensodat,0.05,4,0,ReproAlloc,89,0.0205923183711244,39228.731642246246,1002,227,4.41409691629956,0,1002,801,201
sensodat,0.05,4,0,OptimisticScoreCost,66,0.0152707080055529,39287.83306503296,2174,348,6.247126436781609,0,2174,594,1580
sensodat,0.05,4,1,Uniform,0,0.0,39300.93919253349,608,596,1.0201342281879195,0,608,0,608
sensodat,0.05,4,1,FailRerun,77,0.0178158260064784,39317.318053007126,724,103,7.029126213592233,0,724,693,31
sensodat,0.05,4,1,APGAI,0,0.0,39291.538064956665,639,639,1.0,0,639,0,639
sensodat,0.05,4,1,ScoreCost,75,0.0173530772790374,39229.74597072601,1627,329,4.945288753799392,0,1627,675,952
sensodat,0.05,4,1,Mean Planning,87,0.0201295696436834,39277.695413827896,927,194,4.778350515463917,0,927,783,144
sensodat,0.05,4,1,ReproAlloc-OA,88,0.0203609440074039,39265.07806229592,920,213,4.31924882629108,0,920,792,128
sensodat,0.05,4,1,ReproAlloc,91,0.0210550670985654,39259.13172054291,1018,224,4.544642857142857,0,1018,819,199
sensodat,0.05,4,1,OptimisticScoreCost,66,0.0152707080055529,39287.83306503296,2174,348,6.247126436781609,0,2174,594,1580
sensodat,0.05,4,2,Uniform,0,0.0,39251.94675397873,607,589,1.0305602716468591,0,607,0,607
sensodat,0.05,4,2,FailRerun,77,0.0178158260064784,39317.318053007126,724,103,7.029126213592233,0,724,693,31
sensodat,0.05,4,2,APGAI,0,0.0,39291.538064956665,639,639,1.0,0,639,0,639
sensodat,0.05,4,2,ScoreCost,75,0.0173530772790374,39229.74597072601,1627,329,4.945288753799392,0,1627,675,952
sensodat,0.05,4,2,Mean Planning,88,0.0203609440074039,39265.13926196098,920,184,5.0,0,920,792,128
sensodat,0.05,4,2,ReproAlloc-OA,88,0.0203609440074039,39265.07806229592,920,213,4.31924882629108,0,920,792,128
sensodat,0.05,4,2,ReproAlloc,88,0.0203609440074039,39242.250197172165,996,231,4.311688311688312,0,996,792,204
sensodat,0.05,4,2,OptimisticScoreCost,66,0.0152707080055529,39287.83306503296,2174,348,6.247126436781609,0,2174,594,1580
sensodat,0.1,4,0,Uniform,0,0.0,78493.45881772041,1225,1162,1.0542168674698795,0,1225,0,1225
sensodat,0.1,4,0,FailRerun,145,0.0335492827394724,78527.00545811653,1357,195,6.958974358974359,0,1357,1305,52
sensodat,0.1,4,0,APGAI,0,0.0,78476.70770025253,1255,1255,1.0,0,1255,0,1255
sensodat,0.1,4,0,ScoreCost,149,0.0344747801943544,78477.80120062828,3215,617,5.210696920583469,0,3215,1341,1874
sensodat,0.1,4,0,Mean Planning,171,0.0395650161962054,78539.49272274971,1785,352,5.071022727272728,0,1785,1539,246
sensodat,0.1,4,0,ReproAlloc-OA,171,0.0395650161962054,78458.9687333107,1749,375,4.664,0,1749,1539,210
sensodat,0.1,4,0,ReproAlloc,170,0.0393336418324849,78465.78761744499,2023,513,3.943469785575049,0,2023,1530,493
sensodat,0.1,4,0,OptimisticScoreCost,131,0.0303100416473854,78457.3545267582,3968,674,5.887240356083086,0,3968,1179,2789
sensodat,0.1,4,1,Uniform,0,0.0,78514.50003218651,1241,1187,1.0454928390901432,0,1241,0,1241
sensodat,0.1,4,1,FailRerun,145,0.0335492827394724,78527.00545811653,1357,195,6.958974358974359,0,1357,1305,52
sensodat,0.1,4,1,APGAI,0,0.0,78476.70770025253,1255,1255,1.0,0,1255,0,1255
sensodat,0.1,4,1,ScoreCost,149,0.0344747801943544,78477.80120062828,3215,617,5.210696920583469,0,3215,1341,1874
sensodat,0.1,4,1,Mean Planning,169,0.0391022674687644,78473.0126876831,1771,351,5.045584045584046,0,1771,1521,250
sensodat,0.1,4,1,ReproAlloc-OA,171,0.0395650161962054,78458.9687333107,1749,375,4.664,0,1749,1539,210
sensodat,0.1,4,1,ReproAlloc,178,0.0411846367422489,78461.51450896263,2088,516,4.046511627906977,0,2088,1602,486
sensodat,0.1,4,1,OptimisticScoreCost,131,0.0303100416473854,78457.3545267582,3968,674,5.887240356083086,0,3968,1179,2789
sensodat,0.1,4,2,Uniform,0,0.0,78498.18602466583,1239,1182,1.0482233502538072,0,1239,0,1239
sensodat,0.1,4,2,FailRerun,145,0.0335492827394724,78527.00545811653,1357,195,6.958974358974359,0,1357,1305,52
sensodat,0.1,4,2,APGAI,0,0.0,78476.70770025253,1255,1255,1.0,0,1255,0,1255
sensodat,0.1,4,2,ScoreCost,149,0.0344747801943544,78477.80120062828,3215,617,5.210696920583469,0,3215,1341,1874
sensodat,0.1,4,2,Mean Planning,171,0.0395650161962054,78463.74413084984,1788,354,5.050847457627119,0,1788,1539,249
sensodat,0.1,4,2,ReproAlloc-OA,171,0.0395650161962054,78458.9687333107,1749,375,4.664,0,1749,1539,210
sensodat,0.1,4,2,ReproAlloc,174,0.0402591392873669,78500.43142986298,2069,514,4.025291828793774,0,2069,1566,503
sensodat,0.1,4,2,OptimisticScoreCost,131,0.0303100416473854,78457.3545267582,3968,674,5.887240356083086,0,3968,1179,2789
sensodat,0.2,4,0,Uniform,0,0.0,156950.5451312065,2472,2222,1.1125112511251125,0,2472,0,2472
sensodat,0.2,4,0,FailRerun,297,0.0687181860249884,156935.4706890583,2799,423,6.617021276595745,0,2799,2673,126
sensodat,0.2,4,0,APGAI,0,0.0,156924.67619419098,2427,2427,1.0,0,2427,0,2427
sensodat,0.2,4,0,ScoreCost,289,0.0668671911152244,156946.37094926834,11648,1029,11.319727891156464,0,11648,2601,9047
sensodat,0.2,4,0,Mean Planning,319,0.0738084220268394,156960.67885184288,3262,595,5.482352941176471,0,3262,2871,391
sensodat,0.2,4,0,ReproAlloc-OA,326,0.0754280425728829,156944.66263318062,3238,614,5.273615635179153,0,3238,2934,304
sensodat,0.2,4,0,ReproAlloc,340,0.0786672836649699,156913.44396567345,3997,945,4.229629629629629,0,3997,3060,937
sensodat,0.2,4,0,OptimisticScoreCost,233,0.0539102267468764,156925.30602788925,15397,1264,12.18117088607595,0,15397,2097,13300
sensodat,0.2,4,1,Uniform,0,0.0,156923.16364216805,2429,2217,1.0956247180875056,0,2429,0,2429
sensodat,0.2,4,1,FailRerun,297,0.0687181860249884,156935.4706890583,2799,423,6.617021276595745,0,2799,2673,126
sensodat,0.2,4,1,APGAI,0,0.0,156924.67619419098,2427,2427,1.0,0,2427,0,2427
sensodat,0.2,4,1,ScoreCost,289,0.0668671911152244,156946.37094926834,11648,1029,11.319727891156464,0,11648,2601,9047
sensodat,0.2,4,1,Mean Planning,319,0.0738084220268394,156960.67885184288,3262,595,5.482352941176471,0,3262,2871,391
sensodat,0.2,4,1,ReproAlloc-OA,326,0.0754280425728829,156944.66263318062,3238,614,5.273615635179153,0,3238,2934,304
sensodat,0.2,4,1,ReproAlloc,340,0.0786672836649699,156913.44396567345,3997,945,4.229629629629629,0,3997,3060,937
sensodat,0.2,4,1,OptimisticScoreCost,233,0.0539102267468764,156925.30602788925,15397,1264,12.18117088607595,0,15397,2097,13300
sensodat,0.2,4,2,Uniform,0,0.0,157033.31891608238,2446,2202,1.1108083560399638,0,2446,0,2446
sensodat,0.2,4,2,FailRerun,297,0.0687181860249884,156935.4706890583,2799,423,6.617021276595745,0,2799,2673,126
sensodat,0.2,4,2,APGAI,0,0.0,156924.67619419098,2427,2427,1.0,0,2427,0,2427
sensodat,0.2,4,2,ScoreCost,289,0.0668671911152244,156946.37094926834,11648,1029,11.319727891156464,0,11648,2601,9047
sensodat,0.2,4,2,Mean Planning,319,0.0738084220268394,156960.67885184288,3262,595,5.482352941176471,0,3262,2871,391
sensodat,0.2,4,2,ReproAlloc-OA,326,0.0754280425728829,156944.66263318062,3238,614,5.273615635179153,0,3238,2934,304
sensodat,0.2,4,2,ReproAlloc,340,0.0786672836649699,156913.44396567345,3997,945,4.229629629629629,0,3997,3060,937
sensodat,0.2,4,2,OptimisticScoreCost,233,0.0539102267468764,156925.30602788925,15397,1264,12.18117088607595,0,15397,2097,13300
sensodat,0.05,5,0,Uniform,0,0.0,39253.009462833405,573,563,1.0177619893428065,0,573,0,573
sensodat,0.05,5,0,FailRerun,76,0.0175844516427579,39301.19391107559,710,96,7.395833333333333,0,710,684,26
sensodat,0.05,5,0,APGAI,0,0.0,39294.83302855492,647,647,1.0,0,647,0,647
sensodat,0.05,5,0,ScoreCost,64,0.0148079592781119,39311.39946579933,1677,344,4.875,0,1677,576,1101
sensodat,0.05,5,0,Mean Planning,82,0.0189726978250809,39277.11215829849,893,205,4.35609756097561,0,893,738,155
sensodat,0.05,5,0,ReproAlloc-OA,84,0.0194354465525219,39250.79038977623,898,222,4.045045045045045,0,898,756,142
sensodat,0.05,5,0,ReproAlloc,84,0.0194354465525219,39269.09025025368,986,243,4.05761316872428,0,986,756,230
sensodat,0.05,5,0,OptimisticScoreCost,56,0.0129569643683479,39233.3414452076,2091,362,5.776243093922652,0,2091,504,1587
sensodat,0.05,5,1,Uniform,0,0.0,39237.21186947823,620,606,1.023102310231023,0,620,0,620
sensodat,0.05,5,1,FailRerun,76,0.0175844516427579,39301.19391107559,710,96,7.395833333333333,0,710,684,26
sensodat,0.05,5,1,APGAI,0,0.0,39294.83302855492,647,647,1.0,0,647,0,647
sensodat,0.05,5,1,ScoreCost,64,0.0148079592781119,39311.39946579933,1677,344,4.875,0,1677,576,1101
sensodat,0.05,5,1,Mean Planning,83,0.0192040721888014,39237.633503198624,904,202,4.475247524752476,0,904,747,157
sensodat,0.05,5,1,ReproAlloc-OA,84,0.0194354465525219,39250.79038977623,898,222,4.045045045045045,0,898,756,142
sensodat,0.05,5,1,ReproAlloc,87,0.0201295696436834,39233.015340805054,1020,238,4.285714285714286,0,1020,783,237
sensodat,0.05,5,1,OptimisticScoreCost,56,0.0129569643683479,39233.3414452076,2091,362,5.776243093922652,0,2091,504,1587
sensodat,0.05,5,2,Uniform,0,0.0,39262.61455011368,595,577,1.031195840554593,0,595,0,595
sensodat,0.05,5,2,FailRerun,76,0.0175844516427579,39301.19391107559,710,96,7.395833333333333,0,710,684,26
sensodat,0.05,5,2,APGAI,0,0.0,39294.83302855492,647,647,1.0,0,647,0,647
sensodat,0.05,5,2,ScoreCost,64,0.0148079592781119,39311.39946579933,1677,344,4.875,0,1677,576,1101
sensodat,0.05,5,2,Mean Planning,86,0.0198981952799629,39276.56943011284,909,195,4.661538461538462,0,909,774,135
sensodat,0.05,5,2,ReproAlloc-OA,84,0.0194354465525219,39250.79038977623,898,222,4.045045045045045,0,898,756,142
sensodat,0.05,5,2,ReproAlloc,86,0.0198981952799629,39247.09804344177,1025,249,4.116465863453815,0,1025,774,251
sensodat,0.05,5,2,OptimisticScoreCost,56,0.0129569643683479,39233.3414452076,2091,362,5.776243093922652,0,2091,504,1587
sensodat,0.1,5,0,Uniform,0,0.0,78512.09292435646,1229,1175,1.0459574468085109,0,1229,0,1229
sensodat,0.1,5,0,FailRerun,144,0.0333179083757519,78492.75499367714,1362,210,6.485714285714286,0,1362,1296,66
sensodat,0.1,5,0,APGAI,0,0.0,78498.92893338203,1239,1239,1.0,0,1239,0,1239
sensodat,0.1,5,0,ScoreCost,147,0.0340120314669134,78469.46027684212,3205,618,5.186084142394822,0,3205,1323,1882
sensodat,0.1,5,0,Mean Planning,158,0.0365571494678389,78466.2318906784,1674,339,4.938053097345133,0,1674,1422,252
sensodat,0.1,5,0,ReproAlloc-OA,166,0.0384081443776029,78492.30750584602,1705,376,4.534574468085107,0,1705,1494,211
sensodat,0.1,5,0,ReproAlloc,177,0.0409532623785284,78510.36107707024,2154,555,3.881081081081081,0,2154,1593,561
sensodat,0.1,5,0,OptimisticScoreCost,126,0.0291531698287829,78479.59042096138,3900,680,5.735294117647059,0,3900,1134,2766
sensodat,0.1,5,1,Uniform,0,0.0,78469.27385663986,1193,1140,1.0464912280701757,0,1193,0,1193
sensodat,0.1,5,1,FailRerun,144,0.0333179083757519,78492.75499367714,1362,210,6.485714285714286,0,1362,1296,66
sensodat,0.1,5,1,APGAI,0,0.0,78498.92893338203,1239,1239,1.0,0,1239,0,1239
sensodat,0.1,5,1,ScoreCost,147,0.0340120314669134,78469.46027684212,3205,618,5.186084142394822,0,3205,1323,1882
sensodat,0.1,5,1,Mean Planning,158,0.0365571494678389,78466.2318906784,1674,339,4.938053097345133,0,1674,1422,252
sensodat,0.1,5,1,ReproAlloc-OA,166,0.0384081443776029,78492.30750584602,1705,376,4.534574468085107,0,1705,1494,211
sensodat,0.1,5,1,ReproAlloc,173,0.0400277649236464,78487.99203419685,2128,555,3.834234234234234,0,2128,1557,571
sensodat,0.1,5,1,OptimisticScoreCost,126,0.0291531698287829,78479.59042096138,3900,680,5.735294117647059,0,3900,1134,2766
sensodat,0.1,5,2,Uniform,0,0.0,78471.71098947525,1175,1125,1.0444444444444445,0,1175,0,1175
sensodat,0.1,5,2,FailRerun,144,0.0333179083757519,78492.75499367714,1362,210,6.485714285714286,0,1362,1296,66
sensodat,0.1,5,2,APGAI,0,0.0,78498.92893338203,1239,1239,1.0,0,1239,0,1239
sensodat,0.1,5,2,ScoreCost,147,0.0340120314669134,78469.46027684212,3205,618,5.186084142394822,0,3205,1323,1882
sensodat,0.1,5,2,Mean Planning,158,0.0365571494678389,78466.2318906784,1674,339,4.938053097345133,0,1674,1422,252
sensodat,0.1,5,2,ReproAlloc-OA,166,0.0384081443776029,78492.30750584602,1705,376,4.534574468085107,0,1705,1494,211
sensodat,0.1,5,2,ReproAlloc,177,0.0409532623785284,78543.00768017769,2163,559,3.869409660107335,0,2163,1593,570
sensodat,0.1,5,2,OptimisticScoreCost,126,0.0291531698287829,78479.59042096138,3900,680,5.735294117647059,0,3900,1134,2766
sensodat,0.2,5,0,Uniform,0,0.0,156953.49605584145,2431,2217,1.0965268380694633,0,2431,0,2431
sensodat,0.2,5,0,FailRerun,290,0.0670985654789449,156965.47343540192,2743,423,6.484633569739953,0,2743,2610,133
sensodat,0.2,5,0,APGAI,0,0.0,156928.69947195053,2388,2388,1.0,0,2388,0,2388
sensodat,0.2,5,0,ScoreCost,293,0.0677926885701064,156931.34993886948,5965,1072,5.564365671641791,0,5965,2637,3328
sensodat,0.2,5,0,Mean Planning,325,0.0751966682091624,156965.1782259941,3331,605,5.505785123966942,0,3331,2925,406
sensodat,0.2,5,0,ReproAlloc-OA,326,0.0754280425728829,156942.7338001728,3236,605,5.3487603305785125,0,3236,2934,302
sensodat,0.2,5,0,ReproAlloc,343,0.0793614067561314,156926.0208079815,4023,956,4.208158995815899,0,4023,3087,936
sensodat,0.2,5,0,OptimisticScoreCost,236,0.0546043498380379,156963.40071845055,7398,1277,5.793265465935787,0,7398,2124,5274
sensodat,0.2,5,1,Uniform,0,0.0,156942.40418457985,2412,2181,1.1059147180192572,0,2412,0,2412
sensodat,0.2,5,1,FailRerun,290,0.0670985654789449,156965.47343540192,2743,423,6.484633569739953,0,2743,2610,133
sensodat,0.2,5,1,APGAI,0,0.0,156928.69947195053,2388,2388,1.0,0,2388,0,2388
sensodat,0.2,5,1,ScoreCost,293,0.0677926885701064,156931.34993886948,5965,1072,5.564365671641791,0,5965,2637,3328
sensodat,0.2,5,1,Mean Planning,325,0.0751966682091624,156965.1782259941,3331,605,5.505785123966942,0,3331,2925,406
sensodat,0.2,5,1,ReproAlloc-OA,326,0.0754280425728829,156942.7338001728,3236,605,5.3487603305785125,0,3236,2934,302
sensodat,0.2,5,1,ReproAlloc,343,0.0793614067561314,156926.0208079815,4023,956,4.208158995815899,0,4023,3087,936
sensodat,0.2,5,1,OptimisticScoreCost,236,0.0546043498380379,156963.40071845055,7398,1277,5.793265465935787,0,7398,2124,5274
sensodat,0.2,5,2,Uniform,0,0.0,156915.70943021774,2443,2217,1.1019395579612088,0,2443,0,2443
sensodat,0.2,5,2,FailRerun,290,0.0670985654789449,156965.47343540192,2743,423,6.484633569739953,0,2743,2610,133
sensodat,0.2,5,2,APGAI,0,0.0,156928.69947195053,2388,2388,1.0,0,2388,0,2388
sensodat,0.2,5,2,ScoreCost,293,0.0677926885701064,156931.34993886948,5965,1072,5.564365671641791,0,5965,2637,3328
sensodat,0.2,5,2,Mean Planning,325,0.0751966682091624,156965.1782259941,3331,605,5.505785123966942,0,3331,2925,406
sensodat,0.2,5,2,ReproAlloc-OA,326,0.0754280425728829,156942.7338001728,3236,605,5.3487603305785125,0,3236,2934,302
sensodat,0.2,5,2,ReproAlloc,343,0.0793614067561314,156926.0208079815,4023,956,4.208158995815899,0,4023,3087,936
sensodat,0.2,5,2,OptimisticScoreCost,236,0.0546043498380379,156963.40071845055,7398,1277,5.793265465935787,0,7398,2124,5274
sensodat,0.05,6,0,Uniform,0,0.0,39241.08090543747,610,598,1.020066889632107,0,610,0,610
sensodat,0.05,6,0,FailRerun,82,0.0189726978250809,39252.66007614136,756,97,7.793814432989691,0,756,738,18
sensodat,0.05,6,0,APGAI,0,0.0,39240.183683395386,673,673,1.0,0,673,0,673
sensodat,0.05,6,0,ScoreCost,86,0.0198981952799629,39261.39796876907,1645,351,4.686609686609686,0,1645,774,871
sensodat,0.05,6,0,Mean Planning,98,0.0226746876446089,39293.30824494362,996,182,5.472527472527473,0,996,882,114
sensodat,0.05,6,0,ReproAlloc-OA,103,0.0238315594632114,39286.4628109932,1030,206,5.0,0,1030,927,103
sensodat,0.05,6,0,ReproAlloc,102,0.0236001850994909,39248.99689865112,1079,202,5.341584158415841,0,1079,918,161
sensodat,0.05,6,0,OptimisticScoreCost,76,0.0175844516427579,39261.90225291252,1918,360,5.3277777777777775,0,1918,684,1234
sensodat,0.05,6,1,Uniform,0,0.0,39243.49512267113,612,599,1.021702838063439,0,612,0,612
sensodat,0.05,6,1,FailRerun,82,0.0189726978250809,39252.66007614136,756,97,7.793814432989691,0,756,738,18
sensodat,0.05,6,1,APGAI,0,0.0,39240.183683395386,673,673,1.0,0,673,0,673
sensodat,0.05,6,1,ScoreCost,86,0.0198981952799629,39261.39796876907,1645,351,4.686609686609686,0,1645,774,871
sensodat,0.05,6,1,Mean Planning,97,0.0224433132808884,39235.19774365425,979,173,5.658959537572255,0,979,873,106
sensodat,0.05,6,1,ReproAlloc-OA,103,0.0238315594632114,39286.4628109932,1030,206,5.0,0,1030,927,103
sensodat,0.05,6,1,ReproAlloc,102,0.0236001850994909,39251.4810359478,1083,206,5.257281553398058,0,1083,918,165
sensodat,0.05,6,1,OptimisticScoreCost,76,0.0175844516427579,39261.90225291252,1918,360,5.3277777777777775,0,1918,684,1234
sensodat,0.05,6,2,Uniform,0,0.0,39242.78152346611,620,603,1.0281923714759535,0,620,0,620
sensodat,0.05,6,2,FailRerun,82,0.0189726978250809,39252.66007614136,756,97,7.793814432989691,0,756,738,18
sensodat,0.05,6,2,APGAI,0,0.0,39240.183683395386,673,673,1.0,0,673,0,673
sensodat,0.05,6,2,ScoreCost,86,0.0198981952799629,39261.39796876907,1645,351,4.686609686609686,0,1645,774,871
sensodat,0.05,6,2,Mean Planning,97,0.0224433132808884,39230.1265206337,979,170,5.758823529411765,0,979,873,106
sensodat,0.05,6,2,ReproAlloc-OA,103,0.0238315594632114,39286.4628109932,1030,206,5.0,0,1030,927,103
sensodat,0.05,6,2,ReproAlloc,103,0.0238315594632114,39228.90817952156,1081,203,5.325123152709359,0,1081,927,154
sensodat,0.05,6,2,OptimisticScoreCost,76,0.0175844516427579,39261.90225291252,1918,360,5.3277777777777775,0,1918,684,1234
sensodat,0.1,6,0,Uniform,0,0.0,78457.32548928261,1217,1146,1.06195462478185,0,1217,0,1217
sensodat,0.1,6,0,FailRerun,165,0.0381767700138824,78533.67181658745,1533,209,7.334928229665071,0,1533,1485,48
sensodat,0.1,6,0,APGAI,0,0.0,78505.12674593925,1274,1274,1.0,0,1274,0,1274
sensodat,0.1,6,0,ScoreCost,159,0.0367885238315594,78492.07298326492,3274,615,5.323577235772357,0,3274,1431,1843
sensodat,0.1,6,0,Mean Planning,181,0.0418787598334104,78493.4061691761,1818,318,5.716981132075472,0,1818,1629,189
sensodat,0.1,6,0,ReproAlloc-OA,184,0.0425728829245719,78490.88827896118,1838,363,5.0633608815427,0,1838,1656,182
sensodat,0.1,6,0,ReproAlloc,184,0.0425728829245719,78491.06914615631,2159,515,4.192233009708738,0,2159,1656,503
sensodat,0.1,6,0,OptimisticScoreCost,133,0.0307727903748264,78509.20263671875,4121,686,6.00728862973761,0,4121,1197,2924
sensodat,0.1,6,1,Uniform,0,0.0,78468.39499378204,1217,1152,1.0564236111111112,0,1217,0,1217
sensodat,0.1,6,1,FailRerun,165,0.0381767700138824,78533.67181658745,1533,209,7.334928229665071,0,1533,1485,48
sensodat,0.1,6,1,APGAI,0,0.0,78505.12674593925,1274,1274,1.0,0,1274,0,1274
sensodat,0.1,6,1,ScoreCost,159,0.0367885238315594,78492.07298326492,3274,615,5.323577235772357,0,3274,1431,1843
sensodat,0.1,6,1,Mean Planning,183,0.0423415085608514,78462.40707945824,1855,328,5.655487804878049,0,1855,1647,208
sensodat,0.1,6,1,ReproAlloc-OA,184,0.0425728829245719,78490.88827896118,1838,363,5.0633608815427,0,1838,1656,182
sensodat,0.1,6,1,ReproAlloc,188,0.0434983803794539,78507.08029651642,2175,521,4.174664107485604,0,2175,1692,483
sensodat,0.1,6,1,OptimisticScoreCost,133,0.0307727903748264,78509.20263671875,4121,686,6.00728862973761,0,4121,1197,2924
sensodat,0.1,6,2,Uniform,0,0.0,78504.58980965614,1203,1140,1.055263157894737,0,1203,0,1203
sensodat,0.1,6,2,FailRerun,165,0.0381767700138824,78533.67181658745,1533,209,7.334928229665071,0,1533,1485,48
sensodat,0.1,6,2,APGAI,0,0.0,78505.12674593925,1274,1274,1.0,0,1274,0,1274
sensodat,0.1,6,2,ScoreCost,159,0.0367885238315594,78492.07298326492,3274,615,5.323577235772357,0,3274,1431,1843
sensodat,0.1,6,2,Mean Planning,181,0.0418787598334104,78501.59165215492,1833,326,5.622699386503068,0,1833,1629,204
sensodat,0.1,6,2,ReproAlloc-OA,184,0.0425728829245719,78490.88827896118,1838,363,5.0633608815427,0,1838,1656,182
sensodat,0.1,6,2,ReproAlloc,180,0.0416473854696899,78533.18316173553,2128,513,4.148148148148148,0,2128,1620,508
sensodat,0.1,6,2,OptimisticScoreCost,133,0.0307727903748264,78509.20263671875,4121,686,6.00728862973761,0,4121,1197,2924
sensodat,0.2,6,0,Uniform,0,0.0,156943.82074284554,2441,2202,1.108537693006358,0,2441,0,2441
sensodat,0.2,6,0,FailRerun,315,0.0728829245719574,156955.77784633636,2953,426,6.931924882629108,0,2953,2835,118
sensodat,0.2,6,0,APGAI,0,0.0,156916.07345104218,2432,2432,1.0,0,2432,0,2432
sensodat,0.2,6,0,ScoreCost,292,0.0675613142063859,156919.54458498955,6998,1048,6.677480916030534,0,6998,2628,4370
sensodat,0.2,6,0,Mean Planning,337,0.0779731605738084,156942.92383003235,3423,602,5.686046511627907,0,3423,3033,390
sensodat,0.2,6,0,ReproAlloc-OA,343,0.0793614067561314,156956.33851718903,3390,635,5.338582677165355,0,3390,3087,303
sensodat,0.2,6,0,ReproAlloc,347,0.0802869042110134,156957.36378359795,4020,904,4.446902654867257,0,4020,3123,897
sensodat,0.2,6,0,OptimisticScoreCost,239,0.0552984729291994,156913.48697257042,8785,1301,6.75249807840123,0,8785,2151,6634
sensodat,0.2,6,1,Uniform,0,0.0,156963.4704568386,2368,2134,1.1096532333645737,0,2368,0,2368
sensodat,0.2,6,1,FailRerun,315,0.0728829245719574,156955.77784633636,2953,426,6.931924882629108,0,2953,2835,118
sensodat,0.2,6,1,APGAI,0,0.0,156916.07345104218,2432,2432,1.0,0,2432,0,2432
sensodat,0.2,6,1,ScoreCost,292,0.0675613142063859,156919.54458498955,6998,1048,6.677480916030534,0,6998,2628,4370
sensodat,0.2,6,1,Mean Planning,340,0.0786672836649699,156922.15235877037,3441,604,5.697019867549669,0,3441,3060,381
sensodat,0.2,6,1,ReproAlloc-OA,343,0.0793614067561314,156956.33851718903,3390,635,5.338582677165355,0,3390,3087,303
sensodat,0.2,6,1,ReproAlloc,340,0.0786672836649699,156919.87315773964,3912,871,4.491389207807118,0,3912,3060,852
sensodat,0.2,6,1,OptimisticScoreCost,239,0.0552984729291994,156913.48697257042,8785,1301,6.75249807840123,0,8785,2151,6634
sensodat,0.2,6,2,Uniform,0,0.0,156920.1965827942,2441,2226,1.096585804132974,0,2441,0,2441
sensodat,0.2,6,2,FailRerun,315,0.0728829245719574,156955.77784633636,2953,426,6.931924882629108,0,2953,2835,118
sensodat,0.2,6,2,APGAI,0,0.0,156916.07345104218,2432,2432,1.0,0,2432,0,2432
sensodat,0.2,6,2,ScoreCost,292,0.0675613142063859,156919.54458498955,6998,1048,6.677480916030534,0,6998,2628,4370
sensodat,0.2,6,2,Mean Planning,340,0.0786672836649699,156934.233189106,3443,607,5.672158154859967,0,3443,3060,383
sensodat,0.2,6,2,ReproAlloc-OA,343,0.0793614067561314,156956.33851718903,3390,635,5.338582677165355,0,3390,3087,303
sensodat,0.2,6,2,ReproAlloc,342,0.0791300323924109,156940.7047431469,3944,887,4.446448703494927,0,3944,3078,866
sensodat,0.2,6,2,OptimisticScoreCost,239,0.0552984729291994,156913.48697257042,8785,1301,6.75249807840123,0,8785,2151,6634
sensodat,0.05,7,0,Uniform,0,0.0,39233.836366415024,600,588,1.020408163265306,0,600,0,600
sensodat,0.05,7,0,FailRerun,83,0.0192040721888014,39272.51269698143,769,104,7.394230769230769,0,769,747,22
sensodat,0.05,7,0,APGAI,0,0.0,39259.56217813492,666,666,1.0,0,666,0,666
sensodat,0.05,7,0,ScoreCost,83,0.0192040721888014,39228.4960334301,1691,321,5.26791277258567,0,1691,747,944
sensodat,0.05,7,0,Mean Planning,90,0.0208236927348449,39246.73490977287,906,163,5.558282208588957,0,906,810,96
sensodat,0.05,7,0,ReproAlloc-OA,93,0.0215178158260064,39275.399186611176,930,186,5.0,0,930,837,93
sensodat,0.05,7,0,ReproAlloc,93,0.0215178158260064,39283.37169957161,992,204,4.862745098039215,0,992,837,155
sensodat,0.05,7,0,OptimisticScoreCost,72,0.0166589541878759,39229.94214463234,2109,350,6.025714285714286,0,2109,648,1461
sensodat,0.05,7,1,Uniform,0,0.0,39283.94157648087,607,592,1.025337837837838,0,607,0,607
sensodat,0.05,7,1,FailRerun,83,0.0192040721888014,39272.51269698143,769,104,7.394230769230769,0,769,747,22
sensodat,0.05,7,1,APGAI,0,0.0,39259.56217813492,666,666,1.0,0,666,0,666
sensodat,0.05,7,1,ScoreCost,83,0.0192040721888014,39228.4960334301,1691,321,5.26791277258567,0,1691,747,944
sensodat,0.05,7,1,Mean Planning,93,0.0215178158260064,39258.16162061691,931,166,5.608433734939759,0,931,837,94
sensodat,0.05,7,1,ReproAlloc-OA,93,0.0215178158260064,39275.399186611176,930,186,5.0,0,930,837,93
sensodat,0.05,7,1,ReproAlloc,100,0.0231374363720499,39229.943994522095,1044,204,5.117647058823529,0,1044,900,144
sensodat,0.05,7,1,OptimisticScoreCost,72,0.0166589541878759,39229.94214463234,2109,350,6.025714285714286,0,2109,648,1461
sensodat,0.05,7,2,Uniform,0,0.0,39292.919348955154,613,599,1.023372287145242,0,613,0,613
sensodat,0.05,7,2,FailRerun,83,0.0192040721888014,39272.51269698143,769,104,7.394230769230769,0,769,747,22
sensodat,0.05,7,2,APGAI,0,0.0,39259.56217813492,666,666,1.0,0,666,0,666
sensodat,0.05,7,2,ScoreCost,83,0.0192040721888014,39228.4960334301,1691,321,5.26791277258567,0,1691,747,944
sensodat,0.05,7,2,Mean Planning,89,0.0205923183711244,39258.56885433197,893,155,5.7612903225806456,0,893,801,92
sensodat,0.05,7,2,ReproAlloc-OA,93,0.0215178158260064,39275.399186611176,930,186,5.0,0,930,837,93
sensodat,0.05,7,2,ReproAlloc,94,0.0217491901897269,39235.76457643509,989,195,5.071794871794872,0,989,846,143
sensodat,0.05,7,2,OptimisticScoreCost,72,0.0166589541878759,39229.94214463234,2109,350,6.025714285714286,0,2109,648,1461
sensodat,0.1,7,0,Uniform,0,0.0,78509.61246681213,1194,1141,1.046450482033304,0,1194,0,1194
sensodat,0.1,7,0,FailRerun,158,0.0365571494678389,78512.62228608131,1471,204,7.21078431372549,0,1471,1422,49
sensodat,0.1,7,0,APGAI,0,0.0,78458.74604821205,1291,1291,1.0,0,1291,0,1291
sensodat,0.1,7,0,ScoreCost,163,0.0377140212864414,78483.89883613586,3032,589,5.147707979626485,0,3032,1467,1565
sensodat,0.1,7,0,Mean Planning,171,0.0395650161962054,78487.84348034859,1722,299,5.759197324414716,0,1722,1539,183
sensodat,0.1,7,0,ReproAlloc-OA,178,0.0411846367422489,78456.9711997509,1744,315,5.536507936507936,0,1744,1602,142
sensodat,0.1,7,0,ReproAlloc,185,0.0428042572882924,78490.37882423401,2078,477,4.356394129979035,0,2078,1665,413
sensodat,0.1,7,0,OptimisticScoreCost,142,0.0328551596483109,78466.12597203255,3909,681,5.740088105726873,0,3909,1278,2631
sensodat,0.1,7,1,Uniform,0,0.0,78487.08757472038,1212,1148,1.0557491289198606,0,1212,0,1212
sensodat,0.1,7,1,FailRerun,158,0.0365571494678389,78512.62228608131,1471,204,7.21078431372549,0,1471,1422,49
sensodat,0.1,7,1,APGAI,0,0.0,78458.74604821205,1291,1291,1.0,0,1291,0,1291
sensodat,0.1,7,1,ScoreCost,163,0.0377140212864414,78483.89883613586,3032,589,5.147707979626485,0,3032,1467,1565
sensodat,0.1,7,1,Mean Planning,173,0.0400277649236464,78459.31886672974,1736,302,5.748344370860927,0,1736,1557,179
sensodat,0.1,7,1,ReproAlloc-OA,178,0.0411846367422489,78456.9711997509,1744,315,5.536507936507936,0,1744,1602,142
sensodat,0.1,7,1,ReproAlloc,187,0.0432670060157334,78489.93587493896,2104,493,4.267748478701826,0,2104,1683,421
sensodat,0.1,7,1,OptimisticScoreCost,142,0.0328551596483109,78466.12597203255,3909,681,5.740088105726873,0,3909,1278,2631
sensodat,0.1,7,2,Uniform,0,0.0,78516.69316720963,1222,1164,1.049828178694158,0,1222,0,1222
sensodat,0.1,7,2,FailRerun,158,0.0365571494678389,78512.62228608131,1471,204,7.21078431372549,0,1471,1422,49
sensodat,0.1,7,2,APGAI,0,0.0,78458.74604821205,1291,1291,1.0,0,1291,0,1291
sensodat,0.1,7,2,ScoreCost,163,0.0377140212864414,78483.89883613586,3032,589,5.147707979626485,0,3032,1467,1565
sensodat,0.1,7,2,Mean Planning,173,0.0400277649236464,78486.56317782402,1728,298,5.798657718120805,0,1728,1557,171
sensodat,0.1,7,2,ReproAlloc-OA,178,0.0411846367422489,78456.9711997509,1744,315,5.536507936507936,0,1744,1602,142
sensodat,0.1,7,2,ReproAlloc,186,0.0430356316520129,78489.47340607643,2093,479,4.369519832985386,0,2093,1674,419
sensodat,0.1,7,2,OptimisticScoreCost,142,0.0328551596483109,78466.12597203255,3909,681,5.740088105726873,0,3909,1278,2631
sensodat,0.2,7,0,Uniform,0,0.0,156952.21879267693,2409,2186,1.1020128087831655,0,2409,0,2409
sensodat,0.2,7,0,FailRerun,323,0.0747339194817214,156916.52500987053,3038,448,6.78125,0,3038,2907,131
sensodat,0.2,7,0,APGAI,0,0.0,156914.0209608078,2457,2457,1.0,0,2457,0,2457
sensodat,0.2,7,0,ScoreCost,306,0.0708005552984729,156940.34752750397,7025,989,7.103134479271992,0,7025,2754,4271
sensodat,0.2,7,0,Mean Planning,341,0.0788986580286904,156959.37888622284,3411,588,5.801020408163265,0,3411,3069,342
sensodat,0.2,7,0,ReproAlloc-OA,340,0.0786672836649699,156954.0203268528,3318,585,5.671794871794872,0,3318,3060,258
sensodat,0.2,7,0,ReproAlloc,350,0.0809810273021749,156946.47675704956,3948,852,4.633802816901408,0,3948,3150,798
sensodat,0.2,7,0,OptimisticScoreCost,240,0.0555298472929199,156938.2469651699,9286,1251,7.422861710631495,0,9286,2160,7126
sensodat,0.2,7,1,Uniform,0,0.0,156956.7031905651,2438,2211,1.1026684758028042,0,2438,0,2438
sensodat,0.2,7,1,FailRerun,323,0.0747339194817214,156916.52500987053,3038,448,6.78125,0,3038,2907,131
sensodat,0.2,7,1,APGAI,0,0.0,156914.0209608078,2457,2457,1.0,0,2457,0,2457
sensodat,0.2,7,1,ScoreCost,306,0.0708005552984729,156940.34752750397,7025,989,7.103134479271992,0,7025,2754,4271
sensodat,0.2,7,1,Mean Planning,339,0.0784359093012494,156914.32160639763,3385,581,5.826161790017212,0,3385,3051,334
sensodat,0.2,7,1,ReproAlloc-OA,340,0.0786672836649699,156954.0203268528,3318,585,5.671794871794872,0,3318,3060,258
sensodat,0.2,7,1,ReproAlloc,350,0.0809810273021749,156946.47675704956,3948,852,4.633802816901408,0,3948,3150,798
sensodat,0.2,7,1,OptimisticScoreCost,240,0.0555298472929199,156938.2469651699,9286,1251,7.422861710631495,0,9286,2160,7126
sensodat,0.2,7,2,Uniform,0,0.0,156938.40117549896,2406,2160,1.113888888888889,0,2406,0,2406
sensodat,0.2,7,2,FailRerun,323,0.0747339194817214,156916.52500987053,3038,448,6.78125,0,3038,2907,131
sensodat,0.2,7,2,APGAI,0,0.0,156914.0209608078,2457,2457,1.0,0,2457,0,2457
sensodat,0.2,7,2,ScoreCost,306,0.0708005552984729,156940.34752750397,7025,989,7.103134479271992,0,7025,2754,4271
sensodat,0.2,7,2,Mean Planning,338,0.0782045349375289,156922.13990283012,3386,582,5.81786941580756,0,3386,3042,344
sensodat,0.2,7,2,ReproAlloc-OA,340,0.0786672836649699,156954.0203268528,3318,585,5.671794871794872,0,3318,3060,258
sensodat,0.2,7,2,ReproAlloc,350,0.0809810273021749,156946.47675704956,3948,852,4.633802816901408,0,3948,3150,798
sensodat,0.2,7,2,OptimisticScoreCost,240,0.0555298472929199,156938.2469651699,9286,1251,7.422861710631495,0,9286,2160,7126
sensodat,0.05,8,0,Uniform,0,0.0,39280.76840591431,613,598,1.025083612040134,0,613,0,613
sensodat,0.05,8,0,FailRerun,72,0.0166589541878759,39299.71705174446,684,104,6.576923076923077,0,684,648,36
sensodat,0.05,8,0,APGAI,0,0.0,39241.82160162926,643,643,1.0,0,643,0,643
sensodat,0.05,8,0,ScoreCost,61,0.0141138361869504,39234.18749308586,1811,323,5.606811145510836,0,1811,549,1262
sensodat,0.05,8,0,Mean Planning,86,0.0198981952799629,39243.51455283165,923,191,4.832460732984293,0,923,774,149
sensodat,0.05,8,0,ReproAlloc-OA,87,0.0201295696436834,39269.02374172211,894,198,4.515151515151516,0,894,783,111
sensodat,0.05,8,0,ReproAlloc,82,0.0189726978250809,39235.25967884064,1027,255,4.027450980392157,0,1027,738,289
sensodat,0.05,8,0,OptimisticScoreCost,50,0.0115687181860249,39230.24469447136,2180,314,6.942675159235669,0,2180,450,1730
sensodat,0.05,8,1,Uniform,0,0.0,39249.62431526184,619,610,1.0147540983606558,0,619,0,619
sensodat,0.05,8,1,FailRerun,72,0.0166589541878759,39299.71705174446,684,104,6.576923076923077,0,684,648,36
sensodat,0.05,8,1,APGAI,0,0.0,39241.82160162926,643,643,1.0,0,643,0,643
sensodat,0.05,8,1,ScoreCost,61,0.0141138361869504,39234.18749308586,1811,323,5.606811145510836,0,1811,549,1262
sensodat,0.05,8,1,Mean Planning,86,0.0198981952799629,39272.08545947075,930,192,4.84375,0,930,774,156
sensodat,0.05,8,1,ReproAlloc-OA,87,0.0201295696436834,39269.02374172211,894,198,4.515151515151516,0,894,783,111
sensodat,0.05,8,1,ReproAlloc,82,0.0189726978250809,39237.4301841259,1034,265,3.90188679245283,0,1034,738,296
sensodat,0.05,8,1,OptimisticScoreCost,50,0.0115687181860249,39230.24469447136,2180,314,6.942675159235669,0,2180,450,1730
sensodat,0.05,8,2,Uniform,0,0.0,39249.898394584656,599,580,1.032758620689655,0,599,0,599
sensodat,0.05,8,2,FailRerun,72,0.0166589541878759,39299.71705174446,684,104,6.576923076923077,0,684,648,36
sensodat,0.05,8,2,APGAI,0,0.0,39241.82160162926,643,643,1.0,0,643,0,643
sensodat,0.05,8,2,ScoreCost,61,0.0141138361869504,39234.18749308586,1811,323,5.606811145510836,0,1811,549,1262
sensodat,0.05,8,2,Mean Planning,85,0.0196668209162424,39235.128412246704,921,191,4.821989528795812,0,921,765,156
sensodat,0.05,8,2,ReproAlloc-OA,87,0.0201295696436834,39269.02374172211,894,198,4.515151515151516,0,894,783,111
sensodat,0.05,8,2,ReproAlloc,83,0.0192040721888014,39249.30979180336,1001,246,4.069105691056911,0,1001,747,254
sensodat,0.05,8,2,OptimisticScoreCost,50,0.0115687181860249,39230.24469447136,2180,314,6.942675159235669,0,2180,450,1730
sensodat,0.1,8,0,Uniform,0,0.0,78499.22316384315,1221,1162,1.0507745266781412,0,1221,0,1221
sensodat,0.1,8,0,FailRerun,147,0.0340120314669134,78461.13434910774,1401,222,6.3108108108108105,0,1401,1323,78
sensodat,0.1,8,0,APGAI,0,0.0,78492.45341730118,1251,1251,1.0,0,1251,0,1251
sensodat,0.1,8,0,ScoreCost,135,0.0312355391022674,78459.21097159386,3414,601,5.680532445923461,0,3414,1215,2199
sensodat,0.1,8,0,Mean Planning,160,0.0370198981952799,78519.30555820465,1720,356,4.831460674157303,0,1720,1440,280
sensodat,0.1,8,0,ReproAlloc-OA,161,0.0372512725590004,78469.27228331566,1678,384,4.369791666666667,0,1678,1449,229
sensodat,0.1,8,0,ReproAlloc,166,0.0384081443776029,78503.73822045326,2098,553,3.793851717902351,0,2098,1494,604
sensodat,0.1,8,0,OptimisticScoreCost,113,0.0261453031004164,78492.26501584053,4137,654,6.325688073394495,0,4137,1017,3120
sensodat,0.1,8,1,Uniform,0,0.0,78521.25374507904,1189,1123,1.0587711487088156,0,1189,0,1189
sensodat,0.1,8,1,FailRerun,147,0.0340120314669134,78461.13434910774,1401,222,6.3108108108108105,0,1401,1323,78
sensodat,0.1,8,1,APGAI,0,0.0,78492.45341730118,1251,1251,1.0,0,1251,0,1251
sensodat,0.1,8,1,ScoreCost,135,0.0312355391022674,78459.21097159386,3414,601,5.680532445923461,0,3414,1215,2199
sensodat,0.1,8,1,Mean Planning,158,0.0365571494678389,78469.76165747643,1716,363,4.727272727272728,0,1716,1422,294
sensodat,0.1,8,1,ReproAlloc-OA,161,0.0372512725590004,78469.27228331566,1678,384,4.369791666666667,0,1678,1449,229
sensodat,0.1,8,1,ReproAlloc,164,0.0379453956501619,78472.19161176682,2100,567,3.703703703703704,0,2100,1476,624
sensodat,0.1,8,1,OptimisticScoreCost,113,0.0261453031004164,78492.26501584053,4137,654,6.325688073394495,0,4137,1017,3120
sensodat,0.1,8,2,Uniform,0,0.0,78499.08468294144,1225,1166,1.0506003430531732,0,1225,0,1225
sensodat,0.1,8,2,FailRerun,147,0.0340120314669134,78461.13434910774,1401,222,6.3108108108108105,0,1401,1323,78
sensodat,0.1,8,2,APGAI,0,0.0,78492.45341730118,1251,1251,1.0,0,1251,0,1251
sensodat,0.1,8,2,ScoreCost,135,0.0312355391022674,78459.21097159386,3414,601,5.680532445923461,0,3414,1215,2199
sensodat,0.1,8,2,Mean Planning,156,0.0360944007403979,78496.67422175407,1701,363,4.68595041322314,0,1701,1404,297
sensodat,0.1,8,2,ReproAlloc-OA,161,0.0372512725590004,78469.27228331566,1678,384,4.369791666666667,0,1678,1449,229
sensodat,0.1,8,2,ReproAlloc,165,0.0381767700138824,78474.47088241577,2087,554,3.767148014440433,0,2087,1485,602
sensodat,0.1,8,2,OptimisticScoreCost,113,0.0261453031004164,78492.26501584053,4137,654,6.325688073394495,0,4137,1017,3120
sensodat,0.2,8,0,Uniform,0,0.0,156923.5293340683,2453,2235,1.0975391498881433,0,2453,0,2453
sensodat,0.2,8,0,FailRerun,287,0.0664044423877834,156972.40986585617,2762,466,5.927038626609442,0,2762,2583,179
sensodat,0.2,8,0,APGAI,0,0.0,156918.71346783638,2403,2403,1.0,0,2403,0,2403
sensodat,0.2,8,0,ScoreCost,281,0.0650161962054604,156971.18594813347,6106,1056,5.78219696969697,0,6106,2529,3577
sensodat,0.2,8,0,Mean Planning,318,0.0735770476631189,156956.23573994637,3363,660,5.095454545454546,0,3363,2862,501
sensodat,0.2,8,0,ReproAlloc-OA,320,0.0740397963905599,156930.24351978302,3247,660,4.91969696969697,0,3247,2880,367
sensodat,0.2,8,0,ReproAlloc,334,0.0772790374826469,157032.05729293823,3989,972,4.1039094650205765,0,3989,3006,983
sensodat,0.2,8,0,OptimisticScoreCost,219,0.0506709856547894,156918.98296666145,7738,1268,6.1025236593059935,0,7738,1971,5767
sensodat,0.2,8,1,Uniform,0,0.0,156976.90403962135,2427,2225,1.0907865168539326,0,2427,0,2427
sensodat,0.2,8,1,FailRerun,287,0.0664044423877834,156972.40986585617,2762,466,5.927038626609442,0,2762,2583,179
sensodat,0.2,8,1,APGAI,0,0.0,156918.71346783638,2403,2403,1.0,0,2403,0,2403
sensodat,0.2,8,1,ScoreCost,281,0.0650161962054604,156971.18594813347,6106,1056,5.78219696969697,0,6106,2529,3577
sensodat,0.2,8,1,Mean Planning,318,0.0735770476631189,156956.23573994637,3363,660,5.095454545454546,0,3363,2862,501
sensodat,0.2,8,1,ReproAlloc-OA,320,0.0740397963905599,156930.24351978302,3247,660,4.91969696969697,0,3247,2880,367
sensodat,0.2,8,1,ReproAlloc,336,0.0777417862100879,156970.23860788345,4009,978,4.09918200408998,0,4009,3024,985
sensodat,0.2,8,1,OptimisticScoreCost,219,0.0506709856547894,156918.98296666145,7738,1268,6.1025236593059935,0,7738,1971,5767
sensodat,0.2,8,2,Uniform,0,0.0,156925.25784897804,2398,2177,1.101515847496555,0,2398,0,2398
sensodat,0.2,8,2,FailRerun,287,0.0664044423877834,156972.40986585617,2762,466,5.927038626609442,0,2762,2583,179
sensodat,0.2,8,2,APGAI,0,0.0,156918.71346783638,2403,2403,1.0,0,2403,0,2403
sensodat,0.2,8,2,ScoreCost,281,0.0650161962054604,156971.18594813347,6106,1056,5.78219696969697,0,6106,2529,3577
sensodat,0.2,8,2,Mean Planning,318,0.0735770476631189,156956.23573994637,3363,660,5.095454545454546,0,3363,2862,501
sensodat,0.2,8,2,ReproAlloc-OA,320,0.0740397963905599,156930.24351978302,3247,660,4.91969696969697,0,3247,2880,367
sensodat,0.2,8,2,ReproAlloc,333,0.0770476631189264,156924.5584807396,3995,981,4.072375127420999,0,3995,2997,998
sensodat,0.2,8,2,OptimisticScoreCost,219,0.0506709856547894,156918.98296666145,7738,1268,6.1025236593059935,0,7738,1971,5767
sensodat,0.05,9,0,Uniform,0,0.0,39238.05001401901,616,595,1.035294117647059,0,616,0,616
sensodat,0.05,9,0,FailRerun,77,0.0178158260064784,39256.221653461456,730,110,6.636363636363637,0,730,693,37
sensodat,0.05,9,0,APGAI,0,0.0,39312.8983399868,660,660,1.0,0,660,0,660
sensodat,0.05,9,0,ScoreCost,83,0.0192040721888014,39233.85416388512,1559,329,4.738601823708207,0,1559,747,812
sensodat,0.05,9,0,Mean Planning,91,0.0210550670985654,39252.71238923073,968,196,4.938775510204081,0,968,819,149
sensodat,0.05,9,0,ReproAlloc-OA,94,0.0217491901897269,39232.61710476875,976,219,4.45662100456621,0,976,846,130
sensodat,0.05,9,0,ReproAlloc,94,0.0217491901897269,39231.98403668404,1086,248,4.379032258064516,0,1086,846,240
sensodat,0.05,9,0,OptimisticScoreCost,73,0.0168903285515964,39245.21035313606,1823,345,5.284057971014493,0,1823,657,1166
sensodat,0.05,9,1,Uniform,0,0.0,39238.02075910568,597,586,1.0187713310580204,0,597,0,597
sensodat,0.05,9,1,FailRerun,77,0.0178158260064784,39256.221653461456,730,110,6.636363636363637,0,730,693,37
sensodat,0.05,9,1,APGAI,0,0.0,39312.8983399868,660,660,1.0,0,660,0,660
sensodat,0.05,9,1,ScoreCost,83,0.0192040721888014,39233.85416388512,1559,329,4.738601823708207,0,1559,747,812
sensodat,0.05,9,1,Mean Planning,92,0.0212864414622859,39233.58849787712,969,193,5.020725388601036,0,969,828,141
sensodat,0.05,9,1,ReproAlloc-OA,94,0.0217491901897269,39232.61710476875,976,219,4.45662100456621,0,976,846,130
sensodat,0.05,9,1,ReproAlloc,90,0.0208236927348449,39239.05081605911,1024,225,4.551111111111111,0,1024,810,214
sensodat,0.05,9,1,OptimisticScoreCost,73,0.0168903285515964,39245.21035313606,1823,345,5.284057971014493,0,1823,657,1166
sensodat,0.05,9,2,Uniform,0,0.0,39331.815964221954,627,616,1.0178571428571428,0,627,0,627
sensodat,0.05,9,2,FailRerun,77,0.0178158260064784,39256.221653461456,730,110,6.636363636363637,0,730,693,37
sensodat,0.05,9,2,APGAI,0,0.0,39312.8983399868,660,660,1.0,0,660,0,660
sensodat,0.05,9,2,ScoreCost,83,0.0192040721888014,39233.85416388512,1559,329,4.738601823708207,0,1559,747,812
sensodat,0.05,9,2,Mean Planning,93,0.0215178158260064,39233.694437503815,977,192,5.088541666666667,0,977,837,140
sensodat,0.05,9,2,ReproAlloc-OA,94,0.0217491901897269,39232.61710476875,976,219,4.45662100456621,0,976,846,130
sensodat,0.05,9,2,ReproAlloc,92,0.0212864414622859,39256.90266895294,1047,229,4.572052401746725,0,1047,828,219
sensodat,0.05,9,2,OptimisticScoreCost,73,0.0168903285515964,39245.21035313606,1823,345,5.284057971014493,0,1823,657,1166
sensodat,0.1,9,0,Uniform,0,0.0,78502.87973499298,1206,1145,1.0532751091703056,0,1206,0,1206
sensodat,0.1,9,0,FailRerun,156,0.0360944007403979,78501.24932932854,1473,224,6.575892857142857,0,1473,1404,69
sensodat,0.1,9,0,APGAI,0,0.0,78526.01414442062,1274,1274,1.0,0,1274,0,1274
sensodat,0.1,9,0,ScoreCost,151,0.0349375289217954,78457.73644351959,3005,622,4.831189710610932,0,3005,1359,1646
sensodat,0.1,9,0,Mean Planning,179,0.0414160111059694,78463.69190096855,1831,339,5.40117994100295,0,1831,1611,220
sensodat,0.1,9,0,ReproAlloc-OA,180,0.0416473854696899,78476.80570363998,1802,362,4.977900552486188,0,1802,1620,182
sensodat,0.1,9,0,ReproAlloc,175,0.0404905136510874,78503.6327342987,2102,545,3.856880733944954,0,2102,1575,527
sensodat,0.1,9,0,OptimisticScoreCost,130,0.0300786672836649,78467.1406276226,3761,678,5.547197640117994,0,3761,1170,2591
sensodat,0.1,9,1,Uniform,0,0.0,78476.15646576881,1221,1161,1.0516795865633075,0,1221,0,1221
sensodat,0.1,9,1,FailRerun,156,0.0360944007403979,78501.24932932854,1473,224,6.575892857142857,0,1473,1404,69
sensodat,0.1,9,1,APGAI,0,0.0,78526.01414442062,1274,1274,1.0,0,1274,0,1274
sensodat,0.1,9,1,ScoreCost,151,0.0349375289217954,78457.73644351959,3005,622,4.831189710610932,0,3005,1359,1646
sensodat,0.1,9,1,Mean Planning,179,0.0414160111059694,78463.69190096855,1831,339,5.40117994100295,0,1831,1611,220
sensodat,0.1,9,1,ReproAlloc-OA,180,0.0416473854696899,78476.80570363998,1802,362,4.977900552486188,0,1802,1620,182
sensodat,0.1,9,1,ReproAlloc,174,0.0402591392873669,78487.29920697212,2066,529,3.9054820415879017,0,2066,1566,500
sensodat,0.1,9,1,OptimisticScoreCost,130,0.0300786672836649,78467.1406276226,3761,678,5.547197640117994,0,3761,1170,2591
sensodat,0.1,9,2,Uniform,0,0.0,78564.70965480804,1194,1140,1.0473684210526315,0,1194,0,1194
sensodat,0.1,9,2,FailRerun,156,0.0360944007403979,78501.24932932854,1473,224,6.575892857142857,0,1473,1404,69
sensodat,0.1,9,2,APGAI,0,0.0,78526.01414442062,1274,1274,1.0,0,1274,0,1274
sensodat,0.1,9,2,ScoreCost,151,0.0349375289217954,78457.73644351959,3005,622,4.831189710610932,0,3005,1359,1646
sensodat,0.1,9,2,Mean Planning,179,0.0414160111059694,78463.69190096855,1831,339,5.40117994100295,0,1831,1611,220
sensodat,0.1,9,2,ReproAlloc-OA,180,0.0416473854696899,78476.80570363998,1802,362,4.977900552486188,0,1802,1620,182
sensodat,0.1,9,2,ReproAlloc,179,0.0414160111059694,78503.00100684166,2121,548,3.87043795620438,0,2121,1611,510
sensodat,0.1,9,2,OptimisticScoreCost,130,0.0300786672836649,78467.1406276226,3761,678,5.547197640117994,0,3761,1170,2591
sensodat,0.2,9,0,Uniform,0,0.0,156962.36101460457,2509,2289,1.0961118392311051,0,2509,0,2509
sensodat,0.2,9,0,FailRerun,311,0.0719574271170754,156912.82952594757,2930,440,6.659090909090909,0,2930,2799,131
sensodat,0.2,9,0,APGAI,0,0.0,156946.34767866135,2435,2435,1.0,0,2435,0,2435
sensodat,0.2,9,0,ScoreCost,287,0.0664044423877834,156953.40409898758,5760,1062,5.423728813559322,0,5760,2583,3177
sensodat,0.2,9,0,Mean Planning,330,0.0763535400277649,156955.2715666294,3353,608,5.514802631578948,0,3353,2970,383
sensodat,0.2,9,0,ReproAlloc-OA,331,0.0765849143914854,156946.07525491714,3276,608,5.3881578947368425,0,3276,2979,297
sensodat,0.2,9,0,ReproAlloc,336,0.0777417862100879,156958.25014305115,3944,946,4.169133192389007,0,3944,3024,920
sensodat,0.2,9,0,OptimisticScoreCost,243,0.0562239703840814,156959.6833024025,7427,1268,5.857255520504732,0,7427,2187,5240
sensodat,0.2,9,1,Uniform,0,0.0,156931.91020751,2383,2162,1.1022201665124884,0,2383,0,2383
sensodat,0.2,9,1,FailRerun,311,0.0719574271170754,156912.82952594757,2930,440,6.659090909090909,0,2930,2799,131
sensodat,0.2,9,1,APGAI,0,0.0,156946.34767866135,2435,2435,1.0,0,2435,0,2435
sensodat,0.2,9,1,ScoreCost,287,0.0664044423877834,156953.40409898758,5760,1062,5.423728813559322,0,5760,2583,3177
sensodat,0.2,9,1,Mean Planning,330,0.0763535400277649,156955.2715666294,3353,608,5.514802631578948,0,3353,2970,383
sensodat,0.2,9,1,ReproAlloc-OA,331,0.0765849143914854,156946.07525491714,3276,608,5.3881578947368425,0,3276,2979,297
sensodat,0.2,9,1,ReproAlloc,336,0.0777417862100879,156958.25014305115,3944,946,4.169133192389007,0,3944,3024,920
sensodat,0.2,9,1,OptimisticScoreCost,243,0.0562239703840814,156959.6833024025,7427,1268,5.857255520504732,0,7427,2187,5240
sensodat,0.2,9,2,Uniform,0,0.0,157009.81320667267,2428,2208,1.0996376811594204,0,2428,0,2428
sensodat,0.2,9,2,FailRerun,311,0.0719574271170754,156912.82952594757,2930,440,6.659090909090909,0,2930,2799,131
sensodat,0.2,9,2,APGAI,0,0.0,156946.34767866135,2435,2435,1.0,0,2435,0,2435
sensodat,0.2,9,2,ScoreCost,287,0.0664044423877834,156953.40409898758,5760,1062,5.423728813559322,0,5760,2583,3177
sensodat,0.2,9,2,Mean Planning,330,0.0763535400277649,156955.2715666294,3353,608,5.514802631578948,0,3353,2970,383
sensodat,0.2,9,2,ReproAlloc-OA,331,0.0765849143914854,156946.07525491714,3276,608,5.3881578947368425,0,3276,2979,297
sensodat,0.2,9,2,ReproAlloc,336,0.0777417862100879,156958.25014305115,3944,946,4.169133192389007,0,3944,3024,920
sensodat,0.2,9,2,OptimisticScoreCost,243,0.0562239703840814,156959.6833024025,7427,1268,5.857255520504732,0,7427,2187,5240
amini,0.05,2000,0,Uniform,0,0.0,101129.8247628212,30,18,1.6666666666666667,,30,0,30
amini,0.05,2000,0,FailRerun,0,0.0,98681.31445240974,18,1,18.0,,18,0,18
amini,0.05,2000,0,APGAI,0,0.0,99334.67161917686,29,29,1.0,,29,0,29
amini,0.05,2000,0,ScoreCost,2,0.0869565217391304,100006.2316801548,31,10,3.1,,31,18,13
amini,0.05,2000,0,Mean Planning,1,0.0434782608695652,99767.22819304466,30,6,5.0,,30,9,21
amini,0.05,2000,0,ReproAlloc-OA,2,0.0869565217391304,97881.88364863396,25,5,5.0,,25,18,7
amini,0.05,2000,0,ReproAlloc,2,0.0869565217391304,99409.85990786552,31,10,3.1,,31,18,13
amini,0.05,2000,0,OptimisticScoreCost,0,0.0,97895.80067944528,42,6,7.0,,42,0,42
amini,0.1,2000,0,Uniform,0,0.0,196027.881803751,52,26,2.0,,52,0,52
amini,0.1,2000,0,FailRerun,1,0.0434782608695652,200696.67363667488,62,5,12.4,,62,9,53
amini,0.1,2000,0,APGAI,2,0.0869565217391304,198645.350028038,58,36,1.6111111111111112,,58,18,40
amini,0.1,2000,0,ScoreCost,3,0.1304347826086956,195761.84568166733,53,11,4.818181818181818,,53,27,26
amini,0.1,2000,0,Mean Planning,1,0.0434782608695652,198397.39780330655,49,12,4.083333333333333,,49,9,40
amini,0.1,2000,0,ReproAlloc-OA,4,0.1739130434782608,197105.44650268555,57,11,5.181818181818182,,57,36,21
amini,0.1,2000,0,ReproAlloc,4,0.1739130434782608,195744.9650642872,59,21,2.8095238095238093,,59,36,23
amini,0.1,2000,0,OptimisticScoreCost,2,0.0869565217391304,198175.2119584084,74,19,3.8947368421052633,,74,18,56
amini,0.2,2000,0,Uniform,0,0.0,392388.4540238381,99,35,2.8285714285714287,,99,0,99
amini,0.2,2000,0,FailRerun,3,0.1304347826086956,392759.4252171517,107,9,11.88888888888889,,107,27,80
amini,0.2,2000,0,APGAI,6,0.2608695652173913,392711.30097317696,108,36,3.0,,108,54,54
amini,0.2,2000,0,ScoreCost,5,0.217391304347826,395175.7010846138,115,31,3.7096774193548385,,115,45,70
amini,0.2,2000,0,Mean Planning,3,0.1304347826086956,392117.630957365,90,18,5.0,,90,38,52
amini,0.2,2000,0,ReproAlloc-OA,4,0.1739130434782608,391676.6646590233,96,17,5.647058823529412,,96,36,60
amini,0.2,2000,0,ReproAlloc,6,0.2608695652173913,394560.1530370712,108,36,3.0,,108,54,54
amini,0.2,2000,0,OptimisticScoreCost,4,0.1739130434782608,394293.06184482574,140,35,4.0,,140,36,104
amini,0.05,2001,0,Uniform,0,0.0,101359.44842600822,29,25,1.16,,29,0,29
amini,0.05,2001,0,FailRerun,0,0.0,97815.1228711605,29,3,9.666666666666666,,29,0,29
amini,0.05,2001,0,APGAI,0,0.0,100275.7322678566,26,26,1.0,,26,0,26
amini,0.05,2001,0,ScoreCost,0,0.0,101534.02262997629,23,8,2.875,,23,0,23
amini,0.05,2001,0,Mean Planning,2,0.0869565217391304,102143.06127524376,28,10,2.8,,28,18,10
amini,0.05,2001,0,ReproAlloc-OA,2,0.0869565217391304,100426.40062046052,33,11,3.0,,33,18,15
amini,0.05,2001,0,ReproAlloc,1,0.0434782608695652,100017.06231927872,29,13,2.230769230769231,,29,9,20
amini,0.05,2001,0,OptimisticScoreCost,1,0.0434782608695652,97953.31786227226,31,14,2.2142857142857144,,31,9,22
amini,0.1,2001,0,Uniform,0,0.0,199196.99211978912,57,27,2.111111111111111,,57,0,57
amini,0.1,2001,0,FailRerun,1,0.0434782608695652,196720.4769692421,74,7,10.571428571428571,,74,9,65
amini,0.1,2001,0,APGAI,2,0.0869565217391304,196489.94445729256,57,36,1.5833333333333333,,57,18,39
amini,0.1,2001,0,ScoreCost,3,0.1304347826086956,199556.1789238453,69,18,3.8333333333333335,,69,27,42
amini,0.1,2001,0,Mean Planning,2,0.0869565217391304,196844.64298033717,44,6,7.333333333333333,,44,18,26
amini,0.1,2001,0,ReproAlloc-OA,0,0.0,198005.3411698341,44,8,5.5,,44,0,44
amini,0.1,2001,0,ReproAlloc,3,0.1304347826086956,196112.0499954224,54,23,2.347826086956522,,54,27,27
amini,0.1,2001,0,OptimisticScoreCost,2,0.0869565217391304,195700.56759762764,70,19,3.6842105263157894,,70,18,52
amini,0.2,2001,0,Uniform,0,0.0,392113.66966962814,108,33,3.272727272727273,,108,0,108
amini,0.2,2001,0,FailRerun,2,0.0869565217391304,391659.532838583,94,7,13.428571428571429,,94,18,76
amini,0.2,2001,0,APGAI,6,0.2608695652173913,391956.0895607472,109,36,3.0277777777777777,,109,54,55
amini,0.2,2001,0,ScoreCost,4,0.1739130434782608,395852.26978063583,117,20,5.85,,117,45,72
amini,0.2,2001,0,Mean Planning,3,0.1304347826086956,391987.5141406059,80,11,7.2727272727272725,,80,27,53
amini,0.2,2001,0,ReproAlloc-OA,2,0.0869565217391304,391775.9498286247,79,7,11.285714285714286,,79,27,52
amini,0.2,2001,0,ReproAlloc,6,0.2608695652173913,391651.4062261581,108,36,3.0,,108,54,54
amini,0.2,2001,0,OptimisticScoreCost,5,0.217391304347826,392276.6855750084,139,33,4.212121212121212,,139,45,94
amini,0.05,2002,0,Uniform,0,0.0,98036.75337529182,26,20,1.3,,26,0,26
amini,0.05,2002,0,FailRerun,0,0.0,101171.71868872644,22,3,7.333333333333333,,22,0,22
amini,0.05,2002,0,APGAI,0,0.0,98858.54181361198,26,26,1.0,,26,0,26
amini,0.05,2002,0,ScoreCost,0,0.0,98773.5484316349,29,8,3.625,,29,0,29
amini,0.05,2002,0,Mean Planning,1,0.0434782608695652,98071.77919697762,24,7,3.4285714285714284,,24,9,15
amini,0.05,2002,0,ReproAlloc-OA,2,0.0869565217391304,100739.91226267816,33,9,3.6666666666666665,,33,18,15
amini,0.05,2002,0,ReproAlloc,0,0.0,100409.1118516922,23,10,2.3,,23,0,23
amini,0.05,2002,0,OptimisticScoreCost,1,0.0434782608695652,97857.05095624924,31,8,3.875,,31,12,19
amini,0.1,2002,0,Uniform,0,0.0,196265.23117303848,48,28,1.7142857142857142,,48,0,48
amini,0.1,2002,0,FailRerun,2,0.0869565217391304,196089.7444725037,46,5,9.2,,46,18,28
amini,0.1,2002,0,APGAI,2,0.0869565217391304,198494.69853830335,56,36,1.5555555555555556,,56,18,38
amini,0.1,2002,0,ScoreCost,1,0.0434782608695652,197071.4570748806,51,11,4.636363636363637,,51,9,42
amini,0.1,2002,0,Mean Planning,2,0.0869565217391304,195809.0279753208,50,10,5.0,,50,18,32
amini,0.1,2002,0,ReproAlloc-OA,2,0.0869565217391304,196353.392323494,46,11,4.181818181818182,,46,21,25
amini,0.1,2002,0,ReproAlloc,2,0.0869565217391304,199376.8485693932,50,15,3.3333333333333335,,50,18,32
amini,0.1,2002,0,OptimisticScoreCost,2,0.0869565217391304,197165.6911344528,74,19,3.8947368421052633,,74,21,53
amini,0.2,2002,0,Uniform,0,0.0,391141.84501481056,108,35,3.085714285714286,,108,0,108
amini,0.2,2002,0,FailRerun,1,0.0434782608695652,391186.4379928112,68,7,9.714285714285714,,68,18,50
amini,0.2,2002,0,APGAI,4,0.1739130434782608,394232.8177816868,103,36,2.861111111111111,,103,36,67
amini,0.2,2002,0,ScoreCost,5,0.217391304347826,392150.9619534016,117,25,4.68,,117,48,69
amini,0.2,2002,0,Mean Planning,2,0.0869565217391304,395425.7504513264,90,13,6.923076923076923,,90,27,63
amini,0.2,2002,0,ReproAlloc-OA,3,0.1304347826086956,392948.1966817379,93,20,4.65,,93,30,63
amini,0.2,2002,0,ReproAlloc,5,0.217391304347826,392846.14533400536,103,35,2.942857142857143,,103,45,58
amini,0.2,2002,0,OptimisticScoreCost,3,0.1304347826086956,393789.177441597,135,36,3.75,,135,30,105
amini,0.05,2003,0,Uniform,0,0.0,101157.0854935646,25,18,1.3888888888888888,,25,0,25
amini,0.05,2003,0,FailRerun,2,0.0869565217391304,102703.20818471909,21,3,7.0,,21,18,3
amini,0.05,2003,0,APGAI,0,0.0,99238.18360066414,27,27,1.0,,27,0,27
amini,0.05,2003,0,ScoreCost,2,0.0869565217391304,98004.11837291718,31,6,5.166666666666667,,31,18,13
amini,0.05,2003,0,Mean Planning,0,0.0,100876.37402820589,32,6,5.333333333333333,,32,0,32
amini,0.05,2003,0,ReproAlloc-OA,2,0.0869565217391304,99368.1878619194,29,5,5.8,,29,18,11
amini,0.05,2003,0,ReproAlloc,1,0.0434782608695652,99053.56223392488,31,10,3.1,,31,9,22
amini,0.05,2003,0,OptimisticScoreCost,1,0.0434782608695652,97899.476903677,32,6,5.333333333333333,,32,9,23
amini,0.1,2003,0,Uniform,0,0.0,197832.65535473824,55,31,1.7741935483870968,,55,0,55
amini,0.1,2003,0,FailRerun,1,0.0434782608695652,196205.81910347936,43,5,8.6,,43,9,34
amini,0.1,2003,0,APGAI,1,0.0434782608695652,196556.18719005585,59,36,1.6388888888888888,,59,9,50
amini,0.1,2003,0,ScoreCost,2,0.0869565217391304,199192.10928606987,46,8,5.75,,46,18,28
amini,0.1,2003,0,Mean Planning,2,0.0869565217391304,199340.23273801804,51,8,6.375,,51,27,24
amini,0.1,2003,0,ReproAlloc-OA,1,0.0434782608695652,198255.66187429428,51,11,4.636363636363637,,51,9,42
amini,0.1,2003,0,ReproAlloc,3,0.1304347826086956,195637.4840478897,56,20,2.8,,56,27,29
amini,0.1,2003,0,OptimisticScoreCost,2,0.0869565217391304,197167.5729944706,66,21,3.142857142857143,,66,18,48
amini,0.2,2003,0,Uniform,0,0.0,391501.0648379326,99,36,2.75,,99,0,99
amini,0.2,2003,0,FailRerun,1,0.0434782608695652,392446.58190083504,117,11,10.636363636363637,,117,9,108
amini,0.2,2003,0,APGAI,6,0.2608695652173913,394744.8297998905,109,36,3.0277777777777777,,109,54,55
amini,0.2,2003,0,ScoreCost,5,0.217391304347826,392815.67655968666,112,22,5.090909090909091,,112,54,58
amini,0.2,2003,0,Mean Planning,5,0.217391304347826,391694.241499424,104,22,4.7272727272727275,,104,54,50
amini,0.2,2003,0,ReproAlloc-OA,4,0.1739130434782608,391725.7699699402,108,17,6.352941176470588,,108,36,72
amini,0.2,2003,0,ReproAlloc,6,0.2608695652173913,392279.7535259724,110,36,3.0555555555555554,,110,54,56
amini,0.2,2003,0,OptimisticScoreCost,4,0.1739130434782608,392042.5299184322,140,36,3.888888888888889,,140,36,104
amini,0.05,2004,0,Uniform,0,0.0,98818.81648254396,26,18,1.4444444444444444,,26,0,26
amini,0.05,2004,0,FailRerun,1,0.0434782608695652,98013.64334774016,27,3,9.0,,27,9,18
amini,0.05,2004,0,APGAI,0,0.0,98258.63283133508,26,26,1.0,,26,0,26
amini,0.05,2004,0,ScoreCost,1,0.0434782608695652,98634.1308004856,33,11,3.0,,33,9,24
amini,0.05,2004,0,Mean Planning,1,0.0434782608695652,99797.3209848404,33,12,2.75,,33,12,21
amini,0.05,2004,0,ReproAlloc-OA,1,0.0434782608695652,101772.82061648367,26,9,2.888888888888889,,26,9,17
amini,0.05,2004,0,ReproAlloc,2,0.0869565217391304,98360.59950757028,27,9,3.0,,27,18,9
amini,0.05,2004,0,OptimisticScoreCost,1,0.0434782608695652,98721.91303634644,42,9,4.666666666666667,,42,12,30
amini,0.1,2004,0,Uniform,0,0.0,199944.72378230092,53,29,1.8275862068965518,,53,0,53
amini,0.1,2004,0,FailRerun,0,0.0,195571.15199398997,52,4,13.0,,52,0,52
amini,0.1,2004,0,APGAI,1,0.0434782608695652,196318.1697051525,56,36,1.5555555555555556,,56,12,44
amini,0.1,2004,0,ScoreCost,4,0.1739130434782608,196588.43118453023,57,15,3.8,,57,39,18
amini,0.1,2004,0,Mean Planning,2,0.0869565217391304,197249.9134669304,51,14,3.642857142857143,,51,24,27
amini,0.1,2004,0,ReproAlloc-OA,3,0.1304347826086956,198198.22928214076,59,13,4.538461538461538,,59,27,32
amini,0.1,2004,0,ReproAlloc,4,0.1739130434782608,196090.12256097796,57,18,3.1666666666666665,,57,39,18
amini,0.1,2004,0,OptimisticScoreCost,3,0.1304347826086956,195604.8558461666,66,14,4.714285714285714,,66,30,36
amini,0.2,2004,0,Uniform,0,0.0,394599.398406744,97,34,2.8529411764705883,,97,0,97
amini,0.2,2004,0,FailRerun,2,0.0869565217391304,392653.66889476776,146,17,8.588235294117647,,146,18,128
amini,0.2,2004,0,APGAI,6,0.2608695652173913,393685.1910545826,111,36,3.0833333333333335,,111,57,54
amini,0.2,2004,0,ScoreCost,5,0.217391304347826,392697.08631920815,122,32,3.8125,,122,48,74
amini,0.2,2004,0,Mean Planning,5,0.217391304347826,394036.9883234501,98,24,4.083333333333333,,98,54,44
amini,0.2,2004,0,ReproAlloc-OA,6,0.2608695652173913,395539.40227770805,109,21,5.190476190476191,,109,63,46
amini,0.2,2004,0,ReproAlloc,6,0.2608695652173913,393954.9503016472,110,36,3.0555555555555554,,110,57,53
amini,0.2,2004,0,OptimisticScoreCost,5,0.217391304347826,391160.4293820858,133,36,3.6944444444444446,,133,48,85
amini,0.05,2005,0,Uniform,0,0.0,100800.94859623908,26,18,1.4444444444444444,,26,0,26
amini,0.05,2005,0,FailRerun,0,0.0,100677.7943034172,52,6,8.666666666666666,,52,0,52
amini,0.05,2005,0,APGAI,0,0.0,101184.75202465056,27,27,1.0,,27,0,27
amini,0.05,2005,0,ScoreCost,1,0.0434782608695652,101357.72346138954,30,13,2.3076923076923075,,30,9,21
amini,0.05,2005,0,Mean Planning,1,0.0434782608695652,98854.22316360474,31,9,3.4444444444444446,,31,9,22
amini,0.05,2005,0,ReproAlloc-OA,2,0.0869565217391304,98931.03318142892,31,10,3.1,,31,18,13
amini,0.05,2005,0,ReproAlloc,2,0.0869565217391304,99714.40523219109,28,12,2.3333333333333335,,28,18,10
amini,0.05,2005,0,OptimisticScoreCost,1,0.0434782608695652,99606.73408555984,28,12,2.3333333333333335,,28,9,19
amini,0.1,2005,0,Uniform,0,0.0,197648.3423371315,52,25,2.08,,52,0,52
amini,0.1,2005,0,FailRerun,1,0.0434782608695652,197806.95661735532,58,8,7.25,,58,9,49
amini,0.1,2005,0,APGAI,2,0.0869565217391304,196159.33193159103,56,36,1.5555555555555556,,56,18,38
amini,0.1,2005,0,ScoreCost,2,0.0869565217391304,198212.38559246063,64,25,2.56,,64,18,46
amini,0.1,2005,0,Mean Planning,1,0.0434782608695652,198639.605345726,50,12,4.166666666666667,,50,9,41
amini,0.1,2005,0,ReproAlloc-OA,2,0.0869565217391304,197083.28512263295,50,13,3.8461538461538463,,50,18,32
amini,0.1,2005,0,ReproAlloc,4,0.1739130434782608,199348.97193169597,54,18,3.0,,54,36,18
amini,0.1,2005,0,OptimisticScoreCost,3,0.1304347826086956,196689.17438840863,72,17,4.235294117647059,,72,30,42
amini,0.2,2005,0,Uniform,0,0.0,394223.9598457813,108,35,3.085714285714286,,108,0,108
amini,0.2,2005,0,FailRerun,2,0.0869565217391304,392688.2891495228,99,9,11.0,,99,18,81
amini,0.2,2005,0,APGAI,5,0.217391304347826,396591.38411426544,102,36,2.8333333333333335,,102,45,57
amini,0.2,2005,0,ScoreCost,5,0.217391304347826,391132.4166693688,115,36,3.1944444444444446,,115,45,70
amini,0.2,2005,0,Mean Planning,3,0.1304347826086956,393254.2664661408,93,26,3.576923076923077,,93,27,66
amini,0.2,2005,0,ReproAlloc-OA,4,0.1739130434782608,391936.9028983116,90,13,6.923076923076923,,90,47,43
amini,0.2,2005,0,ReproAlloc,6,0.2608695652173913,393024.4481072426,101,36,2.8055555555555554,,101,54,47
amini,0.2,2005,0,OptimisticScoreCost,5,0.217391304347826,392570.1812036037,136,36,3.7777777777777777,,136,48,88
amini,0.05,2006,0,Uniform,0,0.0,100959.26601338388,28,20,1.4,,28,0,28
amini,0.05,2006,0,FailRerun,0,0.0,100681.23109936714,24,2,12.0,,24,0,24
amini,0.05,2006,0,APGAI,0,0.0,100160.68142604828,27,27,1.0,,27,0,27
amini,0.05,2006,0,ScoreCost,1,0.0434782608695652,97809.43607091904,26,5,5.2,,26,9,17
amini,0.05,2006,0,Mean Planning,1,0.0434782608695652,100110.47148442268,25,4,6.25,,25,9,16
amini,0.05,2006,0,ReproAlloc-OA,0,0.0,98475.59200239182,24,12,2.0,,24,0,24
amini,0.05,2006,0,ReproAlloc,2,0.0869565217391304,97857.62079286575,27,8,3.375,,27,21,6
amini,0.05,2006,0,OptimisticScoreCost,1,0.0434782608695652,98735.55007863043,39,10,3.9,,39,9,30
amini,0.1,2006,0,Uniform,0,0.0,195787.14520168304,60,30,2.0,,60,0,60
amini,0.1,2006,0,FailRerun,1,0.0434782608695652,195922.9125843048,48,3,16.0,,48,9,39
amini,0.1,2006,0,APGAI,2,0.0869565217391304,197183.44774150848,60,36,1.6666666666666667,,60,21,39
amini,0.1,2006,0,ScoreCost,2,0.0869565217391304,199510.82311940196,54,8,6.75,,54,21,33
amini,0.1,2006,0,Mean Planning,2,0.0869565217391304,198330.22266554832,51,12,4.25,,51,18,33
amini,0.1,2006,0,ReproAlloc-OA,3,0.1304347826086956,195936.51263666156,58,16,3.625,,58,30,28
amini,0.1,2006,0,ReproAlloc,3,0.1304347826086956,196040.2773337364,55,20,2.75,,55,27,28
amini,0.1,2006,0,OptimisticScoreCost,0,0.0,196837.54144740105,70,22,3.1818181818181817,,70,0,70
amini,0.2,2006,0,Uniform,0,0.0,395732.29346871376,115,32,3.59375,,115,0,115
amini,0.2,2006,0,FailRerun,0,0.0,391626.2479856014,113,10,11.3,,113,0,113
amini,0.2,2006,0,APGAI,6,0.2608695652173913,392387.3404016495,111,36,3.0833333333333335,,111,57,54
amini,0.2,2006,0,ScoreCost,5,0.217391304347826,391959.3682067394,112,29,3.8620689655172415,,112,48,64
amini,0.2,2006,0,Mean Planning,5,0.217391304347826,393147.6623568535,101,15,6.733333333333333,,101,45,56
amini,0.2,2006,0,ReproAlloc-OA,3,0.1304347826086956,396429.5540406704,95,18,5.277777777777778,,95,30,65
amini,0.2,2006,0,ReproAlloc,6,0.2608695652173913,394844.6934075356,110,36,3.0555555555555554,,110,57,53
amini,0.2,2006,0,OptimisticScoreCost,4,0.1739130434782608,391169.223115921,138,36,3.8333333333333335,,138,39,99
amini,0.05,2007,0,Uniform,0,0.0,98214.88588356972,29,19,1.5263157894736843,,29,0,29
amini,0.05,2007,0,FailRerun,1,0.0434782608695652,99911.397649765,41,5,8.2,,41,9,32
amini,0.05,2007,0,APGAI,0,0.0,104057.64223122595,29,29,1.0,,29,0,29
amini,0.05,2007,0,ScoreCost,1,0.0434782608695652,101606.14562940598,31,9,3.4444444444444446,,31,9,22
amini,0.05,2007,0,Mean Planning,1,0.0434782608695652,99646.00394916534,37,13,2.8461538461538463,,37,9,28
amini,0.05,2007,0,ReproAlloc-OA,0,0.0,100539.54279613496,22,4,5.5,,22,0,22
amini,0.05,2007,0,ReproAlloc,2,0.0869565217391304,97876.79147338869,28,8,3.5,,28,18,10
amini,0.05,2007,0,OptimisticScoreCost,0,0.0,99741.54111456872,35,11,3.1818181818181817,,35,0,35
amini,0.1,2007,0,Uniform,0,0.0,200880.32622265816,49,27,1.8148148148148149,,49,0,49
amini,0.1,2007,0,FailRerun,1,0.0434782608695652,199583.5111796856,50,5,10.0,,50,9,41
amini,0.1,2007,0,APGAI,1,0.0434782608695652,196562.52491235733,62,36,1.7222222222222223,,62,9,53
amini,0.1,2007,0,ScoreCost,1,0.0434782608695652,196160.1885538101,50,12,4.166666666666667,,50,9,41
amini,0.1,2007,0,Mean Planning,1,0.0434782608695652,197613.4739637375,44,11,4.0,,44,9,35
amini,0.1,2007,0,ReproAlloc-OA,1,0.0434782608695652,198049.3754327297,45,11,4.090909090909091,,45,9,36
amini,0.1,2007,0,ReproAlloc,3,0.1304347826086956,199232.0495712757,51,16,3.1875,,51,27,24
amini,0.1,2007,0,OptimisticScoreCost,2,0.0869565217391304,196864.2736196518,68,16,4.25,,68,18,50
amini,0.2,2007,0,Uniform,0,0.0,392981.4683008194,110,36,3.0555555555555554,,110,0,110
amini,0.2,2007,0,FailRerun,3,0.1304347826086956,391686.1739196777,115,12,9.583333333333334,,115,27,88
amini,0.2,2007,0,APGAI,4,0.1739130434782608,391190.3137431145,111,36,3.0833333333333335,,111,36,75
amini,0.2,2007,0,ScoreCost,6,0.2608695652173913,394052.9909527302,120,29,4.137931034482759,,120,54,66
amini,0.2,2007,0,Mean Planning,2,0.0869565217391304,392791.9042518139,92,15,6.133333333333334,,92,18,74
amini,0.2,2007,0,ReproAlloc-OA,4,0.1739130434782608,392497.773242712,110,24,4.583333333333333,,110,36,74
amini,0.2,2007,0,ReproAlloc,6,0.2608695652173913,391399.9609415531,114,36,3.1666666666666665,,114,54,60
amini,0.2,2007,0,OptimisticScoreCost,3,0.1304347826086956,393837.9554746151,136,36,3.7777777777777777,,136,27,109
amini,0.05,2008,0,Uniform,0,0.0,98483.290047884,28,18,1.5555555555555556,,28,0,28
amini,0.05,2008,0,FailRerun,1,0.0434782608695652,100905.57816672324,24,3,8.0,,24,9,15
amini,0.05,2008,0,APGAI,0,0.0,99535.9562087059,28,28,1.0,,28,0,28
amini,0.05,2008,0,ScoreCost,1,0.0434782608695652,98681.81049728394,32,6,5.333333333333333,,32,12,20
amini,0.05,2008,0,Mean Planning,0,0.0,98886.90211391448,29,9,3.2222222222222223,,29,0,29
amini,0.05,2008,0,ReproAlloc-OA,0,0.0,98865.0491514206,25,5,5.0,,25,0,25
amini,0.05,2008,0,ReproAlloc,2,0.0869565217391304,100883.7585363388,27,7,3.857142857142857,,27,18,9
amini,0.05,2008,0,OptimisticScoreCost,0,0.0,98945.24691939354,43,11,3.909090909090909,,43,0,43
amini,0.1,2008,0,Uniform,0,0.0,196133.61655259127,54,29,1.8620689655172413,,54,0,54
amini,0.1,2008,0,FailRerun,0,0.0,201738.5425691605,45,3,15.0,,45,0,45
amini,0.1,2008,0,APGAI,1,0.0434782608695652,195991.6546738148,56,36,1.5555555555555556,,56,12,44
amini,0.1,2008,0,ScoreCost,3,0.1304347826086956,198472.1642472744,61,20,3.05,,61,30,31
amini,0.1,2008,0,Mean Planning,3,0.1304347826086956,197766.56851363185,55,10,5.5,,55,30,25
amini,0.1,2008,0,ReproAlloc-OA,0,0.0,198228.09472870827,45,12,3.75,,45,0,45
amini,0.1,2008,0,ReproAlloc,3,0.1304347826086956,198758.57242274284,53,13,4.076923076923077,,53,30,23
amini,0.1,2008,0,OptimisticScoreCost,1,0.0434782608695652,195813.72929620743,69,20,3.45,,69,12,57
amini,0.2,2008,0,Uniform,0,0.0,392159.9123966694,107,36,2.9722222222222223,,107,0,107
amini,0.2,2008,0,FailRerun,3,0.1304347826086956,396195.3993742466,73,8,9.125,,73,30,43
amini,0.2,2008,0,APGAI,5,0.217391304347826,392769.3331449032,104,36,2.888888888888889,,104,48,56
amini,0.2,2008,0,ScoreCost,5,0.217391304347826,391361.95714330673,114,29,3.9310344827586206,,114,48,66
amini,0.2,2008,0,Mean Planning,4,0.1739130434782608,392254.348146677,92,13,7.076923076923077,,92,39,53
amini,0.2,2008,0,ReproAlloc-OA,3,0.1304347826086956,393524.0750951767,98,16,6.125,,98,27,71
amini,0.2,2008,0,ReproAlloc,5,0.217391304347826,393214.2687551975,106,36,2.9444444444444446,,106,48,58
amini,0.2,2008,0,OptimisticScoreCost,3,0.1304347826086956,392199.0653278828,132,36,3.6666666666666665,,132,30,102
amini,0.05,2009,0,Uniform,0,0.0,100237.27540159224,24,15,1.6,,24,0,24
amini,0.05,2009,0,FailRerun,1,0.0434782608695652,99929.66074180604,41,6,6.833333333333333,,41,9,32
amini,0.05,2009,0,APGAI,0,0.0,101028.7077486515,26,26,1.0,,26,0,26
amini,0.05,2009,0,ScoreCost,1,0.0434782608695652,98468.14125847816,22,3,7.333333333333333,,22,15,7
amini,0.05,2009,0,Mean Planning,2,0.0869565217391304,99463.95976161955,31,9,3.4444444444444446,,31,21,10
amini,0.05,2009,0,ReproAlloc-OA,2,0.0869565217391304,100131.79263472556,28,5,5.6,,28,18,10
amini,0.05,2009,0,ReproAlloc,2,0.0869565217391304,100877.23504900932,31,8,3.875,,31,21,10
amini,0.05,2009,0,OptimisticScoreCost,1,0.0434782608695652,99960.42947101592,30,13,2.3076923076923075,,30,12,18
amini,0.1,2009,0,Uniform,0,0.0,201444.55175471303,50,26,1.9230769230769231,,50,0,50
amini,0.1,2009,0,FailRerun,1,0.0434782608695652,199480.29537010196,67,9,7.444444444444445,,67,9,58
amini,0.1,2009,0,APGAI,1,0.0434782608695652,197933.59038066864,56,36,1.5555555555555556,,56,9,47
amini,0.1,2009,0,ScoreCost,3,0.1304347826086956,198427.49626636505,61,17,3.588235294117647,,61,30,31
amini,0.1,2009,0,Mean Planning,2,0.0869565217391304,196397.6445298195,51,10,5.1,,51,24,27
amini,0.1,2009,0,ReproAlloc-OA,2,0.0869565217391304,196122.8737843037,61,12,5.083333333333333,,61,18,43
amini,0.1,2009,0,ReproAlloc,3,0.1304347826086956,196715.7672972679,54,16,3.375,,54,36,18
amini,0.1,2009,0,OptimisticScoreCost,2,0.0869565217391304,196012.170637846,68,23,2.9565217391304346,,68,18,50
amini,0.2,2009,0,Uniform,0,0.0,393710.7712585926,108,35,3.085714285714286,,108,0,108
amini,0.2,2009,0,FailRerun,2,0.0869565217391304,391516.7628672123,114,10,11.4,,114,18,96
amini,0.2,2009,0,APGAI,4,0.1739130434782608,393285.5766637325,112,36,3.111111111111111,,112,39,73
amini,0.2,2009,0,ScoreCost,3,0.1304347826086956,391621.3163952828,103,21,4.904761904761905,,103,33,70
amini,0.2,2009,0,Mean Planning,5,0.217391304347826,393484.8793995381,105,23,4.565217391304348,,105,48,57
amini,0.2,2009,0,ReproAlloc-OA,5,0.217391304347826,392348.182185173,97,20,4.85,,97,51,46
amini,0.2,2009,0,ReproAlloc,5,0.217391304347826,391538.8869683743,103,35,2.942857142857143,,103,51,52
amini,0.2,2009,0,OptimisticScoreCost,4,0.1739130434782608,394560.8348376751,136,36,3.7777777777777777,,136,39,97
amini,0.05,2010,0,Uniform,0,0.0,97867.2210907936,29,21,1.380952380952381,,29,0,29
amini,0.05,2010,0,FailRerun,0,0.0,97864.37193155289,40,4,10.0,,40,0,40
amini,0.05,2010,0,APGAI,0,0.0,98071.5917122364,27,27,1.0,,27,0,27
amini,0.05,2010,0,ScoreCost,1,0.0434782608695652,98861.336684227,26,9,2.888888888888889,,26,9,17
amini,0.05,2010,0,Mean Planning,1,0.0434782608695652,98284.79602503777,35,14,2.5,,35,9,26
amini,0.05,2010,0,ReproAlloc-OA,1,0.0434782608695652,102760.62290167809,31,10,3.1,,31,9,22
amini,0.05,2010,0,ReproAlloc,1,0.0434782608695652,99575.08230304718,26,12,2.1666666666666665,,26,9,17
amini,0.05,2010,0,OptimisticScoreCost,2,0.0869565217391304,99380.79652523994,38,6,6.333333333333333,,38,21,17
amini,0.1,2010,0,Uniform,0,0.0,200428.37542414665,53,29,1.8275862068965518,,53,0,53
amini,0.1,2010,0,FailRerun,3,0.1304347826086956,199559.8366947174,57,10,5.7,,57,27,30
amini,0.1,2010,0,APGAI,1,0.0434782608695652,196213.2169611454,59,36,1.6388888888888888,,59,9,50
amini,0.1,2010,0,ScoreCost,2,0.0869565217391304,195845.63797020912,57,13,4.384615384615385,,57,18,39
amini,0.1,2010,0,Mean Planning,1,0.0434782608695652,196605.3796095848,67,14,4.785714285714286,,67,9,58
amini,0.1,2010,0,ReproAlloc-OA,1,0.0434782608695652,196143.6826016903,68,17,4.0,,68,9,59
amini,0.1,2010,0,ReproAlloc,3,0.1304347826086956,197156.33674645424,58,18,3.2222222222222223,,58,27,31
amini,0.1,2010,0,OptimisticScoreCost,2,0.0869565217391304,195882.46533989903,69,16,4.3125,,69,21,48
amini,0.2,2010,0,Uniform,0,0.0,393628.094332695,109,34,3.2058823529411766,,109,0,109
amini,0.2,2010,0,FailRerun,4,0.1739130434782608,394512.9171886444,128,13,9.846153846153847,,128,36,92
amini,0.2,2010,0,APGAI,5,0.217391304347826,392732.8575205803,112,36,3.111111111111111,,112,45,67
amini,0.2,2010,0,ScoreCost,3,0.1304347826086956,395088.9710326195,126,34,3.7058823529411766,,126,27,99
amini,0.2,2010,0,Mean Planning,3,0.1304347826086956,393779.4668776989,103,24,4.291666666666667,,103,27,76
amini,0.2,2010,0,ReproAlloc-OA,4,0.1739130434782608,394399.59172463417,114,25,4.56,,114,36,78
amini,0.2,2010,0,ReproAlloc,5,0.217391304347826,391183.6333396435,109,36,3.0277777777777777,,109,45,64
amini,0.2,2010,0,OptimisticScoreCost,4,0.1739130434782608,391388.68835639954,141,36,3.9166666666666665,,141,39,102
amini,0.05,2011,0,Uniform,0,0.0,98346.82107543944,23,16,1.4375,,23,0,23
amini,0.05,2011,0,FailRerun,0,0.0,101614.30954885484,27,3,9.0,,27,0,27
amini,0.05,2011,0,APGAI,0,0.0,98413.44316363336,27,27,1.0,,27,0,27
amini,0.05,2011,0,ScoreCost,1,0.0434782608695652,99109.70197606088,30,10,3.0,,30,9,21
amini,0.05,2011,0,Mean Planning,2,0.0869565217391304,100908.00908756256,27,8,3.375,,27,18,9
amini,0.05,2011,0,ReproAlloc-OA,1,0.0434782608695652,99631.64155483246,32,10,3.2,,32,9,23
amini,0.05,2011,0,ReproAlloc,1,0.0434782608695652,101401.75358986856,26,13,2.0,,26,9,17
amini,0.05,2011,0,OptimisticScoreCost,2,0.0869565217391304,99840.71818137167,31,8,3.875,,31,18,13
amini,0.1,2011,0,Uniform,0,0.0,196135.684176445,54,26,2.076923076923077,,54,0,54
amini,0.1,2011,0,FailRerun,0,0.0,197341.98415732384,83,8,10.375,,83,0,83
amini,0.1,2011,0,APGAI,2,0.0869565217391304,196843.02715682983,57,36,1.5833333333333333,,57,18,39
amini,0.1,2011,0,ScoreCost,3,0.1304347826086956,199841.9864752293,54,16,3.375,,54,27,27
amini,0.1,2011,0,Mean Planning,2,0.0869565217391304,196613.85409498212,59,16,3.6875,,59,18,41
amini,0.1,2011,0,ReproAlloc-OA,1,0.0434782608695652,200589.81315875053,62,19,3.263157894736842,,62,9,53
amini,0.1,2011,0,ReproAlloc,4,0.1739130434782608,198745.5902757645,62,25,2.48,,62,36,26
amini,0.1,2011,0,OptimisticScoreCost,4,0.1739130434782608,197415.33036017415,62,16,3.875,,62,36,26
amini,0.2,2011,0,Uniform,1,0.0434782608695652,396655.7240025997,106,35,3.0285714285714285,,106,9,97
amini,0.2,2011,0,FailRerun,0,0.0,394916.6674540043,106,11,9.636363636363637,,106,0,106
amini,0.2,2011,0,APGAI,6,0.2608695652173913,395430.1173586845,103,36,2.861111111111111,,103,54,49
amini,0.2,2011,0,ScoreCost,6,0.2608695652173913,394281.6086089611,119,35,3.4,,119,54,65
amini,0.2,2011,0,Mean Planning,4,0.1739130434782608,392246.7926671505,95,24,3.9583333333333335,,95,36,59
amini,0.2,2011,0,ReproAlloc-OA,5,0.217391304347826,391474.3748497963,99,21,4.714285714285714,,99,45,54
amini,0.2,2011,0,ReproAlloc,6,0.2608695652173913,391957.6275117397,106,36,2.9444444444444446,,106,54,52
amini,0.2,2011,0,OptimisticScoreCost,5,0.217391304347826,391772.212395668,134,36,3.7222222222222223,,134,45,89
