tp,fp,fn,confirmed,recall,precision,executions,time_used,overtime,sched_overhead_s,n_main_pos,n_fallback,fallback_ratio,dataset,split_id,split_seed,rep,method,method_key,time_frac,budget_s,m_cap,K,n_ref_good
0,0,4322,0,0.0,0.0,602,39235.922337293625,7.74139215946343,0.012328888289630413,0,0,0.0,sensodat,0,20261001,0,Uniform,uniform,0.05,39228.18094513416,935,12135,4322
70,0,4252,70,0.016196205460434984,1.0,655,39283.220198869705,55.03925373554375,0.05915939575061202,0,0,0.0,sensodat,0,20261001,0,FailRerun,failrerun,0.05,39228.18094513416,935,12135,4322
0,0,4322,0,0.0,0.0,639,39237.30559039116,9.12464525699761,0.08886500168591738,0,0,0.0,sensodat,0,20261001,0,APGAI,apgai,0.05,39228.18094513416,935,12135,4322
70,0,4252,70,0.016196205460434984,1.0,1558,39259.58222126961,31.401276135446096,0.06333249527961016,1558,0,0.0,sensodat,0,20261001,0,ScoreCost,scorecost,0.05,39228.18094513416,935,12135,4322
84,0,4238,84,0.01943544655252198,1.0,933,39294.6698346138,66.4888894796386,0.14794840710237622,933,0,0.0,sensodat,0,20261001,0,ReproAlloc,ercc_mean,0.05,39228.18094513416,935,12135,4322
86,0,4236,86,0.01989819527996298,1.0,936,39262.99639105797,34.81544592380669,0.13396279560402036,936,0,0.0,sensodat,0,20261001,0,ReproAlloc-OA,ercc_outcome,0.05,39228.18094513416,935,12135,4322
90,0,4232,90,0.020823692734844978,1.0,1079,39229.955025434494,1.774080300332571,0.5198698993772268,1079,0,0.0,sensodat,0,20261001,0,ReproAlloc-Optimistic,ercc_optimistic,0.05,39228.18094513416,935,12135,4322
0,0,4322,0,0.0,0.0,627,39231.56107258797,3.3801274538054713,0.009185089729726315,0,0,0.0,sensodat,0,20261001,1,Uniform,uniform,0.05,39228.18094513416,935,12135,4322
70,0,4252,70,0.016196205460434984,1.0,655,39283.220198869705,55.03925373554375,0.025240805465728045,0,0,0.0,sensodat,0,20261001,1,FailRerun,failrerun,0.05,39228.18094513416,935,12135,4322
0,0,4322,0,0.0,0.0,639,39237.30559039116,9.12464525699761,0.08368669310584664,0,0,0.0,sensodat,0,20261001,1,APGAI,apgai,0.05,39228.18094513416,935,12135,4322
70,0,4252,70,0.016196205460434984,1.0,1558,39259.58222126961,31.401276135446096,0.05725878104567528,1558,0,0.0,sensodat,0,20261001,1,ScoreCost,scorecost,0.05,39228.18094513416,935,12135,4322
83,0,4239,83,0.01920407218880148,1.0,918,39266.66346335411,38.48251821994927,0.14253499824553728,918,0,0.0,sensodat,0,20261001,1,ReproAlloc,ercc_mean,0.05,39228.18094513416,935,12135,4322
86,0,4236,86,0.01989819527996298,1.0,936,39262.99639105797,34.81544592380669,0.14202910056337714,936,0,0.0,sensodat,0,20261001,1,ReproAlloc-OA,ercc_outcome,0.05,39228.18094513416,935,12135,4322
86,0,4236,86,0.01989819527996298,1.0,1025,39266.28306031227,38.10211517810967,0.49236559867858887,1025,0,0.0,sensodat,0,20261001,1,ReproAlloc-Optimistic,ercc_optimistic,0.05,39228.18094513416,935,12135,4322
0,0,4322,0,0.0,0.0,606,39284.04253125191,55.8615861177459,0.006124688778072596,0,0,0.0,sensodat,0,20261001,2,Uniform,uniform,0.05,39228.18094513416,935,12135,4322
70,0,4252,70,0.016196205460434984,1.0,655,39283.220198869705,55.03925373554375,0.03395750466734171,0,0,0.0,sensodat,0,20261001,2,FailRerun,failrerun,0.05,39228.18094513416,935,12135,4322
0,0,4322,0,0.0,0.0,639,39237.30559039116,9.12464525699761,0.08248341362923384,0,0,0.0,sensodat,0,20261001,2,APGAI,apgai,0.05,39228.18094513416,935,12135,4322
70,0,4252,70,0.016196205460434984,1.0,1558,39259.58222126961,31.401276135446096,0.06509540975093842,1558,0,0.0,sensodat,0,20261001,2,ScoreCost,scorecost,0.05,39228.18094513416,935,12135,4322
84,0,4238,84,0.01943544655252198,1.0,939,39230.29094672203,2.110001587869192,0.14444880513474345,939,0,0.0,sensodat,0,20261001,2,ReproAlloc,ercc_mean,0.05,39228.18094513416,935,12135,4322
86,0,4236,86,0.01989819527996298,1.0,936,39262.99639105797,34.81544592380669,0.1471734018996358,936,0,0.0,sensodat,0,20261001,2,ReproAlloc-OA,ercc_outcome,0.05,39228.18094513416,935,12135,4322
87,0,4235,87,0.02012956964368348,1.0,1037,39249.228766441345,21.047821307183767,0.5112251923419535,1037,0,0.0,sensodat,0,20261001,2,ReproAlloc-Optimistic,ercc_optimistic,0.05,39228.18094513416,935,12135,4322
0,0,4322,0,0.0,0.0,1210,78515.09939455986,58.737504291537334,0.014598502777516842,0,0,0.0,sensodat,0,20261001,0,Uniform,uniform,0.1,78456.36189026832,1868,12135,4322
138,0,4184,138,0.031929662193428965,1.0,1295,78466.04826307297,9.686372804644634,0.05334261478856206,0,0,0.0,sensodat,0,20261001,0,FailRerun,failrerun,0.1,78456.36189026832,1868,12135,4322
0,0,4322,0,0.0,0.0,1232,78523.01034331322,66.64845304489427,0.1597394053824246,0,0,0.0,sensodat,0,20261001,0,APGAI,apgai,0.1,78456.36189026832,1868,12135,4322
155,0,4167,155,0.035863026376677466,1.0,3196,78467.60344028473,11.241550016406109,0.12008168688043952,3196,0,0.0,sensodat,0,20261001,0,ScoreCost,scorecost,0.1,78456.36189026832,1868,12135,4322
164,0,4158,164,0.03794539565016196,1.0,1750,78504.53586149216,48.17397122383409,0.3226654091849923,1750,0,0.0,sensodat,0,20261001,0,ReproAlloc,ercc_mean,0.1,78456.36189026832,1868,12135,4322
169,0,4153,169,0.03910226746876446,1.0,1739,78461.72254610062,5.36065583229356,0.26833140943199396,1739,0,0.0,sensodat,0,20261001,0,ReproAlloc-OA,ercc_outcome,0.1,78456.36189026832,1868,12135,4322
178,0,4144,178,0.04118463674224896,1.0,2194,78461.2623898983,4.900499629977276,1.150413116440177,2194,0,0.0,sensodat,0,20261001,0,ReproAlloc-Optimistic,ercc_optimistic,0.1,78456.36189026832,1868,12135,4322
0,0,4322,0,0.0,0.0,1230,78457.8692278862,1.507337617877056,0.012939800508320332,0,0,0.0,sensodat,0,20261001,1,Uniform,uniform,0.1,78456.36189026832,1868,12135,4322
138,0,4184,138,0.031929662193428965,1.0,1295,78466.04826307297,9.686372804644634,0.05622839694842696,0,0,0.0,sensodat,0,20261001,1,FailRerun,failrerun,0.1,78456.36189026832,1868,12135,4322
0,0,4322,0,0.0,0.0,1232,78523.01034331322,66.64845304489427,0.16340940864756703,0,0,0.0,sensodat,0,20261001,1,APGAI,apgai,0.1,78456.36189026832,1868,12135,4322
155,0,4167,155,0.035863026376677466,1.0,3196,78467.60344028473,11.241550016406109,0.11985399387776852,3196,0,0.0,sensodat,0,20261001,1,ScoreCost,scorecost,0.1,78456.36189026832,1868,12135,4322
164,0,4158,164,0.03794539565016196,1.0,1750,78504.53586149216,48.17397122383409,0.31760120298713446,1750,0,0.0,sensodat,0,20261001,1,ReproAlloc,ercc_mean,0.1,78456.36189026832,1868,12135,4322
169,0,4153,169,0.03910226746876446,1.0,1739,78461.72254610062,5.36065583229356,0.270404398906976,1739,0,0.0,sensodat,0,20261001,1,ReproAlloc-OA,ercc_outcome,0.1,78456.36189026832,1868,12135,4322
183,0,4139,183,0.042341508560851455,1.0,2208,78494.15650892258,37.79461865425401,1.1298875226639211,2208,0,0.0,sensodat,0,20261001,1,ReproAlloc-Optimistic,ercc_optimistic,0.1,78456.36189026832,1868,12135,4322
0,0,4322,0,0.0,0.0,1227,78472.57312107086,16.21123080253892,0.012295990716665983,0,0,0.0,sensodat,0,20261001,2,Uniform,uniform,0.1,78456.36189026832,1868,12135,4322
138,0,4184,138,0.031929662193428965,1.0,1295,78466.04826307297,9.686372804644634,0.05347061203792691,0,0,0.0,sensodat,0,20261001,2,FailRerun,failrerun,0.1,78456.36189026832,1868,12135,4322
0,0,4322,0,0.0,0.0,1232,78523.01034331322,66.64845304489427,0.1664403062313795,0,0,0.0,sensodat,0,20261001,2,APGAI,apgai,0.1,78456.36189026832,1868,12135,4322
155,0,4167,155,0.035863026376677466,1.0,3196,78467.60344028473,11.241550016406109,0.1266079070046544,3196,0,0.0,sensodat,0,20261001,2,ScoreCost,scorecost,0.1,78456.36189026832,1868,12135,4322
164,0,4158,164,0.03794539565016196,1.0,1750,78504.53586149216,48.17397122383409,0.2891817898489535,1750,0,0.0,sensodat,0,20261001,2,ReproAlloc,ercc_mean,0.1,78456.36189026832,1868,12135,4322
169,0,4153,169,0.03910226746876446,1.0,1739,78461.72254610062,5.36065583229356,0.2530285227112472,1739,0,0.0,sensodat,0,20261001,2,ReproAlloc-OA,ercc_outcome,0.1,78456.36189026832,1868,12135,4322
182,0,4140,182,0.04211013419713096,1.0,2200,78467.05199122429,10.690100955966045,1.0737504842691123,2200,0,0.0,sensodat,0,20261001,2,ReproAlloc-Optimistic,ercc_optimistic,0.1,78456.36189026832,1868,12135,4322
0,0,4322,0,0.0,0.0,2422,156963.32893419266,50.60515365601168,0.028810621239244938,0,0,0.0,sensodat,0,20261001,0,Uniform,uniform,0.2,156912.72378053665,3734,12135,4322
289,0,4033,289,0.06686719111522443,1.0,2736,156913.99865460396,1.2748740673123393,0.11603138456121087,0,0,0.0,sensodat,0,20261001,0,FailRerun,failrerun,0.2,156912.72378053665,3734,12135,4322
0,0,4322,0,0.0,0.0,2407,156920.82178544998,8.098004913335899,0.3424987243488431,0,0,0.0,sensodat,0,20261001,0,APGAI,apgai,0.2,156912.72378053665,3734,12135,4322
277,0,4045,277,0.06409069875057843,1.0,5936,156933.51972603798,20.795945501333335,0.23622058192268014,5936,0,0.0,sensodat,0,20261001,0,ScoreCost,scorecost,0.2,156912.72378053665,3734,12135,4322
327,0,3995,327,0.07565941693660343,1.0,3371,157005.3994319439,92.67565140724764,0.5699211726896465,3371,0,0.0,sensodat,0,20261001,0,ReproAlloc,ercc_mean,0.2,156912.72378053665,3734,12135,4322
329,0,3993,329,0.07612216566404442,1.0,3273,156987.20957922935,74.48579869270907,0.5428675906732678,3273,0,0.0,sensodat,0,20261001,0,ReproAlloc-OA,ercc_outcome,0.2,156912.72378053665,3734,12135,4322
327,0,3995,327,0.07565941693660343,1.0,3918,156931.63372397423,18.909943437582115,2.091760231181979,3918,0,0.0,sensodat,0,20261001,0,ReproAlloc-Optimistic,ercc_optimistic,0.2,156912.72378053665,3734,12135,4322
0,0,4322,0,0.0,0.0,2433,156960.40919089317,47.68541035652743,0.027029601391404867,0,0,0.0,sensodat,0,20261001,1,Uniform,uniform,0.2,156912.72378053665,3734,12135,4322
289,0,4033,289,0.06686719111522443,1.0,2736,156913.99865460396,1.2748740673123393,0.11536321649327874,0,0,0.0,sensodat,0,20261001,1,FailRerun,failrerun,0.2,156912.72378053665,3734,12135,4322
0,0,4322,0,0.0,0.0,2407,156920.82178544998,8.098004913335899,0.337588622700423,0,0,0.0,sensodat,0,20261001,1,APGAI,apgai,0.2,156912.72378053665,3734,12135,4322
277,0,4045,277,0.06409069875057843,1.0,5936,156933.51972603798,20.795945501333335,0.23820091178640723,5936,0,0.0,sensodat,0,20261001,1,ScoreCost,scorecost,0.2,156912.72378053665,3734,12135,4322
327,0,3995,327,0.07565941693660343,1.0,3371,157005.3994319439,92.67565140724764,0.5874036881141365,3371,0,0.0,sensodat,0,20261001,1,ReproAlloc,ercc_mean,0.2,156912.72378053665,3734,12135,4322
329,0,3993,329,0.07612216566404442,1.0,3273,156987.20957922935,74.48579869270907,0.5271278233267367,3273,0,0.0,sensodat,0,20261001,1,ReproAlloc-OA,ercc_outcome,0.2,156912.72378053665,3734,12135,4322
327,0,3995,327,0.07565941693660343,1.0,3918,156931.63372397423,18.909943437582115,2.0609424808062613,3918,0,0.0,sensodat,0,20261001,1,ReproAlloc-Optimistic,ercc_optimistic,0.2,156912.72378053665,3734,12135,4322
0,0,4322,0,0.0,0.0,2461,156936.28561353683,23.561833000188926,0.025289902929216623,0,0,0.0,sensodat,0,20261001,2,Uniform,uniform,0.2,156912.72378053665,3734,12135,4322
289,0,4033,289,0.06686719111522443,1.0,2736,156913.99865460396,1.2748740673123393,0.1111587886698544,0,0,0.0,sensodat,0,20261001,2,FailRerun,failrerun,0.2,156912.72378053665,3734,12135,4322
0,0,4322,0,0.0,0.0,2407,156920.82178544998,8.098004913335899,0.332133702468127,0,0,0.0,sensodat,0,20261001,2,APGAI,apgai,0.2,156912.72378053665,3734,12135,4322
277,0,4045,277,0.06409069875057843,1.0,5936,156933.51972603798,20.795945501333335,0.23906387062743306,5936,0,0.0,sensodat,0,20261001,2,ScoreCost,scorecost,0.2,156912.72378053665,3734,12135,4322
327,0,3995,327,0.07565941693660343,1.0,3371,157005.3994319439,92.67565140724764,0.5863352087326348,3371,0,0.0,sensodat,0,20261001,2,ReproAlloc,ercc_mean,0.2,156912.72378053665,3734,12135,4322
329,0,3993,329,0.07612216566404442,1.0,3273,156987.20957922935,74.48579869270907,0.5389381111599505,3273,0,0.0,sensodat,0,20261001,2,ReproAlloc-OA,ercc_outcome,0.2,156912.72378053665,3734,12135,4322
327,0,3995,327,0.07565941693660343,1.0,3918,156931.63372397423,18.909943437582115,2.0378849082626402,3918,0,0.0,sensodat,0,20261001,2,ReproAlloc-Optimistic,ercc_optimistic,0.2,156912.72378053665,3734,12135,4322
0,0,4322,0,0.0,0.0,617,39253.110183000565,24.929237866403128,0.01322259847074747,0,0,0.0,sensodat,1,20261002,0,Uniform,uniform,0.05,39228.18094513416,935,12135,4322
69,0,4253,69,0.015964831096714482,1.0,652,39229.08035993576,0.8994148015990504,0.04302639048546553,0,0,0.0,sensodat,1,20261002,0,FailRerun,failrerun,0.05,39228.18094513416,935,12135,4322
0,0,4322,0,0.0,0.0,647,39237.23777508736,9.05682995319512,0.10411369474604726,0,0,0.0,sensodat,1,20261002,0,APGAI,apgai,0.05,39228.18094513416,935,12135,4322
64,0,4258,64,0.014807959278111986,1.0,1610,39268.45435881615,40.2734136819854,0.06867339042946696,1610,0,0.0,sensodat,1,20261002,0,ScoreCost,scorecost,0.05,39228.18094513416,935,12135,4322
82,0,4240,82,0.01897269782508098,1.0,902,39283.39669728279,55.21575214862969,0.13404250284656882,902,0,0.0,sensodat,1,20261002,0,ReproAlloc,ercc_mean,0.05,39228.18094513416,935,12135,4322
82,0,4240,82,0.01897269782508098,1.0,883,39241.14326477051,12.962319636346365,0.12959088990464807,883,0,0.0,sensodat,1,20261002,0,ReproAlloc-OA,ercc_outcome,0.05,39228.18094513416,935,12135,4322
81,0,4241,81,0.018741323461360482,1.0,984,39241.38712596893,13.206180834771658,0.4761347030289471,984,0,0.0,sensodat,1,20261002,0,ReproAlloc-Optimistic,ercc_optimistic,0.05,39228.18094513416,935,12135,4322
0,0,4322,0,0.0,0.0,626,39269.768357753754,41.587412619592214,0.006736788898706436,0,0,0.0,sensodat,1,20261002,1,Uniform,uniform,0.05,39228.18094513416,935,12135,4322
69,0,4253,69,0.015964831096714482,1.0,652,39229.08035993576,0.8994148015990504,0.025696396362036467,0,0,0.0,sensodat,1,20261002,1,FailRerun,failrerun,0.05,39228.18094513416,935,12135,4322
0,0,4322,0,0.0,0.0,647,39237.23777508736,9.05682995319512,0.08653139229863882,0,0,0.0,sensodat,1,20261002,1,APGAI,apgai,0.05,39228.18094513416,935,12135,4322
64,0,4258,64,0.014807959278111986,1.0,1610,39268.45435881615,40.2734136819854,0.06323769083246589,1610,0,0.0,sensodat,1,20261002,1,ScoreCost,scorecost,0.05,39228.18094513416,935,12135,4322
83,0,4239,83,0.01920407218880148,1.0,900,39268.455654382706,40.27470924854424,0.14455949887633324,900,0,0.0,sensodat,1,20261002,1,ReproAlloc,ercc_mean,0.05,39228.18094513416,935,12135,4322
82,0,4240,82,0.01897269782508098,1.0,883,39241.14326477051,12.962319636346365,0.13262159889563918,883,0,0.0,sensodat,1,20261002,1,ReproAlloc-OA,ercc_outcome,0.05,39228.18094513416,935,12135,4322
81,0,4241,81,0.018741323461360482,1.0,984,39241.38712596893,13.206180834771658,0.4560053935274482,984,0,0.0,sensodat,1,20261002,1,ReproAlloc-Optimistic,ercc_optimistic,0.05,39228.18094513416,935,12135,4322
0,0,4322,0,0.0,0.0,604,39321.47036099434,93.28941586017754,0.006391999777406454,0,0,0.0,sensodat,1,20261002,2,Uniform,uniform,0.05,39228.18094513416,935,12135,4322
69,0,4253,69,0.015964831096714482,1.0,652,39229.08035993576,0.8994148015990504,0.025239801965653896,0,0,0.0,sensodat,1,20261002,2,FailRerun,failrerun,0.05,39228.18094513416,935,12135,4322
0,0,4322,0,0.0,0.0,647,39237.23777508736,9.05682995319512,0.08283359790220857,0,0,0.0,sensodat,1,20261002,2,APGAI,apgai,0.05,39228.18094513416,935,12135,4322
64,0,4258,64,0.014807959278111986,1.0,1610,39268.45435881615,40.2734136819854,0.059419209603220224,1610,0,0.0,sensodat,1,20261002,2,ScoreCost,scorecost,0.05,39228.18094513416,935,12135,4322
81,0,4241,81,0.018741323461360482,1.0,896,39274.07416200638,45.893216872216726,0.14052091259509325,896,0,0.0,sensodat,1,20261002,2,ReproAlloc,ercc_mean,0.05,39228.18094513416,935,12135,4322
82,0,4240,82,0.01897269782508098,1.0,883,39241.14326477051,12.962319636346365,0.1254003094509244,883,0,0.0,sensodat,1,20261002,2,ReproAlloc-OA,ercc_outcome,0.05,39228.18094513416,935,12135,4322
81,0,4241,81,0.018741323461360482,1.0,984,39241.38712596893,13.206180834771658,0.46921511134132743,984,0,0.0,sensodat,1,20261002,2,ReproAlloc-Optimistic,ercc_optimistic,0.05,39228.18094513416,935,12135,4322
0,0,4322,0,0.0,0.0,1222,78517.6894955635,61.327605295184185,0.015170809347182512,0,0,0.0,sensodat,1,20261002,0,Uniform,uniform,0.1,78456.36189026832,1869,12135,4322
137,0,4185,137,0.03169828782970847,1.0,1292,78488.0523853302,31.6904950618773,0.05547421518713236,0,0,0.0,sensodat,1,20261002,0,FailRerun,failrerun,0.1,78456.36189026832,1869,12135,4322
0,0,4322,0,0.0,0.0,1248,78506.22145915031,49.859568881991436,0.16722650593146682,0,0,0.0,sensodat,1,20261002,0,APGAI,apgai,0.1,78456.36189026832,1869,12135,4322
145,0,4177,145,0.03354928273947247,1.0,3232,78486.197214365,29.835324096682598,0.11546028079465032,3232,0,0.0,sensodat,1,20261002,0,ScoreCost,scorecost,0.1,78456.36189026832,1869,12135,4322
161,0,4161,161,0.037251272559000466,1.0,1736,78506.03660917282,49.67471890449815,0.2973776161670685,1736,0,0.0,sensodat,1,20261002,0,ReproAlloc,ercc_mean,0.1,78456.36189026832,1869,12135,4322
162,0,4160,162,0.037482646922720964,1.0,1680,78466.33099031448,9.969100046160747,0.24935028608888388,1680,0,0.0,sensodat,1,20261002,0,ReproAlloc-OA,ercc_outcome,0.1,78456.36189026832,1869,12135,4322
168,0,4154,168,0.03887089310504396,1.0,2101,78491.46063828468,35.09874801636033,1.0617452766746283,2101,0,0.0,sensodat,1,20261002,0,ReproAlloc-Optimistic,ercc_optimistic,0.1,78456.36189026832,1869,12135,4322
0,0,4322,0,0.0,0.0,1226,78467.2377307415,10.87584047317796,0.013361495919525623,0,0,0.0,sensodat,1,20261002,1,Uniform,uniform,0.1,78456.36189026832,1869,12135,4322
137,0,4185,137,0.03169828782970847,1.0,1292,78488.0523853302,31.6904950618773,0.05399279575794935,0,0,0.0,sensodat,1,20261002,1,FailRerun,failrerun,0.1,78456.36189026832,1869,12135,4322
0,0,4322,0,0.0,0.0,1248,78506.22145915031,49.859568881991436,0.16835940117016435,0,0,0.0,sensodat,1,20261002,1,APGAI,apgai,0.1,78456.36189026832,1869,12135,4322
145,0,4177,145,0.03354928273947247,1.0,3232,78486.197214365,29.835324096682598,0.13434453262016177,3232,0,0.0,sensodat,1,20261002,1,ScoreCost,scorecost,0.1,78456.36189026832,1869,12135,4322
160,0,4162,160,0.03701989819527996,1.0,1736,78510.5632686615,54.20137839317613,0.284897206351161,1736,0,0.0,sensodat,1,20261002,1,ReproAlloc,ercc_mean,0.1,78456.36189026832,1869,12135,4322
162,0,4160,162,0.037482646922720964,1.0,1680,78466.33099031448,9.969100046160747,0.3049314897507429,1680,0,0.0,sensodat,1,20261002,1,ReproAlloc-OA,ercc_outcome,0.1,78456.36189026832,1869,12135,4322
173,0,4149,173,0.04002776492364646,1.0,2145,78561.48629975319,105.12440948486619,1.13654380524531,2145,0,0.0,sensodat,1,20261002,1,ReproAlloc-Optimistic,ercc_optimistic,0.1,78456.36189026832,1869,12135,4322
0,0,4322,0,0.0,0.0,1195,78490.24017095566,33.878280687335064,0.013713297434151173,0,0,0.0,sensodat,1,20261002,2,Uniform,uniform,0.1,78456.36189026832,1869,12135,4322
137,0,4185,137,0.03169828782970847,1.0,1292,78488.0523853302,31.6904950618773,0.056333388201892376,0,0,0.0,sensodat,1,20261002,2,FailRerun,failrerun,0.1,78456.36189026832,1869,12135,4322
0,0,4322,0,0.0,0.0,1248,78506.22145915031,49.859568881991436,0.16905358619987965,0,0,0.0,sensodat,1,20261002,2,APGAI,apgai,0.1,78456.36189026832,1869,12135,4322
145,0,4177,145,0.03354928273947247,1.0,3232,78486.197214365,29.835324096682598,0.14399889204651117,3232,0,0.0,sensodat,1,20261002,2,ScoreCost,scorecost,0.1,78456.36189026832,1869,12135,4322
161,0,4161,161,0.037251272559000466,1.0,1739,78488.57884073257,32.21695046425157,0.28847819566726685,1739,0,0.0,sensodat,1,20261002,2,ReproAlloc,ercc_mean,0.1,78456.36189026832,1869,12135,4322
162,0,4160,162,0.037482646922720964,1.0,1680,78466.33099031448,9.969100046160747,0.25574899930506945,1680,0,0.0,sensodat,1,20261002,2,ReproAlloc-OA,ercc_outcome,0.1,78456.36189026832,1869,12135,4322
168,0,4154,168,0.03887089310504396,1.0,2078,78494.7602725029,38.398382234576275,1.0675489059649408,2078,0,0.0,sensodat,1,20261002,2,ReproAlloc-Optimistic,ercc_optimistic,0.1,78456.36189026832,1869,12135,4322
0,0,4322,0,0.0,0.0,2392,157011.60616993904,98.88238940239535,0.02526140259578824,0,0,0.0,sensodat,1,20261002,0,Uniform,uniform,0.2,156912.72378053665,3737,12135,4322
288,0,4034,288,0.06663581675150393,1.0,2749,156945.1973953247,32.47361478806124,0.11263168696314096,0,0,0.0,sensodat,1,20261002,0,FailRerun,failrerun,0.2,156912.72378053665,3737,12135,4322
0,0,4322,0,0.0,0.0,2429,157003.61321759224,90.88943705559359,0.355486196000129,0,0,0.0,sensodat,1,20261002,0,APGAI,apgai,0.2,156912.72378053665,3737,12135,4322
275,0,4047,275,0.06362795002313744,1.0,6368,156949.61120581627,36.88742527962313,0.24843888310715556,6368,0,0.0,sensodat,1,20261002,0,ScoreCost,scorecost,0.2,156912.72378053665,3737,12135,4322
328,0,3994,328,0.07589079130032392,1.0,3418,156917.66871070862,4.9449301719723735,0.6134124267846346,3418,0,0.0,sensodat,1,20261002,0,ReproAlloc,ercc_mean,0.2,156912.72378053665,3737,12135,4322
331,0,3991,331,0.07658491439148542,1.0,3317,156930.5848133564,17.861032819753746,0.5386329083703458,3317,0,0.0,sensodat,1,20261002,0,ReproAlloc-OA,ercc_outcome,0.2,156912.72378053665,3737,12135,4322
330,0,3992,330,0.07635354002776493,1.0,3922,156915.5556921959,2.8319116592465434,1.9974407777190208,3922,0,0.0,sensodat,1,20261002,0,ReproAlloc-Optimistic,ercc_optimistic,0.2,156912.72378053665,3737,12135,4322
0,0,4322,0,0.0,0.0,2430,156971.67474460602,58.950964069372276,0.030926712788641453,0,0,0.0,sensodat,1,20261002,1,Uniform,uniform,0.2,156912.72378053665,3737,12135,4322
288,0,4034,288,0.06663581675150393,1.0,2749,156945.1973953247,32.47361478806124,0.12673964304849505,0,0,0.0,sensodat,1,20261002,1,FailRerun,failrerun,0.2,156912.72378053665,3737,12135,4322
0,0,4322,0,0.0,0.0,2429,157003.61321759224,90.88943705559359,0.3461032877676189,0,0,0.0,sensodat,1,20261002,1,APGAI,apgai,0.2,156912.72378053665,3737,12135,4322
275,0,4047,275,0.06362795002313744,1.0,6368,156949.61120581627,36.88742527962313,0.2435190873220563,6368,0,0.0,sensodat,1,20261002,1,ScoreCost,scorecost,0.2,156912.72378053665,3737,12135,4322
329,0,3993,329,0.07612216566404442,1.0,3419,156974.8368973732,62.11311683655367,0.5782182300463319,3419,0,0.0,sensodat,1,20261002,1,ReproAlloc,ercc_mean,0.2,156912.72378053665,3737,12135,4322
331,0,3991,331,0.07658491439148542,1.0,3317,156930.5848133564,17.861032819753746,0.5287476326338947,3317,0,0.0,sensodat,1,20261002,1,ReproAlloc-OA,ercc_outcome,0.2,156912.72378053665,3737,12135,4322
329,0,3993,329,0.07612216566404442,1.0,3901,156961.90491580963,49.18113527298556,2.011762617621571,3901,0,0.0,sensodat,1,20261002,1,ReproAlloc-Optimistic,ercc_optimistic,0.2,156912.72378053665,3737,12135,4322
0,0,4322,0,0.0,0.0,2418,156977.4520084858,64.72822794914828,0.02562739560380578,0,0,0.0,sensodat,1,20261002,2,Uniform,uniform,0.2,156912.72378053665,3737,12135,4322
288,0,4034,288,0.06663581675150393,1.0,2749,156945.1973953247,32.47361478806124,0.11550277518108487,0,0,0.0,sensodat,1,20261002,2,FailRerun,failrerun,0.2,156912.72378053665,3737,12135,4322
0,0,4322,0,0.0,0.0,2429,157003.61321759224,90.88943705559359,0.33381189592182636,0,0,0.0,sensodat,1,20261002,2,APGAI,apgai,0.2,156912.72378053665,3737,12135,4322
275,0,4047,275,0.06362795002313744,1.0,6368,156949.61120581627,36.88742527962313,0.24533889815211296,6368,0,0.0,sensodat,1,20261002,2,ScoreCost,scorecost,0.2,156912.72378053665,3737,12135,4322
329,0,3993,329,0.07612216566404442,1.0,3419,156974.8368973732,62.11311683655367,0.5829462059773505,3419,0,0.0,sensodat,1,20261002,2,ReproAlloc,ercc_mean,0.2,156912.72378053665,3737,12135,4322
331,0,3991,331,0.07658491439148542,1.0,3317,156930.5848133564,17.861032819753746,0.5251114154234529,3317,0,0.0,sensodat,1,20261002,2,ReproAlloc-OA,ercc_outcome,0.2,156912.72378053665,3737,12135,4322
340,0,3982,340,0.07866728366496992,1.0,3977,156968.7181174755,55.99433693886385,2.153538999147713,3977,0,0.0,sensodat,1,20261002,2,ReproAlloc-Optimistic,ercc_optimistic,0.2,156912.72378053665,3737,12135,4322
0,0,4322,0,0.0,0.0,600,39284.19004321098,56.00909807682183,0.008773809298872948,0,0,0.0,sensodat,2,20261003,0,Uniform,uniform,0.05,39228.18094513416,931,12135,4322
68,0,4254,68,0.015733456732993985,1.0,631,39310.732290029526,82.55134489536431,0.04137240257114172,0,0,0.0,sensodat,2,20261003,0,FailRerun,failrerun,0.05,39228.18094513416,931,12135,4322
0,0,4322,0,0.0,0.0,635,39230.71076583862,2.5298207044615992,0.09660849859938025,0,0,0.0,sensodat,2,20261003,0,APGAI,apgai,0.05,39228.18094513416,931,12135,4322
75,0,4247,75,0.017353077279037482,1.0,1595,39236.72685217857,8.54590704441216,0.06778140878304839,1595,0,0.0,sensodat,2,20261003,0,ScoreCost,scorecost,0.05,39228.18094513416,931,12135,4322
86,0,4236,86,0.01989819527996298,1.0,932,39259.018131017685,30.83718588352349,0.14596341038122773,932,0,0.0,sensodat,2,20261003,0,ReproAlloc,ercc_mean,0.05,39228.18094513416,931,12135,4322
87,0,4235,87,0.02012956964368348,1.0,925,39276.066122055054,47.88517692089226,0.14869479322806,925,0,0.0,sensodat,2,20261003,0,ReproAlloc-OA,ercc_outcome,0.05,39228.18094513416,931,12135,4322
86,0,4236,86,0.01989819527996298,1.0,1048,39275.68840932846,47.507464194299246,0.5238642049953341,1048,0,0.0,sensodat,2,20261003,0,ReproAlloc-Optimistic,ercc_optimistic,0.05,39228.18094513416,931,12135,4322
0,0,4322,0,0.0,0.0,603,39299.55373430252,71.3727891683593,0.006615700665861368,0,0,0.0,sensodat,2,20261003,1,Uniform,uniform,0.05,39228.18094513416,931,12135,4322
68,0,4254,68,0.015733456732993985,1.0,631,39310.732290029526,82.55134489536431,0.026606308296322823,0,0,0.0,sensodat,2,20261003,1,FailRerun,failrerun,0.05,39228.18094513416,931,12135,4322
0,0,4322,0,0.0,0.0,635,39230.71076583862,2.5298207044615992,0.08640771126374602,0,0,0.0,sensodat,2,20261003,1,APGAI,apgai,0.05,39228.18094513416,931,12135,4322
75,0,4247,75,0.017353077279037482,1.0,1595,39236.72685217857,8.54590704441216,0.0611071134917438,1595,0,0.0,sensodat,2,20261003,1,ScoreCost,scorecost,0.05,39228.18094513416,931,12135,4322
85,0,4237,85,0.01966682091624248,1.0,927,39235.5614259243,7.3804807901397,0.13951939949765801,927,0,0.0,sensodat,2,20261003,1,ReproAlloc,ercc_mean,0.05,39228.18094513416,931,12135,4322
87,0,4235,87,0.02012956964368348,1.0,925,39276.066122055054,47.88517692089226,0.12747890362516046,925,0,0.0,sensodat,2,20261003,1,ReproAlloc-OA,ercc_outcome,0.05,39228.18094513416,931,12135,4322
83,0,4239,83,0.01920407218880148,1.0,1032,39250.34846830368,22.167523169518972,0.591535999905318,1032,0,0.0,sensodat,2,20261003,1,ReproAlloc-Optimistic,ercc_optimistic,0.05,39228.18094513416,931,12135,4322
0,0,4322,0,0.0,0.0,609,39266.01455593109,37.83361079692986,0.008262808434665203,0,0,0.0,sensodat,2,20261003,2,Uniform,uniform,0.05,39228.18094513416,931,12135,4322
68,0,4254,68,0.015733456732993985,1.0,631,39310.732290029526,82.55134489536431,0.024789005052298307,0,0,0.0,sensodat,2,20261003,2,FailRerun,failrerun,0.05,39228.18094513416,931,12135,4322
0,0,4322,0,0.0,0.0,635,39230.71076583862,2.5298207044615992,0.09116408182308078,0,0,0.0,sensodat,2,20261003,2,APGAI,apgai,0.05,39228.18094513416,931,12135,4322
75,0,4247,75,0.017353077279037482,1.0,1595,39236.72685217857,8.54590704441216,0.06853909930214286,1595,0,0.0,sensodat,2,20261003,2,ScoreCost,scorecost,0.05,39228.18094513416,931,12135,4322
85,0,4237,85,0.01966682091624248,1.0,938,39252.87619447708,24.69524934291985,0.15728649217635393,938,0,0.0,sensodat,2,20261003,2,ReproAlloc,ercc_mean,0.05,39228.18094513416,931,12135,4322
87,0,4235,87,0.02012956964368348,1.0,925,39276.066122055054,47.88517692089226,0.13825290044769645,925,0,0.0,sensodat,2,20261003,2,ReproAlloc-OA,ercc_outcome,0.05,39228.18094513416,931,12135,4322
91,0,4231,91,0.02105506709856548,1.0,1095,39237.643560647964,9.46261551380303,0.5152377071790397,1095,0,0.0,sensodat,2,20261003,2,ReproAlloc-Optimistic,ercc_optimistic,0.05,39228.18094513416,931,12135,4322
0,0,4322,0,0.0,0.0,1230,78531.01359462738,74.65170435905748,0.01429329626262188,0,0,0.0,sensodat,2,20261003,0,Uniform,uniform,0.1,78456.36189026832,1860,12135,4322
141,0,4181,141,0.032623785284590465,1.0,1326,78509.13974237442,52.77785210609727,0.05352720618247986,0,0,0.0,sensodat,2,20261003,0,FailRerun,failrerun,0.1,78456.36189026832,1860,12135,4322
0,0,4322,0,0.0,0.0,1262,78464.06450462341,7.702614355090191,0.17223851894959807,0,0,0.0,sensodat,2,20261003,0,APGAI,apgai,0.1,78456.36189026832,1860,12135,4322
137,0,4185,137,0.03169828782970847,1.0,3270,78498.65436911583,42.29247884750657,0.12193136941641569,3270,0,0.0,sensodat,2,20261003,0,ScoreCost,scorecost,0.1,78456.36189026832,1860,12135,4322
168,0,4154,168,0.03887089310504396,1.0,1778,78541.02621293068,84.66432266235643,0.3261495912447572,1778,0,0.0,sensodat,2,20261003,0,ReproAlloc,ercc_mean,0.1,78456.36189026832,1860,12135,4322
169,0,4153,169,0.03910226746876446,1.0,1767,78516.57314300537,60.2112527370482,0.2587303947657347,1767,0,0.0,sensodat,2,20261003,0,ReproAlloc-OA,ercc_outcome,0.1,78456.36189026832,1860,12135,4322
168,0,4154,168,0.03887089310504396,1.0,2193,78499.52836680412,43.16647653580003,1.1674448060803115,2193,0,0.0,sensodat,2,20261003,0,ReproAlloc-Optimistic,ercc_optimistic,0.1,78456.36189026832,1860,12135,4322
0,0,4322,0,0.0,0.0,1207,78457.70825052261,1.34636025429063,0.012474793940782547,0,0,0.0,sensodat,2,20261003,1,Uniform,uniform,0.1,78456.36189026832,1860,12135,4322
141,0,4181,141,0.032623785284590465,1.0,1326,78509.13974237442,52.77785210609727,0.055449001025408506,0,0,0.0,sensodat,2,20261003,1,FailRerun,failrerun,0.1,78456.36189026832,1860,12135,4322
0,0,4322,0,0.0,0.0,1262,78464.06450462341,7.702614355090191,0.17710930341854692,0,0,0.0,sensodat,2,20261003,1,APGAI,apgai,0.1,78456.36189026832,1860,12135,4322
137,0,4185,137,0.03169828782970847,1.0,3270,78498.65436911583,42.29247884750657,0.1346454918384552,3270,0,0.0,sensodat,2,20261003,1,ScoreCost,scorecost,0.1,78456.36189026832,1860,12135,4322
166,0,4156,166,0.03840814437760296,1.0,1772,78459.96299934387,3.601109075549175,0.30415841145440936,1772,0,0.0,sensodat,2,20261003,1,ReproAlloc,ercc_mean,0.1,78456.36189026832,1860,12135,4322
169,0,4153,169,0.03910226746876446,1.0,1767,78516.57314300537,60.2112527370482,0.2652690806426108,1767,0,0.0,sensodat,2,20261003,1,ReproAlloc-OA,ercc_outcome,0.1,78456.36189026832,1860,12135,4322
166,0,4156,166,0.03840814437760296,1.0,2167,78457.24629473686,0.8844044685392873,1.171624990645796,2167,0,0.0,sensodat,2,20261003,1,ReproAlloc-Optimistic,ercc_optimistic,0.1,78456.36189026832,1860,12135,4322
0,0,4322,0,0.0,0.0,1209,78501.45536613464,45.09347586632066,0.014217603486031294,0,0,0.0,sensodat,2,20261003,2,Uniform,uniform,0.1,78456.36189026832,1860,12135,4322
141,0,4181,141,0.032623785284590465,1.0,1326,78509.13974237442,52.77785210609727,0.0596753116697073,0,0,0.0,sensodat,2,20261003,2,FailRerun,failrerun,0.1,78456.36189026832,1860,12135,4322
0,0,4322,0,0.0,0.0,1262,78464.06450462341,7.702614355090191,0.17191757448017597,0,0,0.0,sensodat,2,20261003,2,APGAI,apgai,0.1,78456.36189026832,1860,12135,4322
137,0,4185,137,0.03169828782970847,1.0,3270,78498.65436911583,42.29247884750657,0.13384642731398344,3270,0,0.0,sensodat,2,20261003,2,ScoreCost,scorecost,0.1,78456.36189026832,1860,12135,4322
167,0,4155,167,0.03863951874132346,1.0,1765,78500.940813303,44.57892303467088,0.29972612019628286,1765,0,0.0,sensodat,2,20261003,2,ReproAlloc,ercc_mean,0.1,78456.36189026832,1860,12135,4322
169,0,4153,169,0.03910226746876446,1.0,1767,78516.57314300537,60.2112527370482,0.27356978692114353,1767,0,0.0,sensodat,2,20261003,2,ReproAlloc-OA,ercc_outcome,0.1,78456.36189026832,1860,12135,4322
170,0,4152,170,0.03933364183248496,1.0,2202,78545.60925650597,89.24736623764329,1.1457186075858772,2202,0,0.0,sensodat,2,20261003,2,ReproAlloc-Optimistic,ercc_optimistic,0.1,78456.36189026832,1860,12135,4322
0,0,4322,0,0.0,0.0,2424,156916.85668683052,4.132906293874839,0.026314791291952133,0,0,0.0,sensodat,2,20261003,0,Uniform,uniform,0.2,156912.72378053665,3719,12135,4322
291,0,4031,291,0.06732993984266543,1.0,2769,156953.1726717949,40.44889125824557,0.12605050066486,0,0,0.0,sensodat,2,20261003,0,FailRerun,failrerun,0.2,156912.72378053665,3719,12135,4322
0,0,4322,0,0.0,0.0,2441,156925.00812268257,12.28434214592562,0.3505891817621887,0,0,0.0,sensodat,2,20261003,0,APGAI,apgai,0.2,156912.72378053665,3719,12135,4322
281,0,4041,281,0.06501619620546044,1.0,6725,156918.43386173248,5.71008119583712,0.26502788392826915,6725,0,0.0,sensodat,2,20261003,0,ScoreCost,scorecost,0.2,156912.72378053665,3719,12135,4322
313,0,4009,313,0.07242017584451643,1.0,3259,156969.64463043213,56.920849895483116,0.5616151345893741,3259,0,0.0,sensodat,2,20261003,0,ReproAlloc,ercc_mean,0.2,156912.72378053665,3719,12135,4322
316,0,4006,316,0.07311429893567793,1.0,3176,156964.76637911797,52.04259858131991,0.5207208013162017,3176,0,0.0,sensodat,2,20261003,0,ReproAlloc-OA,ercc_outcome,0.2,156912.72378053665,3719,12135,4322
339,0,3983,339,0.07843590930124943,1.0,4136,156927.3558382988,14.632057762151817,2.2994112973101437,4136,0,0.0,sensodat,2,20261003,0,ReproAlloc-Optimistic,ercc_optimistic,0.2,156912.72378053665,3719,12135,4322
0,0,4322,0,0.0,0.0,2419,156951.00969696045,38.28591642380343,0.0243913852609694,0,0,0.0,sensodat,2,20261003,1,Uniform,uniform,0.2,156912.72378053665,3719,12135,4322
291,0,4031,291,0.06732993984266543,1.0,2769,156953.1726717949,40.44889125824557,0.11520560830831528,0,0,0.0,sensodat,2,20261003,1,FailRerun,failrerun,0.2,156912.72378053665,3719,12135,4322
0,0,4322,0,0.0,0.0,2441,156925.00812268257,12.28434214592562,0.35405358392745256,0,0,0.0,sensodat,2,20261003,1,APGAI,apgai,0.2,156912.72378053665,3719,12135,4322
281,0,4041,281,0.06501619620546044,1.0,6725,156918.43386173248,5.71008119583712,0.27839558850973845,6725,0,0.0,sensodat,2,20261003,1,ScoreCost,scorecost,0.2,156912.72378053665,3719,12135,4322
312,0,4010,312,0.07218880148079593,1.0,3245,156920.0042848587,7.280504322057823,0.5989751941524446,3245,0,0.0,sensodat,2,20261003,1,ReproAlloc,ercc_mean,0.2,156912.72378053665,3719,12135,4322
316,0,4006,316,0.07311429893567793,1.0,3176,156964.76637911797,52.04259858131991,0.4965896769426763,3176,0,0.0,sensodat,2,20261003,1,ReproAlloc-OA,ercc_outcome,0.2,156912.72378053665,3719,12135,4322
339,0,3983,339,0.07843590930124943,1.0,4136,156927.3558382988,14.632057762151817,2.311675605364144,4136,0,0.0,sensodat,2,20261003,1,ReproAlloc-Optimistic,ercc_optimistic,0.2,156912.72378053665,3719,12135,4322
0,0,4322,0,0.0,0.0,2442,156975.97925806046,63.25547752380953,0.026850111782550812,0,0,0.0,sensodat,2,20261003,2,Uniform,uniform,0.2,156912.72378053665,3719,12135,4322
291,0,4031,291,0.06732993984266543,1.0,2769,156953.1726717949,40.44889125824557,0.12672478891909122,0,0,0.0,sensodat,2,20261003,2,FailRerun,failrerun,0.2,156912.72378053665,3719,12135,4322
0,0,4322,0,0.0,0.0,2441,156925.00812268257,12.28434214592562,0.3547866106964648,0,0,0.0,sensodat,2,20261003,2,APGAI,apgai,0.2,156912.72378053665,3719,12135,4322
281,0,4041,281,0.06501619620546044,1.0,6725,156918.43386173248,5.71008119583712,0.25912402756512165,6725,0,0.0,sensodat,2,20261003,2,ScoreCost,scorecost,0.2,156912.72378053665,3719,12135,4322
312,0,4010,312,0.07218880148079593,1.0,3244,156925.7958893776,13.072108840948204,0.5468153809197247,3244,0,0.0,sensodat,2,20261003,2,ReproAlloc,ercc_mean,0.2,156912.72378053665,3719,12135,4322
316,0,4006,316,0.07311429893567793,1.0,3176,156964.76637911797,52.04259858131991,0.5103232660330832,3176,0,0.0,sensodat,2,20261003,2,ReproAlloc-OA,ercc_outcome,0.2,156912.72378053665,3719,12135,4322
339,0,3983,339,0.07843590930124943,1.0,4136,156927.3558382988,14.632057762151817,2.1812857114709914,4136,0,0.0,sensodat,2,20261003,2,ReproAlloc-Optimistic,ercc_optimistic,0.2,156912.72378053665,3719,12135,4322
0,0,4322,0,0.0,0.0,596,39244.62140035629,16.440455222131277,0.009934497997164726,0,0,0.0,sensodat,3,20261004,0,Uniform,uniform,0.05,39228.18094513416,927,12135,4322
73,0,4249,73,0.016890328551596483,1.0,685,39275.34330391884,47.16235878467705,0.061759497970342636,0,0,0.0,sensodat,3,20261004,0,FailRerun,failrerun,0.05,39228.18094513416,927,12135,4322
0,0,4322,0,0.0,0.0,650,39292.67762684822,64.49668171405938,0.09616629965603352,0,0,0.0,sensodat,3,20261004,0,APGAI,apgai,0.05,39228.18094513416,927,12135,4322
73,0,4249,73,0.016890328551596483,1.0,1591,39261.448554039,33.26760890484002,0.061527003068476915,1591,0,0.0,sensodat,3,20261004,0,ScoreCost,scorecost,0.05,39228.18094513416,927,12135,4322
89,0,4233,89,0.02059231837112448,1.0,948,39265.16705775261,36.986112618447805,0.14911589957773685,948,0,0.0,sensodat,3,20261004,0,ReproAlloc,ercc_mean,0.05,39228.18094513416,927,12135,4322
90,0,4232,90,0.020823692734844978,1.0,960,39288.20457434654,60.02362921238091,0.142867898568511,960,0,0.0,sensodat,3,20261004,0,ReproAlloc-OA,ercc_outcome,0.05,39228.18094513416,927,12135,4322
87,0,4235,87,0.02012956964368348,1.0,1033,39235.62487077713,7.443925642968679,0.5029350044205785,1033,0,0.0,sensodat,3,20261004,0,ReproAlloc-Optimistic,ercc_optimistic,0.05,39228.18094513416,927,12135,4322
0,0,4322,0,0.0,0.0,613,39229.12095165253,0.9400065183654078,0.00802089599892497,0,0,0.0,sensodat,3,20261004,1,Uniform,uniform,0.05,39228.18094513416,927,12135,4322
73,0,4249,73,0.016890328551596483,1.0,685,39275.34330391884,47.16235878467705,0.028522808104753494,0,0,0.0,sensodat,3,20261004,1,FailRerun,failrerun,0.05,39228.18094513416,927,12135,4322
0,0,4322,0,0.0,0.0,650,39292.67762684822,64.49668171405938,0.09106840007007122,0,0,0.0,sensodat,3,20261004,1,APGAI,apgai,0.05,39228.18094513416,927,12135,4322
73,0,4249,73,0.016890328551596483,1.0,1591,39261.448554039,33.26760890484002,0.06718350481241941,1591,0,0.0,sensodat,3,20261004,1,ScoreCost,scorecost,0.05,39228.18094513416,927,12135,4322
91,0,4231,91,0.02105506709856548,1.0,986,39246.39493393898,18.213988804818655,0.200954407453537,986,0,0.0,sensodat,3,20261004,1,ReproAlloc,ercc_mean,0.05,39228.18094513416,927,12135,4322
90,0,4232,90,0.020823692734844978,1.0,960,39288.20457434654,60.02362921238091,0.15401289938017726,960,0,0.0,sensodat,3,20261004,1,ReproAlloc-OA,ercc_outcome,0.05,39228.18094513416,927,12135,4322
90,0,4232,90,0.020823692734844978,1.0,1050,39248.726709127426,20.5457639932647,0.4960914100520313,1050,0,0.0,sensodat,3,20261004,1,ReproAlloc-Optimistic,ercc_optimistic,0.05,39228.18094513416,927,12135,4322
0,0,4322,0,0.0,0.0,608,39316.51924037933,88.33829524517205,0.006230102386325598,0,0,0.0,sensodat,3,20261004,2,Uniform,uniform,0.05,39228.18094513416,927,12135,4322
73,0,4249,73,0.016890328551596483,1.0,685,39275.34330391884,47.16235878467705,0.026638201903551817,0,0,0.0,sensodat,3,20261004,2,FailRerun,failrerun,0.05,39228.18094513416,927,12135,4322
0,0,4322,0,0.0,0.0,650,39292.67762684822,64.49668171405938,0.09615711169317365,0,0,0.0,sensodat,3,20261004,2,APGAI,apgai,0.05,39228.18094513416,927,12135,4322
73,0,4249,73,0.016890328551596483,1.0,1591,39261.448554039,33.26760890484002,0.06079860823228955,1591,0,0.0,sensodat,3,20261004,2,ScoreCost,scorecost,0.05,39228.18094513416,927,12135,4322
91,0,4231,91,0.02105506709856548,1.0,968,39261.98894262314,33.80799748897698,0.14937718398869038,968,0,0.0,sensodat,3,20261004,2,ReproAlloc,ercc_mean,0.05,39228.18094513416,927,12135,4322
90,0,4232,90,0.020823692734844978,1.0,960,39288.20457434654,60.02362921238091,0.14720189198851585,960,0,0.0,sensodat,3,20261004,2,ReproAlloc-OA,ercc_outcome,0.05,39228.18094513416,927,12135,4322
87,0,4235,87,0.02012956964368348,1.0,1014,39250.74437379837,22.563428664208914,0.5137351001612842,1014,0,0.0,sensodat,3,20261004,2,ReproAlloc-Optimistic,ercc_optimistic,0.05,39228.18094513416,927,12135,4322
0,0,4322,0,0.0,0.0,1206,78497.13193273544,40.77004246712022,0.015193508472293615,0,0,0.0,sensodat,3,20261004,0,Uniform,uniform,0.1,78456.36189026832,1853,12135,4322
149,0,4173,149,0.03447478019435447,1.0,1403,78509.13494253159,52.7730522632628,0.05587979778647423,0,0,0.0,sensodat,3,20261004,0,FailRerun,failrerun,0.1,78456.36189026832,1853,12135,4322
0,0,4322,0,0.0,0.0,1250,78526.23526835442,69.873378086093,0.1792895020917058,0,0,0.0,sensodat,3,20261004,0,APGAI,apgai,0.1,78456.36189026832,1853,12135,4322
146,0,4176,146,0.03378065710319297,1.0,3171,78477.35272860527,20.99083833694749,0.13167868833988905,3171,0,0.0,sensodat,3,20261004,0,ScoreCost,scorecost,0.1,78456.36189026832,1853,12135,4322
168,0,4154,168,0.03887089310504396,1.0,1751,78503.22414660454,46.86225633621507,0.28063400834798813,1751,0,0.0,sensodat,3,20261004,0,ReproAlloc,ercc_mean,0.1,78456.36189026832,1853,12135,4322
169,0,4153,169,0.03910226746876446,1.0,1726,78478.5880291462,22.226138877871563,0.2800270873121917,1726,0,0.0,sensodat,3,20261004,0,ReproAlloc-OA,ercc_outcome,0.1,78456.36189026832,1853,12135,4322
172,0,4150,172,0.03979639055992596,1.0,2172,78458.91899418831,2.5571039199858205,1.2314081001095474,2172,0,0.0,sensodat,3,20261004,0,ReproAlloc-Optimistic,ercc_optimistic,0.1,78456.36189026832,1853,12135,4322
0,0,4322,0,0.0,0.0,1217,78457.11337137222,0.7514811039000051,0.015289196744561195,0,0,0.0,sensodat,3,20261004,1,Uniform,uniform,0.1,78456.36189026832,1853,12135,4322
149,0,4173,149,0.03447478019435447,1.0,1403,78509.13494253159,52.7730522632628,0.06828150851652026,0,0,0.0,sensodat,3,20261004,1,FailRerun,failrerun,0.1,78456.36189026832,1853,12135,4322
0,0,4322,0,0.0,0.0,1250,78526.23526835442,69.873378086093,0.18292381335049868,0,0,0.0,sensodat,3,20261004,1,APGAI,apgai,0.1,78456.36189026832,1853,12135,4322
146,0,4176,146,0.03378065710319297,1.0,3171,78477.35272860527,20.99083833694749,0.12313050776720047,3171,0,0.0,sensodat,3,20261004,1,ScoreCost,scorecost,0.1,78456.36189026832,1853,12135,4322
167,0,4155,167,0.03863951874132346,1.0,1749,78485.89198064804,29.530090379717876,0.27371480595320463,1749,0,0.0,sensodat,3,20261004,1,ReproAlloc,ercc_mean,0.1,78456.36189026832,1853,12135,4322
169,0,4153,169,0.03910226746876446,1.0,1726,78478.5880291462,22.226138877871563,0.26021339977160096,1726,0,0.0,sensodat,3,20261004,1,ReproAlloc-OA,ercc_outcome,0.1,78456.36189026832,1853,12135,4322
169,0,4153,169,0.03910226746876446,1.0,2107,78483.55487418175,27.19298391342454,1.0922995996661484,2107,0,0.0,sensodat,3,20261004,1,ReproAlloc-Optimistic,ercc_optimistic,0.1,78456.36189026832,1853,12135,4322
0,0,4322,0,0.0,0.0,1250,78549.54999780655,93.18810753822618,0.014296300243586302,0,0,0.0,sensodat,3,20261004,2,Uniform,uniform,0.1,78456.36189026832,1853,12135,4322
149,0,4173,149,0.03447478019435447,1.0,1403,78509.13494253159,52.7730522632628,0.05882680416107178,0,0,0.0,sensodat,3,20261004,2,FailRerun,failrerun,0.1,78456.36189026832,1853,12135,4322
0,0,4322,0,0.0,0.0,1250,78526.23526835442,69.873378086093,0.1756138033233583,0,0,0.0,sensodat,3,20261004,2,APGAI,apgai,0.1,78456.36189026832,1853,12135,4322
146,0,4176,146,0.03378065710319297,1.0,3171,78477.35272860527,20.99083833694749,0.12409757543355227,3171,0,0.0,sensodat,3,20261004,2,ScoreCost,scorecost,0.1,78456.36189026832,1853,12135,4322
168,0,4154,168,0.03887089310504396,1.0,1759,78527.46699500084,71.10510473251634,0.2974637229926884,1759,0,0.0,sensodat,3,20261004,2,ReproAlloc,ercc_mean,0.1,78456.36189026832,1853,12135,4322
169,0,4153,169,0.03910226746876446,1.0,1726,78478.5880291462,22.226138877871563,0.2604824034497142,1726,0,0.0,sensodat,3,20261004,2,ReproAlloc-OA,ercc_outcome,0.1,78456.36189026832,1853,12135,4322
176,0,4146,176,0.04072188801480796,1.0,2184,78496.99709224701,40.63520197868638,1.1272498797625303,2184,0,0.0,sensodat,3,20261004,2,ReproAlloc-Optimistic,ercc_optimistic,0.1,78456.36189026832,1853,12135,4322
0,0,4322,0,0.0,0.0,2460,156913.28047180176,0.5566912651120219,0.02974418504163623,0,0,0.0,sensodat,3,20261004,0,Uniform,uniform,0.2,156912.72378053665,3704,12135,4322
294,0,4028,294,0.06802406293382693,1.0,2783,156952.9146308899,40.19085035324679,0.1177068050019443,0,0,0.0,sensodat,3,20261004,0,FailRerun,failrerun,0.2,156912.72378053665,3704,12135,4322
0,0,4322,0,0.0,0.0,2386,156933.3999247551,20.676144218450645,0.33105840254575014,0,0,0.0,sensodat,3,20261004,0,APGAI,apgai,0.2,156912.72378053665,3704,12135,4322
284,0,4038,284,0.06571031929662194,1.0,5916,156927.66225790977,14.93847737312899,0.23051859345287085,5916,0,0.0,sensodat,3,20261004,0,ScoreCost,scorecost,0.2,156912.72378053665,3704,12135,4322
324,0,3998,324,0.07496529384544193,1.0,3327,156923.86881661415,11.14503607750521,0.5627876594662666,3327,0,0.0,sensodat,3,20261004,0,ReproAlloc,ercc_mean,0.2,156912.72378053665,3704,12135,4322
329,0,3993,329,0.07612216566404442,1.0,3287,156917.90924859047,5.18546805382357,0.5811593034304678,3287,0,0.0,sensodat,3,20261004,0,ReproAlloc-OA,ercc_outcome,0.2,156912.72378053665,3704,12135,4322
336,0,3986,336,0.07774178621008793,1.0,3979,156944.01955723763,31.29577670097933,2.0945600187405944,3979,0,0.0,sensodat,3,20261004,0,ReproAlloc-Optimistic,ercc_optimistic,0.2,156912.72378053665,3704,12135,4322
0,0,4322,0,0.0,0.0,2453,156924.65944099426,11.935660457616905,0.025666473899036646,0,0,0.0,sensodat,3,20261004,1,Uniform,uniform,0.2,156912.72378053665,3704,12135,4322
294,0,4028,294,0.06802406293382693,1.0,2783,156952.9146308899,40.19085035324679,0.11720733204856515,0,0,0.0,sensodat,3,20261004,1,FailRerun,failrerun,0.2,156912.72378053665,3704,12135,4322
0,0,4322,0,0.0,0.0,2386,156933.3999247551,20.676144218450645,0.3272092919796705,0,0,0.0,sensodat,3,20261004,1,APGAI,apgai,0.2,156912.72378053665,3704,12135,4322
284,0,4038,284,0.06571031929662194,1.0,5916,156927.66225790977,14.93847737312899,0.2323307297192514,5916,0,0.0,sensodat,3,20261004,1,ScoreCost,scorecost,0.2,156912.72378053665,3704,12135,4322
323,0,3999,323,0.07473391948172142,1.0,3319,156940.3677737713,27.64399323464022,0.56191929243505,3319,0,0.0,sensodat,3,20261004,1,ReproAlloc,ercc_mean,0.2,156912.72378053665,3704,12135,4322
329,0,3993,329,0.07612216566404442,1.0,3287,156917.90924859047,5.18546805382357,0.5241109114140272,3287,0,0.0,sensodat,3,20261004,1,ReproAlloc-OA,ercc_outcome,0.2,156912.72378053665,3704,12135,4322
337,0,3985,337,0.07797316057380842,1.0,3977,156929.2288711071,16.50509057045565,2.0618109893985093,3977,0,0.0,sensodat,3,20261004,1,ReproAlloc-Optimistic,ercc_optimistic,0.2,156912.72378053665,3704,12135,4322
0,0,4322,0,0.0,0.0,2472,156923.31895327568,10.595172739034751,0.024892202578485012,0,0,0.0,sensodat,3,20261004,2,Uniform,uniform,0.2,156912.72378053665,3704,12135,4322
294,0,4028,294,0.06802406293382693,1.0,2783,156952.9146308899,40.19085035324679,0.11321301013231277,0,0,0.0,sensodat,3,20261004,2,FailRerun,failrerun,0.2,156912.72378053665,3704,12135,4322
0,0,4322,0,0.0,0.0,2386,156933.3999247551,20.676144218450645,0.3543357881717384,0,0,0.0,sensodat,3,20261004,2,APGAI,apgai,0.2,156912.72378053665,3704,12135,4322
284,0,4038,284,0.06571031929662194,1.0,5916,156927.66225790977,14.93847737312899,0.2503087972290814,5916,0,0.0,sensodat,3,20261004,2,ScoreCost,scorecost,0.2,156912.72378053665,3704,12135,4322
323,0,3999,323,0.07473391948172142,1.0,3319,156973.33006811142,60.60628757477389,0.6343108946457505,3319,0,0.0,sensodat,3,20261004,2,ReproAlloc,ercc_mean,0.2,156912.72378053665,3704,12135,4322
329,0,3993,329,0.07612216566404442,1.0,3287,156917.90924859047,5.18546805382357,0.5766713856719434,3287,0,0.0,sensodat,3,20261004,2,ReproAlloc-OA,ercc_outcome,0.2,156912.72378053665,3704,12135,4322
336,0,3986,336,0.07774178621008793,1.0,3971,156939.96017193794,27.236391401296714,2.041496202349663,3971,0,0.0,sensodat,3,20261004,2,ReproAlloc-Optimistic,ercc_optimistic,0.2,156912.72378053665,3704,12135,4322
0,0,4322,0,0.0,0.0,612,39318.347180366516,90.16623523235467,0.015925490763038397,0,0,0.0,sensodat,4,20261005,0,Uniform,uniform,0.05,39228.18094513416,929,12135,4322
77,0,4245,77,0.01781582600647848,1.0,724,39317.318053007126,89.1371078729644,0.0629105968400836,0,0,0.0,sensodat,4,20261005,0,FailRerun,failrerun,0.05,39228.18094513416,929,12135,4322
0,0,4322,0,0.0,0.0,639,39291.538064956665,63.35711982250359,0.08313948754221201,0,0,0.0,sensodat,4,20261005,0,APGAI,apgai,0.05,39228.18094513416,929,12135,4322
75,0,4247,75,0.017353077279037482,1.0,1627,39229.74597072601,1.565025591851736,0.06382050644606352,1627,0,0.0,sensodat,4,20261005,0,ScoreCost,scorecost,0.05,39228.18094513416,929,12135,4322
89,0,4233,89,0.02059231837112448,1.0,939,39238.50860333443,10.327658200265432,0.1506802998483181,939,0,0.0,sensodat,4,20261005,0,ReproAlloc,ercc_mean,0.05,39228.18094513416,929,12135,4322
88,0,4234,88,0.02036094400740398,1.0,920,39265.078062295914,36.89711716175225,0.14208210445940495,920,0,0.0,sensodat,4,20261005,0,ReproAlloc-OA,ercc_outcome,0.05,39228.18094513416,929,12135,4322
89,0,4233,89,0.02059231837112448,1.0,1002,39228.731642246246,0.5506971120848903,0.6675524939782917,1002,0,0.0,sensodat,4,20261005,0,ReproAlloc-Optimistic,ercc_optimistic,0.05,39228.18094513416,929,12135,4322
0,0,4322,0,0.0,0.0,608,39300.93919253349,72.7582473993316,0.014531195163726807,0,0,0.0,sensodat,4,20261005,1,Uniform,uniform,0.05,39228.18094513416,929,12135,4322
77,0,4245,77,0.01781582600647848,1.0,724,39317.318053007126,89.1371078729644,0.05790600460022688,0,0,0.0,sensodat,4,20261005,1,FailRerun,failrerun,0.05,39228.18094513416,929,12135,4322
0,0,4322,0,0.0,0.0,639,39291.538064956665,63.35711982250359,0.16026389878243208,0,0,0.0,sensodat,4,20261005,1,APGAI,apgai,0.05,39228.18094513416,929,12135,4322
75,0,4247,75,0.017353077279037482,1.0,1627,39229.74597072601,1.565025591851736,0.1137754931114614,1627,0,0.0,sensodat,4,20261005,1,ScoreCost,scorecost,0.05,39228.18094513416,929,12135,4322
87,0,4235,87,0.02012956964368348,1.0,927,39277.695413827896,49.51446869373467,0.25568069284781814,927,0,0.0,sensodat,4,20261005,1,ReproAlloc,ercc_mean,0.05,39228.18094513416,929,12135,4322
88,0,4234,88,0.02036094400740398,1.0,920,39265.078062295914,36.89711716175225,0.16461900109425187,920,0,0.0,sensodat,4,20261005,1,ReproAlloc-OA,ercc_outcome,0.05,39228.18094513416,929,12135,4322
91,0,4231,91,0.02105506709856548,1.0,1018,39259.13172054291,30.950775408746267,0.6027712924405932,1018,0,0.0,sensodat,4,20261005,1,ReproAlloc-Optimistic,ercc_optimistic,0.05,39228.18094513416,929,12135,4322
0,0,4322,0,0.0,0.0,607,39251.94675397873,23.7658088445678,0.006743202917277813,0,0,0.0,sensodat,4,20261005,2,Uniform,uniform,0.05,39228.18094513416,929,12135,4322
77,0,4245,77,0.01781582600647848,1.0,724,39317.318053007126,89.1371078729644,0.037282103672623634,0,0,0.0,sensodat,4,20261005,2,FailRerun,failrerun,0.05,39228.18094513416,929,12135,4322
0,0,4322,0,0.0,0.0,639,39291.538064956665,63.35711982250359,0.10323409456759691,0,0,0.0,sensodat,4,20261005,2,APGAI,apgai,0.05,39228.18094513416,929,12135,4322
75,0,4247,75,0.017353077279037482,1.0,1627,39229.74597072601,1.565025591851736,0.07486760849133134,1627,0,0.0,sensodat,4,20261005,2,ScoreCost,scorecost,0.05,39228.18094513416,929,12135,4322
88,0,4234,88,0.02036094400740398,1.0,920,39265.13926196098,36.95831682682183,0.17418750561773777,920,0,0.0,sensodat,4,20261005,2,ReproAlloc,ercc_mean,0.05,39228.18094513416,929,12135,4322
88,0,4234,88,0.02036094400740398,1.0,920,39265.078062295914,36.89711716175225,0.1520761139690876,920,0,0.0,sensodat,4,20261005,2,ReproAlloc-OA,ercc_outcome,0.05,39228.18094513416,929,12135,4322
88,0,4234,88,0.02036094400740398,1.0,996,39242.250197172165,14.06925203800347,0.5121750831604004,996,0,0.0,sensodat,4,20261005,2,ReproAlloc-Optimistic,ercc_optimistic,0.05,39228.18094513416,929,12135,4322
0,0,4322,0,0.0,0.0,1225,78493.45881772041,37.09692745209031,0.018051402643322945,0,0,0.0,sensodat,4,20261005,0,Uniform,uniform,0.1,78456.36189026832,1856,12135,4322
145,0,4177,145,0.03354928273947247,1.0,1357,78527.00545811653,70.64356784820848,0.06838329695165157,0,0,0.0,sensodat,4,20261005,0,FailRerun,failrerun,0.1,78456.36189026832,1856,12135,4322
0,0,4322,0,0.0,0.0,1255,78476.70770025253,20.345809984210064,0.21555260010063648,0,0,0.0,sensodat,4,20261005,0,APGAI,apgai,0.1,78456.36189026832,1856,12135,4322
149,0,4173,149,0.03447478019435447,1.0,3215,78477.80120062828,21.439310359957744,0.154696193523705,3215,0,0.0,sensodat,4,20261005,0,ScoreCost,scorecost,0.1,78456.36189026832,1856,12135,4322
171,0,4151,171,0.03956501619620546,1.0,1785,78539.49272274971,83.13083248138719,0.3946461919695139,1785,0,0.0,sensodat,4,20261005,0,ReproAlloc,ercc_mean,0.1,78456.36189026832,1856,12135,4322
171,0,4151,171,0.03956501619620546,1.0,1749,78458.9687333107,2.6068430423765676,0.3709796075709164,1749,0,0.0,sensodat,4,20261005,0,ReproAlloc-OA,ercc_outcome,0.1,78456.36189026832,1856,12135,4322
170,0,4152,170,0.03933364183248496,1.0,2023,78465.78761744499,9.42572717666917,1.210196390748024,2023,0,0.0,sensodat,4,20261005,0,ReproAlloc-Optimistic,ercc_optimistic,0.1,78456.36189026832,1856,12135,4322
0,0,4322,0,0.0,0.0,1241,78514.50003218651,58.13814191818528,0.014336596708744764,0,0,0.0,sensodat,4,20261005,1,Uniform,uniform,0.1,78456.36189026832,1856,12135,4322
145,0,4177,145,0.03354928273947247,1.0,1357,78527.00545811653,70.64356784820848,0.0757571910507977,0,0,0.0,sensodat,4,20261005,1,FailRerun,failrerun,0.1,78456.36189026832,1856,12135,4322
0,0,4322,0,0.0,0.0,1255,78476.70770025253,20.345809984210064,0.22245999332517385,0,0,0.0,sensodat,4,20261005,1,APGAI,apgai,0.1,78456.36189026832,1856,12135,4322
149,0,4173,149,0.03447478019435447,1.0,3215,78477.80120062828,21.439310359957744,0.1682761600241065,3215,0,0.0,sensodat,4,20261005,1,ScoreCost,scorecost,0.1,78456.36189026832,1856,12135,4322
169,0,4153,169,0.03910226746876446,1.0,1771,78473.0126876831,16.650797414782573,0.3396253138780594,1771,0,0.0,sensodat,4,20261005,1,ReproAlloc,ercc_mean,0.1,78456.36189026832,1856,12135,4322
171,0,4151,171,0.03956501619620546,1.0,1749,78458.9687333107,2.6068430423765676,0.31884770281612873,1749,0,0.0,sensodat,4,20261005,1,ReproAlloc-OA,ercc_outcome,0.1,78456.36189026832,1856,12135,4322
178,0,4144,178,0.04118463674224896,1.0,2088,78461.51450896263,5.15261869430833,1.3066235049627721,2088,0,0.0,sensodat,4,20261005,1,ReproAlloc-Optimistic,ercc_optimistic,0.1,78456.36189026832,1856,12135,4322
0,0,4322,0,0.0,0.0,1239,78498.18602466583,41.824134397509624,0.015015787445008755,0,0,0.0,sensodat,4,20261005,2,Uniform,uniform,0.1,78456.36189026832,1856,12135,4322
145,0,4177,145,0.03354928273947247,1.0,1357,78527.00545811653,70.64356784820848,0.07168268784880638,0,0,0.0,sensodat,4,20261005,2,FailRerun,failrerun,0.1,78456.36189026832,1856,12135,4322
0,0,4322,0,0.0,0.0,1255,78476.70770025253,20.345809984210064,0.2411421062424779,0,0,0.0,sensodat,4,20261005,2,APGAI,apgai,0.1,78456.36189026832,1856,12135,4322
149,0,4173,149,0.03447478019435447,1.0,3215,78477.80120062828,21.439310359957744,0.15323871560394764,3215,0,0.0,sensodat,4,20261005,2,ScoreCost,scorecost,0.1,78456.36189026832,1856,12135,4322
171,0,4151,171,0.03956501619620546,1.0,1788,78463.74413084984,7.3822405815153616,0.38350529689341784,1788,0,0.0,sensodat,4,20261005,2,ReproAlloc,ercc_mean,0.1,78456.36189026832,1856,12135,4322
171,0,4151,171,0.03956501619620546,1.0,1749,78458.9687333107,2.6068430423765676,0.3270967984572053,1749,0,0.0,sensodat,4,20261005,2,ReproAlloc-OA,ercc_outcome,0.1,78456.36189026832,1856,12135,4322
174,0,4148,174,0.04025913928736696,1.0,2069,78500.43142986298,44.06953959465318,1.4714712975546718,2069,0,0.0,sensodat,4,20261005,2,ReproAlloc-Optimistic,ercc_optimistic,0.1,78456.36189026832,1856,12135,4322
0,0,4322,0,0.0,0.0,2472,156950.5451312065,37.82135066986666,0.06045796722173691,0,0,0.0,sensodat,4,20261005,0,Uniform,uniform,0.2,156912.72378053665,3711,12135,4322
297,0,4025,297,0.06871818602498843,1.0,2799,156935.4706890583,22.746908521658042,0.166046810336411,0,0,0.0,sensodat,4,20261005,0,FailRerun,failrerun,0.2,156912.72378053665,3711,12135,4322
0,0,4322,0,0.0,0.0,2427,156924.67619419098,11.952413654333213,0.4513852004893124,0,0,0.0,sensodat,4,20261005,0,APGAI,apgai,0.2,156912.72378053665,3711,12135,4322
289,0,4033,289,0.06686719111522443,1.0,11648,156946.37094926834,33.647168731695274,0.610324643086642,11648,0,0.0,sensodat,4,20261005,0,ScoreCost,scorecost,0.2,156912.72378053665,3711,12135,4322
319,0,4003,319,0.07380842202683943,1.0,3262,156960.67885184288,47.95507130623446,0.6783557864837348,3262,0,0.0,sensodat,4,20261005,0,ReproAlloc,ercc_mean,0.2,156912.72378053665,3711,12135,4322
326,0,3996,326,0.07542804257288292,1.0,3238,156944.66263318062,31.938852643972496,0.6159523003734648,3238,0,0.0,sensodat,4,20261005,0,ReproAlloc-OA,ercc_outcome,0.2,156912.72378053665,3711,12135,4322
340,0,3982,340,0.07866728366496992,1.0,3997,156913.44396567345,0.7201851368008647,2.7604567939415574,3997,0,0.0,sensodat,4,20261005,0,ReproAlloc-Optimistic,ercc_optimistic,0.2,156912.72378053665,3711,12135,4322
0,0,4322,0,0.0,0.0,2429,156923.16364216805,10.439861631399253,0.031661777291446924,0,0,0.0,sensodat,4,20261005,1,Uniform,uniform,0.2,156912.72378053665,3711,12135,4322
297,0,4025,297,0.06871818602498843,1.0,2799,156935.4706890583,22.746908521658042,0.15444116853177547,0,0,0.0,sensodat,4,20261005,1,FailRerun,failrerun,0.2,156912.72378053665,3711,12135,4322
0,0,4322,0,0.0,0.0,2427,156924.67619419098,11.952413654333213,0.4172585825435817,0,0,0.0,sensodat,4,20261005,1,APGAI,apgai,0.2,156912.72378053665,3711,12135,4322
289,0,4033,289,0.06686719111522443,1.0,11648,156946.37094926834,33.647168731695274,0.55961151747033,11648,0,0.0,sensodat,4,20261005,1,ScoreCost,scorecost,0.2,156912.72378053665,3711,12135,4322
319,0,4003,319,0.07380842202683943,1.0,3262,156960.67885184288,47.95507130623446,0.6948710000142455,3262,0,0.0,sensodat,4,20261005,1,ReproAlloc,ercc_mean,0.2,156912.72378053665,3711,12135,4322
326,0,3996,326,0.07542804257288292,1.0,3238,156944.66263318062,31.938852643972496,0.6116666756570339,3238,0,0.0,sensodat,4,20261005,1,ReproAlloc-OA,ercc_outcome,0.2,156912.72378053665,3711,12135,4322
340,0,3982,340,0.07866728366496992,1.0,3997,156913.44396567345,0.7201851368008647,2.6532241967506707,3997,0,0.0,sensodat,4,20261005,1,ReproAlloc-Optimistic,ercc_optimistic,0.2,156912.72378053665,3711,12135,4322
0,0,4322,0,0.0,0.0,2446,157033.31891608238,120.59513554573641,0.041671907529234886,0,0,0.0,sensodat,4,20261005,2,Uniform,uniform,0.2,156912.72378053665,3711,12135,4322
297,0,4025,297,0.06871818602498843,1.0,2799,156935.4706890583,22.746908521658042,0.15745410043746233,0,0,0.0,sensodat,4,20261005,2,FailRerun,failrerun,0.2,156912.72378053665,3711,12135,4322
0,0,4322,0,0.0,0.0,2427,156924.67619419098,11.952413654333213,0.45058359345421195,0,0,0.0,sensodat,4,20261005,2,APGAI,apgai,0.2,156912.72378053665,3711,12135,4322
289,0,4033,289,0.06686719111522443,1.0,11648,156946.37094926834,33.647168731695274,0.5550245810300112,11648,0,0.0,sensodat,4,20261005,2,ScoreCost,scorecost,0.2,156912.72378053665,3711,12135,4322
319,0,4003,319,0.07380842202683943,1.0,3262,156960.67885184288,47.95507130623446,0.6976561043411493,3262,0,0.0,sensodat,4,20261005,2,ReproAlloc,ercc_mean,0.2,156912.72378053665,3711,12135,4322
326,0,3996,326,0.07542804257288292,1.0,3238,156944.66263318062,31.938852643972496,0.593609110917896,3238,0,0.0,sensodat,4,20261005,2,ReproAlloc-OA,ercc_outcome,0.2,156912.72378053665,3711,12135,4322
340,0,3982,340,0.07866728366496992,1.0,3997,156913.44396567345,0.7201851368008647,2.5483728777617216,3997,0,0.0,sensodat,4,20261005,2,ReproAlloc-Optimistic,ercc_optimistic,0.2,156912.72378053665,3711,12135,4322
0,0,4322,0,0.0,0.0,573,39253.009462833405,24.828517699243093,0.012575990986078978,0,0,0.0,sensodat,5,20261006,0,Uniform,uniform,0.05,39228.18094513416,932,12135,4322
76,0,4246,76,0.017584451642757983,1.0,710,39301.19391107559,73.0129659414306,0.06487089861184359,0,0,0.0,sensodat,5,20261006,0,FailRerun,failrerun,0.05,39228.18094513416,932,12135,4322
0,0,4322,0,0.0,0.0,647,39294.83302855492,66.65208342075493,0.16131149465218186,0,0,0.0,sensodat,5,20261006,0,APGAI,apgai,0.05,39228.18094513416,932,12135,4322
64,0,4258,64,0.014807959278111986,1.0,1677,39311.39946579933,83.21852066517022,0.07977270008996129,1677,0,0.0,sensodat,5,20261006,0,ScoreCost,scorecost,0.05,39228.18094513416,932,12135,4322
82,0,4240,82,0.01897269782508098,1.0,893,39277.11215829849,48.931213164330984,0.1769061954692006,893,0,0.0,sensodat,5,20261006,0,ReproAlloc,ercc_mean,0.05,39228.18094513416,932,12135,4322
84,0,4238,84,0.01943544655252198,1.0,898,39250.79038977623,22.60944464206841,0.19328089524060488,898,0,0.0,sensodat,5,20261006,0,ReproAlloc-OA,ercc_outcome,0.05,39228.18094513416,932,12135,4322
84,0,4238,84,0.01943544655252198,1.0,986,39269.09025025368,40.90930511951592,0.5921823973767459,986,0,0.0,sensodat,5,20261006,0,ReproAlloc-Optimistic,ercc_optimistic,0.05,39228.18094513416,932,12135,4322
0,0,4322,0,0.0,0.0,620,39237.211869478226,9.03092434406426,0.008051292039453983,0,0,0.0,sensodat,5,20261006,1,Uniform,uniform,0.05,39228.18094513416,932,12135,4322
76,0,4246,76,0.017584451642757983,1.0,710,39301.19391107559,73.0129659414306,0.03213269263505936,0,0,0.0,sensodat,5,20261006,1,FailRerun,failrerun,0.05,39228.18094513416,932,12135,4322
0,0,4322,0,0.0,0.0,647,39294.83302855492,66.65208342075493,0.10363791277632117,0,0,0.0,sensodat,5,20261006,1,APGAI,apgai,0.05,39228.18094513416,932,12135,4322
64,0,4258,64,0.014807959278111986,1.0,1677,39311.39946579933,83.21852066517022,0.10686451150104403,1677,0,0.0,sensodat,5,20261006,1,ScoreCost,scorecost,0.05,39228.18094513416,932,12135,4322
83,0,4239,83,0.01920407218880148,1.0,904,39237.633503198624,9.45255806446221,0.17576089687645435,904,0,0.0,sensodat,5,20261006,1,ReproAlloc,ercc_mean,0.05,39228.18094513416,932,12135,4322
84,0,4238,84,0.01943544655252198,1.0,898,39250.79038977623,22.60944464206841,0.15041459444910288,898,0,0.0,sensodat,5,20261006,1,ReproAlloc-OA,ercc_outcome,0.05,39228.18094513416,932,12135,4322
87,0,4235,87,0.02012956964368348,1.0,1020,39233.015340805054,4.834395670892263,0.59369200700894,1020,0,0.0,sensodat,5,20261006,1,ReproAlloc-Optimistic,ercc_optimistic,0.05,39228.18094513416,932,12135,4322
0,0,4322,0,0.0,0.0,595,39262.61455011368,34.43360497951653,0.01237331423908472,0,0,0.0,sensodat,5,20261006,2,Uniform,uniform,0.05,39228.18094513416,932,12135,4322
76,0,4246,76,0.017584451642757983,1.0,710,39301.19391107559,73.0129659414306,0.0359060880728066,0,0,0.0,sensodat,5,20261006,2,FailRerun,failrerun,0.05,39228.18094513416,932,12135,4322
0,0,4322,0,0.0,0.0,647,39294.83302855492,66.65208342075493,0.09081498999148607,0,0,0.0,sensodat,5,20261006,2,APGAI,apgai,0.05,39228.18094513416,932,12135,4322
64,0,4258,64,0.014807959278111986,1.0,1677,39311.39946579933,83.21852066517022,0.06719869701191783,1677,0,0.0,sensodat,5,20261006,2,ScoreCost,scorecost,0.05,39228.18094513416,932,12135,4322
86,0,4236,86,0.01989819527996298,1.0,909,39276.56943011284,48.3884849786773,0.1549812057055533,909,0,0.0,sensodat,5,20261006,2,ReproAlloc,ercc_mean,0.05,39228.18094513416,932,12135,4322
84,0,4238,84,0.01943544655252198,1.0,898,39250.79038977623,22.60944464206841,0.1559022981673479,898,0,0.0,sensodat,5,20261006,2,ReproAlloc-OA,ercc_outcome,0.05,39228.18094513416,932,12135,4322
86,0,4236,86,0.01989819527996298,1.0,1025,39247.09804344177,18.917098307611013,0.5995594011619687,1025,0,0.0,sensodat,5,20261006,2,ReproAlloc-Optimistic,ercc_optimistic,0.05,39228.18094513416,932,12135,4322
0,0,4322,0,0.0,0.0,1229,78512.09292435646,55.731034088137676,0.015260801650583744,0,0,0.0,sensodat,5,20261006,0,Uniform,uniform,0.1,78456.36189026832,1863,12135,4322
144,0,4178,144,0.033317908375751965,1.0,1362,78492.75499367714,36.39310340881639,0.10759969661012292,0,0,0.0,sensodat,5,20261006,0,FailRerun,failrerun,0.1,78456.36189026832,1863,12135,4322
0,0,4322,0,0.0,0.0,1239,78498.92893338203,42.56704311371141,0.2481325943954289,0,0,0.0,sensodat,5,20261006,0,APGAI,apgai,0.1,78456.36189026832,1863,12135,4322
147,0,4175,147,0.034012031466913464,1.0,3205,78469.46027684212,13.098386573794414,0.22876009391620755,3205,0,0.0,sensodat,5,20261006,0,ScoreCost,scorecost,0.1,78456.36189026832,1863,12135,4322
158,0,4164,158,0.036557149467838966,1.0,1674,78466.2318906784,9.870000410082866,0.30473801400512457,1674,0,0.0,sensodat,5,20261006,0,ReproAlloc,ercc_mean,0.1,78456.36189026832,1863,12135,4322
166,0,4156,166,0.03840814437760296,1.0,1705,78492.30750584602,35.945615577700664,0.30722088227048516,1705,0,0.0,sensodat,5,20261006,0,ReproAlloc-OA,ercc_outcome,0.1,78456.36189026832,1863,12135,4322
177,0,4145,177,0.040953262378528456,1.0,2154,78510.36107707024,53.99918680191331,1.372515489347279,2154,0,0.0,sensodat,5,20261006,0,ReproAlloc-Optimistic,ercc_optimistic,0.1,78456.36189026832,1863,12135,4322
0,0,4322,0,0.0,0.0,1193,78469.27385663986,12.911966371539165,0.013796812389045954,0,0,0.0,sensodat,5,20261006,1,Uniform,uniform,0.1,78456.36189026832,1863,12135,4322
144,0,4178,144,0.033317908375751965,1.0,1362,78492.75499367714,36.39310340881639,0.07778519904240966,0,0,0.0,sensodat,5,20261006,1,FailRerun,failrerun,0.1,78456.36189026832,1863,12135,4322
0,0,4322,0,0.0,0.0,1239,78498.92893338203,42.56704311371141,0.23208258766680956,0,0,0.0,sensodat,5,20261006,1,APGAI,apgai,0.1,78456.36189026832,1863,12135,4322
147,0,4175,147,0.034012031466913464,1.0,3205,78469.46027684212,13.098386573794414,0.1855607982724905,3205,0,0.0,sensodat,5,20261006,1,ScoreCost,scorecost,0.1,78456.36189026832,1863,12135,4322
158,0,4164,158,0.036557149467838966,1.0,1674,78466.2318906784,9.870000410082866,0.336400602478534,1674,0,0.0,sensodat,5,20261006,1,ReproAlloc,ercc_mean,0.1,78456.36189026832,1863,12135,4322
166,0,4156,166,0.03840814437760296,1.0,1705,78492.30750584602,35.945615577700664,0.35761879477649927,1705,0,0.0,sensodat,5,20261006,1,ReproAlloc-OA,ercc_outcome,0.1,78456.36189026832,1863,12135,4322
173,0,4149,173,0.04002776492364646,1.0,2128,78487.99203419685,31.630143928530742,1.2983554936945438,2128,0,0.0,sensodat,5,20261006,1,ReproAlloc-Optimistic,ercc_optimistic,0.1,78456.36189026832,1863,12135,4322
0,0,4322,0,0.0,0.0,1175,78471.71098947525,15.349099206927349,0.015189191792160273,0,0,0.0,sensodat,5,20261006,2,Uniform,uniform,0.1,78456.36189026832,1863,12135,4322
144,0,4178,144,0.033317908375751965,1.0,1362,78492.75499367714,36.39310340881639,0.07555159414187074,0,0,0.0,sensodat,5,20261006,2,FailRerun,failrerun,0.1,78456.36189026832,1863,12135,4322
0,0,4322,0,0.0,0.0,1239,78498.92893338203,42.56704311371141,0.20407290570437908,0,0,0.0,sensodat,5,20261006,2,APGAI,apgai,0.1,78456.36189026832,1863,12135,4322
147,0,4175,147,0.034012031466913464,1.0,3205,78469.46027684212,13.098386573794414,0.15455748420208693,3205,0,0.0,sensodat,5,20261006,2,ScoreCost,scorecost,0.1,78456.36189026832,1863,12135,4322
158,0,4164,158,0.036557149467838966,1.0,1674,78466.2318906784,9.870000410082866,0.3716639024205506,1674,0,0.0,sensodat,5,20261006,2,ReproAlloc,ercc_mean,0.1,78456.36189026832,1863,12135,4322
166,0,4156,166,0.03840814437760296,1.0,1705,78492.30750584602,35.945615577700664,0.2916765920817852,1705,0,0.0,sensodat,5,20261006,2,ReproAlloc-OA,ercc_outcome,0.1,78456.36189026832,1863,12135,4322
177,0,4145,177,0.040953262378528456,1.0,2163,78543.00768017769,86.6457899093657,1.3862105058506131,2163,0,0.0,sensodat,5,20261006,2,ReproAlloc-Optimistic,ercc_optimistic,0.1,78456.36189026832,1863,12135,4322
0,0,4322,0,0.0,0.0,2431,156953.49605584145,40.77227530480013,0.028267295565456152,0,0,0.0,sensodat,5,20261006,0,Uniform,uniform,0.2,156912.72378053665,3725,12135,4322
290,0,4032,290,0.06709856547894494,1.0,2743,156965.47343540192,52.74965486527071,0.1470727906562388,0,0,0.0,sensodat,5,20261006,0,FailRerun,failrerun,0.2,156912.72378053665,3725,12135,4322
0,0,4322,0,0.0,0.0,2388,156928.69947195053,15.975691413885215,0.4539608918130398,0,0,0.0,sensodat,5,20261006,0,APGAI,apgai,0.2,156912.72378053665,3725,12135,4322
293,0,4029,293,0.06779268857010644,1.0,5965,156931.34993886948,18.626158332830528,0.29234568728134036,5965,0,0.0,sensodat,5,20261006,0,ScoreCost,scorecost,0.2,156912.72378053665,3725,12135,4322
325,0,3997,325,0.07519666820916243,1.0,3331,156965.1782259941,52.45444545746432,0.6889843055978417,3331,0,0.0,sensodat,5,20261006,0,ReproAlloc,ercc_mean,0.2,156912.72378053665,3725,12135,4322
326,0,3996,326,0.07542804257288292,1.0,3236,156942.7338001728,30.010019636159996,0.6484344899654388,3236,0,0.0,sensodat,5,20261006,0,ReproAlloc-OA,ercc_outcome,0.2,156912.72378053665,3725,12135,4322
343,0,3979,343,0.07936140675613142,1.0,4023,156926.0208079815,13.297027444845298,2.4904749020934105,4023,0,0.0,sensodat,5,20261006,0,ReproAlloc-Optimistic,ercc_optimistic,0.2,156912.72378053665,3725,12135,4322
0,0,4322,0,0.0,0.0,2412,156942.40418457985,29.680404043203453,0.05711949709802866,0,0,0.0,sensodat,5,20261006,1,Uniform,uniform,0.2,156912.72378053665,3725,12135,4322
290,0,4032,290,0.06709856547894494,1.0,2743,156965.47343540192,52.74965486527071,0.14178058737888932,0,0,0.0,sensodat,5,20261006,1,FailRerun,failrerun,0.2,156912.72378053665,3725,12135,4322
0,0,4322,0,0.0,0.0,2388,156928.69947195053,15.975691413885215,0.4499897062778473,0,0,0.0,sensodat,5,20261006,1,APGAI,apgai,0.2,156912.72378053665,3725,12135,4322
293,0,4029,293,0.06779268857010644,1.0,5965,156931.34993886948,18.626158332830528,0.34131830045953393,5965,0,0.0,sensodat,5,20261006,1,ScoreCost,scorecost,0.2,156912.72378053665,3725,12135,4322
325,0,3997,325,0.07519666820916243,1.0,3331,156965.1782259941,52.45444545746432,0.7542785913683474,3331,0,0.0,sensodat,5,20261006,1,ReproAlloc,ercc_mean,0.2,156912.72378053665,3725,12135,4322
326,0,3996,326,0.07542804257288292,1.0,3236,156942.7338001728,30.010019636159996,0.574964071623981,3236,0,0.0,sensodat,5,20261006,1,ReproAlloc-OA,ercc_outcome,0.2,156912.72378053665,3725,12135,4322
343,0,3979,343,0.07936140675613142,1.0,4023,156926.0208079815,13.297027444845298,2.794578884728253,4023,0,0.0,sensodat,5,20261006,1,ReproAlloc-Optimistic,ercc_optimistic,0.2,156912.72378053665,3725,12135,4322
0,0,4322,0,0.0,0.0,2443,156915.70943021774,2.9856496810971294,0.027785194106400013,0,0,0.0,sensodat,5,20261006,2,Uniform,uniform,0.2,156912.72378053665,3725,12135,4322
290,0,4032,290,0.06709856547894494,1.0,2743,156965.47343540192,52.74965486527071,0.18015650240704417,0,0,0.0,sensodat,5,20261006,2,FailRerun,failrerun,0.2,156912.72378053665,3725,12135,4322
0,0,4322,0,0.0,0.0,2388,156928.69947195053,15.975691413885215,0.3771457993425429,0,0,0.0,sensodat,5,20261006,2,APGAI,apgai,0.2,156912.72378053665,3725,12135,4322
293,0,4029,293,0.06779268857010644,1.0,5965,156931.34993886948,18.626158332830528,0.3328694240190089,5965,0,0.0,sensodat,5,20261006,2,ScoreCost,scorecost,0.2,156912.72378053665,3725,12135,4322
325,0,3997,325,0.07519666820916243,1.0,3331,156965.1782259941,52.45444545746432,0.6770979156717658,3331,0,0.0,sensodat,5,20261006,2,ReproAlloc,ercc_mean,0.2,156912.72378053665,3725,12135,4322
326,0,3996,326,0.07542804257288292,1.0,3236,156942.7338001728,30.010019636159996,0.5608673999086022,3236,0,0.0,sensodat,5,20261006,2,ReproAlloc-OA,ercc_outcome,0.2,156912.72378053665,3725,12135,4322
343,0,3979,343,0.07936140675613142,1.0,4023,156926.0208079815,13.297027444845298,2.54289180226624,4023,0,0.0,sensodat,5,20261006,2,ReproAlloc-Optimistic,ercc_optimistic,0.2,156912.72378053665,3725,12135,4322
0,0,4322,0,0.0,0.0,610,39241.08090543747,12.899960303308035,0.015261896885931492,0,0,0.0,sensodat,6,20261007,0,Uniform,uniform,0.05,39228.18094513416,925,12135,4322
82,0,4240,82,0.01897269782508098,1.0,756,39252.66007614136,24.479131007195974,0.051069490145891905,0,0,0.0,sensodat,6,20261007,0,FailRerun,failrerun,0.05,39228.18094513416,925,12135,4322
0,0,4322,0,0.0,0.0,673,39240.183683395386,12.002738261224295,0.17315660556778312,0,0,0.0,sensodat,6,20261007,0,APGAI,apgai,0.05,39228.18094513416,925,12135,4322
86,0,4236,86,0.01989819527996298,1.0,1645,39261.39796876907,33.21702363491204,0.09731611050665379,1645,0,0.0,sensodat,6,20261007,0,ScoreCost,scorecost,0.05,39228.18094513416,925,12135,4322
98,0,4224,98,0.022674687644608976,1.0,996,39293.30824494362,65.12729980945733,0.16170520894229412,996,0,0.0,sensodat,6,20261007,0,ReproAlloc,ercc_mean,0.05,39228.18094513416,925,12135,4322
103,0,4219,103,0.023831559463211475,1.0,1030,39286.462810993195,58.28186585903313,0.1742108939215541,1030,0,0.0,sensodat,6,20261007,0,ReproAlloc-OA,ercc_outcome,0.05,39228.18094513416,925,12135,4322
102,0,4220,102,0.023600185099490977,1.0,1079,39248.99689865112,20.8159535169616,0.5818143119104207,1079,0,0.0,sensodat,6,20261007,0,ReproAlloc-Optimistic,ercc_optimistic,0.05,39228.18094513416,925,12135,4322
0,0,4322,0,0.0,0.0,612,39243.49512267113,15.314177536965872,0.007759104482829571,0,0,0.0,sensodat,6,20261007,1,Uniform,uniform,0.05,39228.18094513416,925,12135,4322
82,0,4240,82,0.01897269782508098,1.0,756,39252.66007614136,24.479131007195974,0.04098650999367237,0,0,0.0,sensodat,6,20261007,1,FailRerun,failrerun,0.05,39228.18094513416,925,12135,4322
0,0,4322,0,0.0,0.0,673,39240.183683395386,12.002738261224295,0.10743318358436227,0,0,0.0,sensodat,6,20261007,1,APGAI,apgai,0.05,39228.18094513416,925,12135,4322
86,0,4236,86,0.01989819527996298,1.0,1645,39261.39796876907,33.21702363491204,0.07451562071219087,1645,0,0.0,sensodat,6,20261007,1,ScoreCost,scorecost,0.05,39228.18094513416,925,12135,4322
97,0,4225,97,0.02244331328088848,1.0,979,39235.19774365425,7.016798520089651,0.16424269415438175,979,0,0.0,sensodat,6,20261007,1,ReproAlloc,ercc_mean,0.05,39228.18094513416,925,12135,4322
103,0,4219,103,0.023831559463211475,1.0,1030,39286.462810993195,58.28186585903313,0.18674819031730294,1030,0,0.0,sensodat,6,20261007,1,ReproAlloc-OA,ercc_outcome,0.05,39228.18094513416,925,12135,4322
102,0,4220,102,0.023600185099490977,1.0,1083,39251.4810359478,23.300090813638235,0.5943620968610048,1083,0,0.0,sensodat,6,20261007,1,ReproAlloc-Optimistic,ercc_optimistic,0.05,39228.18094513416,925,12135,4322
0,0,4322,0,0.0,0.0,620,39242.78152346611,14.600578331948782,0.01750839175656438,0,0,0.0,sensodat,6,20261007,2,Uniform,uniform,0.05,39228.18094513416,925,12135,4322
82,0,4240,82,0.01897269782508098,1.0,756,39252.66007614136,24.479131007195974,0.05444629304111004,0,0,0.0,sensodat,6,20261007,2,FailRerun,failrerun,0.05,39228.18094513416,925,12135,4322
0,0,4322,0,0.0,0.0,673,39240.183683395386,12.002738261224295,0.13423359766602516,0,0,0.0,sensodat,6,20261007,2,APGAI,apgai,0.05,39228.18094513416,925,12135,4322
86,0,4236,86,0.01989819527996298,1.0,1645,39261.39796876907,33.21702363491204,0.09048151737079024,1645,0,0.0,sensodat,6,20261007,2,ScoreCost,scorecost,0.05,39228.18094513416,925,12135,4322
97,0,4225,97,0.02244331328088848,1.0,979,39230.1265206337,1.9455754995360621,0.17723749577999115,979,0,0.0,sensodat,6,20261007,2,ReproAlloc,ercc_mean,0.05,39228.18094513416,925,12135,4322
103,0,4219,103,0.023831559463211475,1.0,1030,39286.462810993195,58.28186585903313,0.15869548777118325,1030,0,0.0,sensodat,6,20261007,2,ReproAlloc-OA,ercc_outcome,0.05,39228.18094513416,925,12135,4322
103,0,4219,103,0.023831559463211475,1.0,1081,39228.90817952156,0.7272343873992213,0.6572325988672674,1081,0,0.0,sensodat,6,20261007,2,ReproAlloc-Optimistic,ercc_optimistic,0.05,39228.18094513416,925,12135,4322
0,0,4322,0,0.0,0.0,1217,78457.32548928261,0.963599014285137,0.014097112230956554,0,0,0.0,sensodat,6,20261007,0,Uniform,uniform,0.1,78456.36189026832,1848,12135,4322
165,0,4157,165,0.03817677001388246,1.0,1533,78533.67181658745,77.30992631912522,0.08755870163440704,0,0,0.0,sensodat,6,20261007,0,FailRerun,failrerun,0.1,78456.36189026832,1848,12135,4322
0,0,4322,0,0.0,0.0,1274,78505.12674593925,48.764855670931865,0.21189860114827752,0,0,0.0,sensodat,6,20261007,0,APGAI,apgai,0.1,78456.36189026832,1848,12135,4322
159,0,4163,159,0.036788523831559464,1.0,3274,78492.07298326492,35.7110929966002,0.1462806025519967,3274,0,0.0,sensodat,6,20261007,0,ScoreCost,scorecost,0.1,78456.36189026832,1848,12135,4322
181,0,4141,181,0.04187875983341046,1.0,1818,78493.4061691761,37.04427890777879,0.27821189537644386,1818,0,0.0,sensodat,6,20261007,0,ReproAlloc,ercc_mean,0.1,78456.36189026832,1848,12135,4322
184,0,4138,184,0.04257288292457196,1.0,1838,78490.88827896118,34.526388692858745,0.2586840973235667,1838,0,0.0,sensodat,6,20261007,0,ReproAlloc-OA,ercc_outcome,0.1,78456.36189026832,1848,12135,4322
184,0,4138,184,0.04257288292457196,1.0,2159,78491.06914615631,34.70725588798814,1.0185668994672596,2159,0,0.0,sensodat,6,20261007,0,ReproAlloc-Optimistic,ercc_optimistic,0.1,78456.36189026832,1848,12135,4322
0,0,4322,0,0.0,0.0,1217,78468.39499378204,12.033103513720562,0.012612609658390284,0,0,0.0,sensodat,6,20261007,1,Uniform,uniform,0.1,78456.36189026832,1848,12135,4322
165,0,4157,165,0.03817677001388246,1.0,1533,78533.67181658745,77.30992631912522,0.058504095301032066,0,0,0.0,sensodat,6,20261007,1,FailRerun,failrerun,0.1,78456.36189026832,1848,12135,4322
0,0,4322,0,0.0,0.0,1274,78505.12674593925,48.764855670931865,0.17009210819378495,0,0,0.0,sensodat,6,20261007,1,APGAI,apgai,0.1,78456.36189026832,1848,12135,4322
159,0,4163,159,0.036788523831559464,1.0,3274,78492.07298326492,35.7110929966002,0.12213861756026745,3274,0,0.0,sensodat,6,20261007,1,ScoreCost,scorecost,0.1,78456.36189026832,1848,12135,4322
183,0,4139,183,0.042341508560851455,1.0,1855,78462.40707945824,6.045189189913799,0.2820796109735966,1855,0,0.0,sensodat,6,20261007,1,ReproAlloc,ercc_mean,0.1,78456.36189026832,1848,12135,4322
184,0,4138,184,0.04257288292457196,1.0,1838,78490.88827896118,34.526388692858745,0.26005942607298493,1838,0,0.0,sensodat,6,20261007,1,ReproAlloc-OA,ercc_outcome,0.1,78456.36189026832,1848,12135,4322
188,0,4134,188,0.04349838037945396,1.0,2175,78507.08029651642,50.71840624809556,1.0254118982702494,2175,0,0.0,sensodat,6,20261007,1,ReproAlloc-Optimistic,ercc_optimistic,0.1,78456.36189026832,1848,12135,4322
0,0,4322,0,0.0,0.0,1203,78504.58980965614,48.22791938782029,0.012484106235206127,0,0,0.0,sensodat,6,20261007,2,Uniform,uniform,0.1,78456.36189026832,1848,12135,4322
165,0,4157,165,0.03817677001388246,1.0,1533,78533.67181658745,77.30992631912522,0.05769908428192139,0,0,0.0,sensodat,6,20261007,2,FailRerun,failrerun,0.1,78456.36189026832,1848,12135,4322
0,0,4322,0,0.0,0.0,1274,78505.12674593925,48.764855670931865,0.1640828954987228,0,0,0.0,sensodat,6,20261007,2,APGAI,apgai,0.1,78456.36189026832,1848,12135,4322
159,0,4163,159,0.036788523831559464,1.0,3274,78492.07298326492,35.7110929966002,0.12588082440197468,3274,0,0.0,sensodat,6,20261007,2,ScoreCost,scorecost,0.1,78456.36189026832,1848,12135,4322
181,0,4141,181,0.04187875983341046,1.0,1833,78501.59165215492,45.22976188659959,0.2805384867824614,1833,0,0.0,sensodat,6,20261007,2,ReproAlloc,ercc_mean,0.1,78456.36189026832,1848,12135,4322
184,0,4138,184,0.04257288292457196,1.0,1838,78490.88827896118,34.526388692858745,0.25730640860274434,1838,0,0.0,sensodat,6,20261007,2,ReproAlloc-OA,ercc_outcome,0.1,78456.36189026832,1848,12135,4322
180,0,4142,180,0.041647385469689956,1.0,2128,78533.18316173553,76.82127146721177,1.034382204990834,2128,0,0.0,sensodat,6,20261007,2,ReproAlloc-Optimistic,ercc_optimistic,0.1,78456.36189026832,1848,12135,4322
0,0,4322,0,0.0,0.0,2441,156943.82074284554,31.096962308889488,0.027104603592306376,0,0,0.0,sensodat,6,20261007,0,Uniform,uniform,0.2,156912.72378053665,3695,12135,4322
315,0,4007,315,0.07288292457195743,1.0,2953,156955.77784633636,43.054065799718956,0.11719481460750103,0,0,0.0,sensodat,6,20261007,0,FailRerun,failrerun,0.2,156912.72378053665,3695,12135,4322
0,0,4322,0,0.0,0.0,2432,156916.07345104218,3.3496705055295024,0.38416160410270095,0,0,0.0,sensodat,6,20261007,0,APGAI,apgai,0.2,156912.72378053665,3695,12135,4322
292,0,4030,292,0.06756131420638593,1.0,6998,156919.54458498955,6.820804452901939,0.25649670977145433,6998,0,0.0,sensodat,6,20261007,0,ScoreCost,scorecost,0.2,156912.72378053665,3695,12135,4322
337,0,3985,337,0.07797316057380842,1.0,3423,156942.92383003235,30.200049495702842,0.5594999343156815,3423,0,0.0,sensodat,6,20261007,0,ReproAlloc,ercc_mean,0.2,156912.72378053665,3695,12135,4322
343,0,3979,343,0.07936140675613142,1.0,3390,156956.33851718903,43.61473665238009,0.500775896012783,3390,0,0.0,sensodat,6,20261007,0,ReproAlloc-OA,ercc_outcome,0.2,156912.72378053665,3695,12135,4322
347,0,3975,347,0.08028690421101342,1.0,4020,156957.36378359795,44.640003061300376,1.9410169026814401,4020,0,0.0,sensodat,6,20261007,0,ReproAlloc-Optimistic,ercc_optimistic,0.2,156912.72378053665,3695,12135,4322
0,0,4322,0,0.0,0.0,2368,156963.4704568386,50.746676301962,0.024009488988667727,0,0,0.0,sensodat,6,20261007,1,Uniform,uniform,0.2,156912.72378053665,3695,12135,4322
315,0,4007,315,0.07288292457195743,1.0,2953,156955.77784633636,43.054065799718956,0.11425970401614904,0,0,0.0,sensodat,6,20261007,1,FailRerun,failrerun,0.2,156912.72378053665,3695,12135,4322
0,0,4322,0,0.0,0.0,2432,156916.07345104218,3.3496705055295024,0.3323112167418003,0,0,0.0,sensodat,6,20261007,1,APGAI,apgai,0.2,156912.72378053665,3695,12135,4322
292,0,4030,292,0.06756131420638593,1.0,6998,156919.54458498955,6.820804452901939,0.26809279527515173,6998,0,0.0,sensodat,6,20261007,1,ScoreCost,scorecost,0.2,156912.72378053665,3695,12135,4322
340,0,3982,340,0.07866728366496992,1.0,3441,156922.15235877037,9.428578233724693,0.5355371735058725,3441,0,0.0,sensodat,6,20261007,1,ReproAlloc,ercc_mean,0.2,156912.72378053665,3695,12135,4322
343,0,3979,343,0.07936140675613142,1.0,3390,156956.33851718903,43.61473665238009,0.4982978836633265,3390,0,0.0,sensodat,6,20261007,1,ReproAlloc-OA,ercc_outcome,0.2,156912.72378053665,3695,12135,4322
340,0,3982,340,0.07866728366496992,1.0,3912,156919.87315773964,7.149377202993492,1.915871188044548,3912,0,0.0,sensodat,6,20261007,1,ReproAlloc-Optimistic,ercc_optimistic,0.2,156912.72378053665,3695,12135,4322
0,0,4322,0,0.0,0.0,2441,156920.1965827942,7.472802257543663,0.025175008457154036,0,0,0.0,sensodat,6,20261007,2,Uniform,uniform,0.2,156912.72378053665,3695,12135,4322
315,0,4007,315,0.07288292457195743,1.0,2953,156955.77784633636,43.054065799718956,0.11936038406565785,0,0,0.0,sensodat,6,20261007,2,FailRerun,failrerun,0.2,156912.72378053665,3695,12135,4322
0,0,4322,0,0.0,0.0,2432,156916.07345104218,3.3496705055295024,0.33501671021804214,0,0,0.0,sensodat,6,20261007,2,APGAI,apgai,0.2,156912.72378053665,3695,12135,4322
292,0,4030,292,0.06756131420638593,1.0,6998,156919.54458498955,6.820804452901939,0.2670555920340121,6998,0,0.0,sensodat,6,20261007,2,ScoreCost,scorecost,0.2,156912.72378053665,3695,12135,4322
340,0,3982,340,0.07866728366496992,1.0,3443,156934.233189106,21.50940856934176,0.6064238105900586,3443,0,0.0,sensodat,6,20261007,2,ReproAlloc,ercc_mean,0.2,156912.72378053665,3695,12135,4322
343,0,3979,343,0.07936140675613142,1.0,3390,156956.33851718903,43.61473665238009,0.5364068425260484,3390,0,0.0,sensodat,6,20261007,2,ReproAlloc-OA,ercc_outcome,0.2,156912.72378053665,3695,12135,4322
342,0,3980,342,0.07913003239241093,1.0,3944,156940.7047431469,27.98096261025057,1.9350405940786004,3944,0,0.0,sensodat,6,20261007,2,ReproAlloc-Optimistic,ercc_optimistic,0.2,156912.72378053665,3695,12135,4322
0,0,4322,0,0.0,0.0,600,39233.836366415024,5.655421280862356,0.008176902309060097,0,0,0.0,sensodat,7,20261008,0,Uniform,uniform,0.05,39228.18094513416,929,12135,4322
83,0,4239,83,0.01920407218880148,1.0,769,39272.51269698143,44.331751847268606,0.039648407604545355,0,0,0.0,sensodat,7,20261008,0,FailRerun,failrerun,0.05,39228.18094513416,929,12135,4322
0,0,4322,0,0.0,0.0,666,39259.56217813492,31.381233000756765,0.0964022851549089,0,0,0.0,sensodat,7,20261008,0,APGAI,apgai,0.05,39228.18094513416,929,12135,4322
83,0,4239,83,0.01920407218880148,1.0,1691,39228.4960334301,0.31508829593803966,0.06454510008916259,1691,0,0.0,sensodat,7,20261008,0,ScoreCost,scorecost,0.05,39228.18094513416,929,12135,4322
90,0,4232,90,0.020823692734844978,1.0,906,39246.73490977287,18.553964638711477,0.13054759707301855,906,0,0.0,sensodat,7,20261008,0,ReproAlloc,ercc_mean,0.05,39228.18094513416,929,12135,4322
93,0,4229,93,0.021517815826006478,1.0,930,39275.399186611176,47.21824147701409,0.12403308739885688,930,0,0.0,sensodat,7,20261008,0,ReproAlloc-OA,ercc_outcome,0.05,39228.18094513416,929,12135,4322
93,0,4229,93,0.021517815826006478,1.0,992,39283.37169957161,55.19075443744805,0.4446921027265489,992,0,0.0,sensodat,7,20261008,0,ReproAlloc-Optimistic,ercc_optimistic,0.05,39228.18094513416,929,12135,4322
0,0,4322,0,0.0,0.0,607,39283.941576480865,55.76063134670403,0.006835804786533117,0,0,0.0,sensodat,7,20261008,1,Uniform,uniform,0.05,39228.18094513416,929,12135,4322
83,0,4239,83,0.01920407218880148,1.0,769,39272.51269698143,44.331751847268606,0.0316723957657814,0,0,0.0,sensodat,7,20261008,1,FailRerun,failrerun,0.05,39228.18094513416,929,12135,4322
0,0,4322,0,0.0,0.0,666,39259.56217813492,31.381233000756765,0.14158570393919945,0,0,0.0,sensodat,7,20261008,1,APGAI,apgai,0.05,39228.18094513416,929,12135,4322
83,0,4239,83,0.01920407218880148,1.0,1691,39228.4960334301,0.31508829593803966,0.06426829285919666,1691,0,0.0,sensodat,7,20261008,1,ScoreCost,scorecost,0.05,39228.18094513416,929,12135,4322
93,0,4229,93,0.021517815826006478,1.0,931,39258.16162061691,29.980675482751394,0.14644898986443877,931,0,0.0,sensodat,7,20261008,1,ReproAlloc,ercc_mean,0.05,39228.18094513416,929,12135,4322
93,0,4229,93,0.021517815826006478,1.0,930,39275.399186611176,47.21824147701409,0.13383119134232402,930,0,0.0,sensodat,7,20261008,1,ReproAlloc-OA,ercc_outcome,0.05,39228.18094513416,929,12135,4322
100,0,4222,100,0.02313743637204998,1.0,1044,39229.943994522095,1.763049387933279,0.47879660967737436,1044,0,0.0,sensodat,7,20261008,1,ReproAlloc-Optimistic,ercc_optimistic,0.05,39228.18094513416,929,12135,4322
0,0,4322,0,0.0,0.0,613,39292.919348955154,64.73840382099297,0.00708119897171855,0,0,0.0,sensodat,7,20261008,2,Uniform,uniform,0.05,39228.18094513416,929,12135,4322
83,0,4239,83,0.01920407218880148,1.0,769,39272.51269698143,44.331751847268606,0.030134993605315685,0,0,0.0,sensodat,7,20261008,2,FailRerun,failrerun,0.05,39228.18094513416,929,12135,4322
0,0,4322,0,0.0,0.0,666,39259.56217813492,31.381233000756765,0.09035829501226544,0,0,0.0,sensodat,7,20261008,2,APGAI,apgai,0.05,39228.18094513416,929,12135,4322
83,0,4239,83,0.01920407218880148,1.0,1691,39228.4960334301,0.31508829593803966,0.07080741506069899,1691,0,0.0,sensodat,7,20261008,2,ScoreCost,scorecost,0.05,39228.18094513416,929,12135,4322
89,0,4233,89,0.02059231837112448,1.0,893,39258.56885433197,30.387909197808767,0.133876692969352,893,0,0.0,sensodat,7,20261008,2,ReproAlloc,ercc_mean,0.05,39228.18094513416,929,12135,4322
93,0,4229,93,0.021517815826006478,1.0,930,39275.399186611176,47.21824147701409,0.13152840407565236,930,0,0.0,sensodat,7,20261008,2,ReproAlloc-OA,ercc_outcome,0.05,39228.18094513416,929,12135,4322
94,0,4228,94,0.02174919018972698,1.0,989,39235.76457643509,7.583631300927664,0.42356300354003906,989,0,0.0,sensodat,7,20261008,2,ReproAlloc-Optimistic,ercc_optimistic,0.05,39228.18094513416,929,12135,4322
0,0,4322,0,0.0,0.0,1194,78509.61246681213,53.250576543810894,0.013246207032352686,0,0,0.0,sensodat,7,20261008,0,Uniform,uniform,0.1,78456.36189026832,1857,12135,4322
158,0,4164,158,0.036557149467838966,1.0,1471,78512.62228608131,56.26039581299119,0.05713221151381731,0,0,0.0,sensodat,7,20261008,0,FailRerun,failrerun,0.1,78456.36189026832,1857,12135,4322
0,0,4322,0,0.0,0.0,1291,78458.74604821205,2.3841579437284963,0.1651264987885952,0,0,0.0,sensodat,7,20261008,0,APGAI,apgai,0.1,78456.36189026832,1857,12135,4322
163,0,4159,163,0.03771402128644146,1.0,3032,78483.89883613586,27.536945867541363,0.11332790553569794,3032,0,0.0,sensodat,7,20261008,0,ScoreCost,scorecost,0.1,78456.36189026832,1857,12135,4322
171,0,4151,171,0.03956501619620546,1.0,1722,78487.84348034859,31.48159008026414,0.247694609221071,1722,0,0.0,sensodat,7,20261008,0,ReproAlloc,ercc_mean,0.1,78456.36189026832,1857,12135,4322
178,0,4144,178,0.04118463674224896,1.0,1744,78456.9711997509,0.6093094825773733,0.23910950310528278,1744,0,0.0,sensodat,7,20261008,0,ReproAlloc-OA,ercc_outcome,0.1,78456.36189026832,1857,12135,4322
185,0,4137,185,0.04280425728829246,1.0,2078,78490.37882423401,34.016933965685894,0.9587950157001615,2078,0,0.0,sensodat,7,20261008,0,ReproAlloc-Optimistic,ercc_optimistic,0.1,78456.36189026832,1857,12135,4322
0,0,4322,0,0.0,0.0,1212,78487.08757472038,30.725684452059795,0.01304510049521923,0,0,0.0,sensodat,7,20261008,1,Uniform,uniform,0.1,78456.36189026832,1857,12135,4322
158,0,4164,158,0.036557149467838966,1.0,1471,78512.62228608131,56.26039581299119,0.05636180052533746,0,0,0.0,sensodat,7,20261008,1,FailRerun,failrerun,0.1,78456.36189026832,1857,12135,4322
0,0,4322,0,0.0,0.0,1291,78458.74604821205,2.3841579437284963,0.17252030223608017,0,0,0.0,sensodat,7,20261008,1,APGAI,apgai,0.1,78456.36189026832,1857,12135,4322
163,0,4159,163,0.03771402128644146,1.0,3032,78483.89883613586,27.536945867541363,0.11447170982137322,3032,0,0.0,sensodat,7,20261008,1,ScoreCost,scorecost,0.1,78456.36189026832,1857,12135,4322
173,0,4149,173,0.04002776492364646,1.0,1736,78459.31886672974,2.956976461413433,0.25201802607625723,1736,0,0.0,sensodat,7,20261008,1,ReproAlloc,ercc_mean,0.1,78456.36189026832,1857,12135,4322
178,0,4144,178,0.04118463674224896,1.0,1744,78456.9711997509,0.6093094825773733,0.23922079196199775,1744,0,0.0,sensodat,7,20261008,1,ReproAlloc-OA,ercc_outcome,0.1,78456.36189026832,1857,12135,4322
187,0,4135,187,0.04326700601573346,1.0,2104,78489.93587493896,33.57398467064195,0.9601367022842169,2104,0,0.0,sensodat,7,20261008,1,ReproAlloc-Optimistic,ercc_optimistic,0.1,78456.36189026832,1857,12135,4322
0,0,4322,0,0.0,0.0,1222,78516.69316720963,60.33127694130235,0.012918288353830576,0,0,0.0,sensodat,7,20261008,2,Uniform,uniform,0.1,78456.36189026832,1857,12135,4322
158,0,4164,158,0.036557149467838966,1.0,1471,78512.62228608131,56.26039581299119,0.058810302056372166,0,0,0.0,sensodat,7,20261008,2,FailRerun,failrerun,0.1,78456.36189026832,1857,12135,4322
0,0,4322,0,0.0,0.0,1291,78458.74604821205,2.3841579437284963,0.16620169300585985,0,0,0.0,sensodat,7,20261008,2,APGAI,apgai,0.1,78456.36189026832,1857,12135,4322
163,0,4159,163,0.03771402128644146,1.0,3032,78483.89883613586,27.536945867541363,0.11782657960429788,3032,0,0.0,sensodat,7,20261008,2,ScoreCost,scorecost,0.1,78456.36189026832,1857,12135,4322
173,0,4149,173,0.04002776492364646,1.0,1728,78486.56317782402,30.20128755569749,0.25434770015999675,1728,0,0.0,sensodat,7,20261008,2,ReproAlloc,ercc_mean,0.1,78456.36189026832,1857,12135,4322
178,0,4144,178,0.04118463674224896,1.0,1744,78456.9711997509,0.6093094825773733,0.24059293000027537,1744,0,0.0,sensodat,7,20261008,2,ReproAlloc-OA,ercc_outcome,0.1,78456.36189026832,1857,12135,4322
186,0,4136,186,0.043035631652012955,1.0,2093,78489.47340607643,33.11151580810838,0.9542194912210107,2093,0,0.0,sensodat,7,20261008,2,ReproAlloc-Optimistic,ercc_optimistic,0.1,78456.36189026832,1857,12135,4322
0,0,4322,0,0.0,0.0,2409,156952.21879267693,39.49501214027987,0.026398202404379845,0,0,0.0,sensodat,7,20261008,0,Uniform,uniform,0.2,156912.72378053665,3712,12135,4322
323,0,3999,323,0.07473391948172142,1.0,3038,156916.52500987053,3.8012293338833842,0.12570591224357486,0,0,0.0,sensodat,7,20261008,0,FailRerun,failrerun,0.2,156912.72378053665,3712,12135,4322
0,0,4322,0,0.0,0.0,2457,156914.0209608078,1.2971802711545024,0.337329417001456,0,0,0.0,sensodat,7,20261008,0,APGAI,apgai,0.2,156912.72378053665,3712,12135,4322
306,0,4016,306,0.07080055529847293,1.0,7025,156940.34752750397,27.623746967321495,0.2582416255027056,7025,0,0.0,sensodat,7,20261008,0,ScoreCost,scorecost,0.2,156912.72378053665,3712,12135,4322
341,0,3981,341,0.07889865802869042,1.0,3411,156959.37888622284,46.655105686193565,0.5229031713679433,3411,0,0.0,sensodat,7,20261008,0,ReproAlloc,ercc_mean,0.2,156912.72378053665,3712,12135,4322
340,0,3982,340,0.07866728366496992,1.0,3318,156954.0203268528,41.29654631615267,0.487967514898628,3318,0,0.0,sensodat,7,20261008,0,ReproAlloc-OA,ercc_outcome,0.2,156912.72378053665,3712,12135,4322
350,0,3972,350,0.08098102730217492,1.0,3948,156946.47675704956,33.752976512914756,1.8902233904227614,3948,0,0.0,sensodat,7,20261008,0,ReproAlloc-Optimistic,ercc_optimistic,0.2,156912.72378053665,3712,12135,4322
0,0,4322,0,0.0,0.0,2438,156956.7031905651,43.97941002846346,0.02549110446125269,0,0,0.0,sensodat,7,20261008,1,Uniform,uniform,0.2,156912.72378053665,3712,12135,4322
323,0,3999,323,0.07473391948172142,1.0,3038,156916.52500987053,3.8012293338833842,0.12522252975031734,0,0,0.0,sensodat,7,20261008,1,FailRerun,failrerun,0.2,156912.72378053665,3712,12135,4322
0,0,4322,0,0.0,0.0,2457,156914.0209608078,1.2971802711545024,0.33023919770494103,0,0,0.0,sensodat,7,20261008,1,APGAI,apgai,0.2,156912.72378053665,3712,12135,4322
306,0,4016,306,0.07080055529847293,1.0,7025,156940.34752750397,27.623746967321495,0.26043800730258226,7025,0,0.0,sensodat,7,20261008,1,ScoreCost,scorecost,0.2,156912.72378053665,3712,12135,4322
339,0,3983,339,0.07843590930124943,1.0,3385,156914.32160639763,1.5978258609829936,0.5451651918701828,3385,0,0.0,sensodat,7,20261008,1,ReproAlloc,ercc_mean,0.2,156912.72378053665,3712,12135,4322
340,0,3982,340,0.07866728366496992,1.0,3318,156954.0203268528,41.29654631615267,0.5009555332362652,3318,0,0.0,sensodat,7,20261008,1,ReproAlloc-OA,ercc_outcome,0.2,156912.72378053665,3712,12135,4322
350,0,3972,350,0.08098102730217492,1.0,3948,156946.47675704956,33.752976512914756,1.9641572306863964,3948,0,0.0,sensodat,7,20261008,1,ReproAlloc-Optimistic,ercc_optimistic,0.2,156912.72378053665,3712,12135,4322
0,0,4322,0,0.0,0.0,2406,156938.40117549896,25.677394962316612,0.02414869936183095,0,0,0.0,sensodat,7,20261008,2,Uniform,uniform,0.2,156912.72378053665,3712,12135,4322
323,0,3999,323,0.07473391948172142,1.0,3038,156916.52500987053,3.8012293338833842,0.11998071288689971,0,0,0.0,sensodat,7,20261008,2,FailRerun,failrerun,0.2,156912.72378053665,3712,12135,4322
0,0,4322,0,0.0,0.0,2457,156914.0209608078,1.2971802711545024,0.3446251880377531,0,0,0.0,sensodat,7,20261008,2,APGAI,apgai,0.2,156912.72378053665,3712,12135,4322
306,0,4016,306,0.07080055529847293,1.0,7025,156940.34752750397,27.623746967321495,0.2720524691976607,7025,0,0.0,sensodat,7,20261008,2,ScoreCost,scorecost,0.2,156912.72378053665,3712,12135,4322
338,0,3984,338,0.07820453493752892,1.0,3386,156922.13990283012,9.41612229347811,0.5359929595142603,3386,0,0.0,sensodat,7,20261008,2,ReproAlloc,ercc_mean,0.2,156912.72378053665,3712,12135,4322
340,0,3982,340,0.07866728366496992,1.0,3318,156954.0203268528,41.29654631615267,0.5330193564295769,3318,0,0.0,sensodat,7,20261008,2,ReproAlloc-OA,ercc_outcome,0.2,156912.72378053665,3712,12135,4322
350,0,3972,350,0.08098102730217492,1.0,3948,156946.47675704956,33.752976512914756,1.9204251077026129,3948,0,0.0,sensodat,7,20261008,2,ReproAlloc-Optimistic,ercc_optimistic,0.2,156912.72378053665,3712,12135,4322
0,0,4322,0,0.0,0.0,613,39280.76840591431,52.58746078014519,0.011358600575476885,0,0,0.0,sensodat,8,20261009,0,Uniform,uniform,0.05,39228.18094513416,933,12135,4322
72,0,4250,72,0.016658954187875982,1.0,684,39299.71705174446,71.53610661029961,0.04877980425953865,0,0,0.0,sensodat,8,20261009,0,FailRerun,failrerun,0.05,39228.18094513416,933,12135,4322
0,0,4322,0,0.0,0.0,643,39241.82160162926,13.640656495095755,0.09242370259016752,0,0,0.0,sensodat,8,20261009,0,APGAI,apgai,0.05,39228.18094513416,933,12135,4322
61,0,4261,61,0.014113836186950486,1.0,1811,39234.18749308586,6.006547951699758,0.0724158980883658,1811,0,0.0,sensodat,8,20261009,0,ScoreCost,scorecost,0.05,39228.18094513416,933,12135,4322
86,0,4236,86,0.01989819527996298,1.0,923,39243.51455283165,15.333607697488333,0.1596564962528646,923,0,0.0,sensodat,8,20261009,0,ReproAlloc,ercc_mean,0.05,39228.18094513416,933,12135,4322
87,0,4235,87,0.02012956964368348,1.0,894,39269.02374172211,40.842796587945486,0.12724599987268448,894,0,0.0,sensodat,8,20261009,0,ReproAlloc-OA,ercc_outcome,0.05,39228.18094513416,933,12135,4322
82,0,4240,82,0.01897269782508098,1.0,1027,39235.25967884064,7.078733706475759,0.513576996512711,1027,0,0.0,sensodat,8,20261009,0,ReproAlloc-Optimistic,ercc_optimistic,0.05,39228.18094513416,933,12135,4322
0,0,4322,0,0.0,0.0,619,39249.62431526184,21.443370127679373,0.007401503622531891,0,0,0.0,sensodat,8,20261009,1,Uniform,uniform,0.05,39228.18094513416,933,12135,4322
72,0,4250,72,0.016658954187875982,1.0,684,39299.71705174446,71.53610661029961,0.02843040181323886,0,0,0.0,sensodat,8,20261009,1,FailRerun,failrerun,0.05,39228.18094513416,933,12135,4322
0,0,4322,0,0.0,0.0,643,39241.82160162926,13.640656495095755,0.08154779579490423,0,0,0.0,sensodat,8,20261009,1,APGAI,apgai,0.05,39228.18094513416,933,12135,4322
61,0,4261,61,0.014113836186950486,1.0,1811,39234.18749308586,6.006547951699758,0.07062138663604856,1811,0,0.0,sensodat,8,20261009,1,ScoreCost,scorecost,0.05,39228.18094513416,933,12135,4322
86,0,4236,86,0.01989819527996298,1.0,930,39272.08545947075,43.904514336587454,0.14928959729149938,930,0,0.0,sensodat,8,20261009,1,ReproAlloc,ercc_mean,0.05,39228.18094513416,933,12135,4322
87,0,4235,87,0.02012956964368348,1.0,894,39269.02374172211,40.842796587945486,0.13232080126181245,894,0,0.0,sensodat,8,20261009,1,ReproAlloc-OA,ercc_outcome,0.05,39228.18094513416,933,12135,4322
82,0,4240,82,0.01897269782508098,1.0,1034,39237.4301841259,9.249238991738821,0.5205429950729012,1034,0,0.0,sensodat,8,20261009,1,ReproAlloc-Optimistic,ercc_optimistic,0.05,39228.18094513416,933,12135,4322
0,0,4322,0,0.0,0.0,599,39249.898394584656,21.717449450494314,0.007170005235821009,0,0,0.0,sensodat,8,20261009,2,Uniform,uniform,0.05,39228.18094513416,933,12135,4322
72,0,4250,72,0.016658954187875982,1.0,684,39299.71705174446,71.53610661029961,0.027443508617579937,0,0,0.0,sensodat,8,20261009,2,FailRerun,failrerun,0.05,39228.18094513416,933,12135,4322
0,0,4322,0,0.0,0.0,643,39241.82160162926,13.640656495095755,0.08133680047467351,0,0,0.0,sensodat,8,20261009,2,APGAI,apgai,0.05,39228.18094513416,933,12135,4322
61,0,4261,61,0.014113836186950486,1.0,1811,39234.18749308586,6.006547951699758,0.07360911183059216,1811,0,0.0,sensodat,8,20261009,2,ScoreCost,scorecost,0.05,39228.18094513416,933,12135,4322
85,0,4237,85,0.01966682091624248,1.0,921,39235.128412246704,6.947467112542654,0.14879059931263328,921,0,0.0,sensodat,8,20261009,2,ReproAlloc,ercc_mean,0.05,39228.18094513416,933,12135,4322
87,0,4235,87,0.02012956964368348,1.0,894,39269.02374172211,40.842796587945486,0.12763640889897943,894,0,0.0,sensodat,8,20261009,2,ReproAlloc-OA,ercc_outcome,0.05,39228.18094513416,933,12135,4322
83,0,4239,83,0.01920407218880148,1.0,1001,39249.30979180336,21.128846669198538,0.48420410277321935,1001,0,0.0,sensodat,8,20261009,2,ReproAlloc-Optimistic,ercc_optimistic,0.05,39228.18094513416,933,12135,4322
0,0,4322,0,0.0,0.0,1221,78499.22316384315,42.86127357483201,0.013473799917846918,0,0,0.0,sensodat,8,20261009,0,Uniform,uniform,0.1,78456.36189026832,1865,12135,4322
147,0,4175,147,0.034012031466913464,1.0,1401,78461.13434910774,4.772458839419414,0.05409508943557739,0,0,0.0,sensodat,8,20261009,0,FailRerun,failrerun,0.1,78456.36189026832,1865,12135,4322
0,0,4322,0,0.0,0.0,1251,78492.45341730118,36.09152703285508,0.1604321002960205,0,0,0.0,sensodat,8,20261009,0,APGAI,apgai,0.1,78456.36189026832,1865,12135,4322
135,0,4187,135,0.03123553910226747,1.0,3414,78459.21097159386,2.8490813255339162,0.13269832078367472,3414,0,0.0,sensodat,8,20261009,0,ScoreCost,scorecost,0.1,78456.36189026832,1865,12135,4322
160,0,4162,160,0.03701989819527996,1.0,1720,78519.30555820465,62.943667936327984,0.28573046950623393,1720,0,0.0,sensodat,8,20261009,0,ReproAlloc,ercc_mean,0.1,78456.36189026832,1865,12135,4322
161,0,4161,161,0.037251272559000466,1.0,1678,78469.27228331566,12.910393047335674,0.2597946831956506,1678,0,0.0,sensodat,8,20261009,0,ReproAlloc-OA,ercc_outcome,0.1,78456.36189026832,1865,12135,4322
166,0,4156,166,0.03840814437760296,1.0,2098,78503.73822045326,47.376330184939434,1.0636601904407144,2098,0,0.0,sensodat,8,20261009,0,ReproAlloc-Optimistic,ercc_optimistic,0.1,78456.36189026832,1865,12135,4322
0,0,4322,0,0.0,0.0,1189,78521.25374507904,64.89185481071763,0.013131710235029459,0,0,0.0,sensodat,8,20261009,1,Uniform,uniform,0.1,78456.36189026832,1865,12135,4322
147,0,4175,147,0.034012031466913464,1.0,1401,78461.13434910774,4.772458839419414,0.058764209505170584,0,0,0.0,sensodat,8,20261009,1,FailRerun,failrerun,0.1,78456.36189026832,1865,12135,4322
0,0,4322,0,0.0,0.0,1251,78492.45341730118,36.09152703285508,0.1651685992255807,0,0,0.0,sensodat,8,20261009,1,APGAI,apgai,0.1,78456.36189026832,1865,12135,4322
135,0,4187,135,0.03123553910226747,1.0,3414,78459.21097159386,2.8490813255339162,0.13330540247261524,3414,0,0.0,sensodat,8,20261009,1,ScoreCost,scorecost,0.1,78456.36189026832,1865,12135,4322
158,0,4164,158,0.036557149467838966,1.0,1716,78469.76165747643,13.399767208102276,0.2891822890378535,1716,0,0.0,sensodat,8,20261009,1,ReproAlloc,ercc_mean,0.1,78456.36189026832,1865,12135,4322
161,0,4161,161,0.037251272559000466,1.0,1678,78469.27228331566,12.910393047335674,0.2913102158345282,1678,0,0.0,sensodat,8,20261009,1,ReproAlloc-OA,ercc_outcome,0.1,78456.36189026832,1865,12135,4322
164,0,4158,164,0.03794539565016196,1.0,2100,78472.19161176682,15.82972149849229,1.077993976417929,2100,0,0.0,sensodat,8,20261009,1,ReproAlloc-Optimistic,ercc_optimistic,0.1,78456.36189026832,1865,12135,4322
0,0,4322,0,0.0,0.0,1225,78499.08468294144,42.72279267311387,0.01358340634033084,0,0,0.0,sensodat,8,20261009,2,Uniform,uniform,0.1,78456.36189026832,1865,12135,4322
147,0,4175,147,0.034012031466913464,1.0,1401,78461.13434910774,4.772458839419414,0.057265317998826504,0,0,0.0,sensodat,8,20261009,2,FailRerun,failrerun,0.1,78456.36189026832,1865,12135,4322
0,0,4322,0,0.0,0.0,1251,78492.45341730118,36.09152703285508,0.1609329986386001,0,0,0.0,sensodat,8,20261009,2,APGAI,apgai,0.1,78456.36189026832,1865,12135,4322
135,0,4187,135,0.03123553910226747,1.0,3414,78459.21097159386,2.8490813255339162,0.12540458468720317,3414,0,0.0,sensodat,8,20261009,2,ScoreCost,scorecost,0.1,78456.36189026832,1865,12135,4322
156,0,4166,156,0.036094400740397964,1.0,1701,78496.67422175407,40.3123314857512,0.2914632875472307,1701,0,0.0,sensodat,8,20261009,2,ReproAlloc,ercc_mean,0.1,78456.36189026832,1865,12135,4322
161,0,4161,161,0.037251272559000466,1.0,1678,78469.27228331566,12.910393047335674,0.25559619814157486,1678,0,0.0,sensodat,8,20261009,2,ReproAlloc-OA,ercc_outcome,0.1,78456.36189026832,1865,12135,4322
165,0,4157,165,0.03817677001388246,1.0,2087,78474.47088241577,18.10899214744859,1.0529947993345559,2087,0,0.0,sensodat,8,20261009,2,ReproAlloc-Optimistic,ercc_optimistic,0.1,78456.36189026832,1865,12135,4322
0,0,4322,0,0.0,0.0,2453,156923.5293340683,10.80555353165255,0.025555878411978483,0,0,0.0,sensodat,8,20261009,0,Uniform,uniform,0.2,156912.72378053665,3729,12135,4322
287,0,4035,287,0.06640444238778344,1.0,2762,156972.40986585617,59.686085319524864,0.11793651478365064,0,0,0.0,sensodat,8,20261009,0,FailRerun,failrerun,0.2,156912.72378053665,3729,12135,4322
0,0,4322,0,0.0,0.0,2403,156918.71346783638,5.989687299734214,0.3346828958019614,0,0,0.0,sensodat,8,20261009,0,APGAI,apgai,0.2,156912.72378053665,3729,12135,4322
281,0,4041,281,0.06501619620546044,1.0,6106,156971.18594813347,58.46216759682284,0.23388129333034158,6106,0,0.0,sensodat,8,20261009,0,ScoreCost,scorecost,0.2,156912.72378053665,3729,12135,4322
318,0,4004,318,0.07357704766311893,1.0,3363,156956.23573994637,43.511959409719566,0.5907438122667372,3363,0,0.0,sensodat,8,20261009,0,ReproAlloc,ercc_mean,0.2,156912.72378053665,3729,12135,4322
320,0,4002,320,0.07403979639055992,1.0,3247,156930.24351978302,17.51973924637423,0.49993739230558276,3247,0,0.0,sensodat,8,20261009,0,ReproAlloc-OA,ercc_outcome,0.2,156912.72378053665,3729,12135,4322
334,0,3988,334,0.07727903748264692,1.0,3989,157032.05729293823,119.33351240158663,2.0674346582964063,3989,0,0.0,sensodat,8,20261009,0,ReproAlloc-Optimistic,ercc_optimistic,0.2,156912.72378053665,3729,12135,4322
0,0,4322,0,0.0,0.0,2427,156976.90403962135,64.18025908470736,0.025412906426936388,0,0,0.0,sensodat,8,20261009,1,Uniform,uniform,0.2,156912.72378053665,3729,12135,4322
287,0,4035,287,0.06640444238778344,1.0,2762,156972.40986585617,59.686085319524864,0.11592649482190609,0,0,0.0,sensodat,8,20261009,1,FailRerun,failrerun,0.2,156912.72378053665,3729,12135,4322
0,0,4322,0,0.0,0.0,2403,156918.71346783638,5.989687299734214,0.33439221419394016,0,0,0.0,sensodat,8,20261009,1,APGAI,apgai,0.2,156912.72378053665,3729,12135,4322
281,0,4041,281,0.06501619620546044,1.0,6106,156971.18594813347,58.46216759682284,0.24366301950067282,6106,0,0.0,sensodat,8,20261009,1,ScoreCost,scorecost,0.2,156912.72378053665,3729,12135,4322
318,0,4004,318,0.07357704766311893,1.0,3363,156956.23573994637,43.511959409719566,0.5787229100242257,3363,0,0.0,sensodat,8,20261009,1,ReproAlloc,ercc_mean,0.2,156912.72378053665,3729,12135,4322
320,0,4002,320,0.07403979639055992,1.0,3247,156930.24351978302,17.51973924637423,0.5135866850614548,3247,0,0.0,sensodat,8,20261009,1,ReproAlloc-OA,ercc_outcome,0.2,156912.72378053665,3729,12135,4322
336,0,3986,336,0.07774178621008793,1.0,4009,156970.23860788345,57.51482734680758,2.0045926067978144,4009,0,0.0,sensodat,8,20261009,1,ReproAlloc-Optimistic,ercc_optimistic,0.2,156912.72378053665,3729,12135,4322
0,0,4322,0,0.0,0.0,2398,156925.25784897804,12.534068441396812,0.028195605613291264,0,0,0.0,sensodat,8,20261009,2,Uniform,uniform,0.2,156912.72378053665,3729,12135,4322
287,0,4035,287,0.06640444238778344,1.0,2762,156972.40986585617,59.686085319524864,0.1163605060428381,0,0,0.0,sensodat,8,20261009,2,FailRerun,failrerun,0.2,156912.72378053665,3729,12135,4322
0,0,4322,0,0.0,0.0,2403,156918.71346783638,5.989687299734214,0.3213783912360668,0,0,0.0,sensodat,8,20261009,2,APGAI,apgai,0.2,156912.72378053665,3729,12135,4322
281,0,4041,281,0.06501619620546044,1.0,6106,156971.18594813347,58.46216759682284,0.24112529959529638,6106,0,0.0,sensodat,8,20261009,2,ScoreCost,scorecost,0.2,156912.72378053665,3729,12135,4322
318,0,4004,318,0.07357704766311893,1.0,3363,156956.23573994637,43.511959409719566,0.5884888991713524,3363,0,0.0,sensodat,8,20261009,2,ReproAlloc,ercc_mean,0.2,156912.72378053665,3729,12135,4322
320,0,4002,320,0.07403979639055992,1.0,3247,156930.24351978302,17.51973924637423,0.5532934018410742,3247,0,0.0,sensodat,8,20261009,2,ReproAlloc-OA,ercc_outcome,0.2,156912.72378053665,3729,12135,4322
333,0,3989,333,0.07704766311892643,1.0,3995,156924.5584807396,11.834700202947715,2.0578045956790447,3995,0,0.0,sensodat,8,20261009,2,ReproAlloc-Optimistic,ercc_optimistic,0.2,156912.72378053665,3729,12135,4322
0,0,4322,0,0.0,0.0,616,39238.05001401901,9.869068884851004,0.007532095070928335,0,0,0.0,sensodat,9,20261010,0,Uniform,uniform,0.05,39228.18094513416,930,12135,4322
77,0,4245,77,0.01781582600647848,1.0,730,39256.221653461456,28.04070832729485,0.04013731284067035,0,0,0.0,sensodat,9,20261010,0,FailRerun,failrerun,0.05,39228.18094513416,930,12135,4322
0,0,4322,0,0.0,0.0,660,39312.8983399868,84.7173948526397,0.10314889904111624,0,0,0.0,sensodat,9,20261010,0,APGAI,apgai,0.05,39228.18094513416,930,12135,4322
83,0,4239,83,0.01920407218880148,1.0,1559,39233.85416388512,5.6732187509551295,0.061054895631968975,1559,0,0.0,sensodat,9,20261010,0,ScoreCost,scorecost,0.05,39228.18094513416,930,12135,4322
91,0,4231,91,0.02105506709856548,1.0,968,39252.71238923073,24.5314440965667,0.14029898634180427,968,0,0.0,sensodat,9,20261010,0,ReproAlloc,ercc_mean,0.05,39228.18094513416,930,12135,4322
94,0,4228,94,0.02174919018972698,1.0,976,39232.61710476875,4.436159634591604,0.14537078654393554,976,0,0.0,sensodat,9,20261010,0,ReproAlloc-OA,ercc_outcome,0.05,39228.18094513416,930,12135,4322
94,0,4228,94,0.02174919018972698,1.0,1086,39231.984036684036,3.8030915498748072,0.5120401899330318,1086,0,0.0,sensodat,9,20261010,0,ReproAlloc-Optimistic,ercc_optimistic,0.05,39228.18094513416,930,12135,4322
0,0,4322,0,0.0,0.0,597,39238.02075910568,9.839813971520925,0.006371098104864359,0,0,0.0,sensodat,9,20261010,1,Uniform,uniform,0.05,39228.18094513416,930,12135,4322
77,0,4245,77,0.01781582600647848,1.0,730,39256.221653461456,28.04070832729485,0.03236830560490489,0,0,0.0,sensodat,9,20261010,1,FailRerun,failrerun,0.05,39228.18094513416,930,12135,4322
0,0,4322,0,0.0,0.0,660,39312.8983399868,84.7173948526397,0.08724259305745363,0,0,0.0,sensodat,9,20261010,1,APGAI,apgai,0.05,39228.18094513416,930,12135,4322
83,0,4239,83,0.01920407218880148,1.0,1559,39233.85416388512,5.6732187509551295,0.06050668237730861,1559,0,0.0,sensodat,9,20261010,1,ScoreCost,scorecost,0.05,39228.18094513416,930,12135,4322
92,0,4230,92,0.02128644146228598,1.0,969,39233.58849787712,5.407552742959524,0.15121340937912464,969,0,0.0,sensodat,9,20261010,1,ReproAlloc,ercc_mean,0.05,39228.18094513416,930,12135,4322
94,0,4228,94,0.02174919018972698,1.0,976,39232.61710476875,4.436159634591604,0.1449008034542203,976,0,0.0,sensodat,9,20261010,1,ReproAlloc-OA,ercc_outcome,0.05,39228.18094513416,930,12135,4322
90,0,4232,90,0.020823692734844978,1.0,1024,39239.05081605911,10.869870924951101,0.4679711954668164,1024,0,0.0,sensodat,9,20261010,1,ReproAlloc-Optimistic,ercc_optimistic,0.05,39228.18094513416,930,12135,4322
0,0,4322,0,0.0,0.0,627,39331.815964221954,103.6350190877929,0.006962305400520563,0,0,0.0,sensodat,9,20261010,2,Uniform,uniform,0.05,39228.18094513416,930,12135,4322
77,0,4245,77,0.01781582600647848,1.0,730,39256.221653461456,28.04070832729485,0.031662292778491974,0,0,0.0,sensodat,9,20261010,2,FailRerun,failrerun,0.05,39228.18094513416,930,12135,4322
0,0,4322,0,0.0,0.0,660,39312.8983399868,84.7173948526397,0.08478739904239774,0,0,0.0,sensodat,9,20261010,2,APGAI,apgai,0.05,39228.18094513416,930,12135,4322
83,0,4239,83,0.01920407218880148,1.0,1559,39233.85416388512,5.6732187509551295,0.057022785767912865,1559,0,0.0,sensodat,9,20261010,2,ScoreCost,scorecost,0.05,39228.18094513416,930,12135,4322
93,0,4229,93,0.021517815826006478,1.0,977,39233.694437503815,5.51349236965325,0.15157447988167405,977,0,0.0,sensodat,9,20261010,2,ReproAlloc,ercc_mean,0.05,39228.18094513416,930,12135,4322
94,0,4228,94,0.02174919018972698,1.0,976,39232.61710476875,4.436159634591604,0.13345819851383567,976,0,0.0,sensodat,9,20261010,2,ReproAlloc-OA,ercc_outcome,0.05,39228.18094513416,930,12135,4322
92,0,4230,92,0.02128644146228598,1.0,1047,39256.90266895294,28.721723818780447,0.48333729337900877,1047,0,0.0,sensodat,9,20261010,2,ReproAlloc-Optimistic,ercc_optimistic,0.05,39228.18094513416,930,12135,4322
0,0,4322,0,0.0,0.0,1206,78502.87973499298,46.51784472465806,0.012414888944476843,0,0,0.0,sensodat,9,20261010,0,Uniform,uniform,0.1,78456.36189026832,1858,12135,4322
156,0,4166,156,0.036094400740397964,1.0,1473,78501.24932932854,44.88743906021409,0.058521686121821404,0,0,0.0,sensodat,9,20261010,0,FailRerun,failrerun,0.1,78456.36189026832,1858,12135,4322
0,0,4322,0,0.0,0.0,1274,78526.01414442062,69.65225415230088,0.1720967967994511,0,0,0.0,sensodat,9,20261010,0,APGAI,apgai,0.1,78456.36189026832,1858,12135,4322
151,0,4171,151,0.03493752892179546,1.0,3005,78457.73644351959,1.3745532512693899,0.1159001705236733,3005,0,0.0,sensodat,9,20261010,0,ScoreCost,scorecost,0.1,78456.36189026832,1858,12135,4322
179,0,4143,179,0.04141601110596946,1.0,1831,78463.69190096855,7.3300107002287405,0.2860196144320071,1831,0,0.0,sensodat,9,20261010,0,ReproAlloc,ercc_mean,0.1,78456.36189026832,1858,12135,4322
180,0,4142,180,0.041647385469689956,1.0,1802,78476.80570363998,20.443813371661236,0.25466399313881993,1802,0,0.0,sensodat,9,20261010,0,ReproAlloc-OA,ercc_outcome,0.1,78456.36189026832,1858,12135,4322
175,0,4147,175,0.04049051365108746,1.0,2102,78503.6327342987,47.27084403038316,1.0030606128275394,2102,0,0.0,sensodat,9,20261010,0,ReproAlloc-Optimistic,ercc_optimistic,0.1,78456.36189026832,1858,12135,4322
0,0,4322,0,0.0,0.0,1221,78476.15646576881,19.79457550049119,0.012566996738314629,0,0,0.0,sensodat,9,20261010,1,Uniform,uniform,0.1,78456.36189026832,1858,12135,4322
156,0,4166,156,0.036094400740397964,1.0,1473,78501.24932932854,44.88743906021409,0.060770099982619286,0,0,0.0,sensodat,9,20261010,1,FailRerun,failrerun,0.1,78456.36189026832,1858,12135,4322
0,0,4322,0,0.0,0.0,1274,78526.01414442062,69.65225415230088,0.16508838534355164,0,0,0.0,sensodat,9,20261010,1,APGAI,apgai,0.1,78456.36189026832,1858,12135,4322
151,0,4171,151,0.03493752892179546,1.0,3005,78457.73644351959,1.3745532512693899,0.11365060554817319,3005,0,0.0,sensodat,9,20261010,1,ScoreCost,scorecost,0.1,78456.36189026832,1858,12135,4322
179,0,4143,179,0.04141601110596946,1.0,1831,78463.69190096855,7.3300107002287405,0.3304856983013451,1831,0,0.0,sensodat,9,20261010,1,ReproAlloc,ercc_mean,0.1,78456.36189026832,1858,12135,4322
180,0,4142,180,0.041647385469689956,1.0,1802,78476.80570363998,20.443813371661236,0.25998899107798934,1802,0,0.0,sensodat,9,20261010,1,ReproAlloc-OA,ercc_outcome,0.1,78456.36189026832,1858,12135,4322
174,0,4148,174,0.04025913928736696,1.0,2066,78487.29920697212,30.937316703799297,0.9779773228801787,2066,0,0.0,sensodat,9,20261010,1,ReproAlloc-Optimistic,ercc_optimistic,0.1,78456.36189026832,1858,12135,4322
0,0,4322,0,0.0,0.0,1194,78564.70965480804,108.34776453972154,0.01287869457155466,0,0,0.0,sensodat,9,20261010,2,Uniform,uniform,0.1,78456.36189026832,1858,12135,4322
156,0,4166,156,0.036094400740397964,1.0,1473,78501.24932932854,44.88743906021409,0.06109230127185583,0,0,0.0,sensodat,9,20261010,2,FailRerun,failrerun,0.1,78456.36189026832,1858,12135,4322
0,0,4322,0,0.0,0.0,1274,78526.01414442062,69.65225415230088,0.17070261389017105,0,0,0.0,sensodat,9,20261010,2,APGAI,apgai,0.1,78456.36189026832,1858,12135,4322
151,0,4171,151,0.03493752892179546,1.0,3005,78457.73644351959,1.3745532512693899,0.1155228978022933,3005,0,0.0,sensodat,9,20261010,2,ScoreCost,scorecost,0.1,78456.36189026832,1858,12135,4322
179,0,4143,179,0.04141601110596946,1.0,1831,78463.69190096855,7.3300107002287405,0.27589040994644165,1831,0,0.0,sensodat,9,20261010,2,ReproAlloc,ercc_mean,0.1,78456.36189026832,1858,12135,4322
180,0,4142,180,0.041647385469689956,1.0,1802,78476.80570363998,20.443813371661236,0.25520850345492363,1802,0,0.0,sensodat,9,20261010,2,ReproAlloc-OA,ercc_outcome,0.1,78456.36189026832,1858,12135,4322
179,0,4143,179,0.04141601110596946,1.0,2121,78503.00100684166,46.63911657333665,1.0093926079571247,2121,0,0.0,sensodat,9,20261010,2,ReproAlloc-Optimistic,ercc_optimistic,0.1,78456.36189026832,1858,12135,4322
0,0,4322,0,0.0,0.0,2509,156962.36101460457,49.63723406792269,0.02756558172404766,0,0,0.0,sensodat,9,20261010,0,Uniform,uniform,0.2,156912.72378053665,3715,12135,4322
311,0,4011,311,0.07195742711707542,1.0,2930,156912.82952594757,0.10574541092501022,0.1163062839768827,0,0,0.0,sensodat,9,20261010,0,FailRerun,failrerun,0.2,156912.72378053665,3715,12135,4322
0,0,4322,0,0.0,0.0,2435,156946.34767866135,33.623898124700645,0.3340527121908963,0,0,0.0,sensodat,9,20261010,0,APGAI,apgai,0.2,156912.72378053665,3715,12135,4322
287,0,4035,287,0.06640444238778344,1.0,5760,156953.40409898758,40.680318450933555,0.2314761020243168,5760,0,0.0,sensodat,9,20261010,0,ScoreCost,scorecost,0.2,156912.72378053665,3715,12135,4322
330,0,3992,330,0.07635354002776493,1.0,3353,156955.2715666294,42.547786092764,0.5366669078357518,3353,0,0.0,sensodat,9,20261010,0,ReproAlloc,ercc_mean,0.2,156912.72378053665,3715,12135,4322
331,0,3991,331,0.07658491439148542,1.0,3276,156946.07525491714,33.351474380498985,0.5023487089201808,3276,0,0.0,sensodat,9,20261010,0,ReproAlloc-OA,ercc_outcome,0.2,156912.72378053665,3715,12135,4322
336,0,3986,336,0.07774178621008793,1.0,3944,156958.25014305115,45.52636251450167,1.9304979033768177,3944,0,0.0,sensodat,9,20261010,0,ReproAlloc-Optimistic,ercc_optimistic,0.2,156912.72378053665,3715,12135,4322
0,0,4322,0,0.0,0.0,2383,156931.91020751,19.186426973348716,0.025199102237820625,0,0,0.0,sensodat,9,20261010,1,Uniform,uniform,0.2,156912.72378053665,3715,12135,4322
311,0,4011,311,0.07195742711707542,1.0,2930,156912.82952594757,0.10574541092501022,0.11990699730813503,0,0,0.0,sensodat,9,20261010,1,FailRerun,failrerun,0.2,156912.72378053665,3715,12135,4322
0,0,4322,0,0.0,0.0,2435,156946.34767866135,33.623898124700645,0.3345909081399441,0,0,0.0,sensodat,9,20261010,1,APGAI,apgai,0.2,156912.72378053665,3715,12135,4322
287,0,4035,287,0.06640444238778344,1.0,5760,156953.40409898758,40.680318450933555,0.2146921311505139,5760,0,0.0,sensodat,9,20261010,1,ScoreCost,scorecost,0.2,156912.72378053665,3715,12135,4322
330,0,3992,330,0.07635354002776493,1.0,3353,156955.2715666294,42.547786092764,0.5336382929235697,3353,0,0.0,sensodat,9,20261010,1,ReproAlloc,ercc_mean,0.2,156912.72378053665,3715,12135,4322
331,0,3991,331,0.07658491439148542,1.0,3276,156946.07525491714,33.351474380498985,0.5137707171961665,3276,0,0.0,sensodat,9,20261010,1,ReproAlloc-OA,ercc_outcome,0.2,156912.72378053665,3715,12135,4322
336,0,3986,336,0.07774178621008793,1.0,3944,156958.25014305115,45.52636251450167,1.93615448102355,3944,0,0.0,sensodat,9,20261010,1,ReproAlloc-Optimistic,ercc_optimistic,0.2,156912.72378053665,3715,12135,4322
0,0,4322,0,0.0,0.0,2428,157009.81320667267,97.08942613602267,0.026862612459808588,0,0,0.0,sensodat,9,20261010,2,Uniform,uniform,0.2,156912.72378053665,3715,12135,4322
311,0,4011,311,0.07195742711707542,1.0,2930,156912.82952594757,0.10574541092501022,0.12232349393889308,0,0,0.0,sensodat,9,20261010,2,FailRerun,failrerun,0.2,156912.72378053665,3715,12135,4322
0,0,4322,0,0.0,0.0,2435,156946.34767866135,33.623898124700645,0.32790688145905733,0,0,0.0,sensodat,9,20261010,2,APGAI,apgai,0.2,156912.72378053665,3715,12135,4322
287,0,4035,287,0.06640444238778344,1.0,5760,156953.40409898758,40.680318450933555,0.22337330458685756,5760,0,0.0,sensodat,9,20261010,2,ScoreCost,scorecost,0.2,156912.72378053665,3715,12135,4322
330,0,3992,330,0.07635354002776493,1.0,3353,156955.2715666294,42.547786092764,0.5662854872643948,3353,0,0.0,sensodat,9,20261010,2,ReproAlloc,ercc_mean,0.2,156912.72378053665,3715,12135,4322
331,0,3991,331,0.07658491439148542,1.0,3276,156946.07525491714,33.351474380498985,0.5071567879058421,3276,0,0.0,sensodat,9,20261010,2,ReproAlloc-OA,ercc_outcome,0.2,156912.72378053665,3715,12135,4322
336,0,3986,336,0.07774178621008793,1.0,3944,156958.25014305115,45.52636251450167,1.9210402895696461,3944,0,0.0,sensodat,9,20261010,2,ReproAlloc-Optimistic,ercc_optimistic,0.2,156912.72378053665,3715,12135,4322
